event_id,high_risk_flag,pred_loss_informed_proba,pred_pre_loss_proba,pred_loss_informed_flag,pred_pre_loss_flag
EVT-00001,0,0.0018984342780400303,0.061930712424138924,0,0
EVT-00002,0,0.02325541645806789,0.15547669657746888,0,0
EVT-00003,0,0.03403912216444739,0.5130579681787595,0,1
EVT-00004,0,0.0223317764594791,0.44792905154889867,0,0
EVT-00005,0,0.0223317764594791,0.44792905154889867,0,0
EVT-00006,0,0.01950973475027551,0.5120521389508366,0,1
EVT-00007,0,0.016925299056338584,0.4467423856268551,0,0
EVT-00008,0,0.01838838392077949,0.32887732010997683,0,0
EVT-00009,0,0.030666807055174453,0.5109259141513496,0,1
EVT-00010,1,0.9584610561681044,0.4594299697758709,1,0
EVT-00011,0,0.02802465666363816,0.3311772409984243,0,0
EVT-00012,0,0.0029754526414574904,0.03583725499605301,0,0
EVT-00013,0,0.024972918158496542,0.35575869018170225,0,0
EVT-00014,0,0.01197435460608546,0.3144826132998734,0,0
EVT-00015,0,0.0282960112179199,0.6157581023629323,0,1
EVT-00016,0,0.0005507134593135363,0.021245476385819535,0,0
EVT-00017,0,0.013327937484700849,0.29390375114044764,0,0
EVT-00018,0,0.008723985356306422,0.05405051554699415,0,0
EVT-00019,0,0.018046330721281846,0.683546203452632,0,1
EVT-00020,0,0.02802465666363816,0.6124828362369831,0,1
EVT-00021,0,0.022890802596805836,0.6074830790703438,0,1
EVT-00022,0,0.02613188070758775,0.3211224204240983,0,0
EVT-00023,0,0.003511431446827566,0.035528567607189546,0,0
EVT-00024,1,0.9623251209069614,0.5544181490508308,1,1
EVT-00025,0,0.014666807055174452,0.432616613611552,0,0
EVT-00026,0,0.02273325848746901,0.47534232256286646,0,0
EVT-00027,0,0.02522383565760267,0.32044472625533926,0,0
EVT-00028,0,0.005927679533716403,0.49266357819155315,0,0
EVT-00029,0,0.005673612954430005,0.03719194820569662,0,0
EVT-00030,0,0.012794742974309825,0.7153884428277311,0,1
EVT-00031,0,0.01950973475027551,0.5120521389508366,0,1
EVT-00032,0,0.003532386546896002,0.26179267899884295,0,0
EVT-00033,0,0.001012406947890819,0.03603608978096953,0,0
EVT-00034,0,0.021353075480719495,0.5551280582055161,0,1
EVT-00035,0,0.01197435460608546,0.3144826132998734,0,0
EVT-00036,1,0.975181966058612,0.4600082422465248,1,0
EVT-00037,0,0.007959584488665114,0.34664522180783813,0,0
EVT-00038,0,0.016954274473035,0.42943649605461776,0,0
EVT-00039,0,0.023976679720170688,0.48166916266015863,0,0
EVT-00040,0,0.032671682661108675,0.7666224596986625,0,1
EVT-00041,0,0.024115126128656572,0.19794630012591286,0,0
EVT-00042,0,0.026216286048582674,0.3083058533120379,0,0
EVT-00043,0,0.005927679533716403,0.5439004935824585,0,1
EVT-00044,0,0.03520286367506429,0.28515752817900863,0,0
EVT-00045,0,0.022897790601522812,0.3284897077103409,0,0
EVT-00046,0,0.029310982111019887,0.3503868572425555,0,0
EVT-00047,0,0.014135385268065136,0.3604379512872545,0,0
EVT-00048,0,0.015756972512951304,0.133890934280506,0,0
EVT-00049,0,0.0223317764594791,0.44792905154889867,0,0
EVT-00050,0,0.01679200751654846,0.6370890936177408,0,1
EVT-00051,0,0.01950973475027551,0.5120521389508366,0,1
EVT-00052,0,0.02042777128822621,0.3958963311027148,0,0
EVT-00053,0,0.01954697255726736,0.3731687313916801,0,0
EVT-00054,0,0.025313115115326097,0.4574284909270434,0,0
EVT-00055,0,0.012741899183337695,0.3154992691152062,0,0
EVT-00056,0,0.019496093155943337,0.14305814723287993,0,0
EVT-00057,0,0.017754282318099855,0.6664063155381525,0,1
EVT-00058,1,0.9882207863413058,0.572569295108708,1,1
EVT-00059,0,0.025313115115326097,0.4574284909270434,0,0
EVT-00060,0,0.016030286282656923,0.10700214119615227,0,0
EVT-00061,0,0.019708997396588518,0.4407108599382844,0,0
EVT-00062,0,0.02522383565760267,0.11661425599847075,0,0
EVT-00063,0,0.03292534873188304,0.5839181495992809,0,1
EVT-00064,0,0.0230037751412662,0.11952807413638886,0,0
EVT-00065,0,0.03343179221557956,0.6710370723215744,0,1
EVT-00066,0,0.030459960292194874,0.48864005904188773,0,0
EVT-00067,0,0.01954697255726736,0.3731687313916801,0,0
EVT-00068,0,0.003532386546896002,0.26179267899884295,0,0
EVT-00069,1,0.9769875284849399,0.596738869448946,1,1
EVT-00070,0,0.019548290171225068,0.16216278124111758,0,0
EVT-00071,1,0.984576498261183,0.5845618627384661,1,1
EVT-00072,0,0.017393718922152752,0.11896664599656351,0,0
EVT-00073,0,0.023704190226757012,0.31348815065104313,0,0
EVT-00074,0,0.015526265543772885,0.35119270418380627,0,0
EVT-00075,0,0.009058979217858181,0.4419251898090802,0,0
EVT-00076,0,0.028358928898769897,0.6144211071424178,0,1
EVT-00077,0,0.020174319980668206,0.3153070241818088,0,0
EVT-00078,0,0.026520814695656283,0.1279244465984401,0,0
EVT-00079,0,0.016925299056338584,0.6442644379036971,0,1
EVT-00080,0,0.02612474470671336,0.09348108080549652,0,0
EVT-00081,0,0.0,0.03112573705639369,0,0
EVT-00082,0,0.006316113950936865,0.050127641735245074,0,0
EVT-00083,1,0.844498138252653,0.7666224596986625,1,1
EVT-00084,0,0.005530981465338206,0.09538685982664814,0,0
EVT-00085,0,0.45447406855233075,0.6009928133501509,0,1
EVT-00086,0,0.005673612954430005,0.03719194820569662,0,0
EVT-00087,0,0.014666807055174452,0.13498331772519667,0,0
EVT-00088,0,0.0230037751412662,0.11952807413638886,0,0
EVT-00089,0,0.0005507134593135363,0.01711914498121788,0,0
EVT-00090,0,0.03111091324343743,0.7359701441174481,0,1
EVT-00091,0,0.026216286048582674,0.3083058533120379,0,0
EVT-00092,0,0.020630444749574126,0.31726369607209315,0,0
EVT-00093,0,0.03310256525346667,0.21932973553468654,0,0
EVT-00094,0,0.005843848994040472,0.0762089345147558,0,0
EVT-00095,0,0.01324579571065539,0.5315831003958744,0,1
EVT-00096,0,0.022890802596805836,0.6074830790703438,0,1
EVT-00097,0,0.029547405621145897,0.5062132067790412,0,1
EVT-00098,0,0.01679200751654846,0.6370890936177408,0,1
EVT-00099,0,0.019818750813085106,0.7051528176021419,0,1
EVT-00100,0,0.030117019508269297,0.4639854186769713,0,0
EVT-00101,0,0.026166914445329755,0.32970435041208684,0,0
EVT-00102,0,0.016925299056338584,0.4467423856268551,0,0
EVT-00103,1,0.970054936204724,0.6509039830562298,1,1
EVT-00104,0,0.015756972512951304,0.133890934280506,0,0
EVT-00105,0,0.010135018300528636,0.4618598121460932,0,0
EVT-00106,0,0.03406936809880245,0.47926436610027434,0,0
EVT-00107,0,0.027204970724302086,0.6291987102289129,0,1
EVT-00108,1,0.9701013075423366,0.7666224596986625,1,1
EVT-00109,0,0.0153263713211101,0.26947485710784097,0,0
EVT-00110,0,0.02867431019369501,0.3289025481080631,0,0
EVT-00111,0,0.017065523856643557,0.6842229689048035,0,1
EVT-00112,0,0.02867431019369501,0.3289025481080631,0,0
EVT-00113,0,0.032671682661108675,0.7666224596986625,0,1
EVT-00114,1,0.9823465843690543,0.7575111542135281,1,1
EVT-00115,0,0.010620574513352132,0.4961257073786462,0,0
EVT-00116,0,0.028358928898769897,0.6144211071424178,0,1
EVT-00117,0,0.014666807055174452,0.432616613611552,0,0
EVT-00118,0,0.023704190226757012,0.31348815065104313,0,0
EVT-00119,0,0.010135018300528636,0.4618598121460932,0,0
EVT-00120,0,0.010661932709780818,0.5874258428201588,0,1
EVT-00121,0,0.01954697255726736,0.3731687313916801,0,0
EVT-00122,0,0.016925299056338584,0.4467423856268551,0,0
EVT-00123,0,0.003532386546896002,0.024395063782410284,0,0
EVT-00124,0,0.019548290171225068,0.3595797937292251,0,0
EVT-00125,0,0.003769468890295764,0.05892474076328817,0,0
EVT-00126,0,0.012741899183337695,0.3154992691152062,0,0
EVT-00127,0,0.013327937484700849,0.29390375114044764,0,0
EVT-00128,0,0.01324579571065539,0.5315831003958744,0,1
EVT-00129,0,0.024972918158496542,0.4627005344489743,0,0
EVT-00130,0,0.018900236466345626,0.10131397911120596,0,0
EVT-00131,0,0.007959584488665114,0.34664522180783813,0,0
EVT-00132,0,0.008810857824550827,0.407750160885735,0,0
EVT-00133,0,0.01954697255726736,0.3731687313916801,0,0
EVT-00134,0,0.0018984342780400303,0.06353122690988115,0,0
EVT-00135,0,0.026520814695656283,0.6661174423179758,0,1
EVT-00136,0,0.003511431446827566,0.024082466514137105,0,0
EVT-00137,0,0.021353075480719495,0.5551280582055161,0,1
EVT-00138,0,0.024115126128656572,0.19794630012591286,0,0
EVT-00139,0,0.007959584488665114,0.34218341208908165,0,0
EVT-00140,0,0.022278295504808508,0.33290090124712096,0,0
EVT-00141,0,0.0029754526414574904,0.0476872303311242,0,0
EVT-00142,0,0.01838838392077949,0.32887732010997683,0,0
EVT-00143,0,0.02384926214920388,0.5424388347549982,0,1
EVT-00144,0,0.026225962287286277,0.6658733845025538,0,1
EVT-00145,0,0.026216286048582674,0.10498379718457515,0,0
EVT-00146,0,0.0036197042848161026,0.24576896350578964,0,0
EVT-00147,0,0.021005282387554315,0.10718256594346752,0,0
EVT-00148,1,0.9733234308933121,0.5874258428201588,1,1
EVT-00149,1,0.9691043010510002,0.6157581023629323,1,1
EVT-00150,0,0.010661932709780818,0.09720088212684751,0,0
EVT-00151,0,0.003511431446827566,0.035528567607189546,0,0
EVT-00152,0,0.0011490183456710657,0.36638077175214356,0,0
EVT-00153,0,0.025106316278490106,0.5352541298514532,0,1
EVT-00154,0,0.01594646955591719,0.4130869866855707,0,0
EVT-00155,0,0.017393718922152752,0.11896664599656351,0,0
EVT-00156,0,0.0036197042848161026,0.24576896350578964,0,0
EVT-00157,0,0.004064705117212539,0.3284897077103409,0,0
EVT-00158,0,0.010620574513352132,0.4961257073786462,0,0
EVT-00159,0,0.019496093155943337,0.14305814723287993,0,0
EVT-00160,0,0.026520814695656283,0.6661174423179758,0,1
EVT-00161,0,0.008092699985070725,0.5713998674312024,0,1
EVT-00162,0,0.0029770336972639927,0.01981059285332476,0,0
EVT-00163,1,0.9523673090094741,0.29390375114044764,1,0
EVT-00164,0,0.01646908862386333,0.5928157412386904,0,1
EVT-00165,0,0.01679200751654846,0.6370890936177408,0,1
EVT-00166,0,0.016525205373604693,0.3826825152927904,0,0
EVT-00167,1,0.9706547880475768,0.55940935384423,1,1
EVT-00168,0,0.003532386546896002,0.26179267899884295,0,0
EVT-00169,0,0.03736154388950589,0.6009928133501509,0,1
EVT-00170,0,0.023704190226757012,0.31348815065104313,0,0
EVT-00171,0,0.0011490183456710657,0.36638077175214356,0,0
EVT-00172,0,0.028308737186860406,0.4577540173730049,0,0
EVT-00173,0,0.02154483128754622,0.5253366465818026,0,1
EVT-00174,0,0.0029770336972639927,0.01981059285332476,0,0
EVT-00175,0,0.013327194157225488,0.16589461213494883,0,0
EVT-00176,0,0.0036197042848161026,0.015615462476982644,0,0
EVT-00177,1,0.984576498261183,0.6664063155381525,1,1
EVT-00178,0,0.011169663358659812,0.3088735567090226,0,0
EVT-00179,0,0.0029754526414574904,0.03286871527443415,0,0
EVT-00180,0,0.0005507134593135363,0.01711914498121788,0,0
EVT-00181,0,0.007959584488665114,0.34218341208908165,0,0
EVT-00182,0,0.030459960292194874,0.48864005904188773,0,0
EVT-00183,0,0.030368610443286325,0.596738869448946,0,1
EVT-00184,0,0.0230037751412662,0.11952807413638886,0,0
EVT-00185,0,0.02462535795311749,0.515455007616862,0,1
EVT-00186,1,0.9067269276802062,0.43813958057197017,1,0
EVT-00187,0,0.02522383565760267,0.11661425599847075,0,0
EVT-00188,0,0.03345308657763353,0.13604025400954337,0,0
EVT-00189,0,0.024115126128656572,0.19794630012591286,0,0
EVT-00190,0,0.027204970724302086,0.21571285103785312,0,0
EVT-00191,0,0.02613188070758775,0.3211224204240983,0,0
EVT-00192,0,0.01588404329195093,0.4999548904382057,0,0
EVT-00193,0,0.25870440783746756,0.10131397911120596,0,0
EVT-00194,0,0.02216612521774801,0.3768387349357947,0,0
EVT-00195,0,0.015782834309343567,0.47694982073617886,0,0
EVT-00196,0,0.020174319980668206,0.3153070241818088,0,0
EVT-00197,0,0.013327937484700849,0.40787004878619154,0,0
EVT-00198,0,0.030117019508269297,0.4639854186769713,0,0
EVT-00199,0,0.025595167795770486,0.5081346380981684,0,1
EVT-00200,0,0.015526265543772885,0.07634931636418564,0,0
EVT-00201,0,0.016925299056338584,0.4467423856268551,0,0
EVT-00202,0,0.007959584488665114,0.34218341208908165,0,0
EVT-00203,0,0.011169663358659812,0.3088735567090226,0,0
EVT-00204,0,0.02802465666363816,0.3311772409984243,0,0
EVT-00205,0,0.01170536912190702,0.11408992427209261,0,0
EVT-00206,0,0.022890802596805836,0.6074830790703438,0,1
EVT-00207,1,0.9701323114492378,0.2888257552010582,1,0
EVT-00208,0,0.02323227228741882,0.5725849769484328,0,1
EVT-00209,0,0.003532386546896002,0.024395063782410284,0,0
EVT-00210,0,0.030117019508269297,0.4639854186769713,0,0
EVT-00211,1,0.9831025173589357,0.5627330531145203,1,1
EVT-00212,0,0.024456354758692445,0.5024893612347845,0,1
EVT-00213,0,0.026715315529557616,0.7660029652782794,0,1
EVT-00214,1,0.983669300411153,0.7798151595569001,1,1
EVT-00215,0,0.023704190226757012,0.18410677986680693,0,0
EVT-00216,1,0.9866925061074349,0.47694982073617886,1,0
EVT-00217,0,0.019818750813085106,0.5544181490508308,0,1
EVT-00218,0,0.021353075480719495,0.5551280582055161,0,1
EVT-00219,0,0.04213538146085845,0.5677899369839104,0,1
EVT-00220,0,0.008810857824550827,0.407750160885735,0,0
EVT-00221,0,0.010135018300528636,0.4618598121460932,0,0
EVT-00222,0,0.017065523856643557,0.7029130162730981,0,1
EVT-00223,0,0.026166914445329755,0.4949300674049534,0,0
EVT-00224,1,0.9739230953812219,0.6074830790703438,1,1
EVT-00225,0,0.026225962287286277,0.1446345158535491,0,0
EVT-00226,0,0.020322686077028775,0.4633846337615451,0,0
EVT-00227,0,0.025106316278490106,0.1926669097248202,0,0
EVT-00228,1,0.9823251209069613,0.5544181490508308,1,1
EVT-00229,0,0.015526265543772885,0.35119270418380627,0,0
EVT-00230,0,0.021005282387554315,0.10718256594346752,0,0
EVT-00231,0,0.0153263713211101,0.26947485710784097,0,0
EVT-00232,1,0.9731412067438752,0.6291987102289129,1,1
EVT-00233,0,0.02154483128754622,0.5253366465818026,0,1
EVT-00234,0,0.017342221159712606,0.4793937995901112,0,0
EVT-00235,0,0.011169663358659812,0.3088735567090226,0,0
EVT-00236,0,0.03406936809880245,0.45146954432320496,0,0
EVT-00237,0,0.03345308657763353,0.13604025400954337,0,0
EVT-00238,0,0.02325541645806789,0.15547669657746888,0,0
EVT-00239,0,0.005786291410471153,0.39765968802650886,0,0
EVT-00240,0,0.019650054428684213,0.5061495581735611,0,1
EVT-00241,0,0.012741899183337695,0.3154992691152062,0,0
EVT-00242,1,0.9069934781263425,0.5122172833024965,1,1
EVT-00243,0,0.03840118759395123,0.4007076003699891,0,0
EVT-00244,0,0.025313115115326097,0.34520918292031566,0,0
EVT-00245,0,0.0,0.27147180431145707,0,0
EVT-00246,0,0.0018984342780400303,0.061930712424138924,0,0
EVT-00247,0,0.005927679533716403,0.49266357819155315,0,0
EVT-00248,0,0.025106316278490106,0.1926669097248202,0,0
EVT-00249,0,0.0223317764594791,0.44792905154889867,0,0
EVT-00250,0,0.01588404329195093,0.4999548904382057,0,0
EVT-00251,0,0.018900236466345626,0.10131397911120596,0,0
EVT-00252,0,0.026225962287286277,0.6658733845025538,0,1
EVT-00253,0,0.01594646955591719,0.4130869866855707,0,0
EVT-00254,0,0.03520286367506429,0.6509039830562298,0,1
EVT-00255,1,0.9232160934286441,0.47926436610027434,1,0
EVT-00256,0,0.007959584488665114,0.34664522180783813,0,0
EVT-00257,0,0.018046330721281846,0.5483094267064336,0,1
EVT-00258,0,0.01170536912190702,0.11408992427209261,0,0
EVT-00259,0,0.016365278299665952,0.29124893416638836,0,0
EVT-00260,0,0.005786291410471153,0.39765968802650886,0,0
EVT-00261,0,0.026166914445329755,0.4949300674049534,0,0
EVT-00262,0,0.004064705117212539,0.020471400260052043,0,0
EVT-00263,0,0.012541495814498071,0.19636781429817216,0,0
EVT-00264,0,0.017754282318099855,0.6664063155381525,0,1
EVT-00265,0,0.0,0.27147180431145707,0,0
EVT-00266,1,0.9554711686988338,0.3503868572425555,1,0
EVT-00267,1,0.9518548086273777,0.4993250740078858,1,0
EVT-00268,0,0.023704190226757012,0.18410677986680693,0,0
EVT-00269,0,0.02741429766162338,0.44901203517694,0,0
EVT-00270,0,0.01631034258897741,0.11462267237040105,0,0
EVT-00271,0,0.028308737186860406,0.44861975814386895,0,0
EVT-00272,0,0.030827274889436387,0.6591134377869937,0,1
EVT-00273,0,0.004985823234418422,0.06529391009453986,0,0
EVT-00274,0,0.024456354758692445,0.5715766740999395,0,1
EVT-00275,0,0.029310982111019887,0.3503868572425555,0,0
EVT-00276,0,0.04879474297430982,0.7153884428277311,0,1
EVT-00277,0,0.003532386546896002,0.06430638119151377,0,0
EVT-00278,0,0.030625774950976917,0.5842623674676831,0,1
EVT-00279,0,0.012325461470623786,0.3348302023239468,0,0
EVT-00280,0,0.03403912216444739,0.6208373516119807,0,1
EVT-00281,0,0.005012406947890818,0.3246412894699199,0,0
EVT-00282,0,0.03406936809880245,0.45146954432320496,0,0
EVT-00283,0,0.029547405621145897,0.20272583078169465,0,0
EVT-00284,0,0.022545431979209968,0.42553170958922476,0,0
EVT-00285,0,0.02273325848746901,0.47534232256286646,0,0
EVT-00286,1,0.989443779202465,0.49266357819155315,1,0
EVT-00287,0,0.020076336269341712,0.7430251846251615,0,1
EVT-00288,0,0.025595167795770486,0.16921095875786463,0,0
EVT-00289,0,0.017342221159712606,0.5516165655864345,0,1
EVT-00290,1,0.9371064726861578,0.3595797937292251,1,0
EVT-00291,0,0.016365278299665952,0.29124893416638836,0,0
EVT-00292,1,0.9701380061200735,0.4528245460488708,1,0
EVT-00293,0,0.0029754526414574904,0.03583725499605301,0,0
EVT-00294,0,0.02384926214920388,0.5424388347549982,0,1
EVT-00295,1,0.8501075281604993,0.42942623161531746,1,0
EVT-00296,0,0.003092731995652981,0.2993670295745915,0,0
EVT-00297,0,0.029310982111019887,0.6360393982099184,0,1
EVT-00298,0,0.006316113950936865,0.316131281760652,0,0
EVT-00299,0,0.014135385268065136,0.10060307665277002,0,0
EVT-00300,0,0.02802465666363816,0.3311772409984243,0,0
EVT-00301,0,0.02372097725612316,0.43813958057197017,0,0
EVT-00302,0,0.003866936571761476,0.2948549362580946,0,0
EVT-00303,0,0.0005507134593135363,0.01711914498121788,0,0
EVT-00304,0,0.032205536321575134,0.181294939793603,0,0
EVT-00305,0,0.027204970724302086,0.6291987102289129,0,1
EVT-00306,0,0.0011490183456710657,0.07619361849846723,0,0
EVT-00307,0,0.005279692005943652,0.07460349116045176,0,0
EVT-00308,0,0.0,0.27147180431145707,0,0
EVT-00309,0,0.010661932709780818,0.5874258428201588,0,1
EVT-00310,0,0.021241000832888355,0.5168687129757308,0,1
EVT-00311,0,0.015782834309343567,0.47694982073617886,0,0
EVT-00312,0,0.022278295504808508,0.33290090124712096,0,0
EVT-00313,0,0.004064705117212539,0.3284897077103409,0,0
EVT-00314,0,0.02867431019369501,0.3289025481080631,0,0
EVT-00315,0,0.0029754526414574904,0.030024826056421594,0,0
EVT-00316,0,0.019496093155943337,0.4086260879704496,0,0
EVT-00317,0,0.029310982111019887,0.3503868572425555,0,0
EVT-00318,0,0.026520814695656283,0.6661174423179758,0,1
EVT-00319,0,0.0029754526414574904,0.03583725499605301,0,0
EVT-00320,0,0.025106316278490106,0.1926669097248202,0,0
EVT-00321,0,0.0,0.03210400075510196,0,0
EVT-00322,0,0.020322686077028775,0.36300148071464955,0,0
EVT-00323,0,0.017516626270912085,0.0752535822099249,0,0
EVT-00324,0,0.02612474470671336,0.2608494585258251,0,0
EVT-00325,0,0.0011490183456710657,0.36638077175214356,0,0
EVT-00326,0,0.021005282387554315,0.43739277547060434,0,0
EVT-00327,0,0.030117019508269297,0.4639854186769713,0,0
EVT-00328,0,0.01838838392077949,0.20626795819351187,0,0
EVT-00329,0,0.015867366061569844,0.10224493650889858,0,0
EVT-00330,1,0.6173978263377186,0.42942623161531746,1,0
EVT-00331,1,0.9769408433248513,0.5569802626800751,1,1
EVT-00332,0,0.004985823234418422,0.07193739436781964,0,0
EVT-00333,0,0.030625774950976917,0.25652175458076065,0,0
EVT-00334,0,0.020630444749574126,0.31726369607209315,0,0
EVT-00335,1,0.9684285168102659,0.47534232256286646,1,0
EVT-00336,0,0.020322686077028775,0.36300148071464955,0,0
EVT-00337,0,0.0153383056325396,0.5716504335309655,0,1
EVT-00338,0,0.003532386546896002,0.02302240924314224,0,0
EVT-00339,0,0.03403912216444739,0.5130579681787595,0,1
EVT-00340,0,0.005530981465338206,0.09538685982664814,0,0
EVT-00341,0,0.017516626270912085,0.0752535822099249,0,0
EVT-00342,1,0.9819941216756015,0.6333143686069893,1,1
EVT-00343,0,0.02613188070758775,0.3211224204240983,0,0
EVT-00344,1,0.9822275405266683,0.6794185491010917,1,1
EVT-00345,0,0.01170536912190702,0.11408992427209261,0,0
EVT-00346,0,0.01594646955591719,0.1358759049509317,0,0
EVT-00347,0,0.02741429766162338,0.7266269348862782,0,1
EVT-00348,0,0.025595167795770486,0.5081346380981684,0,1
EVT-00349,0,0.013327194157225488,0.2827013813119667,0,0
EVT-00350,0,0.027204970724302086,0.6291987102289129,0,1
EVT-00351,0,0.03520286367506429,0.6509039830562298,0,1
EVT-00352,0,0.020034408692543113,0.07641511939960118,0,0
EVT-00353,0,0.021247094271507106,0.32377653753067437,0,0
EVT-00354,0,0.0014957578296847197,0.043806517780935805,0,0
EVT-00355,0,0.020034408692543113,0.4169429941693168,0,0
EVT-00356,0,0.026520814695656283,0.6661174423179758,0,1
EVT-00357,0,0.008810857824550827,0.407750160885735,0,0
EVT-00358,0,0.018046330721281846,0.5483094267064336,0,1
EVT-00359,0,0.03343179221557956,0.6710370723215744,0,1
EVT-00360,0,0.001012406947890819,0.3246412894699199,0,0
EVT-00361,0,0.030459960292194874,0.6839549512227512,0,1
EVT-00362,0,0.0153383056325396,0.12574380935590004,0,0
EVT-00363,0,0.016541250789155384,0.41780274493742375,0,0
EVT-00364,0,0.02674431050194675,0.4993250740078858,0,0
EVT-00365,1,0.9698999048088965,0.5927230826103639,1,1
EVT-00366,0,0.024972918158496542,0.35575869018170225,0,0
EVT-00367,0,0.017342221159712606,0.4793937995901112,0,0
EVT-00368,0,0.01679200751654846,0.6370890936177408,0,1
EVT-00369,0,0.020076336269341712,0.7430251846251615,0,1
EVT-00370,0,0.02273325848746901,0.47534232256286646,0,0
EVT-00371,0,0.019818750813085106,0.5544181490508308,0,1
EVT-00372,0,0.019708997396588518,0.4407108599382844,0,0
EVT-00373,1,0.9634634766544709,0.5763460232468229,1,1
EVT-00374,0,0.02273325848746901,0.4602242746924131,0,0
EVT-00375,0,0.018862719781965173,0.7010233959649186,0,1
EVT-00376,0,0.0282960112179199,0.5052472148347097,0,1
EVT-00377,0,0.03292534873188304,0.21962757020171678,0,0
EVT-00378,0,0.013327194157225488,0.2827013813119667,0,0
EVT-00379,0,0.010135018300528636,0.4618598121460932,0,0
EVT-00380,0,0.021247094271507106,0.32377653753067437,0,0
EVT-00381,0,0.02867431019369501,0.3289025481080631,0,0
EVT-00382,0,0.02867431019369501,0.3289025481080631,0,0
EVT-00383,0,0.017393718922152752,0.644225782163018,0,1
EVT-00384,1,0.9711302592764618,0.3144826132998734,1,0
EVT-00385,0,0.024115126128656572,0.6740117406884308,0,1
EVT-00386,0,0.017065523856643557,0.7029130162730981,0,1
EVT-00387,0,0.021005282387554315,0.43739277547060434,0,0
EVT-00388,0,0.030827274889436387,0.6591134377869937,0,1
EVT-00389,0,0.022890802596805836,0.6074830790703438,0,1
EVT-00390,0,0.03111091324343743,0.6794185491010917,0,1
EVT-00391,0,0.021353075480719495,0.5551280582055161,0,1
EVT-00392,0,0.005786291410471153,0.39765968802650886,0,0
EVT-00393,0,0.023806783197126834,0.55940935384423,0,1
EVT-00394,0,0.028591231263572003,0.1896069149782107,0,0
EVT-00395,0,0.010620574513352132,0.4961257073786462,0,0
EVT-00396,1,0.8369303862944536,0.0657317611671437,1,0
EVT-00397,0,0.01594646955591719,0.4130869866855707,0,0
EVT-00398,0,0.01950973475027551,0.5120521389508366,0,1
EVT-00399,0,0.02154483128754622,0.6050858941413678,0,1
EVT-00400,1,0.9866222200781257,0.49222545163257175,1,0
EVT-00401,0,0.020034408692543113,0.4169429941693168,0,0
EVT-00402,0,0.013327937484700849,0.29390375114044764,0,0
EVT-00403,0,0.022890802596805836,0.6074830790703438,0,1
EVT-00404,0,0.01838838392077949,0.32887732010997683,0,0
EVT-00405,1,0.8472235939730051,0.4618598121460932,1,0
EVT-00406,0,0.0031242664895844287,0.07867845648437552,0,0
EVT-00407,0,0.02741429766162338,0.7266269348862782,0,1
EVT-00408,1,0.978328225649258,0.550431609878396,1,1
EVT-00409,0,0.026166914445329755,0.32970435041208684,0,0
EVT-00410,0,0.004815588664957366,0.35383139931114144,0,0
EVT-00411,0,0.008092699985070725,0.5713998674312024,0,1
EVT-00412,0,0.030625774950976917,0.5842623674676831,0,1
EVT-00413,0,0.0014957578296847197,0.043993716140941865,0,0
EVT-00414,0,0.005279692005943652,0.2939016981812846,0,0
EVT-00415,0,0.0011490183456710657,0.36638077175214356,0,0
EVT-00416,0,0.02154483128754622,0.6050858941413678,0,1
EVT-00417,0,0.014666807055174452,0.4622451647491098,0,0
EVT-00418,1,0.9358320470805264,0.2606343625697662,1,0
EVT-00419,0,0.020034408692543113,0.4169429941693168,0,0
EVT-00420,0,0.018046330721281846,0.5483094267064336,0,1
EVT-00421,1,0.8411043010510002,0.6157581023629323,1,1
EVT-00422,0,0.0,0.014811312899362966,0,0
EVT-00423,1,0.9192642466089299,0.29124893416638836,1,0
EVT-00424,1,0.9722299286701817,0.5168687129757308,1,1
EVT-00425,0,0.021241000832888355,0.5168687129757308,0,1
EVT-00426,0,0.015782834309343567,0.47694982073617886,0,0
EVT-00427,0,0.015782834309343567,0.47694982073617886,0,0
EVT-00428,0,0.01594646955591719,0.1358759049509317,0,0
EVT-00429,0,0.014135385268065136,0.3604379512872545,0,0
EVT-00430,0,0.017516626270912085,0.10922127381795607,0,0
EVT-00431,0,0.0011490183456710657,0.36638077175214356,0,0
EVT-00432,0,0.005673612954430005,0.03719194820569662,0,0
EVT-00433,1,0.9819941216756015,0.5424388347549982,1,1
EVT-00434,0,0.0153383056325396,0.12574380935590004,0,0
EVT-00435,0,0.01324579571065539,0.5315831003958744,0,1
EVT-00436,0,0.016954274473035,0.42943649605461776,0,0
EVT-00437,0,0.655090241588021,0.3246412894699199,1,0
EVT-00438,0,0.0014957578296847197,0.528496751551109,0,1
EVT-00439,0,0.021353075480719495,0.5551280582055161,0,1
EVT-00440,0,0.03111091324343743,0.6794185491010917,0,1
EVT-00441,0,0.025313115115326097,0.34520918292031566,0,0
EVT-00442,0,0.02612474470671336,0.2608494585258251,0,0
EVT-00443,1,0.9609546678305884,0.6618232883037343,1,1
EVT-00444,0,0.0011490183456710657,0.36638077175214356,0,0
EVT-00445,0,0.02273325848746901,0.47534232256286646,0,0
EVT-00446,0,0.0031242664895844287,0.07867845648437552,0,0
EVT-00447,0,0.017754282318099855,0.6664063155381525,0,1
EVT-00448,0,0.018046330721281846,0.5483094267064336,0,1
EVT-00449,0,0.009058979217858181,0.4419251898090802,0,0
EVT-00450,0,0.020630444749574126,0.31726369607209315,0,0
EVT-00451,1,0.9721009046869551,0.6591134377869937,1,1
EVT-00452,0,0.011915001729396135,0.5627330531145203,0,1
EVT-00453,0,0.003511431446827566,0.03207897107061426,0,0
EVT-00454,0,0.0018984342780400303,0.061930712424138924,0,0
EVT-00455,0,0.015782834309343567,0.5117164217179826,0,1
EVT-00456,0,0.03111091324343743,0.6794185491010917,0,1
EVT-00457,1,0.9697773623063133,0.5839181495992809,1,1
EVT-00458,0,0.003092731995652981,0.2993670295745915,0,0
EVT-00459,0,0.0,0.27147180431145707,0,0
EVT-00460,0,0.021247094271507106,0.32377653753067437,0,0
EVT-00461,0,0.02522383565760267,0.32044472625533926,0,0
EVT-00462,0,0.03406936809880245,0.47926436610027434,0,0
EVT-00463,0,0.013281594754115262,0.3931873734012191,0,0
EVT-00464,0,0.029310982111019887,0.3503868572425555,0,0
EVT-00465,0,0.018900236466345626,0.10131397911120596,0,0
EVT-00466,0,0.010620574513352132,0.420297508528938,0,0
EVT-00467,0,0.01950973475027551,0.5138966263129883,0,1
EVT-00468,0,0.018862719781965173,0.3841388595910212,0,0
EVT-00469,0,0.003511431446827566,0.024082466514137105,0,0
EVT-00470,0,0.017754282318099855,0.6664063155381525,0,1
EVT-00471,0,0.009286591306971076,0.06261285169382573,0,0
EVT-00472,1,0.8775389668258775,0.5725849769484328,1,1
EVT-00473,1,0.9821013075423366,0.7666224596986625,1,1
EVT-00474,1,0.9769875284849399,0.596738869448946,1,1
EVT-00475,0,0.017342221159712606,0.4793937995901112,0,0
EVT-00476,0,0.006316113950936865,0.316131281760652,0,0
EVT-00477,0,0.014666807055174452,0.13498331772519667,0,0
EVT-00478,0,0.030117019508269297,0.4639854186769713,0,0
EVT-00479,0,0.02617918565066918,0.5243087591645128,0,1
EVT-00480,0,0.0,0.27147180431145707,0,0
EVT-00481,0,0.006316113950936865,0.050127641735245074,0,0
EVT-00482,0,0.005530981465338206,0.09538685982664814,0,0
EVT-00483,0,0.010661932709780818,0.5874258428201588,0,1
EVT-00484,0,0.0230037751412662,0.11952807413638886,0,0
EVT-00485,0,0.004985823234418422,0.06529391009453986,0,0
EVT-00486,0,0.01631034258897741,0.550431609878396,0,1
EVT-00487,0,0.013281594754115262,0.3931873734012191,0,0
EVT-00488,0,0.003866936571761476,0.11884495122258332,0,0
EVT-00489,0,0.013281594754115262,0.09040433841265828,0,0
EVT-00490,0,0.020076336269341712,0.49222545163257175,0,0
EVT-00491,0,0.0018984342780400303,0.061930712424138924,0,0
EVT-00492,0,0.024456354758692445,0.5024893612347845,0,1
EVT-00493,0,0.005530981465338206,0.09538685982664814,0,0
EVT-00494,0,0.0018984342780400303,0.06353122690988115,0,0
EVT-00495,0,0.015526265543772885,0.35119270418380627,0,0
EVT-00496,0,0.005927679533716403,0.5439004935824585,0,1
EVT-00497,0,0.020322686077028775,0.4633846337615451,0,0
EVT-00498,0,0.02674431050194675,0.4993250740078858,0,0
EVT-00499,0,0.017393718922152752,0.11896664599656351,0,0
EVT-00500,0,0.030459960292194874,0.48864005904188773,0,0
EVT-00501,0,0.0029754526414574904,0.030024826056421594,0,0
EVT-00502,0,0.03520286367506429,0.6509039830562298,0,1
EVT-00503,0,0.018862719781965173,0.3841388595910212,0,0
EVT-00504,1,0.9739230953812219,0.6074830790703438,1,1
EVT-00505,0,0.004815588664957366,0.09314729666919548,0,0
EVT-00506,0,0.028324392099025993,0.48500470478143837,0,0
EVT-00507,0,0.0029754526414574904,0.030024826056421594,0,0
EVT-00508,0,0.01588404329195093,0.4999548904382057,0,0
EVT-00509,0,0.003092731995652981,0.2993670295745915,0,0
EVT-00510,0,0.013327937484700849,0.29390375114044764,0,0
EVT-00511,0,0.027204970724302086,0.21571285103785312,0,0
EVT-00512,0,0.016365278299665952,0.29124893416638836,0,0
EVT-00513,1,0.9704046318094925,0.6124828362369831,1,1
EVT-00514,0,0.027204970724302086,0.6291987102289129,0,1
EVT-00515,0,0.01838838392077949,0.32887732010997683,0,0
EVT-00516,0,0.012325461470623786,0.3348302023239468,0,0
EVT-00517,0,0.010661932709780818,0.09720088212684751,0,0
EVT-00518,0,0.019650054428684213,0.5061495581735611,0,1
EVT-00519,0,0.15125307674897354,0.49222545163257175,0,0
EVT-00520,0,0.006316113950936865,0.316131281760652,0,0
EVT-00521,0,0.01086948790770963,0.4625814311333651,0,0
EVT-00522,1,0.9619492027121143,0.3731687313916801,1,0
EVT-00523,0,0.020076336269341712,0.7430251846251615,0,1
EVT-00524,0,0.008723985356306422,0.3988991920479977,0,0
EVT-00525,0,0.3072080475578384,0.45146954432320496,0,0
EVT-00526,0,0.0029770336972639927,0.28669811956081986,0,0
EVT-00527,0,0.02323227228741882,0.5725849769484328,0,1
EVT-00528,0,0.021241000832888355,0.5168687129757308,0,1
EVT-00529,0,0.018046330721281846,0.5483094267064336,0,1
EVT-00530,0,0.026520814695656283,0.6661174423179758,0,1
EVT-00531,0,0.006316113950936865,0.316131281760652,0,0
EVT-00532,0,0.02042777128822621,0.3958963311027148,0,0
EVT-00533,0,0.025005282387554315,0.10718256594346752,0,0
EVT-00534,0,0.02323227228741882,0.18529733640018398,0,0
EVT-00535,0,0.030368610443286325,0.596738869448946,0,1
EVT-00536,0,0.02323227228741882,0.5725849769484328,0,1
EVT-00537,0,0.03111091324343743,0.6794185491010917,0,1
EVT-00538,0,0.008092699985070725,0.11336696719237281,0,0
EVT-00539,0,0.019548290171225068,0.3595797937292251,0,0
EVT-00540,0,0.025106316278490106,0.1926669097248202,0,0
EVT-00541,0,0.003532386546896002,0.26179267899884295,0,0
EVT-00542,0,0.011915001729396135,0.5627330531145203,0,1
EVT-00543,0,0.008723985356306422,0.3988991920479977,0,0
EVT-00544,0,0.005927679533716403,0.49266357819155315,0,0
EVT-00545,0,0.007959584488665114,0.34218341208908165,0,0
EVT-00546,0,0.012741899183337695,0.492886855099366,0,0
EVT-00547,0,0.009058979217858181,0.4419251898090802,0,0
EVT-00548,0,0.004985823234418422,0.06529391009453986,0,0
EVT-00549,0,0.01838838392077949,0.32887732010997683,0,0
EVT-00550,0,0.012325461470623786,0.3348302023239468,0,0
EVT-00551,0,0.017393718922152752,0.11896664599656351,0,0
EVT-00552,0,0.028324392099025993,0.4340682274472337,0,0
EVT-00553,0,0.021241000832888355,0.5168687129757308,0,1
EVT-00554,0,0.018862719781965173,0.7010233959649186,0,1
EVT-00555,0,0.04213538146085845,0.5677899369839104,0,1
EVT-00556,0,0.01594646955591719,0.4130869866855707,0,0
EVT-00557,0,0.022545431979209968,0.34945969930415877,0,0
EVT-00558,0,0.017754282318099855,0.6664063155381525,0,1
EVT-00559,0,0.03343179221557956,0.6710370723215744,0,1
EVT-00560,0,0.03840118759395123,0.4007076003699891,0,0
EVT-00561,0,0.02323227228741882,0.5725849769484328,0,1
EVT-00562,0,0.019496093155943337,0.14305814723287993,0,0
EVT-00563,0,0.03343179221557956,0.2463403176795317,0,0
EVT-00564,0,0.01170536912190702,0.11408992427209261,0,0
EVT-00565,0,0.021740786466552243,0.345462131071696,0,0
EVT-00566,1,0.8950672468411507,0.24576896350578964,1,0
EVT-00567,0,0.021740786466552243,0.3940915082801179,0,0
EVT-00568,0,0.013281594754115262,0.3931873734012191,0,0
EVT-00569,1,0.8489303862944536,0.0657317611671437,1,0
EVT-00570,0,0.004985823234418422,0.07193739436781964,0,0
EVT-00571,0,0.02323227228741882,0.5725849769484328,0,1
EVT-00572,0,0.016525205373604693,0.21947687874102711,0,0
EVT-00573,1,0.9364292641483057,0.5062132067790412,1,1
EVT-00574,0,0.030459960292194874,0.6839549512227512,0,1
EVT-00575,0,0.0036197042848161026,0.24576896350578964,0,0
EVT-00576,0,0.015526265543772885,0.07634931636418564,0,0
EVT-00577,0,0.016030286282656923,0.10700214119615227,0,0
EVT-00578,0,0.02613188070758775,0.3211224204240983,0,0
EVT-00579,0,0.008810857824550827,0.5011010133132475,0,1
EVT-00580,0,0.001012406947890819,0.3246412894699199,0,0
EVT-00581,0,0.0323405059374841,0.12342639817645783,0,0
EVT-00582,0,0.004985823234418422,0.06529391009453986,0,0
EVT-00583,0,0.005530981465338206,0.09538685982664814,0,0
EVT-00584,0,0.009286591306971076,0.06261285169382573,0,0
EVT-00585,0,0.008092699985070725,0.5713998674312024,0,1
EVT-00586,0,0.02042777128822621,0.44660576816021086,0,0
EVT-00587,0,0.0230037751412662,0.1561895247077895,0,0
EVT-00588,0,0.004815588664957366,0.35383139931114144,0,0
EVT-00589,1,0.9425205369521625,0.6710370723215744,1,1
EVT-00590,0,0.02273325848746901,0.4602242746924131,0,0
EVT-00591,0,0.030459960292194874,0.48864005904188773,0,0
EVT-00592,0,0.0,0.014811312899362966,0,0
EVT-00593,0,0.020034408692543113,0.4169429941693168,0,0
EVT-00594,1,0.6227971060329612,0.49666180551497546,1,0
EVT-00595,0,0.01197435460608546,0.3144826132998734,0,0
EVT-00596,0,0.008092699985070725,0.5713998674312024,0,1
EVT-00597,0,0.02384926214920388,0.5424388347549982,0,1
EVT-00598,0,0.0005507134593135363,0.01711914498121788,0,0
EVT-00599,0,0.011915001729396135,0.5627330531145203,0,1
EVT-00600,1,0.9822068664235444,0.7266269348862782,1,1
EVT-00601,0,0.028591231263572003,0.1896069149782107,0,0
EVT-00602,0,0.013281594754115262,0.09040433841265828,0,0
EVT-00603,0,0.02372097725612316,0.43813958057197017,0,0
EVT-00604,0,0.01954697255726736,0.3731687313916801,0,0
EVT-00605,0,0.02989246128936821,0.5397548683385278,0,1
EVT-00606,0,0.017310995217358165,0.06572878723045547,0,0
EVT-00607,0,0.010135018300528636,0.5176791447669556,0,1
EVT-00608,0,0.004064705117212539,0.020471400260052043,0,0
EVT-00609,0,0.01197435460608546,0.40934072575651576,0,0
EVT-00610,0,0.013327194157225488,0.2827013813119667,0,0
EVT-00611,0,0.0230037751412662,0.11952807413638886,0,0
EVT-00612,0,0.013327937484700849,0.40787004878619154,0,0
EVT-00613,0,0.026335018024927825,0.40542149172416886,0,0
EVT-00614,0,0.0029754526414574904,0.03286871527443415,0,0
EVT-00615,0,0.020895617732759716,0.4900617792324253,0,0
EVT-00616,0,0.02989246128936821,0.634689900430826,0,1
EVT-00617,0,0.0,0.2606343625697662,0,0
EVT-00618,0,0.015756972512951304,0.5927230826103639,0,1
EVT-00619,0,0.04213538146085845,0.5677899369839104,0,1
EVT-00620,0,0.15012986406768325,0.3088735567090226,0,0
EVT-00621,0,0.003511431446827566,0.024082466514137105,0,0
EVT-00622,1,0.958692506107435,0.5117164217179826,1,1
EVT-00623,0,0.02522383565760267,0.11661425599847075,0,0
EVT-00624,0,0.0282960112179199,0.5052472148347097,0,1
EVT-00625,0,0.0153263713211101,0.26947485710784097,0,0
EVT-00626,0,0.012741899183337695,0.3154992691152062,0,0
EVT-00627,0,0.019818750813085106,0.5544181490508308,0,1
EVT-00628,0,0.0011490183456710657,0.36638077175214356,0,0
EVT-00629,0,0.022545431979209968,0.42553170958922476,0,0
EVT-00630,0,0.028308737186860406,0.4577540173730049,0,0
EVT-00631,0,0.03292534873188304,0.21962757020171678,0,0
EVT-00632,0,0.003866936571761476,0.11884495122258332,0,0
EVT-00633,0,0.017393718922152752,0.11896664599656351,0,0
EVT-00634,0,0.016525205373604693,0.21947687874102711,0,0
EVT-00635,0,0.0014957578296847197,0.043993716140941865,0,0
EVT-00636,0,0.019708997396588518,0.4407108599382844,0,0
EVT-00637,0,0.0282960112179199,0.5052472148347097,0,1
EVT-00638,0,0.017516626270912085,0.0752535822099249,0,0
EVT-00639,0,0.017065523856643557,0.6842229689048035,0,1
EVT-00640,0,0.012741899183337695,0.3154992691152062,0,0
EVT-00641,0,0.03520286367506429,0.6509039830562298,0,1
EVT-00642,0,0.0,0.03112573705639369,0,0
EVT-00643,0,0.03403912216444739,0.5130579681787595,0,1
EVT-00644,0,0.012541495814498071,0.4600082422465248,0,0
EVT-00645,0,0.01954697255726736,0.3731687313916801,0,0
EVT-00646,0,0.005673612954430005,0.03719194820569662,0,0
EVT-00647,0,0.01646908862386333,0.49666180551497546,0,0
EVT-00648,0,0.02323227228741882,0.18529733640018398,0,0
EVT-00649,0,0.01838838392077949,0.32887732010997683,0,0
EVT-00650,0,0.020174319980668206,0.3153070241818088,0,0
EVT-00651,0,0.02372097725612316,0.43813958057197017,0,0
EVT-00652,1,0.966408685312347,0.48166916266015863,1,0
EVT-00653,0,0.030827274889436387,0.6591134377869937,0,1
EVT-00654,0,0.017754282318099855,0.5845618627384661,0,1
EVT-00655,0,0.009286591306971076,0.06261285169382573,0,0
EVT-00656,0,0.013496421357886056,0.567881502289538,0,1
EVT-00657,0,0.0282960112179199,0.6157581023629323,0,1
EVT-00658,0,0.0282960112179199,0.5052472148347097,0,1
EVT-00659,0,0.018862719781965173,0.3841388595910212,0,0
EVT-00660,0,0.01954697255726736,0.3731687313916801,0,0
EVT-00661,0,0.03736154388950589,0.5110937516777692,0,1
EVT-00662,0,0.017516626270912085,0.10922127381795607,0,0
EVT-00663,0,0.003511431446827566,0.035528567607189546,0,0
EVT-00664,0,0.0005507134593135363,0.01711914498121788,0,0
EVT-00665,1,0.9636913640864481,0.43739277547060434,1,0
EVT-00666,0,0.023806783197126834,0.1825256858497815,0,0
EVT-00667,0,0.005530981465338206,0.09538685982664814,0,0
EVT-00668,0,0.027204970724302086,0.6291987102289129,0,1
EVT-00669,0,0.016365278299665952,0.10182129959729623,0,0
EVT-00670,0,0.003511431446827566,0.035528567607189546,0,0
EVT-00671,0,0.019708997396588518,0.10754854541335516,0,0
EVT-00672,0,0.0230037751412662,0.1561895247077895,0,0
EVT-00673,0,0.0153383056325396,0.5716504335309655,0,1
EVT-00674,0,0.010620574513352132,0.420297508528938,0,0
EVT-00675,0,0.024115126128656572,0.19794630012591286,0,0
EVT-00676,0,0.017754282318099855,0.5845618627384661,0,1
EVT-00677,0,0.003511431446827566,0.035528567607189546,0,0
EVT-00678,0,0.015526265543772885,0.35119270418380627,0,0
EVT-00679,0,0.02462535795311749,0.515455007616862,0,1
EVT-00680,0,0.0153263713211101,0.06667563505005417,0,0
EVT-00681,0,0.026216286048582674,0.10498379718457515,0,0
EVT-00682,0,0.005279692005943652,0.07460349116045176,0,0
EVT-00683,0,0.009058979217858181,0.4419251898090802,0,0
EVT-00684,0,0.023976679720170688,0.48166916266015863,0,0
EVT-00685,0,0.015867366061569844,0.5122172833024965,0,1
EVT-00686,0,0.02462535795311749,0.4528245460488708,0,0
EVT-00687,0,0.0005507134593135363,0.01711914498121788,0,0
EVT-00688,0,0.003769468890295764,0.05892474076328817,0,0
EVT-00689,1,0.9687245708824236,0.5939786580429977,1,1
EVT-00690,0,0.004064705117212539,0.3284897077103409,0,0
EVT-00691,0,0.009058979217858181,0.4419251898090802,0,0
EVT-00692,1,0.9787596784736647,0.6517164938060996,1,1
EVT-00693,1,0.9445254705780508,0.41780274493742375,1,0
EVT-00694,0,0.0153263713211101,0.26947485710784097,0,0
EVT-00695,0,0.020322686077028775,0.36300148071464955,0,0
EVT-00696,0,0.023806783197126834,0.55940935384423,0,1
EVT-00697,0,0.03292534873188304,0.5839181495992809,0,1
EVT-00698,0,0.017310995217358165,0.06572878723045547,0,0
EVT-00699,0,0.01394232870046732,0.11938328782763177,0,0
EVT-00700,0,0.016365278299665952,0.29124893416638836,0,0
EVT-00701,0,0.0005507134593135363,0.01711914498121788,0,0
EVT-00702,0,0.02323227228741882,0.5725849769484328,0,1
EVT-00703,0,0.01950973475027551,0.5138966263129883,0,1
EVT-00704,0,0.02989246128936821,0.634689900430826,0,1
EVT-00705,0,0.025106316278490106,0.5352541298514532,0,1
EVT-00706,0,0.023976679720170688,0.4044015843287316,0,0
EVT-00707,0,0.013496421357886056,0.23401621883479828,0,0
EVT-00708,0,0.0153383056325396,0.12574380935590004,0,0
EVT-00709,0,0.02384926214920388,0.6333143686069893,0,1
EVT-00710,0,0.02612474470671336,0.2608494585258251,0,0
EVT-00711,0,0.018046330721281846,0.5483094267064336,0,1
EVT-00712,0,0.030459960292194874,0.48864005904188773,0,0
EVT-00713,0,0.025106316278490106,0.1926669097248202,0,0
EVT-00714,1,0.961709518571486,0.7010233959649186,1,1
EVT-00715,0,0.01394232870046732,0.5569802626800751,0,1
EVT-00716,0,0.030625774950976917,0.5842623674676831,0,1
EVT-00717,0,0.020322686077028775,0.4633846337615451,0,0
EVT-00718,0,0.013327937484700849,0.29390375114044764,0,0
EVT-00719,1,0.6262577930944953,0.3931873734012191,1,0
EVT-00720,0,0.0282960112179199,0.6157581023629323,0,1
EVT-00721,0,0.019818750813085106,0.5544181490508308,0,1
EVT-00722,0,0.028308737186860406,0.44861975814386895,0,0
EVT-00723,0,0.030368610443286325,0.589574460765222,0,1
EVT-00724,1,0.9701380061200735,0.515455007616862,1,1
EVT-00725,0,0.0014957578296847197,0.043806517780935805,0,0
EVT-00726,0,0.020630444749574126,0.31726369607209315,0,0
EVT-00727,0,0.03520286367506429,0.6509039830562298,0,1
EVT-00728,0,0.010135018300528636,0.4618598121460932,0,0
EVT-00729,0,0.020322686077028775,0.4633846337615451,0,0
EVT-00730,0,0.021740786466552243,0.3940915082801179,0,0
EVT-00731,0,0.03736154388950589,0.6009928133501509,0,1
EVT-00732,0,0.02674431050194675,0.4993250740078858,0,0
EVT-00733,0,0.019650054428684213,0.5061495581735611,0,1
EVT-00734,0,0.009286591306971076,0.06261285169382573,0,0
EVT-00735,0,0.026216286048582674,0.3083058533120379,0,0
EVT-00736,0,0.03406936809880245,0.45146954432320496,0,0
EVT-00737,0,0.024115126128656572,0.6740117406884308,0,1
EVT-00738,0,0.026046330721281846,0.5483094267064336,0,1
EVT-00739,0,0.013496421357886056,0.23401621883479828,0,0
EVT-00740,0,0.008723985356306422,0.05405051554699415,0,0
EVT-00741,0,0.024683304502360684,0.4120413657419559,0,0
EVT-00742,0,0.5649082691672558,0.21962757020171678,1,0
EVT-00743,0,0.0018984342780400303,0.061930712424138924,0,0
EVT-00744,0,0.028358928898769897,0.6144211071424178,0,1
EVT-00745,0,0.021353075480719495,0.5420985567381911,0,1
EVT-00746,1,0.9758671899636495,0.5024893612347845,1,1
EVT-00747,0,0.034624369009524744,0.602382314935049,0,1
EVT-00748,0,0.025106316278490106,0.1926669097248202,0,0
EVT-00749,0,0.014666807055174452,0.13498331772519667,0,0
EVT-00750,0,0.012794742974309825,0.572569295108708,0,1
EVT-00751,0,0.025313115115326097,0.34520918292031566,0,0
EVT-00752,0,0.03840118759395123,0.4007076003699891,0,0
EVT-00753,0,0.014666807055174452,0.4622451647491098,0,0
EVT-00754,0,0.0011490183456710657,0.36638077175214356,0,0
EVT-00755,0,0.0014957578296847197,0.043993716140941865,0,0
EVT-00756,0,0.012541495814498071,0.4600082422465248,0,0
EVT-00757,0,0.02325541645806789,0.15954663923297163,0,0
EVT-00758,0,0.022278295504808508,0.11407388519078487,0,0
EVT-00759,0,0.010620574513352132,0.4961257073786462,0,0
EVT-00760,0,0.032205536321575134,0.181294939793603,0,0
EVT-00761,0,0.02613188070758775,0.40418468620283304,0,0
EVT-00762,0,0.02613188070758775,0.40418468620283304,0,0
EVT-00763,0,0.01086948790770963,0.2888257552010582,0,0
EVT-00764,0,0.026335018024927825,0.40542149172416886,0,0
EVT-00765,0,0.029547405621145897,0.5062132067790412,0,1
EVT-00766,0,0.017393718922152752,0.644225782163018,0,1
EVT-00767,0,0.028308737186860406,0.44861975814386895,0,0
EVT-00768,1,0.9721009046869551,0.6591134377869937,1,1
EVT-00769,0,0.025809717609115056,0.6615010252244269,0,1
EVT-00770,0,0.028324392099025993,0.48500470478143837,0,0
EVT-00771,0,0.020322686077028775,0.36300148071464955,0,0
EVT-00772,0,0.014135385268065136,0.3604379512872545,0,0
EVT-00773,0,0.0031242664895844287,0.07867845648437552,0,0
EVT-00774,0,0.021353075480719495,0.5551280582055161,0,1
EVT-00775,0,0.01588404329195093,0.4999548904382057,0,0
EVT-00776,0,0.01324579571065539,0.5315831003958744,0,1
EVT-00777,0,0.004985823234418422,0.06529391009453986,0,0
EVT-00778,0,0.03840118759395123,0.4007076003699891,0,0
EVT-00779,1,0.9825857842977178,0.6370890936177408,1,1
EVT-00780,0,0.021005282387554315,0.10718256594346752,0,0
EVT-00781,0,0.005843848994040472,0.0762089345147558,0,0
EVT-00782,0,0.0029754526414574904,0.030024826056421594,0,0
EVT-00783,0,0.025595167795770486,0.5081346380981684,0,1
EVT-00784,0,0.02989246128936821,0.5397548683385278,0,1
EVT-00785,0,0.010715315529557618,0.056563417421760735,0,0
EVT-00786,0,0.0005507134593135363,0.01711914498121788,0,0
EVT-00787,0,0.02462535795311749,0.515455007616862,0,1
EVT-00788,0,0.005786291410471153,0.39765968802650886,0,0
EVT-00789,0,0.026225962287286277,0.6658733845025538,0,1
EVT-00790,0,0.0230037751412662,0.11952807413638886,0,0
EVT-00791,0,0.026166914445329755,0.32970435041208684,0,0
EVT-00792,0,0.0282960112179199,0.6157581023629323,0,1
EVT-00793,0,0.0014957578296847197,0.4403185897838344,0,0
EVT-00794,0,0.025106316278490106,0.1926669097248202,0,0
EVT-00795,0,0.02127969200594365,0.07460349116045176,0,0
EVT-00796,0,0.008723985356306422,0.05405051554699415,0,0
EVT-00797,0,0.03345308657763353,0.48108977800900393,0,0
EVT-00798,0,0.020630444749574126,0.31726369607209315,0,0
EVT-00799,0,0.03840118759395123,0.4007076003699891,0,0
EVT-00800,0,0.016030286282656923,0.4921246339995171,0,0
EVT-00801,0,0.012794742974309825,0.7153884428277311,0,1
EVT-00802,0,0.020895617732759716,0.4900617792324253,0,0
EVT-00803,0,0.019496093155943337,0.4086260879704496,0,0
EVT-00804,0,0.015782834309343567,0.5117164217179826,0,1
EVT-00805,0,0.02522383565760267,0.32044472625533926,0,0
EVT-00806,0,0.026520814695656283,0.6661174423179758,0,1
EVT-00807,0,0.03292534873188304,0.5839181495992809,0,1
EVT-00808,0,0.021353075480719495,0.5420985567381911,0,1
EVT-00809,0,0.003532386546896002,0.024395063782410284,0,0
EVT-00810,0,0.017393718922152752,0.11896664599656351,0,0
EVT-00811,1,0.9721009046869551,0.6591134377869937,1,1
EVT-00812,0,0.028591231263572003,0.4594299697758709,0,0
EVT-00813,0,0.02372097725612316,0.17609367296746023,0,0
EVT-00814,0,0.020630444749574126,0.31726369607209315,0,0
EVT-00815,0,0.003532386546896002,0.024395063782410284,0,0
EVT-00816,0,0.028308737186860406,0.44861975814386895,0,0
EVT-00817,0,0.01086948790770963,0.4625814311333651,0,0
EVT-00818,0,0.030368610443286325,0.596738869448946,0,1
EVT-00819,0,0.006316113950936865,0.316131281760652,0,0
EVT-00820,0,0.019650054428684213,0.6517164938060996,0,1
EVT-00821,0,0.03520286367506429,0.6509039830562298,0,1
EVT-00822,0,0.020034408692543113,0.4169429941693168,0,0
EVT-00823,0,0.028358928898769897,0.6144211071424178,0,1
EVT-00824,0,0.020174319980668206,0.3153070241818088,0,0
EVT-00825,0,0.020630444749574126,0.31726369607209315,0,0
EVT-00826,0,0.0029754526414574904,0.030024826056421594,0,0
EVT-00827,0,0.026166914445329755,0.32970435041208684,0,0
EVT-00828,0,0.01594646955591719,0.4130869866855707,0,0
EVT-00829,1,0.9584046318094925,0.6124828362369831,1,1
EVT-00830,0,0.02325541645806789,0.15547669657746888,0,0
EVT-00831,0,0.022545431979209968,0.34945969930415877,0,0
EVT-00832,0,0.0323405059374841,0.42942623161531746,0,0
EVT-00833,0,0.02372097725612316,0.17609367296746023,0,0
EVT-00834,0,0.003092731995652981,0.2993670295745915,0,0
EVT-00835,0,0.023704190226757012,0.31348815065104313,0,0
EVT-00836,0,0.011915001729396135,0.1457113142486302,0,0
EVT-00837,0,0.023704190226757012,0.31348815065104313,0,0
EVT-00838,0,0.005843848994040472,0.0762089345147558,0,0
EVT-00839,0,0.013281594754115262,0.09040433841265828,0,0
EVT-00840,0,0.011915001729396135,0.5627330531145203,0,1
EVT-00841,0,0.013281594754115262,0.3931873734012191,0,0
EVT-00842,0,0.0029754526414574904,0.03583725499605301,0,0
EVT-00843,0,0.02867431019369501,0.5763460232468229,0,1
EVT-00844,0,0.016365278299665952,0.10182129959729623,0,0
EVT-00845,0,0.016525205373604693,0.3826825152927904,0,0
EVT-00846,0,0.018862719781965173,0.3841388595910212,0,0
EVT-00847,0,0.02617918565066918,0.15404079136521703,0,0
EVT-00848,0,0.0153383056325396,0.5716504335309655,0,1
EVT-00849,0,0.0005507134593135363,0.01711914498121788,0,0
EVT-00850,0,0.013327937484700849,0.40787004878619154,0,0
EVT-00851,0,0.01646908862386333,0.5928157412386904,0,1
EVT-00852,0,0.003511431446827566,0.035528567607189546,0,0
EVT-00853,0,0.001012406947890819,0.3246412894699199,0,0
EVT-00854,0,0.021740786466552243,0.345462131071696,0,0
EVT-00855,1,0.9834426809113621,0.49666180551497546,1,0
EVT-00856,0,0.021740786466552243,0.345462131071696,0,0
EVT-00857,0,0.03406936809880245,0.47926436610027434,0,0
EVT-00858,0,0.02323227228741882,0.5725849769484328,0,1
EVT-00859,0,0.003511431446827566,0.024082466514137105,0,0
EVT-00860,0,0.022278295504808508,0.11407388519078487,0,0
EVT-00861,0,0.03736154388950589,0.6009928133501509,0,1
EVT-00862,0,0.02462535795311749,0.515455007616862,0,1
EVT-00863,0,0.020174319980668206,0.3153070241818088,0,0
EVT-00864,0,0.016365278299665952,0.29124893416638836,0,0
EVT-00865,0,0.005927679533716403,0.5439004935824585,0,1
EVT-00866,0,0.003511431446827566,0.024082466514137105,0,0
EVT-00867,0,0.03241581589890012,0.37122917458979743,0,0
EVT-00868,0,0.0029754526414574904,0.030024826056421594,0,0
EVT-00869,0,0.03241581589890012,0.37122917458979743,0,0
EVT-00870,0,0.022890802596805836,0.6074830790703438,0,1
EVT-00871,0,0.013281594754115262,0.3931873734012191,0,0
EVT-00872,0,0.003511431446827566,0.035528567607189546,0,0
EVT-00873,0,0.021241000832888355,0.5168687129757308,0,1
EVT-00874,0,0.017754282318099855,0.6664063155381525,0,1
EVT-00875,1,0.9787596784736647,0.5061495581735611,1,1
EVT-00876,0,0.02613188070758775,0.3211224204240983,0,0
EVT-00877,0,0.02154483128754622,0.5253366465818026,0,1
EVT-00878,0,0.0029754526414574904,0.0476872303311242,0,0
EVT-00879,0,0.0005507134593135363,0.01711914498121788,0,0
EVT-00880,0,0.01086948790770963,0.2888257552010582,0,0
EVT-00881,0,0.2748702078277209,0.4622451647491098,0,0
EVT-00882,0,0.018862719781965173,0.3841388595910212,0,0
EVT-00883,0,0.016954274473035,0.42943649605461776,0,0
EVT-00884,0,0.010620574513352132,0.4961257073786462,0,0
EVT-00885,0,0.011169663358659812,0.3088735567090226,0,0
EVT-00886,0,0.02613188070758775,0.40418468620283304,0,0
EVT-00887,0,0.005530981465338206,0.09538685982664814,0,0
EVT-00888,0,0.024456354758692445,0.5024893612347845,0,1
EVT-00889,0,0.018862719781965173,0.3841388595910212,0,0
EVT-00890,0,0.01588404329195093,0.5294196980955954,0,1
EVT-00891,0,0.026593468218482005,0.08613195870918096,0,0
EVT-00892,0,0.015782834309343567,0.47694982073617886,0,0
EVT-00893,0,0.02216612521774801,0.3768387349357947,0,0
EVT-00894,0,0.017754282318099855,0.5845618627384661,0,1
EVT-00895,0,0.020174319980668206,0.3153070241818088,0,0
EVT-00896,0,0.028324392099025993,0.4340682274472337,0,0
EVT-00897,0,0.005786291410471153,0.39765968802650886,0,0
EVT-00898,0,0.022890802596805836,0.6074830790703438,0,1
EVT-00899,0,0.005279692005943652,0.2939016981812846,0,0
EVT-00900,0,0.016030286282656923,0.4921246339995171,0,0
EVT-00901,0,0.020174319980668206,0.5325025292768434,0,1
EVT-00902,0,0.022278295504808508,0.11407388519078487,0,0
EVT-00903,0,0.017342221159712606,0.4793937995901112,0,0
EVT-00904,0,0.018046330721281846,0.5483094267064336,0,1
EVT-00905,0,0.024456354758692445,0.5024893612347845,0,1
EVT-00906,0,0.0153263713211101,0.26947485710784097,0,0
EVT-00907,0,0.016365278299665952,0.29124893416638836,0,0
EVT-00908,0,0.016030286282656923,0.4921246339995171,0,0
EVT-00909,0,0.02617918565066918,0.15404079136521703,0,0
EVT-00910,0,0.016365278299665952,0.29124893416638836,0,0
EVT-00911,0,0.03736154388950589,0.6009928133501509,0,1
EVT-00912,1,0.9756971367755949,0.6661174423179758,1,1
EVT-00913,1,0.9843786473997953,0.683546203452632,1,1
EVT-00914,1,0.9691043010510002,0.5052472148347097,1,1
EVT-00915,0,0.015526265543772885,0.35119270418380627,0,0
EVT-00916,0,0.01197435460608546,0.3144826132998734,0,0
EVT-00917,0,0.018900236466345626,0.06617964618054309,0,0
EVT-00918,1,0.8436675025131898,0.5713998674312024,1,1
EVT-00919,0,0.019708997396588518,0.10754854541335516,0,0
EVT-00920,1,0.9722299286701817,0.5660970573644648,1,1
EVT-00921,0,0.01394232870046732,0.5569802626800751,0,1
EVT-00922,0,0.01197435460608546,0.3144826132998734,0,0
EVT-00923,0,0.4118078682031817,0.5519763232014909,0,1
EVT-00924,0,0.021740786466552243,0.345462131071696,0,0
EVT-00925,0,0.022278295504808508,0.11407388519078487,0,0
EVT-00926,0,0.0029754526414574904,0.030024826056421594,0,0
EVT-00927,1,0.988514856350195,0.4419251898090802,1,0
EVT-00928,0,0.0029754526414574904,0.0476872303311242,0,0
EVT-00929,0,0.009286591306971076,0.06261285169382573,0,0
EVT-00930,0,0.020174319980668206,0.3153070241818088,0,0
EVT-00931,0,0.018900236466345626,0.10131397911120596,0,0
EVT-00932,0,0.02042777128822621,0.3958963311027148,0,0
EVT-00933,0,0.005530981465338206,0.09538685982664814,0,0
EVT-00934,1,0.9743465843690543,0.7575111542135281,1,1
EVT-00935,0,0.028324392099025993,0.48500470478143837,0,0
EVT-00936,0,0.0,0.06690124454776666,0,0
EVT-00937,0,0.019818750813085106,0.5544181490508308,0,1
EVT-00938,0,0.016365278299665952,0.29124893416638836,0,0
EVT-00939,0,0.029547405621145897,0.5062132067790412,0,1
EVT-00940,0,0.011915001729396135,0.5627330531145203,0,1
EVT-00941,0,0.012325461470623786,0.3348302023239468,0,0
EVT-00942,0,0.02617918565066918,0.15404079136521703,0,0
EVT-00943,0,0.011915001729396135,0.5627330531145203,0,1
EVT-00944,0,0.010620574513352132,0.4961257073786462,0,0
EVT-00945,0,0.013327194157225488,0.2827013813119667,0,0
EVT-00946,0,0.022545431979209968,0.34945969930415877,0,0
EVT-00947,0,0.001012406947890819,0.03603608978096953,0,0
EVT-00948,0,0.01838838392077949,0.32887732010997683,0,0
EVT-00949,0,0.01324579571065539,0.5315831003958744,0,1
EVT-00950,1,0.969025844058102,0.36638077175214356,1,0
EVT-00951,0,0.03736154388950589,0.5110937516777692,0,1
EVT-00952,1,0.969025844058102,0.36638077175214356,1,0
EVT-00953,0,0.02989246128936821,0.634689900430826,0,1
EVT-00954,0,0.008092699985070725,0.5713998674312024,0,1
EVT-00955,0,0.02042777128822621,0.3958963311027148,0,0
EVT-00956,0,0.020034408692543113,0.07641511939960118,0,0
EVT-00957,0,0.015867366061569844,0.5122172833024965,0,1
EVT-00958,1,0.9529123313479219,0.4639854186769713,1,0
EVT-00959,0,0.011169663358659812,0.3088735567090226,0,0
EVT-00960,0,0.014666807055174452,0.13498331772519667,0,0
EVT-00961,0,0.020895617732759716,0.4900617792324253,0,0
EVT-00962,0,0.025578592513123534,0.23480237179713068,0,0
EVT-00963,0,0.019548290171225068,0.3595797937292251,0,0
EVT-00964,0,0.024972918158496542,0.35575869018170225,0,0
EVT-00965,1,0.9368397452083083,0.528496751551109,1,1
EVT-00966,0,0.3810998638216749,0.5424388347549982,0,1
EVT-00967,0,0.03736154388950589,0.6009928133501509,0,1
EVT-00968,0,0.032205536321575134,0.181294939793603,0,0
EVT-00969,0,0.013281594754115262,0.09040433841265828,0,0
EVT-00970,0,0.0031242664895844287,0.07867845648437552,0,0
EVT-00971,0,0.0223317764594791,0.44792905154889867,0,0
EVT-00972,0,0.020895617732759716,0.45907107006633147,0,0
EVT-00973,0,0.02522383565760267,0.11661425599847075,0,0
EVT-00974,0,0.017310995217358165,0.06572878723045547,0,0
EVT-00975,0,0.01950973475027551,0.5138966263129883,0,1
EVT-00976,1,0.988576498261183,0.6664063155381525,1,1
EVT-00977,0,0.026225962287286277,0.6658733845025538,0,1
EVT-00978,1,0.9783465843690543,0.31726369607209315,1,0
EVT-00979,0,0.02154483128754622,0.5253366465818026,0,1
EVT-00980,0,0.04213538146085845,0.5677899369839104,0,1
EVT-00981,0,0.0,0.06690124454776666,0,0
EVT-00982,0,0.02989246128936821,0.634689900430826,0,1
EVT-00983,1,0.9356446448057695,0.32044472625533926,1,0
EVT-00984,0,0.003532386546896002,0.26179267899884295,0,0
EVT-00985,0,0.03343179221557956,0.6710370723215744,0,1
EVT-00986,0,0.008723985356306422,0.3988991920479977,0,0
EVT-00987,0,0.025595167795770486,0.5081346380981684,0,1
EVT-00988,0,0.016541250789155384,0.41780274493742375,0,0
EVT-00989,0,0.008810857824550827,0.5011010133132475,0,1
EVT-00990,0,0.03840118759395123,0.4007076003699891,0,0
EVT-00991,0,0.016541250789155384,0.42824892634709993,0,0
EVT-00992,0,0.004815588664957366,0.35383139931114144,0,0
EVT-00993,0,0.019708997396588518,0.4407108599382844,0,0
EVT-00994,0,0.0018984342780400303,0.06353122690988115,0,0
EVT-00995,1,0.9359343201102696,0.5519763232014909,1,1
EVT-00996,1,0.947549896745505,0.345462131071696,1,0
EVT-00997,1,0.9461380061200736,0.515455007616862,1,1
EVT-00998,0,0.02802465666363816,0.3311772409984243,0,0
EVT-00999,0,0.018900236466345626,0.06617964618054309,0,0
EVT-01000,0,0.030459960292194874,0.6839549512227512,0,1
EVT-01001,0,0.010715315529557618,0.056563417421760735,0,0
EVT-01002,0,0.02462535795311749,0.515455007616862,0,1
EVT-01003,0,0.014666807055174452,0.4622451647491098,0,0
EVT-01004,0,0.024115126128656572,0.6740117406884308,0,1
EVT-01005,0,0.01324579571065539,0.5315831003958744,0,1
EVT-01006,0,0.014666807055174452,0.4622451647491098,0,0
EVT-01007,0,0.022545431979209968,0.42553170958922476,0,0
EVT-01008,0,0.007619704284816103,0.24576896350578964,0,0
EVT-01009,0,0.3282099279712281,0.5352541298514532,0,1
EVT-01010,0,0.008723985356306422,0.05405051554699415,0,0
EVT-01011,0,0.016541250789155384,0.41780274493742375,0,0
EVT-01012,0,0.025595167795770486,0.5081346380981684,0,1
EVT-01013,0,0.02384926214920388,0.6333143686069893,0,1
EVT-01014,0,0.030368610443286325,0.589574460765222,0,1
EVT-01015,1,0.9444752318359618,0.32377653753067437,1,0
EVT-01016,0,0.015867366061569844,0.10224493650889858,0,0
EVT-01017,0,0.030459960292194874,0.48864005904188773,0,0
EVT-01018,0,0.018862719781965173,0.3841388595910212,0,0
EVT-01019,0,0.01838838392077949,0.32887732010997683,0,0
EVT-01020,0,0.016541250789155384,0.41780274493742375,0,0
EVT-01021,0,0.030625774950976917,0.5842623674676831,0,1
EVT-01022,0,0.016365278299665952,0.29124893416638836,0,0
EVT-01023,0,0.01838838392077949,0.32887732010997683,0,0
EVT-01024,0,0.029547405621145897,0.20272583078169465,0,0
EVT-01025,1,0.9756971367755949,0.6661174423179758,1,1
EVT-01026,0,0.003092731995652981,0.06198348981108605,0,0
EVT-01027,0,0.020076336269341712,0.49222545163257175,0,0
EVT-01028,1,0.9804573058970079,0.634689900430826,1,1
EVT-01029,0,0.03292534873188304,0.5839181495992809,0,1
EVT-01030,1,0.9746547880475768,0.55940935384423,1,1
EVT-01031,0,0.021247094271507106,0.49097732290173557,0,0
EVT-01032,0,0.034624369009524744,0.5417579192388993,0,1
EVT-01033,1,0.9609546678305884,0.6618232883037343,1,1
EVT-01034,0,0.02741429766162338,0.44901203517694,0,0
EVT-01035,0,0.021353075480719495,0.5551280582055161,0,1
EVT-01036,1,0.9312160934286441,0.45146954432320496,1,0
EVT-01037,0,0.02462535795311749,0.4528245460488708,0,0
EVT-01038,0,0.029547405621145897,0.5062132067790412,0,1
EVT-01039,0,0.02042777128822621,0.44660576816021086,0,0
EVT-01040,0,0.022278295504808508,0.11407388519078487,0,0
EVT-01041,0,0.005786291410471153,0.39765968802650886,0,0
EVT-01042,0,0.008810857824550827,0.407750160885735,0,0
EVT-01043,1,0.8788159452852009,0.5315831003958744,1,1
EVT-01044,0,0.01197435460608546,0.3144826132998734,0,0
EVT-01045,1,0.9178149226692695,0.5325025292768434,1,1
EVT-01046,0,0.021740786466552243,0.345462131071696,0,0
EVT-01047,0,0.02462535795311749,0.515455007616862,0,1
EVT-01048,0,0.021241000832888355,0.5660970573644648,0,1
EVT-01049,0,0.03343179221557956,0.6710370723215744,0,1
EVT-01050,1,0.931038990133955,0.6009928133501509,1,1
EVT-01051,0,0.025313115115326097,0.4574284909270434,0,0
EVT-01052,0,0.02216612521774801,0.15658217394393548,0,0
EVT-01053,0,0.0223317764594791,0.44792905154889867,0,0
EVT-01054,0,0.020034408692543113,0.4169429941693168,0,0
EVT-01055,0,0.008092699985070725,0.5713998674312024,0,1
EVT-01056,0,0.013281594754115262,0.09040433841265828,0,0
EVT-01057,0,0.018046330721281846,0.5483094267064336,0,1
EVT-01058,1,0.9689546678305884,0.6618232883037343,1,1
EVT-01059,0,0.013327937484700849,0.40787004878619154,0,0
EVT-01060,1,0.8292735203416954,0.32887732010997683,1,0
EVT-01061,0,0.023806783197126834,0.55940935384423,0,1
EVT-01062,0,0.012741899183337695,0.3154992691152062,0,0
EVT-01063,0,0.020630444749574126,0.31726369607209315,0,0
EVT-01064,0,0.024683304502360684,0.4120413657419559,0,0
EVT-01065,1,0.9563786473997953,0.683546203452632,1,1
EVT-01066,0,0.028308737186860406,0.44861975814386895,0,0
EVT-01067,0,0.009058979217858181,0.5212745899248233,0,1
EVT-01068,0,0.020895617732759716,0.45907107006633147,0,0
EVT-01069,0,0.018862719781965173,0.3841388595910212,0,0
EVT-01070,0,0.014666807055174452,0.13498331772519667,0,0
EVT-01071,0,0.0005507134593135363,0.021245476385819535,0,0
EVT-01072,0,0.001012406947890819,0.3246412894699199,0,0
EVT-01073,0,0.005843848994040472,0.2478098600203849,0,0
EVT-01074,0,0.024456354758692445,0.5024893612347845,0,1
EVT-01075,0,0.01631034258897741,0.550431609878396,0,1
EVT-01076,0,0.019496093155943337,0.14305814723287993,0,0
EVT-01077,0,0.03403912216444739,0.5130579681787595,0,1
EVT-01078,0,0.018046330721281846,0.5483094267064336,0,1
EVT-01079,0,0.025106316278490106,0.1926669097248202,0,0
EVT-01080,0,0.028308737186860406,0.44861975814386895,0,0
EVT-01081,0,0.011915001729396135,0.5627330531145203,0,1
EVT-01082,0,0.03111091324343743,0.6794185491010917,0,1
EVT-01083,0,0.0029754526414574904,0.03583725499605301,0,0
EVT-01084,1,0.9731412067438752,0.6291987102289129,1,1
EVT-01085,0,0.01324579571065539,0.08823278801977295,0,0
EVT-01086,0,0.02462535795311749,0.515455007616862,0,1
EVT-01087,0,0.01197435460608546,0.3144826132998734,0,0
EVT-01088,0,0.005843848994040472,0.0762089345147558,0,0
EVT-01089,0,0.016954274473035,0.42943649605461776,0,0
EVT-01090,0,0.030459960292194874,0.6839549512227512,0,1
EVT-01091,0,0.03310256525346667,0.48998486024703874,0,0
EVT-01092,0,0.01594646955591719,0.4130869866855707,0,0
EVT-01093,0,0.01950973475027551,0.5120521389508366,0,1
EVT-01094,0,0.005530981465338206,0.09538685982664814,0,0
EVT-01095,0,0.003092731995652981,0.06198348981108605,0,0
EVT-01096,0,0.02522383565760267,0.32044472625533926,0,0
EVT-01097,0,0.02867431019369501,0.5763460232468229,0,1
EVT-01098,0,0.0018984342780400303,0.061930712424138924,0,0
EVT-01099,0,0.030827274889436387,0.6591134377869937,0,1
EVT-01100,0,0.001012406947890819,0.3246412894699199,0,0
EVT-01101,0,0.016954274473035,0.42943649605461776,0,0
EVT-01102,0,0.015526265543772885,0.35119270418380627,0,0
EVT-01103,0,0.012741899183337695,0.3154992691152062,0,0
EVT-01104,0,0.02522383565760267,0.32044472625533926,0,0
EVT-01105,0,0.023704190226757012,0.31348815065104313,0,0
EVT-01106,1,0.8167456533045884,0.528496751551109,1,1
EVT-01107,0,0.008092699985070725,0.11336696719237281,0,0
EVT-01108,0,0.023704190226757012,0.31348815065104313,0,0
EVT-01109,0,0.032205536321575134,0.181294939793603,0,0
EVT-01110,0,0.03111091324343743,0.6794185491010917,0,1
EVT-01111,0,0.023976679720170688,0.4044015843287316,0,0
EVT-01112,1,0.9680120543839023,0.567881502289538,1,1
EVT-01113,0,0.29173884815540146,0.34520918292031566,0,0
EVT-01114,1,0.9285110409793099,0.6074830790703438,1,1
EVT-01115,0,0.028324392099025993,0.48500470478143837,0,0
EVT-01116,0,0.01631034258897741,0.550431609878396,0,1
EVT-01117,0,0.02741429766162338,0.7266269348862782,0,1
EVT-01118,0,0.0029754526414574904,0.03286871527443415,0,0
EVT-01119,0,0.0153383056325396,0.12574380935590004,0,0
EVT-01120,0,0.020322686077028775,0.36300148071464955,0,0
EVT-01121,0,0.009058979217858181,0.4419251898090802,0,0
EVT-01122,0,0.02325541645806789,0.15954663923297163,0,0
EVT-01123,0,0.026520814695656283,0.6661174423179758,0,1
EVT-01124,0,0.022545431979209968,0.34945969930415877,0,0
EVT-01125,0,0.0282960112179199,0.6157581023629323,0,1
EVT-01126,0,0.026335018024927825,0.6618232883037343,0,1
EVT-01127,0,0.008723985356306422,0.05405051554699415,0,0
EVT-01128,0,0.008723985356306422,0.3988991920479977,0,0
EVT-01129,0,0.026593468218482005,0.08613195870918096,0,0
EVT-01130,0,0.03111091324343743,0.7359701441174481,0,1
EVT-01131,0,0.003866936571761476,0.2948549362580946,0,0
EVT-01132,1,0.9345943532455686,0.3154992691152062,1,0
EVT-01133,0,0.013327194157225488,0.2827013813119667,0,0
EVT-01134,0,0.0223317764594791,0.44792905154889867,0,0
EVT-01135,0,0.03520286367506429,0.6509039830562298,0,1
EVT-01136,0,0.024683304502360684,0.4120413657419559,0,0
EVT-01137,0,0.0036197042848161026,0.24576896350578964,0,0
EVT-01138,0,0.021353075480719495,0.5551280582055161,0,1
EVT-01139,1,0.9580594586162521,0.6740117406884308,1,1
EVT-01140,0,0.008810857824550827,0.5011010133132475,0,1
EVT-01141,0,0.003532386546896002,0.024395063782410284,0,0
EVT-01142,0,0.021005282387554315,0.43739277547060434,0,0
EVT-01143,0,0.013327937484700849,0.40787004878619154,0,0
EVT-01144,0,0.0036197042848161026,0.24576896350578964,0,0
EVT-01145,0,0.03345308657763353,0.13604025400954337,0,0
EVT-01146,0,0.021740786466552243,0.345462131071696,0,0
EVT-01147,0,0.0036197042848161026,0.24576896350578964,0,0
EVT-01148,0,0.024115126128656572,0.19794630012591286,0,0
EVT-01149,0,0.0011490183456710657,0.36638077175214356,0,0
EVT-01150,0,0.017342221159712606,0.4793937995901112,0,0
EVT-01151,0,0.01954697255726736,0.3731687313916801,0,0
EVT-01152,0,0.02216612521774801,0.15658217394393548,0,0
EVT-01153,0,0.016925299056338584,0.4467423856268551,0,0
EVT-01154,0,0.032671682661108675,0.7666224596986625,0,1
EVT-01155,0,0.03406936809880245,0.45146954432320496,0,0
EVT-01156,0,0.030459960292194874,0.6839549512227512,0,1
EVT-01157,1,0.9746547880475768,0.55940935384423,1,1
EVT-01158,0,0.006316113950936865,0.316131281760652,0,0
EVT-01159,0,0.013281594754115262,0.3931873734012191,0,0
EVT-01160,0,0.005843848994040472,0.0762089345147558,0,0
EVT-01161,0,0.030827274889436387,0.6591134377869937,0,1
EVT-01162,0,0.030368610443286325,0.589574460765222,0,1
EVT-01163,0,0.018900236466345626,0.06617964618054309,0,0
EVT-01164,0,0.015526265543772885,0.35119270418380627,0,0
EVT-01165,1,0.842085325881662,0.020471400260052043,1,0
EVT-01166,0,0.020034408692543113,0.4169429941693168,0,0
EVT-01167,1,0.979669300411153,0.6615010252244269,1,1
EVT-01168,0,0.025106316278490106,0.5352541298514532,0,1
EVT-01169,0,0.003532386546896002,0.26179267899884295,0,0
EVT-01170,0,0.0036197042848161026,0.24576896350578964,0,0
EVT-01171,0,0.020630444749574126,0.31726369607209315,0,0
EVT-01172,0,0.012325461470623786,0.3348302023239468,0,0
EVT-01173,0,0.023704190226757012,0.31348815065104313,0,0
EVT-01174,0,0.019708997396588518,0.4407108599382844,0,0
EVT-01175,0,0.010620574513352132,0.4961257073786462,0,0
EVT-01176,0,0.020322686077028775,0.4633846337615451,0,0
EVT-01177,0,0.021247094271507106,0.49097732290173557,0,0
EVT-01178,0,0.003532386546896002,0.26179267899884295,0,0
EVT-01179,1,0.9619492027121143,0.3731687313916801,1,0
EVT-01180,0,0.010715315529557618,0.056563417421760735,0,0
EVT-01181,0,0.02273325848746901,0.47534232256286646,0,0
EVT-01182,0,0.02042777128822621,0.3958963311027148,0,0
EVT-01183,0,0.0014957578296847197,0.528496751551109,0,1
EVT-01184,0,0.024972918158496542,0.4627005344489743,0,0
EVT-01185,0,0.0282960112179199,0.6157581023629323,0,1
EVT-01186,0,0.0223317764594791,0.44792905154889867,0,0
EVT-01187,0,0.008810857824550827,0.5011010133132475,0,1
EVT-01188,0,0.021005282387554315,0.43739277547060434,0,0
EVT-01189,0,0.027204970724302086,0.6291987102289129,0,1
EVT-01190,1,0.9805148563501951,0.4419251898090802,1,0
EVT-01191,1,0.9097260463915149,0.26179267899884295,1,0
EVT-01192,0,0.010135018300528636,0.4618598121460932,0,0
EVT-01193,0,0.005673612954430005,0.40008680680427783,0,0
EVT-01194,0,0.003511431446827566,0.035528567607189546,0,0
EVT-01195,0,0.014666807055174452,0.13498331772519667,0,0
EVT-01196,0,0.02273325848746901,0.4602242746924131,0,0
EVT-01197,0,0.010135018300528636,0.4618598121460932,0,0
EVT-01198,0,0.004064705117212539,0.3284897077103409,0,0
EVT-01199,0,0.024115126128656572,0.19794630012591286,0,0
EVT-01200,0,0.005927679533716403,0.49266357819155315,0,0
EVT-01201,0,0.026166914445329755,0.32970435041208684,0,0
EVT-01202,0,0.0,0.27147180431145707,0,0
EVT-01203,0,0.022278295504808508,0.11407388519078487,0,0
EVT-01204,0,0.013281594754115262,0.3931873734012191,0,0
EVT-01205,1,0.9670389901339549,0.6009928133501509,1,1
EVT-01206,0,0.008092699985070725,0.11336696719237281,0,0
EVT-01207,0,0.004985823234418422,0.06529391009453986,0,0
EVT-01208,0,0.02802465666363816,0.3311772409984243,0,0
EVT-01209,1,0.433480737412567,0.07867845648437552,0,0
EVT-01210,0,0.003769468890295764,0.05892474076328817,0,0
EVT-01211,0,0.0282960112179199,0.6157581023629323,0,1
EVT-01212,0,0.017516626270912085,0.10922127381795607,0,0
EVT-01213,0,0.01588404329195093,0.5294196980955954,0,1
EVT-01214,0,0.043976679720170685,0.4044015843287316,0,0
EVT-01215,1,0.9559910537525456,0.32970435041208684,1,0
EVT-01216,0,0.020034408692543113,0.4169429941693168,0,0
EVT-01217,0,0.0153383056325396,0.5716504335309655,0,1
EVT-01218,0,0.016541250789155384,0.41780274493742375,0,0
EVT-01219,1,0.9272642466089299,0.29124893416638836,1,0
EVT-01220,0,0.018900236466345626,0.10131397911120596,0,0
EVT-01221,0,0.017516626270912085,0.10922127381795607,0,0
EVT-01222,0,0.028358928898769897,0.6144211071424178,0,1
EVT-01223,0,0.017754282318099855,0.6664063155381525,0,1
EVT-01224,0,0.010661932709780818,0.5874258428201588,0,1
EVT-01225,0,0.02612474470671336,0.2608494585258251,0,0
EVT-01226,0,0.03736154388950589,0.6009928133501509,0,1
EVT-01227,0,0.005786291410471153,0.43662321093898615,0,0
EVT-01228,0,0.017065523856643557,0.7029130162730981,0,1
EVT-01229,0,0.01324579571065539,0.5315831003958744,0,1
EVT-01230,0,0.03403912216444739,0.5130579681787595,0,1
EVT-01231,0,0.004064705117212539,0.020471400260052043,0,0
EVT-01232,0,0.022890802596805836,0.6074830790703438,0,1
EVT-01233,0,0.03310256525346667,0.21932973553468654,0,0
EVT-01234,1,0.9691365953648694,0.34945969930415877,1,0
EVT-01235,0,0.02154483128754622,0.5253366465818026,0,1
EVT-01236,0,0.02989246128936821,0.634689900430826,0,1
EVT-01237,0,0.02273325848746901,0.47534232256286646,0,0
EVT-01238,0,0.0036197042848161026,0.24576896350578964,0,0
EVT-01239,0,0.013496421357886056,0.23401621883479828,0,0
EVT-01240,0,0.013327937484700849,0.29390375114044764,0,0
EVT-01241,0,0.01086948790770963,0.2888257552010582,0,0
EVT-01242,0,0.010661932709780818,0.09720088212684751,0,0
EVT-01243,0,0.022890802596805836,0.6074830790703438,0,1
EVT-01244,0,0.01197435460608546,0.3144826132998734,0,0
EVT-01245,0,0.017065523856643557,0.7029130162730981,0,1
EVT-01246,0,0.026335018024927825,0.40542149172416886,0,0
EVT-01247,0,0.01086948790770963,0.2888257552010582,0,0
EVT-01248,0,0.013281594754115262,0.3931873734012191,0,0
EVT-01249,0,0.010661932709780818,0.09720088212684751,0,0
EVT-01250,0,0.0,0.27147180431145707,0,0
EVT-01251,0,0.01324579571065539,0.5315831003958744,0,1
EVT-01252,0,0.028324392099025993,0.4340682274472337,0,0
EVT-01253,0,0.02323227228741882,0.18529733640018398,0,0
EVT-01254,0,0.022278295504808508,0.33290090124712096,0,0
EVT-01255,0,0.020034408692543113,0.4169429941693168,0,0
EVT-01256,1,0.9846430597418315,0.5516165655864345,1,1
EVT-01257,0,0.005786291410471153,0.39765968802650886,0,0
EVT-01258,1,0.9232160934286441,0.45146954432320496,1,0
EVT-01259,0,0.02989246128936821,0.634689900430826,0,1
EVT-01260,0,0.022890802596805836,0.6074830790703438,0,1
EVT-01261,0,0.02372097725612316,0.43813958057197017,0,0
EVT-01262,0,0.012794742974309825,0.572569295108708,0,1
EVT-01263,0,0.003092731995652981,0.2993670295745915,0,0
EVT-01264,0,0.0036197042848161026,0.24576896350578964,0,0
EVT-01265,0,0.012741899183337695,0.3154992691152062,0,0
EVT-01266,0,0.025809717609115056,0.6615010252244269,0,1
EVT-01267,0,0.0018984342780400303,0.061930712424138924,0,0
EVT-01268,0,0.003511431446827566,0.46912463952975936,0,0
EVT-01269,0,0.028308737186860406,0.44861975814386895,0,0
EVT-01270,0,0.010661932709780818,0.5874258428201588,0,1
EVT-01271,0,0.001012406947890819,0.03603608978096953,0,0
EVT-01272,0,0.016365278299665952,0.29124893416638836,0,0
EVT-01273,0,0.010620574513352132,0.4961257073786462,0,0
EVT-01274,0,0.01394232870046732,0.5569802626800751,0,1
EVT-01275,0,0.003092731995652981,0.2993670295745915,0,0
EVT-01276,1,0.979669300411153,0.6615010252244269,1,1
EVT-01277,0,0.01594646955591719,0.4130869866855707,0,0
EVT-01278,0,0.013327194157225488,0.2827013813119667,0,0
EVT-01279,0,0.0029754526414574904,0.03583725499605301,0,0
EVT-01280,0,0.03840118759395123,0.5538705949092024,0,1
EVT-01281,0,0.01170536912190702,0.3820258101436988,0,0
EVT-01282,0,0.01950973475027551,0.5138966263129883,0,1
EVT-01283,0,0.014666807055174452,0.5109259141513496,0,1
EVT-01284,0,0.006316113950936865,0.316131281760652,0,0
EVT-01285,0,0.005786291410471153,0.39765968802650886,0,0
EVT-01286,0,0.010661932709780818,0.5874258428201588,0,1
EVT-01287,0,0.02741429766162338,0.7266269348862782,0,1
EVT-01288,0,0.0323405059374841,0.42942623161531746,0,0
EVT-01289,0,0.03241581589890012,0.37122917458979743,0,0
EVT-01290,0,0.022278295504808508,0.33290090124712096,0,0
EVT-01291,0,0.02372097725612316,0.43813958057197017,0,0
EVT-01292,0,0.0029754526414574904,0.030024826056421594,0,0
EVT-01293,0,0.01954697255726736,0.3731687313916801,0,0
EVT-01294,0,0.01954697255726736,0.3731687313916801,0,0
EVT-01295,0,0.017393718922152752,0.11896664599656351,0,0
EVT-01296,1,0.9756971367755949,0.6661174423179758,1,1
EVT-01297,0,0.012541495814498071,0.4600082422465248,0,0
EVT-01298,0,0.003511431446827566,0.46912463952975936,0,0
EVT-01299,0,0.008723985356306422,0.05405051554699415,0,0
EVT-01300,0,0.005927679533716403,0.49266357819155315,0,0
EVT-01301,0,0.003532386546896002,0.024395063782410284,0,0
EVT-01302,0,0.03736154388950589,0.6009928133501509,0,1
EVT-01303,0,0.020630444749574126,0.7575111542135281,0,1
EVT-01304,0,0.017342221159712606,0.5516165655864345,0,1
EVT-01305,0,0.0011490183456710657,0.36638077175214356,0,0
EVT-01306,0,0.02674431050194675,0.12803993485927043,0,0
EVT-01307,0,0.2915112661455747,0.3940915082801179,0,0
EVT-01308,0,0.01679200751654846,0.15945728733807826,0,0
EVT-01309,0,0.0029754526414574904,0.03583725499605301,0,0
EVT-01310,0,0.02802465666363816,0.6124828362369831,0,1
EVT-01311,0,0.02384926214920388,0.5424388347549982,0,1
EVT-01312,0,0.027204970724302086,0.21571285103785312,0,0
EVT-01313,0,0.012541495814498071,0.4600082422465248,0,0
EVT-01314,0,0.005673612954430005,0.03719194820569662,0,0
EVT-01315,0,0.04213538146085845,0.5677899369839104,0,1
EVT-01316,0,0.01086948790770963,0.2888257552010582,0,0
EVT-01317,0,0.0014957578296847197,0.528496751551109,0,1
EVT-01318,0,0.022278295504808508,0.33290090124712096,0,0
EVT-01319,1,0.9661106132663011,0.6794185491010917,1,1
EVT-01320,0,0.005530981465338206,0.09538685982664814,0,0
EVT-01321,0,0.028324392099025993,0.48500470478143837,0,0
EVT-01322,0,0.03111091324343743,0.6794185491010917,0,1
EVT-01323,0,0.01170536912190702,0.3820258101436988,0,0
EVT-01324,0,0.01170536912190702,0.3820258101436988,0,0
EVT-01325,0,0.008723985356306422,0.05405051554699415,0,0
EVT-01326,0,0.030459960292194874,0.48864005904188773,0,0
EVT-01327,0,0.0031242664895844287,0.07867845648437552,0,0
EVT-01328,0,0.003092731995652981,0.2993670295745915,0,0
EVT-01329,0,0.020895617732759716,0.4900617792324253,0,0
EVT-01330,0,0.003769468890295764,0.05892474076328817,0,0
EVT-01331,0,0.026335018024927825,0.40542149172416886,0,0
EVT-01332,0,0.003092731995652981,0.06198348981108605,0,0
EVT-01333,0,0.025578592513123534,0.5939786580429977,0,1
EVT-01334,0,0.020895617732759716,0.45907107006633147,0,0
EVT-01335,0,0.017310995217358165,0.06572878723045547,0,0
EVT-01336,0,0.0005507134593135363,0.01711914498121788,0,0
EVT-01337,1,0.9609123313479219,0.4639854186769713,1,0
EVT-01338,0,0.004815588664957366,0.09314729666919548,0,0
EVT-01339,1,0.9825857842977178,0.6370890936177408,1,1
EVT-01340,0,0.01631034258897741,0.550431609878396,0,1
EVT-01341,0,0.018862719781965173,0.3841388595910212,0,0
EVT-01342,0,0.034624369009524744,0.602382314935049,0,1
EVT-01343,0,0.0,0.03112573705639369,0,0
EVT-01344,0,0.008810857824550827,0.5011010133132475,0,1
EVT-01345,0,0.015526265543772885,0.35119270418380627,0,0
EVT-01346,0,0.021247094271507106,0.32377653753067437,0,0
EVT-01347,0,0.03406936809880245,0.45146954432320496,0,0
EVT-01348,0,0.017516626270912085,0.0752535822099249,0,0
EVT-01349,0,0.019496093155943337,0.14305814723287993,0,0
EVT-01350,0,0.03345308657763353,0.13604025400954337,0,0
EVT-01351,0,0.015867366061569844,0.5122172833024965,0,1
EVT-01352,0,0.0153383056325396,0.5716504335309655,0,1
EVT-01353,0,0.0153263713211101,0.06667563505005417,0,0
EVT-01354,0,0.0223317764594791,0.44792905154889867,0,0
EVT-01355,0,0.016954274473035,0.1434365098383412,0,0
EVT-01356,0,0.02325541645806789,0.15954663923297163,0,0
EVT-01357,0,0.021241000832888355,0.5660970573644648,0,1
EVT-01358,0,0.030368610443286325,0.589574460765222,0,1
EVT-01359,1,0.9788611080347773,0.4844113548023451,1,0
EVT-01360,0,0.018900236466345626,0.10131397911120596,0,0
EVT-01361,1,0.9438460293830966,0.48500470478143837,1,0
EVT-01362,1,0.9670389901339549,0.5110937516777692,1,1
EVT-01363,0,0.03292534873188304,0.21962757020171678,0,0
EVT-01364,0,0.015867366061569844,0.10224493650889858,0,0
EVT-01365,0,0.028324392099025993,0.48500470478143837,0,0
EVT-01366,0,0.030368610443286325,0.589574460765222,0,1
EVT-01367,0,0.009286591306971076,0.06261285169382573,0,0
EVT-01368,0,0.003092731995652981,0.2993670295745915,0,0
EVT-01369,0,0.017065523856643557,0.6842229689048035,0,1
EVT-01370,0,0.026593468218482005,0.08613195870918096,0,0
EVT-01371,0,0.023704190226757012,0.18410677986680693,0,0
EVT-01372,1,0.9178149226692695,0.5325025292768434,1,1
EVT-01373,0,0.016030286282656923,0.4921246339995171,0,0
EVT-01374,0,0.018900236466345626,0.10131397911120596,0,0
EVT-01375,0,0.01170536912190702,0.3820258101436988,0,0
EVT-01376,0,0.03345308657763353,0.13604025400954337,0,0
EVT-01377,0,0.005786291410471153,0.43662321093898615,0,0
EVT-01378,0,0.007959584488665114,0.34218341208908165,0,0
EVT-01379,0,0.013327194157225488,0.2827013813119667,0,0
EVT-01380,0,0.02867431019369501,0.3289025481080631,0,0
EVT-01381,0,0.020630444749574126,0.31726369607209315,0,0
EVT-01382,0,0.0005507134593135363,0.01711914498121788,0,0
EVT-01383,0,0.04213538146085845,0.5677899369839104,0,1
EVT-01384,0,0.0,0.03112573705639369,0,0
EVT-01385,0,0.025313115115326097,0.34520918292031566,0,0
EVT-01386,0,0.010135018300528636,0.4618598121460932,0,0
EVT-01387,0,0.0005507134593135363,0.01711914498121788,0,0
EVT-01388,0,0.006316113950936865,0.316131281760652,0,0
EVT-01389,0,0.010661932709780818,0.5874258428201588,0,1
EVT-01390,0,0.01324579571065539,0.08823278801977295,0,0
EVT-01391,0,0.019496093155943337,0.14305814723287993,0,0
EVT-01392,0,0.005673612954430005,0.03719194820569662,0,0
EVT-01393,0,0.028308737186860406,0.44861975814386895,0,0
EVT-01394,0,0.030625774950976917,0.25652175458076065,0,0
EVT-01395,0,0.02613188070758775,0.40418468620283304,0,0
EVT-01396,0,0.018862719781965173,0.3841388595910212,0,0
EVT-01397,0,0.022278295504808508,0.33290090124712096,0,0
EVT-01398,0,0.034624369009524744,0.602382314935049,0,1
EVT-01399,0,0.03840118759395123,0.4007076003699891,0,0
EVT-01400,0,0.022890802596805836,0.6074830790703438,0,1
EVT-01401,0,0.01679200751654846,0.6370890936177408,0,1
EVT-01402,0,0.004985823234418422,0.07193739436781964,0,0
EVT-01403,0,0.014666807055174452,0.432616613611552,0,0
EVT-01404,0,0.02613188070758775,0.3211224204240983,0,0
EVT-01405,0,0.005530981465338206,0.09538685982664814,0,0
EVT-01406,0,0.019548290171225068,0.3595797937292251,0,0
EVT-01407,0,0.02154483128754622,0.5253366465818026,0,1
EVT-01408,0,0.03403912216444739,0.5130579681787595,0,1
EVT-01409,0,0.024456354758692445,0.5024893612347845,0,1
EVT-01410,0,0.024456354758692445,0.5024893612347845,0,1
EVT-01411,0,0.0,0.2606343625697662,0,0
EVT-01412,0,0.008810857824550827,0.407750160885735,0,0
EVT-01413,0,0.004985823234418422,0.06529391009453986,0,0
EVT-01414,0,0.028358928898769897,0.6144211071424178,0,1
EVT-01415,0,0.02325541645806789,0.15547669657746888,0,0
EVT-01416,0,0.022890802596805836,0.6074830790703438,0,1
EVT-01417,0,0.028324392099025993,0.4340682274472337,0,0
EVT-01418,0,0.03736154388950589,0.5110937516777692,0,1
EVT-01419,0,0.0031242664895844287,0.07867845648437552,0,0
EVT-01420,0,0.021005282387554315,0.43739277547060434,0,0
EVT-01421,0,0.0014957578296847197,0.043806517780935805,0,0
EVT-01422,0,0.03840118759395123,0.4007076003699891,0,0
EVT-01423,0,0.011169663358659812,0.3088735567090226,0,0
EVT-01424,0,0.0,0.03112573705639369,0,0
EVT-01425,0,0.015782834309343567,0.5117164217179826,0,1
EVT-01426,0,0.03345308657763353,0.13604025400954337,0,0
EVT-01427,1,0.9782933932755202,0.5725849769484328,1,1
EVT-01428,0,0.011915001729396135,0.1457113142486302,0,0
EVT-01429,0,0.028358928898769897,0.6144211071424178,0,1
EVT-01430,0,0.02273325848746901,0.47534232256286646,0,0
EVT-01431,1,0.9573234308933121,0.5874258428201588,1,1
EVT-01432,0,0.028591231263572003,0.4594299697758709,0,0
EVT-01433,0,0.02802465666363816,0.3311772409984243,0,0
EVT-01434,1,0.9580594586162521,0.19794630012591286,1,0
EVT-01435,1,0.9493965376826885,0.4407108599382844,1,0
EVT-01436,0,0.03520286367506429,0.6509039830562298,0,1
EVT-01437,0,0.03310256525346667,0.21932973553468654,0,0
EVT-01438,0,0.010135018300528636,0.4618598121460932,0,0
EVT-01439,0,0.026520814695656283,0.1279244465984401,0,0
EVT-01440,0,0.032671682661108675,0.7666224596986625,0,1
EVT-01441,0,0.02372097725612316,0.43813958057197017,0,0
EVT-01442,0,0.0011490183456710657,0.36638077175214356,0,0
EVT-01443,0,0.026520814695656283,0.1279244465984401,0,0
EVT-01444,0,0.0,0.2606343625697662,0,0
EVT-01445,0,0.0230037751412662,0.11952807413638886,0,0
EVT-01446,1,0.9782068664235443,0.7266269348862782,1,1
EVT-01447,0,0.0,0.014811312899362966,0,0
EVT-01448,1,0.9821013075423366,0.7558644070620869,1,1
EVT-01449,1,0.8483683597114419,0.32044472625533926,1,0
EVT-01450,0,0.013327937484700849,0.29390375114044764,0,0
EVT-01451,0,0.030625774950976917,0.5842623674676831,0,1
EVT-01452,0,0.032205536321575134,0.181294939793603,0,0
EVT-01453,0,0.02216612521774801,0.15658217394393548,0,0
EVT-01454,0,0.02802465666363816,0.3311772409984243,0,0
EVT-01455,0,0.0,0.014811312899362966,0,0
EVT-01456,0,0.03345308657763353,0.13604025400954337,0,0
EVT-01457,0,0.017516626270912085,0.10922127381795607,0,0
EVT-01458,0,0.02612474470671336,0.2608494585258251,0,0
EVT-01459,0,0.0,0.06511766529921091,0,0
EVT-01460,0,0.016925299056338584,0.6442644379036971,0,1
EVT-01461,0,0.025313115115326097,0.4574284909270434,0,0
EVT-01462,0,0.023976679720170688,0.4044015843287316,0,0
EVT-01463,0,0.012794742974309825,0.7153884428277311,0,1
EVT-01464,0,0.03345308657763353,0.13604025400954337,0,0
EVT-01465,0,0.02612474470671336,0.09348108080549652,0,0
EVT-01466,0,0.01394232870046732,0.5569802626800751,0,1
EVT-01467,0,0.025106316278490106,0.5352541298514532,0,1
EVT-01468,0,0.029310982111019887,0.3503868572425555,0,0
EVT-01469,0,0.024683304502360684,0.4120413657419559,0,0
EVT-01470,0,0.0153263713211101,0.26947485710784097,0,0
EVT-01471,0,0.017516626270912085,0.10922127381795607,0,0
EVT-01472,0,0.04528159475411526,0.09040433841265828,0,0
EVT-01473,0,0.02613188070758775,0.3211224204240983,0,0
EVT-01474,0,0.01838838392077949,0.32887732010997683,0,0
EVT-01475,0,0.0205252053736047,0.3826825152927904,0,0
EVT-01476,0,0.02617918565066918,0.15404079136521703,0,0
EVT-01477,0,0.013327937484700849,0.40787004878619154,0,0
EVT-01478,0,0.0323405059374841,0.42942623161531746,0,0
EVT-01479,0,0.003511431446827566,0.035528567607189546,0,0
EVT-01480,0,0.030368610443286325,0.589574460765222,0,1
EVT-01481,1,0.7144446853393758,0.39765968802650886,1,0
EVT-01482,0,0.03345308657763353,0.13604025400954337,0,0
EVT-01483,0,0.017065523856643557,0.7029130162730981,0,1
EVT-01484,0,0.027204970724302086,0.6291987102289129,0,1
EVT-01485,0,0.025595167795770486,0.5081346380981684,0,1
EVT-01486,0,0.02372097725612316,0.43813958057197017,0,0
EVT-01487,0,0.0005507134593135363,0.01711914498121788,0,0
EVT-01488,0,0.009286591306971076,0.0570103835565156,0,0
EVT-01489,0,0.017065523856643557,0.7029130162730981,0,1
EVT-01490,0,0.02989246128936821,0.5397548683385278,0,1
EVT-01491,1,0.918509985711056,0.4921246339995171,1,0
EVT-01492,0,0.030459960292194874,0.48864005904188773,0,0
EVT-01493,0,0.02612474470671336,0.09348108080549652,0,0
EVT-01494,0,0.014666807055174452,0.13498331772519667,0,0
EVT-01495,0,0.03343179221557956,0.6710370723215744,0,1
EVT-01496,0,0.022890802596805836,0.10708929172931873,0,0
EVT-01497,0,0.0036197042848161026,0.015615462476982644,0,0
EVT-01498,0,0.014135385268065136,0.3604379512872545,0,0
EVT-01499,0,0.009927679533716403,0.49266357819155315,0,0
EVT-01500,0,0.0153263713211101,0.26947485710784097,0,0
EVT-01501,0,0.018046330721281846,0.5483094267064336,0,1
EVT-01502,0,0.0018984342780400303,0.06353122690988115,0,0
EVT-01503,0,0.022890802596805836,0.10708929172931873,0,0
EVT-01504,1,0.9361094328417856,0.3931873734012191,1,0
EVT-01505,0,0.01588404329195093,0.4999548904382057,0,0
EVT-01506,0,0.023806783197126834,0.55940935384423,0,1
EVT-01507,0,0.008092699985070725,0.11336696719237281,0,0
EVT-01508,0,0.02613188070758775,0.3211224204240983,0,0
EVT-01509,0,0.010620574513352132,0.4961257073786462,0,0
EVT-01510,0,0.015756972512951304,0.133890934280506,0,0
EVT-01511,0,0.025106316278490106,0.5352541298514532,0,1
EVT-01512,0,0.019708997396588518,0.10754854541335516,0,0
EVT-01513,0,0.01646908862386333,0.49666180551497546,0,0
EVT-01514,0,0.02802465666363816,0.3311772409984243,0,0
EVT-01515,0,0.01588404329195093,0.4999548904382057,0,0
EVT-01516,0,0.019650054428684213,0.6517164938060996,0,1
EVT-01517,0,0.025595167795770486,0.5081346380981684,0,1
EVT-01518,0,0.03520286367506429,0.28515752817900863,0,0
EVT-01519,0,0.02372097725612316,0.43813958057197017,0,0
EVT-01520,0,0.022545431979209968,0.34945969930415877,0,0
EVT-01521,0,0.005530981465338206,0.09538685982664814,0,0
EVT-01522,0,0.0031242664895844287,0.07867845648437552,0,0
EVT-01523,0,0.02612474470671336,0.2608494585258251,0,0
EVT-01524,0,0.01594646955591719,0.4130869866855707,0,0
EVT-01525,0,0.026520814695656283,0.6661174423179758,0,1
EVT-01526,0,0.016365278299665952,0.29124893416638836,0,0
EVT-01527,0,0.021353075480719495,0.5420985567381911,0,1
EVT-01528,1,0.8923583045755947,0.49097732290173557,1,0
EVT-01529,0,0.03520286367506429,0.28515752817900863,0,0
EVT-01530,0,0.0011490183456710657,0.36638077175214356,0,0
EVT-01531,0,0.012541495814498071,0.4600082422465248,0,0
EVT-01532,1,0.9459230953812219,0.6074830790703438,1,1
EVT-01533,0,0.030625774950976917,0.5842623674676831,0,1
EVT-01534,0,0.025578592513123534,0.5939786580429977,0,1
EVT-01535,0,0.011169663358659812,0.3088735567090226,0,0
EVT-01536,0,0.003092731995652981,0.2993670295745915,0,0
EVT-01537,0,0.6029393026039321,0.3826825152927904,1,0
EVT-01538,1,0.9705205369521624,0.6710370723215744,1,1
EVT-01539,0,0.03111091324343743,0.6794185491010917,0,1
EVT-01540,0,0.012325461470623786,0.3348302023239468,0,0
EVT-01541,0,0.014666807055174452,0.13498331772519667,0,0
EVT-01542,0,0.023806783197126834,0.55940935384423,0,1
EVT-01543,0,0.02674431050194675,0.4993250740078858,0,0
EVT-01544,0,0.0014957578296847197,0.043806517780935805,0,0
EVT-01545,0,0.03292534873188304,0.21962757020171678,0,0
EVT-01546,0,0.015867366061569844,0.5122172833024965,0,1
EVT-01547,1,0.977709518571486,0.7010233959649186,1,1
EVT-01548,0,0.034624369009524744,0.602382314935049,0,1
EVT-01549,0,0.02384926214920388,0.5424388347549982,0,1
EVT-01550,0,0.02462535795311749,0.4528245460488708,0,0
EVT-01551,0,0.028591231263572003,0.4594299697758709,0,0
EVT-01552,0,0.038039122164447395,0.5130579681787595,0,1
EVT-01553,0,0.005673612954430005,0.03719194820569662,0,0
EVT-01554,0,0.03292534873188304,0.5839181495992809,0,1
EVT-01555,0,0.005786291410471153,0.39765968802650886,0,0
EVT-01556,0,0.024972918158496542,0.35575869018170225,0,0
EVT-01557,0,0.016525205373604693,0.3826825152927904,0,0
EVT-01558,1,0.9866925061074349,0.47694982073617886,1,0
EVT-01559,0,0.024115126128656572,0.19794630012591286,0,0
EVT-01560,0,0.028308737186860406,0.44861975814386895,0,0
EVT-01561,0,0.012325461470623786,0.3348302023239468,0,0
EVT-01562,0,0.020174319980668206,0.3153070241818088,0,0
EVT-01563,0,0.005843848994040472,0.2478098600203849,0,0
EVT-01564,0,0.02741429766162338,0.44901203517694,0,0
EVT-01565,0,0.005279692005943652,0.07460349116045176,0,0
EVT-01566,0,0.03343179221557956,0.6710370723215744,0,1
EVT-01567,0,0.005530981465338206,0.0657317611671437,0,0
EVT-01568,0,0.030368610443286325,0.596738869448946,0,1
EVT-01569,0,0.024115126128656572,0.19794630012591286,0,0
EVT-01570,1,0.9804285168102658,0.4602242746924131,1,0
EVT-01571,0,0.02042777128822621,0.3958963311027148,0,0
EVT-01572,0,0.030459960292194874,0.48864005904188773,0,0
EVT-01573,0,0.021005282387554315,0.43739277547060434,0,0
EVT-01574,0,0.02741429766162338,0.7266269348862782,0,1
EVT-01575,0,0.015782834309343567,0.5117164217179826,0,1
EVT-01576,0,0.02273325848746901,0.47534232256286646,0,0
EVT-01577,0,0.030368610443286325,0.596738869448946,0,1
EVT-01578,0,0.017342221159712606,0.4793937995901112,0,0
EVT-01579,0,0.01631034258897741,0.550431609878396,0,1
EVT-01580,0,0.015867366061569844,0.5122172833024965,0,1
EVT-01581,1,0.9120765392450964,0.5677899369839104,1,1
EVT-01582,0,0.025578592513123534,0.5939786580429977,0,1
EVT-01583,0,0.005673612954430005,0.03719194820569662,0,0
EVT-01584,0,0.029547405621145897,0.5062132067790412,0,1
EVT-01585,0,0.022890802596805836,0.6074830790703438,0,1
EVT-01586,0,0.012741899183337695,0.492886855099366,0,0
EVT-01587,0,0.0,0.2606343625697662,0,0
EVT-01588,0,0.030368610443286325,0.596738869448946,0,1
EVT-01589,0,0.009058979217858181,0.4419251898090802,0,0
EVT-01590,0,0.0036197042848161026,0.015615462476982644,0,0
EVT-01591,1,0.9769079665350496,0.602382314935049,1,1
EVT-01592,0,0.030827274889436387,0.2510880612026207,0,0
EVT-01593,0,0.03241581589890012,0.37122917458979743,0,0
EVT-01594,0,0.0011490183456710657,0.36638077175214356,0,0
EVT-01595,0,0.023704190226757012,0.31348815065104313,0,0
EVT-01596,0,0.029310982111019887,0.3503868572425555,0,0
EVT-01597,0,0.011169663358659812,0.08259849325073083,0,0
EVT-01598,0,0.019548290171225068,0.3595797937292251,0,0
EVT-01599,0,0.028591231263572003,0.4594299697758709,0,0
EVT-01600,0,0.0153263713211101,0.26947485710784097,0,0
EVT-01601,0,0.020034408692543113,0.4169429941693168,0,0
EVT-01602,0,0.016925299056338584,0.6442644379036971,0,1
EVT-01603,0,0.021740786466552243,0.3940915082801179,0,0
EVT-01604,0,0.014666807055174452,0.5109259141513496,0,1
EVT-01605,0,0.020076336269341712,0.49222545163257175,0,0
EVT-01606,0,0.005530981465338206,0.09538685982664814,0,0
EVT-01607,0,0.0,0.27147180431145707,0,0
EVT-01608,0,0.0,0.014811312899362966,0,0
EVT-01609,0,0.016925299056338584,0.6442644379036971,0,1
EVT-01610,0,0.010620574513352132,0.4961257073786462,0,0
EVT-01611,0,0.010135018300528636,0.4618598121460932,0,0
EVT-01612,0,0.005843848994040472,0.0762089345147558,0,0
EVT-01613,0,0.014666807055174452,0.13498331772519667,0,0
EVT-01614,1,0.9781013075423366,0.7666224596986625,1,1
EVT-01615,0,0.014666807055174452,0.432616613611552,0,0
EVT-01616,0,0.017516626270912085,0.0752535822099249,0,0
EVT-01617,0,0.026166914445329755,0.32970435041208684,0,0
EVT-01618,0,0.0282960112179199,0.6157581023629323,0,1
EVT-01619,1,0.9729079665350496,0.5417579192388993,1,1
EVT-01620,0,0.012541495814498071,0.19636781429817216,0,0
EVT-01621,0,0.0,0.27147180431145707,0,0
EVT-01622,0,0.024683304502360684,0.5029060698742551,0,1
EVT-01623,0,0.017342221159712606,0.4793937995901112,0,0
EVT-01624,0,0.030117019508269297,0.4639854186769713,0,0
EVT-01625,0,0.019708997396588518,0.10754854541335516,0,0
EVT-01626,0,0.013496421357886056,0.567881502289538,0,1
EVT-01627,0,0.021005282387554315,0.43739277547060434,0,0
EVT-01628,0,0.022545431979209968,0.42553170958922476,0,0
EVT-01629,0,0.01324579571065539,0.5315831003958744,0,1
EVT-01630,0,0.0282960112179199,0.6157581023629323,0,1
EVT-01631,0,0.03736154388950589,0.6009928133501509,0,1
EVT-01632,0,0.01086948790770963,0.2888257552010582,0,0
EVT-01633,0,0.020895617732759716,0.4900617792324253,0,0
EVT-01634,0,0.017754282318099855,0.6664063155381525,0,1
EVT-01635,0,0.019548290171225068,0.3595797937292251,0,0
EVT-01636,0,0.021005282387554315,0.43739277547060434,0,0
EVT-01637,0,0.02741429766162338,0.7266269348862782,0,1
EVT-01638,0,0.017310995217358165,0.06572878723045547,0,0
EVT-01639,0,0.030827274889436387,0.6591134377869937,0,1
EVT-01640,0,0.01838838392077949,0.32887732010997683,0,0
EVT-01641,0,0.0029754526414574904,0.03583725499605301,0,0
EVT-01642,0,0.019650054428684213,0.5061495581735611,0,1
EVT-01643,1,0.9720369797754234,0.6208373516119807,1,1
EVT-01644,0,0.0,0.03112573705639369,0,0
EVT-01645,0,0.006316113950936865,0.050127641735245074,0,0
EVT-01646,0,0.003092731995652981,0.06198348981108605,0,0
EVT-01647,1,0.9021380061200737,0.515455007616862,1,1
EVT-01648,0,0.01594646955591719,0.1358759049509317,0,0
EVT-01649,0,0.005530981465338206,0.09538685982664814,0,0
EVT-01650,0,0.02325541645806789,0.15547669657746888,0,0
EVT-01651,0,0.0029754526414574904,0.03286871527443415,0,0
EVT-01652,0,0.005673612954430005,0.03719194820569662,0,0
EVT-01653,0,0.0153383056325396,0.5716504335309655,0,1
EVT-01654,0,0.02867431019369501,0.3289025481080631,0,0
EVT-01655,0,0.02154483128754622,0.5253366465818026,0,1
EVT-01656,0,0.011915001729396135,0.5627330531145203,0,1
EVT-01657,0,0.03292534873188304,0.5839181495992809,0,1
EVT-01658,0,0.02522383565760267,0.32044472625533926,0,0
EVT-01659,0,0.03241581589890012,0.37122917458979743,0,0
EVT-01660,0,0.14596709306872074,0.4993250740078858,0,0
EVT-01661,0,0.005673612954430005,0.40008680680427783,0,0
EVT-01662,0,0.024972918158496542,0.35575869018170225,0,0
EVT-01663,1,0.9729079665350496,0.602382314935049,1,1
EVT-01664,0,0.01588404329195093,0.4999548904382057,0,0
EVT-01665,0,0.012325461470623786,0.3348302023239468,0,0
EVT-01666,0,0.2549730788874123,0.043806517780935805,0,0
EVT-01667,0,0.017065523856643557,0.7029130162730981,0,1
EVT-01668,0,0.003511431446827566,0.035528567607189546,0,0
EVT-01669,0,0.01646908862386333,0.5928157412386904,0,1
EVT-01670,1,0.9177773623063133,0.5839181495992809,1,1
EVT-01671,0,0.003532386546896002,0.26179267899884295,0,0
EVT-01672,0,0.02674431050194675,0.4993250740078858,0,0
EVT-01673,0,0.021740786466552243,0.345462131071696,0,0
EVT-01674,0,0.028358928898769897,0.4844113548023451,0,0
EVT-01675,0,0.003532386546896002,0.02302240924314224,0,0
EVT-01676,0,0.015526265543772885,0.07634931636418564,0,0
EVT-01677,0,0.0,0.014811312899362966,0,0
EVT-01678,0,0.01954697255726736,0.686632559250131,0,1
EVT-01679,0,0.010620574513352132,0.4961257073786462,0,0
EVT-01680,0,0.03403912216444739,0.5130579681787595,0,1
EVT-01681,0,0.010135018300528636,0.4618598121460932,0,0
EVT-01682,1,0.9821013075423366,0.7666224596986625,1,1
EVT-01683,0,0.01950973475027551,0.5120521389508366,0,1
EVT-01684,0,0.011915001729396135,0.5627330531145203,0,1
EVT-01685,1,0.9691043010510002,0.6157581023629323,1,1
EVT-01686,1,0.9769875284849399,0.589574460765222,1,1
EVT-01687,0,0.02741429766162338,0.44901203517694,0,0
EVT-01688,0,0.014666807055174452,0.4622451647491098,0,0
EVT-01689,0,0.010715315529557618,0.056563417421760735,0,0
EVT-01690,0,0.0,0.2606343625697662,0,0
EVT-01691,0,0.020076336269341712,0.7430251846251615,0,1
EVT-01692,0,0.009058979217858181,0.4419251898090802,0,0
EVT-01693,0,0.015867366061569844,0.5122172833024965,0,1
EVT-01694,0,0.007959584488665114,0.34218341208908165,0,0
EVT-01695,1,0.9078320470805263,0.2606343625697662,1,0
EVT-01696,0,0.024683304502360684,0.5029060698742551,0,1
EVT-01697,0,0.04213538146085845,0.5677899369839104,0,1
EVT-01698,0,0.025313115115326097,0.34520918292031566,0,0
EVT-01699,0,0.03241581589890012,0.47655269830811536,0,0
EVT-01700,0,0.003866936571761476,0.2948549362580946,0,0
EVT-01701,0,0.03111091324343743,0.6794185491010917,0,1
EVT-01702,0,0.019650054428684213,0.5061495581735611,0,1
EVT-01703,0,0.04213538146085845,0.5677899369839104,0,1
EVT-01704,0,0.03736154388950589,0.6009928133501509,0,1
EVT-01705,0,0.0014957578296847197,0.043806517780935805,0,0
EVT-01706,0,0.02867431019369501,0.3289025481080631,0,0
EVT-01707,1,0.9631025173589357,0.5627330531145203,1,1
EVT-01708,1,0.9843786473997953,0.683546203452632,1,1
EVT-01709,0,0.003092731995652981,0.2993670295745915,0,0
EVT-01710,0,0.003511431446827566,0.035528567607189546,0,0
EVT-01711,0,0.013327937484700849,0.29390375114044764,0,0
EVT-01712,0,0.018900236466345626,0.10131397911120596,0,0
EVT-01713,0,0.026216286048582674,0.3083058533120379,0,0
EVT-01714,0,0.025313115115326097,0.34520918292031566,0,0
EVT-01715,0,0.02617918565066918,0.15404079136521703,0,0
EVT-01716,0,0.029547405621145897,0.5062132067790412,0,1
EVT-01717,0,0.003866936571761476,0.2948549362580946,0,0
EVT-01718,1,0.970054936204724,0.6509039830562298,1,1
EVT-01719,0,0.005927679533716403,0.49266357819155315,0,0
EVT-01720,0,0.026225962287286277,0.6658733845025538,0,1
EVT-01721,0,0.004815588664957366,0.35383139931114144,0,0
EVT-01722,1,0.9759082378352745,0.5253366465818026,1,1
EVT-01723,0,0.003511431446827566,0.46912463952975936,0,0
EVT-01724,1,0.9759082378352745,0.5253366465818026,1,1
EVT-01725,0,0.030625774950976917,0.5842623674676831,0,1
EVT-01726,0,0.024972918158496542,0.4627005344489743,0,0
EVT-01727,1,0.9044985639108313,0.34520918292031566,1,0
EVT-01728,1,0.8983090213541071,0.26947485710784097,1,0
EVT-01729,0,0.03111091324343743,0.6794185491010917,0,1
EVT-01730,0,0.0230037751412662,0.1561895247077895,0,0
EVT-01731,0,0.021005282387554315,0.43739277547060434,0,0
EVT-01732,1,0.675033111276614,0.3931873734012191,1,0
EVT-01733,0,0.013281594754115262,0.3931873734012191,0,0
EVT-01734,0,0.02042777128822621,0.3958963311027148,0,0
EVT-01735,0,0.03154697255726736,0.3731687313916801,0,0
EVT-01736,0,0.009286591306971076,0.0570103835565156,0,0
EVT-01737,0,0.021247094271507106,0.32377653753067437,0,0
EVT-01738,0,0.014666807055174452,0.4622451647491098,0,0
EVT-01739,0,0.02612474470671336,0.2608494585258251,0,0
EVT-01740,0,0.02154483128754622,0.5253366465818026,0,1
EVT-01741,0,0.026166914445329755,0.32970435041208684,0,0
EVT-01742,0,0.026166914445329755,0.32970435041208684,0,0
EVT-01743,0,0.010620574513352132,0.420297508528938,0,0
EVT-01744,1,0.9788611080347773,0.6144211071424178,1,1
EVT-01745,0,0.01197435460608546,0.40934072575651576,0,0
EVT-01746,0,0.003769468890295764,0.05892474076328817,0,0
EVT-01747,0,0.01197435460608546,0.3144826132998734,0,0
EVT-01748,0,0.024972918158496542,0.35575869018170225,0,0
EVT-01749,0,0.030368610443286325,0.596738869448946,0,1
EVT-01750,0,0.010620574513352132,0.4961257073786462,0,0
EVT-01751,1,0.9819492027121143,0.686632559250131,1,1
EVT-01752,0,0.026216286048582674,0.3083058533120379,0,0
EVT-01753,0,0.007959584488665114,0.34664522180783813,0,0
EVT-01754,0,0.02372097725612316,0.17609367296746023,0,0
EVT-01755,0,0.0018984342780400303,0.061930712424138924,0,0
EVT-01756,0,0.028358928898769897,0.4844113548023451,0,0
EVT-01757,0,0.01170536912190702,0.3820258101436988,0,0
EVT-01758,0,0.018862719781965173,0.7010233959649186,0,1
EVT-01759,0,0.02741429766162338,0.7266269348862782,0,1
EVT-01760,0,0.01197435460608546,0.3144826132998734,0,0
EVT-01761,0,0.02989246128936821,0.634689900430826,0,1
EVT-01762,0,0.014666807055174452,0.13498331772519667,0,0
EVT-01763,0,0.014666807055174452,0.13498331772519667,0,0
EVT-01764,0,0.01950973475027551,0.5120521389508366,0,1
EVT-01765,0,0.02154483128754622,0.5253366465818026,0,1
EVT-01766,0,0.008723985356306422,0.3988991920479977,0,0
EVT-01767,0,0.03343179221557956,0.6710370723215744,0,1
EVT-01768,0,0.020895617732759716,0.4900617792324253,0,0
EVT-01769,0,0.026216286048582674,0.3083058533120379,0,0
EVT-01770,0,0.01679200751654846,0.6370890936177408,0,1
EVT-01771,0,0.02802465666363816,0.6124828362369831,0,1
EVT-01772,1,0.9740974459291148,0.6442644379036971,1,1
EVT-01773,0,0.0029754526414574904,0.030024826056421594,0,0
EVT-01774,0,0.010715315529557618,0.056563417421760735,0,0
EVT-01775,0,0.03736154388950589,0.5110937516777692,0,1
EVT-01776,1,0.9030308246786215,0.6658733845025538,1,1
EVT-01777,0,0.023806783197126834,0.55940935384423,0,1
EVT-01778,0,0.015756972512951304,0.5927230826103639,0,1
EVT-01779,0,0.006316113950936865,0.316131281760652,0,0
EVT-01780,0,0.025595167795770486,0.5081346380981684,0,1
EVT-01781,0,0.021740786466552243,0.345462131071696,0,0
EVT-01782,0,0.005279692005943652,0.2939016981812846,0,0
EVT-01783,1,0.9840120543839023,0.567881502289538,1,1
EVT-01784,0,0.005279692005943652,0.2939016981812846,0,0
EVT-01785,1,0.9823088323043462,0.5120521389508366,1,1
EVT-01786,1,0.9834426809113621,0.5928157412386904,1,1
EVT-01787,1,0.9727893541570721,0.5842623674676831,1,1
EVT-01788,0,0.02867431019369501,0.3289025481080631,0,0
EVT-01789,0,0.018862719781965173,0.3841388595910212,0,0
EVT-01790,0,0.010620574513352132,0.4961257073786462,0,0
EVT-01791,0,0.025578592513123534,0.5939786580429977,0,1
EVT-01792,0,0.026166914445329755,0.32970435041208684,0,0
EVT-01793,0,0.015782834309343567,0.47694982073617886,0,0
EVT-01794,0,0.005927679533716403,0.49266357819155315,0,0
EVT-01795,0,0.023806783197126834,0.55940935384423,0,1
EVT-01796,0,0.01197435460608546,0.3144826132998734,0,0
EVT-01797,0,0.03840118759395123,0.4007076003699891,0,0
EVT-01798,0,0.03403912216444739,0.6208373516119807,0,1
EVT-01799,0,0.005530981465338206,0.0657317611671437,0,0
EVT-01800,0,0.3456357777755721,0.39765968802650886,0,0
EVT-01801,1,0.8769732690141206,0.3088735567090226,1,0
EVT-01802,0,0.01950973475027551,0.5138966263129883,0,1
EVT-01803,0,0.024683304502360684,0.4120413657419559,0,0
EVT-01804,0,0.01631034258897741,0.550431609878396,0,1
EVT-01805,0,0.3350292550869895,0.3820258101436988,0,0
EVT-01806,1,0.9846430597418315,0.4793937995901112,1,0
EVT-01807,0,0.026225962287286277,0.6658733845025538,0,1
EVT-01808,0,0.005673612954430005,0.40008680680427783,0,0
EVT-01809,0,0.026166914445329755,0.32970435041208684,0,0
EVT-01810,0,0.0153263713211101,0.26947485710784097,0,0
EVT-01811,0,0.003866936571761476,0.2948549362580946,0,0
EVT-01812,0,0.021241000832888355,0.5168687129757308,0,1
EVT-01813,0,0.030827274889436387,0.6591134377869937,0,1
EVT-01814,1,0.9788611080347773,0.6144211071424178,1,1
EVT-01815,0,0.004064705117212539,0.3284897077103409,0,0
EVT-01816,1,0.9727245708824236,0.5939786580429977,1,1
EVT-01817,0,0.0011490183456710657,0.07619361849846723,0,0
EVT-01818,0,0.030625774950976917,0.25652175458076065,0,0
EVT-01819,0,0.1237204519718789,0.28669811956081986,0,0
EVT-01820,0,0.032205536321575134,0.181294939793603,0,0
EVT-01821,0,0.012794742974309825,0.7153884428277311,0,1
EVT-01822,0,0.018900236466345626,0.10131397911120596,0,0
EVT-01823,0,0.019818750813085106,0.5544181490508308,0,1
EVT-01824,0,0.02323227228741882,0.5725849769484328,0,1
EVT-01825,0,0.019548290171225068,0.16216278124111758,0,0
EVT-01826,0,0.019496093155943337,0.14305814723287993,0,0
EVT-01827,0,0.005786291410471153,0.39765968802650886,0,0
EVT-01828,0,0.026593468218482005,0.5519763232014909,0,1
EVT-01829,0,0.007959584488665114,0.34664522180783813,0,0
EVT-01830,0,0.013496421357886056,0.567881502289538,0,1
EVT-01831,0,0.023976679720170688,0.4044015843287316,0,0
EVT-01832,0,0.01197435460608546,0.3144826132998734,0,0
EVT-01833,1,0.9584046318094925,0.6124828362369831,1,1
EVT-01834,0,0.027204970724302086,0.6291987102289129,0,1
EVT-01835,0,0.01679200751654846,0.15945728733807826,0,0
EVT-01836,0,0.0029770336972639927,0.28669811956081986,0,0
EVT-01837,0,0.017310995217358165,0.057390033455162276,0,0
EVT-01838,0,0.030459960292194874,0.48864005904188773,0,0
EVT-01839,0,0.008810857824550827,0.5011010133132475,0,1
EVT-01840,0,0.02323227228741882,0.5725849769484328,0,1
EVT-01841,0,0.01170536912190702,0.3820258101436988,0,0
EVT-01842,1,0.9822275405266683,0.7359701441174481,1,1
EVT-01843,0,0.005786291410471153,0.43662321093898615,0,0
EVT-01844,0,0.0011490183456710657,0.36638077175214356,0,0
EVT-01845,0,0.027204970724302086,0.6291987102289129,0,1
EVT-01846,0,0.02867431019369501,0.3289025481080631,0,0
EVT-01847,0,0.016925299056338584,0.6442644379036971,0,1
EVT-01848,0,0.005927679533716403,0.49266357819155315,0,0
EVT-01849,0,0.005843848994040472,0.2478098600203849,0,0
EVT-01850,1,0.9451365953648694,0.42553170958922476,1,0
EVT-01851,0,0.030117019508269297,0.4639854186769713,0,0
EVT-01852,0,0.019650054428684213,0.5061495581735611,0,1
EVT-01853,1,0.9772713365509289,0.48864005904188773,1,0
EVT-01854,0,0.022545431979209968,0.42553170958922476,0,0
EVT-01855,0,0.04213538146085845,0.5677899369839104,0,1
EVT-01856,0,0.032205536321575134,0.5123545096780675,0,1
EVT-01857,0,0.017516626270912085,0.0752535822099249,0,0
EVT-01858,0,0.003511431446827566,0.03207897107061426,0,0
EVT-01859,0,0.02325541645806789,0.15547669657746888,0,0
EVT-01860,0,0.019650054428684213,0.5061495581735611,0,1
EVT-01861,0,0.01594646955591719,0.4130869866855707,0,0
EVT-01862,0,0.019650054428684213,0.5061495581735611,0,1
EVT-01863,0,0.0,0.27147180431145707,0,0
EVT-01864,0,0.028324392099025993,0.4340682274472337,0,0
EVT-01865,0,0.0,0.014811312899362966,0,0
EVT-01866,0,0.0230037751412662,0.11952807413638886,0,0
EVT-01867,0,0.001012406947890819,0.3246412894699199,0,0
EVT-01868,0,0.032671682661108675,0.7666224596986625,0,1
EVT-01869,0,0.027204970724302086,0.6291987102289129,0,1
EVT-01870,0,0.026520814695656283,0.6661174423179758,0,1
EVT-01871,0,0.009286591306971076,0.06261285169382573,0,0
EVT-01872,0,0.0,0.014811312899362966,0,0
EVT-01873,0,0.003511431446827566,0.024082466514137105,0,0
EVT-01874,0,0.01679200751654846,0.6370890936177408,0,1
EVT-01875,0,0.030459960292194874,0.6839549512227512,0,1
EVT-01876,0,0.018046330721281846,0.5483094267064336,0,1
EVT-01877,1,0.9144086853123471,0.4044015843287316,1,0
EVT-01878,1,0.9190084117904866,0.3083058533120379,1,0
EVT-01879,0,0.016030286282656923,0.4921246339995171,0,0
EVT-01880,0,0.025106316278490106,0.5352541298514532,0,1
EVT-01881,0,0.028591231263572003,0.4594299697758709,0,0
EVT-01882,0,0.01954697255726736,0.3731687313916801,0,0
EVT-01883,0,0.025313115115326097,0.34520918292031566,0,0
EVT-01884,1,0.9301396777108535,0.5713998674312024,1,1
EVT-01885,0,0.011169663358659812,0.08259849325073083,0,0
EVT-01886,0,0.03345308657763353,0.13604025400954337,0,0
EVT-01887,0,0.030117019508269297,0.4639854186769713,0,0
EVT-01888,0,0.020630444749574126,0.31726369607209315,0,0
EVT-01889,0,0.004815588664957366,0.09314729666919548,0,0
EVT-01890,0,0.004064705117212539,0.020471400260052043,0,0
EVT-01891,0,0.019708997396588518,0.4407108599382844,0,0
EVT-01892,0,0.024972918158496542,0.35575869018170225,0,0
EVT-01893,0,0.029310982111019887,0.6360393982099184,0,1
EVT-01894,0,0.008092699985070725,0.5713998674312024,0,1
EVT-01895,0,0.005786291410471153,0.39765968802650886,0,0
EVT-01896,0,0.01838838392077949,0.32887732010997683,0,0
EVT-01897,0,0.0005507134593135363,0.01711914498121788,0,0
EVT-01898,0,0.4305949174749801,0.42942623161531746,0,0
EVT-01899,0,0.02989246128936821,0.634689900430826,0,1
EVT-01900,0,0.025106316278490106,0.1926669097248202,0,0
EVT-01901,0,0.028358928898769897,0.6144211071424178,0,1
EVT-01902,0,0.020322686077028775,0.36300148071464955,0,0
EVT-01903,0,0.020630444749574126,0.31726369607209315,0,0
EVT-01904,1,0.8031012042596899,0.06572878723045547,1,0
EVT-01905,1,0.9716693004111531,0.6615010252244269,1,1
EVT-01906,0,0.019496093155943337,0.14305814723287993,0,0
EVT-01907,0,0.026520814695656283,0.6661174423179758,0,1
EVT-01908,0,0.012741899183337695,0.3154992691152062,0,0
EVT-01909,0,0.004064705117212539,0.3284897077103409,0,0
EVT-01910,0,0.005279692005943652,0.2939016981812846,0,0
EVT-01911,0,0.01954697255726736,0.3731687313916801,0,0
EVT-01912,0,0.008723985356306422,0.05405051554699415,0,0
EVT-01913,0,0.015526265543772885,0.35119270418380627,0,0
EVT-01914,0,0.4463955022293439,0.4993250740078858,0,0
EVT-01915,0,0.008810857824550827,0.5011010133132475,0,1
EVT-01916,0,0.020322686077028775,0.4633846337615451,0,0
EVT-01917,0,0.022278295504808508,0.33290090124712096,0,0
EVT-01918,0,0.03736154388950589,0.6009928133501509,0,1
EVT-01919,0,0.003511431446827566,0.024082466514137105,0,0
EVT-01920,0,0.026520814695656283,0.1279244465984401,0,0
EVT-01921,0,0.025313115115326097,0.34520918292031566,0,0
EVT-01922,0,0.020076336269341712,0.49222545163257175,0,0
EVT-01923,0,0.004985823234418422,0.07193739436781964,0,0
EVT-01924,0,0.0223317764594791,0.44792905154889867,0,0
EVT-01925,0,0.23180431562151252,0.47534232256286646,0,0
EVT-01926,1,0.9176831494616302,0.21932973553468654,1,0
EVT-01927,0,0.02612474470671336,0.2608494585258251,0,0
EVT-01928,0,0.028308737186860406,0.4577540173730049,0,0
EVT-01929,0,0.021241000832888355,0.5660970573644648,0,1
EVT-01930,0,0.017310995217358165,0.06572878723045547,0,0
EVT-01931,0,0.015867366061569844,0.5122172833024965,0,1
EVT-01932,0,0.022890802596805836,0.6074830790703438,0,1
EVT-01933,0,0.016925299056338584,0.4467423856268551,0,0
EVT-01934,0,0.016365278299665952,0.10182129959729623,0,0
EVT-01935,0,0.02462535795311749,0.515455007616862,0,1
EVT-01936,0,0.03345308657763353,0.13604025400954337,0,0
EVT-01937,0,0.023806783197126834,0.55940935384423,0,1
EVT-01938,0,0.02612474470671336,0.2608494585258251,0,0
EVT-01939,0,0.0,0.03210400075510196,0,0
EVT-01940,0,0.0153263713211101,0.26947485710784097,0,0
EVT-01941,0,0.017342221159712606,0.4793937995901112,0,0
EVT-01942,0,0.026166914445329755,0.4949300674049534,0,0
EVT-01943,0,0.008810857824550827,0.407750160885735,0,0
EVT-01944,0,0.32478793785548193,0.4574284909270434,0,0
EVT-01945,0,0.005673612954430005,0.03719194820569662,0,0
EVT-01946,1,0.977709518571486,0.7010233959649186,1,1
EVT-01947,0,0.020895617732759716,0.4900617792324253,0,0
EVT-01948,0,0.0029754526414574904,0.03583725499605301,0,0
EVT-01949,0,0.01646908862386333,0.5928157412386904,0,1
EVT-01950,1,0.9670389901339549,0.6009928133501509,1,1
EVT-01951,0,0.020034408692543113,0.4169429941693168,0,0
EVT-01952,0,0.003532386546896002,0.024395063782410284,0,0
EVT-01953,0,0.011915001729396135,0.5627330531145203,0,1
EVT-01954,1,0.964053203388964,0.48108977800900393,1,0
EVT-01955,0,0.006316113950936865,0.050127641735245074,0,0
EVT-01956,0,0.02216612521774801,0.15658217394393548,0,0
EVT-01957,0,0.005673612954430005,0.03719194820569662,0,0
EVT-01958,1,0.9835891355605497,0.5713998674312024,1,1
EVT-01959,0,0.026593468218482005,0.08613195870918096,0,0
EVT-01960,0,0.04213538146085845,0.5677899369839104,0,1
EVT-01961,0,0.019496093155943337,0.14305814723287993,0,0
EVT-01962,0,0.005673612954430005,0.03719194820569662,0,0
EVT-01963,1,0.9822068664235444,0.44901203517694,1,0
EVT-01964,0,0.01838838392077949,0.32887732010997683,0,0
EVT-01965,0,0.028358928898769897,0.6144211071424178,0,1
EVT-01966,0,0.02325541645806789,0.15547669657746888,0,0
EVT-01967,0,0.019708997396588518,0.4407108599382844,0,0
EVT-01968,0,0.030459960292194874,0.48864005904188773,0,0
EVT-01969,0,0.015756972512951304,0.133890934280506,0,0
EVT-01970,1,0.9819941216756015,0.5424388347549982,1,1
EVT-01971,0,0.02617918565066918,0.5243087591645128,0,1
EVT-01972,0,0.013327937484700849,0.29390375114044764,0,0
EVT-01973,0,0.010715315529557618,0.056563417421760735,0,0
EVT-01974,1,0.6122168135335835,0.11336696719237281,1,0
EVT-01975,0,0.0005507134593135363,0.01711914498121788,0,0
EVT-01976,0,0.01594646955591719,0.1358759049509317,0,0
EVT-01977,0,0.020174319980668206,0.3153070241818088,0,0
EVT-01978,0,0.004985823234418422,0.06529391009453986,0,0
EVT-01979,0,0.0323405059374841,0.42942623161531746,0,0
EVT-01980,0,0.005673612954430005,0.03719194820569662,0,0
EVT-01981,0,0.008810857824550827,0.407750160885735,0,0
EVT-01982,0,0.02741429766162338,0.44901203517694,0,0
EVT-01983,0,0.012541495814498071,0.4600082422465248,0,0
EVT-01984,0,0.5204032219611029,0.44861975814386895,1,0
EVT-01985,0,0.0014957578296847197,0.528496751551109,0,1
EVT-01986,0,0.017516626270912085,0.0752535822099249,0,0
EVT-01987,0,0.024456354758692445,0.5024893612347845,0,1
EVT-01988,0,0.018862719781965173,0.3841388595910212,0,0
EVT-01989,0,0.011169663358659812,0.3088735567090226,0,0
EVT-01990,0,0.024683304502360684,0.4120413657419559,0,0
EVT-01991,0,0.005530981465338206,0.09538685982664814,0,0
EVT-01992,0,0.0036197042848161026,0.24576896350578964,0,0
EVT-01993,0,0.02741429766162338,0.44901203517694,0,0
EVT-01994,0,0.009286591306971076,0.06261285169382573,0,0
EVT-01995,1,0.946509985711056,0.4921246339995171,1,0
EVT-01996,0,0.013281594754115262,0.3931873734012191,0,0
EVT-01997,0,0.0031242664895844287,0.07867845648437552,0,0
EVT-01998,1,0.9479916833451977,0.432616613611552,1,0
EVT-01999,1,0.6266216944387902,0.5569802626800751,1,1
EVT-02000,0,0.016525205373604693,0.3826825152927904,0,0
EVT-02001,0,0.020174319980668206,0.3153070241818088,0,0
EVT-02002,0,0.0029754526414574904,0.03583725499605301,0,0
EVT-02003,0,0.014135385268065136,0.3604379512872545,0,0
EVT-02004,0,0.0031242664895844287,0.07867845648437552,0,0
EVT-02005,0,0.03520286367506429,0.28515752817900863,0,0
EVT-02006,0,0.030459960292194874,0.48864005904188773,0,0
EVT-02007,0,0.0230037751412662,0.11952807413638886,0,0
EVT-02008,0,0.14394702262308406,0.634689900430826,0,1
EVT-02009,0,0.02674431050194675,0.12803993485927043,0,0
EVT-02010,0,0.021247094271507106,0.49097732290173557,0,0
EVT-02011,0,0.010661932709780818,0.5874258428201588,0,1
EVT-02012,0,0.019708997396588518,0.4407108599382844,0,0
EVT-02013,0,0.005786291410471153,0.39765968802650886,0,0
EVT-02014,0,0.008092699985070725,0.11336696719237281,0,0
EVT-02015,1,0.9450731780553229,0.33290090124712096,1,0
EVT-02016,1,0.9490677712346195,0.44792905154889867,1,0
EVT-02017,0,0.0031242664895844287,0.07867845648437552,0,0
EVT-02018,0,0.018862719781965173,0.7010233959649186,0,1
EVT-02019,0,0.0018984342780400303,0.061930712424138924,0,0
EVT-02020,0,0.027204970724302086,0.21571285103785312,0,0
EVT-02021,0,0.010661932709780818,0.5874258428201588,0,1
EVT-02022,0,0.028308737186860406,0.4577540173730049,0,0
EVT-02023,0,0.032205536321575134,0.181294939793603,0,0
EVT-02024,0,0.01324579571065539,0.5315831003958744,0,1
EVT-02025,0,0.017516626270912085,0.10922127381795607,0,0
EVT-02026,0,0.004815588664957366,0.35383139931114144,0,0
EVT-02027,0,0.0,0.03112573705639369,0,0
EVT-02028,0,0.030368610443286325,0.596738869448946,0,1
EVT-02029,0,0.019548290171225068,0.3595797937292251,0,0
EVT-02030,1,0.42936568009791004,0.4639854186769713,0,0
EVT-02031,0,0.010135018300528636,0.4618598121460932,0,0
EVT-02032,0,0.01679200751654846,0.6370890936177408,0,1
EVT-02033,0,0.025809717609115056,0.6615010252244269,0,1
EVT-02034,0,0.003532386546896002,0.26179267899884295,0,0
EVT-02035,0,0.0153263713211101,0.26947485710784097,0,0
EVT-02036,0,0.015756972512951304,0.133890934280506,0,0
EVT-02037,0,0.026166914445329755,0.32970435041208684,0,0
EVT-02038,0,0.013496421357886056,0.567881502289538,0,1
EVT-02039,0,0.034624369009524744,0.602382314935049,0,1
EVT-02040,0,0.004985823234418422,0.07193739436781964,0,0
EVT-02041,0,0.0029770336972639927,0.01981059285332476,0,0
EVT-02042,0,0.005673612954430005,0.03719194820569662,0,0
EVT-02043,0,0.026520814695656283,0.6661174423179758,0,1
EVT-02044,0,0.0,0.27147180431145707,0,0
EVT-02045,0,0.029547405621145897,0.5062132067790412,0,1
EVT-02046,0,0.024456354758692445,0.5024893612347845,0,1
EVT-02047,0,0.005927679533716403,0.49266357819155315,0,0
EVT-02048,0,0.003532386546896002,0.26179267899884295,0,0
EVT-02049,0,0.01679200751654846,0.15945728733807826,0,0
EVT-02050,0,0.03736154388950589,0.6009928133501509,0,1
EVT-02051,0,0.004064705117212539,0.020471400260052043,0,0
EVT-02052,0,0.013327937484700849,0.29390375114044764,0,0
EVT-02053,0,0.02462535795311749,0.4528245460488708,0,0
EVT-02054,0,0.017065523856643557,0.6842229689048035,0,1
EVT-02055,0,0.020630444749574126,0.7575111542135281,0,1
EVT-02056,0,0.017342221159712606,0.4793937995901112,0,0
EVT-02057,0,0.005673612954430005,0.03719194820569662,0,0
EVT-02058,0,0.01086948790770963,0.2888257552010582,0,0
EVT-02059,0,0.0223317764594791,0.44792905154889867,0,0
EVT-02060,0,0.025595167795770486,0.5081346380981684,0,1
EVT-02061,0,0.027204970724302086,0.21571285103785312,0,0
EVT-02062,1,0.9923664137344371,0.43662321093898615,1,0
EVT-02063,0,0.010620574513352132,0.4961257073786462,0,0
EVT-02064,0,0.01646908862386333,0.49666180551497546,0,0
EVT-02065,0,0.021247094271507106,0.49097732290173557,0,0
EVT-02066,0,0.02325541645806789,0.15547669657746888,0,0
EVT-02067,0,0.021247094271507106,0.49097732290173557,0,0
EVT-02068,0,0.01838838392077949,0.32887732010997683,0,0
EVT-02069,0,0.019708997396588518,0.4407108599382844,0,0
EVT-02070,0,0.0036197042848161026,0.015615462476982644,0,0
EVT-02071,1,0.9822275405266683,0.6794185491010917,1,1
EVT-02072,0,0.005927679533716403,0.49266357819155315,0,0
EVT-02073,0,0.015526265543772885,0.07634931636418564,0,0
EVT-02074,0,0.020034408692543113,0.4169429941693168,0,0
EVT-02075,0,0.003092731995652981,0.2993670295745915,0,0
EVT-02076,0,0.009058979217858181,0.4419251898090802,0,0
EVT-02077,0,0.005786291410471153,0.39765968802650886,0,0
EVT-02078,0,0.030368610443286325,0.589574460765222,0,1
EVT-02079,1,0.6330732794270931,0.2948549362580946,1,0
EVT-02080,0,0.0018984342780400303,0.061930712424138924,0,0
EVT-02081,0,0.0014957578296847197,0.528496751551109,0,1
EVT-02082,0,0.020630444749574126,0.31726369607209315,0,0
EVT-02083,0,0.0,0.014811312899362966,0,0
EVT-02084,0,0.012325461470623786,0.3348302023239468,0,0
EVT-02085,0,0.019548290171225068,0.3595797937292251,0,0
EVT-02086,0,0.0323405059374841,0.42942623161531746,0,0
EVT-02087,0,0.01394232870046732,0.5569802626800751,0,1
EVT-02088,0,0.010661932709780818,0.5874258428201588,0,1
EVT-02089,0,0.0,0.014811312899362966,0,0
EVT-02090,0,0.022545431979209968,0.34945969930415877,0,0
EVT-02091,0,0.019708997396588518,0.4407108599382844,0,0
EVT-02092,0,0.03345308657763353,0.13604025400954337,0,0
EVT-02093,1,0.9691043010510002,0.5052472148347097,1,1
EVT-02094,0,0.021353075480719495,0.5551280582055161,0,1
EVT-02095,0,0.011169663358659812,0.08259849325073083,0,0
EVT-02096,0,0.020630444749574126,0.31726369607209315,0,0
EVT-02097,0,0.018046330721281846,0.5483094267064336,0,1
EVT-02098,1,0.9772713365509289,0.6839549512227512,1,1
EVT-02099,0,0.017310995217358165,0.057390033455162276,0,0
EVT-02100,0,0.020034408692543113,0.4169429941693168,0,0
EVT-02101,0,0.023806783197126834,0.55940935384423,0,1
EVT-02102,0,0.02802465666363816,0.3311772409984243,0,0
EVT-02103,0,0.02802465666363816,0.3311772409984243,0,0
EVT-02104,0,0.019708997396588518,0.4407108599382844,0,0
EVT-02105,0,0.01086948790770963,0.4625814311333651,0,0
EVT-02106,0,0.016925299056338584,0.6442644379036971,0,1
EVT-02107,0,0.019818750813085106,0.5544181490508308,0,1
EVT-02108,0,0.02613188070758775,0.3211224204240983,0,0
EVT-02109,0,0.02154483128754622,0.5253366465818026,0,1
EVT-02110,1,0.9883786473997953,0.5483094267064336,1,1
EVT-02111,0,0.03406936809880245,0.45146954432320496,0,0
EVT-02112,0,0.012794742974309825,0.572569295108708,0,1
EVT-02113,0,0.010715315529557618,0.056563417421760735,0,0
EVT-02114,0,0.018900236466345626,0.10131397911120596,0,0
EVT-02115,1,0.9542759998779122,0.35119270418380627,1,0
EVT-02116,0,0.030625774950976917,0.5842623674676831,0,1
EVT-02117,0,0.0,0.27147180431145707,0,0
EVT-02118,0,0.0153383056325396,0.12574380935590004,0,0
EVT-02119,0,0.010661932709780818,0.5874258428201588,0,1
EVT-02120,1,0.9758671899636495,0.5024893612347845,1,1
EVT-02121,0,0.009058979217858181,0.4419251898090802,0,0
EVT-02122,0,0.005279692005943652,0.2939016981812846,0,0
EVT-02123,0,0.009927679533716403,0.5439004935824585,0,1
EVT-02124,0,0.15768516104858762,0.3083058533120379,0,0
EVT-02125,0,0.2275074598105951,0.16589461213494883,0,0
EVT-02126,0,0.03345308657763353,0.48108977800900393,0,0
EVT-02127,0,0.024683304502360684,0.4120413657419559,0,0
EVT-02128,0,0.0029754526414574904,0.03583725499605301,0,0
EVT-02129,0,0.025809717609115056,0.7798151595569001,0,1
EVT-02130,0,0.019818750813085106,0.5544181490508308,0,1
EVT-02131,0,0.01594646955591719,0.4130869866855707,0,0
EVT-02132,0,0.026593468218482005,0.5519763232014909,0,1
EVT-02133,0,0.005673612954430005,0.03719194820569662,0,0
EVT-02134,0,0.013281594754115262,0.3931873734012191,0,0
EVT-02135,0,0.008723985356306422,0.05405051554699415,0,0
EVT-02136,0,0.03406936809880245,0.47926436610027434,0,0
EVT-02137,0,0.0005507134593135363,0.021245476385819535,0,0
EVT-02138,0,0.02384926214920388,0.5424388347549982,0,1
EVT-02139,0,0.01679200751654846,0.6370890936177408,0,1
EVT-02140,0,0.016925299056338584,0.6442644379036971,0,1
EVT-02141,0,0.03520286367506429,0.6509039830562298,0,1
EVT-02142,0,0.02741429766162338,0.44901203517694,0,0
EVT-02143,0,0.02674431050194675,0.12803993485927043,0,0
EVT-02144,0,0.0014957578296847197,0.043993716140941865,0,0
EVT-02145,0,0.025313115115326097,0.34520918292031566,0,0
EVT-02146,0,0.034624369009524744,0.602382314935049,0,1
EVT-02147,0,0.017393718922152752,0.11896664599656351,0,0
EVT-02148,0,0.005673612954430005,0.03719194820569662,0,0
EVT-02149,0,0.024456354758692445,0.5024893612347845,0,1
EVT-02150,0,0.01954697255726736,0.3731687313916801,0,0
EVT-02151,0,0.0230037751412662,0.11952807413638886,0,0
EVT-02152,0,0.021005282387554315,0.43739277547060434,0,0
EVT-02153,0,0.0223317764594791,0.44792905154889867,0,0
EVT-02154,0,0.0029770336972639927,0.28669811956081986,0,0
EVT-02155,0,0.003532386546896002,0.024395063782410284,0,0
EVT-02156,0,0.04824182182035215,0.34664522180783813,0,0
EVT-02157,0,0.030625774950976917,0.5842623674676831,0,1
EVT-02158,0,0.021005282387554315,0.43739277547060434,0,0
EVT-02159,0,0.003769468890295764,0.05892474076328817,0,0
EVT-02160,0,0.004985823234418422,0.07193739436781964,0,0
EVT-02161,0,0.016925299056338584,0.4467423856268551,0,0
EVT-02162,0,0.003769468890295764,0.05892474076328817,0,0
EVT-02163,0,0.030827274889436387,0.6591134377869937,0,1
EVT-02164,0,0.005843848994040472,0.2478098600203849,0,0
EVT-02165,0,0.010135018300528636,0.4618598121460932,0,0
EVT-02166,0,0.011169663358659812,0.3088735567090226,0,0
EVT-02167,0,0.03520286367506429,0.6509039830562298,0,1
EVT-02168,0,0.01954697255726736,0.686632559250131,0,1
EVT-02169,0,0.007959584488665114,0.34218341208908165,0,0
EVT-02170,0,0.032671682661108675,0.7666224596986625,0,1
EVT-02171,0,0.01954697255726736,0.3731687313916801,0,0
EVT-02172,0,0.005843848994040472,0.2478098600203849,0,0
EVT-02173,0,0.012541495814498071,0.4600082422465248,0,0
EVT-02174,0,0.029547405621145897,0.5062132067790412,0,1
EVT-02175,0,0.0029754526414574904,0.030024826056421594,0,0
EVT-02176,0,0.007959584488665114,0.34664522180783813,0,0
EVT-02177,0,0.0005507134593135363,0.01711914498121788,0,0
EVT-02178,1,0.961709518571486,0.3841388595910212,1,0
EVT-02179,0,0.023806783197126834,0.1825256858497815,0,0
EVT-02180,0,0.010620574513352132,0.4961257073786462,0,0
EVT-02181,1,0.9822068664235444,0.7266269348862782,1,1
EVT-02182,0,0.03292534873188304,0.5839181495992809,0,1
EVT-02183,0,0.020034408692543113,0.4169429941693168,0,0
EVT-02184,0,0.007959584488665114,0.34218341208908165,0,0
EVT-02185,1,0.7771373425823882,0.7153884428277311,1,1
EVT-02186,0,0.005843848994040472,0.2478098600203849,0,0
EVT-02187,0,0.0223317764594791,0.44792905154889867,0,0
EVT-02188,0,0.016030286282656923,0.10700214119615227,0,0
EVT-02189,0,0.026166914445329755,0.32970435041208684,0,0
EVT-02190,0,0.009286591306971076,0.06261285169382573,0,0
EVT-02191,0,0.030117019508269297,0.4639854186769713,0,0
EVT-02192,1,0.9082203954649533,0.4130869866855707,1,0
EVT-02193,0,0.01594646955591719,0.4130869866855707,0,0
EVT-02194,0,0.02325541645806789,0.15547669657746888,0,0
EVT-02195,0,0.0230037751412662,0.1561895247077895,0,0
EVT-02196,0,0.01954697255726736,0.3731687313916801,0,0
EVT-02197,0,0.006316113950936865,0.316131281760652,0,0
EVT-02198,0,0.021353075480719495,0.5551280582055161,0,1
EVT-02199,0,0.028324392099025993,0.4340682274472337,0,0
EVT-02200,0,0.020174319980668206,0.3153070241818088,0,0
EVT-02201,0,0.008810857824550827,0.5011010133132475,0,1
EVT-02202,0,0.02741429766162338,0.44901203517694,0,0
EVT-02203,0,0.019496093155943337,0.14305814723287993,0,0
EVT-02204,0,0.028358928898769897,0.6144211071424178,0,1
EVT-02205,0,0.0029754526414574904,0.03583725499605301,0,0
EVT-02206,0,0.0,0.2606343625697662,0,0
EVT-02207,0,0.005927679533716403,0.49266357819155315,0,0
EVT-02208,0,0.0153263713211101,0.26947485710784097,0,0
EVT-02209,0,0.026593468218482005,0.5519763232014909,0,1
EVT-02210,0,0.017065523856643557,0.7029130162730981,0,1
EVT-02211,0,0.021740786466552243,0.345462131071696,0,0
EVT-02212,0,0.026225962287286277,0.6658733845025538,0,1
EVT-02213,0,0.0011490183456710657,0.36638077175214356,0,0
EVT-02214,0,0.0153383056325396,0.12574380935590004,0,0
EVT-02215,0,0.008810857824550827,0.5011010133132475,0,1
EVT-02216,0,0.013327937484700849,0.29390375114044764,0,0
EVT-02217,0,0.28249960969165316,0.3841388595910212,0,0
EVT-02218,0,0.022545431979209968,0.42553170958922476,0,0
EVT-02219,0,0.016525205373604693,0.3826825152927904,0,0
EVT-02220,0,0.028591231263572003,0.4594299697758709,0,0
EVT-02221,0,0.02612474470671336,0.2608494585258251,0,0
EVT-02222,0,0.003532386546896002,0.02302240924314224,0,0
EVT-02223,0,0.020630444749574126,0.31726369607209315,0,0
EVT-02224,0,0.015756972512951304,0.133890934280506,0,0
EVT-02225,0,0.008723985356306422,0.3988991920479977,0,0
EVT-02226,0,0.01631034258897741,0.550431609878396,0,1
EVT-02227,0,0.0230037751412662,0.11952807413638886,0,0
EVT-02228,0,0.003866936571761476,0.2948549362580946,0,0
EVT-02229,0,0.029310982111019887,0.3503868572425555,0,0
EVT-02230,0,0.01170536912190702,0.3820258101436988,0,0
EVT-02231,0,0.024683304502360684,0.5029060698742551,0,1
EVT-02232,1,0.9615225414205343,0.6658733845025538,1,1
EVT-02233,0,0.023704190226757012,0.31348815065104313,0,0
EVT-02234,0,0.0,0.014811312899362966,0,0
EVT-02235,0,0.026166914445329755,0.4949300674049534,0,0
EVT-02236,0,0.023704190226757012,0.31348815065104313,0,0
EVT-02237,0,0.013327937484700849,0.29390375114044764,0,0
EVT-02238,0,0.010620574513352132,0.4961257073786462,0,0
EVT-02239,0,0.03403912216444739,0.5130579681787595,0,1
EVT-02240,1,0.6207081833174777,0.061930712424138924,1,0
EVT-02241,0,0.005786291410471153,0.43662321093898615,0,0
EVT-02242,0,0.015867366061569844,0.5122172833024965,0,1
EVT-02243,0,0.0029754526414574904,0.030024826056421594,0,0
EVT-02244,0,0.022545431979209968,0.42553170958922476,0,0
EVT-02245,0,0.03403912216444739,0.6208373516119807,0,1
EVT-02246,0,0.04213538146085845,0.5677899369839104,0,1
EVT-02247,0,0.023806783197126834,0.55940935384423,0,1
EVT-02248,0,0.016541250789155384,0.42824892634709993,0,0
EVT-02249,0,0.009286591306971076,0.06261285169382573,0,0
EVT-02250,0,0.0036197042848161026,0.24576896350578964,0,0
EVT-02251,0,0.004985823234418422,0.06529391009453986,0,0
EVT-02252,1,0.9905749470529254,0.4961257073786462,1,0
EVT-02253,1,0.9829229846003686,0.5551280582055161,1,1
EVT-02254,1,0.9782933932755202,0.5725849769484328,1,1
EVT-02255,0,0.02325541645806789,0.15547669657746888,0,0
EVT-02256,0,0.01324579571065539,0.08823278801977295,0,0
EVT-02257,1,0.7491244195902719,0.6291987102289129,1,1
EVT-02258,0,0.02617918565066918,0.15404079136521703,0,0
EVT-02259,0,0.03343179221557956,0.6710370723215744,0,1
EVT-02260,0,0.01950973475027551,0.5120521389508366,0,1
EVT-02261,0,0.008810857824550827,0.5011010133132475,0,1
EVT-02262,0,0.0011490183456710657,0.36638077175214356,0,0
EVT-02263,0,0.0,0.06511766529921091,0,0
EVT-02264,0,0.005530981465338206,0.09538685982664814,0,0
EVT-02265,0,0.034624369009524744,0.602382314935049,0,1
EVT-02266,0,0.0,0.06690124454776666,0,0
EVT-02267,0,0.014135385268065136,0.3604379512872545,0,0
EVT-02268,0,0.005673612954430005,0.03719194820569662,0,0
EVT-02269,0,0.016954274473035,0.42943649605461776,0,0
EVT-02270,0,0.020034408692543113,0.4169429941693168,0,0
EVT-02271,0,0.04213538146085845,0.5677899369839104,0,1
EVT-02272,0,0.015756972512951304,0.5927230826103639,0,1
EVT-02273,0,0.01197435460608546,0.3144826132998734,0,0
EVT-02274,0,0.02273325848746901,0.47534232256286646,0,0
EVT-02275,0,0.005673612954430005,0.03719194820569662,0,0
EVT-02276,0,0.02462535795311749,0.515455007616862,0,1
EVT-02277,1,0.9822275405266683,0.6794185491010917,1,1
EVT-02278,0,0.011915001729396135,0.5627330531145203,0,1
EVT-02279,0,0.0014957578296847197,0.4403185897838344,0,0
EVT-02280,0,0.025578592513123534,0.23480237179713068,0,0
EVT-02281,0,0.016365278299665952,0.29124893416638836,0,0
EVT-02282,0,0.03343179221557956,0.6710370723215744,0,1
EVT-02283,0,0.030459960292194874,0.48864005904188773,0,0
EVT-02284,0,0.03241581589890012,0.37122917458979743,0,0
EVT-02285,0,0.003511431446827566,0.024082466514137105,0,0
EVT-02286,0,0.019708997396588518,0.10754854541335516,0,0
EVT-02287,0,0.04213538146085845,0.5308120892117892,0,1
EVT-02288,0,0.030827274889436387,0.6591134377869937,0,1
EVT-02289,0,0.01631034258897741,0.11462267237040105,0,0
EVT-02290,0,0.02384926214920388,0.5424388347549982,0,1
EVT-02291,0,0.020076336269341712,0.7430251846251615,0,1
EVT-02292,0,0.0014957578296847197,0.043806517780935805,0,0
EVT-02293,0,0.012541495814498071,0.19636781429817216,0,0
EVT-02294,0,0.026216286048582674,0.3083058533120379,0,0
EVT-02295,0,0.028308737186860406,0.44861975814386895,0,0
EVT-02296,0,0.009058979217858181,0.4419251898090802,0,0
EVT-02297,0,0.017754282318099855,0.6664063155381525,0,1
EVT-02298,1,0.975181966058612,0.4600082422465248,1,0
EVT-02299,0,0.01170536912190702,0.3820258101436988,0,0
EVT-02300,1,0.9741126787183034,0.7660029652782794,1,1
EVT-02301,0,0.010661932709780818,0.09720088212684751,0,0
EVT-02302,0,0.030368610443286325,0.596738869448946,0,1
EVT-02303,0,0.022890802596805836,0.6074830790703438,0,1
EVT-02304,0,0.01086948790770963,0.2888257552010582,0,0
EVT-02305,0,0.015782834309343567,0.5117164217179826,0,1
EVT-02306,0,0.020895617732759716,0.45907107006633147,0,0
EVT-02307,0,0.0029770336972639927,0.28669811956081986,0,0
EVT-02308,0,0.030827274889436387,0.6591134377869937,0,1
EVT-02309,0,0.003769468890295764,0.07900153418068306,0,0
EVT-02310,0,0.02462535795311749,0.515455007616862,0,1
EVT-02311,0,0.003511431446827566,0.035528567607189546,0,0
EVT-02312,0,0.03310256525346667,0.21932973553468654,0,0
EVT-02313,0,0.021740786466552243,0.345462131071696,0,0
EVT-02314,0,0.024456354758692445,0.5024893612347845,0,1
EVT-02315,0,0.011169663358659812,0.08259849325073083,0,0
EVT-02316,0,0.0031242664895844287,0.07867845648437552,0,0
EVT-02317,0,0.024683304502360684,0.4120413657419559,0,0
EVT-02318,0,0.028358928898769897,0.4844113548023451,0,0
EVT-02319,0,0.008723985356306422,0.05405051554699415,0,0
EVT-02320,0,0.0230037751412662,0.11952807413638886,0,0
EVT-02321,0,0.028972918158496543,0.35575869018170225,0,0
EVT-02322,0,0.01170536912190702,0.3820258101436988,0,0
EVT-02323,1,0.8016049158084141,0.4627005344489743,1,0
EVT-02324,0,0.02522383565760267,0.32044472625533926,0,0
EVT-02325,0,0.012541495814498071,0.4600082422465248,0,0
EVT-02326,0,0.011169663358659812,0.3088735567090226,0,0
EVT-02327,1,0.6500853185280672,0.5420985567381911,1,1
EVT-02328,0,0.003511431446827566,0.024082466514137105,0,0
EVT-02329,0,0.018046330721281846,0.5483094267064336,0,1
EVT-02330,0,0.026216286048582674,0.3083058533120379,0,0
EVT-02331,0,0.012541495814498071,0.4600082422465248,0,0
EVT-02332,0,0.01631034258897741,0.550431609878396,0,1
EVT-02333,1,0.9822068664235444,0.44901203517694,1,0
EVT-02334,0,0.0,0.2606343625697662,0,0
EVT-02335,0,0.0282960112179199,0.6157581023629323,0,1
EVT-02336,0,0.019650054428684213,0.5061495581735611,0,1
EVT-02337,0,0.022890802596805836,0.6074830790703438,0,1
EVT-02338,0,0.01954697255726736,0.3731687313916801,0,0
EVT-02339,0,0.014666807055174452,0.4622451647491098,0,0
EVT-02340,0,0.015756972512951304,0.133890934280506,0,0
EVT-02341,0,0.0029754526414574904,0.030024826056421594,0,0
EVT-02342,0,0.020174319980668206,0.3153070241818088,0,0
EVT-02343,0,0.0282960112179199,0.5052472148347097,0,1
EVT-02344,0,0.026520814695656283,0.1279244465984401,0,0
EVT-02345,0,0.01197435460608546,0.3144826132998734,0,0
EVT-02346,0,0.0029770336972639927,0.01981059285332476,0,0
EVT-02347,0,0.02741429766162338,0.7266269348862782,0,1
EVT-02348,0,0.01170536912190702,0.3820258101436988,0,0
EVT-02349,0,0.021241000832888355,0.5168687129757308,0,1
EVT-02350,0,0.029310982111019887,0.3503868572425555,0,0
EVT-02351,0,0.019496093155943337,0.14305814723287993,0,0
EVT-02352,0,0.01394232870046732,0.11938328782763177,0,0
EVT-02353,0,0.014135385268065136,0.3604379512872545,0,0
EVT-02354,0,0.02216612521774801,0.15658217394393548,0,0
EVT-02355,1,0.9866222200781257,0.49222545163257175,1,0
EVT-02356,0,0.016030286282656923,0.4921246339995171,0,0
EVT-02357,0,0.021241000832888355,0.5168687129757308,0,1
EVT-02358,0,0.02741429766162338,0.44901203517694,0,0
EVT-02359,0,0.025578592513123534,0.5939786580429977,0,1
EVT-02360,0,0.03111091324343743,0.7359701441174481,0,1
EVT-02361,0,0.028308737186860406,0.44861975814386895,0,0
EVT-02362,0,0.030625774950976917,0.25652175458076065,0,0
EVT-02363,0,0.02154483128754622,0.5253366465818026,0,1
EVT-02364,0,0.02522383565760267,0.32044472625533926,0,0
EVT-02365,1,0.8614414906932567,0.5029060698742551,1,1
EVT-02366,1,0.9568130966588709,0.3211224204240983,1,0
EVT-02367,0,0.025809717609115056,0.6615010252244269,0,1
EVT-02368,0,0.180332866937235,0.34520918292031566,0,0
EVT-02369,0,0.01631034258897741,0.550431609878396,0,1
EVT-02370,0,0.021247094271507106,0.32377653753067437,0,0
EVT-02371,0,0.016925299056338584,0.6442644379036971,0,1
EVT-02372,0,0.004064705117212539,0.3284897077103409,0,0
EVT-02373,1,0.9843786473997953,0.5483094267064336,1,1
EVT-02374,0,0.012325461470623786,0.3348302023239468,0,0
EVT-02375,0,0.001012406947890819,0.3246412894699199,0,0
EVT-02376,0,0.012794742974309825,0.7153884428277311,0,1
EVT-02377,0,0.0,0.27147180431145707,0,0
EVT-02378,0,0.021740786466552243,0.3940915082801179,0,0
EVT-02379,0,0.006316113950936865,0.316131281760652,0,0
EVT-02380,0,0.021247094271507106,0.32377653753067437,0,0
EVT-02381,0,0.02617918565066918,0.5243087591645128,0,1
EVT-02382,0,0.019548290171225068,0.16216278124111758,0,0
EVT-02383,0,0.01197435460608546,0.40934072575651576,0,0
EVT-02384,0,0.028324392099025993,0.48500470478143837,0,0
EVT-02385,0,0.020174319980668206,0.3153070241818088,0,0
EVT-02386,0,0.023976679720170688,0.48166916266015863,0,0
EVT-02387,0,0.004985823234418422,0.07193739436781964,0,0
EVT-02388,0,0.0014957578296847197,0.4403185897838344,0,0
EVT-02389,0,0.003532386546896002,0.06430638119151377,0,0
EVT-02390,0,0.025313115115326097,0.34520918292031566,0,0
EVT-02391,0,0.028591231263572003,0.4594299697758709,0,0
EVT-02392,1,0.9871025173589357,0.5627330531145203,1,1
EVT-02393,0,0.021241000832888355,0.5168687129757308,0,1
EVT-02394,0,0.009058979217858181,0.4419251898090802,0,0
EVT-02395,0,0.15493682178741097,0.4120413657419559,0,0
EVT-02396,0,0.02042777128822621,0.44660576816021086,0,0
EVT-02397,0,0.028358928898769897,0.6144211071424178,0,1
EVT-02398,0,0.024683304502360684,0.4120413657419559,0,0
EVT-02399,0,0.03343179221557956,0.6710370723215744,0,1
EVT-02400,0,0.03241581589890012,0.47655269830811536,0,0
EVT-02401,1,0.9860974459291149,0.4467423856268551,1,0
EVT-02402,0,0.012541495814498071,0.4600082422465248,0,0
EVT-02403,0,0.016525205373604693,0.3826825152927904,0,0
EVT-02404,0,0.026335018024927825,0.40542149172416886,0,0
EVT-02405,0,0.027204970724302086,0.21571285103785312,0,0
EVT-02406,0,0.004064705117212539,0.3284897077103409,0,0
EVT-02407,0,0.005786291410471153,0.39765968802650886,0,0
EVT-02408,0,0.013327194157225488,0.2827013813119667,0,0
EVT-02409,0,0.012741899183337695,0.492886855099366,0,0
EVT-02410,1,0.7649910321913092,0.47926436610027434,1,0
EVT-02411,0,0.003511431446827566,0.46912463952975936,0,0
EVT-02412,0,0.04213501830052863,0.4618598121460932,0,0
EVT-02413,0,0.009058979217858181,0.4419251898090802,0,0
EVT-02414,0,0.020034408692543113,0.4169429941693168,0,0
EVT-02415,0,0.018862719781965173,0.3841388595910212,0,0
EVT-02416,0,0.030625774950976917,0.5842623674676831,0,1
EVT-02417,0,0.01394232870046732,0.11938328782763177,0,0
EVT-02418,0,0.020895617732759716,0.45907107006633147,0,0
EVT-02419,0,0.025106316278490106,0.1926669097248202,0,0
EVT-02420,0,0.021247094271507106,0.32377653753067437,0,0
EVT-02421,0,0.029310982111019887,0.3503868572425555,0,0
EVT-02422,0,0.02522383565760267,0.11661425599847075,0,0
EVT-02423,0,0.01679200751654846,0.6370890936177408,0,1
EVT-02424,0,0.005279692005943652,0.07460349116045176,0,0
EVT-02425,0,0.016325461470623786,0.3348302023239468,0,0
EVT-02426,0,0.016525205373604693,0.3826825152927904,0,0
EVT-02427,0,0.016030286282656923,0.4921246339995171,0,0
EVT-02428,0,0.022545431979209968,0.34945969930415877,0,0
EVT-02429,0,0.008810857824550827,0.5011010133132475,0,1
EVT-02430,0,0.028358928898769897,0.4844113548023451,0,0
EVT-02431,0,0.02612474470671336,0.2608494585258251,0,0
EVT-02432,0,0.012794742974309825,0.572569295108708,0,1
EVT-02433,0,0.02741429766162338,0.7266269348862782,0,1
EVT-02434,0,0.008092699985070725,0.5713998674312024,0,1
EVT-02435,1,0.9620974459291148,0.6442644379036971,1,1
EVT-02436,0,0.014135385268065136,0.10060307665277002,0,0
EVT-02437,0,0.02612474470671336,0.2608494585258251,0,0
EVT-02438,0,0.022278295504808508,0.33290090124712096,0,0
EVT-02439,0,0.009286591306971076,0.0570103835565156,0,0
EVT-02440,0,0.028308737186860406,0.44861975814386895,0,0
EVT-02441,1,0.988182466954262,0.7029130162730981,1,1
EVT-02442,0,0.018862719781965173,0.7010233959649186,0,1
EVT-02443,0,0.02867431019369501,0.5763460232468229,0,1
EVT-02444,0,0.021740786466552243,0.345462131071696,0,0
EVT-02445,0,0.003511431446827566,0.024082466514137105,0,0
EVT-02446,0,0.014135385268065136,0.3604379512872545,0,0
EVT-02447,0,0.09638346849477503,0.34520918292031566,0,0
EVT-02448,0,0.01394232870046732,0.11938328782763177,0,0
EVT-02449,0,0.0323405059374841,0.42942623161531746,0,0
EVT-02450,0,0.025106316278490106,0.1926669097248202,0,0
EVT-02451,0,0.0014957578296847197,0.043806517780935805,0,0
EVT-02452,0,0.032205536321575134,0.181294939793603,0,0
EVT-02453,1,0.9162407198358807,0.35383139931114144,1,0
EVT-02454,0,0.02154483128754622,0.5253366465818026,0,1
EVT-02455,0,0.004815588664957366,0.35383139931114144,0,0
EVT-02456,0,0.003532386546896002,0.26179267899884295,0,0
EVT-02457,0,0.025106316278490106,0.5352541298514532,0,1
EVT-02458,1,0.9819941216756015,0.5424388347549982,1,1
EVT-02459,0,0.01197435460608546,0.40934072575651576,0,0
EVT-02460,1,0.8667179067875643,0.46912463952975936,1,0
EVT-02461,0,0.0029754526414574904,0.030024826056421594,0,0
EVT-02462,0,0.03310256525346667,0.48998486024703874,0,0
EVT-02463,0,0.02384926214920388,0.5424388347549982,0,1
EVT-02464,0,0.02216612521774801,0.3768387349357947,0,0
EVT-02465,0,0.017516626270912085,0.10922127381795607,0,0
EVT-02466,0,0.0153263713211101,0.26947485710784097,0,0
EVT-02467,0,0.017310995217358165,0.06572878723045547,0,0
EVT-02468,0,0.01950973475027551,0.5120521389508366,0,1
EVT-02469,0,0.04213538146085845,0.5677899369839104,0,1
EVT-02470,0,0.007959584488665114,0.34664522180783813,0,0
EVT-02471,0,0.003532386546896002,0.26179267899884295,0,0
EVT-02472,0,0.03345308657763353,0.13604025400954337,0,0
EVT-02473,0,0.01594646955591719,0.1358759049509317,0,0
EVT-02474,0,0.02372097725612316,0.43813958057197017,0,0
EVT-02475,0,0.02384926214920388,0.5424388347549982,0,1
EVT-02476,1,0.9568130966588709,0.3211224204240983,1,0
EVT-02477,0,0.016365278299665952,0.29124893416638836,0,0
EVT-02478,0,0.021740786466552243,0.345462131071696,0,0
EVT-02479,1,0.9707596784736647,0.5061495581735611,1,1
EVT-02480,0,0.020034408692543113,0.4169429941693168,0,0
EVT-02481,0,0.02216612521774801,0.3768387349357947,0,0
EVT-02482,1,0.9819492027121143,0.686632559250131,1,1
EVT-02483,0,0.03911091324343743,0.6794185491010917,0,1
EVT-02484,0,0.003511431446827566,0.024082466514137105,0,0
EVT-02485,0,0.03345308657763353,0.13604025400954337,0,0
EVT-02486,1,0.9588159452852009,0.5315831003958744,1,1
EVT-02487,1,0.9815225414205343,0.6658733845025538,1,1
EVT-02488,0,0.030117019508269297,0.4639854186769713,0,0
EVT-02489,0,0.020630444749574126,0.31726369607209315,0,0
EVT-02490,0,0.01324579571065539,0.08823278801977295,0,0
EVT-02491,0,0.005279692005943652,0.2939016981812846,0,0
EVT-02492,1,0.9352763028470011,0.5352541298514532,1,1
EVT-02493,0,0.019496093155943337,0.14305814723287993,0,0
EVT-02494,0,0.0011490183456710657,0.36638077175214356,0,0
EVT-02495,0,0.01646908862386333,0.5928157412386904,0,1
EVT-02496,0,0.021247094271507106,0.32377653753067437,0,0
EVT-02497,0,0.013327937484700849,0.29390375114044764,0,0
EVT-02498,0,0.01170536912190702,0.3820258101436988,0,0
EVT-02499,0,0.020895617732759716,0.4900617792324253,0,0
EVT-02500,0,0.02617918565066918,0.5243087591645128,0,1
EVT-02501,0,0.0036197042848161026,0.24576896350578964,0,0
EVT-02502,1,0.9465415783840722,0.31348815065104313,1,0
EVT-02503,0,0.02612474470671336,0.2608494585258251,0,0
EVT-02504,0,0.022890802596805836,0.10708929172931873,0,0
EVT-02505,1,0.9825857842977178,0.6370890936177408,1,1
EVT-02506,0,0.014666807055174452,0.4622451647491098,0,0
EVT-02507,0,0.030625774950976917,0.25652175458076065,0,0
EVT-02508,0,0.008810857824550827,0.5011010133132475,0,1
EVT-02509,0,0.028591231263572003,0.4594299697758709,0,0
EVT-02510,0,0.03403912216444739,0.5130579681787595,0,1
EVT-02511,0,0.027204970724302086,0.21571285103785312,0,0
EVT-02512,0,0.018862719781965173,0.3841388595910212,0,0
EVT-02513,1,0.9720369797754234,0.6208373516119807,1,1
EVT-02514,0,0.003769468890295764,0.05892474076328817,0,0
EVT-02515,0,0.026335018024927825,0.40542149172416886,0,0
EVT-02516,0,0.011169663358659812,0.3088735567090226,0,0
EVT-02517,0,0.02613188070758775,0.3211224204240983,0,0
EVT-02518,1,0.9865599768023627,0.5294196980955954,1,1
EVT-02519,0,0.01646908862386333,0.5928157412386904,0,1
EVT-02520,0,0.02216612521774801,0.3768387349357947,0,0
EVT-02521,0,0.008092699985070725,0.5713998674312024,0,1
EVT-02522,0,0.023704190226757012,0.31348815065104313,0,0
EVT-02523,1,0.9640369797754234,0.5130579681787595,1,1
EVT-02524,0,0.015756972512951304,0.133890934280506,0,0
EVT-02525,0,0.016365278299665952,0.29124893416638836,0,0
EVT-02526,0,0.026225962287286277,0.6658733845025538,0,1
EVT-02527,1,0.9735225414205343,0.6658733845025538,1,1
EVT-02528,0,0.003511431446827566,0.03207897107061426,0,0
EVT-02529,0,0.03520286367506429,0.6509039830562298,0,1
EVT-02530,0,0.017310995217358165,0.06572878723045547,0,0
EVT-02531,0,0.005786291410471153,0.39765968802650886,0,0
EVT-02532,0,0.02273325848746901,0.47534232256286646,0,0
EVT-02533,0,0.017065523856643557,0.6842229689048035,0,1
EVT-02534,0,0.02462535795311749,0.515455007616862,0,1
EVT-02535,0,0.03241581589890012,0.47655269830811536,0,0
EVT-02536,0,0.3497213009332687,0.35575869018170225,0,0
EVT-02537,0,0.03840118759395123,0.5538705949092024,0,1
EVT-02538,0,0.016954274473035,0.42943649605461776,0,0
EVT-02539,0,0.02741429766162338,0.7266269348862782,0,1
EVT-02540,0,0.005927679533716403,0.5439004935824585,0,1
EVT-02541,0,0.016925299056338584,0.6442644379036971,0,1
EVT-02542,0,0.3918057821449516,0.5677899369839104,0,1
EVT-02543,0,0.015782834309343567,0.47694982073617886,0,0
EVT-02544,0,0.030459960292194874,0.48864005904188773,0,0
EVT-02545,0,0.01197435460608546,0.3144826132998734,0,0
EVT-02546,0,0.030827274889436387,0.2510880612026207,0,0
EVT-02547,1,0.9674132852815752,0.44660576816021086,1,0
EVT-02548,1,0.897288258035454,0.40008680680427783,1,0
EVT-02549,0,0.022545431979209968,0.34945969930415877,0,0
EVT-02550,0,0.021241000832888355,0.5168687129757308,0,1
EVT-02551,0,0.005279692005943652,0.2939016981812846,0,0
EVT-02552,1,0.9665857842977179,0.6370890936177408,1,1
EVT-02553,0,0.0230037751412662,0.1561895247077895,0,0
EVT-02554,0,0.023806783197126834,0.55940935384423,0,1
EVT-02555,1,0.9687893541570721,0.5842623674676831,1,1
EVT-02556,0,0.03520286367506429,0.6509039830562298,0,1
EVT-02557,0,0.0029754526414574904,0.03286871527443415,0,0
EVT-02558,0,0.012541495814498071,0.4600082422465248,0,0
EVT-02559,0,0.02154483128754622,0.5253366465818026,0,1
EVT-02560,1,0.9716693004111531,0.6615010252244269,1,1
EVT-02561,0,0.01954697255726736,0.686632559250131,0,1
EVT-02562,0,0.015782834309343567,0.5117164217179826,0,1
EVT-02563,0,0.022890802596805836,0.6074830790703438,0,1
EVT-02564,0,0.020895617732759716,0.4900617792324253,0,0
EVT-02565,1,0.9765773140028302,0.4961257073786462,1,0
EVT-02566,0,0.023704190226757012,0.31348815065104313,0,0
EVT-02567,0,0.020174319980668206,0.3153070241818088,0,0
EVT-02568,0,0.014666807055174452,0.4622451647491098,0,0
EVT-02569,0,0.010135018300528636,0.4618598121460932,0,0
EVT-02570,0,0.0223317764594791,0.15243422788593558,0,0
EVT-02571,0,0.011915001729396135,0.5627330531145203,0,1
EVT-02572,0,0.020076336269341712,0.49222545163257175,0,0
EVT-02573,1,0.9866222200781257,0.7430251846251615,1,1
EVT-02574,0,0.020895617732759716,0.4900617792324253,0,0
EVT-02575,0,0.01950973475027551,0.5120521389508366,0,1
EVT-02576,0,0.019818750813085106,0.5544181490508308,0,1
EVT-02577,0,0.024456354758692445,0.5024893612347845,0,1
EVT-02578,1,0.9627534869572516,0.4120413657419559,1,0
EVT-02579,1,0.984576498261183,0.6664063155381525,1,1
EVT-02580,0,0.025578592513123534,0.5939786580429977,0,1
EVT-02581,0,0.005927679533716403,0.49266357819155315,0,0
EVT-02582,0,0.019548290171225068,0.3595797937292251,0,0
EVT-02583,0,0.010620574513352132,0.420297508528938,0,0
EVT-02584,0,0.032671682661108675,0.7666224596986625,0,1
EVT-02585,1,0.9720369797754234,0.5130579681787595,1,1
EVT-02586,0,0.016954274473035,0.1434365098383412,0,0
EVT-02587,1,0.9331064726861578,0.3595797937292251,1,0
EVT-02588,1,0.9679082378352745,0.5253366465818026,1,1
EVT-02589,0,0.017065523856643557,0.7029130162730981,0,1
EVT-02590,0,0.01588404329195093,0.4999548904382057,0,0
EVT-02591,0,0.025578592513123534,0.5939786580429977,0,1
EVT-02592,0,0.02802465666363816,0.6124828362369831,0,1
EVT-02593,0,0.006316113950936865,0.050127641735245074,0,0
EVT-02594,0,0.03736154388950589,0.5110937516777692,0,1
EVT-02595,0,0.005530981465338206,0.09538685982664814,0,0
EVT-02596,0,0.0323405059374841,0.12342639817645783,0,0
EVT-02597,0,0.032205536321575134,0.181294939793603,0,0
EVT-02598,0,0.02216612521774801,0.3768387349357947,0,0
EVT-02599,0,0.022890802596805836,0.6074830790703438,0,1
EVT-02600,0,0.03292534873188304,0.5839181495992809,0,1
EVT-02601,0,0.013496421357886056,0.567881502289538,0,1
EVT-02602,0,0.016541250789155384,0.41780274493742375,0,0
EVT-02603,0,0.03111091324343743,0.6794185491010917,0,1
EVT-02604,0,0.25154807298136916,0.6442644379036971,0,1
EVT-02605,0,0.01631034258897741,0.11462267237040105,0,0
EVT-02606,0,0.2939379822176766,0.1926669097248202,0,0
EVT-02607,0,0.01646908862386333,0.5928157412386904,0,1
EVT-02608,0,0.0153263713211101,0.26947485710784097,0,0
EVT-02609,0,0.021353075480719495,0.5420985567381911,0,1
EVT-02610,1,0.9508159452852009,0.5315831003958744,1,1
EVT-02611,0,0.026166914445329755,0.32970435041208684,0,0
EVT-02612,0,0.017754282318099855,0.6664063155381525,0,1
EVT-02613,0,0.019650054428684213,0.5061495581735611,0,1
EVT-02614,0,0.011915001729396135,0.5627330531145203,0,1
EVT-02615,0,0.013327194157225488,0.16589461213494883,0,0
EVT-02616,1,0.9865599768023627,0.4999548904382057,1,0
EVT-02617,0,0.0323405059374841,0.42942623161531746,0,0
EVT-02618,0,0.016925299056338584,0.6442644379036971,0,1
EVT-02619,0,0.028972918158496543,0.4627005344489743,0,0
EVT-02620,0,0.024456354758692445,0.5024893612347845,0,1
EVT-02621,0,0.02325541645806789,0.15954663923297163,0,0
EVT-02622,1,0.9834426809113621,0.5928157412386904,1,1
EVT-02623,0,0.027204970724302086,0.6291987102289129,0,1
EVT-02624,0,0.0323405059374841,0.42942623161531746,0,0
EVT-02625,0,0.026335018024927825,0.40542149172416886,0,0
EVT-02626,0,0.0011490183456710657,0.36638077175214356,0,0
EVT-02627,0,0.015526265543772885,0.35119270418380627,0,0
EVT-02628,0,0.01646908862386333,0.5928157412386904,0,1
EVT-02629,1,0.9846430597418315,0.4793937995901112,1,0
EVT-02630,0,0.007959584488665114,0.34664522180783813,0,0
EVT-02631,0,0.010135018300528636,0.5176791447669556,0,1
EVT-02632,0,0.009058979217858181,0.4419251898090802,0,0
EVT-02633,0,0.018862719781965173,0.3841388595910212,0,0
EVT-02634,0,0.01594646955591719,0.4130869866855707,0,0
EVT-02635,1,0.9486802644737654,0.3820258101436988,1,0
EVT-02636,0,0.010715315529557618,0.056563417421760735,0,0
EVT-02637,0,0.03111091324343743,0.6794185491010917,0,1
EVT-02638,0,0.01394232870046732,0.5569802626800751,0,1
EVT-02639,0,0.005843848994040472,0.2478098600203849,0,0
EVT-02640,0,0.018900236466345626,0.06617964618054309,0,0
EVT-02641,0,0.017754282318099855,0.6664063155381525,0,1
EVT-02642,0,0.01197435460608546,0.3144826132998734,0,0
EVT-02643,0,0.004064705117212539,0.3284897077103409,0,0
EVT-02644,0,0.025313115115326097,0.34520918292031566,0,0
EVT-02645,0,0.023806783197126834,0.1825256858497815,0,0
EVT-02646,0,0.008810857824550827,0.5011010133132475,0,1
EVT-02647,0,0.003511431446827566,0.024082466514137105,0,0
EVT-02648,0,0.005012406947890818,0.03603608978096953,0,0
EVT-02649,0,0.021247094271507106,0.32377653753067437,0,0
EVT-02650,0,0.02613188070758775,0.3211224204240983,0,0
EVT-02651,0,0.020322686077028775,0.4633846337615451,0,0
EVT-02652,0,0.014666807055174452,0.4622451647491098,0,0
EVT-02653,0,0.02674431050194675,0.12803993485927043,0,0
EVT-02654,0,0.026335018024927825,0.6618232883037343,0,1
EVT-02655,1,0.9783465843690543,0.7575111542135281,1,1
EVT-02656,0,0.02325541645806789,0.15954663923297163,0,0
EVT-02657,0,0.005530981465338206,0.09538685982664814,0,0
EVT-02658,0,0.004064705117212539,0.3284897077103409,0,0
EVT-02659,0,0.019548290171225068,0.3595797937292251,0,0
EVT-02660,0,0.032205536321575134,0.181294939793603,0,0
EVT-02661,0,0.009058979217858181,0.4419251898090802,0,0
EVT-02662,0,0.014135385268065136,0.3604379512872545,0,0
EVT-02663,0,0.005927679533716403,0.5439004935824585,0,1
EVT-02664,0,0.020630444749574126,0.31726369607209315,0,0
EVT-02665,1,0.988182466954262,0.6842229689048035,1,1
EVT-02666,0,0.01594646955591719,0.4130869866855707,0,0
EVT-02667,0,0.02323227228741882,0.18529733640018398,0,0
EVT-02668,0,0.016541250789155384,0.41780274493742375,0,0
EVT-02669,0,0.003511431446827566,0.024082466514137105,0,0
EVT-02670,0,0.004985823234418422,0.07193739436781964,0,0
EVT-02671,0,0.0282960112179199,0.6157581023629323,0,1
EVT-02672,0,0.024456354758692445,0.5715766740999395,0,1
EVT-02673,0,0.0230037751412662,0.11952807413638886,0,0
EVT-02674,0,0.019708997396588518,0.10754854541335516,0,0
EVT-02675,0,0.028308737186860406,0.44861975814386895,0,0
EVT-02676,0,0.03343179221557956,0.6710370723215744,0,1
EVT-02677,0,0.028308737186860406,0.44861975814386895,0,0
EVT-02678,0,0.012794742974309825,0.572569295108708,0,1
EVT-02679,0,0.03520286367506429,0.6509039830562298,0,1
EVT-02680,0,0.017342221159712606,0.4793937995901112,0,0
EVT-02681,0,0.0153263713211101,0.26947485710784097,0,0
EVT-02682,0,0.018046330721281846,0.683546203452632,0,1
EVT-02683,0,0.023704190226757012,0.31348815065104313,0,0
EVT-02684,0,0.01394232870046732,0.5569802626800751,0,1
EVT-02685,0,0.02273325848746901,0.47534232256286646,0,0
EVT-02686,0,0.0029754526414574904,0.03583725499605301,0,0
EVT-02687,0,0.015756972512951304,0.133890934280506,0,0
EVT-02688,0,0.001012406947890819,0.03603608978096953,0,0
EVT-02689,0,0.01679200751654846,0.6370890936177408,0,1
EVT-02690,0,0.005927679533716403,0.5439004935824585,0,1
EVT-02691,0,0.015867366061569844,0.5122172833024965,0,1
EVT-02692,0,0.021740786466552243,0.345462131071696,0,0
EVT-02693,0,0.025578592513123534,0.23480237179713068,0,0
EVT-02694,0,0.025595167795770486,0.5081346380981684,0,1
EVT-02695,0,0.012541495814498071,0.4600082422465248,0,0
EVT-02696,0,0.02617918565066918,0.5243087591645128,0,1
EVT-02697,0,0.02463044474957413,0.31726369607209315,0,0
EVT-02698,1,0.9042314446729645,0.3768387349357947,1,0
EVT-02699,0,0.0031242664895844287,0.07867845648437552,0,0
EVT-02700,0,0.016541250789155384,0.41780274493742375,0,0
EVT-02701,0,0.0323405059374841,0.12342639817645783,0,0
EVT-02702,0,0.03403912216444739,0.5130579681787595,0,1
EVT-02703,0,0.029547405621145897,0.5062132067790412,0,1
EVT-02704,0,0.024456354758692445,0.5715766740999395,0,1
EVT-02705,0,0.005673612954430005,0.03719194820569662,0,0
EVT-02706,1,0.9819941216756015,0.5424388347549982,1,1
EVT-02707,1,0.9866222200781257,0.7430251846251615,1,1
EVT-02708,0,0.026520814695656283,0.1279244465984401,0,0
EVT-02709,0,0.02522383565760267,0.32044472625533926,0,0
EVT-02710,0,0.003511431446827566,0.024082466514137105,0,0
EVT-02711,0,0.008810857824550827,0.5011010133132475,0,1
EVT-02712,1,0.9822068664235444,0.7266269348862782,1,1
EVT-02713,0,0.017065523856643557,0.7029130162730981,0,1
EVT-02714,0,0.015756972512951304,0.133890934280506,0,0
EVT-02715,0,0.019650054428684213,0.6517164938060996,0,1
EVT-02716,1,0.8562155506826649,0.45907107006633147,1,0
EVT-02717,0,0.02613188070758775,0.40418468620283304,0,0
EVT-02718,0,0.004815588664957366,0.35383139931114144,0,0
EVT-02719,0,0.03520286367506429,0.6509039830562298,0,1
EVT-02720,0,0.01679200751654846,0.6370890936177408,0,1
EVT-02721,1,0.934920515129733,0.5123545096780675,1,1
EVT-02722,1,0.9783465843690543,0.31726369607209315,1,0
EVT-02723,1,0.8698149226692694,0.3153070241818088,1,0
EVT-02724,0,0.03310256525346667,0.21932973553468654,0,0
EVT-02725,0,0.42287745535681986,0.6615010252244269,0,1
EVT-02726,1,0.9719916833451977,0.4622451647491098,1,0
EVT-02727,0,0.01394232870046732,0.5569802626800751,0,1
EVT-02728,0,0.005843848994040472,0.2478098600203849,0,0
EVT-02729,1,0.9883786473997953,0.5483094267064336,1,1
EVT-02730,0,0.019650054428684213,0.5061495581735611,0,1
EVT-02731,0,0.016541250789155384,0.41780274493742375,0,0
EVT-02732,0,0.034624369009524744,0.602382314935049,0,1
EVT-02733,0,0.004064705117212539,0.3284897077103409,0,0
EVT-02734,0,0.023806783197126834,0.1825256858497815,0,0
EVT-02735,0,0.02522383565760267,0.32044472625533926,0,0
EVT-02736,0,0.03111091324343743,0.6794185491010917,0,1
EVT-02737,0,0.022545431979209968,0.34945969930415877,0,0
EVT-02738,0,0.015782834309343567,0.47694982073617886,0,0
EVT-02739,0,0.009058979217858181,0.4419251898090802,0,0
EVT-02740,0,0.01631034258897741,0.11462267237040105,0,0
EVT-02741,0,0.012741899183337695,0.3154992691152062,0,0
EVT-02742,0,0.015526265543772885,0.07634931636418564,0,0
EVT-02743,0,0.016541250789155384,0.41780274493742375,0,0
EVT-02744,0,0.02989246128936821,0.634689900430826,0,1
EVT-02745,0,0.0,0.06511766529921091,0,0
EVT-02746,0,0.010620574513352132,0.4961257073786462,0,0
EVT-02747,0,0.029310982111019887,0.3503868572425555,0,0
EVT-02748,0,0.004064705117212539,0.020471400260052043,0,0
EVT-02749,0,0.018862719781965173,0.7010233959649186,0,1
EVT-02750,0,0.023704190226757012,0.31348815065104313,0,0
EVT-02751,0,0.0,0.2606343625697662,0,0
EVT-02752,0,0.020322686077028775,0.36300148071464955,0,0
EVT-02753,0,0.017310995217358165,0.06572878723045547,0,0
EVT-02754,0,0.014666807055174452,0.432616613611552,0,0
EVT-02755,0,0.0029770336972639927,0.01981059285332476,0,0
EVT-02756,0,0.026225962287286277,0.1446345158535491,0,0
EVT-02757,1,0.9652713365509289,0.6839549512227512,1,1
EVT-02758,0,0.03310256525346667,0.48998486024703874,0,0
EVT-02759,0,0.023976679720170688,0.48166916266015863,0,0
EVT-02760,0,0.01197435460608546,0.40934072575651576,0,0
EVT-02761,0,0.02154483128754622,0.5253366465818026,0,1
EVT-02762,0,0.01954697255726736,0.3731687313916801,0,0
EVT-02763,0,0.011169663358659812,0.3088735567090226,0,0
EVT-02764,0,0.009058979217858181,0.4419251898090802,0,0
EVT-02765,0,0.03111091324343743,0.6794185491010917,0,1
EVT-02766,0,0.016541250789155384,0.42824892634709993,0,0
EVT-02767,0,0.0005507134593135363,0.021245476385819535,0,0
EVT-02768,0,0.004985823234418422,0.06529391009453986,0,0
EVT-02769,1,0.8900578167721328,0.316131281760652,1,0
EVT-02770,0,0.01679200751654846,0.15945728733807826,0,0
EVT-02771,1,0.9834426809113621,0.5928157412386904,1,1
EVT-02772,0,0.026593468218482005,0.08613195870918096,0,0
EVT-02773,0,0.008810857824550827,0.5011010133132475,0,1
EVT-02774,0,0.0011490183456710657,0.36638077175214356,0,0
EVT-02775,0,0.029547405621145897,0.20272583078169465,0,0
EVT-02776,0,0.0,0.2606343625697662,0,0
EVT-02777,0,0.0029754526414574904,0.030024826056421594,0,0
EVT-02778,0,0.03736154388950589,0.6009928133501509,0,1
EVT-02779,0,0.05688365818555661,0.4403185897838344,0,0
EVT-02780,0,0.01646908862386333,0.5928157412386904,0,1
EVT-02781,0,0.03667431019369501,0.5763460232468229,0,1
EVT-02782,0,0.021353075480719495,0.5551280582055161,0,1
EVT-02783,0,0.022890802596805836,0.6074830790703438,0,1
EVT-02784,0,0.02384926214920388,0.5424388347549982,0,1
EVT-02785,0,0.028324392099025993,0.4340682274472337,0,0
EVT-02786,0,0.03840118759395123,0.4007076003699891,0,0
EVT-02787,0,0.0029754526414574904,0.0476872303311242,0,0
EVT-02788,0,0.01679200751654846,0.6370890936177408,0,1
EVT-02789,0,0.013327937484700849,0.29390375114044764,0,0
EVT-02790,0,0.01170536912190702,0.3820258101436988,0,0
EVT-02791,0,0.026166914445329755,0.32970435041208684,0,0
EVT-02792,0,0.019708997396588518,0.10754854541335516,0,0
EVT-02793,0,0.03292534873188304,0.21962757020171678,0,0
EVT-02794,0,0.012794742974309825,0.7153884428277311,0,1
EVT-02795,0,0.016954274473035,0.42943649605461776,0,0
EVT-02796,0,0.02613188070758775,0.3211224204240983,0,0
EVT-02797,0,0.02674431050194675,0.4993250740078858,0,0
EVT-02798,0,0.013327937484700849,0.40787004878619154,0,0
EVT-02799,0,0.02522383565760267,0.32044472625533926,0,0
EVT-02800,0,0.0,0.27147180431145707,0,0
EVT-02801,0,0.03241581589890012,0.37122917458979743,0,0
EVT-02802,0,0.0029754526414574904,0.030024826056421594,0,0
EVT-02803,0,0.0029770336972639927,0.01981059285332476,0,0
EVT-02804,0,0.07121247665256747,0.2827013813119667,0,0
EVT-02805,0,0.01197435460608546,0.3144826132998734,0,0
EVT-02806,1,0.9649546678305884,0.6618232883037343,1,1
EVT-02807,0,0.005786291410471153,0.39765968802650886,0,0
EVT-02808,0,0.0031242664895844287,0.07867845648437552,0,0
EVT-02809,1,0.9882207863413058,0.7153884428277311,1,1
EVT-02810,0,0.005673612954430005,0.40008680680427783,0,0
EVT-02811,0,0.02273325848746901,0.4602242746924131,0,0
EVT-02812,0,0.018862719781965173,0.7010233959649186,0,1
EVT-02813,0,0.012794742974309825,0.7153884428277311,0,1
EVT-02814,0,0.011915001729396135,0.5627330531145203,0,1
EVT-02815,0,0.003511431446827566,0.035528567607189546,0,0
EVT-02816,0,0.004064705117212539,0.3284897077103409,0,0
EVT-02817,0,0.008723985356306422,0.05405051554699415,0,0
EVT-02818,0,0.005927679533716403,0.49266357819155315,0,0
EVT-02819,0,0.0153263713211101,0.26947485710784097,0,0
EVT-02820,0,0.008723985356306422,0.05405051554699415,0,0
EVT-02821,0,0.008723985356306422,0.3988991920479977,0,0
EVT-02822,0,0.017516626270912085,0.0752535822099249,0,0
EVT-02823,0,0.006316113950936865,0.316131281760652,0,0
EVT-02824,0,0.012741899183337695,0.492886855099366,0,0
EVT-02825,0,0.01631034258897741,0.550431609878396,0,1
EVT-02826,0,0.005530981465338206,0.09538685982664814,0,0
EVT-02827,0,0.03292534873188304,0.21962757020171678,0,0
EVT-02828,0,0.005786291410471153,0.39765968802650886,0,0
EVT-02829,1,0.9620974459291148,0.6442644379036971,1,1
EVT-02830,0,0.032205536321575134,0.5123545096780675,0,1
EVT-02831,0,0.005673612954430005,0.03719194820569662,0,0
EVT-02832,0,0.01588404329195093,0.5294196980955954,0,1
EVT-02833,1,0.962328225649258,0.550431609878396,1,1
EVT-02834,0,0.01394232870046732,0.5569802626800751,0,1
EVT-02835,0,0.028324392099025993,0.48500470478143837,0,0
EVT-02836,0,0.0,0.2606343625697662,0,0
EVT-02837,0,0.0031242664895844287,0.07867845648437552,0,0
EVT-02838,0,0.02949575782968472,0.528496751551109,0,1
EVT-02839,0,0.022890802596805836,0.6074830790703438,0,1
EVT-02840,0,0.022545431979209968,0.34945969930415877,0,0
EVT-02841,0,0.015782834309343567,0.47694982073617886,0,0
EVT-02842,0,0.015526265543772885,0.35119270418380627,0,0
EVT-02843,0,0.02617918565066918,0.5243087591645128,0,1
EVT-02844,0,0.01394232870046732,0.5569802626800751,0,1
EVT-02845,0,0.0011490183456710657,0.36638077175214356,0,0
EVT-02846,1,0.9627534869572516,0.4120413657419559,1,0
EVT-02847,0,0.0018984342780400303,0.061930712424138924,0,0
EVT-02848,0,0.016365278299665952,0.29124893416638836,0,0
EVT-02849,0,0.014135385268065136,0.10060307665277002,0,0
EVT-02850,0,0.005530981465338206,0.09538685982664814,0,0
EVT-02851,0,0.01950973475027551,0.5138966263129883,0,1
EVT-02852,0,0.021353075480719495,0.5551280582055161,0,1
EVT-02853,0,0.025809717609115056,0.6615010252244269,0,1
EVT-02854,0,0.029547405621145897,0.5062132067790412,0,1
EVT-02855,0,0.023704190226757012,0.31348815065104313,0,0
EVT-02856,0,0.0323405059374841,0.42942623161531746,0,0
EVT-02857,1,0.9764573058970079,0.634689900430826,1,1
EVT-02858,0,0.018862719781965173,0.3841388595910212,0,0
EVT-02859,0,0.023704190226757012,0.18410677986680693,0,0
EVT-02860,0,0.0,0.27147180431145707,0,0
EVT-02861,0,0.029310982111019887,0.3503868572425555,0,0
EVT-02862,0,0.02042777128822621,0.3958963311027148,0,0
EVT-02863,0,0.025313115115326097,0.4574284909270434,0,0
EVT-02864,0,0.0036197042848161026,0.24576896350578964,0,0
EVT-02865,0,0.027204970724302086,0.21571285103785312,0,0
EVT-02866,0,0.019708997396588518,0.4407108599382844,0,0
EVT-02867,0,0.04213538146085845,0.5677899369839104,0,1
EVT-02868,1,0.975181966058612,0.4600082422465248,1,0
EVT-02869,0,0.017754282318099855,0.6664063155381525,0,1
EVT-02870,0,0.017754282318099855,0.6664063155381525,0,1
EVT-02871,1,0.9756971367755949,0.6661174423179758,1,1
EVT-02872,0,0.01594646955591719,0.4130869866855707,0,0
EVT-02873,0,0.04213538146085845,0.5308120892117892,0,1
EVT-02874,0,0.03310256525346667,0.21932973553468654,0,0
EVT-02875,0,0.032205536321575134,0.5123545096780675,0,1
EVT-02876,0,0.019650054428684213,0.5061495581735611,0,1
EVT-02877,0,0.0,0.014811312899362966,0,0
EVT-02878,0,0.013327937484700849,0.29390375114044764,0,0
EVT-02879,0,0.003532386546896002,0.06430638119151377,0,0
EVT-02880,0,0.021353075480719495,0.5551280582055161,0,1
EVT-02881,0,0.003866936571761476,0.2948549362580946,0,0
EVT-02882,0,0.019496093155943337,0.4086260879704496,0,0
EVT-02883,0,0.025595167795770486,0.5081346380981684,0,1
EVT-02884,0,0.0014957578296847197,0.528496751551109,0,1
EVT-02885,0,0.004985823234418422,0.07193739436781964,0,0
EVT-02886,0,0.026216286048582674,0.3083058533120379,0,0
EVT-02887,0,0.03840118759395123,0.4007076003699891,0,0
EVT-02888,0,0.024972918158496542,0.4627005344489743,0,0
EVT-02889,0,0.023976679720170688,0.4044015843287316,0,0
EVT-02890,0,0.028591231263572003,0.4594299697758709,0,0
EVT-02891,0,0.030368610443286325,0.596738869448946,0,1
EVT-02892,1,0.9530015886797439,0.5243087591645128,1,1
EVT-02893,0,0.004815588664957366,0.09314729666919548,0,0
EVT-02894,0,0.02612474470671336,0.2608494585258251,0,0
EVT-02895,0,0.025313115115326097,0.34520918292031566,0,0
EVT-02896,0,0.018862719781965173,0.3841388595910212,0,0
EVT-02897,1,0.8904832498244364,0.6360393982099184,1,1
EVT-02898,0,0.36684106549892465,0.4120413657419559,0,0
EVT-02899,0,0.01170536912190702,0.3820258101436988,0,0
EVT-02900,0,0.0011490183456710657,0.36638077175214356,0,0
EVT-02901,0,0.03292534873188304,0.5839181495992809,0,1
EVT-02902,0,0.018900236466345626,0.10131397911120596,0,0
EVT-02903,0,0.030827274889436387,0.6591134377869937,0,1
EVT-02904,0,0.014135385268065136,0.3604379512872545,0,0
EVT-02905,0,0.03241581589890012,0.47655269830811536,0,0
EVT-02906,0,0.021740786466552243,0.345462131071696,0,0
EVT-02907,0,0.005530981465338206,0.09538685982664814,0,0
EVT-02908,0,0.0014957578296847197,0.043806517780935805,0,0
EVT-02909,0,0.003511431446827566,0.024082466514137105,0,0
EVT-02910,0,0.0014957578296847197,0.043993716140941865,0,0
EVT-02911,0,0.019818750813085106,0.5544181490508308,0,1
EVT-02912,0,0.010620574513352132,0.420297508528938,0,0
EVT-02913,0,0.0,0.2606343625697662,0,0
EVT-02914,0,0.026216286048582674,0.10498379718457515,0,0
EVT-02915,0,0.03520286367506429,0.6509039830562298,0,1
EVT-02916,0,0.021740786466552243,0.3940915082801179,0,0
EVT-02917,0,0.013327194157225488,0.2827013813119667,0,0
EVT-02918,0,0.015756972512951304,0.133890934280506,0,0
EVT-02919,0,0.015756972512951304,0.133890934280506,0,0
EVT-02920,0,0.0014957578296847197,0.043806517780935805,0,0
EVT-02921,0,0.010715315529557618,0.056563417421760735,0,0
EVT-02922,0,0.003511431446827566,0.03207897107061426,0,0
EVT-02923,0,0.020034408692543113,0.4169429941693168,0,0
EVT-02924,0,0.019708997396588518,0.4407108599382844,0,0
EVT-02925,1,0.9705205369521624,0.6710370723215744,1,1
EVT-02926,0,0.018862719781965173,0.3841388595910212,0,0
EVT-02927,0,0.010661932709780818,0.5874258428201588,0,1
EVT-02928,0,0.015867366061569844,0.5122172833024965,0,1
EVT-02929,0,0.024972918158496542,0.35575869018170225,0,0
EVT-02930,0,0.010620574513352132,0.420297508528938,0,0
EVT-02931,0,0.0282960112179199,0.6157581023629323,0,1
EVT-02932,0,0.03343179221557956,0.2463403176795317,0,0
EVT-02933,0,0.030827274889436387,0.2510880612026207,0,0
EVT-02934,0,0.030117019508269297,0.4639854186769713,0,0
EVT-02935,0,0.005843848994040472,0.2478098600203849,0,0
EVT-02936,0,0.025005282387554315,0.43739277547060434,0,0
EVT-02937,0,0.008810857824550827,0.5011010133132475,0,1
EVT-02938,0,0.0,0.014811312899362966,0,0
EVT-02939,1,0.6784814176610104,0.3246412894699199,1,0
EVT-02940,0,0.032205536321575134,0.181294939793603,0,0
EVT-02941,1,0.9785749470529254,0.4961257073786462,1,0
EVT-02942,1,0.8923786473997952,0.5483094267064336,1,1
EVT-02943,0,0.01646908862386333,0.5928157412386904,0,1
EVT-02944,1,0.9585205369521625,0.6710370723215744,1,1
EVT-02945,1,0.962585784297718,0.6370890936177408,1,1
EVT-02946,0,0.02867431019369501,0.3289025481080631,0,0
EVT-02947,0,0.021247094271507106,0.32377653753067437,0,0
EVT-02948,1,0.734902525031065,0.47534232256286646,1,0
EVT-02949,0,0.012741899183337695,0.3154992691152062,0,0
EVT-02950,0,0.022545431979209968,0.34945969930415877,0,0
EVT-02951,1,0.9734437792024649,0.49266357819155315,1,0
EVT-02952,0,0.005786291410471153,0.43662321093898615,0,0
EVT-02953,0,0.008723985356306422,0.05405051554699415,0,0
EVT-02954,0,0.0014957578296847197,0.043806517780935805,0,0
EVT-02955,1,0.9530015886797439,0.5243087591645128,1,1
EVT-02956,0,0.030625774950976917,0.5842623674676831,0,1
EVT-02957,0,0.005673612954430005,0.03719194820569662,0,0
EVT-02958,0,0.015526265543772885,0.35119270418380627,0,0
EVT-02959,0,0.01588404329195093,0.5294196980955954,0,1
EVT-02960,0,0.013496421357886056,0.567881502289538,0,1
EVT-02961,0,0.007959584488665114,0.34664522180783813,0,0
EVT-02962,0,0.015756972512951304,0.133890934280506,0,0
EVT-02963,0,0.02867431019369501,0.3289025481080631,0,0
EVT-02964,0,0.01954697255726736,0.3731687313916801,0,0
EVT-02965,1,0.9318671899636495,0.5024893612347845,1,1
EVT-02966,0,0.025595167795770486,0.16921095875786463,0,0
EVT-02967,0,0.01324579571065539,0.5315831003958744,0,1
EVT-02968,0,0.02867431019369501,0.3289025481080631,0,0
EVT-02969,0,0.026166914445329755,0.4949300674049534,0,0
EVT-02970,0,0.02522383565760267,0.32044472625533926,0,0
EVT-02971,0,0.001012406947890819,0.3246412894699199,0,0
EVT-02972,1,0.9823251209069613,0.7051528176021419,1,1
EVT-02973,0,0.025313115115326097,0.34520918292031566,0,0
EVT-02974,0,0.003511431446827566,0.024082466514137105,0,0
EVT-02975,0,0.028324392099025993,0.48500470478143837,0,0
EVT-02976,0,0.014135385268065136,0.3604379512872545,0,0
EVT-02977,0,0.028591231263572003,0.4594299697758709,0,0
EVT-02978,1,0.9670389901339549,0.6009928133501509,1,1
EVT-02979,0,0.014666807055174452,0.4622451647491098,0,0
EVT-02980,0,0.0018984342780400303,0.061930712424138924,0,0
EVT-02981,1,0.8985943532455686,0.492886855099366,1,0
EVT-02982,0,0.025809717609115056,0.6615010252244269,0,1
EVT-02983,0,0.0029754526414574904,0.0476872303311242,0,0
EVT-02984,0,0.020322686077028775,0.36300148071464955,0,0
EVT-02985,0,0.026593468218482005,0.08613195870918096,0,0
EVT-02986,0,0.003532386546896002,0.26179267899884295,0,0
EVT-02987,0,0.025809717609115056,0.6615010252244269,0,1
EVT-02988,0,0.026335018024927825,0.6618232883037343,0,1
EVT-02989,0,0.024115126128656572,0.19794630012591286,0,0
EVT-02990,0,0.01594646955591719,0.4130869866855707,0,0
EVT-02991,0,0.03736154388950589,0.6009928133501509,0,1
EVT-02992,0,0.029310982111019887,0.6360393982099184,0,1
EVT-02993,1,0.9782933932755202,0.5725849769484328,1,1
EVT-02994,0,0.019708997396588518,0.10754854541335516,0,0
EVT-02995,0,0.004064705117212539,0.3284897077103409,0,0
EVT-02996,0,0.013327194157225488,0.2827013813119667,0,0
EVT-02997,0,0.0,0.2606343625697662,0,0
EVT-02998,0,0.016365278299665952,0.29124893416638836,0,0
EVT-02999,0,0.0029770336972639927,0.28669811956081986,0,0
EVT-03000,0,0.023704190226757012,0.31348815065104313,0,0
EVT-03001,0,0.003866936571761476,0.2948549362580946,0,0
EVT-03002,1,0.979669300411153,0.7798151595569001,1,1
EVT-03003,0,0.016365278299665952,0.10182129959729623,0,0
EVT-03004,0,0.022545431979209968,0.34945969930415877,0,0
EVT-03005,0,0.03345308657763353,0.48108977800900393,0,0
EVT-03006,0,0.01086948790770963,0.2888257552010582,0,0
EVT-03007,0,0.0153383056325396,0.12574380935590004,0,0
EVT-03008,0,0.009058979217858181,0.4419251898090802,0,0
EVT-03009,0,0.0,0.03112573705639369,0,0
EVT-03010,0,0.0029754526414574904,0.0476872303311242,0,0
EVT-03011,0,0.02741429766162338,0.7266269348862782,0,1
EVT-03012,0,0.01954697255726736,0.686632559250131,0,1
EVT-03013,1,0.947691364086448,0.10718256594346752,1,0
EVT-03014,0,0.0029754526414574904,0.030024826056421594,0,0
EVT-03015,0,0.014135385268065136,0.3604379512872545,0,0
EVT-03016,0,0.017754282318099855,0.6664063155381525,0,1
EVT-03017,0,0.010715315529557618,0.056563417421760735,0,0
EVT-03018,1,0.9829229846003686,0.5551280582055161,1,1
EVT-03019,0,0.02741429766162338,0.44901203517694,0,0
EVT-03020,0,0.003511431446827566,0.035528567607189546,0,0
EVT-03021,0,0.04213538146085845,0.5308120892117892,0,1
EVT-03022,0,0.025313115115326097,0.34520918292031566,0,0
EVT-03023,0,0.009058979217858181,0.4419251898090802,0,0
EVT-03024,0,0.030117019508269297,0.2497458193057644,0,0
EVT-03025,0,0.02372097725612316,0.43813958057197017,0,0
EVT-03026,0,0.019496093155943337,0.14305814723287993,0,0
EVT-03027,1,0.943691364086448,0.43739277547060434,1,0
EVT-03028,0,0.025809717609115056,0.6615010252244269,0,1
EVT-03029,0,0.028324392099025993,0.48500470478143837,0,0
EVT-03030,1,0.9331043010510002,0.6157581023629323,1,1
EVT-03031,0,0.030827274889436387,0.6591134377869937,0,1
EVT-03032,0,0.03736154388950589,0.5110937516777692,0,1
EVT-03033,0,0.0029754526414574904,0.03583725499605301,0,0
EVT-03034,0,0.03345308657763353,0.48108977800900393,0,0
EVT-03035,1,0.8331043010510002,0.6157581023629323,1,1
EVT-03036,0,0.02384926214920388,0.5424388347549982,0,1
EVT-03037,0,0.001012406947890819,0.03603608978096953,0,0
EVT-03038,0,0.011169663358659812,0.08259849325073083,0,0
EVT-03039,0,0.022278295504808508,0.11407388519078487,0,0
EVT-03040,0,0.013496421357886056,0.23401621883479828,0,0
EVT-03041,0,0.019650054428684213,0.5061495581735611,0,1
EVT-03042,0,0.02989246128936821,0.634689900430826,0,1
EVT-03043,0,0.02042777128822621,0.3958963311027148,0,0
EVT-03044,0,0.010135018300528636,0.4618598121460932,0,0
EVT-03045,0,0.004815588664957366,0.09314729666919548,0,0
EVT-03046,0,0.008092699985070725,0.5713998674312024,0,1
EVT-03047,0,0.018862719781965173,0.7010233959649186,0,1
EVT-03048,0,0.022278295504808508,0.33290090124712096,0,0
EVT-03049,1,0.9738999048088965,0.133890934280506,1,0
EVT-03050,0,0.03403912216444739,0.5130579681787595,0,1
EVT-03051,0,0.0,0.014811312899362966,0,0
EVT-03052,0,0.032205536321575134,0.181294939793603,0,0
EVT-03053,0,0.022545431979209968,0.34945969930415877,0,0
EVT-03054,0,0.02323227228741882,0.18529733640018398,0,0
EVT-03055,0,0.029547405621145897,0.5062132067790412,0,1
EVT-03056,0,0.01594646955591719,0.4130869866855707,0,0
EVT-03057,0,0.01954697255726736,0.3731687313916801,0,0
EVT-03058,0,0.022278295504808508,0.33290090124712096,0,0
EVT-03059,0,0.03111091324343743,0.7359701441174481,0,1
EVT-03060,0,0.34169768930031724,0.20626795819351187,0,0
EVT-03061,0,0.01197435460608546,0.3144826132998734,0,0
EVT-03062,0,0.023976679720170688,0.4044015843287316,0,0
EVT-03063,0,0.022545431979209968,0.34945969930415877,0,0
EVT-03064,0,0.011915001729396135,0.5627330531145203,0,1
EVT-03065,0,0.02154483128754622,0.6050858941413678,0,1
EVT-03066,0,0.005927679533716403,0.49266357819155315,0,0
EVT-03067,0,0.018046330721281846,0.5483094267064336,0,1
EVT-03068,0,0.0014957578296847197,0.4403185897838344,0,0
EVT-03069,0,0.030117019508269297,0.4639854186769713,0,0
EVT-03070,0,0.0018984342780400303,0.061930712424138924,0,0
EVT-03071,0,0.025809717609115056,0.6615010252244269,0,1
EVT-03072,1,0.9631025173589357,0.5627330531145203,1,1
EVT-03073,0,0.023704190226757012,0.31348815065104313,0,0
EVT-03074,0,0.015867366061569844,0.5122172833024965,0,1
EVT-03075,0,0.03241581589890012,0.37122917458979743,0,0
EVT-03076,0,0.0029754526414574904,0.03583725499605301,0,0
EVT-03077,0,0.03406936809880245,0.45146954432320496,0,0
EVT-03078,0,0.003532386546896002,0.024395063782410284,0,0
EVT-03079,0,0.010715315529557618,0.056563417421760735,0,0
EVT-03080,1,0.9738999048088965,0.5927230826103639,1,1
EVT-03081,0,0.003511431446827566,0.035528567607189546,0,0
EVT-03082,0,0.01588404329195093,0.4999548904382057,0,0
EVT-03083,0,0.0,0.040922988822025726,0,0
EVT-03084,0,0.030459960292194874,0.6839549512227512,0,1
EVT-03085,1,0.9866222200781257,0.7430251846251615,1,1
EVT-03086,0,0.020174319980668206,0.3153070241818088,0,0
EVT-03087,0,0.02323227228741882,0.5725849769484328,0,1
EVT-03088,1,0.9522299286701816,0.5168687129757308,1,1
EVT-03089,0,0.02989246128936821,0.5397548683385278,0,1
EVT-03090,0,0.01679200751654846,0.6370890936177408,0,1
EVT-03091,0,0.005530981465338206,0.09538685982664814,0,0
EVT-03092,0,0.0005507134593135363,0.01711914498121788,0,0
EVT-03093,0,0.020034408692543113,0.4169429941693168,0,0
EVT-03094,0,0.025809717609115056,0.6615010252244269,0,1
EVT-03095,0,0.02216612521774801,0.15658217394393548,0,0
EVT-03096,0,0.016925299056338584,0.4467423856268551,0,0
EVT-03097,1,0.9493965376826885,0.10754854541335516,1,0
EVT-03098,0,0.014135385268065136,0.3604379512872545,0,0
EVT-03099,0,0.024683304502360684,0.5029060698742551,0,1
EVT-03100,0,0.03241581589890012,0.37122917458979743,0,0
EVT-03101,0,0.016365278299665952,0.10182129959729623,0,0
EVT-03102,0,0.0005507134593135363,0.021245476385819535,0,0
EVT-03103,0,0.021353075480719495,0.5551280582055161,0,1
EVT-03104,1,0.9465415783840722,0.31348815065104313,1,0
EVT-03105,1,0.988182466954262,0.7029130162730981,1,1
EVT-03106,0,0.01679200751654846,0.15945728733807826,0,0
EVT-03107,0,0.0323405059374841,0.42942623161531746,0,0
EVT-03108,0,0.027204970724302086,0.21571285103785312,0,0
EVT-03109,0,0.021353075480719495,0.5551280582055161,0,1
EVT-03110,0,0.030368610443286325,0.589574460765222,0,1
EVT-03111,0,0.028308737186860406,0.44861975814386895,0,0
EVT-03112,0,0.013327937484700849,0.40787004878619154,0,0
EVT-03113,1,0.9829229846003686,0.5551280582055161,1,1
EVT-03114,0,0.0323405059374841,0.42942623161531746,0,0
EVT-03115,0,0.020034408692543113,0.4169429941693168,0,0
EVT-03116,0,0.024456354758692445,0.5024893612347845,0,1
EVT-03117,0,0.005927679533716403,0.49266357819155315,0,0
EVT-03118,0,0.013281594754115262,0.3931873734012191,0,0
EVT-03119,0,0.019496093155943337,0.14305814723287993,0,0
EVT-03120,0,0.022545431979209968,0.34945969930415877,0,0
EVT-03121,0,0.025313115115326097,0.4574284909270434,0,0
EVT-03122,0,0.03736154388950589,0.6009928133501509,0,1
EVT-03123,0,0.028591231263572003,0.1896069149782107,0,0
EVT-03124,0,0.020076336269341712,0.49222545163257175,0,0
EVT-03125,0,0.019818750813085106,0.5544181490508308,0,1
EVT-03126,0,0.005279692005943652,0.07460349116045176,0,0
EVT-03127,0,0.024115126128656572,0.19794630012591286,0,0
EVT-03128,0,0.0014957578296847197,0.043806517780935805,0,0
EVT-03129,0,0.025578592513123534,0.5939786580429977,0,1
EVT-03130,0,0.02216612521774801,0.3768387349357947,0,0
EVT-03131,0,0.0230037751412662,0.11952807413638886,0,0
EVT-03132,1,0.9726665981828011,0.5716504335309655,1,1
EVT-03133,0,0.0029754526414574904,0.030024826056421594,0,0
EVT-03134,0,0.003769468890295764,0.05892474076328817,0,0
EVT-03135,0,0.02612474470671336,0.09348108080549652,0,0
EVT-03136,0,0.02462535795311749,0.515455007616862,0,1
EVT-03137,0,0.021740786466552243,0.345462131071696,0,0
EVT-03138,0,0.022278295504808508,0.11407388519078487,0,0
EVT-03139,0,0.020630444749574126,0.31726369607209315,0,0
EVT-03140,0,0.005927679533716403,0.49266357819155315,0,0
EVT-03141,0,0.02273325848746901,0.47534232256286646,0,0
EVT-03142,0,0.010620574513352132,0.4961257073786462,0,0
EVT-03143,1,0.962328225649258,0.550431609878396,1,1
EVT-03144,0,0.0036197042848161026,0.24576896350578964,0,0
EVT-03145,0,0.017516626270912085,0.10922127381795607,0,0
EVT-03146,0,0.021740786466552243,0.345462131071696,0,0
EVT-03147,1,0.9025661342674851,0.2993670295745915,1,0
EVT-03148,0,0.024115126128656572,0.19794630012591286,0,0
EVT-03149,0,0.0,0.03112573705639369,0,0
EVT-03150,0,0.0011490183456710657,0.36638077175214356,0,0
EVT-03151,1,0.9746222200781257,0.7430251846251615,1,1
EVT-03152,0,0.034624369009524744,0.602382314935049,0,1
EVT-03153,0,0.019548290171225068,0.3595797937292251,0,0
EVT-03154,1,0.950059886926116,0.2948549362580946,1,0
EVT-03155,0,0.023704190226757012,0.31348815065104313,0,0
EVT-03156,1,0.815701796973183,0.2827013813119667,1,0
EVT-03157,0,0.010135018300528636,0.4618598121460932,0,0
EVT-03158,1,0.963518293917948,0.42943649605461776,1,0
EVT-03159,0,0.030117019508269297,0.2497458193057644,0,0
EVT-03160,0,0.02674431050194675,0.4993250740078858,0,0
EVT-03161,0,0.019708997396588518,0.4407108599382844,0,0
EVT-03162,0,0.03520286367506429,0.6509039830562298,0,1
EVT-03163,0,0.02612474470671336,0.2608494585258251,0,0
EVT-03164,0,0.018900236466345626,0.06617964618054309,0,0
EVT-03165,0,0.005530981465338206,0.09538685982664814,0,0
EVT-03166,0,0.022890802596805836,0.6074830790703438,0,1
EVT-03167,0,0.020322686077028775,0.36300148071464955,0,0
EVT-03168,0,0.014666807055174452,0.4622451647491098,0,0
EVT-03169,0,0.01954697255726736,0.3731687313916801,0,0
EVT-03170,0,0.017754282318099855,0.6664063155381525,0,1
EVT-03171,0,0.023806783197126834,0.55940935384423,0,1
EVT-03172,0,0.004815588664957366,0.35383139931114144,0,0
EVT-03173,0,0.0153263713211101,0.26947485710784097,0,0
EVT-03174,0,0.03241581589890012,0.37122917458979743,0,0
EVT-03175,0,0.03345308657763353,0.13604025400954337,0,0
EVT-03176,0,0.020076336269341712,0.49222545163257175,0,0
EVT-03177,0,0.014666807055174452,0.4622451647491098,0,0
EVT-03178,1,0.9729079665350496,0.602382314935049,1,1
EVT-03179,0,0.024683304502360684,0.4120413657419559,0,0
EVT-03180,0,0.019818750813085106,0.5544181490508308,0,1
EVT-03181,0,0.016541250789155384,0.41780274493742375,0,0
EVT-03182,0,0.015867366061569844,0.10224493650889858,0,0
EVT-03183,0,0.0005507134593135363,0.01711914498121788,0,0
EVT-03184,1,0.9568130966588709,0.3211224204240983,1,0
EVT-03185,1,0.9758671899636495,0.5024893612347845,1,1
EVT-03186,1,0.956967192195733,0.44861975814386895,1,0
EVT-03187,0,0.005927679533716403,0.5439004935824585,0,1
EVT-03188,0,0.030459960292194874,0.6839549512227512,0,1
EVT-03189,0,0.01394232870046732,0.11938328782763177,0,0
EVT-03190,0,0.02674431050194675,0.4993250740078858,0,0
EVT-03191,0,0.021740786466552243,0.3940915082801179,0,0
EVT-03192,0,0.010620574513352132,0.420297508528938,0,0
EVT-03193,0,0.015526265543772885,0.07634931636418564,0,0
EVT-03194,0,0.026593468218482005,0.08613195870918096,0,0
EVT-03195,0,0.0,0.2606343625697662,0,0
EVT-03196,0,0.0223317764594791,0.44792905154889867,0,0
EVT-03197,0,0.008723985356306422,0.05405051554699415,0,0
EVT-03198,0,0.011915001729396135,0.5627330531145203,0,1
EVT-03199,0,0.018046330721281846,0.683546203452632,0,1
EVT-03200,0,0.015756972512951304,0.133890934280506,0,0
EVT-03201,0,0.008810857824550827,0.5011010133132475,0,1
EVT-03202,0,0.0,0.2606343625697662,0,0
EVT-03203,0,0.013281594754115262,0.3931873734012191,0,0
EVT-03204,0,0.008810857824550827,0.5011010133132475,0,1
EVT-03205,0,0.0323405059374841,0.42942623161531746,0,0
EVT-03206,0,0.018900236466345626,0.10131397911120596,0,0
EVT-03207,0,0.015782834309343567,0.47694982073617886,0,0
EVT-03208,0,0.017516626270912085,0.0752535822099249,0,0
EVT-03209,0,0.02042777128822621,0.44660576816021086,0,0
EVT-03210,0,0.004815588664957366,0.35383139931114144,0,0
EVT-03211,0,0.021005282387554315,0.43739277547060434,0,0
EVT-03212,1,0.8957408705766704,0.4403185897838344,1,0
EVT-03213,0,0.03406936809880245,0.45146954432320496,0,0
EVT-03214,0,0.02867431019369501,0.5763460232468229,0,1
EVT-03215,1,0.9913318080643974,0.5011010133132475,1,1
EVT-03216,0,0.03403912216444739,0.6208373516119807,0,1
EVT-03217,1,0.9490677712346195,0.44792905154889867,1,0
EVT-03218,0,0.0029770336972639927,0.28669811956081986,0,0
EVT-03219,0,0.02617918565066918,0.5243087591645128,0,1
EVT-03220,0,0.006316113950936865,0.316131281760652,0,0
EVT-03221,0,0.03406936809880245,0.45146954432320496,0,0
EVT-03222,0,0.003769468890295764,0.05892474076328817,0,0
EVT-03223,0,0.013327194157225488,0.2827013813119667,0,0
EVT-03224,0,0.0036197042848161026,0.24576896350578964,0,0
EVT-03225,0,0.008092699985070725,0.5713998674312024,0,1
EVT-03226,0,0.024683304502360684,0.4120413657419559,0,0
EVT-03227,0,0.022545431979209968,0.34945969930415877,0,0
EVT-03228,0,0.003866936571761476,0.2948549362580946,0,0
EVT-03229,1,0.9044985639108313,0.4574284909270434,1,0
EVT-03230,0,0.02522383565760267,0.32044472625533926,0,0
EVT-03231,0,0.3318415421970001,0.6157581023629323,0,1
EVT-03232,0,0.02384926214920388,0.5424388347549982,0,1
EVT-03233,0,0.020630444749574126,0.7575111542135281,0,1
EVT-03234,0,0.028591231263572003,0.4594299697758709,0,0
EVT-03235,0,0.028324392099025993,0.48500470478143837,0,0
EVT-03236,0,0.011915001729396135,0.5627330531145203,0,1
EVT-03237,0,0.02462535795311749,0.515455007616862,0,1
EVT-03238,0,0.02522383565760267,0.11661425599847075,0,0
EVT-03239,1,0.9498999048088965,0.5927230826103639,1,1
EVT-03240,0,0.13421333287428955,0.3826825152927904,0,0
EVT-03241,0,0.0029770336972639927,0.28669811956081986,0,0
EVT-03242,0,0.029310982111019887,0.3503868572425555,0,0
EVT-03243,0,0.0,0.03112573705639369,0,0
EVT-03244,0,0.003532386546896002,0.26179267899884295,0,0
EVT-03245,0,0.014666807055174452,0.13498331772519667,0,0
EVT-03246,0,0.0018984342780400303,0.061930712424138924,0,0
EVT-03247,0,0.019708997396588518,0.10754854541335516,0,0
EVT-03248,0,0.022890802596805836,0.6074830790703438,0,1
EVT-03249,0,0.004985823234418422,0.06529391009453986,0,0
EVT-03250,0,0.001012406947890819,0.3246412894699199,0,0
EVT-03251,0,0.02216612521774801,0.3768387349357947,0,0
EVT-03252,0,0.001012406947890819,0.3246412894699199,0,0
EVT-03253,1,0.9633318080643973,0.5011010133132475,1,1
EVT-03254,1,0.8999308250711555,0.7359701441174481,1,1
EVT-03255,1,0.9821013075423366,0.7666224596986625,1,1
EVT-03256,0,0.017342221159712606,0.4793937995901112,0,0
EVT-03257,0,0.013281594754115262,0.3931873734012191,0,0
EVT-03258,0,0.01588404329195093,0.4999548904382057,0,0
EVT-03259,0,0.020630444749574126,0.31726369607209315,0,0
EVT-03260,0,0.020076336269341712,0.49222545163257175,0,0
EVT-03261,0,0.008092699985070725,0.5713998674312024,0,1
EVT-03262,0,0.03736154388950589,0.6009928133501509,0,1
EVT-03263,0,0.012794742974309825,0.7153884428277311,0,1
EVT-03264,0,0.003769468890295764,0.05892474076328817,0,0
EVT-03265,0,0.0153263713211101,0.06667563505005417,0,0
EVT-03266,0,0.034624369009524744,0.602382314935049,0,1
EVT-03267,0,0.004064705117212539,0.020471400260052043,0,0
EVT-03268,0,0.012541495814498071,0.4600082422465248,0,0
EVT-03269,0,0.013327937484700849,0.29390375114044764,0,0
EVT-03270,0,0.026520814695656283,0.1279244465984401,0,0
EVT-03271,0,0.026520814695656283,0.1279244465984401,0,0
EVT-03272,0,0.025578592513123534,0.23480237179713068,0,0
EVT-03273,0,0.016541250789155384,0.41780274493742375,0,0
EVT-03274,0,0.023704190226757012,0.18410677986680693,0,0
EVT-03275,0,0.005279692005943652,0.07460349116045176,0,0
EVT-03276,0,0.030117019508269297,0.2497458193057644,0,0
EVT-03277,0,0.003769468890295764,0.05892474076328817,0,0
EVT-03278,0,0.026520814695656283,0.6661174423179758,0,1
EVT-03279,0,0.01588404329195093,0.4999548904382057,0,0
EVT-03280,0,0.02802465666363816,0.3311772409984243,0,0
EVT-03281,0,0.3417701477156948,0.1358759049509317,0,0
EVT-03282,0,0.034624369009524744,0.602382314935049,0,1
EVT-03283,0,0.013327937484700849,0.29390375114044764,0,0
EVT-03284,0,0.02372097725612316,0.43813958057197017,0,0
EVT-03285,0,0.016954274473035,0.42943649605461776,0,0
EVT-03286,0,0.021247094271507106,0.32377653753067437,0,0
EVT-03287,1,0.9696559438493325,0.4618598121460932,1,0
EVT-03288,0,0.032671682661108675,0.7558644070620869,0,1
EVT-03289,0,0.024115126128656572,0.19794630012591286,0,0
EVT-03290,0,0.026216286048582674,0.3083058533120379,0,0
EVT-03291,0,0.008810857824550827,0.5011010133132475,0,1
EVT-03292,0,0.005843848994040472,0.2478098600203849,0,0
EVT-03293,0,0.024456354758692445,0.5024893612347845,0,1
EVT-03294,0,0.011169663358659812,0.3088735567090226,0,0
EVT-03295,0,0.02323227228741882,0.5725849769484328,0,1
EVT-03296,0,0.0,0.2606343625697662,0,0
EVT-03297,0,0.011169663358659812,0.3088735567090226,0,0
EVT-03298,0,0.005843848994040472,0.2478098600203849,0,0
EVT-03299,0,0.03111091324343743,0.6794185491010917,0,1
EVT-03300,0,0.3807447566957909,0.42942623161531746,0,0
EVT-03301,0,0.0014957578296847197,0.043806517780935805,0,0
EVT-03302,0,0.019708997396588518,0.4407108599382844,0,0
EVT-03303,0,0.01197435460608546,0.3144826132998734,0,0
EVT-03304,0,0.03111091324343743,0.6794185491010917,0,1
EVT-03305,0,0.01679200751654846,0.6370890936177408,0,1
EVT-03306,0,0.024972918158496542,0.35575869018170225,0,0
EVT-03307,1,0.9594634766544708,0.3289025481080631,1,0
EVT-03308,0,0.011915001729396135,0.1457113142486302,0,0
EVT-03309,0,0.03111091324343743,0.7359701441174481,0,1
EVT-03310,0,0.02612474470671336,0.09348108080549652,0,0
EVT-03311,1,0.9442263601021528,0.09040433841265828,1,0
EVT-03312,0,0.005279692005943652,0.2939016981812846,0,0
EVT-03313,0,0.010620574513352132,0.4961257073786462,0,0
EVT-03314,0,0.01950973475027551,0.5120521389508366,0,1
EVT-03315,0,0.01324579571065539,0.5315831003958744,0,1
EVT-03316,1,0.9672798707304919,0.5081346380981684,1,1
EVT-03317,0,0.0005507134593135363,0.01711914498121788,0,0
EVT-03318,0,0.005786291410471153,0.43662321093898615,0,0
EVT-03319,0,0.01394232870046732,0.11938328782763177,0,0
EVT-03320,0,0.010715315529557618,0.056563417421760735,0,0
EVT-03321,0,0.01954697255726736,0.3731687313916801,0,0
EVT-03322,0,0.013327194157225488,0.2827013813119667,0,0
EVT-03323,0,0.005786291410471153,0.39765968802650886,0,0
EVT-03324,0,0.02802465666363816,0.6124828362369831,0,1
EVT-03325,0,0.011169663358659812,0.08259849325073083,0,0
EVT-03326,0,0.03840118759395123,0.4007076003699891,0,0
EVT-03327,0,0.005786291410471153,0.43662321093898615,0,0
EVT-03328,0,0.02273325848746901,0.47534232256286646,0,0
EVT-03329,1,0.9721009046869551,0.6591134377869937,1,1
EVT-03330,0,0.02613188070758775,0.3211224204240983,0,0
EVT-03331,1,0.9687245708824236,0.5939786580429977,1,1
EVT-03332,0,0.026335018024927825,0.40542149172416886,0,0
EVT-03333,0,0.005927679533716403,0.49266357819155315,0,0
EVT-03334,0,0.020895617732759716,0.4900617792324253,0,0
EVT-03335,0,0.2098593292242617,0.683546203452632,0,1
EVT-03336,0,0.03406936809880245,0.45146954432320496,0,0
EVT-03337,0,0.00949575782968472,0.528496751551109,0,1
EVT-03338,1,0.9640765392450963,0.5677899369839104,1,1
EVT-03339,0,0.005673612954430005,0.03719194820569662,0,0
EVT-03340,0,0.026593468218482005,0.5519763232014909,0,1
EVT-03341,0,0.005843848994040472,0.2478098600203849,0,0
EVT-03342,0,0.01631034258897741,0.550431609878396,0,1
EVT-03343,0,0.015867366061569844,0.5122172833024965,0,1
EVT-03344,0,0.021353075480719495,0.5551280582055161,0,1
EVT-03345,0,0.03241581589890012,0.37122917458979743,0,0
EVT-03346,0,0.0031242664895844287,0.07867845648437552,0,0
EVT-03347,1,0.9425205369521625,0.6710370723215744,1,1
EVT-03348,1,0.9641009046869551,0.6591134377869937,1,1
EVT-03349,0,0.0153263713211101,0.06667563505005417,0,0
EVT-03350,0,0.0029754526414574904,0.03583725499605301,0,0
EVT-03351,1,0.9684285168102659,0.47534232256286646,1,0
EVT-03352,0,0.020174319980668206,0.5325025292768434,0,1
EVT-03353,0,0.0005507134593135363,0.021245476385819535,0,0
EVT-03354,0,0.019708997396588518,0.4407108599382844,0,0
EVT-03355,0,0.01838838392077949,0.32887732010997683,0,0
EVT-03356,0,0.03406936809880245,0.45146954432320496,0,0
EVT-03357,0,0.0,0.27147180431145707,0,0
EVT-03358,1,0.6348968141043408,0.3731687313916801,1,0
EVT-03359,0,0.01954697255726736,0.3731687313916801,0,0
EVT-03360,0,0.02612474470671336,0.09348108080549652,0,0
EVT-03361,0,0.013496421357886056,0.567881502289538,0,1
EVT-03362,0,0.022890802596805836,0.6074830790703438,0,1
EVT-03363,0,0.02323227228741882,0.18529733640018398,0,0
EVT-03364,0,0.005843848994040472,0.2478098600203849,0,0
EVT-03365,0,0.011169663358659812,0.3088735567090226,0,0
EVT-03366,0,0.023806783197126834,0.55940935384423,0,1
EVT-03367,0,0.016925299056338584,0.6442644379036971,0,1
EVT-03368,0,0.028591231263572003,0.4594299697758709,0,0
EVT-03369,0,0.016541250789155384,0.41780274493742375,0,0
EVT-03370,0,0.0153383056325396,0.12574380935590004,0,0
EVT-03371,0,0.0,0.014811312899362966,0,0
EVT-03372,0,0.021247094271507106,0.32377653753067437,0,0
EVT-03373,0,0.03310256525346667,0.21932973553468654,0,0
EVT-03374,0,0.01631034258897741,0.550431609878396,0,1
EVT-03375,0,0.015867366061569844,0.10224493650889858,0,0
EVT-03376,1,0.7859074470017059,0.49222545163257175,1,0
EVT-03377,0,0.02989246128936821,0.634689900430826,0,1
EVT-03378,0,0.032671682661108675,0.7666224596986625,0,1
EVT-03379,0,0.016954274473035,0.42943649605461776,0,0
EVT-03380,0,0.0036197042848161026,0.24576896350578964,0,0
EVT-03381,0,0.003866936571761476,0.2948549362580946,0,0
EVT-03382,0,0.009286591306971076,0.06261285169382573,0,0
EVT-03383,0,0.005786291410471153,0.39765968802650886,0,0
EVT-03384,1,0.951518293917948,0.42943649605461776,1,0
EVT-03385,1,0.9400000354133231,0.4007076003699891,1,0
EVT-03386,0,0.008092699985070725,0.5713998674312024,0,1
EVT-03387,0,0.003532386546896002,0.26179267899884295,0,0
EVT-03388,0,0.005786291410471153,0.39765968802650886,0,0
EVT-03389,1,0.9882207863413058,0.7153884428277311,1,1
EVT-03390,0,0.0153263713211101,0.26947485710784097,0,0
EVT-03391,0,0.013327194157225488,0.2827013813119667,0,0
EVT-03392,0,0.003511431446827566,0.024082466514137105,0,0
EVT-03393,0,0.022545431979209968,0.34945969930415877,0,0
EVT-03394,0,0.02384926214920388,0.5424388347549982,0,1
EVT-03395,0,0.025106316278490106,0.1926669097248202,0,0
EVT-03396,0,0.028591231263572003,0.1896069149782107,0,0
EVT-03397,0,0.019496093155943337,0.14305814723287993,0,0
EVT-03398,0,0.005530981465338206,0.09538685982664814,0,0
EVT-03399,1,0.9640369797754234,0.5130579681787595,1,1
EVT-03400,0,0.02867431019369501,0.3289025481080631,0,0
EVT-03401,0,0.02384926214920388,0.6333143686069893,0,1
EVT-03402,1,0.5872026575822419,0.4993250740078858,1,0
EVT-03403,0,0.023806783197126834,0.55940935384423,0,1
EVT-03404,0,0.01838838392077949,0.32887732010997683,0,0
EVT-03405,0,0.027204970724302086,0.6291987102289129,0,1
EVT-03406,1,0.9617773623063133,0.5839181495992809,1,1
EVT-03407,0,0.016525205373604693,0.21947687874102711,0,0
EVT-03408,0,0.01950973475027551,0.5120521389508366,0,1
EVT-03409,0,0.005530981465338206,0.09538685982664814,0,0
EVT-03410,0,0.03403912216444739,0.5130579681787595,0,1
EVT-03411,0,0.004985823234418422,0.06529391009453986,0,0
EVT-03412,0,0.003769468890295764,0.05892474076328817,0,0
EVT-03413,0,0.025809717609115056,0.6615010252244269,0,1
EVT-03414,0,0.014666807055174452,0.4622451647491098,0,0
EVT-03415,1,0.8990672468411507,0.24576896350578964,1,0
EVT-03416,0,0.02384926214920388,0.5424388347549982,0,1
EVT-03417,0,0.005786291410471153,0.43662321093898615,0,0
EVT-03418,1,0.7534730850934724,0.6509039830562298,1,1
EVT-03419,0,0.026335018024927825,0.40542149172416886,0,0
EVT-03420,0,0.025809717609115056,0.6615010252244269,0,1
EVT-03421,0,0.007959584488665114,0.34218341208908165,0,0
EVT-03422,0,0.017393718922152752,0.11896664599656351,0,0
EVT-03423,0,0.028308737186860406,0.44861975814386895,0,0
EVT-03424,0,0.03520286367506429,0.28515752817900863,0,0
EVT-03425,0,0.36083584029214566,0.024395063782410284,0,0
EVT-03426,0,0.006316113950936865,0.050127641735245074,0,0
EVT-03427,0,0.0323405059374841,0.12342639817645783,0,0
EVT-03428,0,0.014666807055174452,0.4622451647491098,0,0
EVT-03429,0,0.030117019508269297,0.2497458193057644,0,0
EVT-03430,1,0.9769408433248513,0.5569802626800751,1,1
EVT-03431,0,0.008723985356306422,0.05405051554699415,0,0
EVT-03432,0,0.011915001729396135,0.5627330531145203,0,1
EVT-03433,0,0.020322686077028775,0.36300148071464955,0,0
EVT-03434,1,0.9500035934758871,0.37122917458979743,1,0
EVT-03435,0,0.03343179221557956,0.6710370723215744,0,1
EVT-03436,0,0.010135018300528636,0.4618598121460932,0,0
EVT-03437,0,0.01086948790770963,0.2888257552010582,0,0
EVT-03438,0,0.004064705117212539,0.020471400260052043,0,0
EVT-03439,0,0.023704190226757012,0.18410677986680693,0,0
EVT-03440,0,0.019496093155943337,0.14305814723287993,0,0
EVT-03441,0,0.01950973475027551,0.5120521389508366,0,1
EVT-03442,0,0.012741899183337695,0.3154992691152062,0,0
EVT-03443,1,0.4219958120047009,0.33290090124712096,0,0
EVT-03444,0,0.03343179221557956,0.6710370723215744,0,1
EVT-03445,1,0.9913318080643974,0.5011010133132475,1,1
EVT-03446,0,0.0029770336972639927,0.28669811956081986,0,0
EVT-03447,0,0.021247094271507106,0.32377653753067437,0,0
EVT-03448,0,0.01170536912190702,0.3820258101436988,0,0
EVT-03449,0,0.021740786466552243,0.345462131071696,0,0
EVT-03450,1,0.9865599768023627,0.4999548904382057,1,0
EVT-03451,0,0.03111091324343743,0.7359701441174481,0,1
EVT-03452,0,0.01679200751654846,0.15945728733807826,0,0
EVT-03453,0,0.020034408692543113,0.07641511939960118,0,0
EVT-03454,0,0.01954697255726736,0.3731687313916801,0,0
EVT-03455,0,0.007959584488665114,0.34664522180783813,0,0
EVT-03456,0,0.026166914445329755,0.32970435041208684,0,0
EVT-03457,0,0.019818750813085106,0.7051528176021419,0,1
EVT-03458,0,0.026216286048582674,0.3083058533120379,0,0
EVT-03459,0,0.0029770336972639927,0.01981059285332476,0,0
EVT-03460,0,0.01394232870046732,0.5569802626800751,0,1
EVT-03461,0,0.004985823234418422,0.06529391009453986,0,0
EVT-03462,0,0.02372097725612316,0.43813958057197017,0,0
EVT-03463,0,0.0031242664895844287,0.07867845648437552,0,0
EVT-03464,0,0.0,0.27147180431145707,0,0
EVT-03465,0,0.0031242664895844287,0.07867845648437552,0,0
EVT-03466,0,0.023806783197126834,0.1825256858497815,0,0
EVT-03467,0,0.026166914445329755,0.32970435041208684,0,0
EVT-03468,0,0.026166914445329755,0.4949300674049534,0,0
EVT-03469,0,0.03520286367506429,0.28515752817900863,0,0
EVT-03470,0,0.016954274473035,0.42943649605461776,0,0
EVT-03471,0,0.013281594754115262,0.3931873734012191,0,0
EVT-03472,0,0.034624369009524744,0.5417579192388993,0,1
EVT-03473,0,0.018900236466345626,0.06617964618054309,0,0
EVT-03474,0,0.026593468218482005,0.5519763232014909,0,1
EVT-03475,0,0.02802465666363816,0.3311772409984243,0,0
EVT-03476,0,0.030459960292194874,0.48864005904188773,0,0
EVT-03477,1,0.9823088323043462,0.5138966263129883,1,1
EVT-03478,0,0.13260570408632974,0.31348815065104313,0,0
EVT-03479,0,0.028591231263572003,0.4594299697758709,0,0
EVT-03480,0,0.0018984342780400303,0.06353122690988115,0,0
EVT-03481,0,0.02613188070758775,0.3211224204240983,0,0
EVT-03482,0,0.0029770336972639927,0.28669811956081986,0,0
EVT-03483,0,0.013327937484700849,0.40787004878619154,0,0
EVT-03484,0,0.003532386546896002,0.26179267899884295,0,0
EVT-03485,0,0.016365278299665952,0.10182129959729623,0,0
EVT-03486,0,0.003866936571761476,0.2948549362580946,0,0
EVT-03487,0,0.021740786466552243,0.345462131071696,0,0
EVT-03488,0,0.025809717609115056,0.7798151595569001,0,1
EVT-03489,1,0.9834426809113621,0.49666180551497546,1,0
EVT-03490,0,0.0,0.014811312899362966,0,0
EVT-03491,0,0.0223317764594791,0.44792905154889867,0,0
EVT-03492,0,0.020895617732759716,0.45907107006633147,0,0
EVT-03493,0,0.01588404329195093,0.4999548904382057,0,0
EVT-03494,0,0.03111091324343743,0.7359701441174481,0,1
EVT-03495,0,0.004985823234418422,0.06529391009453986,0,0
EVT-03496,0,0.01950973475027551,0.5120521389508366,0,1
EVT-03497,0,0.03111091324343743,0.6794185491010917,0,1
EVT-03498,0,0.016541250789155384,0.41780274493742375,0,0
EVT-03499,0,0.013496421357886056,0.567881502289538,0,1
EVT-03500,0,0.022545431979209968,0.34945969930415877,0,0
EVT-03501,0,0.029547405621145897,0.5062132067790412,0,1
EVT-03502,0,0.024456354758692445,0.5024893612347845,0,1
EVT-03503,0,0.011169663358659812,0.08259849325073083,0,0
EVT-03504,0,0.01679200751654846,0.6370890936177408,0,1
EVT-03505,1,0.9540594586162521,0.6740117406884308,1,1
EVT-03506,0,0.051653792304558264,0.2478098600203849,0,0
EVT-03507,0,0.02384926214920388,0.5424388347549982,0,1
EVT-03508,0,0.008092699985070725,0.5713998674312024,0,1
EVT-03509,0,0.014666807055174452,0.13498331772519667,0,0
EVT-03510,0,0.016541250789155384,0.41780274493742375,0,0
EVT-03511,0,0.017393718922152752,0.11896664599656351,0,0
EVT-03512,0,0.02323227228741882,0.5725849769484328,0,1
EVT-03513,0,0.005927679533716403,0.49266357819155315,0,0
EVT-03514,0,0.019650054428684213,0.5061495581735611,0,1
EVT-03515,0,0.03406936809880245,0.45146954432320496,0,0
EVT-03516,0,0.008723985356306422,0.3988991920479977,0,0
EVT-03517,0,0.026166914445329755,0.32970435041208684,0,0
EVT-03518,0,0.03345308657763353,0.13604025400954337,0,0
EVT-03519,0,0.017516626270912085,0.0752535822099249,0,0
EVT-03520,0,0.0153263713211101,0.26947485710784097,0,0
EVT-03521,0,0.014135385268065136,0.10060307665277002,0,0
EVT-03522,1,0.912367309009474,0.40787004878619154,1,0
EVT-03523,0,0.009058979217858181,0.5212745899248233,0,1
EVT-03524,0,0.028308737186860406,0.44861975814386895,0,0
EVT-03525,0,0.023704190226757012,0.31348815065104313,0,0
EVT-03526,1,0.9788611080347773,0.6144211071424178,1,1
EVT-03527,1,0.9511302592764618,0.40934072575651576,1,0
EVT-03528,1,0.9559910537525456,0.32970435041208684,1,0
EVT-03529,0,0.008810857824550827,0.5011010133132475,0,1
EVT-03530,0,0.017310995217358165,0.06572878723045547,0,0
EVT-03531,0,0.019708997396588518,0.4407108599382844,0,0
EVT-03532,0,0.01324579571065539,0.5315831003958744,0,1
EVT-03533,0,0.0153263713211101,0.26947485710784097,0,0
EVT-03534,0,0.001012406947890819,0.3246412894699199,0,0
EVT-03535,0,0.032671682661108675,0.7666224596986625,0,1
EVT-03536,0,0.025106316278490106,0.5352541298514532,0,1
EVT-03537,1,0.886692506107435,0.47694982073617886,1,0
EVT-03538,0,0.020322686077028775,0.36300148071464955,0,0
EVT-03539,0,0.02522383565760267,0.32044472625533926,0,0
EVT-03540,0,0.0018984342780400303,0.061930712424138924,0,0
EVT-03541,0,0.0,0.06511766529921091,0,0
EVT-03542,1,0.9480000354133231,0.5538705949092024,1,1
EVT-03543,0,0.0014957578296847197,0.043806517780935805,0,0
EVT-03544,0,0.02612474470671336,0.2608494585258251,0,0
EVT-03545,0,0.021005282387554315,0.43739277547060434,0,0
EVT-03546,0,0.028308737186860406,0.4577540173730049,0,0
EVT-03547,0,0.001012406947890819,0.3246412894699199,0,0
EVT-03548,0,0.0036197042848161026,0.015615462476982644,0,0
EVT-03549,0,0.029310982111019887,0.3503868572425555,0,0
EVT-03550,0,0.005927679533716403,0.49266357819155315,0,0
EVT-03551,0,0.03520286367506429,0.6509039830562298,0,1
EVT-03552,0,0.013281594754115262,0.3931873734012191,0,0
EVT-03553,0,0.02042777128822621,0.44660576816021086,0,0
EVT-03554,0,0.020630444749574126,0.31726369607209315,0,0
EVT-03555,0,0.027204970724302086,0.6291987102289129,0,1
EVT-03556,0,0.021740786466552243,0.3940915082801179,0,0
EVT-03557,0,0.016541250789155384,0.41780274493742375,0,0
EVT-03558,0,0.015756972512951304,0.5927230826103639,0,1
EVT-03559,1,0.9913318080643974,0.5011010133132475,1,1
EVT-03560,0,0.017310995217358165,0.06572878723045547,0,0
EVT-03561,0,0.012325461470623786,0.2225252721514731,0,0
EVT-03562,1,0.9829229846003686,0.5551280582055161,1,1
EVT-03563,0,0.003769468890295764,0.07900153418068306,0,0
EVT-03564,1,0.9559910537525456,0.4949300674049534,1,0
EVT-03565,0,0.006316113950936865,0.316131281760652,0,0
EVT-03566,0,0.026216286048582674,0.3083058533120379,0,0
EVT-03567,0,0.028308737186860406,0.44861975814386895,0,0
EVT-03568,0,0.030117019508269297,0.4639854186769713,0,0
EVT-03569,1,0.9364285168102658,0.47534232256286646,1,0
EVT-03570,1,0.9822068664235444,0.7266269348862782,1,1
EVT-03571,0,0.02867431019369501,0.3289025481080631,0,0
EVT-03572,0,0.017393718922152752,0.11896664599656351,0,0
EVT-03573,0,0.025809717609115056,0.7798151595569001,0,1
EVT-03574,0,0.027204970724302086,0.21571285103785312,0,0
EVT-03575,0,0.025809717609115056,0.6615010252244269,0,1
EVT-03576,0,0.022545431979209968,0.34945969930415877,0,0
EVT-03577,1,0.9471261204836827,0.34218341208908165,1,0
EVT-03578,0,0.034624369009524744,0.602382314935049,0,1
EVT-03579,0,0.020076336269341712,0.49222545163257175,0,0
EVT-03580,1,0.10573908687921824,0.32970435041208684,0,0
EVT-03581,1,0.9882207863413058,0.7153884428277311,1,1
EVT-03582,0,0.0005507134593135363,0.01711914498121788,0,0
EVT-03583,0,0.022278295504808508,0.33290090124712096,0,0
EVT-03584,1,0.9674132852815752,0.3958963311027148,1,0
EVT-03585,0,0.03345308657763353,0.13604025400954337,0,0
EVT-03586,0,0.030625774950976917,0.25652175458076065,0,0
EVT-03587,0,0.013327194157225488,0.2827013813119667,0,0
EVT-03588,0,0.021005282387554315,0.43739277547060434,0,0
EVT-03589,0,0.005927679533716403,0.49266357819155315,0,0
EVT-03590,0,0.02154483128754622,0.5253366465818026,0,1
EVT-03591,0,0.029310982111019887,0.3503868572425555,0,0
EVT-03592,0,0.023806783197126834,0.55940935384423,0,1
EVT-03593,0,0.01170536912190702,0.3820258101436988,0,0
EVT-03594,0,0.01679200751654846,0.6370890936177408,0,1
EVT-03595,0,0.003092731995652981,0.2993670295745915,0,0
EVT-03596,0,0.014666807055174452,0.13498331772519667,0,0
EVT-03597,1,0.9088670165996022,0.6291987102289129,1,1
EVT-03598,0,0.02617918565066918,0.5243087591645128,0,1
EVT-03599,0,0.017342221159712606,0.4793937995901112,0,0
EVT-03600,0,0.019650054428684213,0.5061495581735611,0,1
EVT-03601,0,0.02154483128754622,0.5253366465818026,0,1
EVT-03602,0,0.020322686077028775,0.36300148071464955,0,0
EVT-03603,1,0.9698999048088965,0.133890934280506,1,0
EVT-03604,0,0.017516626270912085,0.10922127381795607,0,0
EVT-03605,0,0.02042777128822621,0.44660576816021086,0,0
EVT-03606,0,0.025595167795770486,0.5081346380981684,0,1
EVT-03607,0,0.030368610443286325,0.596738869448946,0,1
EVT-03608,0,0.03345308657763353,0.13604025400954337,0,0
EVT-03609,1,0.9471261204836827,0.34664522180783813,1,0
EVT-03610,0,0.01170536912190702,0.3820258101436988,0,0
EVT-03611,0,0.0,0.06690124454776666,0,0
EVT-03612,0,0.010661932709780818,0.09720088212684751,0,0
EVT-03613,1,0.9361824669542621,0.7029130162730981,1,1
EVT-03614,0,0.010715315529557618,0.056563417421760735,0,0
EVT-03615,0,0.028591231263572003,0.4594299697758709,0,0
EVT-03616,0,0.004985823234418422,0.06529391009453986,0,0
EVT-03617,0,0.015756972512951304,0.5927230826103639,0,1
EVT-03618,1,0.914469166148862,0.46912463952975936,1,0
EVT-03619,0,0.025578592513123534,0.5939786580429977,0,1
EVT-03620,0,0.0005507134593135363,0.01711914498121788,0,0
EVT-03621,0,0.014666807055174452,0.432616613611552,0,0
EVT-03622,0,0.025809717609115056,0.6615010252244269,0,1
EVT-03623,0,0.016365278299665952,0.29124893416638836,0,0
EVT-03624,0,0.011915001729396135,0.1457113142486302,0,0
EVT-03625,0,0.030625774950976917,0.5842623674676831,0,1
EVT-03626,0,0.008810857824550827,0.5011010133132475,0,1
EVT-03627,1,0.9589878595854637,0.4900617792324253,1,0
EVT-03628,0,0.003511431446827566,0.03207897107061426,0,0
EVT-03629,0,0.024683304502360684,0.5029060698742551,0,1
EVT-03630,0,0.005786291410471153,0.39765968802650886,0,0
EVT-03631,0,0.0029770336972639927,0.28669811956081986,0,0
EVT-03632,0,0.0029754526414574904,0.03286871527443415,0,0
EVT-03633,0,0.02372097725612316,0.43813958057197017,0,0
EVT-03634,0,0.021005282387554315,0.43739277547060434,0,0
EVT-03635,0,0.01324579571065539,0.5315831003958744,0,1
EVT-03636,0,0.004985823234418422,0.07193739436781964,0,0
EVT-03637,0,0.01594646955591719,0.4130869866855707,0,0
EVT-03638,0,0.0029770336972639927,0.01981059285332476,0,0
EVT-03639,0,0.019496093155943337,0.14305814723287993,0,0
EVT-03640,0,0.0014957578296847197,0.043806517780935805,0,0
EVT-03641,1,0.9689546678305884,0.40542149172416886,1,0
EVT-03642,0,0.02867431019369501,0.3289025481080631,0,0
EVT-03643,0,0.030625774950976917,0.25652175458076065,0,0
EVT-03644,0,0.005530981465338206,0.09538685982664814,0,0
EVT-03645,0,0.006316113950936865,0.316131281760652,0,0
EVT-03646,0,0.005673612954430005,0.03719194820569662,0,0
EVT-03647,0,0.016525205373604693,0.3826825152927904,0,0
EVT-03648,1,0.8705232138752887,0.4086260879704496,1,0
EVT-03649,0,0.020076336269341712,0.49222545163257175,0,0
EVT-03650,0,0.005843848994040472,0.2478098600203849,0,0
EVT-03651,0,0.03520286367506429,0.6509039830562298,0,1
EVT-03652,1,0.9696559438493325,0.5176791447669556,1,1
EVT-03653,1,0.9244292641483057,0.5062132067790412,1,1
EVT-03654,0,0.015526265543772885,0.07634931636418564,0,0
EVT-03655,0,0.005927679533716403,0.49266357819155315,0,0
EVT-03656,0,0.019548290171225068,0.3595797937292251,0,0
EVT-03657,0,0.0014957578296847197,0.528496751551109,0,1
EVT-03658,0,0.0031242664895844287,0.07867845648437552,0,0
EVT-03659,0,0.03111091324343743,0.6794185491010917,0,1
EVT-03660,0,0.01646908862386333,0.5928157412386904,0,1
EVT-03661,0,0.025578592513123534,0.5939786580429977,0,1
EVT-03662,1,0.842085325881662,0.3284897077103409,1,0
EVT-03663,0,0.003511431446827566,0.035528567607189546,0,0
EVT-03664,0,0.0031242664895844287,0.07867845648437552,0,0
EVT-03665,0,0.01086948790770963,0.2888257552010582,0,0
EVT-03666,0,0.012741899183337695,0.3154992691152062,0,0
EVT-03667,1,0.950593637977203,0.07641511939960118,1,0
EVT-03668,0,0.03345308657763353,0.13604025400954337,0,0
EVT-03669,0,0.017516626270912085,0.10922127381795607,0,0
EVT-03670,0,0.005279692005943652,0.2939016981812846,0,0
EVT-03671,0,0.004985823234418422,0.06529391009453986,0,0
EVT-03672,0,0.030827274889436387,0.6591134377869937,0,1
EVT-03673,0,0.0230037751412662,0.11952807413638886,0,0
EVT-03674,0,0.014135385268065136,0.10060307665277002,0,0
EVT-03675,0,0.015526265543772885,0.35119270418380627,0,0
EVT-03676,0,0.012794742974309825,0.7153884428277311,0,1
EVT-03677,0,0.013496421357886056,0.567881502289538,0,1
EVT-03678,0,0.016030286282656923,0.4921246339995171,0,0
EVT-03679,0,0.030117019508269297,0.2497458193057644,0,0
EVT-03680,0,0.026593468218482005,0.08613195870918096,0,0
EVT-03681,0,0.010715315529557618,0.056563417421760735,0,0
EVT-03682,0,0.02867431019369501,0.3289025481080631,0,0
EVT-03683,0,0.004985823234418422,0.07193739436781964,0,0
EVT-03684,1,0.9746547880475768,0.1825256858497815,1,0
EVT-03685,0,0.03406936809880245,0.45146954432320496,0,0
EVT-03686,0,0.02462535795311749,0.4528245460488708,0,0
EVT-03687,1,0.8926018768466539,0.2939016981812846,1,0
EVT-03688,0,0.032671682661108675,0.7558644070620869,0,1
EVT-03689,0,0.021353075480719495,0.5551280582055161,0,1
EVT-03690,0,0.02612474470671336,0.09348108080549652,0,0
EVT-03691,0,0.03736154388950589,0.6009928133501509,0,1
EVT-03692,0,0.013496421357886056,0.567881502289538,0,1
EVT-03693,0,0.015526265543772885,0.07634931636418564,0,0
EVT-03694,0,0.01170536912190702,0.3820258101436988,0,0
EVT-03695,0,0.024115126128656572,0.19794630012591286,0,0
EVT-03696,0,0.010620574513352132,0.4961257073786462,0,0
EVT-03697,0,0.008810857824550827,0.5011010133132475,0,1
EVT-03698,0,0.016954274473035,0.42943649605461776,0,0
EVT-03699,0,0.01086948790770963,0.2888257552010582,0,0
EVT-03700,0,0.01646908862386333,0.5928157412386904,0,1
EVT-03701,0,0.02802465666363816,0.3311772409984243,0,0
EVT-03702,0,0.025578592513123534,0.5939786580429977,0,1
EVT-03703,0,0.0031242664895844287,0.07867845648437552,0,0
EVT-03704,0,0.025595167795770486,0.5081346380981684,0,1
EVT-03705,1,0.9493965376826885,0.4407108599382844,1,0
EVT-03706,0,0.017310995217358165,0.06572878723045547,0,0
EVT-03707,0,0.016954274473035,0.42943649605461776,0,0
EVT-03708,0,0.03310256525346667,0.21932973553468654,0,0
EVT-03709,0,0.026216286048582674,0.3083058533120379,0,0
EVT-03710,0,0.016925299056338584,0.6442644379036971,0,1
EVT-03711,0,0.020895617732759716,0.45907107006633147,0,0
EVT-03712,0,0.0018984342780400303,0.061930712424138924,0,0
EVT-03713,0,0.01170536912190702,0.3820258101436988,0,0
EVT-03714,0,0.01950973475027551,0.5120521389508366,0,1
EVT-03715,0,0.026335018024927825,0.40542149172416886,0,0
EVT-03716,0,0.02674431050194675,0.4993250740078858,0,0
EVT-03717,1,0.9278460293830966,0.48500470478143837,1,0
EVT-03718,0,0.018046330721281846,0.5483094267064336,0,1
EVT-03719,0,0.03241581589890012,0.37122917458979743,0,0
EVT-03720,0,0.01086948790770963,0.4625814311333651,0,0
EVT-03721,0,0.02154483128754622,0.5253366465818026,0,1
EVT-03722,1,0.8450327441733593,0.32887732010997683,1,0
EVT-03723,0,0.026216286048582674,0.3083058533120379,0,0
EVT-03724,0,0.015526265543772885,0.35119270418380627,0,0
EVT-03725,1,0.9724595710008159,0.6664063155381525,1,1
EVT-03726,0,0.02617918565066918,0.5243087591645128,0,1
EVT-03727,0,0.005673612954430005,0.40008680680427783,0,0
EVT-03728,0,0.003511431446827566,0.46912463952975936,0,0
EVT-03729,0,0.001012406947890819,0.3246412894699199,0,0
EVT-03730,0,0.023976679720170688,0.4044015843287316,0,0
EVT-03731,0,0.01631034258897741,0.11462267237040105,0,0
EVT-03732,1,0.9278460293830966,0.4340682274472337,1,0
EVT-03733,0,0.01170536912190702,0.11408992427209261,0,0
EVT-03734,0,0.02867431019369501,0.5763460232468229,0,1
EVT-03735,1,0.9640765392450963,0.5677899369839104,1,1
EVT-03736,0,0.4844272774509072,0.6144211071424178,0,1
EVT-03737,0,0.03840118759395123,0.4007076003699891,0,0
EVT-03738,0,0.01954697255726736,0.3731687313916801,0,0
EVT-03739,0,0.3386643844887714,0.3820258101436988,0,0
EVT-03740,0,0.024972918158496542,0.4627005344489743,0,0
EVT-03741,1,0.8444985639108313,0.34520918292031566,1,0
EVT-03742,1,0.970054936204724,0.6509039830562298,1,1
EVT-03743,0,0.03345308657763353,0.13604025400954337,0,0
EVT-03744,0,0.020895617732759716,0.4900617792324253,0,0
EVT-03745,0,0.0,0.2606343625697662,0,0
EVT-03746,0,0.013496421357886056,0.567881502289538,0,1
EVT-03747,1,0.8767619156006488,0.3604379512872545,1,0
EVT-03748,0,0.020322686077028775,0.36300148071464955,0,0
EVT-03749,0,0.001012406947890819,0.3246412894699199,0,0
EVT-03750,0,0.030117019508269297,0.4639854186769713,0,0
EVT-03751,0,0.028308737186860406,0.44861975814386895,0,0
EVT-03752,0,0.007959584488665114,0.34664522180783813,0,0
EVT-03753,0,0.025106316278490106,0.1926669097248202,0,0
EVT-03754,0,0.026593468218482005,0.5519763232014909,0,1
EVT-03755,0,0.02323227228741882,0.5725849769484328,0,1
EVT-03756,0,0.0,0.2606343625697662,0,0
EVT-03757,0,0.025595167795770486,0.5081346380981684,0,1
EVT-03758,0,0.24932606934556895,0.47694982073617886,0,0
EVT-03759,0,0.013327194157225488,0.2827013813119667,0,0
EVT-03760,0,0.008092699985070725,0.11336696719237281,0,0
EVT-03761,1,0.9707596784736647,0.6517164938060996,1,1
EVT-03762,0,0.015782834309343567,0.47694982073617886,0,0
EVT-03763,1,0.7590672468411507,0.24576896350578964,1,0
EVT-03764,0,0.01954697255726736,0.3731687313916801,0,0
EVT-03765,0,0.017342221159712606,0.4793937995901112,0,0
EVT-03766,0,0.02325541645806789,0.15954663923297163,0,0
EVT-03767,0,0.01594646955591719,0.4130869866855707,0,0
EVT-03768,0,0.015782834309343567,0.5117164217179826,0,1
EVT-03769,1,0.8326207444507628,0.02302240924314224,1,0
EVT-03770,0,0.017342221159712606,0.4793937995901112,0,0
EVT-03771,0,0.019650054428684213,0.5061495581735611,0,1
EVT-03772,0,0.026335018024927825,0.6618232883037343,0,1
EVT-03773,0,0.03292534873188304,0.5839181495992809,0,1
EVT-03774,0,0.0223317764594791,0.44792905154889867,0,0
EVT-03775,0,0.019496093155943337,0.4086260879704496,0,0
EVT-03776,0,0.02613188070758775,0.3211224204240983,0,0
EVT-03777,0,0.014135385268065136,0.3604379512872545,0,0
EVT-03778,0,0.0223317764594791,0.44792905154889867,0,0
EVT-03779,0,0.016525205373604693,0.3826825152927904,0,0
EVT-03780,0,0.01838838392077949,0.32887732010997683,0,0
EVT-03781,0,0.021247094271507106,0.32377653753067437,0,0
EVT-03782,0,0.013327194157225488,0.2827013813119667,0,0
EVT-03783,0,0.014666807055174452,0.4622451647491098,0,0
EVT-03784,1,0.8717671086711306,0.5439004935824585,1,1
EVT-03785,0,0.03111091324343743,0.7359701441174481,0,1
EVT-03786,0,0.016925299056338584,0.4467423856268551,0,0
EVT-03787,0,0.03520286367506429,0.6509039830562298,0,1
EVT-03788,0,0.0,0.03210400075510196,0,0
EVT-03789,0,0.022278295504808508,0.33290090124712096,0,0
EVT-03790,0,0.017754282318099855,0.5845618627384661,0,1
EVT-03791,0,0.012541495814498071,0.4600082422465248,0,0
EVT-03792,0,0.020034408692543113,0.4169429941693168,0,0
EVT-03793,0,0.017393718922152752,0.11896664599656351,0,0
EVT-03794,0,0.008092699985070725,0.5713998674312024,0,1
EVT-03795,0,0.09198086832037103,0.4600082422465248,0,0
EVT-03796,0,0.29192749456743433,0.31348815065104313,0,0
EVT-03797,0,0.016541250789155384,0.42824892634709993,0,0
EVT-03798,0,0.0,0.014811312899362966,0,0
EVT-03799,0,0.0,0.03112573705639369,0,0
EVT-03800,0,0.017516626270912085,0.10922127381795607,0,0
EVT-03801,0,0.017516626270912085,0.0752535822099249,0,0
EVT-03802,0,0.03736154388950589,0.5110937516777692,0,1
EVT-03803,0,0.030459960292194874,0.48864005904188773,0,0
EVT-03804,0,0.030117019508269297,0.4639854186769713,0,0
EVT-03805,0,0.01170536912190702,0.3820258101436988,0,0
EVT-03806,0,0.005673612954430005,0.40008680680427783,0,0
EVT-03807,0,0.015782834309343567,0.47694982073617886,0,0
EVT-03808,0,0.02372097725612316,0.43813958057197017,0,0
EVT-03809,0,0.01631034258897741,0.550431609878396,0,1
EVT-03810,0,0.007959584488665114,0.34664522180783813,0,0
EVT-03811,0,0.01594646955591719,0.4130869866855707,0,0
EVT-03812,0,0.016365278299665952,0.10182129959729623,0,0
EVT-03813,1,0.7056190263521568,0.34664522180783813,1,0
EVT-03814,0,0.006316113950936865,0.316131281760652,0,0
EVT-03815,0,0.015526265543772885,0.07634931636418564,0,0
EVT-03816,0,0.1301758988104441,0.5627330531145203,0,1
EVT-03817,0,0.02989246128936821,0.5397548683385278,0,1
EVT-03818,0,0.026520814695656283,0.1279244465984401,0,0
EVT-03819,0,0.028324392099025993,0.4340682274472337,0,0
EVT-03820,0,0.03403912216444739,0.6208373516119807,0,1
EVT-03821,0,0.03310256525346667,0.21932973553468654,0,0
EVT-03822,0,0.02612474470671336,0.2608494585258251,0,0
EVT-03823,0,0.03241581589890012,0.47655269830811536,0,0
EVT-03824,0,0.0,0.03112573705639369,0,0
EVT-03825,0,0.02989246128936821,0.5397548683385278,0,1
EVT-03826,0,0.0153263713211101,0.26947485710784097,0,0
EVT-03827,0,0.01631034258897741,0.11462267237040105,0,0
EVT-03828,0,0.005786291410471153,0.39765968802650886,0,0
EVT-03829,0,0.03310256525346667,0.21932973553468654,0,0
EVT-03830,1,0.9674132852815752,0.44660576816021086,1,0
EVT-03831,0,0.014666807055174452,0.4622451647491098,0,0
EVT-03832,1,0.9769875284849399,0.596738869448946,1,1
EVT-03833,0,0.03241581589890012,0.47655269830811536,0,0
EVT-03834,0,0.0,0.06511766529921091,0,0
EVT-03835,0,0.032671682661108675,0.7666224596986625,0,1
EVT-03836,0,0.017393718922152752,0.11896664599656351,0,0
EVT-03837,0,0.01838838392077949,0.20626795819351187,0,0
EVT-03838,0,0.0018984342780400303,0.061930712424138924,0,0
EVT-03839,0,0.02372097725612316,0.43813958057197017,0,0
EVT-03840,0,0.01086948790770963,0.4625814311333651,0,0
EVT-03841,0,0.017342221159712606,0.4793937995901112,0,0
EVT-03842,0,0.005927679533716403,0.49266357819155315,0,0
EVT-03843,0,0.016365278299665952,0.10182129959729623,0,0
EVT-03844,0,0.03406936809880245,0.45146954432320496,0,0
EVT-03845,0,0.024972918158496542,0.35575869018170225,0,0
EVT-03846,0,0.023976679720170688,0.4044015843287316,0,0
EVT-03847,0,0.013281594754115262,0.3931873734012191,0,0
EVT-03848,0,0.005843848994040472,0.0762089345147558,0,0
EVT-03849,0,0.02372097725612316,0.17609367296746023,0,0
EVT-03850,0,0.0,0.2606343625697662,0,0
EVT-03851,0,0.003769468890295764,0.05892474076328817,0,0
EVT-03852,0,0.0005507134593135363,0.01711914498121788,0,0
EVT-03853,0,0.015867366061569844,0.5122172833024965,0,1
EVT-03854,0,0.025106316278490106,0.1926669097248202,0,0
EVT-03855,0,0.03111091324343743,0.6794185491010917,0,1
EVT-03856,0,0.015782834309343567,0.47694982073617886,0,0
EVT-03857,0,0.003866936571761476,0.11884495122258332,0,0
EVT-03858,0,0.003532386546896002,0.26179267899884295,0,0
EVT-03859,0,0.023806783197126834,0.1825256858497815,0,0
EVT-03860,0,0.0036197042848161026,0.24576896350578964,0,0
EVT-03861,0,0.0029754526414574904,0.030024826056421594,0,0
EVT-03862,0,0.015526265543772885,0.07634931636418564,0,0
EVT-03863,0,0.7071336627177062,0.48500470478143837,1,0
EVT-03864,0,0.0011490183456710657,0.07619361849846723,0,0
EVT-03865,0,0.0,0.014811312899362966,0,0
EVT-03866,1,0.9288130966588709,0.40418468620283304,1,0
EVT-03867,0,0.004815588664957366,0.09314729666919548,0,0
EVT-03868,0,0.003511431446827566,0.024082466514137105,0,0
EVT-03869,0,0.026335018024927825,0.6618232883037343,0,1
EVT-03870,0,0.006316113950936865,0.316131281760652,0,0
EVT-03871,0,0.0,0.2606343625697662,0,0
EVT-03872,0,0.020076336269341712,0.49222545163257175,0,0
EVT-03873,0,0.010620574513352132,0.4961257073786462,0,0
EVT-03874,0,0.02462535795311749,0.515455007616862,0,1
EVT-03875,0,0.03840118759395123,0.5538705949092024,0,1
EVT-03876,0,0.01086948790770963,0.2888257552010582,0,0
EVT-03877,0,0.012794742974309825,0.7153884428277311,0,1
EVT-03878,0,0.027204970724302086,0.6291987102289129,0,1
EVT-03879,0,0.02741429766162338,0.7266269348862782,0,1
EVT-03880,0,0.4045655095116974,0.6442644379036971,0,1
EVT-03881,0,0.03345308657763353,0.13604025400954337,0,0
EVT-03882,0,0.013281594754115262,0.3931873734012191,0,0
EVT-03883,0,0.016954274473035,0.42943649605461776,0,0
EVT-03884,0,0.004064705117212539,0.020471400260052043,0,0
EVT-03885,0,0.024456354758692445,0.5715766740999395,0,1
EVT-03886,0,0.024115126128656572,0.19794630012591286,0,0
EVT-03887,0,0.0,0.06690124454776666,0,0
EVT-03888,0,0.020076336269341712,0.7430251846251615,0,1
EVT-03889,0,0.01631034258897741,0.550431609878396,0,1
EVT-03890,0,0.005786291410471153,0.43662321093898615,0,0
EVT-03891,0,0.010715315529557618,0.056563417421760735,0,0
EVT-03892,1,0.950593637977203,0.4169429941693168,1,0
EVT-03893,0,0.010715315529557618,0.056563417421760735,0,0
EVT-03894,1,0.9486802644737654,0.3820258101436988,1,0
EVT-03895,0,0.022890802596805836,0.10708929172931873,0,0
EVT-03896,0,0.013327194157225488,0.2827013813119667,0,0
EVT-03897,0,0.008723985356306422,0.05405051554699415,0,0
EVT-03898,0,0.021353075480719495,0.5551280582055161,0,1
EVT-03899,0,0.005843848994040472,0.2478098600203849,0,0
EVT-03900,0,0.029310982111019887,0.6360393982099184,0,1
EVT-03901,0,0.015782834309343567,0.47694982073617886,0,0
EVT-03902,0,0.02154483128754622,0.5253366465818026,0,1
EVT-03903,0,0.018046330721281846,0.5483094267064336,0,1
EVT-03904,0,0.003511431446827566,0.03207897107061426,0,0
EVT-03905,1,0.9769875284849399,0.589574460765222,1,1
EVT-03906,0,0.3553990386205276,0.5130579681787595,0,1
EVT-03907,0,0.023278977410246565,0.024395063782410284,0,0
EVT-03908,0,0.014666807055174452,0.13498331772519667,0,0
EVT-03909,0,0.015756972512951304,0.5927230826103639,0,1
EVT-03910,0,0.025106316278490106,0.1926669097248202,0,0
EVT-03911,0,0.02802465666363816,0.3311772409984243,0,0
EVT-03912,0,0.03736154388950589,0.6009928133501509,0,1
EVT-03913,0,0.025809717609115056,0.6615010252244269,0,1
EVT-03914,0,0.03292534873188304,0.5839181495992809,0,1
EVT-03915,0,0.005279692005943652,0.07460349116045176,0,0
EVT-03916,0,0.01394232870046732,0.5569802626800751,0,1
EVT-03917,0,0.028324392099025993,0.48500470478143837,0,0
EVT-03918,0,0.032205536321575134,0.181294939793603,0,0
EVT-03919,0,0.01086948790770963,0.2888257552010582,0,0
EVT-03920,0,0.01838838392077949,0.20626795819351187,0,0
EVT-03921,0,0.030459960292194874,0.48864005904188773,0,0
EVT-03922,0,0.0014957578296847197,0.043806517780935805,0,0
EVT-03923,0,0.02617918565066918,0.5243087591645128,0,1
EVT-03924,0,0.017065523856643557,0.7029130162730981,0,1
EVT-03925,0,0.023806783197126834,0.55940935384423,0,1
EVT-03926,0,0.016925299056338584,0.6442644379036971,0,1
EVT-03927,0,0.003532386546896002,0.02302240924314224,0,0
EVT-03928,0,0.005530981465338206,0.09538685982664814,0,0
EVT-03929,0,0.016954274473035,0.42943649605461776,0,0
EVT-03930,0,0.02154483128754622,0.5253366465818026,0,1
EVT-03931,0,0.0,0.014811312899362966,0,0
EVT-03932,0,0.004815588664957366,0.35383139931114144,0,0
EVT-03933,0,0.003532386546896002,0.06430638119151377,0,0
EVT-03934,0,0.025809717609115056,0.6615010252244269,0,1
EVT-03935,0,0.03736154388950589,0.6009928133501509,0,1
EVT-03936,0,0.009286591306971076,0.0570103835565156,0,0
EVT-03937,0,0.010620574513352132,0.4961257073786462,0,0
EVT-03938,0,0.01950973475027551,0.5138966263129883,0,1
EVT-03939,1,0.9640765392450963,0.5308120892117892,1,1
EVT-03940,0,0.03345308657763353,0.13604025400954337,0,0
EVT-03941,0,0.016541250789155384,0.41780274493742375,0,0
EVT-03942,0,0.015526265543772885,0.35119270418380627,0,0
EVT-03943,0,0.014666807055174452,0.13498331772519667,0,0
EVT-03944,1,0.8879343201102696,0.5519763232014909,1,1
EVT-03945,0,0.005530981465338206,0.09538685982664814,0,0
EVT-03946,0,0.01170536912190702,0.3820258101436988,0,0
EVT-03947,0,0.0230037751412662,0.1561895247077895,0,0
EVT-03948,0,0.028308737186860406,0.44861975814386895,0,0
EVT-03949,0,0.026335018024927825,0.40542149172416886,0,0
EVT-03950,0,0.028358928898769897,0.6144211071424178,0,1
EVT-03951,0,0.019818750813085106,0.5544181490508308,0,1
EVT-03952,0,0.024972918158496542,0.35575869018170225,0,0
EVT-03953,0,0.0,0.040922988822025726,0,0
EVT-03954,0,0.018862719781965173,0.3841388595910212,0,0
EVT-03955,0,0.01646908862386333,0.49666180551497546,0,0
EVT-03956,0,0.026520814695656283,0.6661174423179758,0,1
EVT-03957,0,0.004815588664957366,0.35383139931114144,0,0
EVT-03958,0,0.005786291410471153,0.39765968802650886,0,0
EVT-03959,0,0.003532386546896002,0.26179267899884295,0,0
EVT-03960,0,0.032671682661108675,0.7666224596986625,0,1
EVT-03961,1,0.9740974459291148,0.4467423856268551,1,0
EVT-03962,0,0.005843848994040472,0.0762089345147558,0,0
EVT-03963,0,0.005279692005943652,0.2939016981812846,0,0
EVT-03964,0,0.03520286367506429,0.6509039830562298,0,1
EVT-03965,0,0.02612474470671336,0.09348108080549652,0,0
EVT-03966,0,0.024115126128656572,0.19794630012591286,0,0
EVT-03967,0,0.032671682661108675,0.7666224596986625,0,1
EVT-03968,1,0.9785749470529254,0.420297508528938,1,0
EVT-03969,0,0.02325541645806789,0.15547669657746888,0,0
EVT-03970,0,0.0,0.06690124454776666,0,0
EVT-03971,1,0.989443779202465,0.5439004935824585,1,1
EVT-03972,0,0.012325461470623786,0.3348302023239468,0,0
EVT-03973,0,0.0018984342780400303,0.061930712424138924,0,0
EVT-03974,0,0.0014957578296847197,0.043806517780935805,0,0
EVT-03975,0,0.0014957578296847197,0.043806517780935805,0,0
EVT-03976,0,0.003769468890295764,0.07900153418068306,0,0
EVT-03977,0,0.024683304502360684,0.5029060698742551,0,1
EVT-03978,1,0.9337927936370856,0.3348302023239468,1,0
EVT-03979,0,0.019650054428684213,0.6517164938060996,0,1
EVT-03980,0,0.028591231263572003,0.1896069149782107,0,0
EVT-03981,0,0.008723985356306422,0.05405051554699415,0,0
EVT-03982,0,0.005843848994040472,0.2478098600203849,0,0
EVT-03983,0,0.015526265543772885,0.35119270418380627,0,0
EVT-03984,0,0.01170536912190702,0.3820258101436988,0,0
EVT-03985,0,0.021241000832888355,0.5660970573644648,0,1
EVT-03986,0,0.014666807055174452,0.13498331772519667,0,0
EVT-03987,0,0.011915001729396135,0.5627330531145203,0,1
EVT-03988,1,0.979669300411153,0.6615010252244269,1,1
EVT-03989,0,0.003092731995652981,0.06198348981108605,0,0
EVT-03990,0,0.01954697255726736,0.3731687313916801,0,0
EVT-03991,0,0.023806783197126834,0.55940935384423,0,1
EVT-03992,1,0.9234634766544709,0.3289025481080631,1,0
EVT-03993,0,0.0036197042848161026,0.24576896350578964,0,0
EVT-03994,0,0.01954697255726736,0.3731687313916801,0,0
EVT-03995,0,0.02323227228741882,0.5725849769484328,0,1
EVT-03996,0,0.010661932709780818,0.09720088212684751,0,0
EVT-03997,0,0.01594646955591719,0.4130869866855707,0,0
EVT-03998,0,0.005530981465338206,0.09538685982664814,0,0
EVT-03999,0,0.003866936571761476,0.2948549362580946,0,0
EVT-04000,0,0.012741899183337695,0.492886855099366,0,0
EVT-04001,0,0.018046330721281846,0.5483094267064336,0,1
EVT-04002,0,0.02612474470671336,0.2608494585258251,0,0
EVT-04003,0,0.030827274889436387,0.2510880612026207,0,0
EVT-04004,0,0.02802465666363816,0.6124828362369831,0,1
EVT-04005,0,0.019650054428684213,0.5061495581735611,0,1
EVT-04006,0,0.018900236466345626,0.06617964618054309,0,0
EVT-04007,0,0.019548290171225068,0.16216278124111758,0,0
EVT-04008,0,0.012325461470623786,0.3348302023239468,0,0
EVT-04009,0,0.028308737186860406,0.44861975814386895,0,0
EVT-04010,0,0.021740786466552243,0.345462131071696,0,0
EVT-04011,0,0.02325541645806789,0.15547669657746888,0,0
EVT-04012,0,0.025578592513123534,0.5939786580429977,0,1
EVT-04013,0,0.01954697255726736,0.3731687313916801,0,0
EVT-04014,0,0.01324579571065539,0.5315831003958744,0,1
EVT-04015,0,0.027204970724302086,0.6291987102289129,0,1
EVT-04016,0,0.030625774950976917,0.5842623674676831,0,1
EVT-04017,0,0.003769468890295764,0.05892474076328817,0,0
EVT-04018,0,0.028115126128656572,0.19794630012591286,0,0
EVT-04019,0,0.010661932709780818,0.5874258428201588,0,1
EVT-04020,0,0.034624369009524744,0.602382314935049,0,1
EVT-04021,0,0.018862719781965173,0.7010233959649186,0,1
EVT-04022,0,0.0036197042848161026,0.24576896350578964,0,0
EVT-04023,0,0.17105155734654962,0.06572878723045547,0,0
EVT-04024,1,0.9804573058970079,0.5397548683385278,1,1
EVT-04025,0,0.025106316278490106,0.1926669097248202,0,0
EVT-04026,1,0.9786222200781257,0.49222545163257175,1,0
EVT-04027,0,0.0230037751412662,0.11952807413638886,0,0
EVT-04028,0,0.03345308657763353,0.48108977800900393,0,0
EVT-04029,0,0.003092731995652981,0.06198348981108605,0,0
EVT-04030,0,0.008723985356306422,0.05405051554699415,0,0
EVT-04031,0,0.0,0.03112573705639369,0,0
EVT-04032,0,0.016925299056338584,0.6442644379036971,0,1
EVT-04033,0,0.0153383056325396,0.12574380935590004,0,0
EVT-04034,0,0.02273325848746901,0.4602242746924131,0,0
EVT-04035,0,0.024456354758692445,0.5715766740999395,0,1
EVT-04036,0,0.02613188070758775,0.3211224204240983,0,0
EVT-04037,0,0.019708997396588518,0.4407108599382844,0,0
EVT-04038,0,0.018046330721281846,0.683546203452632,0,1
EVT-04039,0,0.02372097725612316,0.43813958057197017,0,0
EVT-04040,0,0.016525205373604693,0.3826825152927904,0,0
EVT-04041,0,0.12777623253304424,0.3211224204240983,0,0
EVT-04042,0,0.020895617732759716,0.4900617792324253,0,0
EVT-04043,0,0.018046330721281846,0.683546203452632,0,1
EVT-04044,0,0.014135385268065136,0.3604379512872545,0,0
EVT-04045,0,0.011915001729396135,0.5627330531145203,0,1
EVT-04046,0,0.009058979217858181,0.5212745899248233,0,1
EVT-04047,0,0.02612474470671336,0.2608494585258251,0,0
EVT-04048,0,0.003511431446827566,0.035528567607189546,0,0
EVT-04049,0,0.01086948790770963,0.2888257552010582,0,0
EVT-04050,0,0.012325461470623786,0.3348302023239468,0,0
EVT-04051,0,0.012741899183337695,0.3154992691152062,0,0
EVT-04052,0,0.0014957578296847197,0.043806517780935805,0,0
EVT-04053,0,0.01646908862386333,0.5928157412386904,0,1
EVT-04054,0,0.021740786466552243,0.3940915082801179,0,0
EVT-04055,0,0.03292534873188304,0.5839181495992809,0,1
EVT-04056,0,0.02323227228741882,0.5725849769484328,0,1
EVT-04057,1,0.9379064790610273,0.3826825152927904,1,0
EVT-04058,0,0.034624369009524744,0.602382314935049,0,1
EVT-04059,0,0.015782834309343567,0.47694982073617886,0,0
EVT-04060,0,0.02273325848746901,0.47534232256286646,0,0
EVT-04061,0,0.02522383565760267,0.32044472625533926,0,0
EVT-04062,0,0.026166914445329755,0.32970435041208684,0,0
EVT-04063,0,0.01394232870046732,0.5569802626800751,0,1
EVT-04064,0,0.003866936571761476,0.2948549362580946,0,0
EVT-04065,1,0.9749878595854637,0.4900617792324253,1,0
EVT-04066,0,0.017310995217358165,0.06572878723045547,0,0
EVT-04067,0,0.01631034258897741,0.550431609878396,0,1
EVT-04068,0,0.008092699985070725,0.11336696719237281,0,0
EVT-04069,0,0.02273325848746901,0.47534232256286646,0,0
EVT-04070,1,0.9846430597418315,0.4793937995901112,1,0
EVT-04071,0,0.0014957578296847197,0.043806517780935805,0,0
EVT-04072,0,0.02273325848746901,0.47534232256286646,0,0
EVT-04073,0,0.004985823234418422,0.07193739436781964,0,0
EVT-04074,0,0.01197435460608546,0.40934072575651576,0,0
EVT-04075,0,0.0282960112179199,0.6157581023629323,0,1
EVT-04076,1,0.9821013075423366,0.7558644070620869,1,1
EVT-04077,0,0.0323405059374841,0.42942623161531746,0,0
EVT-04078,0,0.022278295504808508,0.33290090124712096,0,0
EVT-04079,0,0.028324392099025993,0.48500470478143837,0,0
EVT-04080,0,0.0005507134593135363,0.01711914498121788,0,0
EVT-04081,0,0.029547405621145897,0.5062132067790412,0,1
EVT-04082,0,0.0230037751412662,0.1561895247077895,0,0
EVT-04083,1,0.956967192195733,0.4577540173730049,1,0
EVT-04084,0,0.016541250789155384,0.41780274493742375,0,0
EVT-04085,0,0.009279692005943651,0.07460349116045176,0,0
EVT-04086,0,0.025106316278490106,0.1926669097248202,0,0
EVT-04087,0,0.006316113950936865,0.316131281760652,0,0
EVT-04088,0,0.018862719781965173,0.3841388595910212,0,0
EVT-04089,0,0.0018984342780400303,0.061930712424138924,0,0
EVT-04090,0,0.014666807055174452,0.13498331772519667,0,0
EVT-04091,0,0.017342221159712606,0.4793937995901112,0,0
EVT-04092,0,0.02384926214920388,0.5424388347549982,0,1
EVT-04093,0,0.0153263713211101,0.26947485710784097,0,0
EVT-04094,0,0.023806783197126834,0.55940935384423,0,1
EVT-04095,0,0.01646908862386333,0.5928157412386904,0,1
EVT-04096,0,0.027204970724302086,0.6291987102289129,0,1
EVT-04097,0,0.02989246128936821,0.634689900430826,0,1
EVT-04098,0,0.019650054428684213,0.6517164938060996,0,1
EVT-04099,0,0.019496093155943337,0.14305814723287993,0,0
EVT-04100,1,0.9498171142751713,0.4169429941693168,1,0
EVT-04101,0,0.3119626927889956,0.6370890936177408,0,1
EVT-04102,0,0.003092731995652981,0.2993670295745915,0,0
EVT-04103,0,0.0029754526414574904,0.03583725499605301,0,0
EVT-04104,0,0.030117019508269297,0.4639854186769713,0,0
EVT-04105,0,0.029310982111019887,0.3503868572425555,0,0
EVT-04106,1,0.9162407198358807,0.35383139931114144,1,0
EVT-04107,0,0.02613188070758775,0.40418468620283304,0,0
EVT-04108,1,0.9430610053454873,0.4622451647491098,1,0
EVT-04109,1,0.9542759998779122,0.35119270418380627,1,0
EVT-04110,0,0.017516626270912085,0.10922127381795607,0,0
EVT-04111,0,0.011915001729396135,0.5627330531145203,0,1
EVT-04112,0,0.026166914445329755,0.32970435041208684,0,0
EVT-04113,0,0.02462535795311749,0.515455007616862,0,1
EVT-04114,0,0.02042777128822621,0.3958963311027148,0,0
EVT-04115,0,0.0223317764594791,0.44792905154889867,0,0
EVT-04116,0,0.02741429766162338,0.44901203517694,0,0
EVT-04117,0,0.014666807055174452,0.4622451647491098,0,0
EVT-04118,0,0.009058979217858181,0.4419251898090802,0,0
EVT-04119,0,0.4807270516803887,0.10754854541335516,0,0
EVT-04120,1,0.9500035934758871,0.47655269830811536,1,0
EVT-04121,0,0.021005282387554315,0.43739277547060434,0,0
EVT-04122,0,0.02674431050194675,0.4993250740078858,0,0
EVT-04123,0,0.0,0.06690124454776666,0,0
EVT-04124,0,0.026225962287286277,0.6658733845025538,0,1
EVT-04125,0,0.028115126128656572,0.19794630012591286,0,0
EVT-04126,0,0.017516626270912085,0.0752535822099249,0,0
EVT-04127,1,0.9719916833451977,0.4622451647491098,1,0
EVT-04128,0,0.029310982111019887,0.3503868572425555,0,0
EVT-04129,0,0.023704190226757012,0.31348815065104313,0,0
EVT-04130,1,0.8805254705780508,0.42824892634709993,1,0
EVT-04131,0,0.02522383565760267,0.32044472625533926,0,0
EVT-04132,0,0.003092731995652981,0.06198348981108605,0,0
EVT-04133,0,0.03406936809880245,0.45146954432320496,0,0
EVT-04134,0,0.012541495814498071,0.4600082422465248,0,0
EVT-04135,0,0.012741899183337695,0.492886855099366,0,0
EVT-04136,0,0.016541250789155384,0.41780274493742375,0,0
EVT-04137,0,0.017516626270912085,0.0752535822099249,0,0
EVT-04138,0,0.029310982111019887,0.6360393982099184,0,1
EVT-04139,0,0.028591231263572003,0.4594299697758709,0,0
EVT-04140,0,0.020076336269341712,0.49222545163257175,0,0
EVT-04141,0,0.020322686077028775,0.36300148071464955,0,0
EVT-04142,0,0.0230037751412662,0.11952807413638886,0,0
EVT-04143,0,0.03343179221557956,0.6710370723215744,0,1
EVT-04144,0,0.025578592513123534,0.5939786580429977,0,1
EVT-04145,0,0.019650054428684213,0.6517164938060996,0,1
EVT-04146,0,0.019708997396588518,0.4407108599382844,0,0
EVT-04147,0,0.024322686077028775,0.4633846337615451,0,0
EVT-04148,0,0.003511431446827566,0.46912463952975936,0,0
EVT-04149,0,0.015756972512951304,0.5927230826103639,0,1
EVT-04150,0,0.006316113950936865,0.050127641735245074,0,0
EVT-04151,0,0.007959584488665114,0.34218341208908165,0,0
EVT-04152,0,0.01197435460608546,0.40934072575651576,0,0
EVT-04153,0,0.027204970724302086,0.6291987102289129,0,1
EVT-04154,0,0.024456354758692445,0.5024893612347845,0,1
EVT-04155,0,0.003769468890295764,0.05892474076328817,0,0
EVT-04156,0,0.017754282318099855,0.6664063155381525,0,1
EVT-04157,0,0.01950973475027551,0.5120521389508366,0,1
EVT-04158,0,0.02867431019369501,0.3289025481080631,0,0
EVT-04159,1,0.983669300411153,0.7798151595569001,1,1
EVT-04160,0,0.005843848994040472,0.2478098600203849,0,0
EVT-04161,0,0.013327937484700849,0.29390375114044764,0,0
EVT-04162,0,0.02462535795311749,0.4528245460488708,0,0
EVT-04163,0,0.026216286048582674,0.3083058533120379,0,0
EVT-04164,0,0.01394232870046732,0.5569802626800751,0,1
EVT-04165,1,0.9756971367755949,0.6661174423179758,1,1
EVT-04166,0,0.02802465666363816,0.3311772409984243,0,0
EVT-04167,0,0.005279692005943652,0.2939016981812846,0,0
EVT-04168,0,0.019650054428684213,0.5061495581735611,0,1
EVT-04169,0,0.5636580830011249,0.42824892634709993,1,0
EVT-04170,1,0.970054936204724,0.6509039830562298,1,1
EVT-04171,0,0.021005282387554315,0.43739277547060434,0,0
EVT-04172,0,0.03406936809880245,0.45146954432320496,0,0
EVT-04173,1,0.8648008773046646,0.2608494585258251,1,0
EVT-04174,0,0.003532386546896002,0.024395063782410284,0,0
EVT-04175,0,0.016954274473035,0.42943649605461776,0,0
EVT-04176,0,0.013327194157225488,0.2827013813119667,0,0
EVT-04177,0,0.008092699985070725,0.5713998674312024,0,1
EVT-04178,0,0.011169663358659812,0.3088735567090226,0,0
EVT-04179,0,0.025809717609115056,0.6615010252244269,0,1
EVT-04180,0,0.0014957578296847197,0.4403185897838344,0,0
EVT-04181,0,0.014666807055174452,0.4622451647491098,0,0
EVT-04182,0,0.02612474470671336,0.2608494585258251,0,0
EVT-04183,0,0.0282960112179199,0.6157581023629323,0,1
EVT-04184,0,0.022890802596805836,0.6074830790703438,0,1
EVT-04185,0,0.01170536912190702,0.3820258101436988,0,0
EVT-04186,1,0.9645254705780508,0.41780274493742375,1,0
EVT-04187,0,0.029547405621145897,0.5062132067790412,0,1
EVT-04188,0,0.015526265543772885,0.35119270418380627,0,0
EVT-04189,0,0.021740786466552243,0.345462131071696,0,0
EVT-04190,0,0.0,0.03112573705639369,0,0
EVT-04191,0,0.019708997396588518,0.4407108599382844,0,0
EVT-04192,0,0.02384926214920388,0.5424388347549982,0,1
EVT-04193,0,0.030827274889436387,0.6591134377869937,0,1
EVT-04194,0,0.015867366061569844,0.5122172833024965,0,1
EVT-04195,0,0.005279692005943652,0.2939016981812846,0,0
EVT-04196,0,0.02867431019369501,0.3289025481080631,0,0
EVT-04197,0,0.01954697255726736,0.3731687313916801,0,0
EVT-04198,1,0.9512798707304919,0.5081346380981684,1,1
EVT-04199,0,0.02384926214920388,0.6333143686069893,0,1
EVT-04200,0,0.01950973475027551,0.5120521389508366,0,1
EVT-04201,0,0.0029754526414574904,0.030024826056421594,0,0
EVT-04202,0,0.010715315529557618,0.056563417421760735,0,0
EVT-04203,1,0.8982772165281311,0.5109259141513496,1,1
EVT-04204,0,0.015526265543772885,0.35119270418380627,0,0
EVT-04205,0,0.022545431979209968,0.34945969930415877,0,0
EVT-04206,0,0.023976679720170688,0.4044015843287316,0,0
EVT-04207,0,0.010715315529557618,0.056563417421760735,0,0
EVT-04208,0,0.01394232870046732,0.5569802626800751,0,1
EVT-04209,0,0.02273325848746901,0.47534232256286646,0,0
EVT-04210,0,0.021740786466552243,0.3940915082801179,0,0
EVT-04211,0,0.027204970724302086,0.6291987102289129,0,1
EVT-04212,0,0.015526265543772885,0.35119270418380627,0,0
EVT-04213,0,0.0014957578296847197,0.528496751551109,0,1
EVT-04214,0,0.014666807055174452,0.13498331772519667,0,0
EVT-04215,0,0.04213538146085845,0.5677899369839104,0,1
EVT-04216,0,0.0153263713211101,0.26947485710784097,0,0
EVT-04217,0,0.016365278299665952,0.10182129959729623,0,0
EVT-04218,0,0.02462535795311749,0.515455007616862,0,1
EVT-04219,0,0.027204970724302086,0.6291987102289129,0,1
EVT-04220,0,0.007959584488665114,0.34664522180783813,0,0
EVT-04221,0,0.02384926214920388,0.6333143686069893,0,1
EVT-04222,0,0.015526265543772885,0.35119270418380627,0,0
EVT-04223,1,0.9564818477727915,0.644225782163018,1,1
EVT-04224,0,0.030117019508269297,0.2497458193057644,0,0
EVT-04225,0,0.010135018300528636,0.4618598121460932,0,0
EVT-04226,0,0.021241000832888355,0.5168687129757308,0,1
EVT-04227,0,0.0018984342780400303,0.061930712424138924,0,0
EVT-04228,0,0.004815588664957366,0.09314729666919548,0,0
EVT-04229,0,0.0323405059374841,0.42942623161531746,0,0
EVT-04230,0,0.026225962287286277,0.1446345158535491,0,0
EVT-04231,0,0.020322686077028775,0.36300148071464955,0,0
EVT-04232,0,0.032205536321575134,0.181294939793603,0,0
EVT-04233,0,0.020630444749574126,0.31726369607209315,0,0
EVT-04234,0,0.019496093155943337,0.14305814723287993,0,0
EVT-04235,0,0.02989246128936821,0.634689900430826,0,1
EVT-04236,0,0.0,0.2606343625697662,0,0
EVT-04237,0,0.0,0.27147180431145707,0,0
EVT-04238,0,0.025313115115326097,0.34520918292031566,0,0
EVT-04239,0,0.026520814695656283,0.6661174423179758,0,1
EVT-04240,0,0.0,0.27147180431145707,0,0
EVT-04241,0,0.027204970724302086,0.6291987102289129,0,1
EVT-04242,0,0.015526265543772885,0.35119270418380627,0,0
EVT-04243,0,0.022545431979209968,0.42553170958922476,0,0
EVT-04244,0,0.02216612521774801,0.3768387349357947,0,0
EVT-04245,0,0.011169663358659812,0.08259849325073083,0,0
EVT-04246,0,0.0323405059374841,0.12342639817645783,0,0
EVT-04247,0,0.02372097725612316,0.43813958057197017,0,0
EVT-04248,0,0.020034408692543113,0.07641511939960118,0,0
EVT-04249,0,0.013281594754115262,0.3931873734012191,0,0
EVT-04250,0,0.005673612954430005,0.03719194820569662,0,0
EVT-04251,0,0.03345308657763353,0.48108977800900393,0,0
EVT-04252,0,0.03310256525346667,0.48998486024703874,0,0
EVT-04253,0,0.02674431050194675,0.4993250740078858,0,0
EVT-04254,0,0.019496093155943337,0.14305814723287993,0,0
EVT-04255,0,0.012325461470623786,0.3348302023239468,0,0
EVT-04256,0,0.003511431446827566,0.03207897107061426,0,0
EVT-04257,1,0.9606665981828011,0.5716504335309655,1,1
EVT-04258,0,0.024683304502360684,0.4120413657419559,0,0
EVT-04259,0,0.02384926214920388,0.5424388347549982,0,1
EVT-04260,0,0.005843848994040472,0.2478098600203849,0,0
EVT-04261,0,0.017065523856643557,0.6842229689048035,0,1
EVT-04262,0,0.0,0.040922988822025726,0,0
EVT-04263,0,0.022278295504808508,0.11407388519078487,0,0
EVT-04264,1,0.9559082378352743,0.6050858941413678,1,1
EVT-04265,0,0.013327194157225488,0.2827013813119667,0,0
EVT-04266,0,0.02273325848746901,0.4602242746924131,0,0
EVT-04267,0,0.003092731995652981,0.06198348981108605,0,0
EVT-04268,1,0.8797846126586872,0.27147180431145707,1,0
EVT-04269,0,0.022545431979209968,0.34945969930415877,0,0
EVT-04270,0,0.0223317764594791,0.15243422788593558,0,0
EVT-04271,0,0.02674431050194675,0.4993250740078858,0,0
EVT-04272,0,0.011915001729396135,0.1457113142486302,0,0
EVT-04273,0,0.025578592513123534,0.5939786580429977,0,1
EVT-04274,0,0.02612474470671336,0.2608494585258251,0,0
EVT-04275,0,0.017393718922152752,0.644225782163018,0,1
EVT-04276,0,0.01086948790770963,0.4625814311333651,0,0
EVT-04277,0,0.015867366061569844,0.10224493650889858,0,0
EVT-04278,0,0.021005282387554315,0.10718256594346752,0,0
EVT-04279,0,0.021247094271507106,0.32377653753067437,0,0
EVT-04280,0,0.028591231263572003,0.4594299697758709,0,0
EVT-04281,0,0.005927679533716403,0.5439004935824585,0,1
EVT-04282,0,0.0029754526414574904,0.030024826056421594,0,0
EVT-04283,0,0.03736154388950589,0.6009928133501509,0,1
EVT-04284,0,0.029547405621145897,0.5062132067790412,0,1
EVT-04285,0,0.026225962287286277,0.6658733845025538,0,1
EVT-04286,0,0.02613188070758775,0.3211224204240983,0,0
EVT-04287,0,0.005673612954430005,0.03719194820569662,0,0
EVT-04288,0,0.0153383056325396,0.5716504335309655,0,1
EVT-04289,0,0.011169663358659812,0.08259849325073083,0,0
EVT-04290,0,0.01838838392077949,0.32887732010997683,0,0
EVT-04291,0,0.03152626554377288,0.35119270418380627,0,0
EVT-04292,0,0.01954697255726736,0.686632559250131,0,1
EVT-04293,0,0.015526265543772885,0.35119270418380627,0,0
EVT-04294,0,0.013327937484700849,0.29390375114044764,0,0
EVT-04295,0,0.020076336269341712,0.49222545163257175,0,0
EVT-04296,0,0.03406936809880245,0.47926436610027434,0,0
EVT-04297,0,0.0005507134593135363,0.01711914498121788,0,0
EVT-04298,0,0.003092731995652981,0.2993670295745915,0,0
EVT-04299,0,0.014135385268065136,0.10060307665277002,0,0
EVT-04300,0,0.019818750813085106,0.5544181490508308,0,1
EVT-04301,0,0.003532386546896002,0.024395063782410284,0,0
EVT-04302,0,0.022890802596805836,0.6074830790703438,0,1
EVT-04303,0,0.02741429766162338,0.7266269348862782,0,1
EVT-04304,0,0.0014957578296847197,0.4403185897838344,0,0
EVT-04305,0,0.02323227228741882,0.5725849769484328,0,1
EVT-04306,0,0.030117019508269297,0.4639854186769713,0,0
EVT-04307,0,0.03403912216444739,0.5130579681787595,0,1
EVT-04308,0,0.008810857824550827,0.5011010133132475,0,1
EVT-04309,0,0.02462535795311749,0.4528245460488708,0,0
EVT-04310,0,0.003532386546896002,0.26179267899884295,0,0
EVT-04311,0,0.003866936571761476,0.11884495122258332,0,0
EVT-04312,0,0.024972918158496542,0.35575869018170225,0,0
EVT-04313,0,0.009058979217858181,0.4419251898090802,0,0
EVT-04314,1,0.9805148563501951,0.5212745899248233,1,1
EVT-04315,1,0.9376831494616302,0.48998486024703874,1,0
EVT-04316,1,0.9804285168102658,0.47534232256286646,1,0
EVT-04317,0,0.0153383056325396,0.5716504335309655,0,1
EVT-04318,0,0.02216612521774801,0.3768387349357947,0,0
EVT-04319,0,0.01197435460608546,0.3144826132998734,0,0
EVT-04320,0,0.021740786466552243,0.3940915082801179,0,0
EVT-04321,0,0.017754282318099855,0.5845618627384661,0,1
EVT-04322,0,0.01631034258897741,0.550431609878396,0,1
EVT-04323,0,0.003092731995652981,0.2993670295745915,0,0
EVT-04324,0,0.0029754526414574904,0.03286871527443415,0,0
EVT-04325,0,0.01594646955591719,0.1358759049509317,0,0
EVT-04326,0,0.04323227228741882,0.18529733640018398,0,0
EVT-04327,0,0.004064705117212539,0.3284897077103409,0,0
EVT-04328,0,0.019496093155943337,0.14305814723287993,0,0
EVT-04329,1,0.9804573058970079,0.634689900430826,1,1
EVT-04330,0,0.02522383565760267,0.32044472625533926,0,0
EVT-04331,0,0.009058979217858181,0.4419251898090802,0,0
EVT-04332,0,0.015526265543772885,0.35119270418380627,0,0
EVT-04333,0,0.019818750813085106,0.7051528176021419,0,1
EVT-04334,0,0.008092699985070725,0.5713998674312024,0,1
EVT-04335,0,0.026166914445329755,0.32970435041208684,0,0
EVT-04336,0,0.0230037751412662,0.11952807413638886,0,0
EVT-04337,0,0.015526265543772885,0.35119270418380627,0,0
EVT-04338,0,0.02613188070758775,0.40418468620283304,0,0
EVT-04339,0,0.01324579571065539,0.5315831003958744,0,1
EVT-04340,0,0.005927679533716403,0.49266357819155315,0,0
EVT-04341,0,0.02802465666363816,0.3311772409984243,0,0
EVT-04342,1,0.9445889264751453,0.3988991920479977,1,0
EVT-04343,0,0.021353075480719495,0.5551280582055161,0,1
EVT-04344,0,0.016541250789155384,0.41780274493742375,0,0
EVT-04345,0,0.03403912216444739,0.5130579681787595,0,1
EVT-04346,0,0.03310256525346667,0.21932973553468654,0,0
EVT-04347,0,0.003511431446827566,0.035528567607189546,0,0
EVT-04348,0,0.0223317764594791,0.44792905154889867,0,0
EVT-04349,0,0.020076336269341712,0.49222545163257175,0,0
EVT-04350,0,0.018900236466345626,0.10131397911120596,0,0
EVT-04351,1,0.9822068664235444,0.7266269348862782,1,1
EVT-04352,0,0.0,0.014811312899362966,0,0
EVT-04353,0,0.02384926214920388,0.5424388347549982,0,1
EVT-04354,0,0.015526265543772885,0.35119270418380627,0,0
EVT-04355,0,0.0014957578296847197,0.528496751551109,0,1
EVT-04356,0,0.0153263713211101,0.26947485710784097,0,0
EVT-04357,0,0.020076336269341712,0.49222545163257175,0,0
EVT-04358,0,0.018046330721281846,0.5483094267064336,0,1
EVT-04359,0,0.24934332655588165,0.2478098600203849,0,0
EVT-04360,0,0.018900236466345626,0.10131397911120596,0,0
EVT-04361,0,0.0011490183456710657,0.36638077175214356,0,0
EVT-04362,1,0.9923664137344371,0.39765968802650886,1,0
EVT-04363,0,0.010135018300528636,0.4618598121460932,0,0
EVT-04364,0,0.015526265543772885,0.35119270418380627,0,0
EVT-04365,0,0.003511431446827566,0.03207897107061426,0,0
EVT-04366,0,0.02674431050194675,0.4993250740078858,0,0
EVT-04367,0,0.0153383056325396,0.5716504335309655,0,1
EVT-04368,0,0.024115126128656572,0.19794630012591286,0,0
EVT-04369,0,0.020174319980668206,0.3153070241818088,0,0
EVT-04370,0,0.01646908862386333,0.5928157412386904,0,1
EVT-04371,0,0.022278295504808508,0.33290090124712096,0,0
EVT-04372,1,0.9758671899636495,0.5024893612347845,1,1
EVT-04373,0,0.005927679533716403,0.49266357819155315,0,0
EVT-04374,0,0.019496093155943337,0.14305814723287993,0,0
EVT-04375,1,0.9384718080643975,0.5011010133132475,1,1
EVT-04376,0,0.016030286282656923,0.4921246339995171,0,0
EVT-04377,1,0.9529129034144308,0.3311772409984243,1,0
EVT-04378,0,0.0029754526414574904,0.030024826056421594,0,0
EVT-04379,0,0.019650054428684213,0.6517164938060996,0,1
EVT-04380,0,0.028591231263572003,0.1896069149782107,0,0
EVT-04381,1,0.9522203954649533,0.4130869866855707,1,0
EVT-04382,1,0.9490677712346195,0.44792905154889867,1,0
EVT-04383,0,0.018862719781965173,0.7010233959649186,0,1
EVT-04384,0,0.018046330721281846,0.683546203452632,0,1
EVT-04385,0,0.01646908862386333,0.5928157412386904,0,1
EVT-04386,1,0.9318005872529209,0.35575869018170225,1,0
EVT-04387,0,0.22999652948227353,0.3153070241818088,0,0
EVT-04388,0,0.012325461470623786,0.3348302023239468,0,0
EVT-04389,1,0.7066122881472366,0.7660029652782794,1,1
EVT-04390,0,0.015526265543772885,0.35119270418380627,0,0
EVT-04391,0,0.0005507134593135363,0.01711914498121788,0,0
EVT-04392,0,0.012794742974309825,0.572569295108708,0,1
EVT-04393,0,0.019496093155943337,0.4086260879704496,0,0
EVT-04394,0,0.018900236466345626,0.06617964618054309,0,0
EVT-04395,0,0.025809717609115056,0.7798151595569001,0,1
EVT-04396,0,0.0230037751412662,0.11952807413638886,0,0
EVT-04397,0,0.021241000832888355,0.5660970573644648,0,1
EVT-04398,0,0.026593468218482005,0.5519763232014909,0,1
EVT-04399,0,0.022278295504808508,0.11407388519078487,0,0
EVT-04400,0,0.017065523856643557,0.6842229689048035,0,1
EVT-04401,0,0.03403912216444739,0.5130579681787595,0,1
EVT-04402,0,0.023976679720170688,0.4044015843287316,0,0
EVT-04403,0,0.01086948790770963,0.2888257552010582,0,0
EVT-04404,0,0.028324392099025993,0.48500470478143837,0,0
EVT-04405,0,0.001012406947890819,0.3246412894699199,0,0
EVT-04406,0,0.025809717609115056,0.6615010252244269,0,1
EVT-04407,1,0.7812765641604585,0.4169429941693168,1,0
EVT-04408,0,0.016925299056338584,0.4467423856268551,0,0
EVT-04409,0,0.011915001729396135,0.5627330531145203,0,1
EVT-04410,0,0.020034408692543113,0.4169429941693168,0,0
EVT-04411,0,0.02323227228741882,0.5725849769484328,0,1
EVT-04412,0,0.02325541645806789,0.15954663923297163,0,0
EVT-04413,0,0.020174319980668206,0.3153070241818088,0,0
EVT-04414,0,0.4343186470671285,0.07867845648437552,0,0
EVT-04415,0,0.017754282318099855,0.6664063155381525,0,1
EVT-04416,0,0.016541250789155384,0.42824892634709993,0,0
EVT-04417,0,0.01170536912190702,0.3820258101436988,0,0
EVT-04418,0,0.006316113950936865,0.050127641735245074,0,0
EVT-04419,0,0.013496421357886056,0.567881502289538,0,1
EVT-04420,0,0.02372097725612316,0.43813958057197017,0,0
EVT-04421,0,0.030625774950976917,0.25652175458076065,0,0
EVT-04422,0,0.01588404329195093,0.4999548904382057,0,0
EVT-04423,0,0.009058979217858181,0.5212745899248233,0,1
EVT-04424,0,0.056034408692543114,0.07641511939960118,0,0
EVT-04425,0,0.017065523856643557,0.7029130162730981,0,1
EVT-04426,0,0.0230037751412662,0.11952807413638886,0,0
EVT-04427,1,0.9766430597418315,0.4793937995901112,1,0
EVT-04428,0,0.015867366061569844,0.10224493650889858,0,0
EVT-04429,0,0.028358928898769897,0.6144211071424178,0,1
EVT-04430,0,0.03474431050194675,0.4993250740078858,0,0
EVT-04431,0,0.019818750813085106,0.7051528176021419,0,1
EVT-04432,0,0.021005282387554315,0.43739277547060434,0,0
EVT-04433,0,0.01838838392077949,0.32887732010997683,0,0
EVT-04434,0,0.026520814695656283,0.6661174423179758,0,1
EVT-04435,0,0.029310982111019887,0.3503868572425555,0,0
EVT-04436,0,0.017516626270912085,0.10922127381795607,0,0
EVT-04437,0,0.02216612521774801,0.3768387349357947,0,0
EVT-04438,1,0.9822275405266683,0.6794185491010917,1,1
EVT-04439,0,0.016541250789155384,0.41780274493742375,0,0
EVT-04440,1,0.9352763028470011,0.5352541298514532,1,1
EVT-04441,0,0.03403912216444739,0.6208373516119807,0,1
EVT-04442,0,0.019496093155943337,0.14305814723287993,0,0
EVT-04443,0,0.009286591306971076,0.06261285169382573,0,0
EVT-04444,0,0.025578592513123534,0.5939786580429977,0,1
EVT-04445,0,0.03345308657763353,0.13604025400954337,0,0
EVT-04446,0,0.019548290171225068,0.3595797937292251,0,0
EVT-04447,0,0.010715315529557618,0.056563417421760735,0,0
EVT-04448,0,0.01086948790770963,0.2888257552010582,0,0
EVT-04449,0,0.02042777128822621,0.3958963311027148,0,0
EVT-04450,0,0.14687693734146431,0.2827013813119667,0,0
EVT-04451,0,0.02325541645806789,0.15547669657746888,0,0
EVT-04452,0,0.026225962287286277,0.6658733845025538,0,1
EVT-04453,0,0.02867431019369501,0.3289025481080631,0,0
EVT-04454,0,0.003511431446827566,0.035528567607189546,0,0
EVT-04455,1,0.9822275405266683,0.7359701441174481,1,1
EVT-04456,0,0.7710947250383613,0.133890934280506,1,0
EVT-04457,1,0.9751853676466156,0.4633846337615451,1,0
EVT-04458,0,0.04213538146085845,0.5677899369839104,0,1
EVT-04459,0,0.021241000832888355,0.5168687129757308,0,1
EVT-04460,0,0.017393718922152752,0.644225782163018,0,1
EVT-04461,0,0.030827274889436387,0.6591134377869937,0,1
EVT-04462,0,0.015782834309343567,0.47694982073617886,0,0
EVT-04463,1,0.983669300411153,0.6615010252244269,1,1
EVT-04464,1,0.9822275405266683,0.6794185491010917,1,1
EVT-04465,0,0.41394374644355586,0.40418468620283304,0,0
EVT-04466,0,0.0029754526414574904,0.03286871527443415,0,0
EVT-04467,0,0.034624369009524744,0.5417579192388993,0,1
EVT-04468,0,0.030117019508269297,0.4639854186769713,0,0
EVT-04469,0,0.01679200751654846,0.6370890936177408,0,1
EVT-04470,1,0.9168008773046646,0.2608494585258251,1,0
EVT-04471,0,0.012741899183337695,0.3154992691152062,0,0
EVT-04472,0,0.009286591306971076,0.06261285169382573,0,0
EVT-04473,0,0.0014957578296847197,0.4403185897838344,0,0
EVT-04474,0,0.021353075480719495,0.5551280582055161,0,1
EVT-04475,0,0.03345308657763353,0.13604025400954337,0,0
EVT-04476,1,0.9486802644737654,0.11408992427209261,1,0
EVT-04477,0,0.02323227228741882,0.5725849769484328,0,1
EVT-04478,0,0.026520814695656283,0.6661174423179758,0,1
EVT-04479,0,0.010620574513352132,0.420297508528938,0,0
EVT-04480,0,0.017393718922152752,0.11896664599656351,0,0
EVT-04481,0,0.026335018024927825,0.40542149172416886,0,0
EVT-04482,0,0.029310982111019887,0.3503868572425555,0,0
EVT-04483,0,0.016365278299665952,0.29124893416638836,0,0
EVT-04484,0,0.0014957578296847197,0.043806517780935805,0,0
EVT-04485,0,0.029310982111019887,0.3503868572425555,0,0
EVT-04486,0,0.018900236466345626,0.10131397911120596,0,0
EVT-04487,0,0.010715315529557618,0.056563417421760735,0,0
EVT-04488,0,0.0282960112179199,0.6157581023629323,0,1
EVT-04489,0,0.0011490183456710657,0.36638077175214356,0,0
EVT-04490,0,0.025595167795770486,0.16921095875786463,0,0
EVT-04491,0,0.022890802596805836,0.10708929172931873,0,0
EVT-04492,0,0.028358928898769897,0.6144211071424178,0,1
EVT-04493,0,0.01838838392077949,0.32887732010997683,0,0
EVT-04494,0,0.021353075480719495,0.5551280582055161,0,1
EVT-04495,0,0.005279692005943652,0.2939016981812846,0,0
EVT-04496,0,0.030459960292194874,0.48864005904188773,0,0
EVT-04497,0,0.02613188070758775,0.3211224204240983,0,0
EVT-04498,0,0.021005282387554315,0.43739277547060434,0,0
EVT-04499,0,0.028308737186860406,0.44861975814386895,0,0
EVT-04500,0,0.027204970724302086,0.21571285103785312,0,0
EVT-04501,0,0.022278295504808508,0.11407388519078487,0,0
EVT-04502,0,0.03403912216444739,0.5130579681787595,0,1
EVT-04503,0,0.016365278299665952,0.29124893416638836,0,0
EVT-04504,0,0.026335018024927825,0.6618232883037343,0,1
EVT-04505,0,0.014666807055174452,0.4622451647491098,0,0
EVT-04506,0,0.03736154388950589,0.6009928133501509,0,1
EVT-04507,0,0.012794742974309825,0.572569295108708,0,1
EVT-04508,0,0.01197435460608546,0.3144826132998734,0,0
EVT-04509,0,0.04213538146085845,0.5677899369839104,0,1
EVT-04510,0,0.020895617732759716,0.4900617792324253,0,0
EVT-04511,0,0.06551481829262132,0.06667563505005417,0,0
EVT-04512,0,0.01631034258897741,0.550431609878396,0,1
EVT-04513,0,0.01950973475027551,0.5120521389508366,0,1
EVT-04514,0,0.1299986604429079,0.6661174423179758,0,1
EVT-04515,0,0.025106316278490106,0.5352541298514532,0,1
EVT-04516,0,0.026225962287286277,0.6658733845025538,0,1
EVT-04517,0,0.0031242664895844287,0.07867845648437552,0,0
EVT-04518,0,0.01631034258897741,0.11462267237040105,0,0
EVT-04519,0,0.011915001729396135,0.5627330531145203,0,1
EVT-04520,0,0.04213538146085845,0.5677899369839104,0,1
EVT-04521,0,0.01838838392077949,0.32887732010997683,0,0
EVT-04522,0,0.013327194157225488,0.2827013813119667,0,0
EVT-04523,0,0.003532386546896002,0.02302240924314224,0,0
EVT-04524,0,0.003511431446827566,0.035528567607189546,0,0
EVT-04525,0,0.01679200751654846,0.6370890936177408,0,1
EVT-04526,0,0.014666807055174452,0.13498331772519667,0,0
EVT-04527,1,0.9384718080643975,0.407750160885735,1,0
EVT-04528,0,0.03241581589890012,0.47655269830811536,0,0
EVT-04529,0,0.014666807055174452,0.432616613611552,0,0
EVT-04530,0,0.01170536912190702,0.3820258101436988,0,0
EVT-04531,0,0.02216612521774801,0.15658217394393548,0,0
EVT-04532,0,0.012794742974309825,0.572569295108708,0,1
EVT-04533,0,0.0029754526414574904,0.030024826056421594,0,0
EVT-04534,0,0.028541250789155384,0.41780274493742375,0,0
EVT-04535,0,0.029310982111019887,0.3503868572425555,0,0
EVT-04536,0,0.01631034258897741,0.11462267237040105,0,0
EVT-04537,0,0.012,0.2606343625697662,0,0
EVT-04538,1,0.9772713365509289,0.48864005904188773,1,0
EVT-04539,0,0.016030286282656923,0.10700214119615227,0,0
EVT-04540,0,0.0011490183456710657,0.36638077175214356,0,0
EVT-04541,1,0.9840120543839023,0.567881502289538,1,1
EVT-04542,0,0.020076336269341712,0.7430251846251615,0,1
EVT-04543,0,0.0,0.06690124454776666,0,0
EVT-04544,0,0.021247094271507106,0.32377653753067437,0,0
EVT-04545,0,0.03292534873188304,0.5839181495992809,0,1
EVT-04546,1,0.9518548086273777,0.4993250740078858,1,0
EVT-04547,0,0.013281594754115262,0.3931873734012191,0,0
EVT-04548,1,0.9691043010510002,0.5052472148347097,1,1
EVT-04549,0,0.019496093155943337,0.14305814723287993,0,0
EVT-04550,0,0.01594646955591719,0.4130869866855707,0,0
EVT-04551,0,0.0223317764594791,0.15243422788593558,0,0
EVT-04552,0,0.021353075480719495,0.5420985567381911,0,1
EVT-04553,0,0.020322686077028775,0.36300148071464955,0,0
EVT-04554,1,0.9573234308933121,0.5874258428201588,1,1
EVT-04555,0,0.02462535795311749,0.515455007616862,0,1
EVT-04556,0,0.003769468890295764,0.05892474076328817,0,0
EVT-04557,0,0.013281594754115262,0.3931873734012191,0,0
EVT-04558,0,0.023976679720170688,0.4044015843287316,0,0
EVT-04559,0,0.034624369009524744,0.602382314935049,0,1
EVT-04560,0,0.01588404329195093,0.4999548904382057,0,0
EVT-04561,0,0.0029754526414574904,0.0476872303311242,0,0
EVT-04562,0,0.02273325848746901,0.47534232256286646,0,0
EVT-04563,0,0.010135018300528636,0.4618598121460932,0,0
EVT-04564,0,0.019650054428684213,0.5061495581735611,0,1
EVT-04565,0,0.03406936809880245,0.45146954432320496,0,0
EVT-04566,0,0.016030286282656923,0.4921246339995171,0,0
EVT-04567,0,0.02042777128822621,0.44660576816021086,0,0
EVT-04568,0,0.025809717609115056,0.6615010252244269,0,1
EVT-04569,0,0.028358928898769897,0.6144211071424178,0,1
EVT-04570,0,0.022278295504808508,0.11407388519078487,0,0
EVT-04571,0,0.01838838392077949,0.32887732010997683,0,0
EVT-04572,0,0.012541495814498071,0.4600082422465248,0,0
EVT-04573,0,0.013281594754115262,0.3931873734012191,0,0
EVT-04574,0,0.0282960112179199,0.6157581023629323,0,1
EVT-04575,0,0.019708997396588518,0.4407108599382844,0,0
EVT-04576,1,0.5077591417750182,0.6370890936177408,1,1
EVT-04577,0,0.005279692005943652,0.2939016981812846,0,0
EVT-04578,0,0.028358928898769897,0.6144211071424178,0,1
EVT-04579,0,0.029547405621145897,0.20272583078169465,0,0
EVT-04580,1,0.9043630469037865,0.2478098600203849,1,0
EVT-04581,0,0.01646908862386333,0.49666180551497546,0,0
EVT-04582,0,0.03882727488943638,0.6591134377869937,0,1
EVT-04583,1,0.9727893541570721,0.5842623674676831,1,1
EVT-04584,0,0.005673612954430005,0.03719194820569662,0,0
EVT-04585,0,0.017342221159712606,0.5516165655864345,0,1
EVT-04586,0,0.03520286367506429,0.6509039830562298,0,1
EVT-04587,1,0.9804573058970079,0.634689900430826,1,1
EVT-04588,0,0.021740786466552243,0.345462131071696,0,0
EVT-04589,0,0.026216286048582674,0.3083058533120379,0,0
EVT-04590,1,0.9736559438493325,0.4618598121460932,1,0
EVT-04591,1,0.9509934781263424,0.5122172833024965,1,1
EVT-04592,0,0.01838838392077949,0.32887732010997683,0,0
EVT-04593,1,0.9156971367755949,0.6661174423179758,1,1
EVT-04594,1,0.7874050251445807,0.6333143686069893,1,1
EVT-04595,0,0.0036197042848161026,0.24576896350578964,0,0
EVT-04596,0,0.02216612521774801,0.3768387349357947,0,0
EVT-04597,0,0.017310995217358165,0.057390033455162276,0,0
EVT-04598,0,0.0029754526414574904,0.030024826056421594,0,0
EVT-04599,0,0.03403912216444739,0.5130579681787595,0,1
EVT-04600,0,0.0223317764594791,0.44792905154889867,0,0
EVT-04601,0,0.013327194157225488,0.2827013813119667,0,0
EVT-04602,0,0.03012474470671336,0.2608494585258251,0,0
EVT-04603,0,0.0036197042848161026,0.24576896350578964,0,0
EVT-04604,0,0.0014957578296847197,0.528496751551109,0,1
EVT-04605,0,0.02522383565760267,0.11661425599847075,0,0
EVT-04606,0,0.0029754526414574904,0.03583725499605301,0,0
EVT-04607,0,0.01197435460608546,0.3144826132998734,0,0
EVT-04608,0,0.020895617732759716,0.45907107006633147,0,0
EVT-04609,1,0.9735225414205343,0.6658733845025538,1,1
EVT-04610,0,0.02674431050194675,0.4993250740078858,0,0
EVT-04611,0,0.003866936571761476,0.2948549362580946,0,0
EVT-04612,0,0.014666807055174452,0.4622451647491098,0,0
EVT-04613,0,0.03292534873188304,0.5839181495992809,0,1
EVT-04614,0,0.020034408692543113,0.07641511939960118,0,0
EVT-04615,0,0.2387854943345959,0.5874258428201588,0,1
EVT-04616,0,0.019548290171225068,0.3595797937292251,0,0
EVT-04617,1,0.754746047149715,0.36300148071464955,1,0
EVT-04618,0,0.03736154388950589,0.6009928133501509,0,1
EVT-04619,0,0.03736154388950589,0.5110937516777692,0,1
EVT-04620,0,0.0,0.040922988822025726,0,0
EVT-04621,0,0.017310995217358165,0.057390033455162276,0,0
EVT-04622,0,0.009286591306971076,0.06261285169382573,0,0
EVT-04623,0,0.0,0.03112573705639369,0,0
EVT-04624,0,0.011915001729396135,0.1457113142486302,0,0
EVT-04625,0,0.018862719781965173,0.3841388595910212,0,0
EVT-04626,0,0.008723985356306422,0.05405051554699415,0,0
EVT-04627,0,0.016030286282656923,0.4921246339995171,0,0
EVT-04628,0,0.02216612521774801,0.3768387349357947,0,0
EVT-04629,0,0.029310982111019887,0.6360393982099184,0,1
EVT-04630,0,0.022545431979209968,0.42553170958922476,0,0
EVT-04631,0,0.010135018300528636,0.4618598121460932,0,0
EVT-04632,0,0.0,0.014811312899362966,0,0
EVT-04633,0,0.020034408692543113,0.4169429941693168,0,0
EVT-04634,0,0.014666807055174452,0.4622451647491098,0,0
EVT-04635,1,0.9923664137344371,0.39765968802650886,1,0
EVT-04636,1,0.960967192195733,0.44861975814386895,1,0
EVT-04637,0,0.029310982111019887,0.3503868572425555,0,0
EVT-04638,1,0.977709518571486,0.3841388595910212,1,0
EVT-04639,0,0.028358928898769897,0.4844113548023451,0,0
EVT-04640,0,0.02674431050194675,0.4993250740078858,0,0
EVT-04641,0,0.004064705117212539,0.020471400260052043,0,0
EVT-04642,0,0.017393718922152752,0.11896664599656351,0,0
EVT-04643,0,0.028591231263572003,0.4594299697758709,0,0
EVT-04644,0,0.021005282387554315,0.43739277547060434,0,0
EVT-04645,0,0.01170536912190702,0.3820258101436988,0,0
EVT-04646,0,0.004064705117212539,0.3284897077103409,0,0
EVT-04647,0,0.0029754526414574904,0.03583725499605301,0,0
EVT-04648,0,0.008723985356306422,0.05405051554699415,0,0
EVT-04649,0,0.016030286282656923,0.4921246339995171,0,0
EVT-04650,0,0.01324579571065539,0.08823278801977295,0,0
EVT-04651,0,0.0031242664895844287,0.07867845648437552,0,0
EVT-04652,1,0.872703203641039,0.10131397911120596,1,0
EVT-04653,0,0.03111091324343743,0.7359701441174481,0,1
EVT-04654,0,0.03292534873188304,0.5839181495992809,0,1
EVT-04655,0,0.003769468890295764,0.05892474076328817,0,0
EVT-04656,0,0.03736154388950589,0.5110937516777692,0,1
EVT-04657,0,0.022278295504808508,0.33290090124712096,0,0
EVT-04658,0,0.01170536912190702,0.3820258101436988,0,0
EVT-04659,0,0.030368610443286325,0.596738869448946,0,1
EVT-04660,0,0.030827274889436387,0.6591134377869937,0,1
EVT-04661,0,0.018900236466345626,0.06617964618054309,0,0
EVT-04662,0,0.030827274889436387,0.6591134377869937,0,1
EVT-04663,0,0.014666807055174452,0.13498331772519667,0,0
EVT-04664,1,0.988182466954262,0.7029130162730981,1,1
EVT-04665,0,0.01170536912190702,0.3820258101436988,0,0
EVT-04666,0,0.004064705117212539,0.3284897077103409,0,0
EVT-04667,0,0.01838838392077949,0.32887732010997683,0,0
EVT-04668,0,0.01679200751654846,0.6370890936177408,0,1
EVT-04669,0,0.0153263713211101,0.06667563505005417,0,0
EVT-04670,0,0.030368610443286325,0.596738869448946,0,1
EVT-04671,0,0.020895617732759716,0.4900617792324253,0,0
EVT-04672,0,0.02612474470671336,0.09348108080549652,0,0
EVT-04673,0,0.014135385268065136,0.3604379512872545,0,0
EVT-04674,0,0.017065523856643557,0.6842229689048035,0,1
EVT-04675,0,0.0230037751412662,0.11952807413638886,0,0
EVT-04676,0,0.02273325848746901,0.4602242746924131,0,0
EVT-04677,0,0.015867366061569844,0.5122172833024965,0,1
EVT-04678,0,0.026593468218482005,0.5519763232014909,0,1
EVT-04679,0,0.02325541645806789,0.15547669657746888,0,0
EVT-04680,0,0.04213538146085845,0.5677899369839104,0,1
EVT-04681,1,0.9594634766544708,0.5763460232468229,1,1
EVT-04682,0,0.016541250789155384,0.41780274493742375,0,0
EVT-04683,0,0.016030286282656923,0.10700214119615227,0,0
EVT-04684,1,0.970328225649258,0.550431609878396,1,1
EVT-04685,0,0.030625774950976917,0.5842623674676831,0,1
EVT-04686,0,0.023976679720170688,0.4044015843287316,0,0
EVT-04687,0,0.03403912216444739,0.5130579681787595,0,1
EVT-04688,1,0.9739230953812219,0.6074830790703438,1,1
EVT-04689,0,0.021740786466552243,0.345462131071696,0,0
EVT-04690,0,0.02989246128936821,0.634689900430826,0,1
EVT-04691,0,0.03343179221557956,0.6710370723215744,0,1
EVT-04692,0,0.008092699985070725,0.5713998674312024,0,1
EVT-04693,0,0.026216286048582674,0.10498379718457515,0,0
EVT-04694,0,0.026166914445329755,0.32970435041208684,0,0
EVT-04695,0,0.026225962287286277,0.6658733845025538,0,1
EVT-04696,1,0.9594711686988338,0.6360393982099184,1,1
EVT-04697,1,0.9486802644737654,0.11408992427209261,1,0
EVT-04698,0,0.014666807055174452,0.4622451647491098,0,0
EVT-04699,0,0.03345308657763353,0.13604025400954337,0,0
EVT-04700,0,0.0014957578296847197,0.043806517780935805,0,0
EVT-04701,0,0.02674431050194675,0.4993250740078858,0,0
EVT-04702,0,0.020034408692543113,0.4169429941693168,0,0
EVT-04703,0,0.023806783197126834,0.1825256858497815,0,0
EVT-04704,0,0.009058979217858181,0.4419251898090802,0,0
EVT-04705,0,0.02674431050194675,0.4993250740078858,0,0
EVT-04706,0,0.011915001729396135,0.5627330531145203,0,1
EVT-04707,0,0.01197435460608546,0.3144826132998734,0,0
EVT-04708,0,0.029310982111019887,0.3503868572425555,0,0
EVT-04709,0,0.38607350171287,0.5315831003958744,0,1
EVT-04710,0,0.007959584488665114,0.34218341208908165,0,0
EVT-04711,0,0.01646908862386333,0.5928157412386904,0,1
EVT-04712,0,0.01950973475027551,0.5120521389508366,0,1
EVT-04713,0,0.021241000832888355,0.5168687129757308,0,1
EVT-04714,0,0.030459960292194874,0.48864005904188773,0,0
EVT-04715,1,0.9772713365509289,0.6839549512227512,1,1
EVT-04716,0,0.015756972512951304,0.133890934280506,0,0
EVT-04717,0,0.030827274889436387,0.6591134377869937,0,1
EVT-04718,0,0.021005282387554315,0.43739277547060434,0,0
EVT-04719,0,0.016365278299665952,0.29124893416638836,0,0
EVT-04720,0,0.0005507134593135363,0.01711914498121788,0,0
EVT-04721,0,0.005927679533716403,0.49266357819155315,0,0
EVT-04722,1,0.9284818477727915,0.644225782163018,1,1
EVT-04723,0,0.02617918565066918,0.5243087591645128,0,1
EVT-04724,0,0.0223317764594791,0.15243422788593558,0,0
EVT-04725,0,0.019548290171225068,0.3595797937292251,0,0
EVT-04726,0,0.029547405621145897,0.20272583078169465,0,0
EVT-04727,0,0.018862719781965173,0.3841388595910212,0,0
EVT-04728,0,0.02154483128754622,0.5253366465818026,0,1
EVT-04729,0,0.029547405621145897,0.5062132067790412,0,1
EVT-04730,0,0.003532386546896002,0.02302240924314224,0,0
EVT-04731,0,0.019818750813085106,0.5544181490508308,0,1
EVT-04732,0,0.0029754526414574904,0.03583725499605301,0,0
EVT-04733,0,0.0018984342780400303,0.061930712424138924,0,0
EVT-04734,0,0.01170536912190702,0.3820258101436988,0,0
EVT-04735,0,0.013496421357886056,0.567881502289538,0,1
EVT-04736,0,0.02613188070758775,0.3211224204240983,0,0
EVT-04737,1,0.9547269276802062,0.43813958057197017,1,0
EVT-04738,0,0.017516626270912085,0.0752535822099249,0,0
EVT-04739,0,0.016525205373604693,0.3826825152927904,0,0
EVT-04740,0,0.030117019508269297,0.4639854186769713,0,0
EVT-04741,1,0.9823251209069613,0.5544181490508308,1,1
EVT-04742,0,0.005927679533716403,0.5439004935824585,0,1
EVT-04743,0,0.029547405621145897,0.5062132067790412,0,1
EVT-04744,0,0.019650054428684213,0.5061495581735611,0,1
EVT-04745,0,0.46389518785309714,0.6710370723215744,0,1
EVT-04746,0,0.003769468890295764,0.05892474076328817,0,0
EVT-04747,0,0.016541250789155384,0.41780274493742375,0,0
EVT-04748,0,0.0223317764594791,0.44792905154889867,0,0
EVT-04749,0,0.02612474470671336,0.09348108080549652,0,0
EVT-04750,0,0.23769267305694194,0.020471400260052043,0,0
EVT-04751,0,0.02273325848746901,0.47534232256286646,0,0
EVT-04752,0,0.02323227228741882,0.18529733640018398,0,0
EVT-04753,0,0.015526265543772885,0.35119270418380627,0,0
EVT-04754,1,0.988182466954262,0.6842229689048035,1,1
EVT-04755,0,0.026593468218482005,0.5519763232014909,0,1
EVT-04756,0,0.017516626270912085,0.10922127381795607,0,0
EVT-04757,0,0.030117019508269297,0.2497458193057644,0,0
EVT-04758,0,0.019496093155943337,0.14305814723287993,0,0
EVT-04759,0,0.016954274473035,0.42943649605461776,0,0
EVT-04760,1,0.9731412067438752,0.6291987102289129,1,1
EVT-04761,1,0.8948113905908939,0.13604025400954337,1,0
EVT-04762,0,0.005673612954430005,0.03719194820569662,0,0
EVT-04763,0,0.022545431979209968,0.42553170958922476,0,0
EVT-04764,0,0.010135018300528636,0.5176791447669556,0,1
EVT-04765,0,0.0029754526414574904,0.03583725499605301,0,0
EVT-04766,0,0.020322686077028775,0.36300148071464955,0,0
EVT-04767,0,0.028308737186860406,0.4577540173730049,0,0
EVT-04768,0,0.01324579571065539,0.5315831003958744,0,1
EVT-04769,0,0.02323227228741882,0.5725849769484328,0,1
EVT-04770,0,0.003532386546896002,0.26179267899884295,0,0
EVT-04771,0,0.02617918565066918,0.5243087591645128,0,1
EVT-04772,0,0.021740786466552243,0.3940915082801179,0,0
EVT-04773,0,0.0,0.03210400075510196,0,0
EVT-04774,0,0.013496421357886056,0.567881502289538,0,1
EVT-04775,0,0.0029770336972639927,0.28669811956081986,0,0
EVT-04776,0,0.016030286282656923,0.4921246339995171,0,0
EVT-04777,0,0.03241581589890012,0.37122917458979743,0,0
EVT-04778,0,0.005530981465338206,0.09538685982664814,0,0
EVT-04779,0,0.005786291410471153,0.43662321093898615,0,0
EVT-04780,0,0.014135385268065136,0.3604379512872545,0,0
EVT-04781,0,0.04213538146085845,0.5677899369839104,0,1
EVT-04782,0,0.008810857824550827,0.5011010133132475,0,1
EVT-04783,0,0.02042777128822621,0.44660576816021086,0,0
EVT-04784,0,0.03345308657763353,0.13604025400954337,0,0
EVT-04785,0,0.018046330721281846,0.5483094267064336,0,1
EVT-04786,0,0.014135385268065136,0.3604379512872545,0,0
EVT-04787,1,0.5146999871785298,0.5660970573644648,1,1
EVT-04788,0,0.014135385268065136,0.3604379512872545,0,0
EVT-04789,0,0.02867431019369501,0.3289025481080631,0,0
EVT-04790,0,0.018862719781965173,0.3841388595910212,0,0
EVT-04791,0,0.02867431019369501,0.3289025481080631,0,0
EVT-04792,0,0.3591098596485768,0.7666224596986625,0,1
EVT-04793,0,0.02802465666363816,0.3311772409984243,0,0
EVT-04794,0,0.26879256813663305,0.15547669657746888,0,0
EVT-04795,0,0.021005282387554315,0.43739277547060434,0,0
EVT-04796,0,0.034624369009524744,0.602382314935049,0,1
EVT-04797,0,0.025595167795770486,0.5081346380981684,0,1
EVT-04798,0,0.016954274473035,0.1434365098383412,0,0
EVT-04799,0,0.008723985356306422,0.05405051554699415,0,0
EVT-04800,1,0.958692506107435,0.5117164217179826,1,1
EVT-04801,0,0.05141662608841551,0.1358759049509317,0,0
EVT-04802,0,0.02674431050194675,0.4993250740078858,0,0
EVT-04803,0,0.011169663358659812,0.08259849325073083,0,0
EVT-04804,0,0.030368610443286325,0.596738869448946,0,1
EVT-04805,0,0.0282960112179199,0.6157581023629323,0,1
EVT-04806,0,0.0,0.2606343625697662,0,0
EVT-04807,0,0.0011490183456710657,0.36638077175214356,0,0
EVT-04808,0,0.030117019508269297,0.4639854186769713,0,0
EVT-04809,0,0.020322686077028775,0.36300148071464955,0,0
EVT-04810,0,0.0036197042848161026,0.015615462476982644,0,0
EVT-04811,0,0.0029754526414574904,0.03583725499605301,0,0
EVT-04812,0,0.021241000832888355,0.5168687129757308,0,1
EVT-04813,0,0.003092731995652981,0.2993670295745915,0,0
EVT-04814,0,0.020630444749574126,0.31726369607209315,0,0
EVT-04815,0,0.005279692005943652,0.2939016981812846,0,0
EVT-04816,0,0.026225962287286277,0.1446345158535491,0,0
EVT-04817,0,0.008092699985070725,0.5713998674312024,0,1
EVT-04818,1,0.943549896745505,0.3940915082801179,1,0
EVT-04819,0,0.02323227228741882,0.5725849769484328,0,1
EVT-04820,0,0.0,0.03210400075510196,0,0
EVT-04821,1,0.9741323114492378,0.4625814311333651,1,0
EVT-04822,0,0.034624369009524744,0.602382314935049,0,1
EVT-04823,0,0.023976679720170688,0.4044015843287316,0,0
EVT-04824,1,0.9860974459291149,0.6442644379036971,1,1
EVT-04825,0,0.020630444749574126,0.31726369607209315,0,0
EVT-04826,0,0.017342221159712606,0.4793937995901112,0,0
EVT-04827,0,0.02617918565066918,0.5243087591645128,0,1
EVT-04828,0,0.0153383056325396,0.5716504335309655,0,1
EVT-04829,0,0.024115126128656572,0.19794630012591286,0,0
EVT-04830,0,0.012794742974309825,0.572569295108708,0,1
EVT-04831,0,0.0282960112179199,0.5052472148347097,0,1
EVT-04832,1,0.8617415454727899,0.602382314935049,1,1
EVT-04833,0,0.014666807055174452,0.4622451647491098,0,0
EVT-04834,0,0.02617918565066918,0.5243087591645128,0,1
EVT-04835,1,0.9640765392450963,0.5677899369839104,1,1
EVT-04836,0,0.023806783197126834,0.1825256858497815,0,0
EVT-04837,0,0.021247094271507106,0.49097732290173557,0,0
EVT-04838,0,0.012541495814498071,0.4600082422465248,0,0
EVT-04839,0,0.008810857824550827,0.5011010133132475,0,1
EVT-04840,0,0.018900236466345626,0.06617964618054309,0,0
EVT-04841,0,0.019496093155943337,0.14305814723287993,0,0
EVT-04842,0,0.005673612954430005,0.03719194820569662,0,0
EVT-04843,0,0.018862719781965173,0.7010233959649186,0,1
EVT-04844,0,0.0323405059374841,0.42942623161531746,0,0
EVT-04845,0,0.02613188070758775,0.40418468620283304,0,0
EVT-04846,0,0.010620574513352132,0.4961257073786462,0,0
EVT-04847,0,0.010620574513352132,0.4961257073786462,0,0
EVT-04848,0,0.02042777128822621,0.3958963311027148,0,0
EVT-04849,1,0.9727893541570721,0.5842623674676831,1,1
EVT-04850,0,0.03111091324343743,0.6794185491010917,0,1
EVT-04851,0,0.04213538146085845,0.5677899369839104,0,1
EVT-04852,0,0.017342221159712606,0.4793937995901112,0,0
EVT-04853,0,0.003092731995652981,0.2993670295745915,0,0
EVT-04854,0,0.020034408692543113,0.4169429941693168,0,0
EVT-04855,0,0.004985823234418422,0.06529391009453986,0,0
EVT-04856,1,0.9875891355605497,0.5713998674312024,1,1
EVT-04857,0,0.03310256525346667,0.21932973553468654,0,0
EVT-04858,0,0.026335018024927825,0.40542149172416886,0,0
EVT-04859,1,0.9783251209069614,0.5544181490508308,1,1
EVT-04860,0,0.03840118759395123,0.4007076003699891,0,0
EVT-04861,1,0.9846430597418315,0.4793937995901112,1,0
EVT-04862,0,0.3080188856264171,0.3348302023239468,0,0
EVT-04863,0,0.02384926214920388,0.6333143686069893,0,1
EVT-04864,0,0.21497733146245285,0.030024826056421594,0,0
EVT-04865,0,0.01170536912190702,0.3820258101436988,0,0
EVT-04866,0,0.026166914445329755,0.32970435041208684,0,0
EVT-04867,0,0.01588404329195093,0.4999548904382057,0,0
EVT-04868,0,0.005279692005943652,0.07460349116045176,0,0
EVT-04869,0,0.027204970724302086,0.6291987102289129,0,1
EVT-04870,0,0.026593468218482005,0.5519763232014909,0,1
EVT-04871,1,0.9701380061200735,0.515455007616862,1,1
EVT-04872,0,0.02612474470671336,0.2608494585258251,0,0
EVT-04873,0,0.02802465666363816,0.3311772409984243,0,0
EVT-04874,0,0.021247094271507106,0.32377653753067437,0,0
EVT-04875,1,0.9823251209069613,0.7051528176021419,1,1
EVT-04876,0,0.0,0.014811312899362966,0,0
EVT-04877,0,0.021740786466552243,0.345462131071696,0,0
EVT-04878,0,0.017310995217358165,0.06572878723045547,0,0
EVT-04879,0,0.020034408692543113,0.07641511939960118,0,0
EVT-04880,0,0.017310995217358165,0.06572878723045547,0,0
EVT-04881,0,0.015782834309343567,0.47694982073617886,0,0
EVT-04882,0,0.017342221159712606,0.4793937995901112,0,0
EVT-04883,0,0.01170536912190702,0.11408992427209261,0,0
EVT-04884,0,0.012541495814498071,0.19636781429817216,0,0
EVT-04885,0,0.0018984342780400303,0.061930712424138924,0,0
EVT-04886,0,0.01954697255726736,0.3731687313916801,0,0
EVT-04887,0,0.009286591306971076,0.06261285169382573,0,0
EVT-04888,0,0.020076336269341712,0.49222545163257175,0,0
EVT-04889,0,0.015782834309343567,0.47694982073617886,0,0
EVT-04890,0,0.016030286282656923,0.4921246339995171,0,0
EVT-04891,0,0.004064705117212539,0.3284897077103409,0,0
EVT-04892,0,0.012794742974309825,0.7153884428277311,0,1
EVT-04893,0,0.01954697255726736,0.3731687313916801,0,0
EVT-04894,0,0.0282960112179199,0.6157581023629323,0,1
EVT-04895,0,0.0029770336972639927,0.28669811956081986,0,0
EVT-04896,1,0.963518293917948,0.42943649605461776,1,0
EVT-04897,0,0.022890802596805836,0.6074830790703438,0,1
EVT-04898,0,0.03111091324343743,0.6794185491010917,0,1
EVT-04899,0,0.010135018300528636,0.4618598121460932,0,0
EVT-04900,0,0.018862719781965173,0.3841388595910212,0,0
EVT-04901,0,0.023704190226757012,0.18410677986680693,0,0
EVT-04902,0,0.02802465666363816,0.3311772409984243,0,0
EVT-04903,0,0.0,0.014811312899362966,0,0
EVT-04904,0,0.025595167795770486,0.5081346380981684,0,1
EVT-04905,0,0.020322686077028775,0.36300148071464955,0,0
EVT-04906,0,0.016954274473035,0.42943649605461776,0,0
EVT-04907,1,0.9882207863413058,0.572569295108708,1,1
EVT-04908,0,0.0,0.06511766529921091,0,0
EVT-04909,0,0.026225962287286277,0.6658733845025538,0,1
EVT-04910,0,0.02989246128936821,0.634689900430826,0,1
EVT-04911,1,0.9882207863413058,0.572569295108708,1,1
EVT-04912,0,0.0223317764594791,0.44792905154889867,0,0
EVT-04913,0,0.026166914445329755,0.32970435041208684,0,0
EVT-04914,0,0.016954274473035,0.42943649605461776,0,0
EVT-04915,0,0.001012406947890819,0.3246412894699199,0,0
EVT-04916,0,0.005279692005943652,0.2939016981812846,0,0
EVT-04917,0,0.013327937484700849,0.29390375114044764,0,0
EVT-04918,0,0.030459960292194874,0.6839549512227512,0,1
EVT-04919,0,0.02989246128936821,0.634689900430826,0,1
EVT-04920,0,0.030117019508269297,0.4639854186769713,0,0
EVT-04921,0,0.030117019508269297,0.4639854186769713,0,0
EVT-04922,0,0.016030286282656923,0.4921246339995171,0,0
EVT-04923,0,0.016954274473035,0.42943649605461776,0,0
EVT-04924,0,0.030368610443286325,0.589574460765222,0,1
EVT-04925,0,0.02323227228741882,0.5725849769484328,0,1
EVT-04926,0,0.008092699985070725,0.5713998674312024,0,1
EVT-04927,0,0.01631034258897741,0.550431609878396,0,1
EVT-04928,0,0.005673612954430005,0.03719194820569662,0,0
EVT-04929,0,0.22818778114204125,0.3154992691152062,0,0
EVT-04930,0,0.01838838392077949,0.32887732010997683,0,0
EVT-04931,0,0.003511431446827566,0.46912463952975936,0,0
EVT-04932,1,0.9788611080347773,0.6144211071424178,1,1
EVT-04933,0,0.029310982111019887,0.3503868572425555,0,0
EVT-04934,0,0.03310256525346667,0.21932973553468654,0,0
EVT-04935,0,0.04213538146085845,0.5677899369839104,0,1
EVT-04936,0,0.016954274473035,0.42943649605461776,0,0
EVT-04937,0,0.024972918158496542,0.35575869018170225,0,0
EVT-04938,1,0.9823088323043462,0.5120521389508366,1,1
EVT-04939,0,0.01324579571065539,0.5315831003958744,0,1
EVT-04940,0,0.04213538146085845,0.5308120892117892,0,1
EVT-04941,0,0.025313115115326097,0.4574284909270434,0,0
EVT-04942,1,0.9584610561681044,0.4594299697758709,1,0
EVT-04943,0,0.03310256525346667,0.21932973553468654,0,0
EVT-04944,0,0.01394232870046732,0.5569802626800751,0,1
EVT-04945,0,0.01631034258897741,0.550431609878396,0,1
EVT-04946,1,0.9604292641483058,0.5062132067790412,1,1
EVT-04947,0,0.03310256525346667,0.48998486024703874,0,0
EVT-04948,0,0.026593468218482005,0.08613195870918096,0,0
EVT-04949,0,0.03736154388950589,0.5110937516777692,0,1
EVT-04950,0,0.016954274473035,0.1434365098383412,0,0
EVT-04951,0,0.019496093155943337,0.4086260879704496,0,0
EVT-04952,0,0.010661932709780818,0.09720088212684751,0,0
EVT-04953,0,0.016365278299665952,0.10182129959729623,0,0
EVT-04954,0,0.02384926214920388,0.5424388347549982,0,1
EVT-04955,1,0.9758671899636495,0.5715766740999395,1,1
EVT-04956,0,0.005530981465338206,0.09538685982664814,0,0
EVT-04957,0,0.025578592513123534,0.5939786580429977,0,1
EVT-04958,0,0.0,0.2606343625697662,0,0
EVT-04959,0,0.01394232870046732,0.11938328782763177,0,0
EVT-04960,0,0.013327194157225488,0.2827013813119667,0,0
EVT-04961,0,0.02674431050194675,0.4993250740078858,0,0
EVT-04962,0,0.026335018024927825,0.6618232883037343,0,1
EVT-04963,0,0.029547405621145897,0.5062132067790412,0,1
EVT-04964,1,0.9734437792024649,0.49266357819155315,1,0
EVT-04965,0,0.015782834309343567,0.47694982073617886,0,0
EVT-04966,0,0.0,0.06690124454776666,0,0
EVT-04967,0,0.009058979217858181,0.4419251898090802,0,0
EVT-04968,1,0.9482299286701816,0.5168687129757308,1,1
EVT-04969,1,0.8216823741659958,0.28669811956081986,1,0
EVT-04970,0,0.0323405059374841,0.42942623161531746,0,0
EVT-04971,0,0.017516626270912085,0.0752535822099249,0,0
EVT-04972,0,0.03406936809880245,0.47926436610027434,0,0
EVT-04973,0,0.014666807055174452,0.5109259141513496,0,1
EVT-04974,0,0.003092731995652981,0.2993670295745915,0,0
EVT-04975,0,0.034316113950936866,0.050127641735245074,0,0
EVT-04976,0,0.011169663358659812,0.08259849325073083,0,0
EVT-04977,0,0.0031242664895844287,0.09680679261795623,0,0
EVT-04978,0,0.016925299056338584,0.4467423856268551,0,0
EVT-04979,0,0.02462535795311749,0.4528245460488708,0,0
EVT-04980,0,0.0153383056325396,0.5716504335309655,0,1
EVT-04981,0,0.017516626270912085,0.0752535822099249,0,0
EVT-04982,0,0.010661932709780818,0.5874258428201588,0,1
EVT-04983,0,0.01197435460608546,0.40934072575651576,0,0
EVT-04984,0,0.016365278299665952,0.29124893416638836,0,0
EVT-04985,0,0.020895617732759716,0.4900617792324253,0,0
EVT-04986,0,0.010661932709780818,0.5874258428201588,0,1
EVT-04987,0,0.008810857824550827,0.407750160885735,0,0
EVT-04988,0,0.018900236466345626,0.10131397911120596,0,0
EVT-04989,0,0.0029770336972639927,0.28669811956081986,0,0
EVT-04990,0,0.019496093155943337,0.14305814723287993,0,0
EVT-04991,0,0.010661932709780818,0.5874258428201588,0,1
EVT-04992,0,0.032671682661108675,0.7666224596986625,0,1
EVT-04993,0,0.021247094271507106,0.32377653753067437,0,0
EVT-04994,0,0.026335018024927825,0.40542149172416886,0,0
EVT-04995,0,0.004815588664957366,0.09314729666919548,0,0
EVT-04996,0,0.01631034258897741,0.550431609878396,0,1
EVT-04997,0,0.028591231263572003,0.4594299697758709,0,0
EVT-04998,0,0.02372097725612316,0.43813958057197017,0,0
EVT-04999,1,0.9461380061200736,0.515455007616862,1,1
EVT-05000,0,0.020630444749574126,0.31726369607209315,0,0
