event_id,predicted_high_risk,predicted_probability,ai_risk_score
EVT-00001,0,0.017220811199722408,1.72
EVT-00002,0,0.009213457192264617,0.92
EVT-00003,0,0.014447958040568238,1.44
EVT-00004,1,0.7761267771422895,77.61
EVT-00005,1,0.8405788234886578,84.06
EVT-00006,0,0.016101857847479757,1.61
EVT-00007,0,0.013218888737116534,1.32
EVT-00008,0,0.007849889499721227,0.78
EVT-00009,0,0.013042286474735125,1.3
EVT-00010,0,0.01618316999222503,1.62
EVT-00011,0,0.012581214397453183,1.26
EVT-00012,0,0.009071591591659392,0.91
EVT-00013,0,0.016784753803907045,1.68
EVT-00014,0,0.013174861439817932,1.32
EVT-00015,0,0.01409556919761575,1.41
EVT-00016,0,0.01001138143243648,1.0
EVT-00017,0,0.4562288962731062,45.62
EVT-00018,0,0.006141923023741647,0.61
EVT-00019,0,0.01940374160699722,1.94
EVT-00020,0,0.011738728390316259,1.17
EVT-00021,1,0.8002035949299762,80.02
EVT-00022,0,0.01618316999222503,1.62
EVT-00023,0,0.0114674252253984,1.15
EVT-00024,0,0.008723247210474263,0.87
EVT-00025,0,0.009098160144125702,0.91
EVT-00026,0,0.009323993600741048,0.93
EVT-00027,0,0.012527670519106183,1.25
EVT-00028,0,0.012092312773702592,1.21
EVT-00029,0,0.013077035635614088,1.31
EVT-00030,0,0.00801253288671569,0.8
EVT-00031,0,0.009804157654742312,0.98
EVT-00032,0,0.01968796935465505,1.97
EVT-00033,0,0.009047605255992616,0.9
EVT-00034,0,0.01408875754196468,1.41
EVT-00035,0,0.006285120807829549,0.63
EVT-00036,0,0.009323993600741048,0.93
EVT-00037,0,0.011133888758696593,1.11
EVT-00038,0,0.017193492060182135,1.72
EVT-00039,0,0.010582585583379227,1.06
EVT-00040,0,0.01209664668722064,1.21
EVT-00041,0,0.015778085681849154,1.58
EVT-00042,0,0.014517372902574292,1.45
EVT-00043,0,0.006285120807829549,0.63
EVT-00044,0,0.012694242461115399,1.27
EVT-00045,0,0.007249397432629287,0.72
EVT-00046,0,0.014568872720774551,1.46
EVT-00047,0,0.009071591591659392,0.91
EVT-00048,0,0.011289830407094274,1.13
EVT-00049,0,0.006285120807829549,0.63
EVT-00050,0,0.01257077400172978,1.26
EVT-00051,0,0.020606235473508504,2.06
EVT-00052,0,0.02010423974027635,2.01
EVT-00053,1,0.775331102403036,77.53
EVT-00054,0,0.01001138143243648,1.0
EVT-00055,0,0.012581214397453183,1.26
EVT-00056,0,0.008941142552473406,0.89
EVT-00057,0,0.01914195277154842,1.91
EVT-00058,0,0.007849889499721227,0.78
EVT-00059,0,0.04379731720807683,4.38
EVT-00060,0,0.016497924243663982,1.65
EVT-00061,0,0.012499951785475165,1.25
EVT-00062,0,0.019136008427762433,1.91
EVT-00063,0,0.01617909965464682,1.62
EVT-00064,0,0.012527670519106183,1.25
EVT-00065,0,0.012527670519106183,1.25
EVT-00066,0,0.012006646286903174,1.2
EVT-00067,0,0.015140213168613388,1.51
EVT-00068,0,0.017419571468568082,1.74
EVT-00069,0,0.014535700172747025,1.45
EVT-00070,0,0.01135967560443339,1.14
EVT-00071,0,0.016497924243663982,1.65
EVT-00072,0,0.016359358011079107,1.64
EVT-00073,0,0.01409556919761575,1.41
EVT-00074,0,0.010289653052403144,1.03
EVT-00075,0,0.010907627905855522,1.09
EVT-00076,0,0.011081503036264002,1.11
EVT-00077,0,0.012694242461115399,1.27
EVT-00078,1,0.8436870354340079,84.37
EVT-00079,0,0.014089808740924449,1.41
EVT-00080,0,0.016567368773094025,1.66
EVT-00081,0,0.01914195277154842,1.91
EVT-00082,0,0.013218888737116534,1.32
EVT-00083,0,0.015213009694065483,1.52
EVT-00084,0,0.0059401778868638,0.59
EVT-00085,0,0.006285120807829549,0.63
EVT-00086,0,0.012342914346945335,1.23
EVT-00087,0,0.009990375676748143,1.0
EVT-00088,0,0.012006646286903174,1.2
EVT-00089,0,0.023054182509047595,2.31
EVT-00090,0,0.009280488643330788,0.93
EVT-00091,0,0.012559180048639281,1.26
EVT-00092,1,0.7825500360755651,78.26
EVT-00093,0,0.020606235473508504,2.06
EVT-00094,0,0.012342914346945335,1.23
EVT-00095,0,0.014965089331211509,1.5
EVT-00096,0,0.00967618892649975,0.97
EVT-00097,0,0.016101857847479757,1.61
EVT-00098,0,0.00511256213545756,0.51
EVT-00099,0,0.01239996451898929,1.24
EVT-00100,0,0.012092312773702592,1.21
EVT-00101,0,0.012559180048639281,1.26
EVT-00102,0,0.01717057061238201,1.72
EVT-00103,0,0.015282450810914268,1.53
EVT-00104,0,0.01717057061238201,1.72
EVT-00105,0,0.01940374160699722,1.94
EVT-00106,0,0.015213009694065483,1.52
EVT-00107,0,0.012342914346945335,1.23
EVT-00108,0,0.01170976792122393,1.17
EVT-00109,0,0.005215422246876786,0.52
EVT-00110,0,0.017900834456068562,1.79
EVT-00111,1,0.8277111636426336,82.77
EVT-00112,0,0.012240563858320211,1.22
EVT-00113,0,0.016856172618669164,1.69
EVT-00114,0,0.010582585583379227,1.06
EVT-00115,0,0.01676442429665314,1.68
EVT-00116,0,0.012238949719322077,1.22
EVT-00117,0,0.014885628287173666,1.49
EVT-00118,1,0.7439849170315166,74.4
EVT-00119,0,0.011586569973449245,1.16
EVT-00120,0,0.007249397432629287,0.72
EVT-00121,0,0.01992073949236142,1.99
EVT-00122,0,0.01236904608645115,1.24
EVT-00123,0,0.011081503036264002,1.11
EVT-00124,1,0.8573089218796789,85.73
EVT-00125,0,0.009323993600741048,0.93
EVT-00126,1,0.7915382262376426,79.15
EVT-00127,0,0.015282450810914268,1.53
EVT-00128,0,0.006141923023741647,0.61
EVT-00129,1,0.8414496036638951,84.14
EVT-00130,0,0.015037240433989373,1.5
EVT-00131,0,0.012240563858320211,1.22
EVT-00132,0,0.014067278334993138,1.41
EVT-00133,0,0.01701423702571848,1.7
EVT-00134,0,0.007849889499721227,0.78
EVT-00135,0,0.015140213168613388,1.51
EVT-00136,0,0.016069295979863972,1.61
EVT-00137,0,0.016971423664841914,1.7
EVT-00138,0,0.009071591591659392,0.91
EVT-00139,0,0.013702693718721255,1.37
EVT-00140,0,0.011081503036264002,1.11
EVT-00141,0,0.017962504861407463,1.8
EVT-00142,0,0.01474968952948547,1.47
EVT-00143,1,0.7814744464153391,78.15
EVT-00144,0,0.017419571468568082,1.74
EVT-00145,0,0.00967618892649975,0.97
EVT-00146,0,0.0149493878380267,1.49
EVT-00147,0,0.0182192477245571,1.82
EVT-00148,1,0.7874310600946792,78.74
EVT-00149,1,0.7097031566926374,70.97
EVT-00150,0,0.009213457192264617,0.92
EVT-00151,0,0.01408875754196468,1.41
EVT-00152,0,0.015123279787049044,1.51
EVT-00153,0,0.015140213168613388,1.51
EVT-00154,0,0.017572734578510916,1.76
EVT-00155,0,0.016856172618669164,1.69
EVT-00156,0,0.014101711904817184,1.41
EVT-00157,0,0.0059401778868638,0.59
EVT-00158,0,0.006141923023741647,0.61
EVT-00159,0,0.006141923023741647,0.61
EVT-00160,0,0.016101857847479757,1.61
EVT-00161,0,0.011586569973449245,1.16
EVT-00162,0,0.009280488643330788,0.93
EVT-00163,0,0.0059401778868638,0.59
EVT-00164,0,0.017100715536787235,1.71
EVT-00165,0,0.012342914346945335,1.23
EVT-00166,0,0.009280488643330788,0.93
EVT-00167,0,0.012631757953755606,1.26
EVT-00168,1,0.7663110837563322,76.63
EVT-00169,0,0.01992073949236142,1.99
EVT-00170,0,0.016359358011079107,1.64
EVT-00171,0,0.015404277833995596,1.54
EVT-00172,0,0.0182192477245571,1.82
EVT-00173,0,0.005148519530488049,0.51
EVT-00174,0,0.01581795590163844,1.58
EVT-00175,0,0.014535700172747025,1.45
EVT-00176,0,0.021812639110101555,2.18
EVT-00177,0,0.013174861439817932,1.32
EVT-00178,0,0.012527670519106183,1.25
EVT-00179,0,0.020606235473508504,2.06
EVT-00180,0,0.014762883526693886,1.48
EVT-00181,0,0.017443119589428124,1.74
EVT-00182,0,0.013174861439817932,1.32
EVT-00183,0,0.01814195204465865,1.81
EVT-00184,0,0.01806342073826604,1.81
EVT-00185,0,0.014762883526693886,1.48
EVT-00186,1,0.7798209169651062,77.98
EVT-00187,0,0.01838383678253846,1.84
EVT-00188,0,0.017419571468568082,1.74
EVT-00189,0,0.01221553213356974,1.22
EVT-00190,0,0.010582585583379227,1.06
EVT-00191,0,0.016101857847479757,1.61
EVT-00192,0,0.01408875754196468,1.41
EVT-00193,0,0.01989391130752093,1.99
EVT-00194,0,0.015192202961817381,1.52
EVT-00195,0,0.01968796935465505,1.97
EVT-00196,0,0.014762883526693886,1.48
EVT-00197,0,0.01236904608645115,1.24
EVT-00198,0,0.009098160144125702,0.91
EVT-00199,0,0.011586569973449245,1.16
EVT-00200,0,0.0114674252253984,1.15
EVT-00201,0,0.016359358011079107,1.64
EVT-00202,0,0.017419571468568082,1.74
EVT-00203,1,0.8258611558669637,82.59
EVT-00204,0,0.014517372902574292,1.45
EVT-00205,1,0.7927933389980266,79.28
EVT-00206,0,0.007249397432629287,0.72
EVT-00207,0,0.019821668365091232,1.98
EVT-00208,0,0.016784753803907045,1.68
EVT-00209,0,0.017962504861407463,1.8
EVT-00210,0,0.012597344166813807,1.26
EVT-00211,0,0.017193492060182135,1.72
EVT-00212,0,0.01773117964914321,1.77
EVT-00213,0,0.0182192477245571,1.82
EVT-00214,0,0.01135967560443339,1.14
EVT-00215,0,0.013248576161198561,1.32
EVT-00216,0,0.019821668365091232,1.98
EVT-00217,0,0.012694242461115399,1.27
EVT-00218,0,0.01914195277154842,1.91
EVT-00219,0,0.012694242461115399,1.27
EVT-00220,0,0.01717057061238201,1.72
EVT-00221,0,0.012499951785475165,1.25
EVT-00222,0,0.018148646708241043,1.81
EVT-00223,1,0.7377726822591689,73.78
EVT-00224,0,0.015438768654305279,1.54
EVT-00225,0,0.012374393256485398,1.24
EVT-00226,0,0.016784753803907045,1.68
EVT-00227,0,0.02010423974027635,2.01
EVT-00228,0,0.015192202961817381,1.52
EVT-00229,0,0.015404277833995596,1.54
EVT-00230,1,0.7898237309420353,78.98
EVT-00231,0,0.004263672635527424,0.43
EVT-00232,0,0.009324382055107073,0.93
EVT-00233,0,0.0182192477245571,1.82
EVT-00234,0,0.01717057061238201,1.72
EVT-00235,0,0.01940374160699722,1.94
EVT-00236,0,0.009213457192264617,0.92
EVT-00237,0,0.012581180962331845,1.26
EVT-00238,0,0.023054182509047595,2.31
EVT-00239,0,0.011289830407094274,1.13
EVT-00240,0,0.0114674252253984,1.15
EVT-00241,0,0.01664725012675049,1.66
EVT-00242,0,0.017100715536787235,1.71
EVT-00243,0,0.012913822594738342,1.29
EVT-00244,0,0.011133888758696593,1.11
EVT-00245,0,0.010604082970688374,1.06
EVT-00246,0,0.009047605255992616,0.9
EVT-00247,0,0.01968796935465505,1.97
EVT-00248,0,0.021812639110101555,2.18
EVT-00249,1,0.8561650508061174,85.62
EVT-00250,0,0.0149493878380267,1.49
EVT-00251,0,0.017220811199722408,1.72
EVT-00252,0,0.005215422246876786,0.52
EVT-00253,1,0.8000199326807261,80.0
EVT-00254,0,0.012238949719322077,1.22
EVT-00255,0,0.012144312399955502,1.21
EVT-00256,0,0.02010423974027635,2.01
EVT-00257,0,0.009071591591659392,0.91
EVT-00258,0,0.012581180962331845,1.26
EVT-00259,0,0.01618316999222503,1.62
EVT-00260,0,0.013036250431517814,1.3
EVT-00261,0,0.016201703248057454,1.62
EVT-00262,0,0.014447958040568238,1.44
EVT-00263,0,0.015082775023667014,1.51
EVT-00264,0,0.009071591591659392,0.91
EVT-00265,1,0.8230592864150782,82.31
EVT-00266,0,0.012834470941064192,1.28
EVT-00267,0,0.0070214905343187126,0.7
EVT-00268,0,0.01409556919761575,1.41
EVT-00269,0,0.012597344166813807,1.26
EVT-00270,0,0.01236904608645115,1.24
EVT-00271,0,0.00850649286878448,0.85
EVT-00272,0,0.013321763134560596,1.33
EVT-00273,0,0.013321763134560596,1.33
EVT-00274,0,0.0182192477245571,1.82
EVT-00275,0,0.012144312399955502,1.21
EVT-00276,0,0.010223553792245222,1.02
EVT-00277,0,0.01337249175583205,1.34
EVT-00278,0,0.010223553792245222,1.02
EVT-00279,0,0.0114674252253984,1.15
EVT-00280,0,0.013148915530169709,1.31
EVT-00281,0,0.013148915530169709,1.31
EVT-00282,0,0.018448381680063207,1.84
EVT-00283,0,0.01676442429665314,1.68
EVT-00284,0,0.01806342073826604,1.81
EVT-00285,0,0.014568872720774551,1.46
EVT-00286,1,0.7898237309420353,78.98
EVT-00287,0,0.011586569973449245,1.16
EVT-00288,0,0.013042286474735125,1.3
EVT-00289,1,0.7894601104756228,78.95
EVT-00290,0,0.013036250431517814,1.3
EVT-00291,0,0.009804157654742312,0.98
EVT-00292,0,0.01001138143243648,1.0
EVT-00293,0,0.012374393256485398,1.24
EVT-00294,0,0.01814195204465865,1.81
EVT-00295,1,0.8069636008861849,80.7
EVT-00296,0,0.01992073949236142,1.99
EVT-00297,0,0.017193492060182135,1.72
EVT-00298,0,0.009324382055107073,0.93
EVT-00299,0,0.009324382055107073,0.93
EVT-00300,0,0.023570178700423737,2.36
EVT-00301,0,0.012342914346945335,1.23
EVT-00302,0,0.014067278334993138,1.41
EVT-00303,0,0.018448381680063207,1.84
EVT-00304,0,0.01184141590172666,1.18
EVT-00305,0,0.012834470941064192,1.28
EVT-00306,0,0.014513190310445226,1.45
EVT-00307,0,0.01717057061238201,1.72
EVT-00308,0,0.004263672635527424,0.43
EVT-00309,0,0.015140213168613388,1.51
EVT-00310,0,0.02010423974027635,2.01
EVT-00311,0,0.01239996451898929,1.24
EVT-00312,0,0.015580327894218102,1.56
EVT-00313,0,0.013993477678002656,1.4
EVT-00314,0,0.0070214905343187126,0.7
EVT-00315,0,0.0182192477245571,1.82
EVT-00316,1,0.8148181792885759,81.48
EVT-00317,1,0.7859400325487574,78.59
EVT-00318,0,0.011081503036264002,1.11
EVT-00319,0,0.01806342073826604,1.81
EVT-00320,1,0.791362306869567,79.14
EVT-00321,0,0.013174861439817932,1.32
EVT-00322,0,0.009213457192264617,0.92
EVT-00323,0,0.007249397432629287,0.72
EVT-00324,0,0.016567368773094025,1.66
EVT-00325,0,0.017900834456068562,1.79
EVT-00326,0,0.013148915530169709,1.31
EVT-00327,0,0.01001138143243648,1.0
EVT-00328,1,0.8655801791108623,86.56
EVT-00329,0,0.015282450810914268,1.53
EVT-00330,0,0.009098160144125702,0.91
EVT-00331,0,0.007849889499721227,0.78
EVT-00332,0,0.014393770892759965,1.44
EVT-00333,0,0.010115897305609784,1.01
EVT-00334,0,0.012527670519106183,1.25
EVT-00335,1,0.8042107797952088,80.42
EVT-00336,0,0.014447958040568238,1.44
EVT-00337,0,0.010115897305609784,1.01
EVT-00338,0,0.01221553213356974,1.22
EVT-00339,0,0.015778085681849154,1.58
EVT-00340,0,0.017443119589428124,1.74
EVT-00341,0,0.00967618892649975,0.97
EVT-00342,0,0.015082775023667014,1.51
EVT-00343,0,0.013651494748934671,1.37
EVT-00344,0,0.0149493878380267,1.49
EVT-00345,0,0.007249397432629287,0.72
EVT-00346,0,0.012559180048639281,1.26
EVT-00347,0,0.014568872720774551,1.46
EVT-00348,0,0.004632976067745722,0.46
EVT-00349,0,0.015580327894218102,1.56
EVT-00350,0,0.005148519530488049,0.51
EVT-00351,0,0.015438768654305279,1.54
EVT-00352,0,0.01989391130752093,1.99
EVT-00353,0,0.017443119589428124,1.74
EVT-00354,0,0.01135967560443339,1.14
EVT-00355,0,0.015404277833995596,1.54
EVT-00356,0,0.014101711904817184,1.41
EVT-00357,0,0.01940374160699722,1.94
EVT-00358,0,0.01328302880526146,1.33
EVT-00359,0,0.012006646286903174,1.2
EVT-00360,0,0.01676442429665314,1.68
EVT-00361,1,0.8214654345724635,82.15
EVT-00362,0,0.013174861439817932,1.32
EVT-00363,0,0.012092312773702592,1.21
EVT-00364,0,0.014067278334993138,1.41
EVT-00365,1,0.8518564703502112,85.19
EVT-00366,0,0.013148915530169709,1.31
EVT-00367,0,0.01409556919761575,1.41
EVT-00368,0,0.01992073949236142,1.99
EVT-00369,0,0.012631757953755606,1.26
EVT-00370,0,0.014393770892759965,1.44
EVT-00371,0,0.016497924243663982,1.65
EVT-00372,0,0.01838383678253846,1.84
EVT-00373,1,0.7942417007061935,79.42
EVT-00374,0,0.010115897305609784,1.01
EVT-00375,0,0.016971423664841914,1.7
EVT-00376,0,0.013275023532622516,1.33
EVT-00377,1,0.8335369282633095,83.35
EVT-00378,0,0.01814195204465865,1.81
EVT-00379,0,0.009323993600741048,0.93
EVT-00380,0,0.006141923023741647,0.61
EVT-00381,0,0.012342914346945335,1.23
EVT-00382,0,0.013218888737116534,1.32
EVT-00383,0,0.014067278334993138,1.41
EVT-00384,0,0.012311821162919878,1.23
EVT-00385,0,0.012342914346945335,1.23
EVT-00386,0,0.01664725012675049,1.66
EVT-00387,0,0.011587320176436983,1.16
EVT-00388,1,0.812549509360956,81.25
EVT-00389,0,0.01170976792122393,1.17
EVT-00390,0,0.014475053248586906,1.45
EVT-00391,0,0.017193492060182135,1.72
EVT-00392,0,0.010907627905855522,1.09
EVT-00393,0,0.011081503036264002,1.11
EVT-00394,0,0.015213009694065483,1.52
EVT-00395,0,0.014568872720774551,1.46
EVT-00396,0,0.0070214905343187126,0.7
EVT-00397,0,0.013651494748934671,1.37
EVT-00398,0,0.01553742126471195,1.55
EVT-00399,0,0.016637879489059315,1.66
EVT-00400,0,0.015140213168613388,1.51
EVT-00401,0,0.007487044944619255,0.75
EVT-00402,0,0.012499951785475165,1.25
EVT-00403,0,0.014475053248586906,1.45
EVT-00404,0,0.015082775023667014,1.51
EVT-00405,0,0.012913822594738342,1.29
EVT-00406,0,0.015192202961817381,1.52
EVT-00407,0,0.01701423702571848,1.7
EVT-00408,0,0.01170976792122393,1.17
EVT-00409,0,0.005215422246876786,0.52
EVT-00410,0,0.015140213168613388,1.51
EVT-00411,0,0.010115897305609784,1.01
EVT-00412,0,0.005215422246876786,0.52
EVT-00413,0,0.012581180962331845,1.26
EVT-00414,0,0.011587320176436983,1.16
EVT-00415,0,0.009804157654742312,0.98
EVT-00416,0,0.01701423702571848,1.7
EVT-00417,0,0.016201703248057454,1.62
EVT-00418,1,0.7659400325487574,76.59
EVT-00419,0,0.00801253288671569,0.8
EVT-00420,1,0.739088954607169,73.91
EVT-00421,0,0.010907627905855522,1.09
EVT-00422,0,0.01039663106614751,1.04
EVT-00423,0,0.37187025303263604,37.19
EVT-00424,0,0.02002123424389245,2.0
EVT-00425,0,0.01239996451898929,1.24
EVT-00426,0,0.0182192477245571,1.82
EVT-00427,0,0.013651494748934671,1.37
EVT-00428,0,0.01209664668722064,1.21
EVT-00429,0,0.015082775023667014,1.51
EVT-00430,0,0.01239996451898929,1.24
EVT-00431,0,0.011587320176436983,1.16
EVT-00432,0,0.023054182509047595,2.31
EVT-00433,0,0.012559180048639281,1.26
EVT-00434,0,0.010115897305609784,1.01
EVT-00435,0,0.01664725012675049,1.66
EVT-00436,0,0.017100715536787235,1.71
EVT-00437,0,0.017572734578510916,1.76
EVT-00438,0,0.01257077400172978,1.26
EVT-00439,0,0.012694242461115399,1.27
EVT-00440,0,0.013077035635614088,1.31
EVT-00441,0,0.02002123424389245,2.0
EVT-00442,0,0.015438768654305279,1.54
EVT-00443,0,0.005215422246876786,0.52
EVT-00444,0,0.02048568220739173,2.05
EVT-00445,0,0.012631757953755606,1.26
EVT-00446,0,0.019761891017929672,1.98
EVT-00447,0,0.01838383678253846,1.84
EVT-00448,0,0.016359358011079107,1.64
EVT-00449,0,0.01676442429665314,1.68
EVT-00450,0,0.017962504861407463,1.8
EVT-00451,1,0.8169674265341963,81.7
EVT-00452,0,0.01676442429665314,1.68
EVT-00453,0,0.01474968952948547,1.47
EVT-00454,0,0.010589943137987239,1.06
EVT-00455,1,0.8111372103332114,81.11
EVT-00456,0,0.012400564772291563,1.24
EVT-00457,0,0.01992073949236142,1.99
EVT-00458,0,0.016971423664841914,1.7
EVT-00459,0,0.016903512033757073,1.69
EVT-00460,0,0.015282450810914268,1.53
EVT-00461,0,0.012631757953755606,1.26
EVT-00462,0,0.020606235473508504,2.06
EVT-00463,0,0.019761891017929672,1.98
EVT-00464,0,0.014101711904817184,1.41
EVT-00465,0,0.010042581280689656,1.0
EVT-00466,0,0.010907627905855522,1.09
EVT-00467,0,0.014885628287173666,1.49
EVT-00468,0,0.01170976792122393,1.17
EVT-00469,0,0.010604082970688374,1.06
EVT-00470,0,0.0114674252253984,1.15
EVT-00471,0,0.017443119589428124,1.74
EVT-00472,0,0.01470909540469494,1.47
EVT-00473,0,0.017100715536787235,1.71
EVT-00474,0,0.014762883526693886,1.48
EVT-00475,0,0.01618316999222503,1.62
EVT-00476,0,0.018148646708241043,1.81
EVT-00477,0,0.014513190310445226,1.45
EVT-00478,0,0.015123279787049044,1.51
EVT-00479,1,0.8333962089919231,83.34
EVT-00480,1,0.7669115087268582,76.69
EVT-00481,0,0.0149493878380267,1.49
EVT-00482,0,0.014568872720774551,1.46
EVT-00483,0,0.005215422246876786,0.52
EVT-00484,0,0.010604082970688374,1.06
EVT-00485,0,0.010589943137987239,1.06
EVT-00486,0,0.014101711904817184,1.41
EVT-00487,0,0.012092312773702592,1.21
EVT-00488,0,0.012694242461115399,1.27
EVT-00489,0,0.013077035635614088,1.31
EVT-00490,0,0.016764444914772393,1.68
EVT-00491,0,0.014564038153563412,1.46
EVT-00492,0,0.01617909965464682,1.62
EVT-00493,0,0.012006646286903174,1.2
EVT-00494,0,0.013218888737116534,1.32
EVT-00495,0,0.013042286474735125,1.3
EVT-00496,0,0.01328302880526146,1.33
EVT-00497,0,0.009990375676748143,1.0
EVT-00498,0,0.012834470941064192,1.28
EVT-00499,0,0.00801253288671569,0.8
EVT-00500,0,0.01337249175583205,1.34
EVT-00501,0,0.004263672635527424,0.43
EVT-00502,0,0.011242553562262001,1.12
EVT-00503,0,0.01257077400172978,1.26
EVT-00504,0,0.013910725728107932,1.39
EVT-00505,0,0.012311821162919878,1.23
EVT-00506,0,0.016101857847479757,1.61
EVT-00507,0,0.016101857847479757,1.61
EVT-00508,0,0.013042286474735125,1.3
EVT-00509,0,0.017193492060182135,1.72
EVT-00510,0,0.02010423974027635,2.01
EVT-00511,0,0.012499951785475165,1.25
EVT-00512,0,0.01617909965464682,1.62
EVT-00513,0,0.01664725012675049,1.66
EVT-00514,0,0.016903512033757073,1.69
EVT-00515,0,0.01257077400172978,1.26
EVT-00516,0,0.009804157654742312,0.98
EVT-00517,0,0.013174861439817932,1.32
EVT-00518,0,0.009990375676748143,1.0
EVT-00519,0,0.012499951785475165,1.25
EVT-00520,0,0.023054182509047595,2.31
EVT-00521,0,0.02010423974027635,2.01
EVT-00522,0,0.012144312399955502,1.21
EVT-00523,0,0.014475053248586906,1.45
EVT-00524,0,0.012311821162919878,1.23
EVT-00525,0,0.012834470941064192,1.28
EVT-00526,0,0.01470909540469494,1.47
EVT-00527,0,0.005215422246876786,0.52
EVT-00528,0,0.013275023532622516,1.33
EVT-00529,0,0.015778085681849154,1.58
EVT-00530,0,0.017962504861407463,1.8
EVT-00531,0,0.008723247210474263,0.87
EVT-00532,0,0.015213009694065483,1.52
EVT-00533,0,0.012019000883653996,1.2
EVT-00534,0,0.01257077400172978,1.26
EVT-00535,0,0.014885628287173666,1.49
EVT-00536,0,0.019821668365091232,1.98
EVT-00537,0,0.016764444914772393,1.68
EVT-00538,0,0.010582585583379227,1.06
EVT-00539,0,0.010289653052403144,1.03
EVT-00540,0,0.017962504861407463,1.8
EVT-00541,0,0.016069295979863972,1.61
EVT-00542,0,0.009047605255992616,0.9
EVT-00543,0,0.009213457192264617,0.92
EVT-00544,0,0.015213009694065483,1.52
EVT-00545,0,0.01170976792122393,1.17
EVT-00546,0,0.015213009694065483,1.52
EVT-00547,0,0.016764444914772393,1.68
EVT-00548,0,0.01184141590172666,1.18
EVT-00549,0,0.014513190310445226,1.45
EVT-00550,0,0.01001138143243648,1.0
EVT-00551,0,0.016971423664841914,1.7
EVT-00552,0,0.012559180048639281,1.26
EVT-00553,0,0.013248576161198561,1.32
EVT-00554,0,0.017419571468568082,1.74
EVT-00555,1,0.7856888575719981,78.57
EVT-00556,0,0.012913822594738342,1.29
EVT-00557,0,0.016497924243663982,1.65
EVT-00558,0,0.008723247210474263,0.87
EVT-00559,1,0.8655801791108623,86.56
EVT-00560,0,0.013651494748934671,1.37
EVT-00561,0,0.017443119589428124,1.74
EVT-00562,0,0.014101711904817184,1.41
EVT-00563,0,0.01328302880526146,1.33
EVT-00564,0,0.012694242461115399,1.27
EVT-00565,0,0.014513190310445226,1.45
EVT-00566,0,0.017443119589428124,1.74
EVT-00567,0,0.007249397432629287,0.72
EVT-00568,0,0.01135967560443339,1.14
EVT-00569,0,0.016971423664841914,1.7
EVT-00570,0,0.021812639110101555,2.18
EVT-00571,0,0.006259704977834559,0.63
EVT-00572,0,0.012913822594738342,1.29
EVT-00573,1,0.770279925573506,77.03
EVT-00574,0,0.01470909540469494,1.47
EVT-00575,0,0.013651494748934671,1.37
EVT-00576,0,0.015037240433989373,1.5
EVT-00577,0,0.009047605255992616,0.9
EVT-00578,0,0.009213457192264617,0.92
EVT-00579,0,0.016856172618669164,1.69
EVT-00580,0,0.009098160144125702,0.91
EVT-00581,0,0.009047605255992616,0.9
EVT-00582,0,0.005215422246876786,0.52
EVT-00583,0,0.012527670519106183,1.25
EVT-00584,1,0.799408888197735,79.94
EVT-00585,0,0.012597344166813807,1.26
EVT-00586,0,0.019136008427762433,1.91
EVT-00587,0,0.017443119589428124,1.74
EVT-00588,0,0.012834470941064192,1.28
EVT-00589,1,0.8420756919213775,84.21
EVT-00590,1,0.7857556212738356,78.58
EVT-00591,0,0.017419571468568082,1.74
EVT-00592,0,0.012400564772291563,1.24
EVT-00593,0,0.008723247210474263,0.87
EVT-00594,0,0.015037240433989373,1.5
EVT-00595,0,0.01001138143243648,1.0
EVT-00596,0,0.014762883526693886,1.48
EVT-00597,0,0.012238949719322077,1.22
EVT-00598,0,0.00511256213545756,0.51
EVT-00599,0,0.01614094590700234,1.61
EVT-00600,0,0.023054182509047595,2.31
EVT-00601,0,0.016069295979863972,1.61
EVT-00602,0,0.012006646286903174,1.2
EVT-00603,0,0.01236904608645115,1.24
EVT-00604,0,0.021812639110101555,2.18
EVT-00605,0,0.012238949719322077,1.22
EVT-00606,0,0.013993477678002656,1.4
EVT-00607,0,0.016971423664841914,1.7
EVT-00608,0,0.01814195204465865,1.81
EVT-00609,1,0.7918210481972587,79.18
EVT-00610,0,0.015282450810914268,1.53
EVT-00611,0,0.01039663106614751,1.04
EVT-00612,0,0.012694242461115399,1.27
EVT-00613,0,0.01470909540469494,1.47
EVT-00614,0,0.010589943137987239,1.06
EVT-00615,0,0.015463983874743509,1.55
EVT-00616,1,0.7841603644831528,78.42
EVT-00617,0,0.09790083445606858,9.79
EVT-00618,0,0.012527670519106183,1.25
EVT-00619,0,0.014067278334993138,1.41
EVT-00620,0,0.014513190310445226,1.45
EVT-00621,0,0.014067278334993138,1.41
EVT-00622,0,0.009280488643330788,0.93
EVT-00623,0,0.016497924243663982,1.65
EVT-00624,0,0.012019000883653996,1.2
EVT-00625,0,0.009047605255992616,0.9
EVT-00626,0,0.014535700172747025,1.45
EVT-00627,0,0.00511256213545756,0.51
EVT-00628,0,0.01717057061238201,1.72
EVT-00629,0,0.3980515628350619,39.81
EVT-00630,0,0.015404277833995596,1.54
EVT-00631,0,0.0182192477245571,1.82
EVT-00632,0,0.012238949719322077,1.22
EVT-00633,0,0.0149493878380267,1.49
EVT-00634,0,0.01664725012675049,1.66
EVT-00635,0,0.0059401778868638,0.59
EVT-00636,0,0.016359358011079107,1.64
EVT-00637,0,0.02002123424389245,2.0
EVT-00638,1,0.8046956402029003,80.47
EVT-00639,0,0.017572734578510916,1.76
EVT-00640,0,0.013148915530169709,1.31
EVT-00641,0,0.01940374160699722,1.94
EVT-00642,1,0.7896907450830106,78.97
EVT-00643,0,0.010042581280689656,1.0
EVT-00644,0,0.014067278334993138,1.41
EVT-00645,0,0.010042581280689656,1.0
EVT-00646,0,0.015778085681849154,1.58
EVT-00647,0,0.012238949719322077,1.22
EVT-00648,0,0.010042581280689656,1.0
EVT-00649,0,0.019136008427762433,1.91
EVT-00650,0,0.4346504522782653,43.47
EVT-00651,0,0.016903512033757073,1.69
EVT-00652,0,0.009324382055107073,0.93
EVT-00653,0,0.014535700172747025,1.45
EVT-00654,1,0.780049150417348,78.0
EVT-00655,0,0.011586569973449245,1.16
EVT-00656,0,0.013321763134560596,1.33
EVT-00657,0,0.023054182509047595,2.31
EVT-00658,0,0.012559180048639281,1.26
EVT-00659,0,0.004263672635527424,0.43
EVT-00660,0,0.021812639110101555,2.18
EVT-00661,0,0.00511256213545756,0.51
EVT-00662,0,0.02048568220739173,2.05
EVT-00663,0,0.009323993600741048,0.93
EVT-00664,0,0.016497924243663982,1.65
EVT-00665,0,0.01553742126471195,1.55
EVT-00666,0,0.017900834456068562,1.79
EVT-00667,0,0.01664725012675049,1.66
EVT-00668,0,0.01001138143243648,1.0
EVT-00669,0,0.015338280758880456,1.53
EVT-00670,0,0.011289830407094274,1.13
EVT-00671,1,0.7307691309299104,73.08
EVT-00672,0,0.014101711904817184,1.41
EVT-00673,0,0.00801253288671569,0.8
EVT-00674,0,0.015213009694065483,1.52
EVT-00675,0,0.019761891017929672,1.98
EVT-00676,0,0.013702693718721255,1.37
EVT-00677,0,0.01328302880526146,1.33
EVT-00678,0,0.018148646708241043,1.81
EVT-00679,0,0.013702693718721255,1.37
EVT-00680,0,0.012092312773702592,1.21
EVT-00681,1,0.8281782833899625,82.82
EVT-00682,0,0.013042286474735125,1.3
EVT-00683,0,0.016971423664841914,1.7
EVT-00684,0,0.017900834456068562,1.79
EVT-00685,0,0.010589943137987239,1.06
EVT-00686,0,0.01337249175583205,1.34
EVT-00687,0,0.01773117964914321,1.77
EVT-00688,0,0.015404277833995596,1.54
EVT-00689,0,0.014564038153563412,1.46
EVT-00690,0,0.014393770892759965,1.44
EVT-00691,0,0.01664725012675049,1.66
EVT-00692,0,0.014568872720774551,1.46
EVT-00693,0,0.01581795590163844,1.58
EVT-00694,0,0.013042286474735125,1.3
EVT-00695,0,0.013651494748934671,1.37
EVT-00696,0,0.02010423974027635,2.01
EVT-00697,0,0.011081503036264002,1.11
EVT-00698,0,0.014089808740924449,1.41
EVT-00699,0,0.012631757953755606,1.26
EVT-00700,0,0.01806342073826604,1.81
EVT-00701,0,0.013993477678002656,1.4
EVT-00702,0,0.011242553562262001,1.12
EVT-00703,0,0.011289830407094274,1.13
EVT-00704,0,0.016903512033757073,1.69
EVT-00705,0,0.013910725728107932,1.39
EVT-00706,0,0.012006646286903174,1.2
EVT-00707,0,0.012631763848389916,1.26
EVT-00708,0,0.017900834456068562,1.79
EVT-00709,0,0.01239996451898929,1.24
EVT-00710,0,0.01408875754196468,1.41
EVT-00711,0,0.013910725728107932,1.39
EVT-00712,0,0.0149493878380267,1.49
EVT-00713,0,0.013993477678002656,1.4
EVT-00714,0,0.013077035635614088,1.31
EVT-00715,0,0.018448381680063207,1.84
EVT-00716,0,0.4062329761632698,40.62
EVT-00717,0,0.011738728390316259,1.17
EVT-00718,0,0.01470909540469494,1.47
EVT-00719,1,0.8437574739339566,84.38
EVT-00720,0,0.02048568220739173,2.05
EVT-00721,0,0.2620016807664167,26.2
EVT-00722,0,0.017220811199722408,1.72
EVT-00723,0,0.012694242461115399,1.27
EVT-00724,0,0.020453903998635593,2.05
EVT-00725,0,0.01135967560443339,1.14
EVT-00726,0,0.01664725012675049,1.66
EVT-00727,0,0.014393770892759965,1.44
EVT-00728,0,0.01701423702571848,1.7
EVT-00729,0,0.011242553562262001,1.12
EVT-00730,1,0.8472619038397037,84.73
EVT-00731,0,0.011586569973449245,1.16
EVT-00732,0,0.012374393256485398,1.24
EVT-00733,0,0.013174861439817932,1.32
EVT-00734,0,0.014067278334993138,1.41
EVT-00735,0,0.016971423664841914,1.7
EVT-00736,0,0.013174861439817932,1.32
EVT-00737,0,0.007487044944619255,0.75
EVT-00738,0,0.006141923023741647,0.61
EVT-00739,0,0.009047605255992616,0.9
EVT-00740,0,0.009047605255992616,0.9
EVT-00741,0,0.01001138143243648,1.0
EVT-00742,0,0.016497924243663982,1.65
EVT-00743,0,0.015404277833995596,1.54
EVT-00744,0,0.010589943137987239,1.06
EVT-00745,0,0.016567368773094025,1.66
EVT-00746,0,0.00911454020865791,0.91
EVT-00747,0,0.01664725012675049,1.66
EVT-00748,0,0.015778085681849154,1.58
EVT-00749,0,0.014568872720774551,1.46
EVT-00750,0,0.010289653052403144,1.03
EVT-00751,0,0.014447958040568238,1.44
EVT-00752,0,0.02155229495384033,2.16
EVT-00753,0,0.013321763134560596,1.33
EVT-00754,0,0.012342914346945335,1.23
EVT-00755,0,0.017900834456068562,1.79
EVT-00756,0,0.01135967560443339,1.14
EVT-00757,0,0.00801253288671569,0.8
EVT-00758,0,0.006285120807829549,0.63
EVT-00759,0,0.016637879489059315,1.66
EVT-00760,0,0.010289653052403144,1.03
EVT-00761,0,0.01337249175583205,1.34
EVT-00762,0,0.01838383678253846,1.84
EVT-00763,0,0.015192202961817381,1.52
EVT-00764,1,0.8244602856633593,82.45
EVT-00765,0,0.013248576161198561,1.32
EVT-00766,0,0.012006646286903174,1.2
EVT-00767,0,0.00911454020865791,0.91
EVT-00768,0,0.014089808740924449,1.41
EVT-00769,0,0.014067278334993138,1.41
EVT-00770,0,0.013702693718721255,1.37
EVT-00771,0,0.02002123424389245,2.0
EVT-00772,0,0.00801253288671569,0.8
EVT-00773,0,0.016101857847479757,1.61
EVT-00774,0,0.012631757953755606,1.26
EVT-00775,0,0.015140213168613388,1.51
EVT-00776,0,0.01664725012675049,1.66
EVT-00777,0,0.023054182509047595,2.31
EVT-00778,0,0.01701423702571848,1.7
EVT-00779,0,0.015463983874743509,1.55
EVT-00780,0,0.012240563858320211,1.22
EVT-00781,0,0.006285120807829549,0.63
EVT-00782,0,0.010604082970688374,1.06
EVT-00783,0,0.012400564772291563,1.24
EVT-00784,0,0.012559180048639281,1.26
EVT-00785,0,0.01838383678253846,1.84
EVT-00786,0,0.01221553213356974,1.22
EVT-00787,0,0.01408875754196468,1.41
EVT-00788,0,0.012597344166813807,1.26
EVT-00789,1,0.8118218716746767,81.18
EVT-00790,0,0.013218888737116534,1.32
EVT-00791,0,0.01989391130752093,1.99
EVT-00792,1,0.8047782036560139,80.48
EVT-00793,0,0.015123279787049044,1.51
EVT-00794,0,0.018448381680063207,1.84
EVT-00795,0,0.01553742126471195,1.55
EVT-00796,0,0.017193492060182135,1.72
EVT-00797,0,0.29077536398007725,29.08
EVT-00798,0,0.017193492060182135,1.72
EVT-00799,0,0.01814195204465865,1.81
EVT-00800,0,0.005215422246876786,0.52
EVT-00801,0,0.009047605255992616,0.9
EVT-00802,0,0.01236904608645115,1.24
EVT-00803,0,0.014447958040568238,1.44
EVT-00804,0,0.012006646286903174,1.2
EVT-00805,0,0.01170976792122393,1.17
EVT-00806,0,0.014393770892759965,1.44
EVT-00807,0,0.010289653052403144,1.03
EVT-00808,0,0.013218888737116534,1.32
EVT-00809,0,0.013910725728107932,1.39
EVT-00810,0,0.018448381680063207,1.84
EVT-00811,0,0.012092312773702592,1.21
EVT-00812,0,0.00850649286878448,0.85
EVT-00813,0,0.01239996451898929,1.24
EVT-00814,0,0.01968796935465505,1.97
EVT-00815,0,0.012092312773702592,1.21
EVT-00816,0,0.015338280758880456,1.53
EVT-00817,0,0.012342914346945335,1.23
EVT-00818,0,0.013275023532622516,1.33
EVT-00819,0,0.011289830407094274,1.13
EVT-00820,0,0.011587320176436983,1.16
EVT-00821,0,0.015282450810914268,1.53
EVT-00822,0,0.014568872720774551,1.46
EVT-00823,0,0.01039663106614751,1.04
EVT-00824,0,0.01664725012675049,1.66
EVT-00825,0,0.02010423974027635,2.01
EVT-00826,0,0.009098160144125702,0.91
EVT-00827,1,0.7867940657835465,78.68
EVT-00828,0,0.04830628850920433,4.83
EVT-00829,0,0.004263672635527424,0.43
EVT-00830,0,0.01940374160699722,1.94
EVT-00831,0,0.011587320176436983,1.16
EVT-00832,0,0.015037240433989373,1.5
EVT-00833,0,0.017193492060182135,1.72
EVT-00834,0,0.012400564772291563,1.24
EVT-00835,0,0.01676442429665314,1.68
EVT-00836,0,0.016637879489059315,1.66
EVT-00837,0,0.014101711904817184,1.41
EVT-00838,0,0.013148915530169709,1.31
EVT-00839,0,0.013174861439817932,1.32
EVT-00840,0,0.016784753803907045,1.68
EVT-00841,0,0.013321763134560596,1.33
EVT-00842,0,0.013218888737116534,1.32
EVT-00843,0,0.01170976792122393,1.17
EVT-00844,0,0.009804157654742312,0.98
EVT-00845,0,0.0070214905343187126,0.7
EVT-00846,0,0.014965089331211509,1.5
EVT-00847,0,0.016101857847479757,1.61
EVT-00848,0,0.023054182509047595,2.31
EVT-00849,0,0.012631763848389916,1.26
EVT-00850,0,0.0149493878380267,1.49
EVT-00851,0,0.018448381680063207,1.84
EVT-00852,0,0.020606235473508504,2.06
EVT-00853,0,0.017419571468568082,1.74
EVT-00854,0,0.01328302880526146,1.33
EVT-00855,0,0.012019000883653996,1.2
EVT-00856,0,0.01039663106614751,1.04
EVT-00857,0,0.02002123424389245,2.0
EVT-00858,0,0.010582585583379227,1.06
EVT-00859,0,0.017443119589428124,1.74
EVT-00860,0,0.01581795590163844,1.58
EVT-00861,0,0.0114674252253984,1.15
EVT-00862,0,0.010289653052403144,1.03
EVT-00863,0,0.01236904608645115,1.24
EVT-00864,0,0.00911454020865791,0.91
EVT-00865,0,0.015463983874743509,1.55
EVT-00866,0,0.009804157654742312,0.98
EVT-00867,0,0.012311821162919878,1.23
EVT-00868,0,0.015404277833995596,1.54
EVT-00869,1,0.7705633411891528,77.06
EVT-00870,0,0.018148646708241043,1.81
EVT-00871,0,0.012913822594738342,1.29
EVT-00872,0,0.015438768654305279,1.54
EVT-00873,0,0.010289653052403144,1.03
EVT-00874,0,0.012581180962331845,1.26
EVT-00875,0,0.01618316999222503,1.62
EVT-00876,0,0.012092312773702592,1.21
EVT-00877,0,0.013148915530169709,1.31
EVT-00878,0,0.008723247210474263,0.87
EVT-00879,0,0.012311821162919878,1.23
EVT-00880,0,0.0149493878380267,1.49
EVT-00881,0,0.013174861439817932,1.32
EVT-00882,0,0.015082775023667014,1.51
EVT-00883,0,0.016971423664841914,1.7
EVT-00884,0,0.01838383678253846,1.84
EVT-00885,0,0.01470909540469494,1.47
EVT-00886,0,0.009324382055107073,0.93
EVT-00887,0,0.01474968952948547,1.47
EVT-00888,0,0.013042286474735125,1.3
EVT-00889,0,0.010582585583379227,1.06
EVT-00890,0,0.004632976067745722,0.46
EVT-00891,0,0.01553742126471195,1.55
EVT-00892,0,0.01968796935465505,1.97
EVT-00893,0,0.0070214905343187126,0.7
EVT-00894,0,0.006285120807829549,0.63
EVT-00895,0,0.011133888758696593,1.11
EVT-00896,0,0.010115897305609784,1.01
EVT-00897,0,0.011242553562262001,1.12
EVT-00898,0,0.01470909540469494,1.47
EVT-00899,0,0.004632976067745722,0.46
EVT-00900,1,0.836003833108107,83.6
EVT-00901,0,0.017193492060182135,1.72
EVT-00902,0,0.012581214397453183,1.26
EVT-00903,0,0.01239996451898929,1.24
EVT-00904,1,0.8024115311279831,80.24
EVT-00905,0,0.012559180048639281,1.26
EVT-00906,0,0.016101857847479757,1.61
EVT-00907,0,0.14864143908300703,14.86
EVT-00908,1,0.8770141118298524,87.7
EVT-00909,0,0.015463983874743509,1.55
EVT-00910,0,0.018448381680063207,1.84
EVT-00911,1,0.8000199326807261,80.0
EVT-00912,0,0.007849889499721227,0.78
EVT-00913,0,0.01184141590172666,1.18
EVT-00914,0,0.00967618892649975,0.97
EVT-00915,0,0.014762883526693886,1.48
EVT-00916,0,0.016784753803907045,1.68
EVT-00917,0,0.015123279787049044,1.51
EVT-00918,0,0.012311821162919878,1.23
EVT-00919,0,0.016971423664841914,1.7
EVT-00920,0,0.012631757953755606,1.26
EVT-00921,0,0.00511256213545756,0.51
EVT-00922,0,0.10390162966768611,10.39
EVT-00923,0,0.016069295979863972,1.61
EVT-00924,0,0.010042581280689656,1.0
EVT-00925,0,0.009280488643330788,0.93
EVT-00926,0,0.01470909540469494,1.47
EVT-00927,0,0.009213457192264617,0.92
EVT-00928,0,0.014965089331211509,1.5
EVT-00929,1,0.8363285465985943,83.63
EVT-00930,0,0.01408875754196468,1.41
EVT-00931,1,0.8066557455988391,80.67
EVT-00932,0,0.009990375676748143,1.0
EVT-00933,0,0.010907627905855522,1.09
EVT-00934,1,0.7918181792885759,79.18
EVT-00935,1,0.8420756919213775,84.21
EVT-00936,0,0.010042581280689656,1.0
EVT-00937,0,0.012144312399955502,1.21
EVT-00938,0,0.009213457192264617,0.92
EVT-00939,0,0.011289830407094274,1.13
EVT-00940,0,0.013174861439817932,1.32
EVT-00941,0,0.01992073949236142,1.99
EVT-00942,0,0.007249397432629287,0.72
EVT-00943,0,0.015213009694065483,1.52
EVT-00944,0,0.013993477678002656,1.4
EVT-00945,0,0.011289830407094274,1.13
EVT-00946,0,0.019821668365091232,1.98
EVT-00947,0,0.010115897305609784,1.01
EVT-00948,0,0.016784753803907045,1.68
EVT-00949,0,0.009098160144125702,0.91
EVT-00950,0,0.01914195277154842,1.91
EVT-00951,1,0.5953822077974693,59.54
EVT-00952,0,0.02010423974027635,2.01
EVT-00953,0,0.011133888758696593,1.11
EVT-00954,0,0.014965089331211509,1.5
EVT-00955,0,0.01001138143243648,1.0
EVT-00956,0,0.0182192477245571,1.82
EVT-00957,1,0.7917380414237807,79.17
EVT-00958,0,0.006285120807829549,0.63
EVT-00959,0,0.013036250431517814,1.3
EVT-00960,0,0.01806342073826604,1.81
EVT-00961,0,0.014513190310445226,1.45
EVT-00962,0,0.014885628287173666,1.49
EVT-00963,0,0.01170976792122393,1.17
EVT-00964,0,0.013702693718721255,1.37
EVT-00965,0,0.016567368773094025,1.66
EVT-00966,0,0.019821668365091232,1.98
EVT-00967,0,0.015123279787049044,1.51
EVT-00968,0,0.4960614324721977,49.61
EVT-00969,0,0.015338280758880456,1.53
EVT-00970,0,0.017100715536787235,1.71
EVT-00971,0,0.013275023532622516,1.33
EVT-00972,1,0.8239937176442053,82.4
EVT-00973,1,0.8137451175622049,81.37
EVT-00974,0,0.014067278334993138,1.41
EVT-00975,0,0.01001138143243648,1.0
EVT-00976,0,0.00511256213545756,0.51
EVT-00977,0,0.007849889499721227,0.78
EVT-00978,0,0.015778085681849154,1.58
EVT-00979,0,0.013077035635614088,1.31
EVT-00980,0,0.013218888737116534,1.32
EVT-00981,0,0.01221553213356974,1.22
EVT-00982,0,0.013077035635614088,1.31
EVT-00983,0,0.014965089331211509,1.5
EVT-00984,0,0.01618316999222503,1.62
EVT-00985,0,0.009071591591659392,0.91
EVT-00986,0,0.004632976067745722,0.46
EVT-00987,0,0.015404277833995596,1.54
EVT-00988,0,0.013248576161198561,1.32
EVT-00989,0,0.0059401778868638,0.59
EVT-00990,0,0.016856172618669164,1.69
EVT-00991,1,0.7864888699265795,78.65
EVT-00992,0,0.01209664668722064,1.21
EVT-00993,0,0.01409556919761575,1.41
EVT-00994,0,0.006285120807829549,0.63
EVT-00995,0,0.012240563858320211,1.22
EVT-00996,0,0.016069295979863972,1.61
EVT-00997,0,0.017443119589428124,1.74
EVT-00998,0,0.01209664668722064,1.21
EVT-00999,0,0.0149493878380267,1.49
EVT-01000,0,0.016069295979863972,1.61
EVT-01001,0,0.01184141590172666,1.18
EVT-01002,0,0.014517372902574292,1.45
EVT-01003,0,0.015037240433989373,1.5
EVT-01004,0,0.01337249175583205,1.34
EVT-01005,0,0.007487044944619255,0.75
EVT-01006,0,0.013248576161198561,1.32
EVT-01007,0,0.01676442429665314,1.68
EVT-01008,0,0.008941142552473406,0.89
EVT-01009,0,0.01239996451898929,1.24
EVT-01010,0,0.016069295979863972,1.61
EVT-01011,0,0.021812639110101555,2.18
EVT-01012,0,0.016784753803907045,1.68
EVT-01013,0,0.005148519530488049,0.51
EVT-01014,0,0.4874849906356435,48.75
EVT-01015,0,0.009323993600741048,0.93
EVT-01016,0,0.00850649286878448,0.85
EVT-01017,0,0.00801253288671569,0.8
EVT-01018,0,0.004632976067745722,0.46
EVT-01019,0,0.015123279787049044,1.51
EVT-01020,1,0.8321541533306982,83.22
EVT-01021,0,0.01236904608645115,1.24
EVT-01022,0,0.01239996451898929,1.24
EVT-01023,0,0.01135967560443339,1.14
EVT-01024,0,0.013248576161198561,1.32
EVT-01025,0,0.015140213168613388,1.51
EVT-01026,0,0.015082775023667014,1.51
EVT-01027,1,0.7769465922401726,77.69
EVT-01028,0,0.01221553213356974,1.22
EVT-01029,0,0.013077035635614088,1.31
EVT-01030,0,0.012006646286903174,1.2
EVT-01031,0,0.01553742126471195,1.55
EVT-01032,0,0.009098160144125702,0.91
EVT-01033,0,0.020453903998635593,2.05
EVT-01034,0,0.01236904608645115,1.24
EVT-01035,0,0.020606235473508504,2.06
EVT-01036,0,0.014972955175871008,1.5
EVT-01037,0,0.014089808740924449,1.41
EVT-01038,0,0.015282450810914268,1.53
EVT-01039,0,0.013910725728107932,1.39
EVT-01040,0,0.01676442429665314,1.68
EVT-01041,0,0.017220811199722408,1.72
EVT-01042,0,0.0070214905343187126,0.7
EVT-01043,0,0.01236904608645115,1.24
EVT-01044,0,0.012311821162919878,1.23
EVT-01045,1,0.7830226431336852,78.3
EVT-01046,0,0.015438768654305279,1.54
EVT-01047,1,0.7874310600946792,78.74
EVT-01048,0,0.014513190310445226,1.45
EVT-01049,0,0.014067278334993138,1.41
EVT-01050,0,0.006285120807829549,0.63
EVT-01051,0,0.008941142552473406,0.89
EVT-01052,0,0.006285120807829549,0.63
EVT-01053,0,0.01940374160699722,1.94
EVT-01054,0,0.012006646286903174,1.2
EVT-01055,0,0.012581214397453183,1.26
EVT-01056,0,0.013077035635614088,1.31
EVT-01057,0,0.01717057061238201,1.72
EVT-01058,0,0.01039663106614751,1.04
EVT-01059,1,0.8259091434406134,82.59
EVT-01060,0,0.013910725728107932,1.39
EVT-01061,0,0.012499951785475165,1.25
EVT-01062,0,0.012631763848389916,1.26
EVT-01063,0,0.01257077400172978,1.26
EVT-01064,0,0.015213009694065483,1.52
EVT-01065,0,0.014564038153563412,1.46
EVT-01066,0,0.014517372902574292,1.45
EVT-01067,0,0.017193492060182135,1.72
EVT-01068,0,0.016903512033757073,1.69
EVT-01069,0,0.015037240433989373,1.5
EVT-01070,0,0.014972955175871008,1.5
EVT-01071,0,0.013993477678002656,1.4
EVT-01072,0,0.01614094590700234,1.61
EVT-01073,0,0.015282450810914268,1.53
EVT-01074,0,0.015213009694065483,1.52
EVT-01075,0,0.012342914346945335,1.23
EVT-01076,0,0.011587320176436983,1.16
EVT-01077,0,0.01337249175583205,1.34
EVT-01078,0,0.014447958040568238,1.44
EVT-01079,0,0.01553742126471195,1.55
EVT-01080,0,0.012913822594738342,1.29
EVT-01081,0,0.006259704977834559,0.63
EVT-01082,0,0.014517372902574292,1.45
EVT-01083,0,0.15154237067801093,15.15
EVT-01084,0,0.012374393256485398,1.24
EVT-01085,0,0.017419571468568082,1.74
EVT-01086,0,0.011738728390316259,1.17
EVT-01087,0,0.015463983874743509,1.55
EVT-01088,0,0.11702588117609763,11.7
EVT-01089,0,0.008723247210474263,0.87
EVT-01090,0,0.02048568220739173,2.05
EVT-01091,0,0.016201703248057454,1.62
EVT-01092,0,0.013275023532622516,1.33
EVT-01093,0,0.017900834456068562,1.79
EVT-01094,0,0.01614094590700234,1.61
EVT-01095,0,0.012581214397453183,1.26
EVT-01096,0,0.009213457192264617,0.92
EVT-01097,0,0.016764444914772393,1.68
EVT-01098,0,0.010907627905855522,1.09
EVT-01099,0,0.013993477678002656,1.4
EVT-01100,0,0.016201703248057454,1.62
EVT-01101,0,0.014513190310445226,1.45
EVT-01102,0,0.013702693718721255,1.37
EVT-01103,0,0.01664725012675049,1.66
EVT-01104,0,0.013125370452709366,1.31
EVT-01105,0,0.01773117964914321,1.77
EVT-01106,0,0.014393770892759965,1.44
EVT-01107,0,0.015123279787049044,1.51
EVT-01108,0,0.010042581280689656,1.0
EVT-01109,0,0.01773117964914321,1.77
EVT-01110,0,0.013125370452709366,1.31
EVT-01111,0,0.010223553792245222,1.02
EVT-01112,0,0.014568872720774551,1.46
EVT-01113,0,0.01614094590700234,1.61
EVT-01114,0,0.013125370452709366,1.31
EVT-01115,0,0.00911454020865791,0.91
EVT-01116,0,0.00801253288671569,0.8
EVT-01117,0,0.009098160144125702,0.91
EVT-01118,0,0.009098160144125702,0.91
EVT-01119,0,0.009098160144125702,0.91
EVT-01120,0,0.01806342073826604,1.81
EVT-01121,0,0.015213009694065483,1.52
EVT-01122,0,0.015082775023667014,1.51
EVT-01123,0,0.014762883526693886,1.48
EVT-01124,0,0.01470909540469494,1.47
EVT-01125,0,0.012311821162919878,1.23
EVT-01126,0,0.015404277833995596,1.54
EVT-01127,0,0.009047605255992616,0.9
EVT-01128,0,0.01806342073826604,1.81
EVT-01129,0,0.01170976792122393,1.17
EVT-01130,0,0.015338280758880456,1.53
EVT-01131,0,0.012144312399955502,1.21
EVT-01132,0,0.012238949719322077,1.22
EVT-01133,0,0.00967618892649975,0.97
EVT-01134,0,0.01257077400172978,1.26
EVT-01135,0,0.012834470941064192,1.28
EVT-01136,0,0.010289653052403144,1.03
EVT-01137,0,0.014067278334993138,1.41
EVT-01138,0,0.010907627905855522,1.09
EVT-01139,0,0.012144312399955502,1.21
EVT-01140,0,0.011586569973449245,1.16
EVT-01141,1,0.7841603644831528,78.42
EVT-01142,0,0.012238949719322077,1.22
EVT-01143,0,0.012559180048639281,1.26
EVT-01144,0,0.01968796935465505,1.97
EVT-01145,0,0.020453903998635593,2.05
EVT-01146,0,0.01773117964914321,1.77
EVT-01147,0,0.015282450810914268,1.53
EVT-01148,0,0.010582585583379227,1.06
EVT-01149,0,0.019761891017929672,1.98
EVT-01150,0,0.017193492060182135,1.72
EVT-01151,0,0.014067278334993138,1.41
EVT-01152,0,0.010115897305609784,1.01
EVT-01153,0,0.01838383678253846,1.84
EVT-01154,0,0.011133888758696593,1.11
EVT-01155,0,0.017193492060182135,1.72
EVT-01156,0,0.018448381680063207,1.84
EVT-01157,0,0.009213457192264617,0.92
EVT-01158,0,0.012342914346945335,1.23
EVT-01159,0,0.009324382055107073,0.93
EVT-01160,1,0.7662333954479026,76.62
EVT-01161,0,0.019761891017929672,1.98
EVT-01162,0,0.010223553792245222,1.02
EVT-01163,0,0.01039663106614751,1.04
EVT-01164,1,0.8024115311279831,80.24
EVT-01165,1,0.8472619038397037,84.73
EVT-01166,0,0.01239996451898929,1.24
EVT-01167,0,0.013042286474735125,1.3
EVT-01168,0,0.0182192477245571,1.82
EVT-01169,0,0.012400564772291563,1.24
EVT-01170,0,0.01170976792122393,1.17
EVT-01171,0,0.015213009694065483,1.52
EVT-01172,0,0.017572734578510916,1.76
EVT-01173,0,0.019821668365091232,1.98
EVT-01174,0,0.014067278334993138,1.41
EVT-01175,0,0.014762883526693886,1.48
EVT-01176,0,0.012527670519106183,1.25
EVT-01177,0,0.015037240433989373,1.5
EVT-01178,0,0.012581180962331845,1.26
EVT-01179,0,0.01989391130752093,1.99
EVT-01180,0,0.01989391130752093,1.99
EVT-01181,0,0.016567368773094025,1.66
EVT-01182,0,0.016971423664841914,1.7
EVT-01183,0,0.008941142552473406,0.89
EVT-01184,0,0.012019000883653996,1.2
EVT-01185,0,0.012238949719322077,1.22
EVT-01186,0,0.017572734578510916,1.76
EVT-01187,0,0.017100715536787235,1.71
EVT-01188,0,0.013248576161198561,1.32
EVT-01189,0,0.012581180962331845,1.26
EVT-01190,0,0.014568872720774551,1.46
EVT-01191,0,0.014067278334993138,1.41
EVT-01192,0,0.01676442429665314,1.68
EVT-01193,0,0.009324382055107073,0.93
EVT-01194,0,0.013148915530169709,1.31
EVT-01195,0,0.012238949719322077,1.22
EVT-01196,0,0.01773117964914321,1.77
EVT-01197,1,0.774645663999381,77.46
EVT-01198,0,0.01773117964914321,1.77
EVT-01199,0,0.013174861439817932,1.32
EVT-01200,0,0.009098160144125702,0.91
EVT-01201,0,0.009804157654742312,0.98
EVT-01202,0,0.009804157654742312,0.98
EVT-01203,0,0.016903512033757073,1.69
EVT-01204,0,0.012311821162919878,1.23
EVT-01205,0,0.01617909965464682,1.62
EVT-01206,0,0.017962504861407463,1.8
EVT-01207,0,0.01135967560443339,1.14
EVT-01208,0,0.012400564772291563,1.24
EVT-01209,0,0.015140213168613388,1.51
EVT-01210,0,0.00801253288671569,0.8
EVT-01211,0,0.016971423664841914,1.7
EVT-01212,0,0.016784753803907045,1.68
EVT-01213,0,0.017572734578510916,1.76
EVT-01214,0,0.00967618892649975,0.97
EVT-01215,0,0.01717057061238201,1.72
EVT-01216,0,0.012240563858320211,1.22
EVT-01217,0,0.017100715536787235,1.71
EVT-01218,0,0.007849889499721227,0.78
EVT-01219,0,0.004263672635527424,0.43
EVT-01220,0,0.013321763134560596,1.33
EVT-01221,0,0.0182192477245571,1.82
EVT-01222,0,0.015404277833995596,1.54
EVT-01223,0,0.017443119589428124,1.74
EVT-01224,0,0.013321763134560596,1.33
EVT-01225,0,0.012581180962331845,1.26
EVT-01226,0,0.012631763848389916,1.26
EVT-01227,0,0.010582585583379227,1.06
EVT-01228,0,0.013993477678002656,1.4
EVT-01229,0,0.014965089331211509,1.5
EVT-01230,0,0.009280488643330788,0.93
EVT-01231,0,0.277790463828988,27.78
EVT-01232,0,0.013125370452709366,1.31
EVT-01233,0,0.40583840449109615,40.58
EVT-01234,0,0.013218888737116534,1.32
EVT-01235,0,0.009213457192264617,0.92
EVT-01236,0,0.012527670519106183,1.25
EVT-01237,0,0.016359358011079107,1.64
EVT-01238,0,0.012240563858320211,1.22
EVT-01239,0,0.009324382055107073,0.93
EVT-01240,1,0.7926263416856882,79.26
EVT-01241,0,0.012240563858320211,1.22
EVT-01242,1,0.8148181792885759,81.48
EVT-01243,0,0.015463983874743509,1.55
EVT-01244,0,0.017962504861407463,1.8
EVT-01245,0,0.015140213168613388,1.51
EVT-01246,0,0.015123279787049044,1.51
EVT-01247,0,0.021812639110101555,2.18
EVT-01248,0,0.017100715536787235,1.71
EVT-01249,0,0.01337249175583205,1.34
EVT-01250,0,0.015463983874743509,1.55
EVT-01251,0,0.017100715536787235,1.71
EVT-01252,0,0.018148646708241043,1.81
EVT-01253,1,0.8370203687673413,83.7
EVT-01254,0,0.014965089331211509,1.5
EVT-01255,0,0.01664725012675049,1.66
EVT-01256,0,0.014447958040568238,1.44
EVT-01257,0,0.009804157654742312,0.98
EVT-01258,0,0.017443119589428124,1.74
EVT-01259,0,0.012092312773702592,1.21
EVT-01260,0,0.013148915530169709,1.31
EVT-01261,0,0.013148915530169709,1.31
EVT-01262,0,0.01992073949236142,1.99
EVT-01263,0,0.017443119589428124,1.74
EVT-01264,0,0.014535700172747025,1.45
EVT-01265,0,0.01676442429665314,1.68
EVT-01266,0,0.016201703248057454,1.62
EVT-01267,0,0.0114674252253984,1.15
EVT-01268,0,0.01039663106614751,1.04
EVT-01269,0,0.014089808740924449,1.41
EVT-01270,0,0.019136008427762433,1.91
EVT-01271,0,0.02331391679341716,2.33
EVT-01272,0,0.013248576161198561,1.32
EVT-01273,0,0.012374393256485398,1.24
EVT-01274,1,0.8084084432290246,80.84
EVT-01275,0,0.012631757953755606,1.26
EVT-01276,0,0.009323993600741048,0.93
EVT-01277,0,0.012581214397453183,1.26
EVT-01278,0,0.016567368773094025,1.66
EVT-01279,0,0.00801253288671569,0.8
EVT-01280,0,0.01170976792122393,1.17
EVT-01281,0,0.015082775023667014,1.51
EVT-01282,0,0.01989391130752093,1.99
EVT-01283,0,0.0114674252253984,1.15
EVT-01284,0,0.0070214905343187126,0.7
EVT-01285,0,0.012499951785475165,1.25
EVT-01286,0,0.012834470941064192,1.28
EVT-01287,0,0.01968796935465505,1.97
EVT-01288,0,0.005215422246876786,0.52
EVT-01289,0,0.015404277833995596,1.54
EVT-01290,0,0.01409556919761575,1.41
EVT-01291,0,0.007849889499721227,0.78
EVT-01292,0,0.012342914346945335,1.23
EVT-01293,0,0.009280488643330788,0.93
EVT-01294,0,0.006141923023741647,0.61
EVT-01295,0,0.016069295979863972,1.61
EVT-01296,0,0.01001138143243648,1.0
EVT-01297,0,0.01184141590172666,1.18
EVT-01298,0,0.012311821162919878,1.23
EVT-01299,0,0.012597344166813807,1.26
EVT-01300,0,0.012240563858320211,1.22
EVT-01301,0,0.00967618892649975,0.97
EVT-01302,0,0.010042581280689656,1.0
EVT-01303,0,0.017962504861407463,1.8
EVT-01304,1,0.803020412968655,80.3
EVT-01305,0,0.017220811199722408,1.72
EVT-01306,0,0.006285120807829549,0.63
EVT-01307,0,0.010604082970688374,1.06
EVT-01308,1,0.7875419067888152,78.75
EVT-01309,0,0.010604082970688374,1.06
EVT-01310,0,0.014089808740924449,1.41
EVT-01311,0,0.016637879489059315,1.66
EVT-01312,0,0.012559180048639281,1.26
EVT-01313,0,0.014535700172747025,1.45
EVT-01314,0,0.016971423664841914,1.7
EVT-01315,0,0.017100715536787235,1.71
EVT-01316,0,0.016567368773094025,1.66
EVT-01317,0,0.0149493878380267,1.49
EVT-01318,0,0.005148519530488049,0.51
EVT-01319,0,0.018448381680063207,1.84
EVT-01320,0,0.02048568220739173,2.05
EVT-01321,0,0.011133888758696593,1.11
EVT-01322,0,0.01664725012675049,1.66
EVT-01323,0,0.019761891017929672,1.98
EVT-01324,0,0.016201703248057454,1.62
EVT-01325,0,0.010907627905855522,1.09
EVT-01326,0,0.014475053248586906,1.45
EVT-01327,0,0.014568872720774551,1.46
EVT-01328,0,0.1315846927517014,13.16
EVT-01329,0,0.014568872720774551,1.46
EVT-01330,0,0.012240563858320211,1.22
EVT-01331,0,0.009324382055107073,0.93
EVT-01332,0,0.009071591591659392,0.91
EVT-01333,0,0.01474968952948547,1.47
EVT-01334,0,0.01968796935465505,1.97
EVT-01335,0,0.01940374160699722,1.94
EVT-01336,0,0.006259704977834559,0.63
EVT-01337,0,0.01170976792122393,1.17
EVT-01338,0,0.016101857847479757,1.61
EVT-01339,0,0.009280488643330788,0.93
EVT-01340,0,0.011586569973449245,1.16
EVT-01341,0,0.014447958040568238,1.44
EVT-01342,0,0.011081503036264002,1.11
EVT-01343,0,0.00511256213545756,0.51
EVT-01344,0,0.0149493878380267,1.49
EVT-01345,0,0.017443119589428124,1.74
EVT-01346,0,0.01617909965464682,1.62
EVT-01347,0,0.014965089331211509,1.5
EVT-01348,0,0.01989391130752093,1.99
EVT-01349,0,0.014067278334993138,1.41
EVT-01350,0,0.012342914346945335,1.23
EVT-01351,0,0.012581180962331845,1.26
EVT-01352,0,0.010115897305609784,1.01
EVT-01353,0,0.00511256213545756,0.51
EVT-01354,0,0.017443119589428124,1.74
EVT-01355,0,0.010289653052403144,1.03
EVT-01356,0,0.01209664668722064,1.21
EVT-01357,0,0.015338280758880456,1.53
EVT-01358,0,0.017443119589428124,1.74
EVT-01359,0,0.013321763134560596,1.33
EVT-01360,0,0.0114674252253984,1.15
EVT-01361,0,0.011289830407094274,1.13
EVT-01362,0,0.01614094590700234,1.61
EVT-01363,0,0.011289830407094274,1.13
EVT-01364,0,0.014762883526693886,1.48
EVT-01365,0,0.015778085681849154,1.58
EVT-01366,0,0.01474968952948547,1.47
EVT-01367,0,0.01806342073826604,1.81
EVT-01368,0,0.006141923023741647,0.61
EVT-01369,0,0.017193492060182135,1.72
EVT-01370,0,0.018148646708241043,1.81
EVT-01371,0,0.014101711904817184,1.41
EVT-01372,0,0.007249397432629287,0.72
EVT-01373,0,0.019761891017929672,1.98
EVT-01374,0,0.0070214905343187126,0.7
EVT-01375,0,0.010604082970688374,1.06
EVT-01376,0,0.013036250431517814,1.3
EVT-01377,1,0.8655801791108623,86.56
EVT-01378,0,0.014101711904817184,1.41
EVT-01379,0,0.006141923023741647,0.61
EVT-01380,0,0.016856172618669164,1.69
EVT-01381,0,0.017100715536787235,1.71
EVT-01382,0,0.014089808740924449,1.41
EVT-01383,0,0.01239996451898929,1.24
EVT-01384,0,0.015580327894218102,1.56
EVT-01385,0,0.015282450810914268,1.53
EVT-01386,0,0.010223553792245222,1.02
EVT-01387,1,0.862831717472784,86.28
EVT-01388,0,0.013651494748934671,1.37
EVT-01389,0,0.00911454020865791,0.91
EVT-01390,0,0.012581180962331845,1.26
EVT-01391,0,0.013036250431517814,1.3
EVT-01392,0,0.009071591591659392,0.91
EVT-01393,0,0.015123279787049044,1.51
EVT-01394,0,0.013651494748934671,1.37
EVT-01395,1,0.8336249072836943,83.36
EVT-01396,0,0.01236904608645115,1.24
EVT-01397,0,0.009324382055107073,0.93
EVT-01398,0,0.012144312399955502,1.21
EVT-01399,0,0.013275023532622516,1.33
EVT-01400,0,0.012019000883653996,1.2
EVT-01401,0,0.017419571468568082,1.74
EVT-01402,0,0.004632976067745722,0.46
EVT-01403,0,0.004263672635527424,0.43
EVT-01404,0,0.01806342073826604,1.81
EVT-01405,0,0.012311821162919878,1.23
EVT-01406,0,0.016971423664841914,1.7
EVT-01407,0,0.009324382055107073,0.93
EVT-01408,0,0.014447958040568238,1.44
EVT-01409,0,0.01001138143243648,1.0
EVT-01410,0,0.01170976792122393,1.17
EVT-01411,0,0.012400564772291563,1.24
EVT-01412,0,0.012559180048639281,1.26
EVT-01413,1,0.8063801016786734,80.64
EVT-01414,0,0.017193492060182135,1.72
EVT-01415,0,0.01474968952948547,1.47
EVT-01416,0,0.015580327894218102,1.56
EVT-01417,0,0.015123279787049044,1.51
EVT-01418,0,0.009098160144125702,0.91
EVT-01419,0,0.012597344166813807,1.26
EVT-01420,0,0.007487044944619255,0.75
EVT-01421,0,0.01328302880526146,1.33
EVT-01422,0,0.016764444914772393,1.68
EVT-01423,0,0.012342914346945335,1.23
EVT-01424,0,0.009280488643330788,0.93
EVT-01425,0,0.015282450810914268,1.53
EVT-01426,0,0.017900834456068562,1.79
EVT-01427,0,0.013042286474735125,1.3
EVT-01428,0,0.019821668365091232,1.98
EVT-01429,1,0.8143478303320567,81.43
EVT-01430,0,0.009804157654742312,0.98
EVT-01431,0,0.012240563858320211,1.22
EVT-01432,0,0.015463983874743509,1.55
EVT-01433,0,0.012597344166813807,1.26
EVT-01434,0,0.015438768654305279,1.54
EVT-01435,0,0.015192202961817381,1.52
EVT-01436,0,0.01838383678253846,1.84
EVT-01437,0,0.012144312399955502,1.21
EVT-01438,0,0.008723247210474263,0.87
EVT-01439,0,0.013275023532622516,1.33
EVT-01440,0,0.012006646286903174,1.2
EVT-01441,0,0.01814195204465865,1.81
EVT-01442,0,0.016784753803907045,1.68
EVT-01443,0,0.012559180048639281,1.26
EVT-01444,0,0.018148646708241043,1.81
EVT-01445,0,0.018148646708241043,1.81
EVT-01446,0,0.014447958040568238,1.44
EVT-01447,0,0.01001138143243648,1.0
EVT-01448,0,0.012092312773702592,1.21
EVT-01449,0,0.1170457883631925,11.7
EVT-01450,1,0.7931063553831131,79.31
EVT-01451,0,0.014762883526693886,1.48
EVT-01452,0,0.015082775023667014,1.51
EVT-01453,0,0.017220811199722408,1.72
EVT-01454,0,0.009804157654742312,0.98
EVT-01455,0,0.013321763134560596,1.33
EVT-01456,0,0.012597344166813807,1.26
EVT-01457,0,0.016856172618669164,1.69
EVT-01458,0,0.014564038153563412,1.46
EVT-01459,1,0.8519105788992541,85.19
EVT-01460,0,0.012374393256485398,1.24
EVT-01461,0,0.008941142552473406,0.89
EVT-01462,0,0.014965089331211509,1.5
EVT-01463,0,0.009071591591659392,0.91
EVT-01464,0,0.014447958040568238,1.44
EVT-01465,0,0.014447958040568238,1.44
EVT-01466,0,0.01992073949236142,1.99
EVT-01467,0,0.01806342073826604,1.81
EVT-01468,0,0.012342914346945335,1.23
EVT-01469,0,0.013125370452709366,1.31
EVT-01470,1,0.8339819879948719,83.4
EVT-01471,0,0.013651494748934671,1.37
EVT-01472,0,0.009213457192264617,0.92
EVT-01473,0,0.013148915530169709,1.31
EVT-01474,0,0.015082775023667014,1.51
EVT-01475,1,0.8405788234886578,84.06
EVT-01476,0,0.015404277833995596,1.54
EVT-01477,0,0.012527670519106183,1.25
EVT-01478,0,0.015580327894218102,1.56
EVT-01479,0,0.012631763848389916,1.26
EVT-01480,0,0.011738728390316259,1.17
EVT-01481,0,0.01581795590163844,1.58
EVT-01482,0,0.006259704977834559,0.63
EVT-01483,0,0.012240563858320211,1.22
EVT-01484,0,0.017419571468568082,1.74
EVT-01485,0,0.014762883526693886,1.48
EVT-01486,0,0.012400564772291563,1.24
EVT-01487,1,0.836003833108107,83.6
EVT-01488,0,0.020453903998635593,2.05
EVT-01489,0,0.014517372902574292,1.45
EVT-01490,0,0.009071591591659392,0.91
EVT-01491,0,0.015463983874743509,1.55
EVT-01492,0,0.016971423664841914,1.7
EVT-01493,0,0.0149493878380267,1.49
EVT-01494,0,0.01914195277154842,1.91
EVT-01495,0,0.021812639110101555,2.18
EVT-01496,0,0.009804157654742312,0.98
EVT-01497,0,0.011587320176436983,1.16
EVT-01498,0,0.015140213168613388,1.51
EVT-01499,0,0.017220811199722408,1.72
EVT-01500,0,0.01001138143243648,1.0
EVT-01501,1,0.8553846167345243,85.54
EVT-01502,0,0.010604082970688374,1.06
EVT-01503,0,0.016069295979863972,1.61
EVT-01504,0,0.014762883526693886,1.48
EVT-01505,0,0.01221553213356974,1.22
EVT-01506,0,0.00911454020865791,0.91
EVT-01507,1,0.8226217749158015,82.26
EVT-01508,0,0.010907627905855522,1.09
EVT-01509,0,0.016069295979863972,1.61
EVT-01510,0,0.012311821162919878,1.23
EVT-01511,0,0.00801253288671569,0.8
EVT-01512,0,0.016856172618669164,1.69
EVT-01513,0,0.010907627905855522,1.09
EVT-01514,0,0.01814195204465865,1.81
EVT-01515,0,0.014089808740924449,1.41
EVT-01516,0,0.015404277833995596,1.54
EVT-01517,0,0.014089808740924449,1.41
EVT-01518,0,0.013148915530169709,1.31
EVT-01519,0,0.016359358011079107,1.64
EVT-01520,0,0.01408875754196468,1.41
EVT-01521,1,0.8753846167345243,87.54
EVT-01522,1,0.8513033631945007,85.13
EVT-01523,0,0.019761891017929672,1.98
EVT-01524,0,0.012006646286903174,1.2
EVT-01525,0,0.015580327894218102,1.56
EVT-01526,0,0.012631763848389916,1.26
EVT-01527,0,0.012581180962331845,1.26
EVT-01528,0,0.00967618892649975,0.97
EVT-01529,0,0.015438768654305279,1.54
EVT-01530,0,0.01992073949236142,1.99
EVT-01531,0,0.011587320176436983,1.16
EVT-01532,0,0.013910725728107932,1.39
EVT-01533,0,0.014972955175871008,1.5
EVT-01534,0,0.01236904608645115,1.24
EVT-01535,0,0.014447958040568238,1.44
EVT-01536,0,0.016497924243663982,1.65
EVT-01537,0,0.013702693718721255,1.37
EVT-01538,0,0.016637879489059315,1.66
EVT-01539,0,0.009098160144125702,0.91
EVT-01540,0,0.016497924243663982,1.65
EVT-01541,0,0.01135967560443339,1.14
EVT-01542,0,0.011587320176436983,1.16
EVT-01543,0,0.014101711904817184,1.41
EVT-01544,0,0.009071591591659392,0.91
EVT-01545,0,0.013321763134560596,1.33
EVT-01546,0,0.012144312399955502,1.21
EVT-01547,0,0.01184141590172666,1.18
EVT-01548,0,0.020606235473508504,2.06
EVT-01549,0,0.017220811199722408,1.72
EVT-01550,0,0.006259704977834559,0.63
EVT-01551,0,0.015778085681849154,1.58
EVT-01552,0,0.16558709400177193,16.56
EVT-01553,0,0.016856172618669164,1.69
EVT-01554,0,0.016359358011079107,1.64
EVT-01555,0,0.013036250431517814,1.3
EVT-01556,0,0.012631763848389916,1.26
EVT-01557,0,0.018448381680063207,1.84
EVT-01558,0,0.006259704977834559,0.63
EVT-01559,0,0.016201703248057454,1.62
EVT-01560,0,0.012400564772291563,1.24
EVT-01561,0,0.020606235473508504,2.06
EVT-01562,0,0.015438768654305279,1.54
EVT-01563,0,0.010589943137987239,1.06
EVT-01564,0,0.009213457192264617,0.92
EVT-01565,0,0.01989391130752093,1.99
EVT-01566,1,0.6869732913676614,68.7
EVT-01567,0,0.015438768654305279,1.54
EVT-01568,0,0.017419571468568082,1.74
EVT-01569,0,0.015778085681849154,1.58
EVT-01570,0,0.016069295979863972,1.61
EVT-01571,0,0.007249397432629287,0.72
EVT-01572,0,0.011586569973449245,1.16
EVT-01573,0,0.010907627905855522,1.09
EVT-01574,0,0.013174861439817932,1.32
EVT-01575,0,0.019761891017929672,1.98
EVT-01576,0,0.015213009694065483,1.52
EVT-01577,0,0.018448381680063207,1.84
EVT-01578,0,0.015192202961817381,1.52
EVT-01579,0,0.01664725012675049,1.66
EVT-01580,0,0.013077035635614088,1.31
EVT-01581,0,0.01617909965464682,1.62
EVT-01582,0,0.020606235473508504,2.06
EVT-01583,0,0.011586569973449245,1.16
EVT-01584,0,0.00850649286878448,0.85
EVT-01585,0,0.016101857847479757,1.61
EVT-01586,0,0.018148646708241043,1.81
EVT-01587,1,0.8202758308804633,82.03
EVT-01588,0,0.016903512033757073,1.69
EVT-01589,0,0.014972955175871008,1.5
EVT-01590,0,0.014564038153563412,1.46
EVT-01591,0,0.01470909540469494,1.47
EVT-01592,0,0.011242553562262001,1.12
EVT-01593,0,0.009324382055107073,0.93
EVT-01594,0,0.019136008427762433,1.91
EVT-01595,0,0.00801253288671569,0.8
EVT-01596,0,0.016359358011079107,1.64
EVT-01597,0,0.006259704977834559,0.63
EVT-01598,0,0.012342914346945335,1.23
EVT-01599,0,0.0114674252253984,1.15
EVT-01600,0,0.017419571468568082,1.74
EVT-01601,0,0.01470909540469494,1.47
EVT-01602,0,0.004263672635527424,0.43
EVT-01603,0,0.016201703248057454,1.62
EVT-01604,0,0.01257077400172978,1.26
EVT-01605,0,0.01881097906662216,1.88
EVT-01606,0,0.019821668365091232,1.98
EVT-01607,0,0.01001138143243648,1.0
EVT-01608,0,0.012499951785475165,1.25
EVT-01609,0,0.009324382055107073,0.93
EVT-01610,0,0.1602788065700004,16.03
EVT-01611,1,0.8144738061079445,81.45
EVT-01612,0,0.01581795590163844,1.58
EVT-01613,0,0.018148646708241043,1.81
EVT-01614,0,0.01236904608645115,1.24
EVT-01615,0,0.010582585583379227,1.06
EVT-01616,0,0.006259704977834559,0.63
EVT-01617,1,0.7713959650637654,77.14
EVT-01618,0,0.021812639110101555,2.18
EVT-01619,0,0.014089808740924449,1.41
EVT-01620,0,0.010907627905855522,1.09
EVT-01621,0,0.015438768654305279,1.54
EVT-01622,0,0.014568872720774551,1.46
EVT-01623,0,0.020453903998635593,2.05
EVT-01624,0,0.016069295979863972,1.61
EVT-01625,0,0.013218888737116534,1.32
EVT-01626,0,0.01617909965464682,1.62
EVT-01627,0,0.014568872720774551,1.46
EVT-01628,0,0.011738728390316259,1.17
EVT-01629,0,0.010115897305609784,1.01
EVT-01630,0,0.009323993600741048,0.93
EVT-01631,0,0.011586569973449245,1.16
EVT-01632,0,0.01239996451898929,1.24
EVT-01633,1,0.865933284100197,86.59
EVT-01634,0,0.00511256213545756,0.51
EVT-01635,0,0.015778085681849154,1.58
EVT-01636,0,0.017900834456068562,1.79
EVT-01637,0,0.017900834456068562,1.79
EVT-01638,0,0.017193492060182135,1.72
EVT-01639,0,0.013321763134560596,1.33
EVT-01640,1,0.8363285465985943,83.63
EVT-01641,0,0.009990375676748143,1.0
EVT-01642,0,0.012527670519106183,1.25
EVT-01643,0,0.01328302880526146,1.33
EVT-01644,0,0.01814195204465865,1.81
EVT-01645,0,0.005148519530488049,0.51
EVT-01646,0,0.019136008427762433,1.91
EVT-01647,0,0.0059401778868638,0.59
EVT-01648,0,0.012559180048639281,1.26
EVT-01649,0,0.013218888737116534,1.32
EVT-01650,1,0.7801040067645562,78.01
EVT-01651,0,0.010589943137987239,1.06
EVT-01652,0,0.006259704977834559,0.63
EVT-01653,0,0.012527670519106183,1.25
EVT-01654,0,0.019761891017929672,1.98
EVT-01655,0,0.01209664668722064,1.21
EVT-01656,0,0.012834470941064192,1.28
EVT-01657,1,0.8078250473515775,80.78
EVT-01658,0,0.011586569973449245,1.16
EVT-01659,0,0.01184141590172666,1.18
EVT-01660,0,0.013321763134560596,1.33
EVT-01661,0,0.0059401778868638,0.59
EVT-01662,0,0.012006646286903174,1.2
EVT-01663,0,0.01581795590163844,1.58
EVT-01664,0,0.014475053248586906,1.45
EVT-01665,0,0.012631763848389916,1.26
EVT-01666,0,0.01328302880526146,1.33
EVT-01667,0,0.005215422246876786,0.52
EVT-01668,0,0.017193492060182135,1.72
EVT-01669,0,0.0114674252253984,1.15
EVT-01670,0,0.019821668365091232,1.98
EVT-01671,0,0.0114674252253984,1.15
EVT-01672,0,0.010223553792245222,1.02
EVT-01673,0,0.009280488643330788,0.93
EVT-01674,0,0.015778085681849154,1.58
EVT-01675,0,0.014972955175871008,1.5
EVT-01676,0,0.016101857847479757,1.61
EVT-01677,0,0.01664725012675049,1.66
EVT-01678,0,0.012597344166813807,1.26
EVT-01679,0,0.012006646286903174,1.2
EVT-01680,0,0.018148646708241043,1.81
EVT-01681,0,0.015140213168613388,1.51
EVT-01682,0,0.015213009694065483,1.52
EVT-01683,0,0.009324382055107073,0.93
EVT-01684,0,0.015140213168613388,1.51
EVT-01685,0,0.01676442429665314,1.68
EVT-01686,0,0.00967618892649975,0.97
EVT-01687,0,0.018148646708241043,1.81
EVT-01688,0,0.02002123424389245,2.0
EVT-01689,0,0.005215422246876786,0.52
EVT-01690,0,0.016856172618669164,1.69
EVT-01691,0,0.01676442429665314,1.68
EVT-01692,0,0.012374393256485398,1.24
EVT-01693,0,0.0114674252253984,1.15
EVT-01694,0,0.0182192477245571,1.82
EVT-01695,0,0.01814195204465865,1.81
EVT-01696,0,0.01337249175583205,1.34
EVT-01697,1,0.852908285667028,85.29
EVT-01698,0,0.010223553792245222,1.02
EVT-01699,0,0.015082775023667014,1.51
EVT-01700,0,0.011081503036264002,1.11
EVT-01701,0,0.019136008427762433,1.91
EVT-01702,0,0.005148519530488049,0.51
EVT-01703,0,0.015338280758880456,1.53
EVT-01704,0,0.014965089331211509,1.5
EVT-01705,0,0.01581795590163844,1.58
EVT-01706,0,0.01989391130752093,1.99
EVT-01707,0,0.016069295979863972,1.61
EVT-01708,0,0.01236904608645115,1.24
EVT-01709,0,0.012499951785475165,1.25
EVT-01710,0,0.009047605255992616,0.9
EVT-01711,0,0.015438768654305279,1.54
EVT-01712,0,0.01968796935465505,1.97
EVT-01713,0,0.014965089331211509,1.5
EVT-01714,0,0.015438768654305279,1.54
EVT-01715,1,0.7857556212738356,78.58
EVT-01716,0,0.01806342073826604,1.81
EVT-01717,0,0.009990375676748143,1.0
EVT-01718,0,0.011133888758696593,1.11
EVT-01719,0,0.016101857847479757,1.61
EVT-01720,0,0.015282450810914268,1.53
EVT-01721,0,0.011586569973449245,1.16
EVT-01722,1,0.8325667818021891,83.26
EVT-01723,0,0.009071591591659392,0.91
EVT-01724,0,0.01838383678253846,1.84
EVT-01725,0,0.011738728390316259,1.17
EVT-01726,0,0.012631763848389916,1.26
EVT-01727,0,0.00511256213545756,0.51
EVT-01728,0,0.01221553213356974,1.22
EVT-01729,0,0.011587320176436983,1.16
EVT-01730,0,0.00911454020865791,0.91
EVT-01731,1,0.8060755548644017,80.61
EVT-01732,0,0.012400564772291563,1.24
EVT-01733,0,0.012400564772291563,1.24
EVT-01734,1,0.7406294010182479,74.06
EVT-01735,0,0.015037240433989373,1.5
EVT-01736,0,0.012144312399955502,1.21
EVT-01737,0,0.016903512033757073,1.69
EVT-01738,0,0.01881097906662216,1.88
EVT-01739,0,0.015778085681849154,1.58
EVT-01740,1,0.7926263416856882,79.26
EVT-01741,0,0.01135967560443339,1.14
EVT-01742,0,0.01581795590163844,1.58
EVT-01743,0,0.01914195277154842,1.91
EVT-01744,0,0.012092312773702592,1.21
EVT-01745,0,0.01838383678253846,1.84
EVT-01746,0,0.015192202961817381,1.52
EVT-01747,0,0.013036250431517814,1.3
EVT-01748,0,0.010289653052403144,1.03
EVT-01749,0,0.012400564772291563,1.24
EVT-01750,0,0.014564038153563412,1.46
EVT-01751,0,0.02331391679341716,2.33
EVT-01752,0,0.008941142552473406,0.89
EVT-01753,0,0.004632976067745722,0.46
EVT-01754,0,0.01470909540469494,1.47
EVT-01755,0,0.01039663106614751,1.04
EVT-01756,0,0.018448381680063207,1.84
EVT-01757,0,0.008941142552473406,0.89
EVT-01758,0,0.01553742126471195,1.55
EVT-01759,0,0.016637879489059315,1.66
EVT-01760,0,0.014513190310445226,1.45
EVT-01761,0,0.010604082970688374,1.06
EVT-01762,0,0.013910725728107932,1.39
EVT-01763,0,0.01618316999222503,1.62
EVT-01764,0,0.015123279787049044,1.51
EVT-01765,0,0.010115897305609784,1.01
EVT-01766,0,0.006141923023741647,0.61
EVT-01767,0,0.010582585583379227,1.06
EVT-01768,1,0.8614496036638951,86.14
EVT-01769,0,0.012144312399955502,1.21
EVT-01770,1,0.8614496036638951,86.14
EVT-01771,0,0.009323993600741048,0.93
EVT-01772,0,0.015213009694065483,1.52
EVT-01773,0,0.013248576161198561,1.32
EVT-01774,0,0.015082775023667014,1.51
EVT-01775,0,0.015213009694065483,1.52
EVT-01776,0,0.017100715536787235,1.71
EVT-01777,1,0.8501245036559961,85.01
EVT-01778,0,0.00850649286878448,0.85
EVT-01779,0,0.014965089331211509,1.5
EVT-01780,0,0.008723247210474263,0.87
EVT-01781,0,0.013077035635614088,1.31
EVT-01782,0,0.01328302880526146,1.33
EVT-01783,0,0.01717057061238201,1.72
EVT-01784,0,0.01328302880526146,1.33
EVT-01785,0,0.015123279787049044,1.51
EVT-01786,0,0.015037240433989373,1.5
EVT-01787,0,0.018148646708241043,1.81
EVT-01788,0,0.01170976792122393,1.17
EVT-01789,0,0.01337249175583205,1.34
EVT-01790,0,0.01992073949236142,1.99
EVT-01791,0,0.01170976792122393,1.17
EVT-01792,0,0.01581795590163844,1.58
EVT-01793,0,0.01408875754196468,1.41
EVT-01794,0,0.015037240433989373,1.5
EVT-01795,0,0.013042286474735125,1.3
EVT-01796,0,0.008723247210474263,0.87
EVT-01797,1,0.7810183725773481,78.1
EVT-01798,0,0.012631763848389916,1.26
EVT-01799,1,0.8392486785922392,83.92
EVT-01800,0,0.01221553213356974,1.22
EVT-01801,0,0.019009581013612,1.9
EVT-01802,0,0.020606235473508504,2.06
EVT-01803,1,0.8518564703502112,85.19
EVT-01804,0,0.012913822594738342,1.29
EVT-01805,1,0.8185772455659208,81.86
EVT-01806,0,0.011586569973449245,1.16
EVT-01807,0,0.0149493878380267,1.49
EVT-01808,0,0.01614094590700234,1.61
EVT-01809,0,0.015123279787049044,1.51
EVT-01810,0,0.016497924243663982,1.65
EVT-01811,0,0.016069295979863972,1.61
EVT-01812,0,0.013148915530169709,1.31
EVT-01813,0,0.012834470941064192,1.28
EVT-01814,0,0.015282450810914268,1.53
EVT-01815,0,0.014535700172747025,1.45
EVT-01816,0,0.012240563858320211,1.22
EVT-01817,0,0.0059401778868638,0.59
EVT-01818,0,0.015213009694065483,1.52
EVT-01819,0,0.01914195277154842,1.91
EVT-01820,0,0.016567368773094025,1.66
EVT-01821,0,0.012006646286903174,1.2
EVT-01822,1,0.7805044326964213,78.05
EVT-01823,1,0.788761913583595,78.88
EVT-01824,0,0.012374393256485398,1.24
EVT-01825,0,0.020453903998635593,2.05
EVT-01826,0,0.012694242461115399,1.27
EVT-01827,0,0.014067278334993138,1.41
EVT-01828,0,0.013174861439817932,1.32
EVT-01829,0,0.013077035635614088,1.31
EVT-01830,0,0.012019000883653996,1.2
EVT-01831,0,0.013077035635614088,1.31
EVT-01832,1,0.7506519204635633,75.07
EVT-01833,0,0.014568872720774551,1.46
EVT-01834,0,0.011586569973449245,1.16
EVT-01835,0,0.009047605255992616,0.9
EVT-01836,0,0.005148519530488049,0.51
EVT-01837,0,0.013042286474735125,1.3
EVT-01838,0,0.015338280758880456,1.53
EVT-01839,0,0.018148646708241043,1.81
EVT-01840,0,0.01676442429665314,1.68
EVT-01841,0,0.012694242461115399,1.27
EVT-01842,0,0.015037240433989373,1.5
EVT-01843,0,0.019821668365091232,1.98
EVT-01844,0,0.014475053248586906,1.45
EVT-01845,0,0.00511256213545756,0.51
EVT-01846,0,0.017443119589428124,1.74
EVT-01847,1,0.8595006033093094,85.95
EVT-01848,0,0.01257077400172978,1.26
EVT-01849,0,0.015192202961817381,1.52
EVT-01850,0,0.004632976067745722,0.46
EVT-01851,1,0.8258611558669637,82.59
EVT-01852,1,0.8143478303320567,81.43
EVT-01853,0,0.009047605255992616,0.9
EVT-01854,0,0.006141923023741647,0.61
EVT-01855,0,0.010589943137987239,1.06
EVT-01856,0,0.015282450810914268,1.53
EVT-01857,0,0.007487044944619255,0.75
EVT-01858,0,0.010589943137987239,1.06
EVT-01859,0,0.011738728390316259,1.17
EVT-01860,0,0.009047605255992616,0.9
EVT-01861,0,0.011586569973449245,1.16
EVT-01862,0,0.011242553562262001,1.12
EVT-01863,0,0.01001138143243648,1.0
EVT-01864,0,0.005215422246876786,0.52
EVT-01865,0,0.00801253288671569,0.8
EVT-01866,0,0.007487044944619255,0.75
EVT-01867,0,0.010604082970688374,1.06
EVT-01868,0,0.01408875754196468,1.41
EVT-01869,0,0.01664725012675049,1.66
EVT-01870,0,0.012092312773702592,1.21
EVT-01871,0,0.011586569973449245,1.16
EVT-01872,0,0.018148646708241043,1.81
EVT-01873,0,0.012527670519106183,1.25
EVT-01874,0,0.015192202961817381,1.52
EVT-01875,0,0.012527670519106183,1.25
EVT-01876,0,0.013174861439817932,1.32
EVT-01877,0,0.009990375676748143,1.0
EVT-01878,0,0.012631757953755606,1.26
EVT-01879,0,0.013702693718721255,1.37
EVT-01880,0,0.011289830407094274,1.13
EVT-01881,0,0.006141923023741647,0.61
EVT-01882,0,0.009804157654742312,0.98
EVT-01883,0,0.017900834456068562,1.79
EVT-01884,0,0.009280488643330788,0.93
EVT-01885,1,0.7974087108181672,79.74
EVT-01886,0,0.4148318233664401,41.48
EVT-01887,1,0.8518564703502112,85.19
EVT-01888,0,0.016971423664841914,1.7
EVT-01889,0,0.01992073949236142,1.99
EVT-01890,0,0.013993477678002656,1.4
EVT-01891,0,0.007487044944619255,0.75
EVT-01892,0,0.016903512033757073,1.69
EVT-01893,0,0.013321763134560596,1.33
EVT-01894,0,0.016201703248057454,1.62
EVT-01895,0,0.015580327894218102,1.56
EVT-01896,0,0.02002123424389245,2.0
EVT-01897,0,0.00967618892649975,0.97
EVT-01898,0,0.007487044944619255,0.75
EVT-01899,0,0.01940374160699722,1.94
EVT-01900,0,0.016637879489059315,1.66
EVT-01901,0,0.012019000883653996,1.2
EVT-01902,0,0.015338280758880456,1.53
EVT-01903,0,0.008723247210474263,0.87
EVT-01904,0,0.01474968952948547,1.47
EVT-01905,0,0.009098160144125702,0.91
EVT-01906,0,0.015123279787049044,1.51
EVT-01907,1,0.8091419067888151,80.91
EVT-01908,0,0.015192202961817381,1.52
EVT-01909,0,0.015213009694065483,1.52
EVT-01910,0,0.015123279787049044,1.51
EVT-01911,0,0.016637879489059315,1.66
EVT-01912,0,0.013248576161198561,1.32
EVT-01913,0,0.012581180962331845,1.26
EVT-01914,0,0.019821668365091232,1.98
EVT-01915,0,0.010223553792245222,1.02
EVT-01916,0,0.01614094590700234,1.61
EVT-01917,0,0.012240563858320211,1.22
EVT-01918,0,0.008723247210474263,0.87
EVT-01919,0,0.0149493878380267,1.49
EVT-01920,0,0.013993477678002656,1.4
EVT-01921,0,0.012311821162919878,1.23
EVT-01922,0,0.005148519530488049,0.51
EVT-01923,1,0.852908285667028,85.29
EVT-01924,0,0.014535700172747025,1.45
EVT-01925,0,0.012631763848389916,1.26
EVT-01926,0,0.01337249175583205,1.34
EVT-01927,0,0.010115897305609784,1.01
EVT-01928,0,0.015213009694065483,1.52
EVT-01929,0,0.016101857847479757,1.61
EVT-01930,0,0.018148646708241043,1.81
EVT-01931,0,0.012834470941064192,1.28
EVT-01932,0,0.014447958040568238,1.44
EVT-01933,0,0.015082775023667014,1.51
EVT-01934,0,0.014067278334993138,1.41
EVT-01935,0,0.013275023532622516,1.33
EVT-01936,0,0.013321763134560596,1.33
EVT-01937,0,0.009804157654742312,0.98
EVT-01938,0,0.009990375676748143,1.0
EVT-01939,0,0.009323993600741048,0.93
EVT-01940,0,0.012019000883653996,1.2
EVT-01941,0,0.013125370452709366,1.31
EVT-01942,0,0.0114674252253984,1.15
EVT-01943,0,0.010907627905855522,1.09
EVT-01944,0,0.011133888758696593,1.11
EVT-01945,0,0.014393770892759965,1.44
EVT-01946,0,0.4893831579178746,48.94
EVT-01947,0,0.00511256213545756,0.51
EVT-01948,0,0.007487044944619255,0.75
EVT-01949,0,0.005148519530488049,0.51
EVT-01950,0,0.012006646286903174,1.2
EVT-01951,0,0.012597344166813807,1.26
EVT-01952,0,0.016201703248057454,1.62
EVT-01953,0,0.01992073949236142,1.99
EVT-01954,0,0.01914195277154842,1.91
EVT-01955,0,0.015192202961817381,1.52
EVT-01956,0,0.0114674252253984,1.15
EVT-01957,0,0.016764444914772393,1.68
EVT-01958,0,0.006259704977834559,0.63
EVT-01959,0,0.012581180962331845,1.26
EVT-01960,1,0.8230592864150782,82.31
EVT-01961,0,0.0070214905343187126,0.7
EVT-01962,0,0.01039663106614751,1.04
EVT-01963,1,0.5724083004965825,57.24
EVT-01964,0,0.016069295979863972,1.61
EVT-01965,0,0.01773117964914321,1.77
EVT-01966,0,0.01940374160699722,1.94
EVT-01967,0,0.02048568220739173,2.05
EVT-01968,0,0.018148646708241043,1.81
EVT-01969,0,0.01935060420393374,1.94
EVT-01970,0,0.009324382055107073,0.93
EVT-01971,0,0.012019000883653996,1.2
EVT-01972,0,0.015778085681849154,1.58
EVT-01973,0,0.017962504861407463,1.8
EVT-01974,0,0.008941142552473406,0.89
EVT-01975,0,0.004263672635527424,0.43
EVT-01976,0,0.01328302880526146,1.33
EVT-01977,0,0.019761891017929672,1.98
EVT-01978,0,0.014564038153563412,1.46
EVT-01979,0,0.012342914346945335,1.23
EVT-01980,0,0.018448381680063207,1.84
EVT-01981,0,0.012238949719322077,1.22
EVT-01982,0,0.016201703248057454,1.62
EVT-01983,0,0.014564038153563412,1.46
EVT-01984,0,0.010604082970688374,1.06
EVT-01985,0,0.01773117964914321,1.77
EVT-01986,0,0.01553742126471195,1.55
EVT-01987,0,0.014762883526693886,1.48
EVT-01988,0,0.01914195277154842,1.91
EVT-01989,0,0.00801253288671569,0.8
EVT-01990,0,0.012581214397453183,1.26
EVT-01991,0,0.009280488643330788,0.93
EVT-01992,0,0.012631757953755606,1.26
EVT-01993,0,0.01581795590163844,1.58
EVT-01994,0,0.015037240433989373,1.5
EVT-01995,0,0.012581214397453183,1.26
EVT-01996,1,0.8613888295665102,86.14
EVT-01997,1,0.7883270894552725,78.83
EVT-01998,0,0.01838383678253846,1.84
EVT-01999,0,0.01989391130752093,1.99
EVT-02000,0,0.011242553562262001,1.12
EVT-02001,0,0.012092312773702592,1.21
EVT-02002,0,0.009990375676748143,1.0
EVT-02003,0,0.012631757953755606,1.26
EVT-02004,0,0.014101711904817184,1.41
EVT-02005,0,0.0149493878380267,1.49
EVT-02006,0,0.014568872720774551,1.46
EVT-02007,0,0.015282450810914268,1.53
EVT-02008,1,0.8080969335435004,80.81
EVT-02009,0,0.010042581280689656,1.0
EVT-02010,0,0.01239996451898929,1.24
EVT-02011,0,0.01838383678253846,1.84
EVT-02012,0,0.01617909965464682,1.62
EVT-02013,0,0.014762883526693886,1.48
EVT-02014,0,0.023054182509047595,2.31
EVT-02015,0,0.018448381680063207,1.84
EVT-02016,0,0.020453903998635593,2.05
EVT-02017,0,0.018448381680063207,1.84
EVT-02018,0,0.01337249175583205,1.34
EVT-02019,1,0.8263801016786734,82.64
EVT-02020,0,0.014965089331211509,1.5
EVT-02021,0,0.016497924243663982,1.65
EVT-02022,0,0.015580327894218102,1.56
EVT-02023,0,0.020453903998635593,2.05
EVT-02024,0,0.012311821162919878,1.23
EVT-02025,0,0.02002123424389245,2.0
EVT-02026,0,0.0059401778868638,0.59
EVT-02027,0,0.01039663106614751,1.04
EVT-02028,0,0.004632976067745722,0.46
EVT-02029,0,0.007249397432629287,0.72
EVT-02030,0,0.018148646708241043,1.81
EVT-02031,0,0.019761891017929672,1.98
EVT-02032,1,0.7657104060978199,76.57
EVT-02033,0,0.004632976067745722,0.46
EVT-02034,0,0.01170976792122393,1.17
EVT-02035,0,0.013702693718721255,1.37
EVT-02036,0,0.014564038153563412,1.46
EVT-02037,0,0.015123279787049044,1.51
EVT-02038,0,0.008941142552473406,0.89
EVT-02039,1,0.7240756144776482,72.41
EVT-02040,0,0.015140213168613388,1.51
EVT-02041,0,0.013993477678002656,1.4
EVT-02042,0,0.016784753803907045,1.68
EVT-02043,0,0.009098160144125702,0.91
EVT-02044,0,0.019136008427762433,1.91
EVT-02045,1,0.7861477807815258,78.61
EVT-02046,0,0.014447958040568238,1.44
EVT-02047,0,0.03713065054141016,3.71
EVT-02048,0,0.0182192477245571,1.82
EVT-02049,0,0.009047605255992616,0.9
EVT-02050,0,0.009324382055107073,0.93
EVT-02051,1,0.8392486785922392,83.92
EVT-02052,0,0.01184141590172666,1.18
EVT-02053,0,0.011289830407094274,1.13
EVT-02054,0,0.01838383678253846,1.84
EVT-02055,0,0.011081503036264002,1.11
EVT-02056,0,0.017100715536787235,1.71
EVT-02057,0,0.01664725012675049,1.66
EVT-02058,0,0.014762883526693886,1.48
EVT-02059,0,0.014517372902574292,1.45
EVT-02060,0,0.32730215530153595,32.73
EVT-02061,0,0.018148646708241043,1.81
EVT-02062,1,0.8292884415824681,82.93
EVT-02063,0,0.015338280758880456,1.53
EVT-02064,0,0.009323993600741048,0.93
EVT-02065,0,0.023054182509047595,2.31
EVT-02066,0,0.01184141590172666,1.18
EVT-02067,0,0.009213457192264617,0.92
EVT-02068,0,0.01581795590163844,1.58
EVT-02069,0,0.016567368773094025,1.66
EVT-02070,0,0.00967618892649975,0.97
EVT-02071,0,0.018448381680063207,1.84
EVT-02072,1,0.7858829327042279,78.59
EVT-02073,1,0.741626131844003,74.16
EVT-02074,0,0.01664725012675049,1.66
EVT-02075,0,0.011289830407094274,1.13
EVT-02076,0,0.015386296698437454,1.54
EVT-02077,0,0.014568872720774551,1.46
EVT-02078,0,0.014089808740924449,1.41
EVT-02079,0,0.013125370452709366,1.31
EVT-02080,0,0.007487044944619255,0.75
EVT-02081,0,0.016856172618669164,1.69
EVT-02082,0,0.009213457192264617,0.92
EVT-02083,0,0.02048568220739173,2.05
EVT-02084,0,0.01617909965464682,1.62
EVT-02085,0,0.013036250431517814,1.3
EVT-02086,0,0.016567368773094025,1.66
EVT-02087,0,0.004632976067745722,0.46
EVT-02088,0,0.010042581280689656,1.0
EVT-02089,0,0.014535700172747025,1.45
EVT-02090,0,0.01239996451898929,1.24
EVT-02091,0,0.014564038153563412,1.46
EVT-02092,1,0.8002035949299762,80.02
EVT-02093,0,0.01184141590172666,1.18
EVT-02094,0,0.015404277833995596,1.54
EVT-02095,0,0.005148519530488049,0.51
EVT-02096,0,0.013036250431517814,1.3
EVT-02097,0,0.01184141590172666,1.18
EVT-02098,0,0.012834470941064192,1.28
EVT-02099,0,0.01328302880526146,1.33
EVT-02100,0,0.015140213168613388,1.51
EVT-02101,0,0.015140213168613388,1.51
EVT-02102,0,0.014089808740924449,1.41
EVT-02103,0,0.015438768654305279,1.54
EVT-02104,0,0.016637879489059315,1.66
EVT-02105,0,0.01664725012675049,1.66
EVT-02106,0,0.019821668365091232,1.98
EVT-02107,0,0.017572734578510916,1.76
EVT-02108,0,0.015082775023667014,1.51
EVT-02109,1,0.7467504335317785,74.68
EVT-02110,0,0.010589943137987239,1.06
EVT-02111,0,0.005215422246876786,0.52
EVT-02112,1,0.7655719787216607,76.56
EVT-02113,0,0.0059401778868638,0.59
EVT-02114,0,0.016101857847479757,1.61
EVT-02115,0,0.01618316999222503,1.62
EVT-02116,0,0.01914195277154842,1.91
EVT-02117,0,0.021812639110101555,2.18
EVT-02118,0,0.015037240433989373,1.5
EVT-02119,0,0.01676442429665314,1.68
EVT-02120,0,0.013248576161198561,1.32
EVT-02121,0,0.013077035635614088,1.31
EVT-02122,0,0.012400564772291563,1.24
EVT-02123,0,0.009280488643330788,0.93
EVT-02124,0,0.010223553792245222,1.02
EVT-02125,0,0.009323993600741048,0.93
EVT-02126,0,0.011587320176436983,1.16
EVT-02127,0,0.013275023532622516,1.33
EVT-02128,0,0.013218888737116534,1.32
EVT-02129,0,0.017100715536787235,1.71
EVT-02130,0,0.0149493878380267,1.49
EVT-02131,0,0.01001138143243648,1.0
EVT-02132,0,0.012581214397453183,1.26
EVT-02133,1,0.8003529349428314,80.04
EVT-02134,0,0.01676442429665314,1.68
EVT-02135,0,0.02010423974027635,2.01
EVT-02136,1,0.8064215366870985,80.64
EVT-02137,0,0.32304694132319844,32.3
EVT-02138,0,0.009323993600741048,0.93
EVT-02139,0,0.01184141590172666,1.18
EVT-02140,0,0.014475053248586906,1.45
EVT-02141,0,0.012311821162919878,1.23
EVT-02142,0,0.013910725728107932,1.39
EVT-02143,0,0.017900834456068562,1.79
EVT-02144,0,0.008941142552473406,0.89
EVT-02145,0,0.010223553792245222,1.02
EVT-02146,0,0.017419571468568082,1.74
EVT-02147,0,0.016971423664841914,1.7
EVT-02148,0,0.015192202961817381,1.52
EVT-02149,0,0.01474968952948547,1.47
EVT-02150,0,0.012631763848389916,1.26
EVT-02151,0,0.012581180962331845,1.26
EVT-02152,0,0.014762883526693886,1.48
EVT-02153,0,0.014972955175871008,1.5
EVT-02154,0,0.0059401778868638,0.59
EVT-02155,0,0.015282450810914268,1.53
EVT-02156,0,0.01408875754196468,1.41
EVT-02157,0,0.00801253288671569,0.8
EVT-02158,0,0.006141923023741647,0.61
EVT-02159,0,0.012834470941064192,1.28
EVT-02160,0,0.017100715536787235,1.71
EVT-02161,0,0.012631763848389916,1.26
EVT-02162,0,0.01236904608645115,1.24
EVT-02163,0,0.017220811199722408,1.72
EVT-02164,0,0.015192202961817381,1.52
EVT-02165,0,0.01968796935465505,1.97
EVT-02166,0,0.01553742126471195,1.55
EVT-02167,0,0.015192202961817381,1.52
EVT-02168,0,0.012559180048639281,1.26
EVT-02169,0,0.014393770892759965,1.44
EVT-02170,0,0.01617909965464682,1.62
EVT-02171,0,0.01968796935465505,1.97
EVT-02172,0,0.016971423664841914,1.7
EVT-02173,0,0.014568872720774551,1.46
EVT-02174,1,0.7876072604626803,78.76
EVT-02175,0,0.013248576161198561,1.32
EVT-02176,0,0.015338280758880456,1.53
EVT-02177,0,0.01408875754196468,1.41
EVT-02178,0,0.014393770892759965,1.44
EVT-02179,0,0.01170976792122393,1.17
EVT-02180,0,0.008723247210474263,0.87
EVT-02181,0,0.01474968952948547,1.47
EVT-02182,0,0.01328302880526146,1.33
EVT-02183,0,0.010604082970688374,1.06
EVT-02184,1,0.7769465922401726,77.69
EVT-02185,0,0.007849889499721227,0.78
EVT-02186,0,0.01221553213356974,1.22
EVT-02187,0,0.009071591591659392,0.91
EVT-02188,0,0.005215422246876786,0.52
EVT-02189,0,0.013042286474735125,1.3
EVT-02190,0,0.015037240433989373,1.5
EVT-02191,0,0.012631763848389916,1.26
EVT-02192,0,0.008941142552473406,0.89
EVT-02193,0,0.01773117964914321,1.77
EVT-02194,0,0.013218888737116534,1.32
EVT-02195,0,0.012311821162919878,1.23
EVT-02196,1,0.8050713747571141,80.51
EVT-02197,0,0.009047605255992616,0.9
EVT-02198,0,0.007249397432629287,0.72
EVT-02199,0,0.013125370452709366,1.31
EVT-02200,0,0.21704575033145962,21.7
EVT-02201,0,0.006259704977834559,0.63
EVT-02202,0,0.015123279787049044,1.51
EVT-02203,0,0.0182192477245571,1.82
EVT-02204,0,0.014517372902574292,1.45
EVT-02205,0,0.0070214905343187126,0.7
EVT-02206,0,0.01409556919761575,1.41
EVT-02207,0,0.012913822594738342,1.29
EVT-02208,0,0.012597344166813807,1.26
EVT-02209,0,0.01184141590172666,1.18
EVT-02210,0,0.021812639110101555,2.18
EVT-02211,0,0.013651494748934671,1.37
EVT-02212,0,0.00511256213545756,0.51
EVT-02213,0,0.016971423664841914,1.7
EVT-02214,0,0.011081503036264002,1.11
EVT-02215,0,0.02010423974027635,2.01
EVT-02216,0,0.007487044944619255,0.75
EVT-02217,0,0.01914195277154842,1.91
EVT-02218,0,0.012144312399955502,1.21
EVT-02219,0,0.011738728390316259,1.17
EVT-02220,0,0.012527670519106183,1.25
EVT-02221,1,0.7971860397802905,79.72
EVT-02222,0,0.009071591591659392,0.91
EVT-02223,0,0.01940374160699722,1.94
EVT-02224,0,0.0070214905343187126,0.7
EVT-02225,0,0.007849889499721227,0.78
EVT-02226,0,0.013077035635614088,1.31
EVT-02227,0,0.01914195277154842,1.91
EVT-02228,0,0.01553742126471195,1.55
EVT-02229,0,0.01221553213356974,1.22
EVT-02230,0,0.016903512033757073,1.69
EVT-02231,0,0.02002123424389245,2.0
EVT-02232,0,0.01992073949236142,1.99
EVT-02233,0,0.017572734578510916,1.76
EVT-02234,0,0.012240563858320211,1.22
EVT-02235,0,0.011242553562262001,1.12
EVT-02236,0,0.010223553792245222,1.02
EVT-02237,0,0.014885628287173666,1.49
EVT-02238,0,0.019821668365091232,1.98
EVT-02239,0,0.01806342073826604,1.81
EVT-02240,0,0.017220811199722408,1.72
EVT-02241,0,0.009280488643330788,0.93
EVT-02242,0,0.00801253288671569,0.8
EVT-02243,0,0.018448381680063207,1.84
EVT-02244,0,0.023054182509047595,2.31
EVT-02245,0,0.009047605255992616,0.9
EVT-02246,0,0.012694242461115399,1.27
EVT-02247,0,0.019821668365091232,1.98
EVT-02248,0,0.013042286474735125,1.3
EVT-02249,0,0.009804157654742312,0.98
EVT-02250,0,0.008723247210474263,0.87
EVT-02251,0,0.015282450810914268,1.53
EVT-02252,0,0.010907627905855522,1.09
EVT-02253,0,0.00801253288671569,0.8
EVT-02254,0,0.008723247210474263,0.87
EVT-02255,0,0.01236904608645115,1.24
EVT-02256,0,0.005215422246876786,0.52
EVT-02257,0,0.3098751584014528,30.99
EVT-02258,0,0.010589943137987239,1.06
EVT-02259,0,0.01553742126471195,1.55
EVT-02260,0,0.007487044944619255,0.75
EVT-02261,0,0.012019000883653996,1.2
EVT-02262,0,0.012019000883653996,1.2
EVT-02263,0,0.14751388249893693,14.75
EVT-02264,0,0.016567368773094025,1.66
EVT-02265,0,0.012238949719322077,1.22
EVT-02266,0,0.01914195277154842,1.91
EVT-02267,0,0.012694242461115399,1.27
EVT-02268,0,0.013248576161198561,1.32
EVT-02269,0,0.016201703248057454,1.62
EVT-02270,0,0.014517372902574292,1.45
EVT-02271,0,0.017900834456068562,1.79
EVT-02272,0,0.011133888758696593,1.11
EVT-02273,0,0.01838383678253846,1.84
EVT-02274,0,0.009213457192264617,0.92
EVT-02275,0,0.01184141590172666,1.18
EVT-02276,0,0.012527670519106183,1.25
EVT-02277,0,0.015082775023667014,1.51
EVT-02278,0,0.015282450810914268,1.53
EVT-02279,0,0.01328302880526146,1.33
EVT-02280,0,0.01717057061238201,1.72
EVT-02281,0,0.01184141590172666,1.18
EVT-02282,0,0.017100715536787235,1.71
EVT-02283,1,0.8102080409880453,81.02
EVT-02284,0,0.016903512033757073,1.69
EVT-02285,0,0.013651494748934671,1.37
EVT-02286,0,0.011133888758696593,1.11
EVT-02287,1,0.8436870354340079,84.37
EVT-02288,0,0.012092312773702592,1.21
EVT-02289,0,0.015778085681849154,1.58
EVT-02290,0,0.01184141590172666,1.18
EVT-02291,0,0.004632976067745722,0.46
EVT-02292,1,0.7979046153209514,79.79
EVT-02293,0,0.016764444914772393,1.68
EVT-02294,0,0.015082775023667014,1.51
EVT-02295,1,0.8049171033100753,80.49
EVT-02296,0,0.013248576161198561,1.32
EVT-02297,0,0.014067278334993138,1.41
EVT-02298,0,0.009280488643330788,0.93
EVT-02299,0,0.01257077400172978,1.26
EVT-02300,0,0.012581180962331845,1.26
EVT-02301,0,0.0182192477245571,1.82
EVT-02302,0,0.0059401778868638,0.59
EVT-02303,0,0.012311821162919878,1.23
EVT-02304,0,0.014393770892759965,1.44
EVT-02305,0,0.016359358011079107,1.64
EVT-02306,0,0.0059401778868638,0.59
EVT-02307,0,0.014762883526693886,1.48
EVT-02308,0,0.010604082970688374,1.06
EVT-02309,0,0.012238949719322077,1.22
EVT-02310,0,0.012240563858320211,1.22
EVT-02311,0,0.01221553213356974,1.22
EVT-02312,0,0.01717057061238201,1.72
EVT-02313,0,0.0070214905343187126,0.7
EVT-02314,1,0.8270512834011909,82.71
EVT-02315,0,0.012342914346945335,1.23
EVT-02316,0,0.02002123424389245,2.0
EVT-02317,0,0.014101711904817184,1.41
EVT-02318,0,0.014513190310445226,1.45
EVT-02319,0,0.01614094590700234,1.61
EVT-02320,0,0.01474968952948547,1.47
EVT-02321,0,0.013148915530169709,1.31
EVT-02322,0,0.007249397432629287,0.72
EVT-02323,0,0.012559180048639281,1.26
EVT-02324,0,0.016359358011079107,1.64
EVT-02325,0,0.010042581280689656,1.0
EVT-02326,0,0.012342914346945335,1.23
EVT-02327,0,0.013174861439817932,1.32
EVT-02328,0,0.012694242461115399,1.27
EVT-02329,0,0.013993477678002656,1.4
EVT-02330,0,0.012374393256485398,1.24
EVT-02331,0,0.006141923023741647,0.61
EVT-02332,1,0.8042107797952088,80.42
EVT-02333,0,0.006285120807829549,0.63
EVT-02334,0,0.01814195204465865,1.81
EVT-02335,0,0.01664725012675049,1.66
EVT-02336,0,0.012374393256485398,1.24
EVT-02337,0,0.015123279787049044,1.51
EVT-02338,0,0.019761891017929672,1.98
EVT-02339,0,0.01838383678253846,1.84
EVT-02340,0,0.011133888758696593,1.11
EVT-02341,0,0.011738728390316259,1.17
EVT-02342,0,0.006285120807829549,0.63
EVT-02343,0,0.013042286474735125,1.3
EVT-02344,0,0.015404277833995596,1.54
EVT-02345,0,0.004632976067745722,0.46
EVT-02346,0,0.013125370452709366,1.31
EVT-02347,0,0.012913822594738342,1.29
EVT-02348,0,0.018448381680063207,1.84
EVT-02349,0,0.016201703248057454,1.62
EVT-02350,0,0.01717057061238201,1.72
EVT-02351,0,0.01257077400172978,1.26
EVT-02352,0,0.021812639110101555,2.18
EVT-02353,0,0.012342914346945335,1.23
EVT-02354,0,0.0059401778868638,0.59
EVT-02355,1,0.7549276577691311,75.49
EVT-02356,0,0.0114674252253984,1.15
EVT-02357,0,0.014089808740924449,1.41
EVT-02358,0,0.006285120807829549,0.63
EVT-02359,0,0.009990375676748143,1.0
EVT-02360,0,0.043904946642898686,4.39
EVT-02361,0,0.020453903998635593,2.05
EVT-02362,0,0.01170976792122393,1.17
EVT-02363,0,0.006285120807829549,0.63
EVT-02364,0,0.01968796935465505,1.97
EVT-02365,0,0.02010423974027635,2.01
EVT-02366,0,0.01701423702571848,1.7
EVT-02367,0,0.007849889499721227,0.78
EVT-02368,0,0.322450915709847,32.25
EVT-02369,1,0.8069636008861849,80.7
EVT-02370,0,0.010042581280689656,1.0
EVT-02371,0,0.01676442429665314,1.68
EVT-02372,0,0.01553742126471195,1.55
EVT-02373,0,0.013042286474735125,1.3
EVT-02374,1,0.8029123306660476,80.29
EVT-02375,0,0.015338280758880456,1.53
EVT-02376,0,0.010604082970688374,1.06
EVT-02377,0,0.012006646286903174,1.2
EVT-02378,0,0.017419571468568082,1.74
EVT-02379,1,0.7713959650637654,77.14
EVT-02380,0,0.00967618892649975,0.97
EVT-02381,0,0.01676442429665314,1.68
EVT-02382,1,0.852908285667028,85.29
EVT-02383,0,0.014447958040568238,1.44
EVT-02384,0,0.01257077400172978,1.26
EVT-02385,1,0.8023327043703667,80.23
EVT-02386,0,0.01135967560443339,1.14
EVT-02387,1,0.7979046153209514,79.79
EVT-02388,0,0.00850649286878448,0.85
EVT-02389,0,0.015404277833995596,1.54
EVT-02390,0,0.015338280758880456,1.53
EVT-02391,0,0.012631757953755606,1.26
EVT-02392,0,0.01664725012675049,1.66
EVT-02393,0,0.011587320176436983,1.16
EVT-02394,0,0.009323993600741048,0.93
EVT-02395,0,0.010223553792245222,1.02
EVT-02396,0,0.00911454020865791,0.91
EVT-02397,0,0.012581180962331845,1.26
EVT-02398,0,0.012019000883653996,1.2
EVT-02399,0,0.015778085681849154,1.58
EVT-02400,0,0.004263672635527424,0.43
EVT-02401,0,0.009280488643330788,0.93
EVT-02402,0,0.01940374160699722,1.94
EVT-02403,0,0.01039663106614751,1.04
EVT-02404,0,0.013218888737116534,1.32
EVT-02405,0,0.012581214397453183,1.26
EVT-02406,1,0.783020412968655,78.3
EVT-02407,0,0.012581180962331845,1.26
EVT-02408,0,0.010115897305609784,1.01
EVT-02409,0,0.010289653052403144,1.03
EVT-02410,0,0.009323993600741048,0.93
EVT-02411,0,0.012581180962331845,1.26
EVT-02412,0,0.012238949719322077,1.22
EVT-02413,0,0.015404277833995596,1.54
EVT-02414,0,0.013218888737116534,1.32
EVT-02415,0,0.013036250431517814,1.3
EVT-02416,1,0.8359551082491348,83.6
EVT-02417,0,0.01968796935465505,1.97
EVT-02418,1,0.6199845392386952,62.0
EVT-02419,0,0.016069295979863972,1.61
EVT-02420,0,0.40852703100005916,40.85
EVT-02421,0,0.014513190310445226,1.45
EVT-02422,0,0.01701423702571848,1.7
EVT-02423,0,0.013174861439817932,1.32
EVT-02424,0,0.009047605255992616,0.9
EVT-02425,0,0.013036250431517814,1.3
EVT-02426,0,0.012597344166813807,1.26
EVT-02427,0,0.01135967560443339,1.14
EVT-02428,0,0.01914195277154842,1.91
EVT-02429,0,0.01001138143243648,1.0
EVT-02430,1,0.7713959650637654,77.14
EVT-02431,0,0.01968796935465505,1.97
EVT-02432,1,0.7985406794890327,79.85
EVT-02433,0,0.012694242461115399,1.27
EVT-02434,0,0.010582585583379227,1.06
EVT-02435,0,0.014475053248586906,1.45
EVT-02436,0,0.01337249175583205,1.34
EVT-02437,1,0.865933284100197,86.59
EVT-02438,0,0.01968796935465505,1.97
EVT-02439,0,0.01474968952948547,1.47
EVT-02440,0,0.01474968952948547,1.47
EVT-02441,0,0.012144312399955502,1.21
EVT-02442,0,0.009324382055107073,0.93
EVT-02443,1,0.832908285667028,83.29
EVT-02444,0,0.006141923023741647,0.61
EVT-02445,0,0.011738728390316259,1.17
EVT-02446,0,0.017193492060182135,1.72
EVT-02447,0,0.018148646708241043,1.81
EVT-02448,0,0.014564038153563412,1.46
EVT-02449,0,0.014447958040568238,1.44
EVT-02450,0,0.01806342073826604,1.81
EVT-02451,0,0.004632976067745722,0.46
EVT-02452,0,0.0059401778868638,0.59
EVT-02453,0,0.01553742126471195,1.55
EVT-02454,0,0.00511256213545756,0.51
EVT-02455,0,0.01814195204465865,1.81
EVT-02456,0,0.012581180962331845,1.26
EVT-02457,0,0.011242553562262001,1.12
EVT-02458,0,0.01001138143243648,1.0
EVT-02459,0,0.010582585583379227,1.06
EVT-02460,1,0.8169674265341963,81.7
EVT-02461,0,0.012694242461115399,1.27
EVT-02462,1,0.8235995440768339,82.36
EVT-02463,0,0.006259704977834559,0.63
EVT-02464,0,0.01328302880526146,1.33
EVT-02465,0,0.017900834456068562,1.79
EVT-02466,0,0.011289830407094274,1.13
EVT-02467,0,0.01409556919761575,1.41
EVT-02468,0,0.007487044944619255,0.75
EVT-02469,0,0.016101857847479757,1.61
EVT-02470,0,0.016567368773094025,1.66
EVT-02471,0,0.012311821162919878,1.23
EVT-02472,0,0.008723247210474263,0.87
EVT-02473,0,0.00511256213545756,0.51
EVT-02474,0,0.011081503036264002,1.11
EVT-02475,0,0.006141923023741647,0.61
EVT-02476,0,0.004263672635527424,0.43
EVT-02477,0,0.009071591591659392,0.91
EVT-02478,0,0.01617909965464682,1.62
EVT-02479,0,0.012400564772291563,1.24
EVT-02480,0,0.00511256213545756,0.51
EVT-02481,0,0.007487044944619255,0.75
EVT-02482,0,0.012913822594738342,1.29
EVT-02483,0,0.014517372902574292,1.45
EVT-02484,0,0.013248576161198561,1.32
EVT-02485,0,0.014965089331211509,1.5
EVT-02486,0,0.01470909540469494,1.47
EVT-02487,0,0.01408875754196468,1.41
EVT-02488,0,0.016903512033757073,1.69
EVT-02489,0,0.012019000883653996,1.2
EVT-02490,0,0.011586569973449245,1.16
EVT-02491,1,0.7951967344197557,79.52
EVT-02492,0,0.01236904608645115,1.24
EVT-02493,0,0.018148646708241043,1.81
EVT-02494,0,0.014535700172747025,1.45
EVT-02495,0,0.011133888758696593,1.11
EVT-02496,0,0.016903512033757073,1.69
EVT-02497,0,0.012238949719322077,1.22
EVT-02498,0,0.009323993600741048,0.93
EVT-02499,0,0.007487044944619255,0.75
EVT-02500,0,0.013174861439817932,1.32
EVT-02501,0,0.01614094590700234,1.61
EVT-02502,0,0.01581795590163844,1.58
EVT-02503,0,0.020453903998635593,2.05
EVT-02504,0,0.017419571468568082,1.74
EVT-02505,0,0.023054182509047595,2.31
EVT-02506,0,0.008723247210474263,0.87
EVT-02507,0,0.02010423974027635,2.01
EVT-02508,0,0.013248576161198561,1.32
EVT-02509,0,0.01001138143243648,1.0
EVT-02510,0,0.014447958040568238,1.44
EVT-02511,0,0.01940374160699722,1.94
EVT-02512,0,0.017193492060182135,1.72
EVT-02513,0,0.021812639110101555,2.18
EVT-02514,0,0.01992073949236142,1.99
EVT-02515,0,0.014475053248586906,1.45
EVT-02516,0,0.01236904608645115,1.24
EVT-02517,0,0.010289653052403144,1.03
EVT-02518,0,0.004263672635527424,0.43
EVT-02519,0,0.01001138143243648,1.0
EVT-02520,0,0.019821668365091232,1.98
EVT-02521,0,0.020606235473508504,2.06
EVT-02522,0,0.01553742126471195,1.55
EVT-02523,0,0.01409556919761575,1.41
EVT-02524,0,0.012527670519106183,1.25
EVT-02525,0,0.015213009694065483,1.52
EVT-02526,0,0.015037240433989373,1.5
EVT-02527,0,0.0149493878380267,1.49
EVT-02528,0,0.012144312399955502,1.21
EVT-02529,0,0.015404277833995596,1.54
EVT-02530,0,0.01614094590700234,1.61
EVT-02531,0,0.021812639110101555,2.18
EVT-02532,0,0.008723247210474263,0.87
EVT-02533,0,0.012834470941064192,1.28
EVT-02534,0,0.01470909540469494,1.47
EVT-02535,0,0.01923744066839644,1.92
EVT-02536,0,0.009047605255992616,0.9
EVT-02537,0,0.01470909540469494,1.47
EVT-02538,0,0.016764444914772393,1.68
EVT-02539,0,0.012374393256485398,1.24
EVT-02540,0,0.2286851200056782,22.87
EVT-02541,0,0.015140213168613388,1.51
EVT-02542,0,0.00967618892649975,0.97
EVT-02543,0,0.01806342073826604,1.81
EVT-02544,0,0.0149493878380267,1.49
EVT-02545,0,0.013321763134560596,1.33
EVT-02546,0,0.014535700172747025,1.45
EVT-02547,0,0.015338280758880456,1.53
EVT-02548,0,0.008723247210474263,0.87
EVT-02549,0,0.012400564772291563,1.24
EVT-02550,0,0.011242553562262001,1.12
EVT-02551,0,0.017900834456068562,1.79
EVT-02552,0,0.006285120807829549,0.63
EVT-02553,0,0.011587320176436983,1.16
EVT-02554,0,0.02002123424389245,2.0
EVT-02555,0,0.009324382055107073,0.93
EVT-02556,0,0.018448381680063207,1.84
EVT-02557,0,0.015778085681849154,1.58
EVT-02558,0,0.021812639110101555,2.18
EVT-02559,1,0.659259011958311,65.93
EVT-02560,0,0.010589943137987239,1.06
EVT-02561,0,0.00911454020865791,0.91
EVT-02562,1,0.8450504899445941,84.51
EVT-02563,0,0.013993477678002656,1.4
EVT-02564,0,0.01236904608645115,1.24
EVT-02565,0,0.017443119589428124,1.74
EVT-02566,0,0.019761891017929672,1.98
EVT-02567,0,0.014101711904817184,1.41
EVT-02568,0,0.012597344166813807,1.26
EVT-02569,0,0.014393770892759965,1.44
EVT-02570,0,0.007849889499721227,0.78
EVT-02571,0,0.014885628287173666,1.49
EVT-02572,0,0.01239996451898929,1.24
EVT-02573,0,0.015778085681849154,1.58
EVT-02574,0,0.005148519530488049,0.51
EVT-02575,0,0.01618316999222503,1.62
EVT-02576,0,0.014535700172747025,1.45
EVT-02577,0,0.0182192477245571,1.82
EVT-02578,1,0.8052073461556994,80.52
EVT-02579,0,0.016971423664841914,1.7
EVT-02580,0,0.010115897305609784,1.01
EVT-02581,0,0.009324382055107073,0.93
EVT-02582,0,0.012581180962331845,1.26
EVT-02583,0,0.008941142552473406,0.89
EVT-02584,0,0.015282450810914268,1.53
EVT-02585,0,0.016497924243663982,1.65
EVT-02586,0,0.012581180962331845,1.26
EVT-02587,0,0.00801253288671569,0.8
EVT-02588,0,0.0520735732568051,5.21
EVT-02589,0,0.012499951785475165,1.25
EVT-02590,0,0.012400564772291563,1.24
EVT-02591,0,0.009071591591659392,0.91
EVT-02592,0,0.01184141590172666,1.18
EVT-02593,0,0.06961623798796479,6.96
EVT-02594,0,0.01914195277154842,1.91
EVT-02595,0,0.01940374160699722,1.94
EVT-02596,0,0.016201703248057454,1.62
EVT-02597,0,0.010042581280689656,1.0
EVT-02598,0,0.010042581280689656,1.0
EVT-02599,0,0.0059401778868638,0.59
EVT-02600,1,0.7926263416856882,79.26
EVT-02601,0,0.0114674252253984,1.15
EVT-02602,0,0.004632976067745722,0.46
EVT-02603,0,0.005148519530488049,0.51
EVT-02604,0,0.017572734578510916,1.76
EVT-02605,0,0.01968796935465505,1.97
EVT-02606,0,0.013910725728107932,1.39
EVT-02607,0,0.01236904608645115,1.24
EVT-02608,0,0.017962504861407463,1.8
EVT-02609,0,0.01257077400172978,1.26
EVT-02610,0,0.013910725728107932,1.39
EVT-02611,0,0.011133888758696593,1.11
EVT-02612,0,0.010289653052403144,1.03
EVT-02613,0,0.014513190310445226,1.45
EVT-02614,0,0.014513190310445226,1.45
EVT-02615,0,0.009213457192264617,0.92
EVT-02616,0,0.01135967560443339,1.14
EVT-02617,0,0.01838383678253846,1.84
EVT-02618,0,0.013042286474735125,1.3
EVT-02619,0,0.012238949719322077,1.22
EVT-02620,0,0.015404277833995596,1.54
EVT-02621,0,0.01170976792122393,1.17
EVT-02622,1,0.8204117842288716,82.04
EVT-02623,1,0.8051103913989902,80.51
EVT-02624,0,0.004263672635527424,0.43
EVT-02625,0,0.01989391130752093,1.99
EVT-02626,0,0.009280488643330788,0.93
EVT-02627,0,0.016201703248057454,1.62
EVT-02628,0,0.01409556919761575,1.41
EVT-02629,0,0.01617909965464682,1.62
EVT-02630,0,0.01618316999222503,1.62
EVT-02631,0,0.01773117964914321,1.77
EVT-02632,0,0.01992073949236142,1.99
EVT-02633,0,0.015037240433989373,1.5
EVT-02634,0,0.00850649286878448,0.85
EVT-02635,0,0.01337249175583205,1.34
EVT-02636,0,0.009071591591659392,0.91
EVT-02637,0,0.011242553562262001,1.12
EVT-02638,0,0.012581180962331845,1.26
EVT-02639,0,0.015082775023667014,1.51
EVT-02640,0,0.018448381680063207,1.84
EVT-02641,0,0.015404277833995596,1.54
EVT-02642,0,0.01940374160699722,1.94
EVT-02643,0,0.01676442429665314,1.68
EVT-02644,0,0.016971423664841914,1.7
EVT-02645,0,0.010223553792245222,1.02
EVT-02646,0,0.011081503036264002,1.11
EVT-02647,0,0.014475053248586906,1.45
EVT-02648,0,0.016069295979863972,1.61
EVT-02649,1,0.792606699215424,79.26
EVT-02650,0,0.010223553792245222,1.02
EVT-02651,0,0.014762883526693886,1.48
EVT-02652,0,0.012311821162919878,1.23
EVT-02653,0,0.009098160144125702,0.91
EVT-02654,1,0.7205657428790863,72.06
EVT-02655,0,0.01968796935465505,1.97
EVT-02656,0,0.018148646708241043,1.81
EVT-02657,0,0.01773117964914321,1.77
EVT-02658,0,0.006285120807829549,0.63
EVT-02659,0,0.01618316999222503,1.62
EVT-02660,0,0.015438768654305279,1.54
EVT-02661,0,0.010115897305609784,1.01
EVT-02662,0,0.3396871157904275,33.97
EVT-02663,1,0.7885880113313699,78.86
EVT-02664,0,0.012581180962331845,1.26
EVT-02665,0,0.014393770892759965,1.44
EVT-02666,0,0.012913822594738342,1.29
EVT-02667,0,0.014965089331211509,1.5
EVT-02668,0,0.01701423702571848,1.7
EVT-02669,0,0.01470909540469494,1.47
EVT-02670,0,0.011289830407094274,1.13
EVT-02671,1,0.7898637031471452,78.99
EVT-02672,0,0.01676442429665314,1.68
EVT-02673,0,0.004263672635527424,0.43
EVT-02674,0,0.009324382055107073,0.93
EVT-02675,0,0.16435989135504878,16.44
EVT-02676,0,0.01553742126471195,1.55
EVT-02677,0,0.01968796935465505,1.97
EVT-02678,0,0.007487044944619255,0.75
EVT-02679,0,0.016856172618669164,1.69
EVT-02680,0,0.01474968952948547,1.47
EVT-02681,1,0.8287112465053454,82.87
EVT-02682,0,0.0114674252253984,1.15
EVT-02683,0,0.014513190310445226,1.45
EVT-02684,0,0.016497924243663982,1.65
EVT-02685,0,0.017193492060182135,1.72
EVT-02686,0,0.009280488643330788,0.93
EVT-02687,0,0.39145713049565445,39.15
EVT-02688,0,0.014089808740924449,1.41
EVT-02689,0,0.015082775023667014,1.51
EVT-02690,0,0.011133888758696593,1.11
EVT-02691,0,0.00911454020865791,0.91
EVT-02692,0,0.0182192477245571,1.82
EVT-02693,0,0.01257077400172978,1.26
EVT-02694,0,0.01001138143243648,1.0
EVT-02695,0,0.3432218808496939,34.32
EVT-02696,0,0.009071591591659392,0.91
EVT-02697,0,0.012238949719322077,1.22
EVT-02698,0,0.015282450810914268,1.53
EVT-02699,0,0.007849889499721227,0.78
EVT-02700,0,0.015338280758880456,1.53
EVT-02701,0,0.014762883526693886,1.48
EVT-02702,0,0.012581180962331845,1.26
EVT-02703,0,0.010289653052403144,1.03
EVT-02704,0,0.012238949719322077,1.22
EVT-02705,0,0.01170976792122393,1.17
EVT-02706,0,0.012240563858320211,1.22
EVT-02707,0,0.015463983874743509,1.55
EVT-02708,0,0.012311821162919878,1.23
EVT-02709,0,0.009804157654742312,0.98
EVT-02710,0,0.016971423664841914,1.7
EVT-02711,0,0.013702693718721255,1.37
EVT-02712,0,0.008723247210474263,0.87
EVT-02713,0,0.01992073949236142,1.99
EVT-02714,0,0.012400564772291563,1.24
EVT-02715,0,0.009324382055107073,0.93
EVT-02716,0,0.005148519530488049,0.51
EVT-02717,0,0.00967618892649975,0.97
EVT-02718,0,0.019821668365091232,1.98
EVT-02719,0,0.010042581280689656,1.0
EVT-02720,0,0.020606235473508504,2.06
EVT-02721,0,0.012694242461115399,1.27
EVT-02722,0,0.015140213168613388,1.51
EVT-02723,0,0.012834470941064192,1.28
EVT-02724,0,0.016101857847479757,1.61
EVT-02725,1,0.8392486785922392,83.92
EVT-02726,0,0.014393770892759965,1.44
EVT-02727,0,0.01001138143243648,1.0
EVT-02728,0,0.014475053248586906,1.45
EVT-02729,0,0.012092312773702592,1.21
EVT-02730,0,0.010589943137987239,1.06
EVT-02731,0,0.012581180962331845,1.26
EVT-02732,0,0.00911454020865791,0.91
EVT-02733,1,0.8436870354340079,84.37
EVT-02734,0,0.010582585583379227,1.06
EVT-02735,0,0.01239996451898929,1.24
EVT-02736,1,0.7249128504494121,72.49
EVT-02737,0,0.00967618892649975,0.97
EVT-02738,0,0.0059401778868638,0.59
EVT-02739,0,0.016637879489059315,1.66
EVT-02740,0,0.020453903998635593,2.05
EVT-02741,0,0.012694242461115399,1.27
EVT-02742,0,0.014089808740924449,1.41
EVT-02743,0,0.01328302880526146,1.33
EVT-02744,0,0.004632976067745722,0.46
EVT-02745,0,0.006285120807829549,0.63
EVT-02746,0,0.010907627905855522,1.09
EVT-02747,1,0.6527458430323708,65.27
EVT-02748,0,0.006259704977834559,0.63
EVT-02749,0,0.016101857847479757,1.61
EVT-02750,0,0.015213009694065483,1.52
EVT-02751,0,0.017220811199722408,1.72
EVT-02752,0,0.011587320176436983,1.16
EVT-02753,0,0.016201703248057454,1.62
EVT-02754,0,0.01328302880526146,1.33
EVT-02755,0,0.009213457192264617,0.92
EVT-02756,0,0.012913822594738342,1.29
EVT-02757,0,0.014564038153563412,1.46
EVT-02758,0,0.006285120807829549,0.63
EVT-02759,0,0.016856172618669164,1.69
EVT-02760,0,0.013218888737116534,1.32
EVT-02761,0,0.012581180962331845,1.26
EVT-02762,0,0.015192202961817381,1.52
EVT-02763,0,0.016971423664841914,1.7
EVT-02764,0,0.014517372902574292,1.45
EVT-02765,0,0.016069295979863972,1.61
EVT-02766,0,0.011081503036264002,1.11
EVT-02767,0,0.007487044944619255,0.75
EVT-02768,0,0.020453903998635593,2.05
EVT-02769,1,0.7611404727746112,76.11
EVT-02770,0,0.019136008427762433,1.91
EVT-02771,0,0.012238949719322077,1.22
EVT-02772,0,0.013148915530169709,1.31
EVT-02773,0,0.004632976067745722,0.46
EVT-02774,1,0.7408712787906486,74.09
EVT-02775,0,0.004632976067745722,0.46
EVT-02776,0,0.016201703248057454,1.62
EVT-02777,0,0.01992073949236142,1.99
EVT-02778,0,0.012913822594738342,1.29
EVT-02779,0,0.010582585583379227,1.06
EVT-02780,0,0.012834470941064192,1.28
EVT-02781,0,0.015082775023667014,1.51
EVT-02782,0,0.01940374160699722,1.94
EVT-02783,0,0.013702693718721255,1.37
EVT-02784,0,0.02048568220739173,2.05
EVT-02785,0,0.014089808740924449,1.41
EVT-02786,0,0.00850649286878448,0.85
EVT-02787,0,0.4049714094192609,40.5
EVT-02788,0,0.008723247210474263,0.87
EVT-02789,0,0.020606235473508504,2.06
EVT-02790,1,0.5568061614357841,55.68
EVT-02791,0,0.010115897305609784,1.01
EVT-02792,0,0.012913822594738342,1.29
EVT-02793,0,0.009098160144125702,0.91
EVT-02794,0,0.016971423664841914,1.7
EVT-02795,0,0.01968796935465505,1.97
EVT-02796,0,0.016764444914772393,1.68
EVT-02797,0,0.015082775023667014,1.51
EVT-02798,0,0.009990375676748143,1.0
EVT-02799,0,0.004632976067745722,0.46
EVT-02800,0,0.012527670519106183,1.25
EVT-02801,0,0.01814195204465865,1.81
EVT-02802,0,0.012240563858320211,1.22
EVT-02803,0,0.013042286474735125,1.3
EVT-02804,0,0.015192202961817381,1.52
EVT-02805,0,0.01773117964914321,1.77
EVT-02806,0,0.011738728390316259,1.17
EVT-02807,0,0.01968796935465505,1.97
EVT-02808,1,0.8513033631945007,85.13
EVT-02809,0,0.011081503036264002,1.11
EVT-02810,0,0.01806342073826604,1.81
EVT-02811,0,0.013148915530169709,1.31
EVT-02812,0,0.01184141590172666,1.18
EVT-02813,0,0.017900834456068562,1.79
EVT-02814,0,0.015140213168613388,1.51
EVT-02815,1,0.8129311592980882,81.29
EVT-02816,0,0.009098160144125702,0.91
EVT-02817,0,0.007487044944619255,0.75
EVT-02818,0,0.016101857847479757,1.61
EVT-02819,0,0.01221553213356974,1.22
EVT-02820,0,0.012342914346945335,1.23
EVT-02821,0,0.014101711904817184,1.41
EVT-02822,0,0.021812639110101555,2.18
EVT-02823,0,0.020606235473508504,2.06
EVT-02824,1,0.7899360212217605,78.99
EVT-02825,0,0.013174861439817932,1.32
EVT-02826,0,0.00850649286878448,0.85
EVT-02827,0,0.010589943137987239,1.06
EVT-02828,0,0.004632976067745722,0.46
EVT-02829,0,0.01209664668722064,1.21
EVT-02830,1,0.8024115311279831,80.24
EVT-02831,0,0.015404277833995596,1.54
EVT-02832,0,0.013218888737116534,1.32
EVT-02833,0,0.01618316999222503,1.62
EVT-02834,0,0.01664725012675049,1.66
EVT-02835,0,0.01806342073826604,1.81
EVT-02836,0,0.01001138143243648,1.0
EVT-02837,0,0.014067278334993138,1.41
EVT-02838,0,0.01838383678253846,1.84
EVT-02839,0,0.017443119589428124,1.74
EVT-02840,0,0.011133888758696593,1.11
EVT-02841,0,0.01408875754196468,1.41
EVT-02842,0,0.012342914346945335,1.23
EVT-02843,0,0.01408875754196468,1.41
EVT-02844,0,0.012913822594738342,1.29
EVT-02845,0,0.010115897305609784,1.01
EVT-02846,0,0.018448381680063207,1.84
EVT-02847,0,0.01184141590172666,1.18
EVT-02848,0,0.013910725728107932,1.39
EVT-02849,0,0.016764444914772393,1.68
EVT-02850,1,0.81572921229865,81.57
EVT-02851,1,0.780049150417348,78.0
EVT-02852,0,0.0149493878380267,1.49
EVT-02853,1,0.8236915703029224,82.37
EVT-02854,0,0.014475053248586906,1.45
EVT-02855,0,0.00911454020865791,0.91
EVT-02856,0,0.014517372902574292,1.45
EVT-02857,0,0.014089808740924449,1.41
EVT-02858,0,0.012144312399955502,1.21
EVT-02859,0,0.009804157654742312,0.98
EVT-02860,0,0.01337249175583205,1.34
EVT-02861,0,0.01618316999222503,1.62
EVT-02862,0,0.01914195277154842,1.91
EVT-02863,0,0.01470909540469494,1.47
EVT-02864,1,0.8518564703502112,85.19
EVT-02865,0,0.011587320176436983,1.16
EVT-02866,0,0.005215422246876786,0.52
EVT-02867,0,0.010223553792245222,1.02
EVT-02868,0,0.005215422246876786,0.52
EVT-02869,0,0.015282450810914268,1.53
EVT-02870,1,0.8060755548644017,80.61
EVT-02871,0,0.014447958040568238,1.44
EVT-02872,0,0.02048568220739173,2.05
EVT-02873,0,0.012913822594738342,1.29
EVT-02874,0,0.017220811199722408,1.72
EVT-02875,0,0.013651494748934671,1.37
EVT-02876,0,0.01806342073826604,1.81
EVT-02877,0,0.016784753803907045,1.68
EVT-02878,0,0.014475053248586906,1.45
EVT-02879,0,0.01337249175583205,1.34
EVT-02880,0,0.015192202961817381,1.52
EVT-02881,0,0.012581180962331845,1.26
EVT-02882,0,0.01581795590163844,1.58
EVT-02883,0,0.011738728390316259,1.17
EVT-02884,0,0.011081503036264002,1.11
EVT-02885,0,0.01001138143243648,1.0
EVT-02886,0,0.01328302880526146,1.33
EVT-02887,1,0.8258611558669637,82.59
EVT-02888,0,0.010907627905855522,1.09
EVT-02889,0,0.013651494748934671,1.37
EVT-02890,0,0.013042286474735125,1.3
EVT-02891,0,0.012400564772291563,1.24
EVT-02892,0,0.015037240433989373,1.5
EVT-02893,0,0.013042286474735125,1.3
EVT-02894,0,0.01676442429665314,1.68
EVT-02895,1,0.8437574739339566,84.38
EVT-02896,0,0.016784753803907045,1.68
EVT-02897,0,0.009990375676748143,1.0
EVT-02898,0,0.011133888758696593,1.11
EVT-02899,0,0.013321763134560596,1.33
EVT-02900,0,0.021812639110101555,2.18
EVT-02901,0,0.011587320176436983,1.16
EVT-02902,0,0.016637879489059315,1.66
EVT-02903,0,0.013321763134560596,1.33
EVT-02904,0,0.004263672635527424,0.43
EVT-02905,0,0.01236904608645115,1.24
EVT-02906,0,0.01236904608645115,1.24
EVT-02907,0,0.01474968952948547,1.47
EVT-02908,0,0.006285120807829549,0.63
EVT-02909,0,0.01408875754196468,1.41
EVT-02910,0,0.010223553792245222,1.02
EVT-02911,0,0.016069295979863972,1.61
EVT-02912,0,0.01257077400172978,1.26
EVT-02913,0,0.013036250431517814,1.3
EVT-02914,0,0.019821668365091232,1.98
EVT-02915,0,0.013125370452709366,1.31
EVT-02916,0,0.009071591591659392,0.91
EVT-02917,0,0.015123279787049044,1.51
EVT-02918,0,0.01408875754196468,1.41
EVT-02919,0,0.013248576161198561,1.32
EVT-02920,0,0.016856172618669164,1.69
EVT-02921,0,0.017572734578510916,1.76
EVT-02922,0,0.010289653052403144,1.03
EVT-02923,0,0.012527670519106183,1.25
EVT-02924,0,0.017220811199722408,1.72
EVT-02925,0,0.01236904608645115,1.24
EVT-02926,0,0.016069295979863972,1.61
EVT-02927,0,0.0070214905343187126,0.7
EVT-02928,0,0.017900834456068562,1.79
EVT-02929,0,0.015404277833995596,1.54
EVT-02930,0,0.012913822594738342,1.29
EVT-02931,0,0.017900834456068562,1.79
EVT-02932,0,0.010115897305609784,1.01
EVT-02933,0,0.017193492060182135,1.72
EVT-02934,0,0.01221553213356974,1.22
EVT-02935,0,0.01408875754196468,1.41
EVT-02936,0,0.012913822594738342,1.29
EVT-02937,0,0.014513190310445226,1.45
EVT-02938,1,0.8156867972256094,81.57
EVT-02939,0,0.016567368773094025,1.66
EVT-02940,0,0.011133888758696593,1.11
EVT-02941,0,0.014517372902574292,1.45
EVT-02942,0,0.012694242461115399,1.27
EVT-02943,0,0.016856172618669164,1.69
EVT-02944,0,0.009280488643330788,0.93
EVT-02945,0,0.017962504861407463,1.8
EVT-02946,0,0.00911454020865791,0.91
EVT-02947,0,0.01001138143243648,1.0
EVT-02948,0,0.009071591591659392,0.91
EVT-02949,0,0.014535700172747025,1.45
EVT-02950,0,0.010589943137987239,1.06
EVT-02951,0,0.01664725012675049,1.66
EVT-02952,1,0.8197533436674533,81.98
EVT-02953,0,0.016971423664841914,1.7
EVT-02954,0,0.012527670519106183,1.25
EVT-02955,0,0.009280488643330788,0.93
EVT-02956,0,0.01664725012675049,1.66
EVT-02957,0,0.015778085681849154,1.58
EVT-02958,0,0.011081503036264002,1.11
EVT-02959,0,0.014535700172747025,1.45
EVT-02960,0,0.01239996451898929,1.24
EVT-02961,1,0.8180523441460763,81.81
EVT-02962,0,0.005148519530488049,0.51
EVT-02963,0,0.013275023532622516,1.33
EVT-02964,0,0.01337249175583205,1.34
EVT-02965,0,0.01257077400172978,1.26
EVT-02966,0,0.01239996451898929,1.24
EVT-02967,1,0.5284346225043212,52.84
EVT-02968,0,0.012559180048639281,1.26
EVT-02969,0,0.012374393256485398,1.24
EVT-02970,0,0.011081503036264002,1.11
EVT-02971,0,0.016101857847479757,1.61
EVT-02972,0,0.00967618892649975,0.97
EVT-02973,0,0.00967618892649975,0.97
EVT-02974,0,0.012240563858320211,1.22
EVT-02975,0,0.016069295979863972,1.61
EVT-02976,0,0.007487044944619255,0.75
EVT-02977,0,0.004263672635527424,0.43
EVT-02978,1,0.7546223208142026,75.46
EVT-02979,0,0.012092312773702592,1.21
EVT-02980,0,0.01940374160699722,1.94
EVT-02981,0,0.012631763848389916,1.26
EVT-02982,0,0.017220811199722408,1.72
EVT-02983,0,0.011289830407094274,1.13
EVT-02984,0,0.0059401778868638,0.59
EVT-02985,0,0.009047605255992616,0.9
EVT-02986,0,0.015438768654305279,1.54
EVT-02987,1,0.8420756919213775,84.21
EVT-02988,0,0.009047605255992616,0.9
EVT-02989,0,0.007849889499721227,0.78
EVT-02990,0,0.01039663106614751,1.04
EVT-02991,0,0.012019000883653996,1.2
EVT-02992,0,0.016359358011079107,1.64
EVT-02993,0,0.014965089331211509,1.5
EVT-02994,0,0.013321763134560596,1.33
EVT-02995,0,0.012240563858320211,1.22
EVT-02996,0,0.014517372902574292,1.45
EVT-02997,1,0.7927933389980266,79.28
EVT-02998,0,0.013275023532622516,1.33
EVT-02999,0,0.019821668365091232,1.98
EVT-03000,0,0.012597344166813807,1.26
EVT-03001,0,0.014568872720774551,1.46
EVT-03002,0,0.016101857847479757,1.61
EVT-03003,0,0.015463983874743509,1.55
EVT-03004,0,0.007849889499721227,0.78
EVT-03005,1,0.8214744464153392,82.15
EVT-03006,0,0.017962504861407463,1.8
EVT-03007,0,0.01553742126471195,1.55
EVT-03008,0,0.01614094590700234,1.61
EVT-03009,0,0.014067278334993138,1.41
EVT-03010,0,0.014101711904817184,1.41
EVT-03011,0,0.015338280758880456,1.53
EVT-03012,0,0.013321763134560596,1.33
EVT-03013,0,0.013993477678002656,1.4
EVT-03014,0,0.01914195277154842,1.91
EVT-03015,1,0.8230592864150782,82.31
EVT-03016,0,0.011738728390316259,1.17
EVT-03017,0,0.012581214397453183,1.26
EVT-03018,0,0.009098160144125702,0.91
EVT-03019,0,0.009047605255992616,0.9
EVT-03020,0,0.00801253288671569,0.8
EVT-03021,0,0.010115897305609784,1.01
EVT-03022,0,0.01221553213356974,1.22
EVT-03023,0,0.009990375676748143,1.0
EVT-03024,0,0.012631757953755606,1.26
EVT-03025,0,0.012019000883653996,1.2
EVT-03026,0,0.014965089331211509,1.5
EVT-03027,0,0.01184141590172666,1.18
EVT-03028,0,0.01701423702571848,1.7
EVT-03029,0,0.01676442429665314,1.68
EVT-03030,0,0.00511256213545756,0.51
EVT-03031,1,0.8277111636426336,82.77
EVT-03032,0,0.01170976792122393,1.17
EVT-03033,0,0.014965089331211509,1.5
EVT-03034,0,0.009071591591659392,0.91
EVT-03035,0,0.017100715536787235,1.71
EVT-03036,0,0.009324382055107073,0.93
EVT-03037,0,0.011738728390316259,1.17
EVT-03038,0,0.014568872720774551,1.46
EVT-03039,0,0.01257077400172978,1.26
EVT-03040,0,0.18670255595652108,18.67
EVT-03041,0,0.007849889499721227,0.78
EVT-03042,0,0.01184141590172666,1.18
EVT-03043,0,0.013993477678002656,1.4
EVT-03044,0,0.009324382055107073,0.93
EVT-03045,0,0.01676442429665314,1.68
EVT-03046,0,0.009098160144125702,0.91
EVT-03047,0,0.011289830407094274,1.13
EVT-03048,0,0.018148646708241043,1.81
EVT-03049,0,0.014089808740924449,1.41
EVT-03050,0,0.016903512033757073,1.69
EVT-03051,1,0.7895940231220329,78.96
EVT-03052,0,0.017419571468568082,1.74
EVT-03053,0,0.00850649286878448,0.85
EVT-03054,0,0.016764444914772393,1.68
EVT-03055,0,0.014475053248586906,1.45
EVT-03056,0,0.014513190310445226,1.45
EVT-03057,0,0.012400564772291563,1.24
EVT-03058,0,0.012913822594738342,1.29
EVT-03059,0,0.010589943137987239,1.06
EVT-03060,0,0.010604082970688374,1.06
EVT-03061,0,0.013993477678002656,1.4
EVT-03062,0,0.011242553562262001,1.12
EVT-03063,0,0.012694242461115399,1.27
EVT-03064,0,0.48896098250935865,48.9
EVT-03065,0,0.013321763134560596,1.33
EVT-03066,1,0.8696610610885194,86.97
EVT-03067,1,0.8258611558669637,82.59
EVT-03068,0,0.012631757953755606,1.26
EVT-03069,0,0.014568872720774551,1.46
EVT-03070,0,0.007849889499721227,0.78
EVT-03071,0,0.016764444914772393,1.68
EVT-03072,0,0.011586569973449245,1.16
EVT-03073,1,0.8212847033619931,82.13
EVT-03074,0,0.01940374160699722,1.94
EVT-03075,1,0.8049171033100753,80.49
EVT-03076,0,0.01701423702571848,1.7
EVT-03077,0,0.01221553213356974,1.22
EVT-03078,0,0.010589943137987239,1.06
EVT-03079,0,0.014535700172747025,1.45
EVT-03080,0,0.01773117964914321,1.77
EVT-03081,0,0.016971423664841914,1.7
EVT-03082,0,0.012311821162919878,1.23
EVT-03083,0,0.015123279787049044,1.51
EVT-03084,0,0.012342914346945335,1.23
EVT-03085,0,0.005148519530488049,0.51
EVT-03086,0,0.015123279787049044,1.51
EVT-03087,0,0.010115897305609784,1.01
EVT-03088,0,0.01838383678253846,1.84
EVT-03089,0,0.016903512033757073,1.69
EVT-03090,0,0.009213457192264617,0.92
EVT-03091,0,0.00801253288671569,0.8
EVT-03092,0,0.01701423702571848,1.7
EVT-03093,0,0.007249397432629287,0.72
EVT-03094,0,0.0070214905343187126,0.7
EVT-03095,0,0.00967618892649975,0.97
EVT-03096,0,0.00511256213545756,0.51
EVT-03097,0,0.00911454020865791,0.91
EVT-03098,0,0.01701423702571848,1.7
EVT-03099,0,0.0182192477245571,1.82
EVT-03100,0,0.25786535229748747,25.79
EVT-03101,1,0.7841603644831528,78.42
EVT-03102,0,0.01676442429665314,1.68
EVT-03103,0,0.3752909699328282,37.53
EVT-03104,0,0.016101857847479757,1.61
EVT-03105,0,0.010582585583379227,1.06
EVT-03106,0,0.004263672635527424,0.43
EVT-03107,0,0.018448381680063207,1.84
EVT-03108,0,0.01553742126471195,1.55
EVT-03109,0,0.016201703248057454,1.62
EVT-03110,0,0.01239996451898929,1.24
EVT-03111,0,0.012238949719322077,1.22
EVT-03112,0,0.012092312773702592,1.21
EVT-03113,0,0.016201703248057454,1.62
EVT-03114,0,0.01773117964914321,1.77
EVT-03115,0,0.012342914346945335,1.23
EVT-03116,0,0.015082775023667014,1.51
EVT-03117,0,0.01236904608645115,1.24
EVT-03118,0,0.015463983874743509,1.55
EVT-03119,0,0.012694242461115399,1.27
EVT-03120,0,0.01814195204465865,1.81
EVT-03121,0,0.01806342073826604,1.81
EVT-03122,1,0.7863047608946574,78.63
EVT-03123,0,0.014568872720774551,1.46
EVT-03124,0,0.013148915530169709,1.31
EVT-03125,0,0.006259704977834559,0.63
EVT-03126,0,0.01408875754196468,1.41
EVT-03127,0,0.0182192477245571,1.82
EVT-03128,0,0.02048568220739173,2.05
EVT-03129,0,0.013993477678002656,1.4
EVT-03130,0,0.010115897305609784,1.01
EVT-03131,0,0.00911454020865791,0.91
EVT-03132,0,0.010589943137987239,1.06
EVT-03133,0,0.3781440092347047,37.81
EVT-03134,0,0.01581795590163844,1.58
EVT-03135,0,0.015140213168613388,1.51
EVT-03136,0,0.01408875754196468,1.41
EVT-03137,0,0.004632976067745722,0.46
EVT-03138,0,0.011738728390316259,1.17
EVT-03139,0,0.008941142552473406,0.89
EVT-03140,1,0.8136901299844143,81.37
EVT-03141,0,0.019761891017929672,1.98
EVT-03142,0,0.3439045570956614,34.39
EVT-03143,0,0.013248576161198561,1.32
EVT-03144,1,0.7792162660375612,77.92
EVT-03145,0,0.015404277833995596,1.54
EVT-03146,0,0.013321763134560596,1.33
EVT-03147,0,0.015438768654305279,1.54
EVT-03148,0,0.4539471744515753,45.39
EVT-03149,0,0.01992073949236142,1.99
EVT-03150,0,0.01773117964914321,1.77
EVT-03151,1,0.8661672699759762,86.62
EVT-03152,0,0.006141923023741647,0.61
EVT-03153,0,0.016101857847479757,1.61
EVT-03154,0,0.04344923063894311,4.34
EVT-03155,0,0.01581795590163844,1.58
EVT-03156,0,0.01618316999222503,1.62
EVT-03157,0,0.01617909965464682,1.62
EVT-03158,0,0.014885628287173666,1.49
EVT-03159,0,0.012144312399955502,1.21
EVT-03160,0,0.016764444914772393,1.68
EVT-03161,1,0.7802682291255252,78.03
EVT-03162,0,0.014762883526693886,1.48
EVT-03163,0,0.011586569973449245,1.16
EVT-03164,0,0.014535700172747025,1.45
EVT-03165,0,0.011133888758696593,1.11
EVT-03166,0,0.01470909540469494,1.47
EVT-03167,0,0.013702693718721255,1.37
EVT-03168,0,0.014447958040568238,1.44
EVT-03169,0,0.01989391130752093,1.99
EVT-03170,1,0.7885880113313699,78.86
EVT-03171,0,0.013125370452709366,1.31
EVT-03172,1,0.7423723208142027,74.24
EVT-03173,0,0.013248576161198561,1.32
EVT-03174,0,0.021812639110101555,2.18
EVT-03175,0,0.009804157654742312,0.98
EVT-03176,0,0.014762883526693886,1.48
EVT-03177,0,0.011242553562262001,1.12
EVT-03178,0,0.01617909965464682,1.62
EVT-03179,0,0.02010423974027635,2.01
EVT-03180,0,0.01337249175583205,1.34
EVT-03181,0,0.012631757953755606,1.26
EVT-03182,1,0.5640890464714872,56.41
EVT-03183,0,0.00967618892649975,0.97
EVT-03184,0,0.014535700172747025,1.45
EVT-03185,0,0.007849889499721227,0.78
EVT-03186,0,0.015140213168613388,1.51
EVT-03187,0,0.012834470941064192,1.28
EVT-03188,0,0.012559180048639281,1.26
EVT-03189,1,0.7983789334980367,79.84
EVT-03190,0,0.007487044944619255,0.75
EVT-03191,0,0.014101711904817184,1.41
EVT-03192,0,0.006285120807829549,0.63
EVT-03193,0,0.012374393256485398,1.24
EVT-03194,0,0.00801253288671569,0.8
EVT-03195,0,0.016764444914772393,1.68
EVT-03196,0,0.01992073949236142,1.99
EVT-03197,0,0.012559180048639281,1.26
EVT-03198,1,0.8405788234886578,84.06
EVT-03199,0,0.015282450810914268,1.53
EVT-03200,0,0.017100715536787235,1.71
EVT-03201,0,0.009990375676748143,1.0
EVT-03202,0,0.012092312773702592,1.21
EVT-03203,0,0.01257077400172978,1.26
EVT-03204,0,0.01039663106614751,1.04
EVT-03205,0,0.012006646286903174,1.2
EVT-03206,0,0.012499951785475165,1.25
EVT-03207,0,0.023054182509047595,2.31
EVT-03208,1,0.8661672699759762,86.62
EVT-03209,0,0.014762883526693886,1.48
EVT-03210,0,0.02010423974027635,2.01
EVT-03211,0,0.014564038153563412,1.46
EVT-03212,0,0.014517372902574292,1.45
EVT-03213,0,0.013125370452709366,1.31
EVT-03214,0,0.009098160144125702,0.91
EVT-03215,0,0.016637879489059315,1.66
EVT-03216,0,0.012694242461115399,1.27
EVT-03217,0,0.00850649286878448,0.85
EVT-03218,0,0.01838383678253846,1.84
EVT-03219,0,0.015778085681849154,1.58
EVT-03220,0,0.005148519530488049,0.51
EVT-03221,0,0.01773117964914321,1.77
EVT-03222,0,0.06031816141560134,6.03
EVT-03223,0,0.01773117964914321,1.77
EVT-03224,0,0.015192202961817381,1.52
EVT-03225,0,0.01221553213356974,1.22
EVT-03226,0,0.01236904608645115,1.24
EVT-03227,0,0.015580327894218102,1.56
EVT-03228,0,0.01001138143243648,1.0
EVT-03229,0,0.01664725012675049,1.66
EVT-03230,0,0.01239996451898929,1.24
EVT-03231,0,0.010604082970688374,1.06
EVT-03232,0,0.01001138143243648,1.0
EVT-03233,0,0.009047605255992616,0.9
EVT-03234,0,0.012240563858320211,1.22
EVT-03235,0,0.015463983874743509,1.55
EVT-03236,0,0.01001138143243648,1.0
EVT-03237,0,0.009804157654742312,0.98
EVT-03238,0,0.012240563858320211,1.22
EVT-03239,0,0.013036250431517814,1.3
EVT-03240,0,0.015778085681849154,1.58
EVT-03241,0,0.00967618892649975,0.97
EVT-03242,0,0.010223553792245222,1.02
EVT-03243,0,0.006285120807829549,0.63
EVT-03244,0,0.016567368773094025,1.66
EVT-03245,0,0.4110884211605062,41.11
EVT-03246,1,0.6022439050255882,60.22
EVT-03247,0,0.016201703248057454,1.62
EVT-03248,0,0.01337249175583205,1.34
EVT-03249,0,0.017419571468568082,1.74
EVT-03250,0,0.01408875754196468,1.41
EVT-03251,0,0.013125370452709366,1.31
EVT-03252,0,0.01617909965464682,1.62
EVT-03253,0,0.017962504861407463,1.8
EVT-03254,0,0.0182192477245571,1.82
EVT-03255,0,0.008941142552473406,0.89
EVT-03256,0,0.011289830407094274,1.13
EVT-03257,0,0.009324382055107073,0.93
EVT-03258,0,0.014517372902574292,1.45
EVT-03259,1,0.8236915703029224,82.37
EVT-03260,0,0.014475053248586906,1.45
EVT-03261,0,0.016201703248057454,1.62
EVT-03262,0,0.012019000883653996,1.2
EVT-03263,0,0.017100715536787235,1.71
EVT-03264,0,0.019761891017929672,1.98
EVT-03265,0,0.014885628287173666,1.49
EVT-03266,1,0.7814744464153391,78.15
EVT-03267,0,0.01581795590163844,1.58
EVT-03268,0,0.01209664668722064,1.21
EVT-03269,0,0.010582585583379227,1.06
EVT-03270,0,0.015778085681849154,1.58
EVT-03271,0,0.012006646286903174,1.2
EVT-03272,0,0.012597344166813807,1.26
EVT-03273,1,0.8049171033100753,80.49
EVT-03274,0,0.013174861439817932,1.32
EVT-03275,0,0.019761891017929672,1.98
EVT-03276,0,0.013993477678002656,1.4
EVT-03277,0,0.023054182509047595,2.31
EVT-03278,0,0.0070214905343187126,0.7
EVT-03279,0,0.009804157654742312,0.98
EVT-03280,0,0.013910725728107932,1.39
EVT-03281,0,0.011133888758696593,1.11
EVT-03282,1,0.8339819879948719,83.4
EVT-03283,0,0.020453903998635593,2.05
EVT-03284,0,0.013077035635614088,1.31
EVT-03285,0,0.009071591591659392,0.91
EVT-03286,0,0.016201703248057454,1.62
EVT-03287,0,0.014535700172747025,1.45
EVT-03288,0,0.014885628287173666,1.49
EVT-03289,0,0.013321763134560596,1.33
EVT-03290,0,0.012006646286903174,1.2
EVT-03291,0,0.012499951785475165,1.25
EVT-03292,0,0.01717057061238201,1.72
EVT-03293,0,0.012597344166813807,1.26
EVT-03294,0,0.008723247210474263,0.87
EVT-03295,0,0.02048568220739173,2.05
EVT-03296,0,0.012019000883653996,1.2
EVT-03297,0,0.009280488643330788,0.93
EVT-03298,0,0.0182192477245571,1.82
EVT-03299,0,0.006285120807829549,0.63
EVT-03300,1,0.7656222502246309,76.56
EVT-03301,0,0.016764444914772393,1.68
EVT-03302,0,0.01257077400172978,1.26
EVT-03303,0,0.016359358011079107,1.64
EVT-03304,0,0.016784753803907045,1.68
EVT-03305,0,0.012092312773702592,1.21
EVT-03306,0,0.01257077400172978,1.26
EVT-03307,0,0.012597344166813807,1.26
EVT-03308,0,0.014568872720774551,1.46
EVT-03309,0,0.012238949719322077,1.22
EVT-03310,0,0.016856172618669164,1.69
EVT-03311,0,0.012694242461115399,1.27
EVT-03312,0,0.012006646286903174,1.2
EVT-03313,0,0.017962504861407463,1.8
EVT-03314,0,0.023054182509047595,2.31
EVT-03315,1,0.773639958034328,77.36
EVT-03316,0,0.009098160144125702,0.91
EVT-03317,0,0.012092312773702592,1.21
EVT-03318,0,0.007487044944619255,0.75
EVT-03319,0,0.012092312773702592,1.21
EVT-03320,0,0.011133888758696593,1.11
EVT-03321,0,0.007849889499721227,0.78
EVT-03322,0,0.0059401778868638,0.59
EVT-03323,0,0.015140213168613388,1.51
EVT-03324,0,0.04809621686002722,4.81
EVT-03325,0,0.01676442429665314,1.68
EVT-03326,0,0.013910725728107932,1.39
EVT-03327,0,0.014447958040568238,1.44
EVT-03328,0,0.01236904608645115,1.24
EVT-03329,0,0.023054182509047595,2.31
EVT-03330,0,0.01618316999222503,1.62
EVT-03331,0,0.02002123424389245,2.0
EVT-03332,0,0.01470909540469494,1.47
EVT-03333,0,0.014564038153563412,1.46
EVT-03334,0,0.01337249175583205,1.34
EVT-03335,0,0.014517372902574292,1.45
EVT-03336,0,0.015123279787049044,1.51
EVT-03337,0,0.013125370452709366,1.31
EVT-03338,0,0.011081503036264002,1.11
EVT-03339,0,0.017962504861407463,1.8
EVT-03340,0,0.01337249175583205,1.34
EVT-03341,0,0.12624438944231717,12.62
EVT-03342,0,0.01806342073826604,1.81
EVT-03343,0,0.023054182509047595,2.31
EVT-03344,0,0.013248576161198561,1.32
EVT-03345,0,0.012559180048639281,1.26
EVT-03346,0,0.01717057061238201,1.72
EVT-03347,0,0.010582585583379227,1.06
EVT-03348,0,0.00850649286878448,0.85
EVT-03349,0,0.01617909965464682,1.62
EVT-03350,0,0.014101711904817184,1.41
EVT-03351,0,0.008941142552473406,0.89
EVT-03352,0,0.010042581280689656,1.0
EVT-03353,0,0.019136008427762433,1.91
EVT-03354,0,0.006259704977834559,0.63
EVT-03355,0,0.01989391130752093,1.99
EVT-03356,0,0.017900834456068562,1.79
EVT-03357,0,0.01135967560443339,1.14
EVT-03358,0,0.009071591591659392,0.91
EVT-03359,0,0.009071591591659392,0.91
EVT-03360,0,0.010582585583379227,1.06
EVT-03361,1,0.7971860397802905,79.72
EVT-03362,0,0.007249397432629287,0.72
EVT-03363,0,0.009047605255992616,0.9
EVT-03364,0,0.014513190310445226,1.45
EVT-03365,0,0.012374393256485398,1.24
EVT-03366,0,0.012559180048639281,1.26
EVT-03367,0,0.013275023532622516,1.33
EVT-03368,0,0.02048568220739173,2.05
EVT-03369,1,0.818406654836131,81.84
EVT-03370,0,0.004632976067745722,0.46
EVT-03371,0,0.019761891017929672,1.98
EVT-03372,1,0.8696610610885194,86.97
EVT-03373,0,0.00511256213545756,0.51
EVT-03374,0,0.01001138143243648,1.0
EVT-03375,0,0.016497924243663982,1.65
EVT-03376,0,0.013702693718721255,1.37
EVT-03377,0,0.016856172618669164,1.69
EVT-03378,0,0.015082775023667014,1.51
EVT-03379,0,0.01001138143243648,1.0
EVT-03380,1,0.8613888295665102,86.14
EVT-03381,0,0.0114674252253984,1.15
EVT-03382,0,0.013321763134560596,1.33
EVT-03383,1,0.8661672699759762,86.62
EVT-03384,0,0.009804157654742312,0.98
EVT-03385,0,0.015037240433989373,1.5
EVT-03386,0,0.021812639110101555,2.18
EVT-03387,1,0.8277111636426336,82.77
EVT-03388,0,0.009280488643330788,0.93
EVT-03389,0,0.013248576161198561,1.32
EVT-03390,0,0.01992073949236142,1.99
EVT-03391,0,0.009804157654742312,0.98
EVT-03392,0,0.011289830407094274,1.13
EVT-03393,0,0.011738728390316259,1.17
EVT-03394,0,0.014067278334993138,1.41
EVT-03395,0,0.01618316999222503,1.62
EVT-03396,1,0.8370203687673413,83.7
EVT-03397,1,0.8687179500678576,86.87
EVT-03398,0,0.012499951785475165,1.25
EVT-03399,0,0.0114674252253984,1.15
EVT-03400,0,0.015192202961817381,1.52
EVT-03401,0,0.017193492060182135,1.72
EVT-03402,0,0.005215422246876786,0.52
EVT-03403,0,0.007249397432629287,0.72
EVT-03404,1,0.7559083706669765,75.59
EVT-03405,0,0.00911454020865791,0.91
EVT-03406,0,0.01408875754196468,1.41
EVT-03407,0,0.015438768654305279,1.54
EVT-03408,0,0.006285120807829549,0.63
EVT-03409,0,0.014513190310445226,1.45
EVT-03410,0,0.016784753803907045,1.68
EVT-03411,0,0.014885628287173666,1.49
EVT-03412,0,0.014885628287173666,1.49
EVT-03413,0,0.007849889499721227,0.78
EVT-03414,0,0.016971423664841914,1.7
EVT-03415,0,0.013993477678002656,1.4
EVT-03416,0,0.012559180048639281,1.26
EVT-03417,0,0.014972955175871008,1.5
EVT-03418,0,0.01135967560443339,1.14
EVT-03419,0,0.012342914346945335,1.23
EVT-03420,0,0.004632976067745722,0.46
EVT-03421,0,0.014885628287173666,1.49
EVT-03422,1,0.7750655956947181,77.51
EVT-03423,0,0.012597344166813807,1.26
EVT-03424,0,0.009280488643330788,0.93
EVT-03425,0,0.006285120807829549,0.63
EVT-03426,0,0.016637879489059315,1.66
EVT-03427,0,0.01257077400172978,1.26
EVT-03428,0,0.01239996451898929,1.24
EVT-03429,0,0.00801253288671569,0.8
EVT-03430,0,0.01135967560443339,1.14
EVT-03431,0,0.014513190310445226,1.45
EVT-03432,0,0.011242553562262001,1.12
EVT-03433,1,0.7125820119255725,71.26
EVT-03434,0,0.009280488643330788,0.93
EVT-03435,0,0.011587320176436983,1.16
EVT-03436,0,0.015338280758880456,1.53
EVT-03437,0,0.01618316999222503,1.62
EVT-03438,0,0.011133888758696593,1.11
EVT-03439,0,0.013651494748934671,1.37
EVT-03440,0,0.01337249175583205,1.34
EVT-03441,0,0.017900834456068562,1.79
EVT-03442,0,0.007249397432629287,0.72
EVT-03443,1,0.7248222032599129,72.48
EVT-03444,0,0.0149493878380267,1.49
EVT-03445,0,0.014972955175871008,1.5
EVT-03446,0,0.013702693718721255,1.37
EVT-03447,0,0.015282450810914268,1.53
EVT-03448,0,0.016637879489059315,1.66
EVT-03449,0,0.017900834456068562,1.79
EVT-03450,0,0.01209664668722064,1.21
EVT-03451,0,0.014101711904817184,1.41
EVT-03452,0,0.013651494748934671,1.37
EVT-03453,0,0.017900834456068562,1.79
EVT-03454,0,0.013125370452709366,1.31
EVT-03455,0,0.02010423974027635,2.01
EVT-03456,1,0.8049171033100753,80.49
EVT-03457,0,0.012144312399955502,1.21
EVT-03458,0,0.010223553792245222,1.02
EVT-03459,1,0.7814434942352326,78.14
EVT-03460,0,0.01676442429665314,1.68
EVT-03461,0,0.016201703248057454,1.62
EVT-03462,0,0.0059401778868638,0.59
EVT-03463,0,0.011242553562262001,1.12
EVT-03464,0,0.011133888758696593,1.11
EVT-03465,1,0.7898237309420353,78.98
EVT-03466,0,0.016856172618669164,1.69
EVT-03467,0,0.006141923023741647,0.61
EVT-03468,0,0.019761891017929672,1.98
EVT-03469,0,0.016201703248057454,1.62
EVT-03470,0,0.02002123424389245,2.0
EVT-03471,0,0.01474968952948547,1.47
EVT-03472,0,0.01236904608645115,1.24
EVT-03473,0,0.009280488643330788,0.93
EVT-03474,0,0.016764444914772393,1.68
EVT-03475,1,0.7039475036739408,70.39
EVT-03476,0,0.01135967560443339,1.14
EVT-03477,0,0.008941142552473406,0.89
EVT-03478,0,0.013077035635614088,1.31
EVT-03479,0,0.01170976792122393,1.17
EVT-03480,0,0.010223553792245222,1.02
EVT-03481,0,0.013275023532622516,1.33
EVT-03482,0,0.015282450810914268,1.53
EVT-03483,0,0.016784753803907045,1.68
EVT-03484,0,0.019136008427762433,1.91
EVT-03485,0,0.015463983874743509,1.55
EVT-03486,0,0.0070214905343187126,0.7
EVT-03487,0,0.011081503036264002,1.11
EVT-03488,0,0.01135967560443339,1.14
EVT-03489,0,0.017572734578510916,1.76
EVT-03490,0,0.004632976067745722,0.46
EVT-03491,0,0.012581214397453183,1.26
EVT-03492,0,0.013148915530169709,1.31
EVT-03493,1,0.7869802714170591,78.7
EVT-03494,0,0.017419571468568082,1.74
EVT-03495,0,0.009071591591659392,0.91
EVT-03496,0,0.007849889499721227,0.78
EVT-03497,0,0.012374393256485398,1.24
EVT-03498,0,0.015404277833995596,1.54
EVT-03499,0,0.015463983874743509,1.55
EVT-03500,0,0.013218888737116534,1.32
EVT-03501,0,0.009804157654742312,0.98
EVT-03502,0,0.018148646708241043,1.81
EVT-03503,0,0.016359358011079107,1.64
EVT-03504,0,0.017193492060182135,1.72
EVT-03505,0,0.013275023532622516,1.33
EVT-03506,0,0.010589943137987239,1.06
EVT-03507,1,0.8249067112758145,82.49
EVT-03508,0,0.01940374160699722,1.94
EVT-03509,0,0.01221553213356974,1.22
EVT-03510,0,0.016201703248057454,1.62
EVT-03511,0,0.007249397432629287,0.72
EVT-03512,0,0.010907627905855522,1.09
EVT-03513,0,0.010582585583379227,1.06
EVT-03514,0,0.01001138143243648,1.0
EVT-03515,0,0.017100715536787235,1.71
EVT-03516,0,0.016971423664841914,1.7
EVT-03517,0,0.01717057061238201,1.72
EVT-03518,0,0.00967618892649975,0.97
EVT-03519,0,0.01236904608645115,1.24
EVT-03520,0,0.015580327894218102,1.56
EVT-03521,0,0.01184141590172666,1.18
EVT-03522,0,0.01989391130752093,1.99
EVT-03523,0,0.013077035635614088,1.31
EVT-03524,0,0.008723247210474263,0.87
EVT-03525,0,0.01581795590163844,1.58
EVT-03526,0,0.014535700172747025,1.45
EVT-03527,0,0.01236904608645115,1.24
EVT-03528,0,0.01989391130752093,1.99
EVT-03529,0,0.016101857847479757,1.61
EVT-03530,0,0.02002123424389245,2.0
EVT-03531,0,0.014568872720774551,1.46
EVT-03532,0,0.013042286474735125,1.3
EVT-03533,0,0.01236904608645115,1.24
EVT-03534,0,0.01676442429665314,1.68
EVT-03535,0,0.017962504861407463,1.8
EVT-03536,0,0.01474968952948547,1.47
EVT-03537,0,0.013174861439817932,1.32
EVT-03538,0,0.02048568220739173,2.05
EVT-03539,0,0.013042286474735125,1.3
EVT-03540,0,0.015123279787049044,1.51
EVT-03541,0,0.012597344166813807,1.26
EVT-03542,1,0.6983745250509331,69.84
EVT-03543,1,0.8655801791108623,86.56
EVT-03544,0,0.016201703248057454,1.62
EVT-03545,0,0.012581214397453183,1.26
EVT-03546,0,0.007249397432629287,0.72
EVT-03547,0,0.012374393256485398,1.24
EVT-03548,0,0.012527670519106183,1.25
EVT-03549,0,0.012342914346945335,1.23
EVT-03550,0,0.014965089331211509,1.5
EVT-03551,0,0.017220811199722408,1.72
EVT-03552,0,0.015338280758880456,1.53
EVT-03553,0,0.01773117964914321,1.77
EVT-03554,0,0.01184141590172666,1.18
EVT-03555,0,0.010289653052403144,1.03
EVT-03556,0,0.00850649286878448,0.85
EVT-03557,0,0.018448381680063207,1.84
EVT-03558,0,0.013077035635614088,1.31
EVT-03559,0,0.016856172618669164,1.69
EVT-03560,0,0.015282450810914268,1.53
EVT-03561,0,0.00801253288671569,0.8
EVT-03562,0,0.013077035635614088,1.31
EVT-03563,0,0.017443119589428124,1.74
EVT-03564,0,0.017962504861407463,1.8
EVT-03565,0,0.009098160144125702,0.91
EVT-03566,0,0.012092312773702592,1.21
EVT-03567,0,0.012694242461115399,1.27
EVT-03568,0,0.014568872720774551,1.46
EVT-03569,1,0.7880287394079717,78.8
EVT-03570,0,0.011587320176436983,1.16
EVT-03571,0,0.01553742126471195,1.55
EVT-03572,0,0.012342914346945335,1.23
EVT-03573,0,0.006141923023741647,0.61
EVT-03574,0,0.011081503036264002,1.11
EVT-03575,0,0.01992073949236142,1.99
EVT-03576,0,0.019761891017929672,1.98
EVT-03577,0,0.020453903998635593,2.05
EVT-03578,0,0.015778085681849154,1.58
EVT-03579,0,0.012019000883653996,1.2
EVT-03580,0,0.01968796935465505,1.97
EVT-03581,0,0.012374393256485398,1.24
EVT-03582,0,0.01968796935465505,1.97
EVT-03583,0,0.012311821162919878,1.23
EVT-03584,0,0.014885628287173666,1.49
EVT-03585,0,0.017572734578510916,1.76
EVT-03586,0,0.009047605255992616,0.9
EVT-03587,0,0.009280488643330788,0.93
EVT-03588,0,0.012374393256485398,1.24
EVT-03589,0,0.015282450810914268,1.53
EVT-03590,1,0.8518564703502112,85.19
EVT-03591,0,0.012913822594738342,1.29
EVT-03592,0,0.016856172618669164,1.69
EVT-03593,0,0.014517372902574292,1.45
EVT-03594,0,0.010582585583379227,1.06
EVT-03595,0,0.01992073949236142,1.99
EVT-03596,0,0.011586569973449245,1.16
EVT-03597,0,0.01992073949236142,1.99
EVT-03598,0,0.010582585583379227,1.06
EVT-03599,0,0.015463983874743509,1.55
EVT-03600,0,0.01236904608645115,1.24
EVT-03601,0,0.012527670519106183,1.25
EVT-03602,0,0.01170976792122393,1.17
EVT-03603,1,0.7841603644831528,78.42
EVT-03604,0,0.014393770892759965,1.44
EVT-03605,0,0.017443119589428124,1.74
EVT-03606,0,0.010582585583379227,1.06
EVT-03607,0,0.012238949719322077,1.22
EVT-03608,1,0.7814434942352326,78.14
EVT-03609,0,0.016856172618669164,1.69
EVT-03610,0,0.012342914346945335,1.23
EVT-03611,0,0.01135967560443339,1.14
EVT-03612,0,0.009280488643330788,0.93
EVT-03613,0,0.014089808740924449,1.41
EVT-03614,0,0.011289830407094274,1.13
EVT-03615,0,0.014089808740924449,1.41
EVT-03616,0,0.01184141590172666,1.18
EVT-03617,0,0.013651494748934671,1.37
EVT-03618,0,0.014393770892759965,1.44
EVT-03619,0,0.008723247210474263,0.87
EVT-03620,0,0.005148519530488049,0.51
EVT-03621,0,0.012559180048639281,1.26
EVT-03622,0,0.012238949719322077,1.22
EVT-03623,1,0.8291419067888152,82.91
EVT-03624,0,0.01236904608645115,1.24
EVT-03625,0,0.004632976067745722,0.46
EVT-03626,0,0.00850649286878448,0.85
EVT-03627,0,0.00850649286878448,0.85
EVT-03628,0,0.01614094590700234,1.61
EVT-03629,0,0.01717057061238201,1.72
EVT-03630,0,0.01940374160699722,1.94
EVT-03631,0,0.012144312399955502,1.21
EVT-03632,0,0.017900834456068562,1.79
EVT-03633,0,0.00967618892649975,0.97
EVT-03634,0,0.018148646708241043,1.81
EVT-03635,0,0.013248576161198561,1.32
EVT-03636,0,0.013125370452709366,1.31
EVT-03637,1,0.852908285667028,85.29
EVT-03638,0,0.01773117964914321,1.77
EVT-03639,0,0.014393770892759965,1.44
EVT-03640,0,0.010589943137987239,1.06
EVT-03641,0,0.010907627905855522,1.09
EVT-03642,0,0.0182192477245571,1.82
EVT-03643,0,0.035778085681849155,3.58
EVT-03644,0,0.009324382055107073,0.93
EVT-03645,0,0.016069295979863972,1.61
EVT-03646,0,0.017100715536787235,1.71
EVT-03647,0,0.2737600619796451,27.38
EVT-03648,0,0.017572734578510916,1.76
EVT-03649,0,0.013174861439817932,1.32
EVT-03650,0,0.006285120807829549,0.63
EVT-03651,0,0.01968796935465505,1.97
EVT-03652,0,0.012581180962331845,1.26
EVT-03653,0,0.014089808740924449,1.41
EVT-03654,1,0.770279925573506,77.03
EVT-03655,0,0.013036250431517814,1.3
EVT-03656,0,0.011242553562262001,1.12
EVT-03657,0,0.01989391130752093,1.99
EVT-03658,0,0.01257077400172978,1.26
EVT-03659,1,0.7555145442808805,75.55
EVT-03660,0,0.014564038153563412,1.46
EVT-03661,0,0.01001138143243648,1.0
EVT-03662,0,0.009213457192264617,0.92
EVT-03663,0,0.015037240433989373,1.5
EVT-03664,0,0.007249397432629287,0.72
EVT-03665,0,0.005148519530488049,0.51
EVT-03666,0,0.017193492060182135,1.72
EVT-03667,0,0.01553742126471195,1.55
EVT-03668,1,0.6703453981791015,67.03
EVT-03669,0,0.014885628287173666,1.49
EVT-03670,0,0.011242553562262001,1.12
EVT-03671,0,0.01474968952948547,1.47
EVT-03672,0,0.019821668365091232,1.98
EVT-03673,0,0.011133888758696593,1.11
EVT-03674,0,0.01968796935465505,1.97
EVT-03675,0,0.007849889499721227,0.78
EVT-03676,0,0.019821668365091232,1.98
EVT-03677,0,0.014564038153563412,1.46
EVT-03678,0,0.014393770892759965,1.44
EVT-03679,0,0.011133888758696593,1.11
EVT-03680,0,0.015192202961817381,1.52
EVT-03681,1,0.5752310036652811,57.52
EVT-03682,0,0.006285120807829549,0.63
EVT-03683,0,0.013993477678002656,1.4
EVT-03684,0,0.016971423664841914,1.7
EVT-03685,0,0.00801253288671569,0.8
EVT-03686,0,0.015404277833995596,1.54
EVT-03687,0,0.012006646286903174,1.2
EVT-03688,0,0.010589943137987239,1.06
EVT-03689,0,0.005148519530488049,0.51
EVT-03690,0,0.004632976067745722,0.46
EVT-03691,0,0.012913822594738342,1.29
EVT-03692,0,0.011587320176436983,1.16
EVT-03693,0,0.012631763848389916,1.26
EVT-03694,0,0.01239996451898929,1.24
EVT-03695,0,0.014564038153563412,1.46
EVT-03696,0,0.010604082970688374,1.06
EVT-03697,0,0.01617909965464682,1.62
EVT-03698,0,0.00967618892649975,0.97
EVT-03699,0,0.017900834456068562,1.79
EVT-03700,0,0.013702693718721255,1.37
EVT-03701,0,0.011133888758696593,1.11
EVT-03702,0,0.01257077400172978,1.26
EVT-03703,0,0.2580700850567369,25.81
EVT-03704,0,0.011738728390316259,1.17
EVT-03705,0,0.011289830407094274,1.13
EVT-03706,0,0.4652232508780592,46.52
EVT-03707,0,0.012144312399955502,1.21
EVT-03708,0,0.01408875754196468,1.41
EVT-03709,0,0.005148519530488049,0.51
EVT-03710,0,0.017220811199722408,1.72
EVT-03711,1,0.7941577055521467,79.42
EVT-03712,0,0.01618316999222503,1.62
EVT-03713,0,0.014762883526693886,1.48
EVT-03714,0,0.01701423702571848,1.7
EVT-03715,1,0.8230592864150782,82.31
EVT-03716,0,0.018448381680063207,1.84
EVT-03717,0,0.015580327894218102,1.56
EVT-03718,0,0.017419571468568082,1.74
EVT-03719,0,0.010115897305609784,1.01
EVT-03720,0,0.0059401778868638,0.59
EVT-03721,0,0.012374393256485398,1.24
EVT-03722,0,0.012006646286903174,1.2
EVT-03723,0,0.016497924243663982,1.65
EVT-03724,0,0.014475053248586906,1.45
EVT-03725,0,0.00967618892649975,0.97
EVT-03726,1,0.8258611558669637,82.59
EVT-03727,0,0.00801253288671569,0.8
EVT-03728,0,0.016069295979863972,1.61
EVT-03729,0,0.02002123424389245,2.0
EVT-03730,0,0.01184141590172666,1.18
EVT-03731,0,0.01239996451898929,1.24
EVT-03732,0,0.011587320176436983,1.16
EVT-03733,0,0.017900834456068562,1.79
EVT-03734,0,0.01184141590172666,1.18
EVT-03735,0,0.04480861871132531,4.48
EVT-03736,0,0.011289830407094274,1.13
EVT-03737,0,0.0059401778868638,0.59
EVT-03738,0,0.014067278334993138,1.41
EVT-03739,0,0.01170976792122393,1.17
EVT-03740,0,0.016903512033757073,1.69
EVT-03741,0,0.01581795590163844,1.58
EVT-03742,0,0.013993477678002656,1.4
EVT-03743,0,0.014513190310445226,1.45
EVT-03744,0,0.016069295979863972,1.61
EVT-03745,0,0.01209664668722064,1.21
EVT-03746,0,0.011587320176436983,1.16
EVT-03747,0,0.01806342073826604,1.81
EVT-03748,0,0.01717057061238201,1.72
EVT-03749,0,0.01184141590172666,1.18
EVT-03750,1,0.8262644926314215,82.63
EVT-03751,0,0.01474968952948547,1.47
EVT-03752,0,0.016784753803907045,1.68
EVT-03753,0,0.012092312773702592,1.21
EVT-03754,0,0.01806342073826604,1.81
EVT-03755,0,0.01581795590163844,1.58
EVT-03756,0,0.013042286474735125,1.3
EVT-03757,0,0.013651494748934671,1.37
EVT-03758,0,0.011586569973449245,1.16
EVT-03759,0,0.01409556919761575,1.41
EVT-03760,1,0.7603680705155766,76.04
EVT-03761,0,0.015213009694065483,1.52
EVT-03762,1,0.8023958789653166,80.24
EVT-03763,0,0.014965089331211509,1.5
EVT-03764,0,0.02170390710065604,2.17
EVT-03765,0,0.01553742126471195,1.55
EVT-03766,0,0.012400564772291563,1.24
EVT-03767,0,0.005215422246876786,0.52
EVT-03768,0,0.011289830407094274,1.13
EVT-03769,0,0.014067278334993138,1.41
EVT-03770,0,0.04898833503175792,4.9
EVT-03771,0,0.004632976067745722,0.46
EVT-03772,0,0.011587320176436983,1.16
EVT-03773,0,0.011081503036264002,1.11
EVT-03774,0,0.0114674252253984,1.15
EVT-03775,0,0.012238949719322077,1.22
EVT-03776,1,0.8339819879948719,83.4
EVT-03777,0,0.009098160144125702,0.91
EVT-03778,0,0.012597344166813807,1.26
EVT-03779,0,0.015213009694065483,1.52
EVT-03780,0,0.02002123424389245,2.0
EVT-03781,0,0.01039663106614751,1.04
EVT-03782,0,0.01135967560443339,1.14
EVT-03783,0,0.017220811199722408,1.72
EVT-03784,0,0.012240563858320211,1.22
EVT-03785,0,0.01221553213356974,1.22
EVT-03786,0,0.00511256213545756,0.51
EVT-03787,0,0.014393770892759965,1.44
EVT-03788,0,0.015580327894218102,1.56
EVT-03789,0,0.00801253288671569,0.8
EVT-03790,0,0.012581214397453183,1.26
EVT-03791,1,0.8336249072836943,83.36
EVT-03792,0,0.02048568220739173,2.05
EVT-03793,0,0.01989391130752093,1.99
EVT-03794,0,0.009071591591659392,0.91
EVT-03795,0,0.01474968952948547,1.47
EVT-03796,0,0.01409556919761575,1.41
EVT-03797,0,0.017572734578510916,1.76
EVT-03798,1,0.8439755885463455,84.4
EVT-03799,0,0.006141923023741647,0.61
EVT-03800,0,0.013321763134560596,1.33
EVT-03801,0,0.014965089331211509,1.5
EVT-03802,0,0.010582585583379227,1.06
EVT-03803,0,0.012559180048639281,1.26
EVT-03804,0,0.015192202961817381,1.52
EVT-03805,1,0.7491342743381353,74.91
EVT-03806,0,0.014101711904817184,1.41
EVT-03807,0,0.012374393256485398,1.24
EVT-03808,0,0.007487044944619255,0.75
EVT-03809,0,0.0070214905343187126,0.7
EVT-03810,1,0.780049150417348,78.0
EVT-03811,1,0.8363285465985943,83.63
EVT-03812,0,0.01773117964914321,1.77
EVT-03813,0,0.005148519530488049,0.51
EVT-03814,0,0.01992073949236142,1.99
EVT-03815,0,0.01239996451898929,1.24
EVT-03816,0,0.013275023532622516,1.33
EVT-03817,0,0.010604082970688374,1.06
EVT-03818,0,0.01409556919761575,1.41
EVT-03819,0,0.01001138143243648,1.0
EVT-03820,0,0.01553742126471195,1.55
EVT-03821,1,0.8407911703226627,84.08
EVT-03822,0,0.014965089331211509,1.5
EVT-03823,0,0.01221553213356974,1.22
EVT-03824,0,0.013125370452709366,1.31
EVT-03825,0,0.012913822594738342,1.29
EVT-03826,0,0.017193492060182135,1.72
EVT-03827,0,0.019761891017929672,1.98
EVT-03828,0,0.01221553213356974,1.22
EVT-03829,0,0.01717057061238201,1.72
EVT-03830,0,0.01614094590700234,1.61
EVT-03831,0,0.012019000883653996,1.2
EVT-03832,0,0.004632976067745722,0.46
EVT-03833,0,0.016784753803907045,1.68
EVT-03834,0,0.01914195277154842,1.91
EVT-03835,0,0.013218888737116534,1.32
EVT-03836,0,0.0182192477245571,1.82
EVT-03837,0,0.007487044944619255,0.75
EVT-03838,1,0.8191282675949615,81.91
EVT-03839,0,0.009213457192264617,0.92
EVT-03840,0,0.016637879489059315,1.66
EVT-03841,0,0.011133888758696593,1.11
EVT-03842,0,0.01221553213356974,1.22
EVT-03843,0,0.006141923023741647,0.61
EVT-03844,0,0.014067278334993138,1.41
EVT-03845,0,0.014762883526693886,1.48
EVT-03846,0,0.01170976792122393,1.17
EVT-03847,0,0.023054182509047595,2.31
EVT-03848,0,0.009324382055107073,0.93
EVT-03849,0,0.016637879489059315,1.66
EVT-03850,0,0.0059401778868638,0.59
EVT-03851,0,0.012400564772291563,1.24
EVT-03852,0,0.00511256213545756,0.51
EVT-03853,0,0.016903512033757073,1.69
EVT-03854,0,0.016971423664841914,1.7
EVT-03855,0,0.00911454020865791,0.91
EVT-03856,0,0.01664725012675049,1.66
EVT-03857,0,0.012400564772291563,1.24
EVT-03858,0,0.015082775023667014,1.51
EVT-03859,0,0.011242553562262001,1.12
EVT-03860,0,0.01328302880526146,1.33
EVT-03861,0,0.01409556919761575,1.41
EVT-03862,0,0.012913822594738342,1.29
EVT-03863,0,0.01209664668722064,1.21
EVT-03864,0,0.01209664668722064,1.21
EVT-03865,0,0.01184141590172666,1.18
EVT-03866,0,0.014517372902574292,1.45
EVT-03867,0,0.019136008427762433,1.91
EVT-03868,0,0.021812639110101555,2.18
EVT-03869,0,0.01940374160699722,1.94
EVT-03870,0,0.01992073949236142,1.99
EVT-03871,0,0.01814195204465865,1.81
EVT-03872,0,0.015037240433989373,1.5
EVT-03873,0,0.01814195204465865,1.81
EVT-03874,0,0.009047605255992616,0.9
EVT-03875,0,0.01408875754196468,1.41
EVT-03876,0,0.011081503036264002,1.11
EVT-03877,0,0.01992073949236142,1.99
EVT-03878,0,0.01039663106614751,1.04
EVT-03879,0,0.004263672635527424,0.43
EVT-03880,0,0.01001138143243648,1.0
EVT-03881,0,0.014447958040568238,1.44
EVT-03882,0,0.011133888758696593,1.11
EVT-03883,0,0.016359358011079107,1.64
EVT-03884,0,0.012342914346945335,1.23
EVT-03885,0,0.009098160144125702,0.91
EVT-03886,0,0.016971423664841914,1.7
EVT-03887,0,0.012019000883653996,1.2
EVT-03888,0,0.015404277833995596,1.54
EVT-03889,0,0.009990375676748143,1.0
EVT-03890,0,0.017962504861407463,1.8
EVT-03891,0,0.018148646708241043,1.81
EVT-03892,1,0.6425559656156516,64.26
EVT-03893,0,0.01039663106614751,1.04
EVT-03894,0,0.01992073949236142,1.99
EVT-03895,0,0.014568872720774551,1.46
EVT-03896,0,0.01717057061238201,1.72
EVT-03897,0,0.01135967560443339,1.14
EVT-03898,0,0.014089808740924449,1.41
EVT-03899,0,0.012374393256485398,1.24
EVT-03900,1,0.8501245036559961,85.01
EVT-03901,0,0.012527670519106183,1.25
EVT-03902,0,0.01581795590163844,1.58
EVT-03903,0,0.019761891017929672,1.98
EVT-03904,0,0.005215422246876786,0.52
EVT-03905,0,0.017443119589428124,1.74
EVT-03906,0,0.007487044944619255,0.75
EVT-03907,0,0.1767827247604318,17.68
EVT-03908,0,0.011586569973449245,1.16
EVT-03909,0,0.014089808740924449,1.41
EVT-03910,0,0.015192202961817381,1.52
EVT-03911,0,0.013993477678002656,1.4
EVT-03912,0,0.009213457192264617,0.92
EVT-03913,0,0.01940374160699722,1.94
EVT-03914,0,0.01989391130752093,1.99
EVT-03915,0,0.01470909540469494,1.47
EVT-03916,0,0.011242553562262001,1.12
EVT-03917,0,0.02010423974027635,2.01
EVT-03918,0,0.01814195204465865,1.81
EVT-03919,0,0.011738728390316259,1.17
EVT-03920,0,0.011081503036264002,1.11
EVT-03921,0,0.016101857847479757,1.61
EVT-03922,0,0.015082775023667014,1.51
EVT-03923,0,0.015404277833995596,1.54
EVT-03924,0,0.015123279787049044,1.51
EVT-03925,0,0.019821668365091232,1.98
EVT-03926,0,0.011586569973449245,1.16
EVT-03927,0,0.02010423974027635,2.01
EVT-03928,0,0.005148519530488049,0.51
EVT-03929,0,0.020606235473508504,2.06
EVT-03930,0,0.005148519530488049,0.51
EVT-03931,0,0.02010423974027635,2.01
EVT-03932,0,0.016069295979863972,1.61
EVT-03933,0,0.016201703248057454,1.62
EVT-03934,0,0.016069295979863972,1.61
EVT-03935,1,0.8361032814332988,83.61
EVT-03936,0,0.019761891017929672,1.98
EVT-03937,0,0.013275023532622516,1.33
EVT-03938,0,0.010042581280689656,1.0
EVT-03939,0,0.016567368773094025,1.66
EVT-03940,0,0.00511256213545756,0.51
EVT-03941,0,0.014762883526693886,1.48
EVT-03942,0,0.01257077400172978,1.26
EVT-03943,0,0.015463983874743509,1.55
EVT-03944,0,0.0070214905343187126,0.7
EVT-03945,0,0.01617909965464682,1.62
EVT-03946,0,0.09786944102221161,9.79
EVT-03947,1,0.7898237309420353,78.98
EVT-03948,0,0.018448381680063207,1.84
EVT-03949,0,0.016784753803907045,1.68
EVT-03950,0,0.014965089331211509,1.5
EVT-03951,0,0.012631763848389916,1.26
EVT-03952,0,0.020606235473508504,2.06
EVT-03953,0,0.01328302880526146,1.33
EVT-03954,0,0.00911454020865791,0.91
EVT-03955,0,0.006285120807829549,0.63
EVT-03956,1,0.7529873588611509,75.3
EVT-03957,0,0.011081503036264002,1.11
EVT-03958,0,0.0114674252253984,1.15
EVT-03959,0,0.014447958040568238,1.44
EVT-03960,0,0.009280488643330788,0.93
EVT-03961,0,0.017443119589428124,1.74
EVT-03962,0,0.010223553792245222,1.02
EVT-03963,0,0.005148519530488049,0.51
EVT-03964,1,0.8083270894552725,80.83
EVT-03965,0,0.006285120807829549,0.63
EVT-03966,0,0.015580327894218102,1.56
EVT-03967,0,0.016971423664841914,1.7
EVT-03968,0,0.019761891017929672,1.98
EVT-03969,0,0.008723247210474263,0.87
EVT-03970,0,0.009804157654742312,0.98
EVT-03971,0,0.01239996451898929,1.24
EVT-03972,0,0.007249397432629287,0.72
EVT-03973,1,0.6366035851320999,63.66
EVT-03974,0,0.013125370452709366,1.31
EVT-03975,0,0.01328302880526146,1.33
EVT-03976,0,0.014885628287173666,1.49
EVT-03977,0,0.021812639110101555,2.18
EVT-03978,0,0.012631763848389916,1.26
EVT-03979,1,0.8436870354340079,84.37
EVT-03980,0,0.007249397432629287,0.72
EVT-03981,1,0.8064215366870985,80.64
EVT-03982,0,0.011738728390316259,1.17
EVT-03983,0,0.015037240433989373,1.5
EVT-03984,0,0.02010423974027635,2.01
EVT-03985,0,0.014762883526693886,1.48
EVT-03986,0,0.021812639110101555,2.18
EVT-03987,0,0.01409556919761575,1.41
EVT-03988,0,0.013702693718721255,1.37
EVT-03989,0,0.01914195277154842,1.91
EVT-03990,0,0.01470909540469494,1.47
EVT-03991,0,0.014513190310445226,1.45
EVT-03992,0,0.004263672635527424,0.43
EVT-03993,0,0.012527670519106183,1.25
EVT-03994,0,0.007249397432629287,0.72
EVT-03995,0,0.014447958040568238,1.44
EVT-03996,0,0.010589943137987239,1.06
EVT-03997,0,0.020606235473508504,2.06
EVT-03998,0,0.016497924243663982,1.65
EVT-03999,0,0.010604082970688374,1.06
EVT-04000,0,0.005215422246876786,0.52
EVT-04001,0,0.005215422246876786,0.52
EVT-04002,0,0.012694242461115399,1.27
EVT-04003,0,0.009213457192264617,0.92
EVT-04004,0,0.01236904608645115,1.24
EVT-04005,1,0.8501245036559961,85.01
EVT-04006,0,0.01773117964914321,1.77
EVT-04007,0,0.013910725728107932,1.39
EVT-04008,0,0.013036250431517814,1.3
EVT-04009,0,0.015580327894218102,1.56
EVT-04010,0,0.009071591591659392,0.91
EVT-04011,0,0.012144312399955502,1.21
EVT-04012,0,0.013077035635614088,1.31
EVT-04013,0,0.012144312399955502,1.21
EVT-04014,0,0.016856172618669164,1.69
EVT-04015,0,0.013910725728107932,1.39
EVT-04016,0,0.014089808740924449,1.41
EVT-04017,0,0.009071591591659392,0.91
EVT-04018,0,0.007249397432629287,0.72
EVT-04019,0,0.006285120807829549,0.63
EVT-04020,0,0.011081503036264002,1.11
EVT-04021,0,0.010604082970688374,1.06
EVT-04022,0,0.013993477678002656,1.4
EVT-04023,0,0.01701423702571848,1.7
EVT-04024,0,0.01328302880526146,1.33
EVT-04025,0,0.013248576161198561,1.32
EVT-04026,0,0.016201703248057454,1.62
EVT-04027,0,0.016497924243663982,1.65
EVT-04028,0,0.005148519530488049,0.51
EVT-04029,0,0.016856172618669164,1.69
EVT-04030,0,0.012144312399955502,1.21
EVT-04031,0,0.01773117964914321,1.77
EVT-04032,0,0.013218888737116534,1.32
EVT-04033,0,0.017220811199722408,1.72
EVT-04034,0,0.00850649286878448,0.85
EVT-04035,0,0.015140213168613388,1.51
EVT-04036,0,0.017572734578510916,1.76
EVT-04037,0,0.01701423702571848,1.7
EVT-04038,0,0.012499951785475165,1.25
EVT-04039,0,0.012834470941064192,1.28
EVT-04040,0,0.01968796935465505,1.97
EVT-04041,0,0.01940374160699722,1.94
EVT-04042,0,0.013036250431517814,1.3
EVT-04043,0,0.016069295979863972,1.61
EVT-04044,1,0.8293371664414404,82.93
EVT-04045,0,0.016069295979863972,1.61
EVT-04046,0,0.012499951785475165,1.25
EVT-04047,0,0.01940374160699722,1.94
EVT-04048,0,0.014568872720774551,1.46
EVT-04049,0,0.012559180048639281,1.26
EVT-04050,0,0.016069295979863972,1.61
EVT-04051,0,0.015037240433989373,1.5
EVT-04052,0,0.017419571468568082,1.74
EVT-04053,0,0.012913822594738342,1.29
EVT-04054,0,0.01553742126471195,1.55
EVT-04055,0,0.012694242461115399,1.27
EVT-04056,0,0.017193492060182135,1.72
EVT-04057,0,0.014067278334993138,1.41
EVT-04058,0,0.01337249175583205,1.34
EVT-04059,0,0.017100715536787235,1.71
EVT-04060,0,0.01989391130752093,1.99
EVT-04061,0,0.019821668365091232,1.98
EVT-04062,0,0.01209664668722064,1.21
EVT-04063,0,0.014972955175871008,1.5
EVT-04064,0,0.020606235473508504,2.06
EVT-04065,0,0.02048568220739173,2.05
EVT-04066,0,0.01209664668722064,1.21
EVT-04067,0,0.010907627905855522,1.09
EVT-04068,0,0.01940374160699722,1.94
EVT-04069,0,0.01992073949236142,1.99
EVT-04070,0,0.01806342073826604,1.81
EVT-04071,0,0.009804157654742312,0.98
EVT-04072,0,0.018448381680063207,1.84
EVT-04073,0,0.01617909965464682,1.62
EVT-04074,0,0.006259704977834559,0.63
EVT-04075,0,0.015037240433989373,1.5
EVT-04076,0,0.010115897305609784,1.01
EVT-04077,0,0.01409556919761575,1.41
EVT-04078,0,0.013125370452709366,1.31
EVT-04079,0,0.012240563858320211,1.22
EVT-04080,0,0.01001138143243648,1.0
EVT-04081,0,0.014089808740924449,1.41
EVT-04082,0,0.01184141590172666,1.18
EVT-04083,0,0.009990375676748143,1.0
EVT-04084,0,0.018448381680063207,1.84
EVT-04085,0,0.015140213168613388,1.51
EVT-04086,0,0.013321763134560596,1.33
EVT-04087,0,0.010907627905855522,1.09
EVT-04088,0,0.016637879489059315,1.66
EVT-04089,0,0.011587320176436983,1.16
EVT-04090,0,0.0114674252253984,1.15
EVT-04091,0,0.01717057061238201,1.72
EVT-04092,0,0.01474968952948547,1.47
EVT-04093,1,0.831126952330026,83.11
EVT-04094,1,0.8287112465053454,82.87
EVT-04095,0,0.014101711904817184,1.41
EVT-04096,0,0.013702693718721255,1.37
EVT-04097,0,0.02048568220739173,2.05
EVT-04098,0,0.00511256213545756,0.51
EVT-04099,0,0.01914195277154842,1.91
EVT-04100,0,0.01221553213356974,1.22
EVT-04101,1,0.771065240156448,77.11
EVT-04102,0,0.009990375676748143,1.0
EVT-04103,1,0.8259091434406134,82.59
EVT-04104,0,0.020453903998635593,2.05
EVT-04105,0,0.017193492060182135,1.72
EVT-04106,0,0.010907627905855522,1.09
EVT-04107,0,0.014517372902574292,1.45
EVT-04108,0,0.008723247210474263,0.87
EVT-04109,0,0.019761891017929672,1.98
EVT-04110,0,0.014965089331211509,1.5
EVT-04111,0,0.01135967560443339,1.14
EVT-04112,0,0.01337249175583205,1.34
EVT-04113,0,0.01221553213356974,1.22
EVT-04114,0,0.017220811199722408,1.72
EVT-04115,0,0.015213009694065483,1.52
EVT-04116,0,0.016971423664841914,1.7
EVT-04117,0,0.01717057061238201,1.72
EVT-04118,0,0.0149493878380267,1.49
EVT-04119,0,0.013077035635614088,1.31
EVT-04120,0,0.009990375676748143,1.0
EVT-04121,0,0.00850649286878448,0.85
EVT-04122,0,0.01618316999222503,1.62
EVT-04123,0,0.017572734578510916,1.76
EVT-04124,0,0.019821668365091232,1.98
EVT-04125,0,0.014564038153563412,1.46
EVT-04126,0,0.010042581280689656,1.0
EVT-04127,0,0.017100715536787235,1.71
EVT-04128,0,0.014067278334993138,1.41
EVT-04129,0,0.009280488643330788,0.93
EVT-04130,0,0.013174861439817932,1.32
EVT-04131,0,0.012559180048639281,1.26
EVT-04132,0,0.012006646286903174,1.2
EVT-04133,0,0.009324382055107073,0.93
EVT-04134,0,0.011587320176436983,1.16
EVT-04135,0,0.01001138143243648,1.0
EVT-04136,0,0.005215422246876786,0.52
EVT-04137,0,0.014475053248586906,1.45
EVT-04138,0,0.009047605255992616,0.9
EVT-04139,0,0.005148519530488049,0.51
EVT-04140,0,0.014393770892759965,1.44
EVT-04141,0,0.02048568220739173,2.05
EVT-04142,0,0.014475053248586906,1.45
EVT-04143,0,0.01409556919761575,1.41
EVT-04144,0,0.011289830407094274,1.13
EVT-04145,0,0.013042286474735125,1.3
EVT-04146,0,0.01184141590172666,1.18
EVT-04147,0,0.015213009694065483,1.52
EVT-04148,0,0.02010423974027635,2.01
EVT-04149,0,0.012092312773702592,1.21
EVT-04150,0,0.011242553562262001,1.12
EVT-04151,0,0.010042581280689656,1.0
EVT-04152,0,0.009047605255992616,0.9
EVT-04153,0,0.012019000883653996,1.2
EVT-04154,0,0.014965089331211509,1.5
EVT-04155,0,0.014067278334993138,1.41
EVT-04156,0,0.014885628287173666,1.49
EVT-04157,0,0.012019000883653996,1.2
EVT-04158,0,0.01170976792122393,1.17
EVT-04159,0,0.00511256213545756,0.51
EVT-04160,0,0.010042581280689656,1.0
EVT-04161,0,0.016971423664841914,1.7
EVT-04162,0,0.015282450810914268,1.53
EVT-04163,0,0.01553742126471195,1.55
EVT-04164,0,0.015338280758880456,1.53
EVT-04165,0,0.013148915530169709,1.31
EVT-04166,0,0.012559180048639281,1.26
EVT-04167,0,0.01236904608645115,1.24
EVT-04168,0,0.01989391130752093,1.99
EVT-04169,0,0.017900834456068562,1.79
EVT-04170,0,0.00801253288671569,0.8
EVT-04171,0,0.01474968952948547,1.47
EVT-04172,0,0.009804157654742312,0.98
EVT-04173,0,0.010223553792245222,1.02
EVT-04174,0,0.01408875754196468,1.41
EVT-04175,0,0.018148646708241043,1.81
EVT-04176,0,0.015213009694065483,1.52
EVT-04177,0,0.017900834456068562,1.79
EVT-04178,0,0.017962504861407463,1.8
EVT-04179,0,0.017220811199722408,1.72
EVT-04180,0,0.014568872720774551,1.46
EVT-04181,0,0.016971423664841914,1.7
EVT-04182,0,0.01474968952948547,1.47
EVT-04183,0,0.009098160144125702,0.91
EVT-04184,0,0.00911454020865791,0.91
EVT-04185,0,0.015463983874743509,1.55
EVT-04186,0,0.009990375676748143,1.0
EVT-04187,0,0.012631763848389916,1.26
EVT-04188,0,0.0114674252253984,1.15
EVT-04189,1,0.6368103869195049,63.68
EVT-04190,0,0.01209664668722064,1.21
EVT-04191,0,0.012240563858320211,1.22
EVT-04192,0,0.016069295979863972,1.61
EVT-04193,0,0.0114674252253984,1.15
EVT-04194,0,0.017220811199722408,1.72
EVT-04195,0,0.011586569973449245,1.16
EVT-04196,0,0.01806342073826604,1.81
EVT-04197,0,0.011587320176436983,1.16
EVT-04198,0,0.009047605255992616,0.9
EVT-04199,0,0.012092312773702592,1.21
EVT-04200,0,0.016101857847479757,1.61
EVT-04201,0,0.013248576161198561,1.32
EVT-04202,0,0.012581180962331845,1.26
EVT-04203,0,0.014475053248586906,1.45
EVT-04204,0,0.015037240433989373,1.5
EVT-04205,0,0.004263672635527424,0.43
EVT-04206,1,0.852908285667028,85.29
EVT-04207,0,0.009280488643330788,0.93
EVT-04208,0,0.017419571468568082,1.74
EVT-04209,0,0.014101711904817184,1.41
EVT-04210,0,0.004263672635527424,0.43
EVT-04211,0,0.01968796935465505,1.97
EVT-04212,0,0.019761891017929672,1.98
EVT-04213,0,0.013125370452709366,1.31
EVT-04214,0,0.0059401778868638,0.59
EVT-04215,0,0.009990375676748143,1.0
EVT-04216,0,0.016101857847479757,1.61
EVT-04217,0,0.010589943137987239,1.06
EVT-04218,0,0.013036250431517814,1.3
EVT-04219,0,0.01553742126471195,1.55
EVT-04220,0,0.01135967560443339,1.14
EVT-04221,0,0.01617909965464682,1.62
EVT-04222,0,0.019761891017929672,1.98
EVT-04223,0,0.017193492060182135,1.72
EVT-04224,1,0.8420756919213775,84.21
EVT-04225,0,0.019761891017929672,1.98
EVT-04226,0,0.016567368773094025,1.66
EVT-04227,0,0.016201703248057454,1.62
EVT-04228,0,0.03018950595200249,3.02
EVT-04229,0,0.012144312399955502,1.21
EVT-04230,0,0.013036250431517814,1.3
EVT-04231,0,0.009280488643330788,0.93
EVT-04232,0,0.014972955175871008,1.5
EVT-04233,0,0.01328302880526146,1.33
EVT-04234,0,0.020453903998635593,2.05
EVT-04235,0,0.019136008427762433,1.91
EVT-04236,0,0.01581795590163844,1.58
EVT-04237,0,0.009990375676748143,1.0
EVT-04238,0,0.015213009694065483,1.52
EVT-04239,0,0.017193492060182135,1.72
EVT-04240,0,0.010223553792245222,1.02
EVT-04241,0,0.016764444914772393,1.68
EVT-04242,0,0.01553742126471195,1.55
EVT-04243,0,0.015282450810914268,1.53
EVT-04244,0,0.014535700172747025,1.45
EVT-04245,0,0.014517372902574292,1.45
EVT-04246,0,0.016101857847479757,1.61
EVT-04247,0,0.0070214905343187126,0.7
EVT-04248,0,0.01239996451898929,1.24
EVT-04249,0,0.01170976792122393,1.17
EVT-04250,0,0.008941142552473406,0.89
EVT-04251,0,0.36227011420224936,36.23
EVT-04252,0,0.00850649286878448,0.85
EVT-04253,0,0.010582585583379227,1.06
EVT-04254,0,0.012240563858320211,1.22
EVT-04255,0,0.009324382055107073,0.93
EVT-04256,0,0.01838383678253846,1.84
EVT-04257,0,0.00967618892649975,0.97
EVT-04258,0,0.01328302880526146,1.33
EVT-04259,1,0.7898237309420353,78.98
EVT-04260,0,0.012694242461115399,1.27
EVT-04261,0,0.013651494748934671,1.37
EVT-04262,0,0.01039663106614751,1.04
EVT-04263,0,0.013275023532622516,1.33
EVT-04264,0,0.013321763134560596,1.33
EVT-04265,0,0.009280488643330788,0.93
EVT-04266,0,0.012006646286903174,1.2
EVT-04267,0,0.010042581280689656,1.0
EVT-04268,0,0.007487044944619255,0.75
EVT-04269,0,0.011081503036264002,1.11
EVT-04270,0,0.012374393256485398,1.24
EVT-04271,0,0.01617909965464682,1.62
EVT-04272,0,0.008941142552473406,0.89
EVT-04273,0,0.01924784762899851,1.92
EVT-04274,0,0.009323993600741048,0.93
EVT-04275,0,0.008941142552473406,0.89
EVT-04276,0,0.01914195277154842,1.91
EVT-04277,0,0.0149493878380267,1.49
EVT-04278,0,0.012238949719322077,1.22
EVT-04279,0,0.01184141590172666,1.18
EVT-04280,0,0.016567368773094025,1.66
EVT-04281,0,0.012240563858320211,1.22
EVT-04282,1,0.8268815911169107,82.69
EVT-04283,0,0.014089808740924449,1.41
EVT-04284,0,0.016856172618669164,1.69
EVT-04285,0,0.012527670519106183,1.25
EVT-04286,0,0.014475053248586906,1.45
EVT-04287,0,0.013148915530169709,1.31
EVT-04288,0,0.01221553213356974,1.22
EVT-04289,0,0.007849889499721227,0.78
EVT-04290,0,0.012006646286903174,1.2
EVT-04291,0,0.00801253288671569,0.8
EVT-04292,0,0.012631757953755606,1.26
EVT-04293,0,0.015282450810914268,1.53
EVT-04294,0,0.01968796935465505,1.97
EVT-04295,1,0.8277111636426336,82.77
EVT-04296,0,0.014393770892759965,1.44
EVT-04297,0,0.015192202961817381,1.52
EVT-04298,0,0.016497924243663982,1.65
EVT-04299,0,0.012006646286903174,1.2
EVT-04300,1,0.8128191477204445,81.28
EVT-04301,0,0.021812639110101555,2.18
EVT-04302,0,0.00511256213545756,0.51
EVT-04303,0,0.006259704977834559,0.63
EVT-04304,0,0.01838383678253846,1.84
EVT-04305,0,0.012240563858320211,1.22
EVT-04306,0,0.006285120807829549,0.63
EVT-04307,0,0.013321763134560596,1.33
EVT-04308,0,0.008723247210474263,0.87
EVT-04309,0,0.02010423974027635,2.01
EVT-04310,0,0.01221553213356974,1.22
EVT-04311,0,0.012240563858320211,1.22
EVT-04312,0,0.011738728390316259,1.17
EVT-04313,0,0.015580327894218102,1.56
EVT-04314,0,0.013321763134560596,1.33
EVT-04315,0,0.013148915530169709,1.31
EVT-04316,0,0.01968796935465505,1.97
EVT-04317,0,0.010582585583379227,1.06
EVT-04318,0,0.008723247210474263,0.87
EVT-04319,0,0.014101711904817184,1.41
EVT-04320,0,0.011081503036264002,1.11
EVT-04321,0,0.01968796935465505,1.97
EVT-04322,0,0.02155229495384033,2.16
EVT-04323,0,0.00511256213545756,0.51
EVT-04324,1,0.8661672699759762,86.62
EVT-04325,0,0.008723247210474263,0.87
EVT-04326,0,0.38335165552997535,38.34
EVT-04327,0,0.01614094590700234,1.61
EVT-04328,0,0.010042581280689656,1.0
EVT-04329,0,0.012631757953755606,1.26
EVT-04330,0,0.01717057061238201,1.72
EVT-04331,0,0.014475053248586906,1.45
EVT-04332,0,0.016497924243663982,1.65
EVT-04333,0,0.009804157654742312,0.98
EVT-04334,0,0.016903512033757073,1.69
EVT-04335,0,0.01701423702571848,1.7
EVT-04336,0,0.00511256213545756,0.51
EVT-04337,0,0.012834470941064192,1.28
EVT-04338,0,0.01989391130752093,1.99
EVT-04339,0,0.017900834456068562,1.79
EVT-04340,0,0.016764444914772393,1.68
EVT-04341,0,0.01614094590700234,1.61
EVT-04342,0,0.009324382055107073,0.93
EVT-04343,0,0.01914195277154842,1.91
EVT-04344,0,0.017419571468568082,1.74
EVT-04345,0,0.01806342073826604,1.81
EVT-04346,0,0.009804157654742312,0.98
EVT-04347,0,0.016637879489059315,1.66
EVT-04348,0,0.014475053248586906,1.45
EVT-04349,0,0.00511256213545756,0.51
EVT-04350,0,0.013042286474735125,1.3
EVT-04351,0,0.013036250431517814,1.3
EVT-04352,0,0.012019000883653996,1.2
EVT-04353,0,0.006285120807829549,0.63
EVT-04354,0,0.01773117964914321,1.77
EVT-04355,0,0.01409556919761575,1.41
EVT-04356,0,0.015778085681849154,1.58
EVT-04357,0,0.012581180962331845,1.26
EVT-04358,0,0.012019000883653996,1.2
EVT-04359,0,0.013042286474735125,1.3
EVT-04360,0,0.012374393256485398,1.24
EVT-04361,0,0.01664725012675049,1.66
EVT-04362,0,0.01989391130752093,1.99
EVT-04363,0,0.01221553213356974,1.22
EVT-04364,0,0.005148519530488049,0.51
EVT-04365,0,0.012342914346945335,1.23
EVT-04366,0,0.011289830407094274,1.13
EVT-04367,0,0.01617909965464682,1.62
EVT-04368,0,0.023054182509047595,2.31
EVT-04369,0,0.012311821162919878,1.23
EVT-04370,0,0.015140213168613388,1.51
EVT-04371,0,0.009804157654742312,0.98
EVT-04372,0,0.012581214397453183,1.26
EVT-04373,0,0.012631763848389916,1.26
EVT-04374,0,0.020606235473508504,2.06
EVT-04375,0,0.015123279787049044,1.51
EVT-04376,0,0.25329026241763075,25.33
EVT-04377,0,0.014535700172747025,1.45
EVT-04378,0,0.012499951785475165,1.25
EVT-04379,0,0.016856172618669164,1.69
EVT-04380,0,0.006285120807829549,0.63
EVT-04381,0,0.020606235473508504,2.06
EVT-04382,0,0.010907627905855522,1.09
EVT-04383,0,0.016971423664841914,1.7
EVT-04384,0,0.009047605255992616,0.9
EVT-04385,0,0.016201703248057454,1.62
EVT-04386,0,0.012527670519106183,1.25
EVT-04387,0,0.01184141590172666,1.18
EVT-04388,0,0.01806342073826604,1.81
EVT-04389,1,0.7424676076714686,74.25
EVT-04390,0,0.014089808740924449,1.41
EVT-04391,0,0.01814195204465865,1.81
EVT-04392,0,0.01001138143243648,1.0
EVT-04393,0,0.012342914346945335,1.23
EVT-04394,0,0.008941142552473406,0.89
EVT-04395,0,0.01257077400172978,1.26
EVT-04396,0,0.012144312399955502,1.21
EVT-04397,0,0.01553742126471195,1.55
EVT-04398,0,0.01940374160699722,1.94
EVT-04399,0,0.01328302880526146,1.33
EVT-04400,0,0.01701423702571848,1.7
EVT-04401,0,0.01940374160699722,1.94
EVT-04402,0,0.02048568220739173,2.05
EVT-04403,1,0.788761913583595,78.88
EVT-04404,0,0.014535700172747025,1.45
EVT-04405,0,0.011133888758696593,1.11
EVT-04406,0,0.017220811199722408,1.72
EVT-04407,0,0.01940374160699722,1.94
EVT-04408,0,0.014885628287173666,1.49
EVT-04409,0,0.01236904608645115,1.24
EVT-04410,0,0.016497924243663982,1.65
EVT-04411,0,0.016764444914772393,1.68
EVT-04412,0,0.014475053248586906,1.45
EVT-04413,0,0.0149493878380267,1.49
EVT-04414,0,0.013125370452709366,1.31
EVT-04415,0,0.012834470941064192,1.28
EVT-04416,0,0.02010423974027635,2.01
EVT-04417,1,0.7432701190245148,74.33
EVT-04418,0,0.007849889499721227,0.78
EVT-04419,0,0.014972955175871008,1.5
EVT-04420,0,0.012092312773702592,1.21
EVT-04421,0,0.01474968952948547,1.47
EVT-04422,0,0.014447958040568238,1.44
EVT-04423,0,0.01914195277154842,1.91
EVT-04424,0,0.012006646286903174,1.2
EVT-04425,0,0.01773117964914321,1.77
EVT-04426,0,0.02010423974027635,2.01
EVT-04427,0,0.0114674252253984,1.15
EVT-04428,0,0.012631757953755606,1.26
EVT-04429,0,0.007487044944619255,0.75
EVT-04430,0,0.01838383678253846,1.84
EVT-04431,0,0.017419571468568082,1.74
EVT-04432,0,0.012019000883653996,1.2
EVT-04433,0,0.013218888737116534,1.32
EVT-04434,0,0.009323993600741048,0.93
EVT-04435,0,0.01135967560443339,1.14
EVT-04436,0,0.00911454020865791,0.91
EVT-04437,0,0.019136008427762433,1.91
EVT-04438,0,0.012144312399955502,1.21
EVT-04439,0,0.01408875754196468,1.41
EVT-04440,0,0.009047605255992616,0.9
EVT-04441,0,0.01209664668722064,1.21
EVT-04442,0,0.013036250431517814,1.3
EVT-04443,0,0.010042581280689656,1.0
EVT-04444,0,0.008723247210474263,0.87
EVT-04445,0,0.013702693718721255,1.37
EVT-04446,0,0.006141923023741647,0.61
EVT-04447,0,0.009047605255992616,0.9
EVT-04448,0,0.01470909540469494,1.47
EVT-04449,0,0.01773117964914321,1.77
EVT-04450,0,0.015140213168613388,1.51
EVT-04451,0,0.021812639110101555,2.18
EVT-04452,1,0.8392486785922392,83.92
EVT-04453,0,0.012527670519106183,1.25
EVT-04454,0,0.02048568220739173,2.05
EVT-04455,0,0.012581214397453183,1.26
EVT-04456,0,0.020606235473508504,2.06
EVT-04457,0,0.009098160144125702,0.91
EVT-04458,0,0.014564038153563412,1.46
EVT-04459,0,0.016903512033757073,1.69
EVT-04460,0,0.012581214397453183,1.26
EVT-04461,0,0.009213457192264617,0.92
EVT-04462,1,0.7882220888044029,78.82
EVT-04463,0,0.014089808740924449,1.41
EVT-04464,0,0.012581214397453183,1.26
EVT-04465,0,0.015404277833995596,1.54
EVT-04466,0,0.01001138143243648,1.0
EVT-04467,0,0.0114674252253984,1.15
EVT-04468,0,0.015338280758880456,1.53
EVT-04469,0,0.012092312773702592,1.21
EVT-04470,0,0.005148519530488049,0.51
EVT-04471,0,0.019821668365091232,1.98
EVT-04472,0,0.012631763848389916,1.26
EVT-04473,0,0.013042286474735125,1.3
EVT-04474,0,0.029971212822392648,3.0
EVT-04475,0,0.006259704977834559,0.63
EVT-04476,0,0.009071591591659392,0.91
EVT-04477,0,0.01617909965464682,1.62
EVT-04478,0,0.015282450810914268,1.53
EVT-04479,0,0.01914195277154842,1.91
EVT-04480,0,0.014101711904817184,1.41
EVT-04481,0,0.01940374160699722,1.94
EVT-04482,0,0.01409556919761575,1.41
EVT-04483,0,0.012559180048639281,1.26
EVT-04484,0,0.013125370452709366,1.31
EVT-04485,0,0.013321763134560596,1.33
EVT-04486,1,0.7657339216889989,76.57
EVT-04487,0,0.012581180962331845,1.26
EVT-04488,0,0.02048568220739173,2.05
EVT-04489,0,0.01209664668722064,1.21
EVT-04490,0,0.009280488643330788,0.93
EVT-04491,0,0.014089808740924449,1.41
EVT-04492,0,0.013910725728107932,1.39
EVT-04493,0,0.004632976067745722,0.46
EVT-04494,0,0.017900834456068562,1.79
EVT-04495,0,0.014535700172747025,1.45
EVT-04496,0,0.019761891017929672,1.98
EVT-04497,0,0.012311821162919878,1.23
EVT-04498,0,0.00967618892649975,0.97
EVT-04499,0,0.012694242461115399,1.27
EVT-04500,0,0.014965089331211509,1.5
EVT-04501,0,0.01940374160699722,1.94
EVT-04502,0,0.014447958040568238,1.44
EVT-04503,0,0.01001138143243648,1.0
EVT-04504,0,0.013148915530169709,1.31
EVT-04505,0,0.01838383678253846,1.84
EVT-04506,0,0.017443119589428124,1.74
EVT-04507,0,0.01170976792122393,1.17
EVT-04508,0,0.013077035635614088,1.31
EVT-04509,0,0.016764444914772393,1.68
EVT-04510,0,0.011081503036264002,1.11
EVT-04511,0,0.012597344166813807,1.26
EVT-04512,0,0.010115897305609784,1.01
EVT-04513,0,0.015192202961817381,1.52
EVT-04514,0,0.009280488643330788,0.93
EVT-04515,0,0.017900834456068562,1.79
EVT-04516,0,0.012400564772291563,1.24
EVT-04517,0,0.0149493878380267,1.49
EVT-04518,0,0.012913822594738342,1.29
EVT-04519,0,0.013275023532622516,1.33
EVT-04520,0,0.017900834456068562,1.79
EVT-04521,0,0.007487044944619255,0.75
EVT-04522,0,0.015140213168613388,1.51
EVT-04523,0,0.011738728390316259,1.17
EVT-04524,0,0.009804157654742312,0.98
EVT-04525,1,0.8501245036559961,85.01
EVT-04526,0,0.01838383678253846,1.84
EVT-04527,0,0.015404277833995596,1.54
EVT-04528,0,0.01474968952948547,1.47
EVT-04529,0,0.012631763848389916,1.26
EVT-04530,0,0.02010423974027635,2.01
EVT-04531,1,0.865933284100197,86.59
EVT-04532,0,0.009280488643330788,0.93
EVT-04533,0,0.014762883526693886,1.48
EVT-04534,0,0.019761891017929672,1.98
EVT-04535,0,0.011133888758696593,1.11
EVT-04536,0,0.01701423702571848,1.7
EVT-04537,0,0.01814195204465865,1.81
EVT-04538,0,0.015140213168613388,1.51
EVT-04539,0,0.016637879489059315,1.66
EVT-04540,0,0.013042286474735125,1.3
EVT-04541,0,0.01914195277154842,1.91
EVT-04542,0,0.009213457192264617,0.92
EVT-04543,0,0.006259704977834559,0.63
EVT-04544,0,0.01814195204465865,1.81
EVT-04545,0,0.011586569973449245,1.16
EVT-04546,1,0.8025267824461242,80.25
EVT-04547,1,0.7518210481972587,75.18
EVT-04548,0,0.014393770892759965,1.44
EVT-04549,0,0.01039663106614751,1.04
EVT-04550,0,0.004632976067745722,0.46
EVT-04551,0,0.01617909965464682,1.62
EVT-04552,0,0.012374393256485398,1.24
EVT-04553,0,0.00801253288671569,0.8
EVT-04554,1,0.7810183725773481,78.1
EVT-04555,0,0.016971423664841914,1.7
EVT-04556,0,0.015140213168613388,1.51
EVT-04557,0,0.020606235473508504,2.06
EVT-04558,0,0.018148646708241043,1.81
EVT-04559,0,0.016784753803907045,1.68
EVT-04560,0,0.015123279787049044,1.51
EVT-04561,0,0.014972955175871008,1.5
EVT-04562,0,0.013042286474735125,1.3
EVT-04563,0,0.012238949719322077,1.22
EVT-04564,0,0.051149420604285664,5.11
EVT-04565,0,0.01664725012675049,1.66
EVT-04566,0,0.0182192477245571,1.82
EVT-04567,0,0.014101711904817184,1.41
EVT-04568,0,0.008941142552473406,0.89
EVT-04569,0,0.01968796935465505,1.97
EVT-04570,0,0.017100715536787235,1.71
EVT-04571,0,0.010042581280689656,1.0
EVT-04572,0,0.00511256213545756,0.51
EVT-04573,0,0.013910725728107932,1.39
EVT-04574,0,0.004632976067745722,0.46
EVT-04575,0,0.009280488643330788,0.93
EVT-04576,0,0.014564038153563412,1.46
EVT-04577,0,0.016764444914772393,1.68
EVT-04578,0,0.011081503036264002,1.11
EVT-04579,0,0.015282450810914268,1.53
EVT-04580,0,0.012631757953755606,1.26
EVT-04581,0,0.02002123424389245,2.0
EVT-04582,0,0.017100715536787235,1.71
EVT-04583,0,0.010289653052403144,1.03
EVT-04584,0,0.005215422246876786,0.52
EVT-04585,0,0.016101857847479757,1.61
EVT-04586,0,0.012581214397453183,1.26
EVT-04587,0,0.004263672635527424,0.43
EVT-04588,0,0.011081503036264002,1.11
EVT-04589,0,0.012240563858320211,1.22
EVT-04590,0,0.015082775023667014,1.51
EVT-04591,1,0.7987877023163988,79.88
EVT-04592,0,0.012581214397453183,1.26
EVT-04593,0,0.013651494748934671,1.37
EVT-04594,0,0.0070214905343187126,0.7
EVT-04595,0,0.01773117964914321,1.77
EVT-04596,0,0.021812639110101555,2.18
EVT-04597,0,0.016856172618669164,1.69
EVT-04598,1,0.8281782833899625,82.82
EVT-04599,0,0.01992073949236142,1.99
EVT-04600,0,0.012559180048639281,1.26
EVT-04601,0,0.01408875754196468,1.41
EVT-04602,1,0.7926263416856882,79.26
EVT-04603,1,0.7880287394079717,78.8
EVT-04604,0,0.01328302880526146,1.33
EVT-04605,0,0.01470909540469494,1.47
EVT-04606,0,0.012581180962331845,1.26
EVT-04607,0,0.012240563858320211,1.22
EVT-04608,0,0.004632976067745722,0.46
EVT-04609,0,0.016359358011079107,1.64
EVT-04610,0,0.00967618892649975,0.97
EVT-04611,0,0.016069295979863972,1.61
EVT-04612,0,0.019136008427762433,1.91
EVT-04613,0,0.01773117964914321,1.77
EVT-04614,0,0.014564038153563412,1.46
EVT-04615,0,0.01992073949236142,1.99
EVT-04616,0,0.004632976067745722,0.46
EVT-04617,0,0.005148519530488049,0.51
EVT-04618,0,0.011586569973449245,1.16
EVT-04619,0,0.011081503036264002,1.11
EVT-04620,0,0.0059401778868638,0.59
EVT-04621,0,0.013148915530169709,1.31
EVT-04622,0,0.010042581280689656,1.0
EVT-04623,0,0.01337249175583205,1.34
EVT-04624,0,0.1552189349269487,15.52
EVT-04625,0,0.012631757953755606,1.26
EVT-04626,0,0.012006646286903174,1.2
EVT-04627,0,0.013702693718721255,1.37
EVT-04628,0,0.0182192477245571,1.82
EVT-04629,0,0.01470909540469494,1.47
EVT-04630,0,0.004263672635527424,0.43
EVT-04631,0,0.011289830407094274,1.13
EVT-04632,0,0.009213457192264617,0.92
EVT-04633,0,0.006259704977834559,0.63
EVT-04634,0,0.016069295979863972,1.61
EVT-04635,0,0.015192202961817381,1.52
EVT-04636,0,0.011081503036264002,1.11
EVT-04637,0,0.019136008427762433,1.91
EVT-04638,0,0.016903512033757073,1.69
EVT-04639,0,0.014393770892759965,1.44
EVT-04640,0,0.014568872720774551,1.46
EVT-04641,0,0.01618316999222503,1.62
EVT-04642,0,0.009071591591659392,0.91
EVT-04643,0,0.014517372902574292,1.45
EVT-04644,0,0.011081503036264002,1.11
EVT-04645,0,0.011587320176436983,1.16
EVT-04646,0,0.01409556919761575,1.41
EVT-04647,0,0.012527670519106183,1.25
EVT-04648,0,0.010289653052403144,1.03
EVT-04649,0,0.01001138143243648,1.0
EVT-04650,0,0.007487044944619255,0.75
EVT-04651,0,0.020606235473508504,2.06
EVT-04652,0,0.01337249175583205,1.34
EVT-04653,0,0.015282450810914268,1.53
EVT-04654,0,0.013148915530169709,1.31
EVT-04655,0,0.016764444914772393,1.68
EVT-04656,0,0.017100715536787235,1.71
EVT-04657,0,0.007249397432629287,0.72
EVT-04658,0,0.016567368773094025,1.66
EVT-04659,0,0.01992073949236142,1.99
EVT-04660,0,0.016971423664841914,1.7
EVT-04661,0,0.012092312773702592,1.21
EVT-04662,0,0.01135967560443339,1.14
EVT-04663,0,0.00911454020865791,0.91
EVT-04664,0,0.01614094590700234,1.61
EVT-04665,0,0.023570178700423737,2.36
EVT-04666,0,0.01184141590172666,1.18
EVT-04667,0,0.009324382055107073,0.93
EVT-04668,0,0.24472990608944858,24.47
EVT-04669,0,0.013702693718721255,1.37
EVT-04670,0,0.012581180962331845,1.26
EVT-04671,0,0.012581214397453183,1.26
EVT-04672,0,0.01838383678253846,1.84
EVT-04673,0,0.013275023532622516,1.33
EVT-04674,0,0.016359358011079107,1.64
EVT-04675,0,0.013321763134560596,1.33
EVT-04676,0,0.00967618892649975,0.97
EVT-04677,0,0.017220811199722408,1.72
EVT-04678,1,0.7692378251074342,76.92
EVT-04679,0,0.017443119589428124,1.74
EVT-04680,0,0.01001138143243648,1.0
EVT-04681,0,0.009213457192264617,0.92
EVT-04682,0,0.014564038153563412,1.46
EVT-04683,0,0.01239996451898929,1.24
EVT-04684,0,0.01773117964914321,1.77
EVT-04685,0,0.012400564772291563,1.24
EVT-04686,0,0.015463983874743509,1.55
EVT-04687,0,0.015192202961817381,1.52
EVT-04688,0,0.023054182509047595,2.31
EVT-04689,0,0.014517372902574292,1.45
EVT-04690,0,0.01337249175583205,1.34
EVT-04691,0,0.02002123424389245,2.0
EVT-04692,0,0.010589943137987239,1.06
EVT-04693,0,0.019761891017929672,1.98
EVT-04694,0,0.013042286474735125,1.3
EVT-04695,0,0.014517372902574292,1.45
EVT-04696,0,0.01618316999222503,1.62
EVT-04697,0,0.014762883526693886,1.48
EVT-04698,0,0.009990375676748143,1.0
EVT-04699,0,0.015213009694065483,1.52
EVT-04700,0,0.014101711904817184,1.41
EVT-04701,0,0.010604082970688374,1.06
EVT-04702,0,0.014535700172747025,1.45
EVT-04703,0,0.013275023532622516,1.33
EVT-04704,0,0.02010423974027635,2.01
EVT-04705,0,0.009280488643330788,0.93
EVT-04706,1,0.8244602856633593,82.45
EVT-04707,1,0.7984437247323235,79.84
EVT-04708,0,0.0182192477245571,1.82
EVT-04709,0,0.005215422246876786,0.52
EVT-04710,0,0.009213457192264617,0.92
EVT-04711,0,0.015580327894218102,1.56
EVT-04712,0,0.01239996451898929,1.24
EVT-04713,0,0.01239996451898929,1.24
EVT-04714,0,0.011133888758696593,1.11
EVT-04715,0,0.010604082970688374,1.06
EVT-04716,1,0.7566960933227554,75.67
EVT-04717,0,0.012092312773702592,1.21
EVT-04718,0,0.014965089331211509,1.5
EVT-04719,0,0.014885628287173666,1.49
EVT-04720,0,0.012342914346945335,1.23
EVT-04721,0,0.014564038153563412,1.46
EVT-04722,0,0.01001138143243648,1.0
EVT-04723,0,0.006141923023741647,0.61
EVT-04724,0,0.014089808740924449,1.41
EVT-04725,0,0.009324382055107073,0.93
EVT-04726,0,0.0070214905343187126,0.7
EVT-04727,0,0.013148915530169709,1.31
EVT-04728,0,0.01806342073826604,1.81
EVT-04729,1,0.8359551082491348,83.6
EVT-04730,0,0.02048568220739173,2.05
EVT-04731,0,0.014564038153563412,1.46
EVT-04732,0,0.005148519530488049,0.51
EVT-04733,1,0.8059511465442563,80.6
EVT-04734,0,0.015463983874743509,1.55
EVT-04735,0,0.013993477678002656,1.4
EVT-04736,0,0.012694242461115399,1.27
EVT-04737,0,0.021812639110101555,2.18
EVT-04738,0,0.014568872720774551,1.46
EVT-04739,0,0.014535700172747025,1.45
EVT-04740,0,0.00511256213545756,0.51
EVT-04741,0,0.0114674252253984,1.15
EVT-04742,1,0.7798228451905559,77.98
EVT-04743,0,0.0114674252253984,1.15
EVT-04744,0,0.013125370452709366,1.31
EVT-04745,0,0.01135967560443339,1.14
EVT-04746,1,0.8428048780269319,84.28
EVT-04747,0,0.012092312773702592,1.21
EVT-04748,0,0.006141923023741647,0.61
EVT-04749,0,0.021812639110101555,2.18
EVT-04750,0,0.013910725728107932,1.39
EVT-04751,0,0.010223553792245222,1.02
EVT-04752,0,0.01940374160699722,1.94
EVT-04753,0,0.017220811199722408,1.72
EVT-04754,0,0.01618316999222503,1.62
EVT-04755,0,0.014972955175871008,1.5
EVT-04756,0,0.016497924243663982,1.65
EVT-04757,0,0.015404277833995596,1.54
EVT-04758,0,0.017419571468568082,1.74
EVT-04759,0,0.01337249175583205,1.34
EVT-04760,0,0.013651494748934671,1.37
EVT-04761,0,0.011738728390316259,1.17
EVT-04762,0,0.015778085681849154,1.58
EVT-04763,0,0.014568872720774551,1.46
EVT-04764,0,0.01184141590172666,1.18
EVT-04765,0,0.01337249175583205,1.34
EVT-04766,0,0.015282450810914268,1.53
EVT-04767,0,0.01940374160699722,1.94
EVT-04768,0,0.017900834456068562,1.79
EVT-04769,0,0.02048568220739173,2.05
EVT-04770,0,0.014393770892759965,1.44
EVT-04771,0,0.016971423664841914,1.7
EVT-04772,0,0.013036250431517814,1.3
EVT-04773,0,0.01328302880526146,1.33
EVT-04774,0,0.011738728390316259,1.17
EVT-04775,0,0.012581214397453183,1.26
EVT-04776,1,0.754776827568566,75.48
EVT-04777,0,0.011738728390316259,1.17
EVT-04778,0,0.02010423974027635,2.01
EVT-04779,0,0.016497924243663982,1.65
EVT-04780,0,0.00511256213545756,0.51
EVT-04781,1,0.8294983841394507,82.95
EVT-04782,0,0.01773117964914321,1.77
EVT-04783,0,0.017100715536787235,1.71
EVT-04784,0,0.016069295979863972,1.61
EVT-04785,0,0.013993477678002656,1.4
EVT-04786,0,0.014564038153563412,1.46
EVT-04787,0,0.012092312773702592,1.21
EVT-04788,0,0.012374393256485398,1.24
EVT-04789,0,0.014089808740924449,1.41
EVT-04790,0,0.018148646708241043,1.81
EVT-04791,0,0.01806342073826604,1.81
EVT-04792,0,0.015213009694065483,1.52
EVT-04793,0,0.012913822594738342,1.29
EVT-04794,0,0.00967618892649975,0.97
EVT-04795,0,0.01184141590172666,1.18
EVT-04796,0,0.01806342073826604,1.81
EVT-04797,0,0.013036250431517814,1.3
EVT-04798,0,0.01184141590172666,1.18
EVT-04799,1,0.7974087108181672,79.74
EVT-04800,0,0.016359358011079107,1.64
EVT-04801,0,0.015404277833995596,1.54
EVT-04802,0,0.014101711904817184,1.41
EVT-04803,0,0.01617909965464682,1.62
EVT-04804,0,0.009323993600741048,0.93
EVT-04805,0,0.013651494748934671,1.37
EVT-04806,0,0.009804157654742312,0.98
EVT-04807,0,0.015082775023667014,1.51
EVT-04808,0,0.009990375676748143,1.0
EVT-04809,0,0.01617909965464682,1.62
EVT-04810,0,0.019821668365091232,1.98
EVT-04811,0,0.010907627905855522,1.09
EVT-04812,0,0.013148915530169709,1.31
EVT-04813,0,0.019821668365091232,1.98
EVT-04814,0,0.008723247210474263,0.87
EVT-04815,0,0.01209664668722064,1.21
EVT-04816,1,0.6803066247009947,68.03
EVT-04817,0,0.01221553213356974,1.22
EVT-04818,0,0.017900834456068562,1.79
EVT-04819,0,0.44584009465096786,44.58
EVT-04820,0,0.007249397432629287,0.72
EVT-04821,0,0.015438768654305279,1.54
EVT-04822,0,0.009990375676748143,1.0
EVT-04823,1,0.8236915703029224,82.37
EVT-04824,0,0.014067278334993138,1.41
EVT-04825,0,0.008723247210474263,0.87
EVT-04826,0,0.01337249175583205,1.34
EVT-04827,0,0.013077035635614088,1.31
EVT-04828,0,0.012499951785475165,1.25
EVT-04829,0,0.008723247210474263,0.87
EVT-04830,0,0.012913822594738342,1.29
EVT-04831,1,0.8457949342616282,84.58
EVT-04832,0,0.004632976067745722,0.46
EVT-04833,0,0.01239996451898929,1.24
EVT-04834,0,0.01409556919761575,1.41
EVT-04835,0,0.005148519530488049,0.51
EVT-04836,0,0.013910725728107932,1.39
EVT-04837,0,0.013077035635614088,1.31
EVT-04838,0,0.017572734578510916,1.76
EVT-04839,0,0.01039663106614751,1.04
EVT-04840,0,0.011133888758696593,1.11
EVT-04841,0,0.01328302880526146,1.33
EVT-04842,0,0.010223553792245222,1.02
EVT-04843,0,0.01676442429665314,1.68
EVT-04844,0,0.007849889499721227,0.78
EVT-04845,0,0.012311821162919878,1.23
EVT-04846,1,0.8437574739339566,84.38
EVT-04847,0,0.01992073949236142,1.99
EVT-04848,0,0.006141923023741647,0.61
EVT-04849,0,0.016903512033757073,1.69
EVT-04850,0,0.016856172618669164,1.69
EVT-04851,0,0.013910725728107932,1.39
EVT-04852,0,0.01581795590163844,1.58
EVT-04853,0,0.013248576161198561,1.32
EVT-04854,0,0.014513190310445226,1.45
EVT-04855,0,0.008723247210474263,0.87
EVT-04856,0,0.017100715536787235,1.71
EVT-04857,0,0.015778085681849154,1.58
EVT-04858,0,0.015082775023667014,1.51
EVT-04859,0,0.017193492060182135,1.72
EVT-04860,0,0.01618316999222503,1.62
EVT-04861,0,0.012238949719322077,1.22
EVT-04862,0,0.006259704977834559,0.63
EVT-04863,0,0.013174861439817932,1.32
EVT-04864,0,0.12337624456038432,12.34
EVT-04865,0,0.013036250431517814,1.3
EVT-04866,0,0.005148519530488049,0.51
EVT-04867,0,0.017962504861407463,1.8
EVT-04868,0,0.012374393256485398,1.24
EVT-04869,1,0.8436870354340079,84.37
EVT-04870,0,0.014762883526693886,1.48
EVT-04871,0,0.016784753803907045,1.68
EVT-04872,0,0.012400564772291563,1.24
EVT-04873,0,0.01701423702571848,1.7
EVT-04874,0,0.009098160144125702,0.91
EVT-04875,0,0.016101857847479757,1.61
EVT-04876,0,0.013148915530169709,1.31
EVT-04877,0,0.016856172618669164,1.69
EVT-04878,0,0.004632976067745722,0.46
EVT-04879,0,0.01717057061238201,1.72
EVT-04880,0,0.01209664668722064,1.21
EVT-04881,0,0.013077035635614088,1.31
EVT-04882,0,0.012499951785475165,1.25
EVT-04883,0,0.014762883526693886,1.48
EVT-04884,0,0.0149493878380267,1.49
EVT-04885,0,0.01337249175583205,1.34
EVT-04886,0,0.017193492060182135,1.72
EVT-04887,0,0.01701423702571848,1.7
EVT-04888,0,0.018448381680063207,1.84
EVT-04889,0,0.012631757953755606,1.26
EVT-04890,0,0.01773117964914321,1.77
EVT-04891,0,0.010907627905855522,1.09
EVT-04892,0,0.00511256213545756,0.51
EVT-04893,0,0.007849889499721227,0.78
EVT-04894,0,0.018148646708241043,1.81
EVT-04895,0,0.01408875754196468,1.41
EVT-04896,0,0.014517372902574292,1.45
EVT-04897,1,0.812549509360956,81.25
EVT-04898,0,0.015438768654305279,1.54
EVT-04899,0,0.019761891017929672,1.98
EVT-04900,0,0.014568872720774551,1.46
EVT-04901,0,0.016637879489059315,1.66
EVT-04902,0,0.014564038153563412,1.46
EVT-04903,0,0.013036250431517814,1.3
EVT-04904,0,0.02048568220739173,2.05
EVT-04905,0,0.016764444914772393,1.68
EVT-04906,0,0.009990375676748143,1.0
EVT-04907,0,0.04203358590085892,4.2
EVT-04908,0,0.012006646286903174,1.2
EVT-04909,0,0.016903512033757073,1.69
EVT-04910,1,0.820291573950361,82.03
EVT-04911,0,0.01408875754196468,1.41
EVT-04912,0,0.009071591591659392,0.91
EVT-04913,0,0.01408875754196468,1.41
EVT-04914,0,0.007249397432629287,0.72
EVT-04915,0,0.011289830407094274,1.13
EVT-04916,0,0.015192202961817381,1.52
EVT-04917,0,0.012499951785475165,1.25
EVT-04918,0,0.013036250431517814,1.3
EVT-04919,0,0.016201703248057454,1.62
EVT-04920,0,0.013321763134560596,1.33
EVT-04921,0,0.012581214397453183,1.26
EVT-04922,0,0.01408875754196468,1.41
EVT-04923,0,0.012597344166813807,1.26
EVT-04924,1,0.8435995440768338,84.36
EVT-04925,0,0.009804157654742312,0.98
EVT-04926,0,0.009280488643330788,0.93
EVT-04927,0,0.013651494748934671,1.37
EVT-04928,0,0.012374393256485398,1.24
EVT-04929,0,0.00911454020865791,0.91
EVT-04930,0,0.016497924243663982,1.65
EVT-04931,0,0.015404277833995596,1.54
EVT-04932,0,0.011587320176436983,1.16
EVT-04933,0,0.00967618892649975,0.97
EVT-04934,0,0.014972955175871008,1.5
EVT-04935,0,0.01408875754196468,1.41
EVT-04936,0,0.01170976792122393,1.17
EVT-04937,0,0.01408875754196468,1.41
EVT-04938,0,0.012499951785475165,1.25
EVT-04939,0,0.011081503036264002,1.11
EVT-04940,0,0.01170976792122393,1.17
EVT-04941,0,0.01474968952948547,1.47
EVT-04942,0,0.01806342073826604,1.81
EVT-04943,0,0.011081503036264002,1.11
EVT-04944,0,0.010582585583379227,1.06
EVT-04945,0,0.016069295979863972,1.61
EVT-04946,0,0.007487044944619255,0.75
EVT-04947,0,0.015438768654305279,1.54
EVT-04948,0,0.010604082970688374,1.06
EVT-04949,0,0.02002123424389245,2.0
EVT-04950,0,0.01617909965464682,1.62
EVT-04951,0,0.013702693718721255,1.37
EVT-04952,1,0.8435995440768338,84.36
EVT-04953,0,0.01337249175583205,1.34
EVT-04954,0,0.015463983874743509,1.55
EVT-04955,0,0.016359358011079107,1.64
EVT-04956,1,0.7785064684050866,77.85
EVT-04957,0,0.01814195204465865,1.81
EVT-04958,1,0.6803066247009947,68.03
EVT-04959,0,0.01135967560443339,1.14
EVT-04960,0,0.01676442429665314,1.68
EVT-04961,0,0.014513190310445226,1.45
EVT-04962,0,0.008941142552473406,0.89
EVT-04963,0,0.012527670519106183,1.25
EVT-04964,0,0.01806342073826604,1.81
EVT-04965,0,0.011081503036264002,1.11
EVT-04966,0,0.013148915530169709,1.31
EVT-04967,0,0.012144312399955502,1.21
EVT-04968,0,0.013218888737116534,1.32
EVT-04969,0,0.012499951785475165,1.25
EVT-04970,0,0.016637879489059315,1.66
EVT-04971,0,0.01664725012675049,1.66
EVT-04972,0,0.017900834456068562,1.79
EVT-04973,0,0.010907627905855522,1.09
EVT-04974,0,0.010907627905855522,1.09
EVT-04975,0,0.0182192477245571,1.82
EVT-04976,0,0.009098160144125702,0.91
EVT-04977,0,0.01838383678253846,1.84
EVT-04978,0,0.009280488643330788,0.93
EVT-04979,0,0.01717057061238201,1.72
EVT-04980,0,0.01221553213356974,1.22
EVT-04981,0,0.01614094590700234,1.61
EVT-04982,0,0.01236904608645115,1.24
EVT-04983,0,0.014568872720774551,1.46
EVT-04984,0,0.013993477678002656,1.4
EVT-04985,0,0.013042286474735125,1.3
EVT-04986,0,0.01474968952948547,1.47
EVT-04987,0,0.016069295979863972,1.61
EVT-04988,1,0.739988637440549,74.0
EVT-04989,0,0.016567368773094025,1.66
EVT-04990,0,0.01581795590163844,1.58
EVT-04991,0,0.015580327894218102,1.56
EVT-04992,0,0.014517372902574292,1.45
EVT-04993,0,0.012597344166813807,1.26
EVT-04994,0,0.01838383678253846,1.84
EVT-04995,0,0.01992073949236142,1.99
EVT-04996,0,0.009047605255992616,0.9
EVT-04997,0,0.016784753803907045,1.68
EVT-04998,0,0.019821668365091232,1.98
EVT-04999,1,0.8518564703502112,85.19
EVT-05000,0,0.012597344166813807,1.26
