date,date_key,year,quarter,month_num,month_name,year_month,week_num,day_name
1988-06-01,19880601,1988,Q2,6,Jun,1988-06,22,Wed
1988-06-02,19880602,1988,Q2,6,Jun,1988-06,22,Thu
1988-06-03,19880603,1988,Q2,6,Jun,1988-06,22,Fri
1988-06-04,19880604,1988,Q2,6,Jun,1988-06,22,Sat
1988-06-05,19880605,1988,Q2,6,Jun,1988-06,22,Sun
1988-06-06,19880606,1988,Q2,6,Jun,1988-06,23,Mon
1988-06-07,19880607,1988,Q2,6,Jun,1988-06,23,Tue
1988-06-08,19880608,1988,Q2,6,Jun,1988-06,23,Wed
1988-06-09,19880609,1988,Q2,6,Jun,1988-06,23,Thu
1988-06-10,19880610,1988,Q2,6,Jun,1988-06,23,Fri
1988-06-11,19880611,1988,Q2,6,Jun,1988-06,23,Sat
1988-06-12,19880612,1988,Q2,6,Jun,1988-06,23,Sun
1988-06-13,19880613,1988,Q2,6,Jun,1988-06,24,Mon
1988-06-14,19880614,1988,Q2,6,Jun,1988-06,24,Tue
1988-06-15,19880615,1988,Q2,6,Jun,1988-06,24,Wed
1988-06-16,19880616,1988,Q2,6,Jun,1988-06,24,Thu
1988-06-17,19880617,1988,Q2,6,Jun,1988-06,24,Fri
1988-06-18,19880618,1988,Q2,6,Jun,1988-06,24,Sat
1988-06-19,19880619,1988,Q2,6,Jun,1988-06,24,Sun
1988-06-20,19880620,1988,Q2,6,Jun,1988-06,25,Mon
1988-06-21,19880621,1988,Q2,6,Jun,1988-06,25,Tue
1988-06-22,19880622,1988,Q2,6,Jun,1988-06,25,Wed
1988-06-23,19880623,1988,Q2,6,Jun,1988-06,25,Thu
1988-06-24,19880624,1988,Q2,6,Jun,1988-06,25,Fri
1988-06-25,19880625,1988,Q2,6,Jun,1988-06,25,Sat
1988-06-26,19880626,1988,Q2,6,Jun,1988-06,25,Sun
1988-06-27,19880627,1988,Q2,6,Jun,1988-06,26,Mon
1988-06-28,19880628,1988,Q2,6,Jun,1988-06,26,Tue
1988-06-29,19880629,1988,Q2,6,Jun,1988-06,26,Wed
1988-06-30,19880630,1988,Q2,6,Jun,1988-06,26,Thu
1988-07-01,19880701,1988,Q3,7,Jul,1988-07,26,Fri
1988-07-02,19880702,1988,Q3,7,Jul,1988-07,26,Sat
1988-07-03,19880703,1988,Q3,7,Jul,1988-07,26,Sun
1988-07-04,19880704,1988,Q3,7,Jul,1988-07,27,Mon
1988-07-05,19880705,1988,Q3,7,Jul,1988-07,27,Tue
1988-07-06,19880706,1988,Q3,7,Jul,1988-07,27,Wed
1988-07-07,19880707,1988,Q3,7,Jul,1988-07,27,Thu
1988-07-08,19880708,1988,Q3,7,Jul,1988-07,27,Fri
1988-07-09,19880709,1988,Q3,7,Jul,1988-07,27,Sat
1988-07-10,19880710,1988,Q3,7,Jul,1988-07,27,Sun
1988-07-11,19880711,1988,Q3,7,Jul,1988-07,28,Mon
1988-07-12,19880712,1988,Q3,7,Jul,1988-07,28,Tue
1988-07-13,19880713,1988,Q3,7,Jul,1988-07,28,Wed
1988-07-14,19880714,1988,Q3,7,Jul,1988-07,28,Thu
1988-07-15,19880715,1988,Q3,7,Jul,1988-07,28,Fri
1988-07-16,19880716,1988,Q3,7,Jul,1988-07,28,Sat
1988-07-17,19880717,1988,Q3,7,Jul,1988-07,28,Sun
1988-07-18,19880718,1988,Q3,7,Jul,1988-07,29,Mon
1988-07-19,19880719,1988,Q3,7,Jul,1988-07,29,Tue
1988-07-20,19880720,1988,Q3,7,Jul,1988-07,29,Wed
1988-07-21,19880721,1988,Q3,7,Jul,1988-07,29,Thu
1988-07-22,19880722,1988,Q3,7,Jul,1988-07,29,Fri
1988-07-23,19880723,1988,Q3,7,Jul,1988-07,29,Sat
1988-07-24,19880724,1988,Q3,7,Jul,1988-07,29,Sun
1988-07-25,19880725,1988,Q3,7,Jul,1988-07,30,Mon
1988-07-26,19880726,1988,Q3,7,Jul,1988-07,30,Tue
1988-07-27,19880727,1988,Q3,7,Jul,1988-07,30,Wed
1988-07-28,19880728,1988,Q3,7,Jul,1988-07,30,Thu
1988-07-29,19880729,1988,Q3,7,Jul,1988-07,30,Fri
1988-07-30,19880730,1988,Q3,7,Jul,1988-07,30,Sat
1988-07-31,19880731,1988,Q3,7,Jul,1988-07,30,Sun
1988-08-01,19880801,1988,Q3,8,Aug,1988-08,31,Mon
1988-08-02,19880802,1988,Q3,8,Aug,1988-08,31,Tue
1988-08-03,19880803,1988,Q3,8,Aug,1988-08,31,Wed
1988-08-04,19880804,1988,Q3,8,Aug,1988-08,31,Thu
1988-08-05,19880805,1988,Q3,8,Aug,1988-08,31,Fri
1988-08-06,19880806,1988,Q3,8,Aug,1988-08,31,Sat
1988-08-07,19880807,1988,Q3,8,Aug,1988-08,31,Sun
1988-08-08,19880808,1988,Q3,8,Aug,1988-08,32,Mon
1988-08-09,19880809,1988,Q3,8,Aug,1988-08,32,Tue
1988-08-10,19880810,1988,Q3,8,Aug,1988-08,32,Wed
1988-08-11,19880811,1988,Q3,8,Aug,1988-08,32,Thu
1988-08-12,19880812,1988,Q3,8,Aug,1988-08,32,Fri
1988-08-13,19880813,1988,Q3,8,Aug,1988-08,32,Sat
1988-08-14,19880814,1988,Q3,8,Aug,1988-08,32,Sun
1988-08-15,19880815,1988,Q3,8,Aug,1988-08,33,Mon
1988-08-16,19880816,1988,Q3,8,Aug,1988-08,33,Tue
1988-08-17,19880817,1988,Q3,8,Aug,1988-08,33,Wed
1988-08-18,19880818,1988,Q3,8,Aug,1988-08,33,Thu
1988-08-19,19880819,1988,Q3,8,Aug,1988-08,33,Fri
1988-08-20,19880820,1988,Q3,8,Aug,1988-08,33,Sat
1988-08-21,19880821,1988,Q3,8,Aug,1988-08,33,Sun
1988-08-22,19880822,1988,Q3,8,Aug,1988-08,34,Mon
1988-08-23,19880823,1988,Q3,8,Aug,1988-08,34,Tue
1988-08-24,19880824,1988,Q3,8,Aug,1988-08,34,Wed
1988-08-25,19880825,1988,Q3,8,Aug,1988-08,34,Thu
1988-08-26,19880826,1988,Q3,8,Aug,1988-08,34,Fri
1988-08-27,19880827,1988,Q3,8,Aug,1988-08,34,Sat
1988-08-28,19880828,1988,Q3,8,Aug,1988-08,34,Sun
1988-08-29,19880829,1988,Q3,8,Aug,1988-08,35,Mon
1988-08-30,19880830,1988,Q3,8,Aug,1988-08,35,Tue
1988-08-31,19880831,1988,Q3,8,Aug,1988-08,35,Wed
1988-09-01,19880901,1988,Q3,9,Sep,1988-09,35,Thu
1988-09-02,19880902,1988,Q3,9,Sep,1988-09,35,Fri
1988-09-03,19880903,1988,Q3,9,Sep,1988-09,35,Sat
1988-09-04,19880904,1988,Q3,9,Sep,1988-09,35,Sun
1988-09-05,19880905,1988,Q3,9,Sep,1988-09,36,Mon
1988-09-06,19880906,1988,Q3,9,Sep,1988-09,36,Tue
1988-09-07,19880907,1988,Q3,9,Sep,1988-09,36,Wed
1988-09-08,19880908,1988,Q3,9,Sep,1988-09,36,Thu
1988-09-09,19880909,1988,Q3,9,Sep,1988-09,36,Fri
1988-09-10,19880910,1988,Q3,9,Sep,1988-09,36,Sat
1988-09-11,19880911,1988,Q3,9,Sep,1988-09,36,Sun
1988-09-12,19880912,1988,Q3,9,Sep,1988-09,37,Mon
1988-09-13,19880913,1988,Q3,9,Sep,1988-09,37,Tue
1988-09-14,19880914,1988,Q3,9,Sep,1988-09,37,Wed
1988-09-15,19880915,1988,Q3,9,Sep,1988-09,37,Thu
1988-09-16,19880916,1988,Q3,9,Sep,1988-09,37,Fri
1988-09-17,19880917,1988,Q3,9,Sep,1988-09,37,Sat
1988-09-18,19880918,1988,Q3,9,Sep,1988-09,37,Sun
1988-09-19,19880919,1988,Q3,9,Sep,1988-09,38,Mon
1988-09-20,19880920,1988,Q3,9,Sep,1988-09,38,Tue
1988-09-21,19880921,1988,Q3,9,Sep,1988-09,38,Wed
1988-09-22,19880922,1988,Q3,9,Sep,1988-09,38,Thu
1988-09-23,19880923,1988,Q3,9,Sep,1988-09,38,Fri
1988-09-24,19880924,1988,Q3,9,Sep,1988-09,38,Sat
1988-09-25,19880925,1988,Q3,9,Sep,1988-09,38,Sun
1988-09-26,19880926,1988,Q3,9,Sep,1988-09,39,Mon
1988-09-27,19880927,1988,Q3,9,Sep,1988-09,39,Tue
1988-09-28,19880928,1988,Q3,9,Sep,1988-09,39,Wed
1988-09-29,19880929,1988,Q3,9,Sep,1988-09,39,Thu
1988-09-30,19880930,1988,Q3,9,Sep,1988-09,39,Fri
1988-10-01,19881001,1988,Q4,10,Oct,1988-10,39,Sat
1988-10-02,19881002,1988,Q4,10,Oct,1988-10,39,Sun
1988-10-03,19881003,1988,Q4,10,Oct,1988-10,40,Mon
1988-10-04,19881004,1988,Q4,10,Oct,1988-10,40,Tue
1988-10-05,19881005,1988,Q4,10,Oct,1988-10,40,Wed
1988-10-06,19881006,1988,Q4,10,Oct,1988-10,40,Thu
1988-10-07,19881007,1988,Q4,10,Oct,1988-10,40,Fri
1988-10-08,19881008,1988,Q4,10,Oct,1988-10,40,Sat
1988-10-09,19881009,1988,Q4,10,Oct,1988-10,40,Sun
1988-10-10,19881010,1988,Q4,10,Oct,1988-10,41,Mon
1988-10-11,19881011,1988,Q4,10,Oct,1988-10,41,Tue
1988-10-12,19881012,1988,Q4,10,Oct,1988-10,41,Wed
1988-10-13,19881013,1988,Q4,10,Oct,1988-10,41,Thu
1988-10-14,19881014,1988,Q4,10,Oct,1988-10,41,Fri
1988-10-15,19881015,1988,Q4,10,Oct,1988-10,41,Sat
1988-10-16,19881016,1988,Q4,10,Oct,1988-10,41,Sun
1988-10-17,19881017,1988,Q4,10,Oct,1988-10,42,Mon
1988-10-18,19881018,1988,Q4,10,Oct,1988-10,42,Tue
1988-10-19,19881019,1988,Q4,10,Oct,1988-10,42,Wed
1988-10-20,19881020,1988,Q4,10,Oct,1988-10,42,Thu
1988-10-21,19881021,1988,Q4,10,Oct,1988-10,42,Fri
1988-10-22,19881022,1988,Q4,10,Oct,1988-10,42,Sat
1988-10-23,19881023,1988,Q4,10,Oct,1988-10,42,Sun
1988-10-24,19881024,1988,Q4,10,Oct,1988-10,43,Mon
1988-10-25,19881025,1988,Q4,10,Oct,1988-10,43,Tue
1988-10-26,19881026,1988,Q4,10,Oct,1988-10,43,Wed
1988-10-27,19881027,1988,Q4,10,Oct,1988-10,43,Thu
1988-10-28,19881028,1988,Q4,10,Oct,1988-10,43,Fri
1988-10-29,19881029,1988,Q4,10,Oct,1988-10,43,Sat
1988-10-30,19881030,1988,Q4,10,Oct,1988-10,43,Sun
1988-10-31,19881031,1988,Q4,10,Oct,1988-10,44,Mon
1988-11-01,19881101,1988,Q4,11,Nov,1988-11,44,Tue
1988-11-02,19881102,1988,Q4,11,Nov,1988-11,44,Wed
1988-11-03,19881103,1988,Q4,11,Nov,1988-11,44,Thu
1988-11-04,19881104,1988,Q4,11,Nov,1988-11,44,Fri
1988-11-05,19881105,1988,Q4,11,Nov,1988-11,44,Sat
1988-11-06,19881106,1988,Q4,11,Nov,1988-11,44,Sun
1988-11-07,19881107,1988,Q4,11,Nov,1988-11,45,Mon
1988-11-08,19881108,1988,Q4,11,Nov,1988-11,45,Tue
1988-11-09,19881109,1988,Q4,11,Nov,1988-11,45,Wed
1988-11-10,19881110,1988,Q4,11,Nov,1988-11,45,Thu
1988-11-11,19881111,1988,Q4,11,Nov,1988-11,45,Fri
1988-11-12,19881112,1988,Q4,11,Nov,1988-11,45,Sat
1988-11-13,19881113,1988,Q4,11,Nov,1988-11,45,Sun
1988-11-14,19881114,1988,Q4,11,Nov,1988-11,46,Mon
1988-11-15,19881115,1988,Q4,11,Nov,1988-11,46,Tue
1988-11-16,19881116,1988,Q4,11,Nov,1988-11,46,Wed
1988-11-17,19881117,1988,Q4,11,Nov,1988-11,46,Thu
1988-11-18,19881118,1988,Q4,11,Nov,1988-11,46,Fri
1988-11-19,19881119,1988,Q4,11,Nov,1988-11,46,Sat
1988-11-20,19881120,1988,Q4,11,Nov,1988-11,46,Sun
1988-11-21,19881121,1988,Q4,11,Nov,1988-11,47,Mon
1988-11-22,19881122,1988,Q4,11,Nov,1988-11,47,Tue
1988-11-23,19881123,1988,Q4,11,Nov,1988-11,47,Wed
1988-11-24,19881124,1988,Q4,11,Nov,1988-11,47,Thu
1988-11-25,19881125,1988,Q4,11,Nov,1988-11,47,Fri
1988-11-26,19881126,1988,Q4,11,Nov,1988-11,47,Sat
1988-11-27,19881127,1988,Q4,11,Nov,1988-11,47,Sun
1988-11-28,19881128,1988,Q4,11,Nov,1988-11,48,Mon
1988-11-29,19881129,1988,Q4,11,Nov,1988-11,48,Tue
1988-11-30,19881130,1988,Q4,11,Nov,1988-11,48,Wed
1988-12-01,19881201,1988,Q4,12,Dec,1988-12,48,Thu
1988-12-02,19881202,1988,Q4,12,Dec,1988-12,48,Fri
1988-12-03,19881203,1988,Q4,12,Dec,1988-12,48,Sat
1988-12-04,19881204,1988,Q4,12,Dec,1988-12,48,Sun
1988-12-05,19881205,1988,Q4,12,Dec,1988-12,49,Mon
1988-12-06,19881206,1988,Q4,12,Dec,1988-12,49,Tue
1988-12-07,19881207,1988,Q4,12,Dec,1988-12,49,Wed
1988-12-08,19881208,1988,Q4,12,Dec,1988-12,49,Thu
1988-12-09,19881209,1988,Q4,12,Dec,1988-12,49,Fri
1988-12-10,19881210,1988,Q4,12,Dec,1988-12,49,Sat
1988-12-11,19881211,1988,Q4,12,Dec,1988-12,49,Sun
1988-12-12,19881212,1988,Q4,12,Dec,1988-12,50,Mon
1988-12-13,19881213,1988,Q4,12,Dec,1988-12,50,Tue
1988-12-14,19881214,1988,Q4,12,Dec,1988-12,50,Wed
1988-12-15,19881215,1988,Q4,12,Dec,1988-12,50,Thu
1988-12-16,19881216,1988,Q4,12,Dec,1988-12,50,Fri
1988-12-17,19881217,1988,Q4,12,Dec,1988-12,50,Sat
1988-12-18,19881218,1988,Q4,12,Dec,1988-12,50,Sun
1988-12-19,19881219,1988,Q4,12,Dec,1988-12,51,Mon
1988-12-20,19881220,1988,Q4,12,Dec,1988-12,51,Tue
1988-12-21,19881221,1988,Q4,12,Dec,1988-12,51,Wed
1988-12-22,19881222,1988,Q4,12,Dec,1988-12,51,Thu
1988-12-23,19881223,1988,Q4,12,Dec,1988-12,51,Fri
1988-12-24,19881224,1988,Q4,12,Dec,1988-12,51,Sat
1988-12-25,19881225,1988,Q4,12,Dec,1988-12,51,Sun
1988-12-26,19881226,1988,Q4,12,Dec,1988-12,52,Mon
1988-12-27,19881227,1988,Q4,12,Dec,1988-12,52,Tue
1988-12-28,19881228,1988,Q4,12,Dec,1988-12,52,Wed
1988-12-29,19881229,1988,Q4,12,Dec,1988-12,52,Thu
1988-12-30,19881230,1988,Q4,12,Dec,1988-12,52,Fri
1988-12-31,19881231,1988,Q4,12,Dec,1988-12,52,Sat
1989-01-01,19890101,1989,Q1,1,Jan,1989-01,52,Sun
1989-01-02,19890102,1989,Q1,1,Jan,1989-01,1,Mon
1989-01-03,19890103,1989,Q1,1,Jan,1989-01,1,Tue
1989-01-04,19890104,1989,Q1,1,Jan,1989-01,1,Wed
1989-01-05,19890105,1989,Q1,1,Jan,1989-01,1,Thu
1989-01-06,19890106,1989,Q1,1,Jan,1989-01,1,Fri
1989-01-07,19890107,1989,Q1,1,Jan,1989-01,1,Sat
1989-01-08,19890108,1989,Q1,1,Jan,1989-01,1,Sun
1989-01-09,19890109,1989,Q1,1,Jan,1989-01,2,Mon
1989-01-10,19890110,1989,Q1,1,Jan,1989-01,2,Tue
1989-01-11,19890111,1989,Q1,1,Jan,1989-01,2,Wed
1989-01-12,19890112,1989,Q1,1,Jan,1989-01,2,Thu
1989-01-13,19890113,1989,Q1,1,Jan,1989-01,2,Fri
1989-01-14,19890114,1989,Q1,1,Jan,1989-01,2,Sat
1989-01-15,19890115,1989,Q1,1,Jan,1989-01,2,Sun
1989-01-16,19890116,1989,Q1,1,Jan,1989-01,3,Mon
1989-01-17,19890117,1989,Q1,1,Jan,1989-01,3,Tue
1989-01-18,19890118,1989,Q1,1,Jan,1989-01,3,Wed
1989-01-19,19890119,1989,Q1,1,Jan,1989-01,3,Thu
1989-01-20,19890120,1989,Q1,1,Jan,1989-01,3,Fri
1989-01-21,19890121,1989,Q1,1,Jan,1989-01,3,Sat
1989-01-22,19890122,1989,Q1,1,Jan,1989-01,3,Sun
1989-01-23,19890123,1989,Q1,1,Jan,1989-01,4,Mon
1989-01-24,19890124,1989,Q1,1,Jan,1989-01,4,Tue
1989-01-25,19890125,1989,Q1,1,Jan,1989-01,4,Wed
1989-01-26,19890126,1989,Q1,1,Jan,1989-01,4,Thu
1989-01-27,19890127,1989,Q1,1,Jan,1989-01,4,Fri
1989-01-28,19890128,1989,Q1,1,Jan,1989-01,4,Sat
1989-01-29,19890129,1989,Q1,1,Jan,1989-01,4,Sun
1989-01-30,19890130,1989,Q1,1,Jan,1989-01,5,Mon
1989-01-31,19890131,1989,Q1,1,Jan,1989-01,5,Tue
1989-02-01,19890201,1989,Q1,2,Feb,1989-02,5,Wed
1989-02-02,19890202,1989,Q1,2,Feb,1989-02,5,Thu
1989-02-03,19890203,1989,Q1,2,Feb,1989-02,5,Fri
1989-02-04,19890204,1989,Q1,2,Feb,1989-02,5,Sat
1989-02-05,19890205,1989,Q1,2,Feb,1989-02,5,Sun
1989-02-06,19890206,1989,Q1,2,Feb,1989-02,6,Mon
1989-02-07,19890207,1989,Q1,2,Feb,1989-02,6,Tue
1989-02-08,19890208,1989,Q1,2,Feb,1989-02,6,Wed
1989-02-09,19890209,1989,Q1,2,Feb,1989-02,6,Thu
1989-02-10,19890210,1989,Q1,2,Feb,1989-02,6,Fri
1989-02-11,19890211,1989,Q1,2,Feb,1989-02,6,Sat
1989-02-12,19890212,1989,Q1,2,Feb,1989-02,6,Sun
1989-02-13,19890213,1989,Q1,2,Feb,1989-02,7,Mon
1989-02-14,19890214,1989,Q1,2,Feb,1989-02,7,Tue
1989-02-15,19890215,1989,Q1,2,Feb,1989-02,7,Wed
1989-02-16,19890216,1989,Q1,2,Feb,1989-02,7,Thu
1989-02-17,19890217,1989,Q1,2,Feb,1989-02,7,Fri
1989-02-18,19890218,1989,Q1,2,Feb,1989-02,7,Sat
1989-02-19,19890219,1989,Q1,2,Feb,1989-02,7,Sun
1989-02-20,19890220,1989,Q1,2,Feb,1989-02,8,Mon
1989-02-21,19890221,1989,Q1,2,Feb,1989-02,8,Tue
1989-02-22,19890222,1989,Q1,2,Feb,1989-02,8,Wed
1989-02-23,19890223,1989,Q1,2,Feb,1989-02,8,Thu
1989-02-24,19890224,1989,Q1,2,Feb,1989-02,8,Fri
1989-02-25,19890225,1989,Q1,2,Feb,1989-02,8,Sat
1989-02-26,19890226,1989,Q1,2,Feb,1989-02,8,Sun
1989-02-27,19890227,1989,Q1,2,Feb,1989-02,9,Mon
1989-02-28,19890228,1989,Q1,2,Feb,1989-02,9,Tue
1989-03-01,19890301,1989,Q1,3,Mar,1989-03,9,Wed
1989-03-02,19890302,1989,Q1,3,Mar,1989-03,9,Thu
1989-03-03,19890303,1989,Q1,3,Mar,1989-03,9,Fri
1989-03-04,19890304,1989,Q1,3,Mar,1989-03,9,Sat
1989-03-05,19890305,1989,Q1,3,Mar,1989-03,9,Sun
1989-03-06,19890306,1989,Q1,3,Mar,1989-03,10,Mon
1989-03-07,19890307,1989,Q1,3,Mar,1989-03,10,Tue
1989-03-08,19890308,1989,Q1,3,Mar,1989-03,10,Wed
1989-03-09,19890309,1989,Q1,3,Mar,1989-03,10,Thu
1989-03-10,19890310,1989,Q1,3,Mar,1989-03,10,Fri
1989-03-11,19890311,1989,Q1,3,Mar,1989-03,10,Sat
1989-03-12,19890312,1989,Q1,3,Mar,1989-03,10,Sun
1989-03-13,19890313,1989,Q1,3,Mar,1989-03,11,Mon
1989-03-14,19890314,1989,Q1,3,Mar,1989-03,11,Tue
1989-03-15,19890315,1989,Q1,3,Mar,1989-03,11,Wed
1989-03-16,19890316,1989,Q1,3,Mar,1989-03,11,Thu
1989-03-17,19890317,1989,Q1,3,Mar,1989-03,11,Fri
1989-03-18,19890318,1989,Q1,3,Mar,1989-03,11,Sat
1989-03-19,19890319,1989,Q1,3,Mar,1989-03,11,Sun
1989-03-20,19890320,1989,Q1,3,Mar,1989-03,12,Mon
1989-03-21,19890321,1989,Q1,3,Mar,1989-03,12,Tue
1989-03-22,19890322,1989,Q1,3,Mar,1989-03,12,Wed
1989-03-23,19890323,1989,Q1,3,Mar,1989-03,12,Thu
1989-03-24,19890324,1989,Q1,3,Mar,1989-03,12,Fri
1989-03-25,19890325,1989,Q1,3,Mar,1989-03,12,Sat
1989-03-26,19890326,1989,Q1,3,Mar,1989-03,12,Sun
1989-03-27,19890327,1989,Q1,3,Mar,1989-03,13,Mon
1989-03-28,19890328,1989,Q1,3,Mar,1989-03,13,Tue
1989-03-29,19890329,1989,Q1,3,Mar,1989-03,13,Wed
1989-03-30,19890330,1989,Q1,3,Mar,1989-03,13,Thu
1989-03-31,19890331,1989,Q1,3,Mar,1989-03,13,Fri
1989-04-01,19890401,1989,Q2,4,Apr,1989-04,13,Sat
1989-04-02,19890402,1989,Q2,4,Apr,1989-04,13,Sun
1989-04-03,19890403,1989,Q2,4,Apr,1989-04,14,Mon
1989-04-04,19890404,1989,Q2,4,Apr,1989-04,14,Tue
1989-04-05,19890405,1989,Q2,4,Apr,1989-04,14,Wed
1989-04-06,19890406,1989,Q2,4,Apr,1989-04,14,Thu
1989-04-07,19890407,1989,Q2,4,Apr,1989-04,14,Fri
1989-04-08,19890408,1989,Q2,4,Apr,1989-04,14,Sat
1989-04-09,19890409,1989,Q2,4,Apr,1989-04,14,Sun
1989-04-10,19890410,1989,Q2,4,Apr,1989-04,15,Mon
1989-04-11,19890411,1989,Q2,4,Apr,1989-04,15,Tue
1989-04-12,19890412,1989,Q2,4,Apr,1989-04,15,Wed
1989-04-13,19890413,1989,Q2,4,Apr,1989-04,15,Thu
1989-04-14,19890414,1989,Q2,4,Apr,1989-04,15,Fri
1989-04-15,19890415,1989,Q2,4,Apr,1989-04,15,Sat
1989-04-16,19890416,1989,Q2,4,Apr,1989-04,15,Sun
1989-04-17,19890417,1989,Q2,4,Apr,1989-04,16,Mon
1989-04-18,19890418,1989,Q2,4,Apr,1989-04,16,Tue
1989-04-19,19890419,1989,Q2,4,Apr,1989-04,16,Wed
1989-04-20,19890420,1989,Q2,4,Apr,1989-04,16,Thu
1989-04-21,19890421,1989,Q2,4,Apr,1989-04,16,Fri
1989-04-22,19890422,1989,Q2,4,Apr,1989-04,16,Sat
1989-04-23,19890423,1989,Q2,4,Apr,1989-04,16,Sun
1989-04-24,19890424,1989,Q2,4,Apr,1989-04,17,Mon
1989-04-25,19890425,1989,Q2,4,Apr,1989-04,17,Tue
1989-04-26,19890426,1989,Q2,4,Apr,1989-04,17,Wed
1989-04-27,19890427,1989,Q2,4,Apr,1989-04,17,Thu
1989-04-28,19890428,1989,Q2,4,Apr,1989-04,17,Fri
1989-04-29,19890429,1989,Q2,4,Apr,1989-04,17,Sat
1989-04-30,19890430,1989,Q2,4,Apr,1989-04,17,Sun
1989-05-01,19890501,1989,Q2,5,May,1989-05,18,Mon
1989-05-02,19890502,1989,Q2,5,May,1989-05,18,Tue
1989-05-03,19890503,1989,Q2,5,May,1989-05,18,Wed
1989-05-04,19890504,1989,Q2,5,May,1989-05,18,Thu
1989-05-05,19890505,1989,Q2,5,May,1989-05,18,Fri
1989-05-06,19890506,1989,Q2,5,May,1989-05,18,Sat
1989-05-07,19890507,1989,Q2,5,May,1989-05,18,Sun
1989-05-08,19890508,1989,Q2,5,May,1989-05,19,Mon
1989-05-09,19890509,1989,Q2,5,May,1989-05,19,Tue
1989-05-10,19890510,1989,Q2,5,May,1989-05,19,Wed
1989-05-11,19890511,1989,Q2,5,May,1989-05,19,Thu
1989-05-12,19890512,1989,Q2,5,May,1989-05,19,Fri
1989-05-13,19890513,1989,Q2,5,May,1989-05,19,Sat
1989-05-14,19890514,1989,Q2,5,May,1989-05,19,Sun
1989-05-15,19890515,1989,Q2,5,May,1989-05,20,Mon
1989-05-16,19890516,1989,Q2,5,May,1989-05,20,Tue
1989-05-17,19890517,1989,Q2,5,May,1989-05,20,Wed
1989-05-18,19890518,1989,Q2,5,May,1989-05,20,Thu
1989-05-19,19890519,1989,Q2,5,May,1989-05,20,Fri
1989-05-20,19890520,1989,Q2,5,May,1989-05,20,Sat
1989-05-21,19890521,1989,Q2,5,May,1989-05,20,Sun
1989-05-22,19890522,1989,Q2,5,May,1989-05,21,Mon
1989-05-23,19890523,1989,Q2,5,May,1989-05,21,Tue
1989-05-24,19890524,1989,Q2,5,May,1989-05,21,Wed
1989-05-25,19890525,1989,Q2,5,May,1989-05,21,Thu
1989-05-26,19890526,1989,Q2,5,May,1989-05,21,Fri
1989-05-27,19890527,1989,Q2,5,May,1989-05,21,Sat
1989-05-28,19890528,1989,Q2,5,May,1989-05,21,Sun
1989-05-29,19890529,1989,Q2,5,May,1989-05,22,Mon
1989-05-30,19890530,1989,Q2,5,May,1989-05,22,Tue
1989-05-31,19890531,1989,Q2,5,May,1989-05,22,Wed
1989-06-01,19890601,1989,Q2,6,Jun,1989-06,22,Thu
1989-06-02,19890602,1989,Q2,6,Jun,1989-06,22,Fri
1989-06-03,19890603,1989,Q2,6,Jun,1989-06,22,Sat
1989-06-04,19890604,1989,Q2,6,Jun,1989-06,22,Sun
1989-06-05,19890605,1989,Q2,6,Jun,1989-06,23,Mon
1989-06-06,19890606,1989,Q2,6,Jun,1989-06,23,Tue
1989-06-07,19890607,1989,Q2,6,Jun,1989-06,23,Wed
1989-06-08,19890608,1989,Q2,6,Jun,1989-06,23,Thu
1989-06-09,19890609,1989,Q2,6,Jun,1989-06,23,Fri
1989-06-10,19890610,1989,Q2,6,Jun,1989-06,23,Sat
1989-06-11,19890611,1989,Q2,6,Jun,1989-06,23,Sun
1989-06-12,19890612,1989,Q2,6,Jun,1989-06,24,Mon
1989-06-13,19890613,1989,Q2,6,Jun,1989-06,24,Tue
1989-06-14,19890614,1989,Q2,6,Jun,1989-06,24,Wed
1989-06-15,19890615,1989,Q2,6,Jun,1989-06,24,Thu
1989-06-16,19890616,1989,Q2,6,Jun,1989-06,24,Fri
1989-06-17,19890617,1989,Q2,6,Jun,1989-06,24,Sat
1989-06-18,19890618,1989,Q2,6,Jun,1989-06,24,Sun
1989-06-19,19890619,1989,Q2,6,Jun,1989-06,25,Mon
1989-06-20,19890620,1989,Q2,6,Jun,1989-06,25,Tue
1989-06-21,19890621,1989,Q2,6,Jun,1989-06,25,Wed
1989-06-22,19890622,1989,Q2,6,Jun,1989-06,25,Thu
1989-06-23,19890623,1989,Q2,6,Jun,1989-06,25,Fri
1989-06-24,19890624,1989,Q2,6,Jun,1989-06,25,Sat
1989-06-25,19890625,1989,Q2,6,Jun,1989-06,25,Sun
1989-06-26,19890626,1989,Q2,6,Jun,1989-06,26,Mon
1989-06-27,19890627,1989,Q2,6,Jun,1989-06,26,Tue
1989-06-28,19890628,1989,Q2,6,Jun,1989-06,26,Wed
1989-06-29,19890629,1989,Q2,6,Jun,1989-06,26,Thu
1989-06-30,19890630,1989,Q2,6,Jun,1989-06,26,Fri
1989-07-01,19890701,1989,Q3,7,Jul,1989-07,26,Sat
1989-07-02,19890702,1989,Q3,7,Jul,1989-07,26,Sun
1989-07-03,19890703,1989,Q3,7,Jul,1989-07,27,Mon
1989-07-04,19890704,1989,Q3,7,Jul,1989-07,27,Tue
1989-07-05,19890705,1989,Q3,7,Jul,1989-07,27,Wed
1989-07-06,19890706,1989,Q3,7,Jul,1989-07,27,Thu
1989-07-07,19890707,1989,Q3,7,Jul,1989-07,27,Fri
1989-07-08,19890708,1989,Q3,7,Jul,1989-07,27,Sat
1989-07-09,19890709,1989,Q3,7,Jul,1989-07,27,Sun
1989-07-10,19890710,1989,Q3,7,Jul,1989-07,28,Mon
1989-07-11,19890711,1989,Q3,7,Jul,1989-07,28,Tue
1989-07-12,19890712,1989,Q3,7,Jul,1989-07,28,Wed
1989-07-13,19890713,1989,Q3,7,Jul,1989-07,28,Thu
1989-07-14,19890714,1989,Q3,7,Jul,1989-07,28,Fri
1989-07-15,19890715,1989,Q3,7,Jul,1989-07,28,Sat
1989-07-16,19890716,1989,Q3,7,Jul,1989-07,28,Sun
1989-07-17,19890717,1989,Q3,7,Jul,1989-07,29,Mon
1989-07-18,19890718,1989,Q3,7,Jul,1989-07,29,Tue
1989-07-19,19890719,1989,Q3,7,Jul,1989-07,29,Wed
1989-07-20,19890720,1989,Q3,7,Jul,1989-07,29,Thu
1989-07-21,19890721,1989,Q3,7,Jul,1989-07,29,Fri
1989-07-22,19890722,1989,Q3,7,Jul,1989-07,29,Sat
1989-07-23,19890723,1989,Q3,7,Jul,1989-07,29,Sun
1989-07-24,19890724,1989,Q3,7,Jul,1989-07,30,Mon
1989-07-25,19890725,1989,Q3,7,Jul,1989-07,30,Tue
1989-07-26,19890726,1989,Q3,7,Jul,1989-07,30,Wed
1989-07-27,19890727,1989,Q3,7,Jul,1989-07,30,Thu
1989-07-28,19890728,1989,Q3,7,Jul,1989-07,30,Fri
1989-07-29,19890729,1989,Q3,7,Jul,1989-07,30,Sat
1989-07-30,19890730,1989,Q3,7,Jul,1989-07,30,Sun
1989-07-31,19890731,1989,Q3,7,Jul,1989-07,31,Mon
1989-08-01,19890801,1989,Q3,8,Aug,1989-08,31,Tue
1989-08-02,19890802,1989,Q3,8,Aug,1989-08,31,Wed
1989-08-03,19890803,1989,Q3,8,Aug,1989-08,31,Thu
1989-08-04,19890804,1989,Q3,8,Aug,1989-08,31,Fri
1989-08-05,19890805,1989,Q3,8,Aug,1989-08,31,Sat
1989-08-06,19890806,1989,Q3,8,Aug,1989-08,31,Sun
1989-08-07,19890807,1989,Q3,8,Aug,1989-08,32,Mon
1989-08-08,19890808,1989,Q3,8,Aug,1989-08,32,Tue
1989-08-09,19890809,1989,Q3,8,Aug,1989-08,32,Wed
1989-08-10,19890810,1989,Q3,8,Aug,1989-08,32,Thu
1989-08-11,19890811,1989,Q3,8,Aug,1989-08,32,Fri
1989-08-12,19890812,1989,Q3,8,Aug,1989-08,32,Sat
1989-08-13,19890813,1989,Q3,8,Aug,1989-08,32,Sun
1989-08-14,19890814,1989,Q3,8,Aug,1989-08,33,Mon
1989-08-15,19890815,1989,Q3,8,Aug,1989-08,33,Tue
1989-08-16,19890816,1989,Q3,8,Aug,1989-08,33,Wed
1989-08-17,19890817,1989,Q3,8,Aug,1989-08,33,Thu
1989-08-18,19890818,1989,Q3,8,Aug,1989-08,33,Fri
1989-08-19,19890819,1989,Q3,8,Aug,1989-08,33,Sat
1989-08-20,19890820,1989,Q3,8,Aug,1989-08,33,Sun
1989-08-21,19890821,1989,Q3,8,Aug,1989-08,34,Mon
1989-08-22,19890822,1989,Q3,8,Aug,1989-08,34,Tue
1989-08-23,19890823,1989,Q3,8,Aug,1989-08,34,Wed
1989-08-24,19890824,1989,Q3,8,Aug,1989-08,34,Thu
1989-08-25,19890825,1989,Q3,8,Aug,1989-08,34,Fri
1989-08-26,19890826,1989,Q3,8,Aug,1989-08,34,Sat
1989-08-27,19890827,1989,Q3,8,Aug,1989-08,34,Sun
1989-08-28,19890828,1989,Q3,8,Aug,1989-08,35,Mon
1989-08-29,19890829,1989,Q3,8,Aug,1989-08,35,Tue
1989-08-30,19890830,1989,Q3,8,Aug,1989-08,35,Wed
1989-08-31,19890831,1989,Q3,8,Aug,1989-08,35,Thu
1989-09-01,19890901,1989,Q3,9,Sep,1989-09,35,Fri
1989-09-02,19890902,1989,Q3,9,Sep,1989-09,35,Sat
1989-09-03,19890903,1989,Q3,9,Sep,1989-09,35,Sun
1989-09-04,19890904,1989,Q3,9,Sep,1989-09,36,Mon
1989-09-05,19890905,1989,Q3,9,Sep,1989-09,36,Tue
1989-09-06,19890906,1989,Q3,9,Sep,1989-09,36,Wed
1989-09-07,19890907,1989,Q3,9,Sep,1989-09,36,Thu
1989-09-08,19890908,1989,Q3,9,Sep,1989-09,36,Fri
1989-09-09,19890909,1989,Q3,9,Sep,1989-09,36,Sat
1989-09-10,19890910,1989,Q3,9,Sep,1989-09,36,Sun
1989-09-11,19890911,1989,Q3,9,Sep,1989-09,37,Mon
1989-09-12,19890912,1989,Q3,9,Sep,1989-09,37,Tue
1989-09-13,19890913,1989,Q3,9,Sep,1989-09,37,Wed
1989-09-14,19890914,1989,Q3,9,Sep,1989-09,37,Thu
1989-09-15,19890915,1989,Q3,9,Sep,1989-09,37,Fri
1989-09-16,19890916,1989,Q3,9,Sep,1989-09,37,Sat
1989-09-17,19890917,1989,Q3,9,Sep,1989-09,37,Sun
1989-09-18,19890918,1989,Q3,9,Sep,1989-09,38,Mon
1989-09-19,19890919,1989,Q3,9,Sep,1989-09,38,Tue
1989-09-20,19890920,1989,Q3,9,Sep,1989-09,38,Wed
1989-09-21,19890921,1989,Q3,9,Sep,1989-09,38,Thu
1989-09-22,19890922,1989,Q3,9,Sep,1989-09,38,Fri
1989-09-23,19890923,1989,Q3,9,Sep,1989-09,38,Sat
1989-09-24,19890924,1989,Q3,9,Sep,1989-09,38,Sun
1989-09-25,19890925,1989,Q3,9,Sep,1989-09,39,Mon
1989-09-26,19890926,1989,Q3,9,Sep,1989-09,39,Tue
1989-09-27,19890927,1989,Q3,9,Sep,1989-09,39,Wed
1989-09-28,19890928,1989,Q3,9,Sep,1989-09,39,Thu
1989-09-29,19890929,1989,Q3,9,Sep,1989-09,39,Fri
1989-09-30,19890930,1989,Q3,9,Sep,1989-09,39,Sat
1989-10-01,19891001,1989,Q4,10,Oct,1989-10,39,Sun
1989-10-02,19891002,1989,Q4,10,Oct,1989-10,40,Mon
1989-10-03,19891003,1989,Q4,10,Oct,1989-10,40,Tue
1989-10-04,19891004,1989,Q4,10,Oct,1989-10,40,Wed
1989-10-05,19891005,1989,Q4,10,Oct,1989-10,40,Thu
1989-10-06,19891006,1989,Q4,10,Oct,1989-10,40,Fri
1989-10-07,19891007,1989,Q4,10,Oct,1989-10,40,Sat
1989-10-08,19891008,1989,Q4,10,Oct,1989-10,40,Sun
1989-10-09,19891009,1989,Q4,10,Oct,1989-10,41,Mon
1989-10-10,19891010,1989,Q4,10,Oct,1989-10,41,Tue
1989-10-11,19891011,1989,Q4,10,Oct,1989-10,41,Wed
1989-10-12,19891012,1989,Q4,10,Oct,1989-10,41,Thu
1989-10-13,19891013,1989,Q4,10,Oct,1989-10,41,Fri
1989-10-14,19891014,1989,Q4,10,Oct,1989-10,41,Sat
1989-10-15,19891015,1989,Q4,10,Oct,1989-10,41,Sun
1989-10-16,19891016,1989,Q4,10,Oct,1989-10,42,Mon
1989-10-17,19891017,1989,Q4,10,Oct,1989-10,42,Tue
1989-10-18,19891018,1989,Q4,10,Oct,1989-10,42,Wed
1989-10-19,19891019,1989,Q4,10,Oct,1989-10,42,Thu
1989-10-20,19891020,1989,Q4,10,Oct,1989-10,42,Fri
1989-10-21,19891021,1989,Q4,10,Oct,1989-10,42,Sat
1989-10-22,19891022,1989,Q4,10,Oct,1989-10,42,Sun
1989-10-23,19891023,1989,Q4,10,Oct,1989-10,43,Mon
1989-10-24,19891024,1989,Q4,10,Oct,1989-10,43,Tue
1989-10-25,19891025,1989,Q4,10,Oct,1989-10,43,Wed
1989-10-26,19891026,1989,Q4,10,Oct,1989-10,43,Thu
1989-10-27,19891027,1989,Q4,10,Oct,1989-10,43,Fri
1989-10-28,19891028,1989,Q4,10,Oct,1989-10,43,Sat
1989-10-29,19891029,1989,Q4,10,Oct,1989-10,43,Sun
1989-10-30,19891030,1989,Q4,10,Oct,1989-10,44,Mon
1989-10-31,19891031,1989,Q4,10,Oct,1989-10,44,Tue
1989-11-01,19891101,1989,Q4,11,Nov,1989-11,44,Wed
1989-11-02,19891102,1989,Q4,11,Nov,1989-11,44,Thu
1989-11-03,19891103,1989,Q4,11,Nov,1989-11,44,Fri
1989-11-04,19891104,1989,Q4,11,Nov,1989-11,44,Sat
1989-11-05,19891105,1989,Q4,11,Nov,1989-11,44,Sun
1989-11-06,19891106,1989,Q4,11,Nov,1989-11,45,Mon
1989-11-07,19891107,1989,Q4,11,Nov,1989-11,45,Tue
1989-11-08,19891108,1989,Q4,11,Nov,1989-11,45,Wed
1989-11-09,19891109,1989,Q4,11,Nov,1989-11,45,Thu
1989-11-10,19891110,1989,Q4,11,Nov,1989-11,45,Fri
1989-11-11,19891111,1989,Q4,11,Nov,1989-11,45,Sat
1989-11-12,19891112,1989,Q4,11,Nov,1989-11,45,Sun
1989-11-13,19891113,1989,Q4,11,Nov,1989-11,46,Mon
1989-11-14,19891114,1989,Q4,11,Nov,1989-11,46,Tue
1989-11-15,19891115,1989,Q4,11,Nov,1989-11,46,Wed
1989-11-16,19891116,1989,Q4,11,Nov,1989-11,46,Thu
1989-11-17,19891117,1989,Q4,11,Nov,1989-11,46,Fri
1989-11-18,19891118,1989,Q4,11,Nov,1989-11,46,Sat
1989-11-19,19891119,1989,Q4,11,Nov,1989-11,46,Sun
1989-11-20,19891120,1989,Q4,11,Nov,1989-11,47,Mon
1989-11-21,19891121,1989,Q4,11,Nov,1989-11,47,Tue
1989-11-22,19891122,1989,Q4,11,Nov,1989-11,47,Wed
1989-11-23,19891123,1989,Q4,11,Nov,1989-11,47,Thu
1989-11-24,19891124,1989,Q4,11,Nov,1989-11,47,Fri
1989-11-25,19891125,1989,Q4,11,Nov,1989-11,47,Sat
1989-11-26,19891126,1989,Q4,11,Nov,1989-11,47,Sun
1989-11-27,19891127,1989,Q4,11,Nov,1989-11,48,Mon
1989-11-28,19891128,1989,Q4,11,Nov,1989-11,48,Tue
1989-11-29,19891129,1989,Q4,11,Nov,1989-11,48,Wed
1989-11-30,19891130,1989,Q4,11,Nov,1989-11,48,Thu
1989-12-01,19891201,1989,Q4,12,Dec,1989-12,48,Fri
1989-12-02,19891202,1989,Q4,12,Dec,1989-12,48,Sat
1989-12-03,19891203,1989,Q4,12,Dec,1989-12,48,Sun
1989-12-04,19891204,1989,Q4,12,Dec,1989-12,49,Mon
1989-12-05,19891205,1989,Q4,12,Dec,1989-12,49,Tue
1989-12-06,19891206,1989,Q4,12,Dec,1989-12,49,Wed
1989-12-07,19891207,1989,Q4,12,Dec,1989-12,49,Thu
1989-12-08,19891208,1989,Q4,12,Dec,1989-12,49,Fri
1989-12-09,19891209,1989,Q4,12,Dec,1989-12,49,Sat
1989-12-10,19891210,1989,Q4,12,Dec,1989-12,49,Sun
1989-12-11,19891211,1989,Q4,12,Dec,1989-12,50,Mon
1989-12-12,19891212,1989,Q4,12,Dec,1989-12,50,Tue
1989-12-13,19891213,1989,Q4,12,Dec,1989-12,50,Wed
1989-12-14,19891214,1989,Q4,12,Dec,1989-12,50,Thu
1989-12-15,19891215,1989,Q4,12,Dec,1989-12,50,Fri
1989-12-16,19891216,1989,Q4,12,Dec,1989-12,50,Sat
1989-12-17,19891217,1989,Q4,12,Dec,1989-12,50,Sun
1989-12-18,19891218,1989,Q4,12,Dec,1989-12,51,Mon
1989-12-19,19891219,1989,Q4,12,Dec,1989-12,51,Tue
1989-12-20,19891220,1989,Q4,12,Dec,1989-12,51,Wed
1989-12-21,19891221,1989,Q4,12,Dec,1989-12,51,Thu
1989-12-22,19891222,1989,Q4,12,Dec,1989-12,51,Fri
1989-12-23,19891223,1989,Q4,12,Dec,1989-12,51,Sat
1989-12-24,19891224,1989,Q4,12,Dec,1989-12,51,Sun
1989-12-25,19891225,1989,Q4,12,Dec,1989-12,52,Mon
1989-12-26,19891226,1989,Q4,12,Dec,1989-12,52,Tue
1989-12-27,19891227,1989,Q4,12,Dec,1989-12,52,Wed
1989-12-28,19891228,1989,Q4,12,Dec,1989-12,52,Thu
1989-12-29,19891229,1989,Q4,12,Dec,1989-12,52,Fri
1989-12-30,19891230,1989,Q4,12,Dec,1989-12,52,Sat
1989-12-31,19891231,1989,Q4,12,Dec,1989-12,52,Sun
1990-01-01,19900101,1990,Q1,1,Jan,1990-01,1,Mon
1990-01-02,19900102,1990,Q1,1,Jan,1990-01,1,Tue
1990-01-03,19900103,1990,Q1,1,Jan,1990-01,1,Wed
1990-01-04,19900104,1990,Q1,1,Jan,1990-01,1,Thu
1990-01-05,19900105,1990,Q1,1,Jan,1990-01,1,Fri
1990-01-06,19900106,1990,Q1,1,Jan,1990-01,1,Sat
1990-01-07,19900107,1990,Q1,1,Jan,1990-01,1,Sun
1990-01-08,19900108,1990,Q1,1,Jan,1990-01,2,Mon
1990-01-09,19900109,1990,Q1,1,Jan,1990-01,2,Tue
1990-01-10,19900110,1990,Q1,1,Jan,1990-01,2,Wed
1990-01-11,19900111,1990,Q1,1,Jan,1990-01,2,Thu
1990-01-12,19900112,1990,Q1,1,Jan,1990-01,2,Fri
1990-01-13,19900113,1990,Q1,1,Jan,1990-01,2,Sat
1990-01-14,19900114,1990,Q1,1,Jan,1990-01,2,Sun
1990-01-15,19900115,1990,Q1,1,Jan,1990-01,3,Mon
1990-01-16,19900116,1990,Q1,1,Jan,1990-01,3,Tue
1990-01-17,19900117,1990,Q1,1,Jan,1990-01,3,Wed
1990-01-18,19900118,1990,Q1,1,Jan,1990-01,3,Thu
1990-01-19,19900119,1990,Q1,1,Jan,1990-01,3,Fri
1990-01-20,19900120,1990,Q1,1,Jan,1990-01,3,Sat
1990-01-21,19900121,1990,Q1,1,Jan,1990-01,3,Sun
1990-01-22,19900122,1990,Q1,1,Jan,1990-01,4,Mon
1990-01-23,19900123,1990,Q1,1,Jan,1990-01,4,Tue
1990-01-24,19900124,1990,Q1,1,Jan,1990-01,4,Wed
1990-01-25,19900125,1990,Q1,1,Jan,1990-01,4,Thu
1990-01-26,19900126,1990,Q1,1,Jan,1990-01,4,Fri
1990-01-27,19900127,1990,Q1,1,Jan,1990-01,4,Sat
1990-01-28,19900128,1990,Q1,1,Jan,1990-01,4,Sun
1990-01-29,19900129,1990,Q1,1,Jan,1990-01,5,Mon
1990-01-30,19900130,1990,Q1,1,Jan,1990-01,5,Tue
1990-01-31,19900131,1990,Q1,1,Jan,1990-01,5,Wed
1990-02-01,19900201,1990,Q1,2,Feb,1990-02,5,Thu
1990-02-02,19900202,1990,Q1,2,Feb,1990-02,5,Fri
1990-02-03,19900203,1990,Q1,2,Feb,1990-02,5,Sat
1990-02-04,19900204,1990,Q1,2,Feb,1990-02,5,Sun
1990-02-05,19900205,1990,Q1,2,Feb,1990-02,6,Mon
1990-02-06,19900206,1990,Q1,2,Feb,1990-02,6,Tue
1990-02-07,19900207,1990,Q1,2,Feb,1990-02,6,Wed
1990-02-08,19900208,1990,Q1,2,Feb,1990-02,6,Thu
1990-02-09,19900209,1990,Q1,2,Feb,1990-02,6,Fri
1990-02-10,19900210,1990,Q1,2,Feb,1990-02,6,Sat
1990-02-11,19900211,1990,Q1,2,Feb,1990-02,6,Sun
1990-02-12,19900212,1990,Q1,2,Feb,1990-02,7,Mon
1990-02-13,19900213,1990,Q1,2,Feb,1990-02,7,Tue
1990-02-14,19900214,1990,Q1,2,Feb,1990-02,7,Wed
1990-02-15,19900215,1990,Q1,2,Feb,1990-02,7,Thu
1990-02-16,19900216,1990,Q1,2,Feb,1990-02,7,Fri
1990-02-17,19900217,1990,Q1,2,Feb,1990-02,7,Sat
1990-02-18,19900218,1990,Q1,2,Feb,1990-02,7,Sun
1990-02-19,19900219,1990,Q1,2,Feb,1990-02,8,Mon
1990-02-20,19900220,1990,Q1,2,Feb,1990-02,8,Tue
1990-02-21,19900221,1990,Q1,2,Feb,1990-02,8,Wed
1990-02-22,19900222,1990,Q1,2,Feb,1990-02,8,Thu
1990-02-23,19900223,1990,Q1,2,Feb,1990-02,8,Fri
1990-02-24,19900224,1990,Q1,2,Feb,1990-02,8,Sat
1990-02-25,19900225,1990,Q1,2,Feb,1990-02,8,Sun
1990-02-26,19900226,1990,Q1,2,Feb,1990-02,9,Mon
1990-02-27,19900227,1990,Q1,2,Feb,1990-02,9,Tue
1990-02-28,19900228,1990,Q1,2,Feb,1990-02,9,Wed
1990-03-01,19900301,1990,Q1,3,Mar,1990-03,9,Thu
1990-03-02,19900302,1990,Q1,3,Mar,1990-03,9,Fri
1990-03-03,19900303,1990,Q1,3,Mar,1990-03,9,Sat
1990-03-04,19900304,1990,Q1,3,Mar,1990-03,9,Sun
1990-03-05,19900305,1990,Q1,3,Mar,1990-03,10,Mon
1990-03-06,19900306,1990,Q1,3,Mar,1990-03,10,Tue
1990-03-07,19900307,1990,Q1,3,Mar,1990-03,10,Wed
1990-03-08,19900308,1990,Q1,3,Mar,1990-03,10,Thu
1990-03-09,19900309,1990,Q1,3,Mar,1990-03,10,Fri
1990-03-10,19900310,1990,Q1,3,Mar,1990-03,10,Sat
1990-03-11,19900311,1990,Q1,3,Mar,1990-03,10,Sun
1990-03-12,19900312,1990,Q1,3,Mar,1990-03,11,Mon
1990-03-13,19900313,1990,Q1,3,Mar,1990-03,11,Tue
1990-03-14,19900314,1990,Q1,3,Mar,1990-03,11,Wed
1990-03-15,19900315,1990,Q1,3,Mar,1990-03,11,Thu
1990-03-16,19900316,1990,Q1,3,Mar,1990-03,11,Fri
1990-03-17,19900317,1990,Q1,3,Mar,1990-03,11,Sat
1990-03-18,19900318,1990,Q1,3,Mar,1990-03,11,Sun
1990-03-19,19900319,1990,Q1,3,Mar,1990-03,12,Mon
1990-03-20,19900320,1990,Q1,3,Mar,1990-03,12,Tue
1990-03-21,19900321,1990,Q1,3,Mar,1990-03,12,Wed
1990-03-22,19900322,1990,Q1,3,Mar,1990-03,12,Thu
1990-03-23,19900323,1990,Q1,3,Mar,1990-03,12,Fri
1990-03-24,19900324,1990,Q1,3,Mar,1990-03,12,Sat
1990-03-25,19900325,1990,Q1,3,Mar,1990-03,12,Sun
1990-03-26,19900326,1990,Q1,3,Mar,1990-03,13,Mon
1990-03-27,19900327,1990,Q1,3,Mar,1990-03,13,Tue
1990-03-28,19900328,1990,Q1,3,Mar,1990-03,13,Wed
1990-03-29,19900329,1990,Q1,3,Mar,1990-03,13,Thu
1990-03-30,19900330,1990,Q1,3,Mar,1990-03,13,Fri
1990-03-31,19900331,1990,Q1,3,Mar,1990-03,13,Sat
1990-04-01,19900401,1990,Q2,4,Apr,1990-04,13,Sun
1990-04-02,19900402,1990,Q2,4,Apr,1990-04,14,Mon
1990-04-03,19900403,1990,Q2,4,Apr,1990-04,14,Tue
1990-04-04,19900404,1990,Q2,4,Apr,1990-04,14,Wed
1990-04-05,19900405,1990,Q2,4,Apr,1990-04,14,Thu
1990-04-06,19900406,1990,Q2,4,Apr,1990-04,14,Fri
1990-04-07,19900407,1990,Q2,4,Apr,1990-04,14,Sat
1990-04-08,19900408,1990,Q2,4,Apr,1990-04,14,Sun
1990-04-09,19900409,1990,Q2,4,Apr,1990-04,15,Mon
1990-04-10,19900410,1990,Q2,4,Apr,1990-04,15,Tue
1990-04-11,19900411,1990,Q2,4,Apr,1990-04,15,Wed
1990-04-12,19900412,1990,Q2,4,Apr,1990-04,15,Thu
1990-04-13,19900413,1990,Q2,4,Apr,1990-04,15,Fri
1990-04-14,19900414,1990,Q2,4,Apr,1990-04,15,Sat
1990-04-15,19900415,1990,Q2,4,Apr,1990-04,15,Sun
1990-04-16,19900416,1990,Q2,4,Apr,1990-04,16,Mon
1990-04-17,19900417,1990,Q2,4,Apr,1990-04,16,Tue
1990-04-18,19900418,1990,Q2,4,Apr,1990-04,16,Wed
1990-04-19,19900419,1990,Q2,4,Apr,1990-04,16,Thu
1990-04-20,19900420,1990,Q2,4,Apr,1990-04,16,Fri
1990-04-21,19900421,1990,Q2,4,Apr,1990-04,16,Sat
1990-04-22,19900422,1990,Q2,4,Apr,1990-04,16,Sun
1990-04-23,19900423,1990,Q2,4,Apr,1990-04,17,Mon
1990-04-24,19900424,1990,Q2,4,Apr,1990-04,17,Tue
1990-04-25,19900425,1990,Q2,4,Apr,1990-04,17,Wed
1990-04-26,19900426,1990,Q2,4,Apr,1990-04,17,Thu
1990-04-27,19900427,1990,Q2,4,Apr,1990-04,17,Fri
1990-04-28,19900428,1990,Q2,4,Apr,1990-04,17,Sat
1990-04-29,19900429,1990,Q2,4,Apr,1990-04,17,Sun
1990-04-30,19900430,1990,Q2,4,Apr,1990-04,18,Mon
1990-05-01,19900501,1990,Q2,5,May,1990-05,18,Tue
1990-05-02,19900502,1990,Q2,5,May,1990-05,18,Wed
1990-05-03,19900503,1990,Q2,5,May,1990-05,18,Thu
1990-05-04,19900504,1990,Q2,5,May,1990-05,18,Fri
1990-05-05,19900505,1990,Q2,5,May,1990-05,18,Sat
1990-05-06,19900506,1990,Q2,5,May,1990-05,18,Sun
1990-05-07,19900507,1990,Q2,5,May,1990-05,19,Mon
1990-05-08,19900508,1990,Q2,5,May,1990-05,19,Tue
1990-05-09,19900509,1990,Q2,5,May,1990-05,19,Wed
1990-05-10,19900510,1990,Q2,5,May,1990-05,19,Thu
1990-05-11,19900511,1990,Q2,5,May,1990-05,19,Fri
1990-05-12,19900512,1990,Q2,5,May,1990-05,19,Sat
1990-05-13,19900513,1990,Q2,5,May,1990-05,19,Sun
1990-05-14,19900514,1990,Q2,5,May,1990-05,20,Mon
1990-05-15,19900515,1990,Q2,5,May,1990-05,20,Tue
1990-05-16,19900516,1990,Q2,5,May,1990-05,20,Wed
1990-05-17,19900517,1990,Q2,5,May,1990-05,20,Thu
1990-05-18,19900518,1990,Q2,5,May,1990-05,20,Fri
1990-05-19,19900519,1990,Q2,5,May,1990-05,20,Sat
1990-05-20,19900520,1990,Q2,5,May,1990-05,20,Sun
1990-05-21,19900521,1990,Q2,5,May,1990-05,21,Mon
1990-05-22,19900522,1990,Q2,5,May,1990-05,21,Tue
1990-05-23,19900523,1990,Q2,5,May,1990-05,21,Wed
1990-05-24,19900524,1990,Q2,5,May,1990-05,21,Thu
1990-05-25,19900525,1990,Q2,5,May,1990-05,21,Fri
1990-05-26,19900526,1990,Q2,5,May,1990-05,21,Sat
1990-05-27,19900527,1990,Q2,5,May,1990-05,21,Sun
1990-05-28,19900528,1990,Q2,5,May,1990-05,22,Mon
1990-05-29,19900529,1990,Q2,5,May,1990-05,22,Tue
1990-05-30,19900530,1990,Q2,5,May,1990-05,22,Wed
1990-05-31,19900531,1990,Q2,5,May,1990-05,22,Thu
1990-06-01,19900601,1990,Q2,6,Jun,1990-06,22,Fri
1990-06-02,19900602,1990,Q2,6,Jun,1990-06,22,Sat
1990-06-03,19900603,1990,Q2,6,Jun,1990-06,22,Sun
1990-06-04,19900604,1990,Q2,6,Jun,1990-06,23,Mon
1990-06-05,19900605,1990,Q2,6,Jun,1990-06,23,Tue
1990-06-06,19900606,1990,Q2,6,Jun,1990-06,23,Wed
1990-06-07,19900607,1990,Q2,6,Jun,1990-06,23,Thu
1990-06-08,19900608,1990,Q2,6,Jun,1990-06,23,Fri
1990-06-09,19900609,1990,Q2,6,Jun,1990-06,23,Sat
1990-06-10,19900610,1990,Q2,6,Jun,1990-06,23,Sun
1990-06-11,19900611,1990,Q2,6,Jun,1990-06,24,Mon
1990-06-12,19900612,1990,Q2,6,Jun,1990-06,24,Tue
1990-06-13,19900613,1990,Q2,6,Jun,1990-06,24,Wed
1990-06-14,19900614,1990,Q2,6,Jun,1990-06,24,Thu
1990-06-15,19900615,1990,Q2,6,Jun,1990-06,24,Fri
1990-06-16,19900616,1990,Q2,6,Jun,1990-06,24,Sat
1990-06-17,19900617,1990,Q2,6,Jun,1990-06,24,Sun
1990-06-18,19900618,1990,Q2,6,Jun,1990-06,25,Mon
1990-06-19,19900619,1990,Q2,6,Jun,1990-06,25,Tue
1990-06-20,19900620,1990,Q2,6,Jun,1990-06,25,Wed
1990-06-21,19900621,1990,Q2,6,Jun,1990-06,25,Thu
1990-06-22,19900622,1990,Q2,6,Jun,1990-06,25,Fri
1990-06-23,19900623,1990,Q2,6,Jun,1990-06,25,Sat
1990-06-24,19900624,1990,Q2,6,Jun,1990-06,25,Sun
1990-06-25,19900625,1990,Q2,6,Jun,1990-06,26,Mon
1990-06-26,19900626,1990,Q2,6,Jun,1990-06,26,Tue
1990-06-27,19900627,1990,Q2,6,Jun,1990-06,26,Wed
1990-06-28,19900628,1990,Q2,6,Jun,1990-06,26,Thu
1990-06-29,19900629,1990,Q2,6,Jun,1990-06,26,Fri
1990-06-30,19900630,1990,Q2,6,Jun,1990-06,26,Sat
1990-07-01,19900701,1990,Q3,7,Jul,1990-07,26,Sun
1990-07-02,19900702,1990,Q3,7,Jul,1990-07,27,Mon
1990-07-03,19900703,1990,Q3,7,Jul,1990-07,27,Tue
1990-07-04,19900704,1990,Q3,7,Jul,1990-07,27,Wed
1990-07-05,19900705,1990,Q3,7,Jul,1990-07,27,Thu
1990-07-06,19900706,1990,Q3,7,Jul,1990-07,27,Fri
1990-07-07,19900707,1990,Q3,7,Jul,1990-07,27,Sat
1990-07-08,19900708,1990,Q3,7,Jul,1990-07,27,Sun
1990-07-09,19900709,1990,Q3,7,Jul,1990-07,28,Mon
1990-07-10,19900710,1990,Q3,7,Jul,1990-07,28,Tue
1990-07-11,19900711,1990,Q3,7,Jul,1990-07,28,Wed
1990-07-12,19900712,1990,Q3,7,Jul,1990-07,28,Thu
1990-07-13,19900713,1990,Q3,7,Jul,1990-07,28,Fri
1990-07-14,19900714,1990,Q3,7,Jul,1990-07,28,Sat
1990-07-15,19900715,1990,Q3,7,Jul,1990-07,28,Sun
1990-07-16,19900716,1990,Q3,7,Jul,1990-07,29,Mon
1990-07-17,19900717,1990,Q3,7,Jul,1990-07,29,Tue
1990-07-18,19900718,1990,Q3,7,Jul,1990-07,29,Wed
1990-07-19,19900719,1990,Q3,7,Jul,1990-07,29,Thu
1990-07-20,19900720,1990,Q3,7,Jul,1990-07,29,Fri
1990-07-21,19900721,1990,Q3,7,Jul,1990-07,29,Sat
1990-07-22,19900722,1990,Q3,7,Jul,1990-07,29,Sun
1990-07-23,19900723,1990,Q3,7,Jul,1990-07,30,Mon
1990-07-24,19900724,1990,Q3,7,Jul,1990-07,30,Tue
1990-07-25,19900725,1990,Q3,7,Jul,1990-07,30,Wed
1990-07-26,19900726,1990,Q3,7,Jul,1990-07,30,Thu
1990-07-27,19900727,1990,Q3,7,Jul,1990-07,30,Fri
1990-07-28,19900728,1990,Q3,7,Jul,1990-07,30,Sat
1990-07-29,19900729,1990,Q3,7,Jul,1990-07,30,Sun
1990-07-30,19900730,1990,Q3,7,Jul,1990-07,31,Mon
1990-07-31,19900731,1990,Q3,7,Jul,1990-07,31,Tue
1990-08-01,19900801,1990,Q3,8,Aug,1990-08,31,Wed
1990-08-02,19900802,1990,Q3,8,Aug,1990-08,31,Thu
1990-08-03,19900803,1990,Q3,8,Aug,1990-08,31,Fri
1990-08-04,19900804,1990,Q3,8,Aug,1990-08,31,Sat
1990-08-05,19900805,1990,Q3,8,Aug,1990-08,31,Sun
1990-08-06,19900806,1990,Q3,8,Aug,1990-08,32,Mon
1990-08-07,19900807,1990,Q3,8,Aug,1990-08,32,Tue
1990-08-08,19900808,1990,Q3,8,Aug,1990-08,32,Wed
1990-08-09,19900809,1990,Q3,8,Aug,1990-08,32,Thu
1990-08-10,19900810,1990,Q3,8,Aug,1990-08,32,Fri
1990-08-11,19900811,1990,Q3,8,Aug,1990-08,32,Sat
1990-08-12,19900812,1990,Q3,8,Aug,1990-08,32,Sun
1990-08-13,19900813,1990,Q3,8,Aug,1990-08,33,Mon
1990-08-14,19900814,1990,Q3,8,Aug,1990-08,33,Tue
1990-08-15,19900815,1990,Q3,8,Aug,1990-08,33,Wed
1990-08-16,19900816,1990,Q3,8,Aug,1990-08,33,Thu
1990-08-17,19900817,1990,Q3,8,Aug,1990-08,33,Fri
1990-08-18,19900818,1990,Q3,8,Aug,1990-08,33,Sat
1990-08-19,19900819,1990,Q3,8,Aug,1990-08,33,Sun
1990-08-20,19900820,1990,Q3,8,Aug,1990-08,34,Mon
1990-08-21,19900821,1990,Q3,8,Aug,1990-08,34,Tue
1990-08-22,19900822,1990,Q3,8,Aug,1990-08,34,Wed
1990-08-23,19900823,1990,Q3,8,Aug,1990-08,34,Thu
1990-08-24,19900824,1990,Q3,8,Aug,1990-08,34,Fri
1990-08-25,19900825,1990,Q3,8,Aug,1990-08,34,Sat
1990-08-26,19900826,1990,Q3,8,Aug,1990-08,34,Sun
1990-08-27,19900827,1990,Q3,8,Aug,1990-08,35,Mon
1990-08-28,19900828,1990,Q3,8,Aug,1990-08,35,Tue
1990-08-29,19900829,1990,Q3,8,Aug,1990-08,35,Wed
1990-08-30,19900830,1990,Q3,8,Aug,1990-08,35,Thu
1990-08-31,19900831,1990,Q3,8,Aug,1990-08,35,Fri
1990-09-01,19900901,1990,Q3,9,Sep,1990-09,35,Sat
1990-09-02,19900902,1990,Q3,9,Sep,1990-09,35,Sun
1990-09-03,19900903,1990,Q3,9,Sep,1990-09,36,Mon
1990-09-04,19900904,1990,Q3,9,Sep,1990-09,36,Tue
1990-09-05,19900905,1990,Q3,9,Sep,1990-09,36,Wed
1990-09-06,19900906,1990,Q3,9,Sep,1990-09,36,Thu
1990-09-07,19900907,1990,Q3,9,Sep,1990-09,36,Fri
1990-09-08,19900908,1990,Q3,9,Sep,1990-09,36,Sat
1990-09-09,19900909,1990,Q3,9,Sep,1990-09,36,Sun
1990-09-10,19900910,1990,Q3,9,Sep,1990-09,37,Mon
1990-09-11,19900911,1990,Q3,9,Sep,1990-09,37,Tue
1990-09-12,19900912,1990,Q3,9,Sep,1990-09,37,Wed
1990-09-13,19900913,1990,Q3,9,Sep,1990-09,37,Thu
1990-09-14,19900914,1990,Q3,9,Sep,1990-09,37,Fri
1990-09-15,19900915,1990,Q3,9,Sep,1990-09,37,Sat
1990-09-16,19900916,1990,Q3,9,Sep,1990-09,37,Sun
1990-09-17,19900917,1990,Q3,9,Sep,1990-09,38,Mon
1990-09-18,19900918,1990,Q3,9,Sep,1990-09,38,Tue
1990-09-19,19900919,1990,Q3,9,Sep,1990-09,38,Wed
1990-09-20,19900920,1990,Q3,9,Sep,1990-09,38,Thu
1990-09-21,19900921,1990,Q3,9,Sep,1990-09,38,Fri
1990-09-22,19900922,1990,Q3,9,Sep,1990-09,38,Sat
1990-09-23,19900923,1990,Q3,9,Sep,1990-09,38,Sun
1990-09-24,19900924,1990,Q3,9,Sep,1990-09,39,Mon
1990-09-25,19900925,1990,Q3,9,Sep,1990-09,39,Tue
1990-09-26,19900926,1990,Q3,9,Sep,1990-09,39,Wed
1990-09-27,19900927,1990,Q3,9,Sep,1990-09,39,Thu
1990-09-28,19900928,1990,Q3,9,Sep,1990-09,39,Fri
1990-09-29,19900929,1990,Q3,9,Sep,1990-09,39,Sat
1990-09-30,19900930,1990,Q3,9,Sep,1990-09,39,Sun
1990-10-01,19901001,1990,Q4,10,Oct,1990-10,40,Mon
1990-10-02,19901002,1990,Q4,10,Oct,1990-10,40,Tue
1990-10-03,19901003,1990,Q4,10,Oct,1990-10,40,Wed
1990-10-04,19901004,1990,Q4,10,Oct,1990-10,40,Thu
1990-10-05,19901005,1990,Q4,10,Oct,1990-10,40,Fri
1990-10-06,19901006,1990,Q4,10,Oct,1990-10,40,Sat
1990-10-07,19901007,1990,Q4,10,Oct,1990-10,40,Sun
1990-10-08,19901008,1990,Q4,10,Oct,1990-10,41,Mon
1990-10-09,19901009,1990,Q4,10,Oct,1990-10,41,Tue
1990-10-10,19901010,1990,Q4,10,Oct,1990-10,41,Wed
1990-10-11,19901011,1990,Q4,10,Oct,1990-10,41,Thu
1990-10-12,19901012,1990,Q4,10,Oct,1990-10,41,Fri
1990-10-13,19901013,1990,Q4,10,Oct,1990-10,41,Sat
1990-10-14,19901014,1990,Q4,10,Oct,1990-10,41,Sun
1990-10-15,19901015,1990,Q4,10,Oct,1990-10,42,Mon
1990-10-16,19901016,1990,Q4,10,Oct,1990-10,42,Tue
1990-10-17,19901017,1990,Q4,10,Oct,1990-10,42,Wed
1990-10-18,19901018,1990,Q4,10,Oct,1990-10,42,Thu
1990-10-19,19901019,1990,Q4,10,Oct,1990-10,42,Fri
1990-10-20,19901020,1990,Q4,10,Oct,1990-10,42,Sat
1990-10-21,19901021,1990,Q4,10,Oct,1990-10,42,Sun
1990-10-22,19901022,1990,Q4,10,Oct,1990-10,43,Mon
1990-10-23,19901023,1990,Q4,10,Oct,1990-10,43,Tue
1990-10-24,19901024,1990,Q4,10,Oct,1990-10,43,Wed
1990-10-25,19901025,1990,Q4,10,Oct,1990-10,43,Thu
1990-10-26,19901026,1990,Q4,10,Oct,1990-10,43,Fri
1990-10-27,19901027,1990,Q4,10,Oct,1990-10,43,Sat
1990-10-28,19901028,1990,Q4,10,Oct,1990-10,43,Sun
1990-10-29,19901029,1990,Q4,10,Oct,1990-10,44,Mon
1990-10-30,19901030,1990,Q4,10,Oct,1990-10,44,Tue
1990-10-31,19901031,1990,Q4,10,Oct,1990-10,44,Wed
1990-11-01,19901101,1990,Q4,11,Nov,1990-11,44,Thu
1990-11-02,19901102,1990,Q4,11,Nov,1990-11,44,Fri
1990-11-03,19901103,1990,Q4,11,Nov,1990-11,44,Sat
1990-11-04,19901104,1990,Q4,11,Nov,1990-11,44,Sun
1990-11-05,19901105,1990,Q4,11,Nov,1990-11,45,Mon
1990-11-06,19901106,1990,Q4,11,Nov,1990-11,45,Tue
1990-11-07,19901107,1990,Q4,11,Nov,1990-11,45,Wed
1990-11-08,19901108,1990,Q4,11,Nov,1990-11,45,Thu
1990-11-09,19901109,1990,Q4,11,Nov,1990-11,45,Fri
1990-11-10,19901110,1990,Q4,11,Nov,1990-11,45,Sat
1990-11-11,19901111,1990,Q4,11,Nov,1990-11,45,Sun
1990-11-12,19901112,1990,Q4,11,Nov,1990-11,46,Mon
1990-11-13,19901113,1990,Q4,11,Nov,1990-11,46,Tue
1990-11-14,19901114,1990,Q4,11,Nov,1990-11,46,Wed
1990-11-15,19901115,1990,Q4,11,Nov,1990-11,46,Thu
1990-11-16,19901116,1990,Q4,11,Nov,1990-11,46,Fri
1990-11-17,19901117,1990,Q4,11,Nov,1990-11,46,Sat
1990-11-18,19901118,1990,Q4,11,Nov,1990-11,46,Sun
1990-11-19,19901119,1990,Q4,11,Nov,1990-11,47,Mon
1990-11-20,19901120,1990,Q4,11,Nov,1990-11,47,Tue
1990-11-21,19901121,1990,Q4,11,Nov,1990-11,47,Wed
1990-11-22,19901122,1990,Q4,11,Nov,1990-11,47,Thu
1990-11-23,19901123,1990,Q4,11,Nov,1990-11,47,Fri
1990-11-24,19901124,1990,Q4,11,Nov,1990-11,47,Sat
1990-11-25,19901125,1990,Q4,11,Nov,1990-11,47,Sun
1990-11-26,19901126,1990,Q4,11,Nov,1990-11,48,Mon
1990-11-27,19901127,1990,Q4,11,Nov,1990-11,48,Tue
1990-11-28,19901128,1990,Q4,11,Nov,1990-11,48,Wed
1990-11-29,19901129,1990,Q4,11,Nov,1990-11,48,Thu
1990-11-30,19901130,1990,Q4,11,Nov,1990-11,48,Fri
1990-12-01,19901201,1990,Q4,12,Dec,1990-12,48,Sat
1990-12-02,19901202,1990,Q4,12,Dec,1990-12,48,Sun
1990-12-03,19901203,1990,Q4,12,Dec,1990-12,49,Mon
1990-12-04,19901204,1990,Q4,12,Dec,1990-12,49,Tue
1990-12-05,19901205,1990,Q4,12,Dec,1990-12,49,Wed
1990-12-06,19901206,1990,Q4,12,Dec,1990-12,49,Thu
1990-12-07,19901207,1990,Q4,12,Dec,1990-12,49,Fri
1990-12-08,19901208,1990,Q4,12,Dec,1990-12,49,Sat
1990-12-09,19901209,1990,Q4,12,Dec,1990-12,49,Sun
1990-12-10,19901210,1990,Q4,12,Dec,1990-12,50,Mon
1990-12-11,19901211,1990,Q4,12,Dec,1990-12,50,Tue
1990-12-12,19901212,1990,Q4,12,Dec,1990-12,50,Wed
1990-12-13,19901213,1990,Q4,12,Dec,1990-12,50,Thu
1990-12-14,19901214,1990,Q4,12,Dec,1990-12,50,Fri
1990-12-15,19901215,1990,Q4,12,Dec,1990-12,50,Sat
1990-12-16,19901216,1990,Q4,12,Dec,1990-12,50,Sun
1990-12-17,19901217,1990,Q4,12,Dec,1990-12,51,Mon
1990-12-18,19901218,1990,Q4,12,Dec,1990-12,51,Tue
1990-12-19,19901219,1990,Q4,12,Dec,1990-12,51,Wed
1990-12-20,19901220,1990,Q4,12,Dec,1990-12,51,Thu
1990-12-21,19901221,1990,Q4,12,Dec,1990-12,51,Fri
1990-12-22,19901222,1990,Q4,12,Dec,1990-12,51,Sat
1990-12-23,19901223,1990,Q4,12,Dec,1990-12,51,Sun
1990-12-24,19901224,1990,Q4,12,Dec,1990-12,52,Mon
1990-12-25,19901225,1990,Q4,12,Dec,1990-12,52,Tue
1990-12-26,19901226,1990,Q4,12,Dec,1990-12,52,Wed
1990-12-27,19901227,1990,Q4,12,Dec,1990-12,52,Thu
1990-12-28,19901228,1990,Q4,12,Dec,1990-12,52,Fri
1990-12-29,19901229,1990,Q4,12,Dec,1990-12,52,Sat
1990-12-30,19901230,1990,Q4,12,Dec,1990-12,52,Sun
1990-12-31,19901231,1990,Q4,12,Dec,1990-12,1,Mon
1991-01-01,19910101,1991,Q1,1,Jan,1991-01,1,Tue
1991-01-02,19910102,1991,Q1,1,Jan,1991-01,1,Wed
1991-01-03,19910103,1991,Q1,1,Jan,1991-01,1,Thu
1991-01-04,19910104,1991,Q1,1,Jan,1991-01,1,Fri
1991-01-05,19910105,1991,Q1,1,Jan,1991-01,1,Sat
1991-01-06,19910106,1991,Q1,1,Jan,1991-01,1,Sun
1991-01-07,19910107,1991,Q1,1,Jan,1991-01,2,Mon
1991-01-08,19910108,1991,Q1,1,Jan,1991-01,2,Tue
1991-01-09,19910109,1991,Q1,1,Jan,1991-01,2,Wed
1991-01-10,19910110,1991,Q1,1,Jan,1991-01,2,Thu
1991-01-11,19910111,1991,Q1,1,Jan,1991-01,2,Fri
1991-01-12,19910112,1991,Q1,1,Jan,1991-01,2,Sat
1991-01-13,19910113,1991,Q1,1,Jan,1991-01,2,Sun
1991-01-14,19910114,1991,Q1,1,Jan,1991-01,3,Mon
1991-01-15,19910115,1991,Q1,1,Jan,1991-01,3,Tue
1991-01-16,19910116,1991,Q1,1,Jan,1991-01,3,Wed
1991-01-17,19910117,1991,Q1,1,Jan,1991-01,3,Thu
1991-01-18,19910118,1991,Q1,1,Jan,1991-01,3,Fri
1991-01-19,19910119,1991,Q1,1,Jan,1991-01,3,Sat
1991-01-20,19910120,1991,Q1,1,Jan,1991-01,3,Sun
1991-01-21,19910121,1991,Q1,1,Jan,1991-01,4,Mon
1991-01-22,19910122,1991,Q1,1,Jan,1991-01,4,Tue
1991-01-23,19910123,1991,Q1,1,Jan,1991-01,4,Wed
1991-01-24,19910124,1991,Q1,1,Jan,1991-01,4,Thu
1991-01-25,19910125,1991,Q1,1,Jan,1991-01,4,Fri
1991-01-26,19910126,1991,Q1,1,Jan,1991-01,4,Sat
1991-01-27,19910127,1991,Q1,1,Jan,1991-01,4,Sun
1991-01-28,19910128,1991,Q1,1,Jan,1991-01,5,Mon
1991-01-29,19910129,1991,Q1,1,Jan,1991-01,5,Tue
1991-01-30,19910130,1991,Q1,1,Jan,1991-01,5,Wed
1991-01-31,19910131,1991,Q1,1,Jan,1991-01,5,Thu
1991-02-01,19910201,1991,Q1,2,Feb,1991-02,5,Fri
1991-02-02,19910202,1991,Q1,2,Feb,1991-02,5,Sat
1991-02-03,19910203,1991,Q1,2,Feb,1991-02,5,Sun
1991-02-04,19910204,1991,Q1,2,Feb,1991-02,6,Mon
1991-02-05,19910205,1991,Q1,2,Feb,1991-02,6,Tue
1991-02-06,19910206,1991,Q1,2,Feb,1991-02,6,Wed
1991-02-07,19910207,1991,Q1,2,Feb,1991-02,6,Thu
1991-02-08,19910208,1991,Q1,2,Feb,1991-02,6,Fri
1991-02-09,19910209,1991,Q1,2,Feb,1991-02,6,Sat
1991-02-10,19910210,1991,Q1,2,Feb,1991-02,6,Sun
1991-02-11,19910211,1991,Q1,2,Feb,1991-02,7,Mon
1991-02-12,19910212,1991,Q1,2,Feb,1991-02,7,Tue
1991-02-13,19910213,1991,Q1,2,Feb,1991-02,7,Wed
1991-02-14,19910214,1991,Q1,2,Feb,1991-02,7,Thu
1991-02-15,19910215,1991,Q1,2,Feb,1991-02,7,Fri
1991-02-16,19910216,1991,Q1,2,Feb,1991-02,7,Sat
1991-02-17,19910217,1991,Q1,2,Feb,1991-02,7,Sun
1991-02-18,19910218,1991,Q1,2,Feb,1991-02,8,Mon
1991-02-19,19910219,1991,Q1,2,Feb,1991-02,8,Tue
1991-02-20,19910220,1991,Q1,2,Feb,1991-02,8,Wed
1991-02-21,19910221,1991,Q1,2,Feb,1991-02,8,Thu
1991-02-22,19910222,1991,Q1,2,Feb,1991-02,8,Fri
1991-02-23,19910223,1991,Q1,2,Feb,1991-02,8,Sat
1991-02-24,19910224,1991,Q1,2,Feb,1991-02,8,Sun
1991-02-25,19910225,1991,Q1,2,Feb,1991-02,9,Mon
1991-02-26,19910226,1991,Q1,2,Feb,1991-02,9,Tue
1991-02-27,19910227,1991,Q1,2,Feb,1991-02,9,Wed
1991-02-28,19910228,1991,Q1,2,Feb,1991-02,9,Thu
1991-03-01,19910301,1991,Q1,3,Mar,1991-03,9,Fri
1991-03-02,19910302,1991,Q1,3,Mar,1991-03,9,Sat
1991-03-03,19910303,1991,Q1,3,Mar,1991-03,9,Sun
1991-03-04,19910304,1991,Q1,3,Mar,1991-03,10,Mon
1991-03-05,19910305,1991,Q1,3,Mar,1991-03,10,Tue
1991-03-06,19910306,1991,Q1,3,Mar,1991-03,10,Wed
1991-03-07,19910307,1991,Q1,3,Mar,1991-03,10,Thu
1991-03-08,19910308,1991,Q1,3,Mar,1991-03,10,Fri
1991-03-09,19910309,1991,Q1,3,Mar,1991-03,10,Sat
1991-03-10,19910310,1991,Q1,3,Mar,1991-03,10,Sun
1991-03-11,19910311,1991,Q1,3,Mar,1991-03,11,Mon
1991-03-12,19910312,1991,Q1,3,Mar,1991-03,11,Tue
1991-03-13,19910313,1991,Q1,3,Mar,1991-03,11,Wed
1991-03-14,19910314,1991,Q1,3,Mar,1991-03,11,Thu
1991-03-15,19910315,1991,Q1,3,Mar,1991-03,11,Fri
1991-03-16,19910316,1991,Q1,3,Mar,1991-03,11,Sat
1991-03-17,19910317,1991,Q1,3,Mar,1991-03,11,Sun
1991-03-18,19910318,1991,Q1,3,Mar,1991-03,12,Mon
1991-03-19,19910319,1991,Q1,3,Mar,1991-03,12,Tue
1991-03-20,19910320,1991,Q1,3,Mar,1991-03,12,Wed
1991-03-21,19910321,1991,Q1,3,Mar,1991-03,12,Thu
1991-03-22,19910322,1991,Q1,3,Mar,1991-03,12,Fri
1991-03-23,19910323,1991,Q1,3,Mar,1991-03,12,Sat
1991-03-24,19910324,1991,Q1,3,Mar,1991-03,12,Sun
1991-03-25,19910325,1991,Q1,3,Mar,1991-03,13,Mon
1991-03-26,19910326,1991,Q1,3,Mar,1991-03,13,Tue
1991-03-27,19910327,1991,Q1,3,Mar,1991-03,13,Wed
1991-03-28,19910328,1991,Q1,3,Mar,1991-03,13,Thu
1991-03-29,19910329,1991,Q1,3,Mar,1991-03,13,Fri
1991-03-30,19910330,1991,Q1,3,Mar,1991-03,13,Sat
1991-03-31,19910331,1991,Q1,3,Mar,1991-03,13,Sun
1991-04-01,19910401,1991,Q2,4,Apr,1991-04,14,Mon
1991-04-02,19910402,1991,Q2,4,Apr,1991-04,14,Tue
1991-04-03,19910403,1991,Q2,4,Apr,1991-04,14,Wed
1991-04-04,19910404,1991,Q2,4,Apr,1991-04,14,Thu
1991-04-05,19910405,1991,Q2,4,Apr,1991-04,14,Fri
1991-04-06,19910406,1991,Q2,4,Apr,1991-04,14,Sat
1991-04-07,19910407,1991,Q2,4,Apr,1991-04,14,Sun
1991-04-08,19910408,1991,Q2,4,Apr,1991-04,15,Mon
1991-04-09,19910409,1991,Q2,4,Apr,1991-04,15,Tue
1991-04-10,19910410,1991,Q2,4,Apr,1991-04,15,Wed
1991-04-11,19910411,1991,Q2,4,Apr,1991-04,15,Thu
1991-04-12,19910412,1991,Q2,4,Apr,1991-04,15,Fri
1991-04-13,19910413,1991,Q2,4,Apr,1991-04,15,Sat
1991-04-14,19910414,1991,Q2,4,Apr,1991-04,15,Sun
1991-04-15,19910415,1991,Q2,4,Apr,1991-04,16,Mon
1991-04-16,19910416,1991,Q2,4,Apr,1991-04,16,Tue
1991-04-17,19910417,1991,Q2,4,Apr,1991-04,16,Wed
1991-04-18,19910418,1991,Q2,4,Apr,1991-04,16,Thu
1991-04-19,19910419,1991,Q2,4,Apr,1991-04,16,Fri
1991-04-20,19910420,1991,Q2,4,Apr,1991-04,16,Sat
1991-04-21,19910421,1991,Q2,4,Apr,1991-04,16,Sun
1991-04-22,19910422,1991,Q2,4,Apr,1991-04,17,Mon
1991-04-23,19910423,1991,Q2,4,Apr,1991-04,17,Tue
1991-04-24,19910424,1991,Q2,4,Apr,1991-04,17,Wed
1991-04-25,19910425,1991,Q2,4,Apr,1991-04,17,Thu
1991-04-26,19910426,1991,Q2,4,Apr,1991-04,17,Fri
1991-04-27,19910427,1991,Q2,4,Apr,1991-04,17,Sat
1991-04-28,19910428,1991,Q2,4,Apr,1991-04,17,Sun
1991-04-29,19910429,1991,Q2,4,Apr,1991-04,18,Mon
1991-04-30,19910430,1991,Q2,4,Apr,1991-04,18,Tue
1991-05-01,19910501,1991,Q2,5,May,1991-05,18,Wed
1991-05-02,19910502,1991,Q2,5,May,1991-05,18,Thu
1991-05-03,19910503,1991,Q2,5,May,1991-05,18,Fri
1991-05-04,19910504,1991,Q2,5,May,1991-05,18,Sat
1991-05-05,19910505,1991,Q2,5,May,1991-05,18,Sun
1991-05-06,19910506,1991,Q2,5,May,1991-05,19,Mon
1991-05-07,19910507,1991,Q2,5,May,1991-05,19,Tue
1991-05-08,19910508,1991,Q2,5,May,1991-05,19,Wed
1991-05-09,19910509,1991,Q2,5,May,1991-05,19,Thu
1991-05-10,19910510,1991,Q2,5,May,1991-05,19,Fri
1991-05-11,19910511,1991,Q2,5,May,1991-05,19,Sat
1991-05-12,19910512,1991,Q2,5,May,1991-05,19,Sun
1991-05-13,19910513,1991,Q2,5,May,1991-05,20,Mon
1991-05-14,19910514,1991,Q2,5,May,1991-05,20,Tue
1991-05-15,19910515,1991,Q2,5,May,1991-05,20,Wed
1991-05-16,19910516,1991,Q2,5,May,1991-05,20,Thu
1991-05-17,19910517,1991,Q2,5,May,1991-05,20,Fri
1991-05-18,19910518,1991,Q2,5,May,1991-05,20,Sat
1991-05-19,19910519,1991,Q2,5,May,1991-05,20,Sun
1991-05-20,19910520,1991,Q2,5,May,1991-05,21,Mon
1991-05-21,19910521,1991,Q2,5,May,1991-05,21,Tue
1991-05-22,19910522,1991,Q2,5,May,1991-05,21,Wed
1991-05-23,19910523,1991,Q2,5,May,1991-05,21,Thu
1991-05-24,19910524,1991,Q2,5,May,1991-05,21,Fri
1991-05-25,19910525,1991,Q2,5,May,1991-05,21,Sat
1991-05-26,19910526,1991,Q2,5,May,1991-05,21,Sun
1991-05-27,19910527,1991,Q2,5,May,1991-05,22,Mon
1991-05-28,19910528,1991,Q2,5,May,1991-05,22,Tue
1991-05-29,19910529,1991,Q2,5,May,1991-05,22,Wed
1991-05-30,19910530,1991,Q2,5,May,1991-05,22,Thu
1991-05-31,19910531,1991,Q2,5,May,1991-05,22,Fri
1991-06-01,19910601,1991,Q2,6,Jun,1991-06,22,Sat
1991-06-02,19910602,1991,Q2,6,Jun,1991-06,22,Sun
1991-06-03,19910603,1991,Q2,6,Jun,1991-06,23,Mon
1991-06-04,19910604,1991,Q2,6,Jun,1991-06,23,Tue
1991-06-05,19910605,1991,Q2,6,Jun,1991-06,23,Wed
1991-06-06,19910606,1991,Q2,6,Jun,1991-06,23,Thu
1991-06-07,19910607,1991,Q2,6,Jun,1991-06,23,Fri
1991-06-08,19910608,1991,Q2,6,Jun,1991-06,23,Sat
1991-06-09,19910609,1991,Q2,6,Jun,1991-06,23,Sun
1991-06-10,19910610,1991,Q2,6,Jun,1991-06,24,Mon
1991-06-11,19910611,1991,Q2,6,Jun,1991-06,24,Tue
1991-06-12,19910612,1991,Q2,6,Jun,1991-06,24,Wed
1991-06-13,19910613,1991,Q2,6,Jun,1991-06,24,Thu
1991-06-14,19910614,1991,Q2,6,Jun,1991-06,24,Fri
1991-06-15,19910615,1991,Q2,6,Jun,1991-06,24,Sat
1991-06-16,19910616,1991,Q2,6,Jun,1991-06,24,Sun
1991-06-17,19910617,1991,Q2,6,Jun,1991-06,25,Mon
1991-06-18,19910618,1991,Q2,6,Jun,1991-06,25,Tue
1991-06-19,19910619,1991,Q2,6,Jun,1991-06,25,Wed
1991-06-20,19910620,1991,Q2,6,Jun,1991-06,25,Thu
1991-06-21,19910621,1991,Q2,6,Jun,1991-06,25,Fri
1991-06-22,19910622,1991,Q2,6,Jun,1991-06,25,Sat
1991-06-23,19910623,1991,Q2,6,Jun,1991-06,25,Sun
1991-06-24,19910624,1991,Q2,6,Jun,1991-06,26,Mon
1991-06-25,19910625,1991,Q2,6,Jun,1991-06,26,Tue
1991-06-26,19910626,1991,Q2,6,Jun,1991-06,26,Wed
1991-06-27,19910627,1991,Q2,6,Jun,1991-06,26,Thu
1991-06-28,19910628,1991,Q2,6,Jun,1991-06,26,Fri
1991-06-29,19910629,1991,Q2,6,Jun,1991-06,26,Sat
1991-06-30,19910630,1991,Q2,6,Jun,1991-06,26,Sun
1991-07-01,19910701,1991,Q3,7,Jul,1991-07,27,Mon
1991-07-02,19910702,1991,Q3,7,Jul,1991-07,27,Tue
1991-07-03,19910703,1991,Q3,7,Jul,1991-07,27,Wed
1991-07-04,19910704,1991,Q3,7,Jul,1991-07,27,Thu
1991-07-05,19910705,1991,Q3,7,Jul,1991-07,27,Fri
1991-07-06,19910706,1991,Q3,7,Jul,1991-07,27,Sat
1991-07-07,19910707,1991,Q3,7,Jul,1991-07,27,Sun
1991-07-08,19910708,1991,Q3,7,Jul,1991-07,28,Mon
1991-07-09,19910709,1991,Q3,7,Jul,1991-07,28,Tue
1991-07-10,19910710,1991,Q3,7,Jul,1991-07,28,Wed
1991-07-11,19910711,1991,Q3,7,Jul,1991-07,28,Thu
1991-07-12,19910712,1991,Q3,7,Jul,1991-07,28,Fri
1991-07-13,19910713,1991,Q3,7,Jul,1991-07,28,Sat
1991-07-14,19910714,1991,Q3,7,Jul,1991-07,28,Sun
1991-07-15,19910715,1991,Q3,7,Jul,1991-07,29,Mon
1991-07-16,19910716,1991,Q3,7,Jul,1991-07,29,Tue
1991-07-17,19910717,1991,Q3,7,Jul,1991-07,29,Wed
1991-07-18,19910718,1991,Q3,7,Jul,1991-07,29,Thu
1991-07-19,19910719,1991,Q3,7,Jul,1991-07,29,Fri
1991-07-20,19910720,1991,Q3,7,Jul,1991-07,29,Sat
1991-07-21,19910721,1991,Q3,7,Jul,1991-07,29,Sun
1991-07-22,19910722,1991,Q3,7,Jul,1991-07,30,Mon
1991-07-23,19910723,1991,Q3,7,Jul,1991-07,30,Tue
1991-07-24,19910724,1991,Q3,7,Jul,1991-07,30,Wed
1991-07-25,19910725,1991,Q3,7,Jul,1991-07,30,Thu
1991-07-26,19910726,1991,Q3,7,Jul,1991-07,30,Fri
1991-07-27,19910727,1991,Q3,7,Jul,1991-07,30,Sat
1991-07-28,19910728,1991,Q3,7,Jul,1991-07,30,Sun
1991-07-29,19910729,1991,Q3,7,Jul,1991-07,31,Mon
1991-07-30,19910730,1991,Q3,7,Jul,1991-07,31,Tue
1991-07-31,19910731,1991,Q3,7,Jul,1991-07,31,Wed
1991-08-01,19910801,1991,Q3,8,Aug,1991-08,31,Thu
1991-08-02,19910802,1991,Q3,8,Aug,1991-08,31,Fri
1991-08-03,19910803,1991,Q3,8,Aug,1991-08,31,Sat
1991-08-04,19910804,1991,Q3,8,Aug,1991-08,31,Sun
1991-08-05,19910805,1991,Q3,8,Aug,1991-08,32,Mon
1991-08-06,19910806,1991,Q3,8,Aug,1991-08,32,Tue
1991-08-07,19910807,1991,Q3,8,Aug,1991-08,32,Wed
1991-08-08,19910808,1991,Q3,8,Aug,1991-08,32,Thu
1991-08-09,19910809,1991,Q3,8,Aug,1991-08,32,Fri
1991-08-10,19910810,1991,Q3,8,Aug,1991-08,32,Sat
1991-08-11,19910811,1991,Q3,8,Aug,1991-08,32,Sun
1991-08-12,19910812,1991,Q3,8,Aug,1991-08,33,Mon
1991-08-13,19910813,1991,Q3,8,Aug,1991-08,33,Tue
1991-08-14,19910814,1991,Q3,8,Aug,1991-08,33,Wed
1991-08-15,19910815,1991,Q3,8,Aug,1991-08,33,Thu
1991-08-16,19910816,1991,Q3,8,Aug,1991-08,33,Fri
1991-08-17,19910817,1991,Q3,8,Aug,1991-08,33,Sat
1991-08-18,19910818,1991,Q3,8,Aug,1991-08,33,Sun
1991-08-19,19910819,1991,Q3,8,Aug,1991-08,34,Mon
1991-08-20,19910820,1991,Q3,8,Aug,1991-08,34,Tue
1991-08-21,19910821,1991,Q3,8,Aug,1991-08,34,Wed
1991-08-22,19910822,1991,Q3,8,Aug,1991-08,34,Thu
1991-08-23,19910823,1991,Q3,8,Aug,1991-08,34,Fri
1991-08-24,19910824,1991,Q3,8,Aug,1991-08,34,Sat
1991-08-25,19910825,1991,Q3,8,Aug,1991-08,34,Sun
1991-08-26,19910826,1991,Q3,8,Aug,1991-08,35,Mon
1991-08-27,19910827,1991,Q3,8,Aug,1991-08,35,Tue
1991-08-28,19910828,1991,Q3,8,Aug,1991-08,35,Wed
1991-08-29,19910829,1991,Q3,8,Aug,1991-08,35,Thu
1991-08-30,19910830,1991,Q3,8,Aug,1991-08,35,Fri
1991-08-31,19910831,1991,Q3,8,Aug,1991-08,35,Sat
1991-09-01,19910901,1991,Q3,9,Sep,1991-09,35,Sun
1991-09-02,19910902,1991,Q3,9,Sep,1991-09,36,Mon
1991-09-03,19910903,1991,Q3,9,Sep,1991-09,36,Tue
1991-09-04,19910904,1991,Q3,9,Sep,1991-09,36,Wed
1991-09-05,19910905,1991,Q3,9,Sep,1991-09,36,Thu
1991-09-06,19910906,1991,Q3,9,Sep,1991-09,36,Fri
1991-09-07,19910907,1991,Q3,9,Sep,1991-09,36,Sat
1991-09-08,19910908,1991,Q3,9,Sep,1991-09,36,Sun
1991-09-09,19910909,1991,Q3,9,Sep,1991-09,37,Mon
1991-09-10,19910910,1991,Q3,9,Sep,1991-09,37,Tue
1991-09-11,19910911,1991,Q3,9,Sep,1991-09,37,Wed
1991-09-12,19910912,1991,Q3,9,Sep,1991-09,37,Thu
1991-09-13,19910913,1991,Q3,9,Sep,1991-09,37,Fri
1991-09-14,19910914,1991,Q3,9,Sep,1991-09,37,Sat
1991-09-15,19910915,1991,Q3,9,Sep,1991-09,37,Sun
1991-09-16,19910916,1991,Q3,9,Sep,1991-09,38,Mon
1991-09-17,19910917,1991,Q3,9,Sep,1991-09,38,Tue
1991-09-18,19910918,1991,Q3,9,Sep,1991-09,38,Wed
1991-09-19,19910919,1991,Q3,9,Sep,1991-09,38,Thu
1991-09-20,19910920,1991,Q3,9,Sep,1991-09,38,Fri
1991-09-21,19910921,1991,Q3,9,Sep,1991-09,38,Sat
1991-09-22,19910922,1991,Q3,9,Sep,1991-09,38,Sun
1991-09-23,19910923,1991,Q3,9,Sep,1991-09,39,Mon
1991-09-24,19910924,1991,Q3,9,Sep,1991-09,39,Tue
1991-09-25,19910925,1991,Q3,9,Sep,1991-09,39,Wed
1991-09-26,19910926,1991,Q3,9,Sep,1991-09,39,Thu
1991-09-27,19910927,1991,Q3,9,Sep,1991-09,39,Fri
1991-09-28,19910928,1991,Q3,9,Sep,1991-09,39,Sat
1991-09-29,19910929,1991,Q3,9,Sep,1991-09,39,Sun
1991-09-30,19910930,1991,Q3,9,Sep,1991-09,40,Mon
1991-10-01,19911001,1991,Q4,10,Oct,1991-10,40,Tue
1991-10-02,19911002,1991,Q4,10,Oct,1991-10,40,Wed
1991-10-03,19911003,1991,Q4,10,Oct,1991-10,40,Thu
1991-10-04,19911004,1991,Q4,10,Oct,1991-10,40,Fri
1991-10-05,19911005,1991,Q4,10,Oct,1991-10,40,Sat
1991-10-06,19911006,1991,Q4,10,Oct,1991-10,40,Sun
1991-10-07,19911007,1991,Q4,10,Oct,1991-10,41,Mon
1991-10-08,19911008,1991,Q4,10,Oct,1991-10,41,Tue
1991-10-09,19911009,1991,Q4,10,Oct,1991-10,41,Wed
1991-10-10,19911010,1991,Q4,10,Oct,1991-10,41,Thu
1991-10-11,19911011,1991,Q4,10,Oct,1991-10,41,Fri
1991-10-12,19911012,1991,Q4,10,Oct,1991-10,41,Sat
1991-10-13,19911013,1991,Q4,10,Oct,1991-10,41,Sun
1991-10-14,19911014,1991,Q4,10,Oct,1991-10,42,Mon
1991-10-15,19911015,1991,Q4,10,Oct,1991-10,42,Tue
1991-10-16,19911016,1991,Q4,10,Oct,1991-10,42,Wed
1991-10-17,19911017,1991,Q4,10,Oct,1991-10,42,Thu
1991-10-18,19911018,1991,Q4,10,Oct,1991-10,42,Fri
1991-10-19,19911019,1991,Q4,10,Oct,1991-10,42,Sat
1991-10-20,19911020,1991,Q4,10,Oct,1991-10,42,Sun
1991-10-21,19911021,1991,Q4,10,Oct,1991-10,43,Mon
1991-10-22,19911022,1991,Q4,10,Oct,1991-10,43,Tue
1991-10-23,19911023,1991,Q4,10,Oct,1991-10,43,Wed
1991-10-24,19911024,1991,Q4,10,Oct,1991-10,43,Thu
1991-10-25,19911025,1991,Q4,10,Oct,1991-10,43,Fri
1991-10-26,19911026,1991,Q4,10,Oct,1991-10,43,Sat
1991-10-27,19911027,1991,Q4,10,Oct,1991-10,43,Sun
1991-10-28,19911028,1991,Q4,10,Oct,1991-10,44,Mon
1991-10-29,19911029,1991,Q4,10,Oct,1991-10,44,Tue
1991-10-30,19911030,1991,Q4,10,Oct,1991-10,44,Wed
1991-10-31,19911031,1991,Q4,10,Oct,1991-10,44,Thu
1991-11-01,19911101,1991,Q4,11,Nov,1991-11,44,Fri
1991-11-02,19911102,1991,Q4,11,Nov,1991-11,44,Sat
1991-11-03,19911103,1991,Q4,11,Nov,1991-11,44,Sun
1991-11-04,19911104,1991,Q4,11,Nov,1991-11,45,Mon
1991-11-05,19911105,1991,Q4,11,Nov,1991-11,45,Tue
1991-11-06,19911106,1991,Q4,11,Nov,1991-11,45,Wed
1991-11-07,19911107,1991,Q4,11,Nov,1991-11,45,Thu
1991-11-08,19911108,1991,Q4,11,Nov,1991-11,45,Fri
1991-11-09,19911109,1991,Q4,11,Nov,1991-11,45,Sat
1991-11-10,19911110,1991,Q4,11,Nov,1991-11,45,Sun
1991-11-11,19911111,1991,Q4,11,Nov,1991-11,46,Mon
1991-11-12,19911112,1991,Q4,11,Nov,1991-11,46,Tue
1991-11-13,19911113,1991,Q4,11,Nov,1991-11,46,Wed
1991-11-14,19911114,1991,Q4,11,Nov,1991-11,46,Thu
1991-11-15,19911115,1991,Q4,11,Nov,1991-11,46,Fri
1991-11-16,19911116,1991,Q4,11,Nov,1991-11,46,Sat
1991-11-17,19911117,1991,Q4,11,Nov,1991-11,46,Sun
1991-11-18,19911118,1991,Q4,11,Nov,1991-11,47,Mon
1991-11-19,19911119,1991,Q4,11,Nov,1991-11,47,Tue
1991-11-20,19911120,1991,Q4,11,Nov,1991-11,47,Wed
1991-11-21,19911121,1991,Q4,11,Nov,1991-11,47,Thu
1991-11-22,19911122,1991,Q4,11,Nov,1991-11,47,Fri
1991-11-23,19911123,1991,Q4,11,Nov,1991-11,47,Sat
1991-11-24,19911124,1991,Q4,11,Nov,1991-11,47,Sun
1991-11-25,19911125,1991,Q4,11,Nov,1991-11,48,Mon
1991-11-26,19911126,1991,Q4,11,Nov,1991-11,48,Tue
1991-11-27,19911127,1991,Q4,11,Nov,1991-11,48,Wed
1991-11-28,19911128,1991,Q4,11,Nov,1991-11,48,Thu
1991-11-29,19911129,1991,Q4,11,Nov,1991-11,48,Fri
1991-11-30,19911130,1991,Q4,11,Nov,1991-11,48,Sat
1991-12-01,19911201,1991,Q4,12,Dec,1991-12,48,Sun
1991-12-02,19911202,1991,Q4,12,Dec,1991-12,49,Mon
1991-12-03,19911203,1991,Q4,12,Dec,1991-12,49,Tue
1991-12-04,19911204,1991,Q4,12,Dec,1991-12,49,Wed
1991-12-05,19911205,1991,Q4,12,Dec,1991-12,49,Thu
1991-12-06,19911206,1991,Q4,12,Dec,1991-12,49,Fri
1991-12-07,19911207,1991,Q4,12,Dec,1991-12,49,Sat
1991-12-08,19911208,1991,Q4,12,Dec,1991-12,49,Sun
1991-12-09,19911209,1991,Q4,12,Dec,1991-12,50,Mon
1991-12-10,19911210,1991,Q4,12,Dec,1991-12,50,Tue
1991-12-11,19911211,1991,Q4,12,Dec,1991-12,50,Wed
1991-12-12,19911212,1991,Q4,12,Dec,1991-12,50,Thu
1991-12-13,19911213,1991,Q4,12,Dec,1991-12,50,Fri
1991-12-14,19911214,1991,Q4,12,Dec,1991-12,50,Sat
1991-12-15,19911215,1991,Q4,12,Dec,1991-12,50,Sun
1991-12-16,19911216,1991,Q4,12,Dec,1991-12,51,Mon
1991-12-17,19911217,1991,Q4,12,Dec,1991-12,51,Tue
1991-12-18,19911218,1991,Q4,12,Dec,1991-12,51,Wed
1991-12-19,19911219,1991,Q4,12,Dec,1991-12,51,Thu
1991-12-20,19911220,1991,Q4,12,Dec,1991-12,51,Fri
1991-12-21,19911221,1991,Q4,12,Dec,1991-12,51,Sat
1991-12-22,19911222,1991,Q4,12,Dec,1991-12,51,Sun
1991-12-23,19911223,1991,Q4,12,Dec,1991-12,52,Mon
1991-12-24,19911224,1991,Q4,12,Dec,1991-12,52,Tue
1991-12-25,19911225,1991,Q4,12,Dec,1991-12,52,Wed
1991-12-26,19911226,1991,Q4,12,Dec,1991-12,52,Thu
1991-12-27,19911227,1991,Q4,12,Dec,1991-12,52,Fri
1991-12-28,19911228,1991,Q4,12,Dec,1991-12,52,Sat
1991-12-29,19911229,1991,Q4,12,Dec,1991-12,52,Sun
1991-12-30,19911230,1991,Q4,12,Dec,1991-12,1,Mon
1991-12-31,19911231,1991,Q4,12,Dec,1991-12,1,Tue
1992-01-01,19920101,1992,Q1,1,Jan,1992-01,1,Wed
1992-01-02,19920102,1992,Q1,1,Jan,1992-01,1,Thu
1992-01-03,19920103,1992,Q1,1,Jan,1992-01,1,Fri
1992-01-04,19920104,1992,Q1,1,Jan,1992-01,1,Sat
1992-01-05,19920105,1992,Q1,1,Jan,1992-01,1,Sun
1992-01-06,19920106,1992,Q1,1,Jan,1992-01,2,Mon
1992-01-07,19920107,1992,Q1,1,Jan,1992-01,2,Tue
1992-01-08,19920108,1992,Q1,1,Jan,1992-01,2,Wed
1992-01-09,19920109,1992,Q1,1,Jan,1992-01,2,Thu
1992-01-10,19920110,1992,Q1,1,Jan,1992-01,2,Fri
1992-01-11,19920111,1992,Q1,1,Jan,1992-01,2,Sat
1992-01-12,19920112,1992,Q1,1,Jan,1992-01,2,Sun
1992-01-13,19920113,1992,Q1,1,Jan,1992-01,3,Mon
1992-01-14,19920114,1992,Q1,1,Jan,1992-01,3,Tue
1992-01-15,19920115,1992,Q1,1,Jan,1992-01,3,Wed
1992-01-16,19920116,1992,Q1,1,Jan,1992-01,3,Thu
1992-01-17,19920117,1992,Q1,1,Jan,1992-01,3,Fri
1992-01-18,19920118,1992,Q1,1,Jan,1992-01,3,Sat
1992-01-19,19920119,1992,Q1,1,Jan,1992-01,3,Sun
1992-01-20,19920120,1992,Q1,1,Jan,1992-01,4,Mon
1992-01-21,19920121,1992,Q1,1,Jan,1992-01,4,Tue
1992-01-22,19920122,1992,Q1,1,Jan,1992-01,4,Wed
1992-01-23,19920123,1992,Q1,1,Jan,1992-01,4,Thu
1992-01-24,19920124,1992,Q1,1,Jan,1992-01,4,Fri
1992-01-25,19920125,1992,Q1,1,Jan,1992-01,4,Sat
1992-01-26,19920126,1992,Q1,1,Jan,1992-01,4,Sun
1992-01-27,19920127,1992,Q1,1,Jan,1992-01,5,Mon
1992-01-28,19920128,1992,Q1,1,Jan,1992-01,5,Tue
1992-01-29,19920129,1992,Q1,1,Jan,1992-01,5,Wed
1992-01-30,19920130,1992,Q1,1,Jan,1992-01,5,Thu
1992-01-31,19920131,1992,Q1,1,Jan,1992-01,5,Fri
1992-02-01,19920201,1992,Q1,2,Feb,1992-02,5,Sat
1992-02-02,19920202,1992,Q1,2,Feb,1992-02,5,Sun
1992-02-03,19920203,1992,Q1,2,Feb,1992-02,6,Mon
1992-02-04,19920204,1992,Q1,2,Feb,1992-02,6,Tue
1992-02-05,19920205,1992,Q1,2,Feb,1992-02,6,Wed
1992-02-06,19920206,1992,Q1,2,Feb,1992-02,6,Thu
1992-02-07,19920207,1992,Q1,2,Feb,1992-02,6,Fri
1992-02-08,19920208,1992,Q1,2,Feb,1992-02,6,Sat
1992-02-09,19920209,1992,Q1,2,Feb,1992-02,6,Sun
1992-02-10,19920210,1992,Q1,2,Feb,1992-02,7,Mon
1992-02-11,19920211,1992,Q1,2,Feb,1992-02,7,Tue
1992-02-12,19920212,1992,Q1,2,Feb,1992-02,7,Wed
1992-02-13,19920213,1992,Q1,2,Feb,1992-02,7,Thu
1992-02-14,19920214,1992,Q1,2,Feb,1992-02,7,Fri
1992-02-15,19920215,1992,Q1,2,Feb,1992-02,7,Sat
1992-02-16,19920216,1992,Q1,2,Feb,1992-02,7,Sun
1992-02-17,19920217,1992,Q1,2,Feb,1992-02,8,Mon
1992-02-18,19920218,1992,Q1,2,Feb,1992-02,8,Tue
1992-02-19,19920219,1992,Q1,2,Feb,1992-02,8,Wed
1992-02-20,19920220,1992,Q1,2,Feb,1992-02,8,Thu
1992-02-21,19920221,1992,Q1,2,Feb,1992-02,8,Fri
1992-02-22,19920222,1992,Q1,2,Feb,1992-02,8,Sat
1992-02-23,19920223,1992,Q1,2,Feb,1992-02,8,Sun
1992-02-24,19920224,1992,Q1,2,Feb,1992-02,9,Mon
1992-02-25,19920225,1992,Q1,2,Feb,1992-02,9,Tue
1992-02-26,19920226,1992,Q1,2,Feb,1992-02,9,Wed
1992-02-27,19920227,1992,Q1,2,Feb,1992-02,9,Thu
1992-02-28,19920228,1992,Q1,2,Feb,1992-02,9,Fri
1992-02-29,19920229,1992,Q1,2,Feb,1992-02,9,Sat
1992-03-01,19920301,1992,Q1,3,Mar,1992-03,9,Sun
1992-03-02,19920302,1992,Q1,3,Mar,1992-03,10,Mon
1992-03-03,19920303,1992,Q1,3,Mar,1992-03,10,Tue
1992-03-04,19920304,1992,Q1,3,Mar,1992-03,10,Wed
1992-03-05,19920305,1992,Q1,3,Mar,1992-03,10,Thu
1992-03-06,19920306,1992,Q1,3,Mar,1992-03,10,Fri
1992-03-07,19920307,1992,Q1,3,Mar,1992-03,10,Sat
1992-03-08,19920308,1992,Q1,3,Mar,1992-03,10,Sun
1992-03-09,19920309,1992,Q1,3,Mar,1992-03,11,Mon
1992-03-10,19920310,1992,Q1,3,Mar,1992-03,11,Tue
1992-03-11,19920311,1992,Q1,3,Mar,1992-03,11,Wed
1992-03-12,19920312,1992,Q1,3,Mar,1992-03,11,Thu
1992-03-13,19920313,1992,Q1,3,Mar,1992-03,11,Fri
1992-03-14,19920314,1992,Q1,3,Mar,1992-03,11,Sat
1992-03-15,19920315,1992,Q1,3,Mar,1992-03,11,Sun
1992-03-16,19920316,1992,Q1,3,Mar,1992-03,12,Mon
1992-03-17,19920317,1992,Q1,3,Mar,1992-03,12,Tue
1992-03-18,19920318,1992,Q1,3,Mar,1992-03,12,Wed
1992-03-19,19920319,1992,Q1,3,Mar,1992-03,12,Thu
1992-03-20,19920320,1992,Q1,3,Mar,1992-03,12,Fri
1992-03-21,19920321,1992,Q1,3,Mar,1992-03,12,Sat
1992-03-22,19920322,1992,Q1,3,Mar,1992-03,12,Sun
1992-03-23,19920323,1992,Q1,3,Mar,1992-03,13,Mon
1992-03-24,19920324,1992,Q1,3,Mar,1992-03,13,Tue
1992-03-25,19920325,1992,Q1,3,Mar,1992-03,13,Wed
1992-03-26,19920326,1992,Q1,3,Mar,1992-03,13,Thu
1992-03-27,19920327,1992,Q1,3,Mar,1992-03,13,Fri
1992-03-28,19920328,1992,Q1,3,Mar,1992-03,13,Sat
1992-03-29,19920329,1992,Q1,3,Mar,1992-03,13,Sun
1992-03-30,19920330,1992,Q1,3,Mar,1992-03,14,Mon
1992-03-31,19920331,1992,Q1,3,Mar,1992-03,14,Tue
1992-04-01,19920401,1992,Q2,4,Apr,1992-04,14,Wed
1992-04-02,19920402,1992,Q2,4,Apr,1992-04,14,Thu
1992-04-03,19920403,1992,Q2,4,Apr,1992-04,14,Fri
1992-04-04,19920404,1992,Q2,4,Apr,1992-04,14,Sat
1992-04-05,19920405,1992,Q2,4,Apr,1992-04,14,Sun
1992-04-06,19920406,1992,Q2,4,Apr,1992-04,15,Mon
1992-04-07,19920407,1992,Q2,4,Apr,1992-04,15,Tue
1992-04-08,19920408,1992,Q2,4,Apr,1992-04,15,Wed
1992-04-09,19920409,1992,Q2,4,Apr,1992-04,15,Thu
1992-04-10,19920410,1992,Q2,4,Apr,1992-04,15,Fri
1992-04-11,19920411,1992,Q2,4,Apr,1992-04,15,Sat
1992-04-12,19920412,1992,Q2,4,Apr,1992-04,15,Sun
1992-04-13,19920413,1992,Q2,4,Apr,1992-04,16,Mon
1992-04-14,19920414,1992,Q2,4,Apr,1992-04,16,Tue
1992-04-15,19920415,1992,Q2,4,Apr,1992-04,16,Wed
1992-04-16,19920416,1992,Q2,4,Apr,1992-04,16,Thu
1992-04-17,19920417,1992,Q2,4,Apr,1992-04,16,Fri
1992-04-18,19920418,1992,Q2,4,Apr,1992-04,16,Sat
1992-04-19,19920419,1992,Q2,4,Apr,1992-04,16,Sun
1992-04-20,19920420,1992,Q2,4,Apr,1992-04,17,Mon
1992-04-21,19920421,1992,Q2,4,Apr,1992-04,17,Tue
1992-04-22,19920422,1992,Q2,4,Apr,1992-04,17,Wed
1992-04-23,19920423,1992,Q2,4,Apr,1992-04,17,Thu
1992-04-24,19920424,1992,Q2,4,Apr,1992-04,17,Fri
1992-04-25,19920425,1992,Q2,4,Apr,1992-04,17,Sat
1992-04-26,19920426,1992,Q2,4,Apr,1992-04,17,Sun
1992-04-27,19920427,1992,Q2,4,Apr,1992-04,18,Mon
1992-04-28,19920428,1992,Q2,4,Apr,1992-04,18,Tue
1992-04-29,19920429,1992,Q2,4,Apr,1992-04,18,Wed
1992-04-30,19920430,1992,Q2,4,Apr,1992-04,18,Thu
1992-05-01,19920501,1992,Q2,5,May,1992-05,18,Fri
1992-05-02,19920502,1992,Q2,5,May,1992-05,18,Sat
1992-05-03,19920503,1992,Q2,5,May,1992-05,18,Sun
1992-05-04,19920504,1992,Q2,5,May,1992-05,19,Mon
1992-05-05,19920505,1992,Q2,5,May,1992-05,19,Tue
1992-05-06,19920506,1992,Q2,5,May,1992-05,19,Wed
1992-05-07,19920507,1992,Q2,5,May,1992-05,19,Thu
1992-05-08,19920508,1992,Q2,5,May,1992-05,19,Fri
1992-05-09,19920509,1992,Q2,5,May,1992-05,19,Sat
1992-05-10,19920510,1992,Q2,5,May,1992-05,19,Sun
1992-05-11,19920511,1992,Q2,5,May,1992-05,20,Mon
1992-05-12,19920512,1992,Q2,5,May,1992-05,20,Tue
1992-05-13,19920513,1992,Q2,5,May,1992-05,20,Wed
1992-05-14,19920514,1992,Q2,5,May,1992-05,20,Thu
1992-05-15,19920515,1992,Q2,5,May,1992-05,20,Fri
1992-05-16,19920516,1992,Q2,5,May,1992-05,20,Sat
1992-05-17,19920517,1992,Q2,5,May,1992-05,20,Sun
1992-05-18,19920518,1992,Q2,5,May,1992-05,21,Mon
1992-05-19,19920519,1992,Q2,5,May,1992-05,21,Tue
1992-05-20,19920520,1992,Q2,5,May,1992-05,21,Wed
1992-05-21,19920521,1992,Q2,5,May,1992-05,21,Thu
1992-05-22,19920522,1992,Q2,5,May,1992-05,21,Fri
1992-05-23,19920523,1992,Q2,5,May,1992-05,21,Sat
1992-05-24,19920524,1992,Q2,5,May,1992-05,21,Sun
1992-05-25,19920525,1992,Q2,5,May,1992-05,22,Mon
1992-05-26,19920526,1992,Q2,5,May,1992-05,22,Tue
1992-05-27,19920527,1992,Q2,5,May,1992-05,22,Wed
1992-05-28,19920528,1992,Q2,5,May,1992-05,22,Thu
1992-05-29,19920529,1992,Q2,5,May,1992-05,22,Fri
1992-05-30,19920530,1992,Q2,5,May,1992-05,22,Sat
1992-05-31,19920531,1992,Q2,5,May,1992-05,22,Sun
1992-06-01,19920601,1992,Q2,6,Jun,1992-06,23,Mon
1992-06-02,19920602,1992,Q2,6,Jun,1992-06,23,Tue
1992-06-03,19920603,1992,Q2,6,Jun,1992-06,23,Wed
1992-06-04,19920604,1992,Q2,6,Jun,1992-06,23,Thu
1992-06-05,19920605,1992,Q2,6,Jun,1992-06,23,Fri
1992-06-06,19920606,1992,Q2,6,Jun,1992-06,23,Sat
1992-06-07,19920607,1992,Q2,6,Jun,1992-06,23,Sun
1992-06-08,19920608,1992,Q2,6,Jun,1992-06,24,Mon
1992-06-09,19920609,1992,Q2,6,Jun,1992-06,24,Tue
1992-06-10,19920610,1992,Q2,6,Jun,1992-06,24,Wed
1992-06-11,19920611,1992,Q2,6,Jun,1992-06,24,Thu
1992-06-12,19920612,1992,Q2,6,Jun,1992-06,24,Fri
1992-06-13,19920613,1992,Q2,6,Jun,1992-06,24,Sat
1992-06-14,19920614,1992,Q2,6,Jun,1992-06,24,Sun
1992-06-15,19920615,1992,Q2,6,Jun,1992-06,25,Mon
1992-06-16,19920616,1992,Q2,6,Jun,1992-06,25,Tue
1992-06-17,19920617,1992,Q2,6,Jun,1992-06,25,Wed
1992-06-18,19920618,1992,Q2,6,Jun,1992-06,25,Thu
1992-06-19,19920619,1992,Q2,6,Jun,1992-06,25,Fri
1992-06-20,19920620,1992,Q2,6,Jun,1992-06,25,Sat
1992-06-21,19920621,1992,Q2,6,Jun,1992-06,25,Sun
1992-06-22,19920622,1992,Q2,6,Jun,1992-06,26,Mon
1992-06-23,19920623,1992,Q2,6,Jun,1992-06,26,Tue
1992-06-24,19920624,1992,Q2,6,Jun,1992-06,26,Wed
1992-06-25,19920625,1992,Q2,6,Jun,1992-06,26,Thu
1992-06-26,19920626,1992,Q2,6,Jun,1992-06,26,Fri
1992-06-27,19920627,1992,Q2,6,Jun,1992-06,26,Sat
1992-06-28,19920628,1992,Q2,6,Jun,1992-06,26,Sun
1992-06-29,19920629,1992,Q2,6,Jun,1992-06,27,Mon
1992-06-30,19920630,1992,Q2,6,Jun,1992-06,27,Tue
1992-07-01,19920701,1992,Q3,7,Jul,1992-07,27,Wed
1992-07-02,19920702,1992,Q3,7,Jul,1992-07,27,Thu
1992-07-03,19920703,1992,Q3,7,Jul,1992-07,27,Fri
1992-07-04,19920704,1992,Q3,7,Jul,1992-07,27,Sat
1992-07-05,19920705,1992,Q3,7,Jul,1992-07,27,Sun
1992-07-06,19920706,1992,Q3,7,Jul,1992-07,28,Mon
1992-07-07,19920707,1992,Q3,7,Jul,1992-07,28,Tue
1992-07-08,19920708,1992,Q3,7,Jul,1992-07,28,Wed
1992-07-09,19920709,1992,Q3,7,Jul,1992-07,28,Thu
1992-07-10,19920710,1992,Q3,7,Jul,1992-07,28,Fri
1992-07-11,19920711,1992,Q3,7,Jul,1992-07,28,Sat
1992-07-12,19920712,1992,Q3,7,Jul,1992-07,28,Sun
1992-07-13,19920713,1992,Q3,7,Jul,1992-07,29,Mon
1992-07-14,19920714,1992,Q3,7,Jul,1992-07,29,Tue
1992-07-15,19920715,1992,Q3,7,Jul,1992-07,29,Wed
1992-07-16,19920716,1992,Q3,7,Jul,1992-07,29,Thu
1992-07-17,19920717,1992,Q3,7,Jul,1992-07,29,Fri
1992-07-18,19920718,1992,Q3,7,Jul,1992-07,29,Sat
1992-07-19,19920719,1992,Q3,7,Jul,1992-07,29,Sun
1992-07-20,19920720,1992,Q3,7,Jul,1992-07,30,Mon
1992-07-21,19920721,1992,Q3,7,Jul,1992-07,30,Tue
1992-07-22,19920722,1992,Q3,7,Jul,1992-07,30,Wed
1992-07-23,19920723,1992,Q3,7,Jul,1992-07,30,Thu
1992-07-24,19920724,1992,Q3,7,Jul,1992-07,30,Fri
1992-07-25,19920725,1992,Q3,7,Jul,1992-07,30,Sat
1992-07-26,19920726,1992,Q3,7,Jul,1992-07,30,Sun
1992-07-27,19920727,1992,Q3,7,Jul,1992-07,31,Mon
1992-07-28,19920728,1992,Q3,7,Jul,1992-07,31,Tue
1992-07-29,19920729,1992,Q3,7,Jul,1992-07,31,Wed
1992-07-30,19920730,1992,Q3,7,Jul,1992-07,31,Thu
1992-07-31,19920731,1992,Q3,7,Jul,1992-07,31,Fri
1992-08-01,19920801,1992,Q3,8,Aug,1992-08,31,Sat
1992-08-02,19920802,1992,Q3,8,Aug,1992-08,31,Sun
1992-08-03,19920803,1992,Q3,8,Aug,1992-08,32,Mon
1992-08-04,19920804,1992,Q3,8,Aug,1992-08,32,Tue
1992-08-05,19920805,1992,Q3,8,Aug,1992-08,32,Wed
1992-08-06,19920806,1992,Q3,8,Aug,1992-08,32,Thu
1992-08-07,19920807,1992,Q3,8,Aug,1992-08,32,Fri
1992-08-08,19920808,1992,Q3,8,Aug,1992-08,32,Sat
1992-08-09,19920809,1992,Q3,8,Aug,1992-08,32,Sun
1992-08-10,19920810,1992,Q3,8,Aug,1992-08,33,Mon
1992-08-11,19920811,1992,Q3,8,Aug,1992-08,33,Tue
1992-08-12,19920812,1992,Q3,8,Aug,1992-08,33,Wed
1992-08-13,19920813,1992,Q3,8,Aug,1992-08,33,Thu
1992-08-14,19920814,1992,Q3,8,Aug,1992-08,33,Fri
1992-08-15,19920815,1992,Q3,8,Aug,1992-08,33,Sat
1992-08-16,19920816,1992,Q3,8,Aug,1992-08,33,Sun
1992-08-17,19920817,1992,Q3,8,Aug,1992-08,34,Mon
1992-08-18,19920818,1992,Q3,8,Aug,1992-08,34,Tue
1992-08-19,19920819,1992,Q3,8,Aug,1992-08,34,Wed
1992-08-20,19920820,1992,Q3,8,Aug,1992-08,34,Thu
1992-08-21,19920821,1992,Q3,8,Aug,1992-08,34,Fri
1992-08-22,19920822,1992,Q3,8,Aug,1992-08,34,Sat
1992-08-23,19920823,1992,Q3,8,Aug,1992-08,34,Sun
1992-08-24,19920824,1992,Q3,8,Aug,1992-08,35,Mon
1992-08-25,19920825,1992,Q3,8,Aug,1992-08,35,Tue
1992-08-26,19920826,1992,Q3,8,Aug,1992-08,35,Wed
1992-08-27,19920827,1992,Q3,8,Aug,1992-08,35,Thu
1992-08-28,19920828,1992,Q3,8,Aug,1992-08,35,Fri
1992-08-29,19920829,1992,Q3,8,Aug,1992-08,35,Sat
1992-08-30,19920830,1992,Q3,8,Aug,1992-08,35,Sun
1992-08-31,19920831,1992,Q3,8,Aug,1992-08,36,Mon
1992-09-01,19920901,1992,Q3,9,Sep,1992-09,36,Tue
1992-09-02,19920902,1992,Q3,9,Sep,1992-09,36,Wed
1992-09-03,19920903,1992,Q3,9,Sep,1992-09,36,Thu
1992-09-04,19920904,1992,Q3,9,Sep,1992-09,36,Fri
1992-09-05,19920905,1992,Q3,9,Sep,1992-09,36,Sat
1992-09-06,19920906,1992,Q3,9,Sep,1992-09,36,Sun
1992-09-07,19920907,1992,Q3,9,Sep,1992-09,37,Mon
1992-09-08,19920908,1992,Q3,9,Sep,1992-09,37,Tue
1992-09-09,19920909,1992,Q3,9,Sep,1992-09,37,Wed
1992-09-10,19920910,1992,Q3,9,Sep,1992-09,37,Thu
1992-09-11,19920911,1992,Q3,9,Sep,1992-09,37,Fri
1992-09-12,19920912,1992,Q3,9,Sep,1992-09,37,Sat
1992-09-13,19920913,1992,Q3,9,Sep,1992-09,37,Sun
1992-09-14,19920914,1992,Q3,9,Sep,1992-09,38,Mon
1992-09-15,19920915,1992,Q3,9,Sep,1992-09,38,Tue
1992-09-16,19920916,1992,Q3,9,Sep,1992-09,38,Wed
1992-09-17,19920917,1992,Q3,9,Sep,1992-09,38,Thu
1992-09-18,19920918,1992,Q3,9,Sep,1992-09,38,Fri
1992-09-19,19920919,1992,Q3,9,Sep,1992-09,38,Sat
1992-09-20,19920920,1992,Q3,9,Sep,1992-09,38,Sun
1992-09-21,19920921,1992,Q3,9,Sep,1992-09,39,Mon
1992-09-22,19920922,1992,Q3,9,Sep,1992-09,39,Tue
1992-09-23,19920923,1992,Q3,9,Sep,1992-09,39,Wed
1992-09-24,19920924,1992,Q3,9,Sep,1992-09,39,Thu
1992-09-25,19920925,1992,Q3,9,Sep,1992-09,39,Fri
1992-09-26,19920926,1992,Q3,9,Sep,1992-09,39,Sat
1992-09-27,19920927,1992,Q3,9,Sep,1992-09,39,Sun
1992-09-28,19920928,1992,Q3,9,Sep,1992-09,40,Mon
1992-09-29,19920929,1992,Q3,9,Sep,1992-09,40,Tue
1992-09-30,19920930,1992,Q3,9,Sep,1992-09,40,Wed
1992-10-01,19921001,1992,Q4,10,Oct,1992-10,40,Thu
1992-10-02,19921002,1992,Q4,10,Oct,1992-10,40,Fri
1992-10-03,19921003,1992,Q4,10,Oct,1992-10,40,Sat
1992-10-04,19921004,1992,Q4,10,Oct,1992-10,40,Sun
1992-10-05,19921005,1992,Q4,10,Oct,1992-10,41,Mon
1992-10-06,19921006,1992,Q4,10,Oct,1992-10,41,Tue
1992-10-07,19921007,1992,Q4,10,Oct,1992-10,41,Wed
1992-10-08,19921008,1992,Q4,10,Oct,1992-10,41,Thu
1992-10-09,19921009,1992,Q4,10,Oct,1992-10,41,Fri
1992-10-10,19921010,1992,Q4,10,Oct,1992-10,41,Sat
1992-10-11,19921011,1992,Q4,10,Oct,1992-10,41,Sun
1992-10-12,19921012,1992,Q4,10,Oct,1992-10,42,Mon
1992-10-13,19921013,1992,Q4,10,Oct,1992-10,42,Tue
1992-10-14,19921014,1992,Q4,10,Oct,1992-10,42,Wed
1992-10-15,19921015,1992,Q4,10,Oct,1992-10,42,Thu
1992-10-16,19921016,1992,Q4,10,Oct,1992-10,42,Fri
1992-10-17,19921017,1992,Q4,10,Oct,1992-10,42,Sat
1992-10-18,19921018,1992,Q4,10,Oct,1992-10,42,Sun
1992-10-19,19921019,1992,Q4,10,Oct,1992-10,43,Mon
1992-10-20,19921020,1992,Q4,10,Oct,1992-10,43,Tue
1992-10-21,19921021,1992,Q4,10,Oct,1992-10,43,Wed
1992-10-22,19921022,1992,Q4,10,Oct,1992-10,43,Thu
1992-10-23,19921023,1992,Q4,10,Oct,1992-10,43,Fri
1992-10-24,19921024,1992,Q4,10,Oct,1992-10,43,Sat
1992-10-25,19921025,1992,Q4,10,Oct,1992-10,43,Sun
1992-10-26,19921026,1992,Q4,10,Oct,1992-10,44,Mon
1992-10-27,19921027,1992,Q4,10,Oct,1992-10,44,Tue
1992-10-28,19921028,1992,Q4,10,Oct,1992-10,44,Wed
1992-10-29,19921029,1992,Q4,10,Oct,1992-10,44,Thu
1992-10-30,19921030,1992,Q4,10,Oct,1992-10,44,Fri
1992-10-31,19921031,1992,Q4,10,Oct,1992-10,44,Sat
1992-11-01,19921101,1992,Q4,11,Nov,1992-11,44,Sun
1992-11-02,19921102,1992,Q4,11,Nov,1992-11,45,Mon
1992-11-03,19921103,1992,Q4,11,Nov,1992-11,45,Tue
1992-11-04,19921104,1992,Q4,11,Nov,1992-11,45,Wed
1992-11-05,19921105,1992,Q4,11,Nov,1992-11,45,Thu
1992-11-06,19921106,1992,Q4,11,Nov,1992-11,45,Fri
1992-11-07,19921107,1992,Q4,11,Nov,1992-11,45,Sat
1992-11-08,19921108,1992,Q4,11,Nov,1992-11,45,Sun
1992-11-09,19921109,1992,Q4,11,Nov,1992-11,46,Mon
1992-11-10,19921110,1992,Q4,11,Nov,1992-11,46,Tue
1992-11-11,19921111,1992,Q4,11,Nov,1992-11,46,Wed
1992-11-12,19921112,1992,Q4,11,Nov,1992-11,46,Thu
1992-11-13,19921113,1992,Q4,11,Nov,1992-11,46,Fri
1992-11-14,19921114,1992,Q4,11,Nov,1992-11,46,Sat
1992-11-15,19921115,1992,Q4,11,Nov,1992-11,46,Sun
1992-11-16,19921116,1992,Q4,11,Nov,1992-11,47,Mon
1992-11-17,19921117,1992,Q4,11,Nov,1992-11,47,Tue
1992-11-18,19921118,1992,Q4,11,Nov,1992-11,47,Wed
1992-11-19,19921119,1992,Q4,11,Nov,1992-11,47,Thu
1992-11-20,19921120,1992,Q4,11,Nov,1992-11,47,Fri
1992-11-21,19921121,1992,Q4,11,Nov,1992-11,47,Sat
1992-11-22,19921122,1992,Q4,11,Nov,1992-11,47,Sun
1992-11-23,19921123,1992,Q4,11,Nov,1992-11,48,Mon
1992-11-24,19921124,1992,Q4,11,Nov,1992-11,48,Tue
1992-11-25,19921125,1992,Q4,11,Nov,1992-11,48,Wed
1992-11-26,19921126,1992,Q4,11,Nov,1992-11,48,Thu
1992-11-27,19921127,1992,Q4,11,Nov,1992-11,48,Fri
1992-11-28,19921128,1992,Q4,11,Nov,1992-11,48,Sat
1992-11-29,19921129,1992,Q4,11,Nov,1992-11,48,Sun
1992-11-30,19921130,1992,Q4,11,Nov,1992-11,49,Mon
1992-12-01,19921201,1992,Q4,12,Dec,1992-12,49,Tue
1992-12-02,19921202,1992,Q4,12,Dec,1992-12,49,Wed
1992-12-03,19921203,1992,Q4,12,Dec,1992-12,49,Thu
1992-12-04,19921204,1992,Q4,12,Dec,1992-12,49,Fri
1992-12-05,19921205,1992,Q4,12,Dec,1992-12,49,Sat
1992-12-06,19921206,1992,Q4,12,Dec,1992-12,49,Sun
1992-12-07,19921207,1992,Q4,12,Dec,1992-12,50,Mon
1992-12-08,19921208,1992,Q4,12,Dec,1992-12,50,Tue
1992-12-09,19921209,1992,Q4,12,Dec,1992-12,50,Wed
1992-12-10,19921210,1992,Q4,12,Dec,1992-12,50,Thu
1992-12-11,19921211,1992,Q4,12,Dec,1992-12,50,Fri
1992-12-12,19921212,1992,Q4,12,Dec,1992-12,50,Sat
1992-12-13,19921213,1992,Q4,12,Dec,1992-12,50,Sun
1992-12-14,19921214,1992,Q4,12,Dec,1992-12,51,Mon
1992-12-15,19921215,1992,Q4,12,Dec,1992-12,51,Tue
1992-12-16,19921216,1992,Q4,12,Dec,1992-12,51,Wed
1992-12-17,19921217,1992,Q4,12,Dec,1992-12,51,Thu
1992-12-18,19921218,1992,Q4,12,Dec,1992-12,51,Fri
1992-12-19,19921219,1992,Q4,12,Dec,1992-12,51,Sat
1992-12-20,19921220,1992,Q4,12,Dec,1992-12,51,Sun
1992-12-21,19921221,1992,Q4,12,Dec,1992-12,52,Mon
1992-12-22,19921222,1992,Q4,12,Dec,1992-12,52,Tue
1992-12-23,19921223,1992,Q4,12,Dec,1992-12,52,Wed
1992-12-24,19921224,1992,Q4,12,Dec,1992-12,52,Thu
1992-12-25,19921225,1992,Q4,12,Dec,1992-12,52,Fri
1992-12-26,19921226,1992,Q4,12,Dec,1992-12,52,Sat
1992-12-27,19921227,1992,Q4,12,Dec,1992-12,52,Sun
1992-12-28,19921228,1992,Q4,12,Dec,1992-12,53,Mon
1992-12-29,19921229,1992,Q4,12,Dec,1992-12,53,Tue
1992-12-30,19921230,1992,Q4,12,Dec,1992-12,53,Wed
1992-12-31,19921231,1992,Q4,12,Dec,1992-12,53,Thu
1993-01-01,19930101,1993,Q1,1,Jan,1993-01,53,Fri
1993-01-02,19930102,1993,Q1,1,Jan,1993-01,53,Sat
1993-01-03,19930103,1993,Q1,1,Jan,1993-01,53,Sun
1993-01-04,19930104,1993,Q1,1,Jan,1993-01,1,Mon
1993-01-05,19930105,1993,Q1,1,Jan,1993-01,1,Tue
1993-01-06,19930106,1993,Q1,1,Jan,1993-01,1,Wed
1993-01-07,19930107,1993,Q1,1,Jan,1993-01,1,Thu
1993-01-08,19930108,1993,Q1,1,Jan,1993-01,1,Fri
1993-01-09,19930109,1993,Q1,1,Jan,1993-01,1,Sat
1993-01-10,19930110,1993,Q1,1,Jan,1993-01,1,Sun
1993-01-11,19930111,1993,Q1,1,Jan,1993-01,2,Mon
1993-01-12,19930112,1993,Q1,1,Jan,1993-01,2,Tue
1993-01-13,19930113,1993,Q1,1,Jan,1993-01,2,Wed
1993-01-14,19930114,1993,Q1,1,Jan,1993-01,2,Thu
1993-01-15,19930115,1993,Q1,1,Jan,1993-01,2,Fri
1993-01-16,19930116,1993,Q1,1,Jan,1993-01,2,Sat
1993-01-17,19930117,1993,Q1,1,Jan,1993-01,2,Sun
1993-01-18,19930118,1993,Q1,1,Jan,1993-01,3,Mon
1993-01-19,19930119,1993,Q1,1,Jan,1993-01,3,Tue
1993-01-20,19930120,1993,Q1,1,Jan,1993-01,3,Wed
1993-01-21,19930121,1993,Q1,1,Jan,1993-01,3,Thu
1993-01-22,19930122,1993,Q1,1,Jan,1993-01,3,Fri
1993-01-23,19930123,1993,Q1,1,Jan,1993-01,3,Sat
1993-01-24,19930124,1993,Q1,1,Jan,1993-01,3,Sun
1993-01-25,19930125,1993,Q1,1,Jan,1993-01,4,Mon
1993-01-26,19930126,1993,Q1,1,Jan,1993-01,4,Tue
1993-01-27,19930127,1993,Q1,1,Jan,1993-01,4,Wed
1993-01-28,19930128,1993,Q1,1,Jan,1993-01,4,Thu
1993-01-29,19930129,1993,Q1,1,Jan,1993-01,4,Fri
1993-01-30,19930130,1993,Q1,1,Jan,1993-01,4,Sat
1993-01-31,19930131,1993,Q1,1,Jan,1993-01,4,Sun
1993-02-01,19930201,1993,Q1,2,Feb,1993-02,5,Mon
1993-02-02,19930202,1993,Q1,2,Feb,1993-02,5,Tue
1993-02-03,19930203,1993,Q1,2,Feb,1993-02,5,Wed
1993-02-04,19930204,1993,Q1,2,Feb,1993-02,5,Thu
1993-02-05,19930205,1993,Q1,2,Feb,1993-02,5,Fri
1993-02-06,19930206,1993,Q1,2,Feb,1993-02,5,Sat
1993-02-07,19930207,1993,Q1,2,Feb,1993-02,5,Sun
1993-02-08,19930208,1993,Q1,2,Feb,1993-02,6,Mon
1993-02-09,19930209,1993,Q1,2,Feb,1993-02,6,Tue
1993-02-10,19930210,1993,Q1,2,Feb,1993-02,6,Wed
1993-02-11,19930211,1993,Q1,2,Feb,1993-02,6,Thu
1993-02-12,19930212,1993,Q1,2,Feb,1993-02,6,Fri
1993-02-13,19930213,1993,Q1,2,Feb,1993-02,6,Sat
1993-02-14,19930214,1993,Q1,2,Feb,1993-02,6,Sun
1993-02-15,19930215,1993,Q1,2,Feb,1993-02,7,Mon
1993-02-16,19930216,1993,Q1,2,Feb,1993-02,7,Tue
1993-02-17,19930217,1993,Q1,2,Feb,1993-02,7,Wed
1993-02-18,19930218,1993,Q1,2,Feb,1993-02,7,Thu
1993-02-19,19930219,1993,Q1,2,Feb,1993-02,7,Fri
1993-02-20,19930220,1993,Q1,2,Feb,1993-02,7,Sat
1993-02-21,19930221,1993,Q1,2,Feb,1993-02,7,Sun
1993-02-22,19930222,1993,Q1,2,Feb,1993-02,8,Mon
1993-02-23,19930223,1993,Q1,2,Feb,1993-02,8,Tue
1993-02-24,19930224,1993,Q1,2,Feb,1993-02,8,Wed
1993-02-25,19930225,1993,Q1,2,Feb,1993-02,8,Thu
1993-02-26,19930226,1993,Q1,2,Feb,1993-02,8,Fri
1993-02-27,19930227,1993,Q1,2,Feb,1993-02,8,Sat
1993-02-28,19930228,1993,Q1,2,Feb,1993-02,8,Sun
1993-03-01,19930301,1993,Q1,3,Mar,1993-03,9,Mon
1993-03-02,19930302,1993,Q1,3,Mar,1993-03,9,Tue
1993-03-03,19930303,1993,Q1,3,Mar,1993-03,9,Wed
1993-03-04,19930304,1993,Q1,3,Mar,1993-03,9,Thu
1993-03-05,19930305,1993,Q1,3,Mar,1993-03,9,Fri
1993-03-06,19930306,1993,Q1,3,Mar,1993-03,9,Sat
1993-03-07,19930307,1993,Q1,3,Mar,1993-03,9,Sun
1993-03-08,19930308,1993,Q1,3,Mar,1993-03,10,Mon
1993-03-09,19930309,1993,Q1,3,Mar,1993-03,10,Tue
1993-03-10,19930310,1993,Q1,3,Mar,1993-03,10,Wed
1993-03-11,19930311,1993,Q1,3,Mar,1993-03,10,Thu
1993-03-12,19930312,1993,Q1,3,Mar,1993-03,10,Fri
1993-03-13,19930313,1993,Q1,3,Mar,1993-03,10,Sat
1993-03-14,19930314,1993,Q1,3,Mar,1993-03,10,Sun
1993-03-15,19930315,1993,Q1,3,Mar,1993-03,11,Mon
1993-03-16,19930316,1993,Q1,3,Mar,1993-03,11,Tue
1993-03-17,19930317,1993,Q1,3,Mar,1993-03,11,Wed
1993-03-18,19930318,1993,Q1,3,Mar,1993-03,11,Thu
1993-03-19,19930319,1993,Q1,3,Mar,1993-03,11,Fri
1993-03-20,19930320,1993,Q1,3,Mar,1993-03,11,Sat
1993-03-21,19930321,1993,Q1,3,Mar,1993-03,11,Sun
1993-03-22,19930322,1993,Q1,3,Mar,1993-03,12,Mon
1993-03-23,19930323,1993,Q1,3,Mar,1993-03,12,Tue
1993-03-24,19930324,1993,Q1,3,Mar,1993-03,12,Wed
1993-03-25,19930325,1993,Q1,3,Mar,1993-03,12,Thu
1993-03-26,19930326,1993,Q1,3,Mar,1993-03,12,Fri
1993-03-27,19930327,1993,Q1,3,Mar,1993-03,12,Sat
1993-03-28,19930328,1993,Q1,3,Mar,1993-03,12,Sun
1993-03-29,19930329,1993,Q1,3,Mar,1993-03,13,Mon
1993-03-30,19930330,1993,Q1,3,Mar,1993-03,13,Tue
1993-03-31,19930331,1993,Q1,3,Mar,1993-03,13,Wed
1993-04-01,19930401,1993,Q2,4,Apr,1993-04,13,Thu
1993-04-02,19930402,1993,Q2,4,Apr,1993-04,13,Fri
1993-04-03,19930403,1993,Q2,4,Apr,1993-04,13,Sat
1993-04-04,19930404,1993,Q2,4,Apr,1993-04,13,Sun
1993-04-05,19930405,1993,Q2,4,Apr,1993-04,14,Mon
1993-04-06,19930406,1993,Q2,4,Apr,1993-04,14,Tue
1993-04-07,19930407,1993,Q2,4,Apr,1993-04,14,Wed
1993-04-08,19930408,1993,Q2,4,Apr,1993-04,14,Thu
1993-04-09,19930409,1993,Q2,4,Apr,1993-04,14,Fri
1993-04-10,19930410,1993,Q2,4,Apr,1993-04,14,Sat
1993-04-11,19930411,1993,Q2,4,Apr,1993-04,14,Sun
1993-04-12,19930412,1993,Q2,4,Apr,1993-04,15,Mon
1993-04-13,19930413,1993,Q2,4,Apr,1993-04,15,Tue
1993-04-14,19930414,1993,Q2,4,Apr,1993-04,15,Wed
1993-04-15,19930415,1993,Q2,4,Apr,1993-04,15,Thu
1993-04-16,19930416,1993,Q2,4,Apr,1993-04,15,Fri
1993-04-17,19930417,1993,Q2,4,Apr,1993-04,15,Sat
1993-04-18,19930418,1993,Q2,4,Apr,1993-04,15,Sun
1993-04-19,19930419,1993,Q2,4,Apr,1993-04,16,Mon
1993-04-20,19930420,1993,Q2,4,Apr,1993-04,16,Tue
1993-04-21,19930421,1993,Q2,4,Apr,1993-04,16,Wed
1993-04-22,19930422,1993,Q2,4,Apr,1993-04,16,Thu
1993-04-23,19930423,1993,Q2,4,Apr,1993-04,16,Fri
1993-04-24,19930424,1993,Q2,4,Apr,1993-04,16,Sat
1993-04-25,19930425,1993,Q2,4,Apr,1993-04,16,Sun
1993-04-26,19930426,1993,Q2,4,Apr,1993-04,17,Mon
1993-04-27,19930427,1993,Q2,4,Apr,1993-04,17,Tue
1993-04-28,19930428,1993,Q2,4,Apr,1993-04,17,Wed
1993-04-29,19930429,1993,Q2,4,Apr,1993-04,17,Thu
1993-04-30,19930430,1993,Q2,4,Apr,1993-04,17,Fri
1993-05-01,19930501,1993,Q2,5,May,1993-05,17,Sat
1993-05-02,19930502,1993,Q2,5,May,1993-05,17,Sun
1993-05-03,19930503,1993,Q2,5,May,1993-05,18,Mon
1993-05-04,19930504,1993,Q2,5,May,1993-05,18,Tue
1993-05-05,19930505,1993,Q2,5,May,1993-05,18,Wed
1993-05-06,19930506,1993,Q2,5,May,1993-05,18,Thu
1993-05-07,19930507,1993,Q2,5,May,1993-05,18,Fri
1993-05-08,19930508,1993,Q2,5,May,1993-05,18,Sat
1993-05-09,19930509,1993,Q2,5,May,1993-05,18,Sun
1993-05-10,19930510,1993,Q2,5,May,1993-05,19,Mon
1993-05-11,19930511,1993,Q2,5,May,1993-05,19,Tue
1993-05-12,19930512,1993,Q2,5,May,1993-05,19,Wed
1993-05-13,19930513,1993,Q2,5,May,1993-05,19,Thu
1993-05-14,19930514,1993,Q2,5,May,1993-05,19,Fri
1993-05-15,19930515,1993,Q2,5,May,1993-05,19,Sat
1993-05-16,19930516,1993,Q2,5,May,1993-05,19,Sun
1993-05-17,19930517,1993,Q2,5,May,1993-05,20,Mon
1993-05-18,19930518,1993,Q2,5,May,1993-05,20,Tue
1993-05-19,19930519,1993,Q2,5,May,1993-05,20,Wed
1993-05-20,19930520,1993,Q2,5,May,1993-05,20,Thu
1993-05-21,19930521,1993,Q2,5,May,1993-05,20,Fri
1993-05-22,19930522,1993,Q2,5,May,1993-05,20,Sat
1993-05-23,19930523,1993,Q2,5,May,1993-05,20,Sun
1993-05-24,19930524,1993,Q2,5,May,1993-05,21,Mon
1993-05-25,19930525,1993,Q2,5,May,1993-05,21,Tue
1993-05-26,19930526,1993,Q2,5,May,1993-05,21,Wed
1993-05-27,19930527,1993,Q2,5,May,1993-05,21,Thu
1993-05-28,19930528,1993,Q2,5,May,1993-05,21,Fri
1993-05-29,19930529,1993,Q2,5,May,1993-05,21,Sat
1993-05-30,19930530,1993,Q2,5,May,1993-05,21,Sun
1993-05-31,19930531,1993,Q2,5,May,1993-05,22,Mon
1993-06-01,19930601,1993,Q2,6,Jun,1993-06,22,Tue
1993-06-02,19930602,1993,Q2,6,Jun,1993-06,22,Wed
1993-06-03,19930603,1993,Q2,6,Jun,1993-06,22,Thu
1993-06-04,19930604,1993,Q2,6,Jun,1993-06,22,Fri
1993-06-05,19930605,1993,Q2,6,Jun,1993-06,22,Sat
1993-06-06,19930606,1993,Q2,6,Jun,1993-06,22,Sun
1993-06-07,19930607,1993,Q2,6,Jun,1993-06,23,Mon
1993-06-08,19930608,1993,Q2,6,Jun,1993-06,23,Tue
1993-06-09,19930609,1993,Q2,6,Jun,1993-06,23,Wed
1993-06-10,19930610,1993,Q2,6,Jun,1993-06,23,Thu
1993-06-11,19930611,1993,Q2,6,Jun,1993-06,23,Fri
1993-06-12,19930612,1993,Q2,6,Jun,1993-06,23,Sat
1993-06-13,19930613,1993,Q2,6,Jun,1993-06,23,Sun
1993-06-14,19930614,1993,Q2,6,Jun,1993-06,24,Mon
1993-06-15,19930615,1993,Q2,6,Jun,1993-06,24,Tue
1993-06-16,19930616,1993,Q2,6,Jun,1993-06,24,Wed
1993-06-17,19930617,1993,Q2,6,Jun,1993-06,24,Thu
1993-06-18,19930618,1993,Q2,6,Jun,1993-06,24,Fri
1993-06-19,19930619,1993,Q2,6,Jun,1993-06,24,Sat
1993-06-20,19930620,1993,Q2,6,Jun,1993-06,24,Sun
1993-06-21,19930621,1993,Q2,6,Jun,1993-06,25,Mon
1993-06-22,19930622,1993,Q2,6,Jun,1993-06,25,Tue
1993-06-23,19930623,1993,Q2,6,Jun,1993-06,25,Wed
1993-06-24,19930624,1993,Q2,6,Jun,1993-06,25,Thu
1993-06-25,19930625,1993,Q2,6,Jun,1993-06,25,Fri
1993-06-26,19930626,1993,Q2,6,Jun,1993-06,25,Sat
1993-06-27,19930627,1993,Q2,6,Jun,1993-06,25,Sun
1993-06-28,19930628,1993,Q2,6,Jun,1993-06,26,Mon
1993-06-29,19930629,1993,Q2,6,Jun,1993-06,26,Tue
1993-06-30,19930630,1993,Q2,6,Jun,1993-06,26,Wed
1993-07-01,19930701,1993,Q3,7,Jul,1993-07,26,Thu
1993-07-02,19930702,1993,Q3,7,Jul,1993-07,26,Fri
1993-07-03,19930703,1993,Q3,7,Jul,1993-07,26,Sat
1993-07-04,19930704,1993,Q3,7,Jul,1993-07,26,Sun
1993-07-05,19930705,1993,Q3,7,Jul,1993-07,27,Mon
1993-07-06,19930706,1993,Q3,7,Jul,1993-07,27,Tue
1993-07-07,19930707,1993,Q3,7,Jul,1993-07,27,Wed
1993-07-08,19930708,1993,Q3,7,Jul,1993-07,27,Thu
1993-07-09,19930709,1993,Q3,7,Jul,1993-07,27,Fri
1993-07-10,19930710,1993,Q3,7,Jul,1993-07,27,Sat
1993-07-11,19930711,1993,Q3,7,Jul,1993-07,27,Sun
1993-07-12,19930712,1993,Q3,7,Jul,1993-07,28,Mon
1993-07-13,19930713,1993,Q3,7,Jul,1993-07,28,Tue
1993-07-14,19930714,1993,Q3,7,Jul,1993-07,28,Wed
1993-07-15,19930715,1993,Q3,7,Jul,1993-07,28,Thu
1993-07-16,19930716,1993,Q3,7,Jul,1993-07,28,Fri
1993-07-17,19930717,1993,Q3,7,Jul,1993-07,28,Sat
1993-07-18,19930718,1993,Q3,7,Jul,1993-07,28,Sun
1993-07-19,19930719,1993,Q3,7,Jul,1993-07,29,Mon
1993-07-20,19930720,1993,Q3,7,Jul,1993-07,29,Tue
1993-07-21,19930721,1993,Q3,7,Jul,1993-07,29,Wed
1993-07-22,19930722,1993,Q3,7,Jul,1993-07,29,Thu
1993-07-23,19930723,1993,Q3,7,Jul,1993-07,29,Fri
1993-07-24,19930724,1993,Q3,7,Jul,1993-07,29,Sat
1993-07-25,19930725,1993,Q3,7,Jul,1993-07,29,Sun
1993-07-26,19930726,1993,Q3,7,Jul,1993-07,30,Mon
1993-07-27,19930727,1993,Q3,7,Jul,1993-07,30,Tue
1993-07-28,19930728,1993,Q3,7,Jul,1993-07,30,Wed
1993-07-29,19930729,1993,Q3,7,Jul,1993-07,30,Thu
1993-07-30,19930730,1993,Q3,7,Jul,1993-07,30,Fri
1993-07-31,19930731,1993,Q3,7,Jul,1993-07,30,Sat
1993-08-01,19930801,1993,Q3,8,Aug,1993-08,30,Sun
1993-08-02,19930802,1993,Q3,8,Aug,1993-08,31,Mon
1993-08-03,19930803,1993,Q3,8,Aug,1993-08,31,Tue
1993-08-04,19930804,1993,Q3,8,Aug,1993-08,31,Wed
1993-08-05,19930805,1993,Q3,8,Aug,1993-08,31,Thu
1993-08-06,19930806,1993,Q3,8,Aug,1993-08,31,Fri
1993-08-07,19930807,1993,Q3,8,Aug,1993-08,31,Sat
1993-08-08,19930808,1993,Q3,8,Aug,1993-08,31,Sun
1993-08-09,19930809,1993,Q3,8,Aug,1993-08,32,Mon
1993-08-10,19930810,1993,Q3,8,Aug,1993-08,32,Tue
1993-08-11,19930811,1993,Q3,8,Aug,1993-08,32,Wed
1993-08-12,19930812,1993,Q3,8,Aug,1993-08,32,Thu
1993-08-13,19930813,1993,Q3,8,Aug,1993-08,32,Fri
1993-08-14,19930814,1993,Q3,8,Aug,1993-08,32,Sat
1993-08-15,19930815,1993,Q3,8,Aug,1993-08,32,Sun
1993-08-16,19930816,1993,Q3,8,Aug,1993-08,33,Mon
1993-08-17,19930817,1993,Q3,8,Aug,1993-08,33,Tue
1993-08-18,19930818,1993,Q3,8,Aug,1993-08,33,Wed
1993-08-19,19930819,1993,Q3,8,Aug,1993-08,33,Thu
1993-08-20,19930820,1993,Q3,8,Aug,1993-08,33,Fri
1993-08-21,19930821,1993,Q3,8,Aug,1993-08,33,Sat
1993-08-22,19930822,1993,Q3,8,Aug,1993-08,33,Sun
1993-08-23,19930823,1993,Q3,8,Aug,1993-08,34,Mon
1993-08-24,19930824,1993,Q3,8,Aug,1993-08,34,Tue
1993-08-25,19930825,1993,Q3,8,Aug,1993-08,34,Wed
1993-08-26,19930826,1993,Q3,8,Aug,1993-08,34,Thu
1993-08-27,19930827,1993,Q3,8,Aug,1993-08,34,Fri
1993-08-28,19930828,1993,Q3,8,Aug,1993-08,34,Sat
1993-08-29,19930829,1993,Q3,8,Aug,1993-08,34,Sun
1993-08-30,19930830,1993,Q3,8,Aug,1993-08,35,Mon
1993-08-31,19930831,1993,Q3,8,Aug,1993-08,35,Tue
1993-09-01,19930901,1993,Q3,9,Sep,1993-09,35,Wed
1993-09-02,19930902,1993,Q3,9,Sep,1993-09,35,Thu
1993-09-03,19930903,1993,Q3,9,Sep,1993-09,35,Fri
1993-09-04,19930904,1993,Q3,9,Sep,1993-09,35,Sat
1993-09-05,19930905,1993,Q3,9,Sep,1993-09,35,Sun
1993-09-06,19930906,1993,Q3,9,Sep,1993-09,36,Mon
1993-09-07,19930907,1993,Q3,9,Sep,1993-09,36,Tue
1993-09-08,19930908,1993,Q3,9,Sep,1993-09,36,Wed
1993-09-09,19930909,1993,Q3,9,Sep,1993-09,36,Thu
1993-09-10,19930910,1993,Q3,9,Sep,1993-09,36,Fri
1993-09-11,19930911,1993,Q3,9,Sep,1993-09,36,Sat
1993-09-12,19930912,1993,Q3,9,Sep,1993-09,36,Sun
1993-09-13,19930913,1993,Q3,9,Sep,1993-09,37,Mon
1993-09-14,19930914,1993,Q3,9,Sep,1993-09,37,Tue
1993-09-15,19930915,1993,Q3,9,Sep,1993-09,37,Wed
1993-09-16,19930916,1993,Q3,9,Sep,1993-09,37,Thu
1993-09-17,19930917,1993,Q3,9,Sep,1993-09,37,Fri
1993-09-18,19930918,1993,Q3,9,Sep,1993-09,37,Sat
1993-09-19,19930919,1993,Q3,9,Sep,1993-09,37,Sun
1993-09-20,19930920,1993,Q3,9,Sep,1993-09,38,Mon
1993-09-21,19930921,1993,Q3,9,Sep,1993-09,38,Tue
1993-09-22,19930922,1993,Q3,9,Sep,1993-09,38,Wed
1993-09-23,19930923,1993,Q3,9,Sep,1993-09,38,Thu
1993-09-24,19930924,1993,Q3,9,Sep,1993-09,38,Fri
1993-09-25,19930925,1993,Q3,9,Sep,1993-09,38,Sat
1993-09-26,19930926,1993,Q3,9,Sep,1993-09,38,Sun
1993-09-27,19930927,1993,Q3,9,Sep,1993-09,39,Mon
1993-09-28,19930928,1993,Q3,9,Sep,1993-09,39,Tue
1993-09-29,19930929,1993,Q3,9,Sep,1993-09,39,Wed
1993-09-30,19930930,1993,Q3,9,Sep,1993-09,39,Thu
1993-10-01,19931001,1993,Q4,10,Oct,1993-10,39,Fri
1993-10-02,19931002,1993,Q4,10,Oct,1993-10,39,Sat
1993-10-03,19931003,1993,Q4,10,Oct,1993-10,39,Sun
1993-10-04,19931004,1993,Q4,10,Oct,1993-10,40,Mon
1993-10-05,19931005,1993,Q4,10,Oct,1993-10,40,Tue
1993-10-06,19931006,1993,Q4,10,Oct,1993-10,40,Wed
1993-10-07,19931007,1993,Q4,10,Oct,1993-10,40,Thu
1993-10-08,19931008,1993,Q4,10,Oct,1993-10,40,Fri
1993-10-09,19931009,1993,Q4,10,Oct,1993-10,40,Sat
1993-10-10,19931010,1993,Q4,10,Oct,1993-10,40,Sun
1993-10-11,19931011,1993,Q4,10,Oct,1993-10,41,Mon
1993-10-12,19931012,1993,Q4,10,Oct,1993-10,41,Tue
1993-10-13,19931013,1993,Q4,10,Oct,1993-10,41,Wed
1993-10-14,19931014,1993,Q4,10,Oct,1993-10,41,Thu
1993-10-15,19931015,1993,Q4,10,Oct,1993-10,41,Fri
1993-10-16,19931016,1993,Q4,10,Oct,1993-10,41,Sat
1993-10-17,19931017,1993,Q4,10,Oct,1993-10,41,Sun
1993-10-18,19931018,1993,Q4,10,Oct,1993-10,42,Mon
1993-10-19,19931019,1993,Q4,10,Oct,1993-10,42,Tue
1993-10-20,19931020,1993,Q4,10,Oct,1993-10,42,Wed
1993-10-21,19931021,1993,Q4,10,Oct,1993-10,42,Thu
1993-10-22,19931022,1993,Q4,10,Oct,1993-10,42,Fri
1993-10-23,19931023,1993,Q4,10,Oct,1993-10,42,Sat
1993-10-24,19931024,1993,Q4,10,Oct,1993-10,42,Sun
1993-10-25,19931025,1993,Q4,10,Oct,1993-10,43,Mon
1993-10-26,19931026,1993,Q4,10,Oct,1993-10,43,Tue
1993-10-27,19931027,1993,Q4,10,Oct,1993-10,43,Wed
1993-10-28,19931028,1993,Q4,10,Oct,1993-10,43,Thu
1993-10-29,19931029,1993,Q4,10,Oct,1993-10,43,Fri
1993-10-30,19931030,1993,Q4,10,Oct,1993-10,43,Sat
1993-10-31,19931031,1993,Q4,10,Oct,1993-10,43,Sun
1993-11-01,19931101,1993,Q4,11,Nov,1993-11,44,Mon
1993-11-02,19931102,1993,Q4,11,Nov,1993-11,44,Tue
1993-11-03,19931103,1993,Q4,11,Nov,1993-11,44,Wed
1993-11-04,19931104,1993,Q4,11,Nov,1993-11,44,Thu
1993-11-05,19931105,1993,Q4,11,Nov,1993-11,44,Fri
1993-11-06,19931106,1993,Q4,11,Nov,1993-11,44,Sat
1993-11-07,19931107,1993,Q4,11,Nov,1993-11,44,Sun
1993-11-08,19931108,1993,Q4,11,Nov,1993-11,45,Mon
1993-11-09,19931109,1993,Q4,11,Nov,1993-11,45,Tue
1993-11-10,19931110,1993,Q4,11,Nov,1993-11,45,Wed
1993-11-11,19931111,1993,Q4,11,Nov,1993-11,45,Thu
1993-11-12,19931112,1993,Q4,11,Nov,1993-11,45,Fri
1993-11-13,19931113,1993,Q4,11,Nov,1993-11,45,Sat
1993-11-14,19931114,1993,Q4,11,Nov,1993-11,45,Sun
1993-11-15,19931115,1993,Q4,11,Nov,1993-11,46,Mon
1993-11-16,19931116,1993,Q4,11,Nov,1993-11,46,Tue
1993-11-17,19931117,1993,Q4,11,Nov,1993-11,46,Wed
1993-11-18,19931118,1993,Q4,11,Nov,1993-11,46,Thu
1993-11-19,19931119,1993,Q4,11,Nov,1993-11,46,Fri
1993-11-20,19931120,1993,Q4,11,Nov,1993-11,46,Sat
1993-11-21,19931121,1993,Q4,11,Nov,1993-11,46,Sun
1993-11-22,19931122,1993,Q4,11,Nov,1993-11,47,Mon
1993-11-23,19931123,1993,Q4,11,Nov,1993-11,47,Tue
1993-11-24,19931124,1993,Q4,11,Nov,1993-11,47,Wed
1993-11-25,19931125,1993,Q4,11,Nov,1993-11,47,Thu
1993-11-26,19931126,1993,Q4,11,Nov,1993-11,47,Fri
1993-11-27,19931127,1993,Q4,11,Nov,1993-11,47,Sat
1993-11-28,19931128,1993,Q4,11,Nov,1993-11,47,Sun
1993-11-29,19931129,1993,Q4,11,Nov,1993-11,48,Mon
1993-11-30,19931130,1993,Q4,11,Nov,1993-11,48,Tue
1993-12-01,19931201,1993,Q4,12,Dec,1993-12,48,Wed
1993-12-02,19931202,1993,Q4,12,Dec,1993-12,48,Thu
1993-12-03,19931203,1993,Q4,12,Dec,1993-12,48,Fri
1993-12-04,19931204,1993,Q4,12,Dec,1993-12,48,Sat
1993-12-05,19931205,1993,Q4,12,Dec,1993-12,48,Sun
1993-12-06,19931206,1993,Q4,12,Dec,1993-12,49,Mon
1993-12-07,19931207,1993,Q4,12,Dec,1993-12,49,Tue
1993-12-08,19931208,1993,Q4,12,Dec,1993-12,49,Wed
1993-12-09,19931209,1993,Q4,12,Dec,1993-12,49,Thu
1993-12-10,19931210,1993,Q4,12,Dec,1993-12,49,Fri
1993-12-11,19931211,1993,Q4,12,Dec,1993-12,49,Sat
1993-12-12,19931212,1993,Q4,12,Dec,1993-12,49,Sun
1993-12-13,19931213,1993,Q4,12,Dec,1993-12,50,Mon
1993-12-14,19931214,1993,Q4,12,Dec,1993-12,50,Tue
1993-12-15,19931215,1993,Q4,12,Dec,1993-12,50,Wed
1993-12-16,19931216,1993,Q4,12,Dec,1993-12,50,Thu
1993-12-17,19931217,1993,Q4,12,Dec,1993-12,50,Fri
1993-12-18,19931218,1993,Q4,12,Dec,1993-12,50,Sat
1993-12-19,19931219,1993,Q4,12,Dec,1993-12,50,Sun
1993-12-20,19931220,1993,Q4,12,Dec,1993-12,51,Mon
1993-12-21,19931221,1993,Q4,12,Dec,1993-12,51,Tue
1993-12-22,19931222,1993,Q4,12,Dec,1993-12,51,Wed
1993-12-23,19931223,1993,Q4,12,Dec,1993-12,51,Thu
1993-12-24,19931224,1993,Q4,12,Dec,1993-12,51,Fri
1993-12-25,19931225,1993,Q4,12,Dec,1993-12,51,Sat
1993-12-26,19931226,1993,Q4,12,Dec,1993-12,51,Sun
1993-12-27,19931227,1993,Q4,12,Dec,1993-12,52,Mon
1993-12-28,19931228,1993,Q4,12,Dec,1993-12,52,Tue
1993-12-29,19931229,1993,Q4,12,Dec,1993-12,52,Wed
1993-12-30,19931230,1993,Q4,12,Dec,1993-12,52,Thu
1993-12-31,19931231,1993,Q4,12,Dec,1993-12,52,Fri
1994-01-01,19940101,1994,Q1,1,Jan,1994-01,52,Sat
1994-01-02,19940102,1994,Q1,1,Jan,1994-01,52,Sun
1994-01-03,19940103,1994,Q1,1,Jan,1994-01,1,Mon
1994-01-04,19940104,1994,Q1,1,Jan,1994-01,1,Tue
1994-01-05,19940105,1994,Q1,1,Jan,1994-01,1,Wed
1994-01-06,19940106,1994,Q1,1,Jan,1994-01,1,Thu
1994-01-07,19940107,1994,Q1,1,Jan,1994-01,1,Fri
1994-01-08,19940108,1994,Q1,1,Jan,1994-01,1,Sat
1994-01-09,19940109,1994,Q1,1,Jan,1994-01,1,Sun
1994-01-10,19940110,1994,Q1,1,Jan,1994-01,2,Mon
1994-01-11,19940111,1994,Q1,1,Jan,1994-01,2,Tue
1994-01-12,19940112,1994,Q1,1,Jan,1994-01,2,Wed
1994-01-13,19940113,1994,Q1,1,Jan,1994-01,2,Thu
1994-01-14,19940114,1994,Q1,1,Jan,1994-01,2,Fri
1994-01-15,19940115,1994,Q1,1,Jan,1994-01,2,Sat
1994-01-16,19940116,1994,Q1,1,Jan,1994-01,2,Sun
1994-01-17,19940117,1994,Q1,1,Jan,1994-01,3,Mon
1994-01-18,19940118,1994,Q1,1,Jan,1994-01,3,Tue
1994-01-19,19940119,1994,Q1,1,Jan,1994-01,3,Wed
1994-01-20,19940120,1994,Q1,1,Jan,1994-01,3,Thu
1994-01-21,19940121,1994,Q1,1,Jan,1994-01,3,Fri
1994-01-22,19940122,1994,Q1,1,Jan,1994-01,3,Sat
1994-01-23,19940123,1994,Q1,1,Jan,1994-01,3,Sun
1994-01-24,19940124,1994,Q1,1,Jan,1994-01,4,Mon
1994-01-25,19940125,1994,Q1,1,Jan,1994-01,4,Tue
1994-01-26,19940126,1994,Q1,1,Jan,1994-01,4,Wed
1994-01-27,19940127,1994,Q1,1,Jan,1994-01,4,Thu
1994-01-28,19940128,1994,Q1,1,Jan,1994-01,4,Fri
1994-01-29,19940129,1994,Q1,1,Jan,1994-01,4,Sat
1994-01-30,19940130,1994,Q1,1,Jan,1994-01,4,Sun
1994-01-31,19940131,1994,Q1,1,Jan,1994-01,5,Mon
1994-02-01,19940201,1994,Q1,2,Feb,1994-02,5,Tue
1994-02-02,19940202,1994,Q1,2,Feb,1994-02,5,Wed
1994-02-03,19940203,1994,Q1,2,Feb,1994-02,5,Thu
1994-02-04,19940204,1994,Q1,2,Feb,1994-02,5,Fri
1994-02-05,19940205,1994,Q1,2,Feb,1994-02,5,Sat
1994-02-06,19940206,1994,Q1,2,Feb,1994-02,5,Sun
1994-02-07,19940207,1994,Q1,2,Feb,1994-02,6,Mon
1994-02-08,19940208,1994,Q1,2,Feb,1994-02,6,Tue
1994-02-09,19940209,1994,Q1,2,Feb,1994-02,6,Wed
1994-02-10,19940210,1994,Q1,2,Feb,1994-02,6,Thu
1994-02-11,19940211,1994,Q1,2,Feb,1994-02,6,Fri
1994-02-12,19940212,1994,Q1,2,Feb,1994-02,6,Sat
1994-02-13,19940213,1994,Q1,2,Feb,1994-02,6,Sun
1994-02-14,19940214,1994,Q1,2,Feb,1994-02,7,Mon
1994-02-15,19940215,1994,Q1,2,Feb,1994-02,7,Tue
1994-02-16,19940216,1994,Q1,2,Feb,1994-02,7,Wed
1994-02-17,19940217,1994,Q1,2,Feb,1994-02,7,Thu
1994-02-18,19940218,1994,Q1,2,Feb,1994-02,7,Fri
1994-02-19,19940219,1994,Q1,2,Feb,1994-02,7,Sat
1994-02-20,19940220,1994,Q1,2,Feb,1994-02,7,Sun
1994-02-21,19940221,1994,Q1,2,Feb,1994-02,8,Mon
1994-02-22,19940222,1994,Q1,2,Feb,1994-02,8,Tue
1994-02-23,19940223,1994,Q1,2,Feb,1994-02,8,Wed
1994-02-24,19940224,1994,Q1,2,Feb,1994-02,8,Thu
1994-02-25,19940225,1994,Q1,2,Feb,1994-02,8,Fri
1994-02-26,19940226,1994,Q1,2,Feb,1994-02,8,Sat
1994-02-27,19940227,1994,Q1,2,Feb,1994-02,8,Sun
1994-02-28,19940228,1994,Q1,2,Feb,1994-02,9,Mon
1994-03-01,19940301,1994,Q1,3,Mar,1994-03,9,Tue
1994-03-02,19940302,1994,Q1,3,Mar,1994-03,9,Wed
1994-03-03,19940303,1994,Q1,3,Mar,1994-03,9,Thu
1994-03-04,19940304,1994,Q1,3,Mar,1994-03,9,Fri
1994-03-05,19940305,1994,Q1,3,Mar,1994-03,9,Sat
1994-03-06,19940306,1994,Q1,3,Mar,1994-03,9,Sun
1994-03-07,19940307,1994,Q1,3,Mar,1994-03,10,Mon
1994-03-08,19940308,1994,Q1,3,Mar,1994-03,10,Tue
1994-03-09,19940309,1994,Q1,3,Mar,1994-03,10,Wed
1994-03-10,19940310,1994,Q1,3,Mar,1994-03,10,Thu
1994-03-11,19940311,1994,Q1,3,Mar,1994-03,10,Fri
1994-03-12,19940312,1994,Q1,3,Mar,1994-03,10,Sat
1994-03-13,19940313,1994,Q1,3,Mar,1994-03,10,Sun
1994-03-14,19940314,1994,Q1,3,Mar,1994-03,11,Mon
1994-03-15,19940315,1994,Q1,3,Mar,1994-03,11,Tue
1994-03-16,19940316,1994,Q1,3,Mar,1994-03,11,Wed
1994-03-17,19940317,1994,Q1,3,Mar,1994-03,11,Thu
1994-03-18,19940318,1994,Q1,3,Mar,1994-03,11,Fri
1994-03-19,19940319,1994,Q1,3,Mar,1994-03,11,Sat
1994-03-20,19940320,1994,Q1,3,Mar,1994-03,11,Sun
1994-03-21,19940321,1994,Q1,3,Mar,1994-03,12,Mon
1994-03-22,19940322,1994,Q1,3,Mar,1994-03,12,Tue
1994-03-23,19940323,1994,Q1,3,Mar,1994-03,12,Wed
1994-03-24,19940324,1994,Q1,3,Mar,1994-03,12,Thu
1994-03-25,19940325,1994,Q1,3,Mar,1994-03,12,Fri
1994-03-26,19940326,1994,Q1,3,Mar,1994-03,12,Sat
1994-03-27,19940327,1994,Q1,3,Mar,1994-03,12,Sun
1994-03-28,19940328,1994,Q1,3,Mar,1994-03,13,Mon
1994-03-29,19940329,1994,Q1,3,Mar,1994-03,13,Tue
1994-03-30,19940330,1994,Q1,3,Mar,1994-03,13,Wed
1994-03-31,19940331,1994,Q1,3,Mar,1994-03,13,Thu
1994-04-01,19940401,1994,Q2,4,Apr,1994-04,13,Fri
1994-04-02,19940402,1994,Q2,4,Apr,1994-04,13,Sat
1994-04-03,19940403,1994,Q2,4,Apr,1994-04,13,Sun
1994-04-04,19940404,1994,Q2,4,Apr,1994-04,14,Mon
1994-04-05,19940405,1994,Q2,4,Apr,1994-04,14,Tue
1994-04-06,19940406,1994,Q2,4,Apr,1994-04,14,Wed
1994-04-07,19940407,1994,Q2,4,Apr,1994-04,14,Thu
1994-04-08,19940408,1994,Q2,4,Apr,1994-04,14,Fri
1994-04-09,19940409,1994,Q2,4,Apr,1994-04,14,Sat
1994-04-10,19940410,1994,Q2,4,Apr,1994-04,14,Sun
1994-04-11,19940411,1994,Q2,4,Apr,1994-04,15,Mon
1994-04-12,19940412,1994,Q2,4,Apr,1994-04,15,Tue
1994-04-13,19940413,1994,Q2,4,Apr,1994-04,15,Wed
1994-04-14,19940414,1994,Q2,4,Apr,1994-04,15,Thu
1994-04-15,19940415,1994,Q2,4,Apr,1994-04,15,Fri
1994-04-16,19940416,1994,Q2,4,Apr,1994-04,15,Sat
1994-04-17,19940417,1994,Q2,4,Apr,1994-04,15,Sun
1994-04-18,19940418,1994,Q2,4,Apr,1994-04,16,Mon
1994-04-19,19940419,1994,Q2,4,Apr,1994-04,16,Tue
1994-04-20,19940420,1994,Q2,4,Apr,1994-04,16,Wed
1994-04-21,19940421,1994,Q2,4,Apr,1994-04,16,Thu
1994-04-22,19940422,1994,Q2,4,Apr,1994-04,16,Fri
1994-04-23,19940423,1994,Q2,4,Apr,1994-04,16,Sat
1994-04-24,19940424,1994,Q2,4,Apr,1994-04,16,Sun
1994-04-25,19940425,1994,Q2,4,Apr,1994-04,17,Mon
1994-04-26,19940426,1994,Q2,4,Apr,1994-04,17,Tue
1994-04-27,19940427,1994,Q2,4,Apr,1994-04,17,Wed
1994-04-28,19940428,1994,Q2,4,Apr,1994-04,17,Thu
1994-04-29,19940429,1994,Q2,4,Apr,1994-04,17,Fri
1994-04-30,19940430,1994,Q2,4,Apr,1994-04,17,Sat
1994-05-01,19940501,1994,Q2,5,May,1994-05,17,Sun
1994-05-02,19940502,1994,Q2,5,May,1994-05,18,Mon
1994-05-03,19940503,1994,Q2,5,May,1994-05,18,Tue
1994-05-04,19940504,1994,Q2,5,May,1994-05,18,Wed
1994-05-05,19940505,1994,Q2,5,May,1994-05,18,Thu
1994-05-06,19940506,1994,Q2,5,May,1994-05,18,Fri
1994-05-07,19940507,1994,Q2,5,May,1994-05,18,Sat
1994-05-08,19940508,1994,Q2,5,May,1994-05,18,Sun
1994-05-09,19940509,1994,Q2,5,May,1994-05,19,Mon
1994-05-10,19940510,1994,Q2,5,May,1994-05,19,Tue
1994-05-11,19940511,1994,Q2,5,May,1994-05,19,Wed
1994-05-12,19940512,1994,Q2,5,May,1994-05,19,Thu
1994-05-13,19940513,1994,Q2,5,May,1994-05,19,Fri
1994-05-14,19940514,1994,Q2,5,May,1994-05,19,Sat
1994-05-15,19940515,1994,Q2,5,May,1994-05,19,Sun
1994-05-16,19940516,1994,Q2,5,May,1994-05,20,Mon
1994-05-17,19940517,1994,Q2,5,May,1994-05,20,Tue
1994-05-18,19940518,1994,Q2,5,May,1994-05,20,Wed
1994-05-19,19940519,1994,Q2,5,May,1994-05,20,Thu
1994-05-20,19940520,1994,Q2,5,May,1994-05,20,Fri
1994-05-21,19940521,1994,Q2,5,May,1994-05,20,Sat
1994-05-22,19940522,1994,Q2,5,May,1994-05,20,Sun
1994-05-23,19940523,1994,Q2,5,May,1994-05,21,Mon
1994-05-24,19940524,1994,Q2,5,May,1994-05,21,Tue
1994-05-25,19940525,1994,Q2,5,May,1994-05,21,Wed
1994-05-26,19940526,1994,Q2,5,May,1994-05,21,Thu
1994-05-27,19940527,1994,Q2,5,May,1994-05,21,Fri
1994-05-28,19940528,1994,Q2,5,May,1994-05,21,Sat
1994-05-29,19940529,1994,Q2,5,May,1994-05,21,Sun
1994-05-30,19940530,1994,Q2,5,May,1994-05,22,Mon
1994-05-31,19940531,1994,Q2,5,May,1994-05,22,Tue
1994-06-01,19940601,1994,Q2,6,Jun,1994-06,22,Wed
1994-06-02,19940602,1994,Q2,6,Jun,1994-06,22,Thu
1994-06-03,19940603,1994,Q2,6,Jun,1994-06,22,Fri
1994-06-04,19940604,1994,Q2,6,Jun,1994-06,22,Sat
1994-06-05,19940605,1994,Q2,6,Jun,1994-06,22,Sun
1994-06-06,19940606,1994,Q2,6,Jun,1994-06,23,Mon
1994-06-07,19940607,1994,Q2,6,Jun,1994-06,23,Tue
1994-06-08,19940608,1994,Q2,6,Jun,1994-06,23,Wed
1994-06-09,19940609,1994,Q2,6,Jun,1994-06,23,Thu
1994-06-10,19940610,1994,Q2,6,Jun,1994-06,23,Fri
1994-06-11,19940611,1994,Q2,6,Jun,1994-06,23,Sat
1994-06-12,19940612,1994,Q2,6,Jun,1994-06,23,Sun
1994-06-13,19940613,1994,Q2,6,Jun,1994-06,24,Mon
1994-06-14,19940614,1994,Q2,6,Jun,1994-06,24,Tue
1994-06-15,19940615,1994,Q2,6,Jun,1994-06,24,Wed
1994-06-16,19940616,1994,Q2,6,Jun,1994-06,24,Thu
1994-06-17,19940617,1994,Q2,6,Jun,1994-06,24,Fri
1994-06-18,19940618,1994,Q2,6,Jun,1994-06,24,Sat
1994-06-19,19940619,1994,Q2,6,Jun,1994-06,24,Sun
1994-06-20,19940620,1994,Q2,6,Jun,1994-06,25,Mon
1994-06-21,19940621,1994,Q2,6,Jun,1994-06,25,Tue
1994-06-22,19940622,1994,Q2,6,Jun,1994-06,25,Wed
1994-06-23,19940623,1994,Q2,6,Jun,1994-06,25,Thu
1994-06-24,19940624,1994,Q2,6,Jun,1994-06,25,Fri
1994-06-25,19940625,1994,Q2,6,Jun,1994-06,25,Sat
1994-06-26,19940626,1994,Q2,6,Jun,1994-06,25,Sun
1994-06-27,19940627,1994,Q2,6,Jun,1994-06,26,Mon
1994-06-28,19940628,1994,Q2,6,Jun,1994-06,26,Tue
1994-06-29,19940629,1994,Q2,6,Jun,1994-06,26,Wed
1994-06-30,19940630,1994,Q2,6,Jun,1994-06,26,Thu
1994-07-01,19940701,1994,Q3,7,Jul,1994-07,26,Fri
1994-07-02,19940702,1994,Q3,7,Jul,1994-07,26,Sat
1994-07-03,19940703,1994,Q3,7,Jul,1994-07,26,Sun
1994-07-04,19940704,1994,Q3,7,Jul,1994-07,27,Mon
1994-07-05,19940705,1994,Q3,7,Jul,1994-07,27,Tue
1994-07-06,19940706,1994,Q3,7,Jul,1994-07,27,Wed
1994-07-07,19940707,1994,Q3,7,Jul,1994-07,27,Thu
1994-07-08,19940708,1994,Q3,7,Jul,1994-07,27,Fri
1994-07-09,19940709,1994,Q3,7,Jul,1994-07,27,Sat
1994-07-10,19940710,1994,Q3,7,Jul,1994-07,27,Sun
1994-07-11,19940711,1994,Q3,7,Jul,1994-07,28,Mon
1994-07-12,19940712,1994,Q3,7,Jul,1994-07,28,Tue
1994-07-13,19940713,1994,Q3,7,Jul,1994-07,28,Wed
1994-07-14,19940714,1994,Q3,7,Jul,1994-07,28,Thu
1994-07-15,19940715,1994,Q3,7,Jul,1994-07,28,Fri
1994-07-16,19940716,1994,Q3,7,Jul,1994-07,28,Sat
1994-07-17,19940717,1994,Q3,7,Jul,1994-07,28,Sun
1994-07-18,19940718,1994,Q3,7,Jul,1994-07,29,Mon
1994-07-19,19940719,1994,Q3,7,Jul,1994-07,29,Tue
1994-07-20,19940720,1994,Q3,7,Jul,1994-07,29,Wed
1994-07-21,19940721,1994,Q3,7,Jul,1994-07,29,Thu
1994-07-22,19940722,1994,Q3,7,Jul,1994-07,29,Fri
1994-07-23,19940723,1994,Q3,7,Jul,1994-07,29,Sat
1994-07-24,19940724,1994,Q3,7,Jul,1994-07,29,Sun
1994-07-25,19940725,1994,Q3,7,Jul,1994-07,30,Mon
1994-07-26,19940726,1994,Q3,7,Jul,1994-07,30,Tue
1994-07-27,19940727,1994,Q3,7,Jul,1994-07,30,Wed
1994-07-28,19940728,1994,Q3,7,Jul,1994-07,30,Thu
1994-07-29,19940729,1994,Q3,7,Jul,1994-07,30,Fri
1994-07-30,19940730,1994,Q3,7,Jul,1994-07,30,Sat
1994-07-31,19940731,1994,Q3,7,Jul,1994-07,30,Sun
1994-08-01,19940801,1994,Q3,8,Aug,1994-08,31,Mon
1994-08-02,19940802,1994,Q3,8,Aug,1994-08,31,Tue
1994-08-03,19940803,1994,Q3,8,Aug,1994-08,31,Wed
1994-08-04,19940804,1994,Q3,8,Aug,1994-08,31,Thu
1994-08-05,19940805,1994,Q3,8,Aug,1994-08,31,Fri
1994-08-06,19940806,1994,Q3,8,Aug,1994-08,31,Sat
1994-08-07,19940807,1994,Q3,8,Aug,1994-08,31,Sun
1994-08-08,19940808,1994,Q3,8,Aug,1994-08,32,Mon
1994-08-09,19940809,1994,Q3,8,Aug,1994-08,32,Tue
1994-08-10,19940810,1994,Q3,8,Aug,1994-08,32,Wed
1994-08-11,19940811,1994,Q3,8,Aug,1994-08,32,Thu
1994-08-12,19940812,1994,Q3,8,Aug,1994-08,32,Fri
1994-08-13,19940813,1994,Q3,8,Aug,1994-08,32,Sat
1994-08-14,19940814,1994,Q3,8,Aug,1994-08,32,Sun
1994-08-15,19940815,1994,Q3,8,Aug,1994-08,33,Mon
1994-08-16,19940816,1994,Q3,8,Aug,1994-08,33,Tue
1994-08-17,19940817,1994,Q3,8,Aug,1994-08,33,Wed
1994-08-18,19940818,1994,Q3,8,Aug,1994-08,33,Thu
1994-08-19,19940819,1994,Q3,8,Aug,1994-08,33,Fri
1994-08-20,19940820,1994,Q3,8,Aug,1994-08,33,Sat
1994-08-21,19940821,1994,Q3,8,Aug,1994-08,33,Sun
1994-08-22,19940822,1994,Q3,8,Aug,1994-08,34,Mon
1994-08-23,19940823,1994,Q3,8,Aug,1994-08,34,Tue
1994-08-24,19940824,1994,Q3,8,Aug,1994-08,34,Wed
1994-08-25,19940825,1994,Q3,8,Aug,1994-08,34,Thu
1994-08-26,19940826,1994,Q3,8,Aug,1994-08,34,Fri
1994-08-27,19940827,1994,Q3,8,Aug,1994-08,34,Sat
1994-08-28,19940828,1994,Q3,8,Aug,1994-08,34,Sun
1994-08-29,19940829,1994,Q3,8,Aug,1994-08,35,Mon
1994-08-30,19940830,1994,Q3,8,Aug,1994-08,35,Tue
1994-08-31,19940831,1994,Q3,8,Aug,1994-08,35,Wed
1994-09-01,19940901,1994,Q3,9,Sep,1994-09,35,Thu
1994-09-02,19940902,1994,Q3,9,Sep,1994-09,35,Fri
1994-09-03,19940903,1994,Q3,9,Sep,1994-09,35,Sat
1994-09-04,19940904,1994,Q3,9,Sep,1994-09,35,Sun
1994-09-05,19940905,1994,Q3,9,Sep,1994-09,36,Mon
1994-09-06,19940906,1994,Q3,9,Sep,1994-09,36,Tue
1994-09-07,19940907,1994,Q3,9,Sep,1994-09,36,Wed
1994-09-08,19940908,1994,Q3,9,Sep,1994-09,36,Thu
1994-09-09,19940909,1994,Q3,9,Sep,1994-09,36,Fri
1994-09-10,19940910,1994,Q3,9,Sep,1994-09,36,Sat
1994-09-11,19940911,1994,Q3,9,Sep,1994-09,36,Sun
1994-09-12,19940912,1994,Q3,9,Sep,1994-09,37,Mon
1994-09-13,19940913,1994,Q3,9,Sep,1994-09,37,Tue
1994-09-14,19940914,1994,Q3,9,Sep,1994-09,37,Wed
1994-09-15,19940915,1994,Q3,9,Sep,1994-09,37,Thu
1994-09-16,19940916,1994,Q3,9,Sep,1994-09,37,Fri
1994-09-17,19940917,1994,Q3,9,Sep,1994-09,37,Sat
1994-09-18,19940918,1994,Q3,9,Sep,1994-09,37,Sun
1994-09-19,19940919,1994,Q3,9,Sep,1994-09,38,Mon
1994-09-20,19940920,1994,Q3,9,Sep,1994-09,38,Tue
1994-09-21,19940921,1994,Q3,9,Sep,1994-09,38,Wed
1994-09-22,19940922,1994,Q3,9,Sep,1994-09,38,Thu
1994-09-23,19940923,1994,Q3,9,Sep,1994-09,38,Fri
1994-09-24,19940924,1994,Q3,9,Sep,1994-09,38,Sat
1994-09-25,19940925,1994,Q3,9,Sep,1994-09,38,Sun
1994-09-26,19940926,1994,Q3,9,Sep,1994-09,39,Mon
1994-09-27,19940927,1994,Q3,9,Sep,1994-09,39,Tue
1994-09-28,19940928,1994,Q3,9,Sep,1994-09,39,Wed
1994-09-29,19940929,1994,Q3,9,Sep,1994-09,39,Thu
1994-09-30,19940930,1994,Q3,9,Sep,1994-09,39,Fri
1994-10-01,19941001,1994,Q4,10,Oct,1994-10,39,Sat
1994-10-02,19941002,1994,Q4,10,Oct,1994-10,39,Sun
1994-10-03,19941003,1994,Q4,10,Oct,1994-10,40,Mon
1994-10-04,19941004,1994,Q4,10,Oct,1994-10,40,Tue
1994-10-05,19941005,1994,Q4,10,Oct,1994-10,40,Wed
1994-10-06,19941006,1994,Q4,10,Oct,1994-10,40,Thu
1994-10-07,19941007,1994,Q4,10,Oct,1994-10,40,Fri
1994-10-08,19941008,1994,Q4,10,Oct,1994-10,40,Sat
1994-10-09,19941009,1994,Q4,10,Oct,1994-10,40,Sun
1994-10-10,19941010,1994,Q4,10,Oct,1994-10,41,Mon
1994-10-11,19941011,1994,Q4,10,Oct,1994-10,41,Tue
1994-10-12,19941012,1994,Q4,10,Oct,1994-10,41,Wed
1994-10-13,19941013,1994,Q4,10,Oct,1994-10,41,Thu
1994-10-14,19941014,1994,Q4,10,Oct,1994-10,41,Fri
1994-10-15,19941015,1994,Q4,10,Oct,1994-10,41,Sat
1994-10-16,19941016,1994,Q4,10,Oct,1994-10,41,Sun
1994-10-17,19941017,1994,Q4,10,Oct,1994-10,42,Mon
1994-10-18,19941018,1994,Q4,10,Oct,1994-10,42,Tue
1994-10-19,19941019,1994,Q4,10,Oct,1994-10,42,Wed
1994-10-20,19941020,1994,Q4,10,Oct,1994-10,42,Thu
1994-10-21,19941021,1994,Q4,10,Oct,1994-10,42,Fri
1994-10-22,19941022,1994,Q4,10,Oct,1994-10,42,Sat
1994-10-23,19941023,1994,Q4,10,Oct,1994-10,42,Sun
1994-10-24,19941024,1994,Q4,10,Oct,1994-10,43,Mon
1994-10-25,19941025,1994,Q4,10,Oct,1994-10,43,Tue
1994-10-26,19941026,1994,Q4,10,Oct,1994-10,43,Wed
1994-10-27,19941027,1994,Q4,10,Oct,1994-10,43,Thu
1994-10-28,19941028,1994,Q4,10,Oct,1994-10,43,Fri
1994-10-29,19941029,1994,Q4,10,Oct,1994-10,43,Sat
1994-10-30,19941030,1994,Q4,10,Oct,1994-10,43,Sun
1994-10-31,19941031,1994,Q4,10,Oct,1994-10,44,Mon
1994-11-01,19941101,1994,Q4,11,Nov,1994-11,44,Tue
1994-11-02,19941102,1994,Q4,11,Nov,1994-11,44,Wed
1994-11-03,19941103,1994,Q4,11,Nov,1994-11,44,Thu
1994-11-04,19941104,1994,Q4,11,Nov,1994-11,44,Fri
1994-11-05,19941105,1994,Q4,11,Nov,1994-11,44,Sat
1994-11-06,19941106,1994,Q4,11,Nov,1994-11,44,Sun
1994-11-07,19941107,1994,Q4,11,Nov,1994-11,45,Mon
1994-11-08,19941108,1994,Q4,11,Nov,1994-11,45,Tue
1994-11-09,19941109,1994,Q4,11,Nov,1994-11,45,Wed
1994-11-10,19941110,1994,Q4,11,Nov,1994-11,45,Thu
1994-11-11,19941111,1994,Q4,11,Nov,1994-11,45,Fri
1994-11-12,19941112,1994,Q4,11,Nov,1994-11,45,Sat
1994-11-13,19941113,1994,Q4,11,Nov,1994-11,45,Sun
1994-11-14,19941114,1994,Q4,11,Nov,1994-11,46,Mon
1994-11-15,19941115,1994,Q4,11,Nov,1994-11,46,Tue
1994-11-16,19941116,1994,Q4,11,Nov,1994-11,46,Wed
1994-11-17,19941117,1994,Q4,11,Nov,1994-11,46,Thu
1994-11-18,19941118,1994,Q4,11,Nov,1994-11,46,Fri
1994-11-19,19941119,1994,Q4,11,Nov,1994-11,46,Sat
1994-11-20,19941120,1994,Q4,11,Nov,1994-11,46,Sun
1994-11-21,19941121,1994,Q4,11,Nov,1994-11,47,Mon
1994-11-22,19941122,1994,Q4,11,Nov,1994-11,47,Tue
1994-11-23,19941123,1994,Q4,11,Nov,1994-11,47,Wed
1994-11-24,19941124,1994,Q4,11,Nov,1994-11,47,Thu
1994-11-25,19941125,1994,Q4,11,Nov,1994-11,47,Fri
1994-11-26,19941126,1994,Q4,11,Nov,1994-11,47,Sat
1994-11-27,19941127,1994,Q4,11,Nov,1994-11,47,Sun
1994-11-28,19941128,1994,Q4,11,Nov,1994-11,48,Mon
1994-11-29,19941129,1994,Q4,11,Nov,1994-11,48,Tue
1994-11-30,19941130,1994,Q4,11,Nov,1994-11,48,Wed
1994-12-01,19941201,1994,Q4,12,Dec,1994-12,48,Thu
1994-12-02,19941202,1994,Q4,12,Dec,1994-12,48,Fri
1994-12-03,19941203,1994,Q4,12,Dec,1994-12,48,Sat
1994-12-04,19941204,1994,Q4,12,Dec,1994-12,48,Sun
1994-12-05,19941205,1994,Q4,12,Dec,1994-12,49,Mon
1994-12-06,19941206,1994,Q4,12,Dec,1994-12,49,Tue
1994-12-07,19941207,1994,Q4,12,Dec,1994-12,49,Wed
1994-12-08,19941208,1994,Q4,12,Dec,1994-12,49,Thu
1994-12-09,19941209,1994,Q4,12,Dec,1994-12,49,Fri
1994-12-10,19941210,1994,Q4,12,Dec,1994-12,49,Sat
1994-12-11,19941211,1994,Q4,12,Dec,1994-12,49,Sun
1994-12-12,19941212,1994,Q4,12,Dec,1994-12,50,Mon
1994-12-13,19941213,1994,Q4,12,Dec,1994-12,50,Tue
1994-12-14,19941214,1994,Q4,12,Dec,1994-12,50,Wed
1994-12-15,19941215,1994,Q4,12,Dec,1994-12,50,Thu
1994-12-16,19941216,1994,Q4,12,Dec,1994-12,50,Fri
1994-12-17,19941217,1994,Q4,12,Dec,1994-12,50,Sat
1994-12-18,19941218,1994,Q4,12,Dec,1994-12,50,Sun
1994-12-19,19941219,1994,Q4,12,Dec,1994-12,51,Mon
1994-12-20,19941220,1994,Q4,12,Dec,1994-12,51,Tue
1994-12-21,19941221,1994,Q4,12,Dec,1994-12,51,Wed
1994-12-22,19941222,1994,Q4,12,Dec,1994-12,51,Thu
1994-12-23,19941223,1994,Q4,12,Dec,1994-12,51,Fri
1994-12-24,19941224,1994,Q4,12,Dec,1994-12,51,Sat
1994-12-25,19941225,1994,Q4,12,Dec,1994-12,51,Sun
1994-12-26,19941226,1994,Q4,12,Dec,1994-12,52,Mon
1994-12-27,19941227,1994,Q4,12,Dec,1994-12,52,Tue
1994-12-28,19941228,1994,Q4,12,Dec,1994-12,52,Wed
1994-12-29,19941229,1994,Q4,12,Dec,1994-12,52,Thu
1994-12-30,19941230,1994,Q4,12,Dec,1994-12,52,Fri
1994-12-31,19941231,1994,Q4,12,Dec,1994-12,52,Sat
1995-01-01,19950101,1995,Q1,1,Jan,1995-01,52,Sun
1995-01-02,19950102,1995,Q1,1,Jan,1995-01,1,Mon
1995-01-03,19950103,1995,Q1,1,Jan,1995-01,1,Tue
1995-01-04,19950104,1995,Q1,1,Jan,1995-01,1,Wed
1995-01-05,19950105,1995,Q1,1,Jan,1995-01,1,Thu
1995-01-06,19950106,1995,Q1,1,Jan,1995-01,1,Fri
1995-01-07,19950107,1995,Q1,1,Jan,1995-01,1,Sat
1995-01-08,19950108,1995,Q1,1,Jan,1995-01,1,Sun
1995-01-09,19950109,1995,Q1,1,Jan,1995-01,2,Mon
1995-01-10,19950110,1995,Q1,1,Jan,1995-01,2,Tue
1995-01-11,19950111,1995,Q1,1,Jan,1995-01,2,Wed
1995-01-12,19950112,1995,Q1,1,Jan,1995-01,2,Thu
1995-01-13,19950113,1995,Q1,1,Jan,1995-01,2,Fri
1995-01-14,19950114,1995,Q1,1,Jan,1995-01,2,Sat
1995-01-15,19950115,1995,Q1,1,Jan,1995-01,2,Sun
1995-01-16,19950116,1995,Q1,1,Jan,1995-01,3,Mon
1995-01-17,19950117,1995,Q1,1,Jan,1995-01,3,Tue
1995-01-18,19950118,1995,Q1,1,Jan,1995-01,3,Wed
1995-01-19,19950119,1995,Q1,1,Jan,1995-01,3,Thu
1995-01-20,19950120,1995,Q1,1,Jan,1995-01,3,Fri
1995-01-21,19950121,1995,Q1,1,Jan,1995-01,3,Sat
1995-01-22,19950122,1995,Q1,1,Jan,1995-01,3,Sun
1995-01-23,19950123,1995,Q1,1,Jan,1995-01,4,Mon
1995-01-24,19950124,1995,Q1,1,Jan,1995-01,4,Tue
1995-01-25,19950125,1995,Q1,1,Jan,1995-01,4,Wed
1995-01-26,19950126,1995,Q1,1,Jan,1995-01,4,Thu
1995-01-27,19950127,1995,Q1,1,Jan,1995-01,4,Fri
1995-01-28,19950128,1995,Q1,1,Jan,1995-01,4,Sat
1995-01-29,19950129,1995,Q1,1,Jan,1995-01,4,Sun
1995-01-30,19950130,1995,Q1,1,Jan,1995-01,5,Mon
1995-01-31,19950131,1995,Q1,1,Jan,1995-01,5,Tue
1995-02-01,19950201,1995,Q1,2,Feb,1995-02,5,Wed
1995-02-02,19950202,1995,Q1,2,Feb,1995-02,5,Thu
1995-02-03,19950203,1995,Q1,2,Feb,1995-02,5,Fri
1995-02-04,19950204,1995,Q1,2,Feb,1995-02,5,Sat
1995-02-05,19950205,1995,Q1,2,Feb,1995-02,5,Sun
1995-02-06,19950206,1995,Q1,2,Feb,1995-02,6,Mon
1995-02-07,19950207,1995,Q1,2,Feb,1995-02,6,Tue
1995-02-08,19950208,1995,Q1,2,Feb,1995-02,6,Wed
1995-02-09,19950209,1995,Q1,2,Feb,1995-02,6,Thu
1995-02-10,19950210,1995,Q1,2,Feb,1995-02,6,Fri
1995-02-11,19950211,1995,Q1,2,Feb,1995-02,6,Sat
1995-02-12,19950212,1995,Q1,2,Feb,1995-02,6,Sun
1995-02-13,19950213,1995,Q1,2,Feb,1995-02,7,Mon
1995-02-14,19950214,1995,Q1,2,Feb,1995-02,7,Tue
1995-02-15,19950215,1995,Q1,2,Feb,1995-02,7,Wed
1995-02-16,19950216,1995,Q1,2,Feb,1995-02,7,Thu
1995-02-17,19950217,1995,Q1,2,Feb,1995-02,7,Fri
1995-02-18,19950218,1995,Q1,2,Feb,1995-02,7,Sat
1995-02-19,19950219,1995,Q1,2,Feb,1995-02,7,Sun
1995-02-20,19950220,1995,Q1,2,Feb,1995-02,8,Mon
1995-02-21,19950221,1995,Q1,2,Feb,1995-02,8,Tue
1995-02-22,19950222,1995,Q1,2,Feb,1995-02,8,Wed
1995-02-23,19950223,1995,Q1,2,Feb,1995-02,8,Thu
1995-02-24,19950224,1995,Q1,2,Feb,1995-02,8,Fri
1995-02-25,19950225,1995,Q1,2,Feb,1995-02,8,Sat
1995-02-26,19950226,1995,Q1,2,Feb,1995-02,8,Sun
1995-02-27,19950227,1995,Q1,2,Feb,1995-02,9,Mon
1995-02-28,19950228,1995,Q1,2,Feb,1995-02,9,Tue
1995-03-01,19950301,1995,Q1,3,Mar,1995-03,9,Wed
1995-03-02,19950302,1995,Q1,3,Mar,1995-03,9,Thu
1995-03-03,19950303,1995,Q1,3,Mar,1995-03,9,Fri
1995-03-04,19950304,1995,Q1,3,Mar,1995-03,9,Sat
1995-03-05,19950305,1995,Q1,3,Mar,1995-03,9,Sun
1995-03-06,19950306,1995,Q1,3,Mar,1995-03,10,Mon
1995-03-07,19950307,1995,Q1,3,Mar,1995-03,10,Tue
1995-03-08,19950308,1995,Q1,3,Mar,1995-03,10,Wed
1995-03-09,19950309,1995,Q1,3,Mar,1995-03,10,Thu
1995-03-10,19950310,1995,Q1,3,Mar,1995-03,10,Fri
1995-03-11,19950311,1995,Q1,3,Mar,1995-03,10,Sat
1995-03-12,19950312,1995,Q1,3,Mar,1995-03,10,Sun
1995-03-13,19950313,1995,Q1,3,Mar,1995-03,11,Mon
1995-03-14,19950314,1995,Q1,3,Mar,1995-03,11,Tue
1995-03-15,19950315,1995,Q1,3,Mar,1995-03,11,Wed
1995-03-16,19950316,1995,Q1,3,Mar,1995-03,11,Thu
1995-03-17,19950317,1995,Q1,3,Mar,1995-03,11,Fri
1995-03-18,19950318,1995,Q1,3,Mar,1995-03,11,Sat
1995-03-19,19950319,1995,Q1,3,Mar,1995-03,11,Sun
1995-03-20,19950320,1995,Q1,3,Mar,1995-03,12,Mon
1995-03-21,19950321,1995,Q1,3,Mar,1995-03,12,Tue
1995-03-22,19950322,1995,Q1,3,Mar,1995-03,12,Wed
1995-03-23,19950323,1995,Q1,3,Mar,1995-03,12,Thu
1995-03-24,19950324,1995,Q1,3,Mar,1995-03,12,Fri
1995-03-25,19950325,1995,Q1,3,Mar,1995-03,12,Sat
1995-03-26,19950326,1995,Q1,3,Mar,1995-03,12,Sun
1995-03-27,19950327,1995,Q1,3,Mar,1995-03,13,Mon
1995-03-28,19950328,1995,Q1,3,Mar,1995-03,13,Tue
1995-03-29,19950329,1995,Q1,3,Mar,1995-03,13,Wed
1995-03-30,19950330,1995,Q1,3,Mar,1995-03,13,Thu
1995-03-31,19950331,1995,Q1,3,Mar,1995-03,13,Fri
1995-04-01,19950401,1995,Q2,4,Apr,1995-04,13,Sat
1995-04-02,19950402,1995,Q2,4,Apr,1995-04,13,Sun
1995-04-03,19950403,1995,Q2,4,Apr,1995-04,14,Mon
1995-04-04,19950404,1995,Q2,4,Apr,1995-04,14,Tue
1995-04-05,19950405,1995,Q2,4,Apr,1995-04,14,Wed
1995-04-06,19950406,1995,Q2,4,Apr,1995-04,14,Thu
1995-04-07,19950407,1995,Q2,4,Apr,1995-04,14,Fri
1995-04-08,19950408,1995,Q2,4,Apr,1995-04,14,Sat
1995-04-09,19950409,1995,Q2,4,Apr,1995-04,14,Sun
1995-04-10,19950410,1995,Q2,4,Apr,1995-04,15,Mon
1995-04-11,19950411,1995,Q2,4,Apr,1995-04,15,Tue
1995-04-12,19950412,1995,Q2,4,Apr,1995-04,15,Wed
1995-04-13,19950413,1995,Q2,4,Apr,1995-04,15,Thu
1995-04-14,19950414,1995,Q2,4,Apr,1995-04,15,Fri
1995-04-15,19950415,1995,Q2,4,Apr,1995-04,15,Sat
1995-04-16,19950416,1995,Q2,4,Apr,1995-04,15,Sun
1995-04-17,19950417,1995,Q2,4,Apr,1995-04,16,Mon
1995-04-18,19950418,1995,Q2,4,Apr,1995-04,16,Tue
1995-04-19,19950419,1995,Q2,4,Apr,1995-04,16,Wed
1995-04-20,19950420,1995,Q2,4,Apr,1995-04,16,Thu
1995-04-21,19950421,1995,Q2,4,Apr,1995-04,16,Fri
1995-04-22,19950422,1995,Q2,4,Apr,1995-04,16,Sat
1995-04-23,19950423,1995,Q2,4,Apr,1995-04,16,Sun
1995-04-24,19950424,1995,Q2,4,Apr,1995-04,17,Mon
1995-04-25,19950425,1995,Q2,4,Apr,1995-04,17,Tue
1995-04-26,19950426,1995,Q2,4,Apr,1995-04,17,Wed
1995-04-27,19950427,1995,Q2,4,Apr,1995-04,17,Thu
1995-04-28,19950428,1995,Q2,4,Apr,1995-04,17,Fri
1995-04-29,19950429,1995,Q2,4,Apr,1995-04,17,Sat
1995-04-30,19950430,1995,Q2,4,Apr,1995-04,17,Sun
1995-05-01,19950501,1995,Q2,5,May,1995-05,18,Mon
1995-05-02,19950502,1995,Q2,5,May,1995-05,18,Tue
1995-05-03,19950503,1995,Q2,5,May,1995-05,18,Wed
1995-05-04,19950504,1995,Q2,5,May,1995-05,18,Thu
1995-05-05,19950505,1995,Q2,5,May,1995-05,18,Fri
1995-05-06,19950506,1995,Q2,5,May,1995-05,18,Sat
1995-05-07,19950507,1995,Q2,5,May,1995-05,18,Sun
1995-05-08,19950508,1995,Q2,5,May,1995-05,19,Mon
1995-05-09,19950509,1995,Q2,5,May,1995-05,19,Tue
1995-05-10,19950510,1995,Q2,5,May,1995-05,19,Wed
1995-05-11,19950511,1995,Q2,5,May,1995-05,19,Thu
1995-05-12,19950512,1995,Q2,5,May,1995-05,19,Fri
1995-05-13,19950513,1995,Q2,5,May,1995-05,19,Sat
1995-05-14,19950514,1995,Q2,5,May,1995-05,19,Sun
1995-05-15,19950515,1995,Q2,5,May,1995-05,20,Mon
1995-05-16,19950516,1995,Q2,5,May,1995-05,20,Tue
1995-05-17,19950517,1995,Q2,5,May,1995-05,20,Wed
1995-05-18,19950518,1995,Q2,5,May,1995-05,20,Thu
1995-05-19,19950519,1995,Q2,5,May,1995-05,20,Fri
1995-05-20,19950520,1995,Q2,5,May,1995-05,20,Sat
1995-05-21,19950521,1995,Q2,5,May,1995-05,20,Sun
1995-05-22,19950522,1995,Q2,5,May,1995-05,21,Mon
1995-05-23,19950523,1995,Q2,5,May,1995-05,21,Tue
1995-05-24,19950524,1995,Q2,5,May,1995-05,21,Wed
1995-05-25,19950525,1995,Q2,5,May,1995-05,21,Thu
1995-05-26,19950526,1995,Q2,5,May,1995-05,21,Fri
1995-05-27,19950527,1995,Q2,5,May,1995-05,21,Sat
1995-05-28,19950528,1995,Q2,5,May,1995-05,21,Sun
1995-05-29,19950529,1995,Q2,5,May,1995-05,22,Mon
1995-05-30,19950530,1995,Q2,5,May,1995-05,22,Tue
1995-05-31,19950531,1995,Q2,5,May,1995-05,22,Wed
1995-06-01,19950601,1995,Q2,6,Jun,1995-06,22,Thu
1995-06-02,19950602,1995,Q2,6,Jun,1995-06,22,Fri
1995-06-03,19950603,1995,Q2,6,Jun,1995-06,22,Sat
1995-06-04,19950604,1995,Q2,6,Jun,1995-06,22,Sun
1995-06-05,19950605,1995,Q2,6,Jun,1995-06,23,Mon
1995-06-06,19950606,1995,Q2,6,Jun,1995-06,23,Tue
1995-06-07,19950607,1995,Q2,6,Jun,1995-06,23,Wed
1995-06-08,19950608,1995,Q2,6,Jun,1995-06,23,Thu
1995-06-09,19950609,1995,Q2,6,Jun,1995-06,23,Fri
1995-06-10,19950610,1995,Q2,6,Jun,1995-06,23,Sat
1995-06-11,19950611,1995,Q2,6,Jun,1995-06,23,Sun
1995-06-12,19950612,1995,Q2,6,Jun,1995-06,24,Mon
1995-06-13,19950613,1995,Q2,6,Jun,1995-06,24,Tue
1995-06-14,19950614,1995,Q2,6,Jun,1995-06,24,Wed
1995-06-15,19950615,1995,Q2,6,Jun,1995-06,24,Thu
1995-06-16,19950616,1995,Q2,6,Jun,1995-06,24,Fri
1995-06-17,19950617,1995,Q2,6,Jun,1995-06,24,Sat
1995-06-18,19950618,1995,Q2,6,Jun,1995-06,24,Sun
1995-06-19,19950619,1995,Q2,6,Jun,1995-06,25,Mon
1995-06-20,19950620,1995,Q2,6,Jun,1995-06,25,Tue
1995-06-21,19950621,1995,Q2,6,Jun,1995-06,25,Wed
1995-06-22,19950622,1995,Q2,6,Jun,1995-06,25,Thu
1995-06-23,19950623,1995,Q2,6,Jun,1995-06,25,Fri
1995-06-24,19950624,1995,Q2,6,Jun,1995-06,25,Sat
1995-06-25,19950625,1995,Q2,6,Jun,1995-06,25,Sun
1995-06-26,19950626,1995,Q2,6,Jun,1995-06,26,Mon
1995-06-27,19950627,1995,Q2,6,Jun,1995-06,26,Tue
1995-06-28,19950628,1995,Q2,6,Jun,1995-06,26,Wed
1995-06-29,19950629,1995,Q2,6,Jun,1995-06,26,Thu
1995-06-30,19950630,1995,Q2,6,Jun,1995-06,26,Fri
1995-07-01,19950701,1995,Q3,7,Jul,1995-07,26,Sat
1995-07-02,19950702,1995,Q3,7,Jul,1995-07,26,Sun
1995-07-03,19950703,1995,Q3,7,Jul,1995-07,27,Mon
1995-07-04,19950704,1995,Q3,7,Jul,1995-07,27,Tue
1995-07-05,19950705,1995,Q3,7,Jul,1995-07,27,Wed
1995-07-06,19950706,1995,Q3,7,Jul,1995-07,27,Thu
1995-07-07,19950707,1995,Q3,7,Jul,1995-07,27,Fri
1995-07-08,19950708,1995,Q3,7,Jul,1995-07,27,Sat
1995-07-09,19950709,1995,Q3,7,Jul,1995-07,27,Sun
1995-07-10,19950710,1995,Q3,7,Jul,1995-07,28,Mon
1995-07-11,19950711,1995,Q3,7,Jul,1995-07,28,Tue
1995-07-12,19950712,1995,Q3,7,Jul,1995-07,28,Wed
1995-07-13,19950713,1995,Q3,7,Jul,1995-07,28,Thu
1995-07-14,19950714,1995,Q3,7,Jul,1995-07,28,Fri
1995-07-15,19950715,1995,Q3,7,Jul,1995-07,28,Sat
1995-07-16,19950716,1995,Q3,7,Jul,1995-07,28,Sun
1995-07-17,19950717,1995,Q3,7,Jul,1995-07,29,Mon
1995-07-18,19950718,1995,Q3,7,Jul,1995-07,29,Tue
1995-07-19,19950719,1995,Q3,7,Jul,1995-07,29,Wed
1995-07-20,19950720,1995,Q3,7,Jul,1995-07,29,Thu
1995-07-21,19950721,1995,Q3,7,Jul,1995-07,29,Fri
1995-07-22,19950722,1995,Q3,7,Jul,1995-07,29,Sat
1995-07-23,19950723,1995,Q3,7,Jul,1995-07,29,Sun
1995-07-24,19950724,1995,Q3,7,Jul,1995-07,30,Mon
1995-07-25,19950725,1995,Q3,7,Jul,1995-07,30,Tue
1995-07-26,19950726,1995,Q3,7,Jul,1995-07,30,Wed
1995-07-27,19950727,1995,Q3,7,Jul,1995-07,30,Thu
1995-07-28,19950728,1995,Q3,7,Jul,1995-07,30,Fri
1995-07-29,19950729,1995,Q3,7,Jul,1995-07,30,Sat
1995-07-30,19950730,1995,Q3,7,Jul,1995-07,30,Sun
1995-07-31,19950731,1995,Q3,7,Jul,1995-07,31,Mon
1995-08-01,19950801,1995,Q3,8,Aug,1995-08,31,Tue
1995-08-02,19950802,1995,Q3,8,Aug,1995-08,31,Wed
1995-08-03,19950803,1995,Q3,8,Aug,1995-08,31,Thu
1995-08-04,19950804,1995,Q3,8,Aug,1995-08,31,Fri
1995-08-05,19950805,1995,Q3,8,Aug,1995-08,31,Sat
1995-08-06,19950806,1995,Q3,8,Aug,1995-08,31,Sun
1995-08-07,19950807,1995,Q3,8,Aug,1995-08,32,Mon
1995-08-08,19950808,1995,Q3,8,Aug,1995-08,32,Tue
1995-08-09,19950809,1995,Q3,8,Aug,1995-08,32,Wed
1995-08-10,19950810,1995,Q3,8,Aug,1995-08,32,Thu
1995-08-11,19950811,1995,Q3,8,Aug,1995-08,32,Fri
1995-08-12,19950812,1995,Q3,8,Aug,1995-08,32,Sat
1995-08-13,19950813,1995,Q3,8,Aug,1995-08,32,Sun
1995-08-14,19950814,1995,Q3,8,Aug,1995-08,33,Mon
1995-08-15,19950815,1995,Q3,8,Aug,1995-08,33,Tue
1995-08-16,19950816,1995,Q3,8,Aug,1995-08,33,Wed
1995-08-17,19950817,1995,Q3,8,Aug,1995-08,33,Thu
1995-08-18,19950818,1995,Q3,8,Aug,1995-08,33,Fri
1995-08-19,19950819,1995,Q3,8,Aug,1995-08,33,Sat
1995-08-20,19950820,1995,Q3,8,Aug,1995-08,33,Sun
1995-08-21,19950821,1995,Q3,8,Aug,1995-08,34,Mon
1995-08-22,19950822,1995,Q3,8,Aug,1995-08,34,Tue
1995-08-23,19950823,1995,Q3,8,Aug,1995-08,34,Wed
1995-08-24,19950824,1995,Q3,8,Aug,1995-08,34,Thu
1995-08-25,19950825,1995,Q3,8,Aug,1995-08,34,Fri
1995-08-26,19950826,1995,Q3,8,Aug,1995-08,34,Sat
1995-08-27,19950827,1995,Q3,8,Aug,1995-08,34,Sun
1995-08-28,19950828,1995,Q3,8,Aug,1995-08,35,Mon
1995-08-29,19950829,1995,Q3,8,Aug,1995-08,35,Tue
1995-08-30,19950830,1995,Q3,8,Aug,1995-08,35,Wed
1995-08-31,19950831,1995,Q3,8,Aug,1995-08,35,Thu
1995-09-01,19950901,1995,Q3,9,Sep,1995-09,35,Fri
1995-09-02,19950902,1995,Q3,9,Sep,1995-09,35,Sat
1995-09-03,19950903,1995,Q3,9,Sep,1995-09,35,Sun
1995-09-04,19950904,1995,Q3,9,Sep,1995-09,36,Mon
1995-09-05,19950905,1995,Q3,9,Sep,1995-09,36,Tue
1995-09-06,19950906,1995,Q3,9,Sep,1995-09,36,Wed
1995-09-07,19950907,1995,Q3,9,Sep,1995-09,36,Thu
1995-09-08,19950908,1995,Q3,9,Sep,1995-09,36,Fri
1995-09-09,19950909,1995,Q3,9,Sep,1995-09,36,Sat
1995-09-10,19950910,1995,Q3,9,Sep,1995-09,36,Sun
1995-09-11,19950911,1995,Q3,9,Sep,1995-09,37,Mon
1995-09-12,19950912,1995,Q3,9,Sep,1995-09,37,Tue
1995-09-13,19950913,1995,Q3,9,Sep,1995-09,37,Wed
1995-09-14,19950914,1995,Q3,9,Sep,1995-09,37,Thu
1995-09-15,19950915,1995,Q3,9,Sep,1995-09,37,Fri
1995-09-16,19950916,1995,Q3,9,Sep,1995-09,37,Sat
1995-09-17,19950917,1995,Q3,9,Sep,1995-09,37,Sun
1995-09-18,19950918,1995,Q3,9,Sep,1995-09,38,Mon
1995-09-19,19950919,1995,Q3,9,Sep,1995-09,38,Tue
1995-09-20,19950920,1995,Q3,9,Sep,1995-09,38,Wed
1995-09-21,19950921,1995,Q3,9,Sep,1995-09,38,Thu
1995-09-22,19950922,1995,Q3,9,Sep,1995-09,38,Fri
1995-09-23,19950923,1995,Q3,9,Sep,1995-09,38,Sat
1995-09-24,19950924,1995,Q3,9,Sep,1995-09,38,Sun
1995-09-25,19950925,1995,Q3,9,Sep,1995-09,39,Mon
1995-09-26,19950926,1995,Q3,9,Sep,1995-09,39,Tue
1995-09-27,19950927,1995,Q3,9,Sep,1995-09,39,Wed
1995-09-28,19950928,1995,Q3,9,Sep,1995-09,39,Thu
1995-09-29,19950929,1995,Q3,9,Sep,1995-09,39,Fri
1995-09-30,19950930,1995,Q3,9,Sep,1995-09,39,Sat
1995-10-01,19951001,1995,Q4,10,Oct,1995-10,39,Sun
1995-10-02,19951002,1995,Q4,10,Oct,1995-10,40,Mon
1995-10-03,19951003,1995,Q4,10,Oct,1995-10,40,Tue
1995-10-04,19951004,1995,Q4,10,Oct,1995-10,40,Wed
1995-10-05,19951005,1995,Q4,10,Oct,1995-10,40,Thu
1995-10-06,19951006,1995,Q4,10,Oct,1995-10,40,Fri
1995-10-07,19951007,1995,Q4,10,Oct,1995-10,40,Sat
1995-10-08,19951008,1995,Q4,10,Oct,1995-10,40,Sun
1995-10-09,19951009,1995,Q4,10,Oct,1995-10,41,Mon
1995-10-10,19951010,1995,Q4,10,Oct,1995-10,41,Tue
1995-10-11,19951011,1995,Q4,10,Oct,1995-10,41,Wed
1995-10-12,19951012,1995,Q4,10,Oct,1995-10,41,Thu
1995-10-13,19951013,1995,Q4,10,Oct,1995-10,41,Fri
1995-10-14,19951014,1995,Q4,10,Oct,1995-10,41,Sat
1995-10-15,19951015,1995,Q4,10,Oct,1995-10,41,Sun
1995-10-16,19951016,1995,Q4,10,Oct,1995-10,42,Mon
1995-10-17,19951017,1995,Q4,10,Oct,1995-10,42,Tue
1995-10-18,19951018,1995,Q4,10,Oct,1995-10,42,Wed
1995-10-19,19951019,1995,Q4,10,Oct,1995-10,42,Thu
1995-10-20,19951020,1995,Q4,10,Oct,1995-10,42,Fri
1995-10-21,19951021,1995,Q4,10,Oct,1995-10,42,Sat
1995-10-22,19951022,1995,Q4,10,Oct,1995-10,42,Sun
1995-10-23,19951023,1995,Q4,10,Oct,1995-10,43,Mon
1995-10-24,19951024,1995,Q4,10,Oct,1995-10,43,Tue
1995-10-25,19951025,1995,Q4,10,Oct,1995-10,43,Wed
1995-10-26,19951026,1995,Q4,10,Oct,1995-10,43,Thu
1995-10-27,19951027,1995,Q4,10,Oct,1995-10,43,Fri
1995-10-28,19951028,1995,Q4,10,Oct,1995-10,43,Sat
1995-10-29,19951029,1995,Q4,10,Oct,1995-10,43,Sun
1995-10-30,19951030,1995,Q4,10,Oct,1995-10,44,Mon
1995-10-31,19951031,1995,Q4,10,Oct,1995-10,44,Tue
1995-11-01,19951101,1995,Q4,11,Nov,1995-11,44,Wed
1995-11-02,19951102,1995,Q4,11,Nov,1995-11,44,Thu
1995-11-03,19951103,1995,Q4,11,Nov,1995-11,44,Fri
1995-11-04,19951104,1995,Q4,11,Nov,1995-11,44,Sat
1995-11-05,19951105,1995,Q4,11,Nov,1995-11,44,Sun
1995-11-06,19951106,1995,Q4,11,Nov,1995-11,45,Mon
1995-11-07,19951107,1995,Q4,11,Nov,1995-11,45,Tue
1995-11-08,19951108,1995,Q4,11,Nov,1995-11,45,Wed
1995-11-09,19951109,1995,Q4,11,Nov,1995-11,45,Thu
1995-11-10,19951110,1995,Q4,11,Nov,1995-11,45,Fri
1995-11-11,19951111,1995,Q4,11,Nov,1995-11,45,Sat
1995-11-12,19951112,1995,Q4,11,Nov,1995-11,45,Sun
1995-11-13,19951113,1995,Q4,11,Nov,1995-11,46,Mon
1995-11-14,19951114,1995,Q4,11,Nov,1995-11,46,Tue
1995-11-15,19951115,1995,Q4,11,Nov,1995-11,46,Wed
1995-11-16,19951116,1995,Q4,11,Nov,1995-11,46,Thu
1995-11-17,19951117,1995,Q4,11,Nov,1995-11,46,Fri
1995-11-18,19951118,1995,Q4,11,Nov,1995-11,46,Sat
1995-11-19,19951119,1995,Q4,11,Nov,1995-11,46,Sun
1995-11-20,19951120,1995,Q4,11,Nov,1995-11,47,Mon
1995-11-21,19951121,1995,Q4,11,Nov,1995-11,47,Tue
1995-11-22,19951122,1995,Q4,11,Nov,1995-11,47,Wed
1995-11-23,19951123,1995,Q4,11,Nov,1995-11,47,Thu
1995-11-24,19951124,1995,Q4,11,Nov,1995-11,47,Fri
1995-11-25,19951125,1995,Q4,11,Nov,1995-11,47,Sat
1995-11-26,19951126,1995,Q4,11,Nov,1995-11,47,Sun
1995-11-27,19951127,1995,Q4,11,Nov,1995-11,48,Mon
1995-11-28,19951128,1995,Q4,11,Nov,1995-11,48,Tue
1995-11-29,19951129,1995,Q4,11,Nov,1995-11,48,Wed
1995-11-30,19951130,1995,Q4,11,Nov,1995-11,48,Thu
1995-12-01,19951201,1995,Q4,12,Dec,1995-12,48,Fri
1995-12-02,19951202,1995,Q4,12,Dec,1995-12,48,Sat
1995-12-03,19951203,1995,Q4,12,Dec,1995-12,48,Sun
1995-12-04,19951204,1995,Q4,12,Dec,1995-12,49,Mon
1995-12-05,19951205,1995,Q4,12,Dec,1995-12,49,Tue
1995-12-06,19951206,1995,Q4,12,Dec,1995-12,49,Wed
1995-12-07,19951207,1995,Q4,12,Dec,1995-12,49,Thu
1995-12-08,19951208,1995,Q4,12,Dec,1995-12,49,Fri
1995-12-09,19951209,1995,Q4,12,Dec,1995-12,49,Sat
1995-12-10,19951210,1995,Q4,12,Dec,1995-12,49,Sun
1995-12-11,19951211,1995,Q4,12,Dec,1995-12,50,Mon
1995-12-12,19951212,1995,Q4,12,Dec,1995-12,50,Tue
1995-12-13,19951213,1995,Q4,12,Dec,1995-12,50,Wed
1995-12-14,19951214,1995,Q4,12,Dec,1995-12,50,Thu
1995-12-15,19951215,1995,Q4,12,Dec,1995-12,50,Fri
1995-12-16,19951216,1995,Q4,12,Dec,1995-12,50,Sat
1995-12-17,19951217,1995,Q4,12,Dec,1995-12,50,Sun
1995-12-18,19951218,1995,Q4,12,Dec,1995-12,51,Mon
1995-12-19,19951219,1995,Q4,12,Dec,1995-12,51,Tue
1995-12-20,19951220,1995,Q4,12,Dec,1995-12,51,Wed
1995-12-21,19951221,1995,Q4,12,Dec,1995-12,51,Thu
1995-12-22,19951222,1995,Q4,12,Dec,1995-12,51,Fri
1995-12-23,19951223,1995,Q4,12,Dec,1995-12,51,Sat
1995-12-24,19951224,1995,Q4,12,Dec,1995-12,51,Sun
1995-12-25,19951225,1995,Q4,12,Dec,1995-12,52,Mon
1995-12-26,19951226,1995,Q4,12,Dec,1995-12,52,Tue
1995-12-27,19951227,1995,Q4,12,Dec,1995-12,52,Wed
1995-12-28,19951228,1995,Q4,12,Dec,1995-12,52,Thu
1995-12-29,19951229,1995,Q4,12,Dec,1995-12,52,Fri
1995-12-30,19951230,1995,Q4,12,Dec,1995-12,52,Sat
1995-12-31,19951231,1995,Q4,12,Dec,1995-12,52,Sun
1996-01-01,19960101,1996,Q1,1,Jan,1996-01,1,Mon
1996-01-02,19960102,1996,Q1,1,Jan,1996-01,1,Tue
1996-01-03,19960103,1996,Q1,1,Jan,1996-01,1,Wed
1996-01-04,19960104,1996,Q1,1,Jan,1996-01,1,Thu
1996-01-05,19960105,1996,Q1,1,Jan,1996-01,1,Fri
1996-01-06,19960106,1996,Q1,1,Jan,1996-01,1,Sat
1996-01-07,19960107,1996,Q1,1,Jan,1996-01,1,Sun
1996-01-08,19960108,1996,Q1,1,Jan,1996-01,2,Mon
1996-01-09,19960109,1996,Q1,1,Jan,1996-01,2,Tue
1996-01-10,19960110,1996,Q1,1,Jan,1996-01,2,Wed
1996-01-11,19960111,1996,Q1,1,Jan,1996-01,2,Thu
1996-01-12,19960112,1996,Q1,1,Jan,1996-01,2,Fri
1996-01-13,19960113,1996,Q1,1,Jan,1996-01,2,Sat
1996-01-14,19960114,1996,Q1,1,Jan,1996-01,2,Sun
1996-01-15,19960115,1996,Q1,1,Jan,1996-01,3,Mon
1996-01-16,19960116,1996,Q1,1,Jan,1996-01,3,Tue
1996-01-17,19960117,1996,Q1,1,Jan,1996-01,3,Wed
1996-01-18,19960118,1996,Q1,1,Jan,1996-01,3,Thu
1996-01-19,19960119,1996,Q1,1,Jan,1996-01,3,Fri
1996-01-20,19960120,1996,Q1,1,Jan,1996-01,3,Sat
1996-01-21,19960121,1996,Q1,1,Jan,1996-01,3,Sun
1996-01-22,19960122,1996,Q1,1,Jan,1996-01,4,Mon
1996-01-23,19960123,1996,Q1,1,Jan,1996-01,4,Tue
1996-01-24,19960124,1996,Q1,1,Jan,1996-01,4,Wed
1996-01-25,19960125,1996,Q1,1,Jan,1996-01,4,Thu
1996-01-26,19960126,1996,Q1,1,Jan,1996-01,4,Fri
1996-01-27,19960127,1996,Q1,1,Jan,1996-01,4,Sat
1996-01-28,19960128,1996,Q1,1,Jan,1996-01,4,Sun
1996-01-29,19960129,1996,Q1,1,Jan,1996-01,5,Mon
1996-01-30,19960130,1996,Q1,1,Jan,1996-01,5,Tue
1996-01-31,19960131,1996,Q1,1,Jan,1996-01,5,Wed
1996-02-01,19960201,1996,Q1,2,Feb,1996-02,5,Thu
1996-02-02,19960202,1996,Q1,2,Feb,1996-02,5,Fri
1996-02-03,19960203,1996,Q1,2,Feb,1996-02,5,Sat
1996-02-04,19960204,1996,Q1,2,Feb,1996-02,5,Sun
1996-02-05,19960205,1996,Q1,2,Feb,1996-02,6,Mon
1996-02-06,19960206,1996,Q1,2,Feb,1996-02,6,Tue
1996-02-07,19960207,1996,Q1,2,Feb,1996-02,6,Wed
1996-02-08,19960208,1996,Q1,2,Feb,1996-02,6,Thu
1996-02-09,19960209,1996,Q1,2,Feb,1996-02,6,Fri
1996-02-10,19960210,1996,Q1,2,Feb,1996-02,6,Sat
1996-02-11,19960211,1996,Q1,2,Feb,1996-02,6,Sun
1996-02-12,19960212,1996,Q1,2,Feb,1996-02,7,Mon
1996-02-13,19960213,1996,Q1,2,Feb,1996-02,7,Tue
1996-02-14,19960214,1996,Q1,2,Feb,1996-02,7,Wed
1996-02-15,19960215,1996,Q1,2,Feb,1996-02,7,Thu
1996-02-16,19960216,1996,Q1,2,Feb,1996-02,7,Fri
1996-02-17,19960217,1996,Q1,2,Feb,1996-02,7,Sat
1996-02-18,19960218,1996,Q1,2,Feb,1996-02,7,Sun
1996-02-19,19960219,1996,Q1,2,Feb,1996-02,8,Mon
1996-02-20,19960220,1996,Q1,2,Feb,1996-02,8,Tue
1996-02-21,19960221,1996,Q1,2,Feb,1996-02,8,Wed
1996-02-22,19960222,1996,Q1,2,Feb,1996-02,8,Thu
1996-02-23,19960223,1996,Q1,2,Feb,1996-02,8,Fri
1996-02-24,19960224,1996,Q1,2,Feb,1996-02,8,Sat
1996-02-25,19960225,1996,Q1,2,Feb,1996-02,8,Sun
1996-02-26,19960226,1996,Q1,2,Feb,1996-02,9,Mon
1996-02-27,19960227,1996,Q1,2,Feb,1996-02,9,Tue
1996-02-28,19960228,1996,Q1,2,Feb,1996-02,9,Wed
1996-02-29,19960229,1996,Q1,2,Feb,1996-02,9,Thu
1996-03-01,19960301,1996,Q1,3,Mar,1996-03,9,Fri
1996-03-02,19960302,1996,Q1,3,Mar,1996-03,9,Sat
1996-03-03,19960303,1996,Q1,3,Mar,1996-03,9,Sun
1996-03-04,19960304,1996,Q1,3,Mar,1996-03,10,Mon
1996-03-05,19960305,1996,Q1,3,Mar,1996-03,10,Tue
1996-03-06,19960306,1996,Q1,3,Mar,1996-03,10,Wed
1996-03-07,19960307,1996,Q1,3,Mar,1996-03,10,Thu
1996-03-08,19960308,1996,Q1,3,Mar,1996-03,10,Fri
1996-03-09,19960309,1996,Q1,3,Mar,1996-03,10,Sat
1996-03-10,19960310,1996,Q1,3,Mar,1996-03,10,Sun
1996-03-11,19960311,1996,Q1,3,Mar,1996-03,11,Mon
1996-03-12,19960312,1996,Q1,3,Mar,1996-03,11,Tue
1996-03-13,19960313,1996,Q1,3,Mar,1996-03,11,Wed
1996-03-14,19960314,1996,Q1,3,Mar,1996-03,11,Thu
1996-03-15,19960315,1996,Q1,3,Mar,1996-03,11,Fri
1996-03-16,19960316,1996,Q1,3,Mar,1996-03,11,Sat
1996-03-17,19960317,1996,Q1,3,Mar,1996-03,11,Sun
1996-03-18,19960318,1996,Q1,3,Mar,1996-03,12,Mon
1996-03-19,19960319,1996,Q1,3,Mar,1996-03,12,Tue
1996-03-20,19960320,1996,Q1,3,Mar,1996-03,12,Wed
1996-03-21,19960321,1996,Q1,3,Mar,1996-03,12,Thu
1996-03-22,19960322,1996,Q1,3,Mar,1996-03,12,Fri
1996-03-23,19960323,1996,Q1,3,Mar,1996-03,12,Sat
1996-03-24,19960324,1996,Q1,3,Mar,1996-03,12,Sun
1996-03-25,19960325,1996,Q1,3,Mar,1996-03,13,Mon
1996-03-26,19960326,1996,Q1,3,Mar,1996-03,13,Tue
1996-03-27,19960327,1996,Q1,3,Mar,1996-03,13,Wed
1996-03-28,19960328,1996,Q1,3,Mar,1996-03,13,Thu
1996-03-29,19960329,1996,Q1,3,Mar,1996-03,13,Fri
1996-03-30,19960330,1996,Q1,3,Mar,1996-03,13,Sat
1996-03-31,19960331,1996,Q1,3,Mar,1996-03,13,Sun
1996-04-01,19960401,1996,Q2,4,Apr,1996-04,14,Mon
1996-04-02,19960402,1996,Q2,4,Apr,1996-04,14,Tue
1996-04-03,19960403,1996,Q2,4,Apr,1996-04,14,Wed
1996-04-04,19960404,1996,Q2,4,Apr,1996-04,14,Thu
1996-04-05,19960405,1996,Q2,4,Apr,1996-04,14,Fri
1996-04-06,19960406,1996,Q2,4,Apr,1996-04,14,Sat
1996-04-07,19960407,1996,Q2,4,Apr,1996-04,14,Sun
1996-04-08,19960408,1996,Q2,4,Apr,1996-04,15,Mon
1996-04-09,19960409,1996,Q2,4,Apr,1996-04,15,Tue
1996-04-10,19960410,1996,Q2,4,Apr,1996-04,15,Wed
1996-04-11,19960411,1996,Q2,4,Apr,1996-04,15,Thu
1996-04-12,19960412,1996,Q2,4,Apr,1996-04,15,Fri
1996-04-13,19960413,1996,Q2,4,Apr,1996-04,15,Sat
1996-04-14,19960414,1996,Q2,4,Apr,1996-04,15,Sun
1996-04-15,19960415,1996,Q2,4,Apr,1996-04,16,Mon
1996-04-16,19960416,1996,Q2,4,Apr,1996-04,16,Tue
1996-04-17,19960417,1996,Q2,4,Apr,1996-04,16,Wed
1996-04-18,19960418,1996,Q2,4,Apr,1996-04,16,Thu
1996-04-19,19960419,1996,Q2,4,Apr,1996-04,16,Fri
1996-04-20,19960420,1996,Q2,4,Apr,1996-04,16,Sat
1996-04-21,19960421,1996,Q2,4,Apr,1996-04,16,Sun
1996-04-22,19960422,1996,Q2,4,Apr,1996-04,17,Mon
1996-04-23,19960423,1996,Q2,4,Apr,1996-04,17,Tue
1996-04-24,19960424,1996,Q2,4,Apr,1996-04,17,Wed
1996-04-25,19960425,1996,Q2,4,Apr,1996-04,17,Thu
1996-04-26,19960426,1996,Q2,4,Apr,1996-04,17,Fri
1996-04-27,19960427,1996,Q2,4,Apr,1996-04,17,Sat
1996-04-28,19960428,1996,Q2,4,Apr,1996-04,17,Sun
1996-04-29,19960429,1996,Q2,4,Apr,1996-04,18,Mon
1996-04-30,19960430,1996,Q2,4,Apr,1996-04,18,Tue
1996-05-01,19960501,1996,Q2,5,May,1996-05,18,Wed
1996-05-02,19960502,1996,Q2,5,May,1996-05,18,Thu
1996-05-03,19960503,1996,Q2,5,May,1996-05,18,Fri
1996-05-04,19960504,1996,Q2,5,May,1996-05,18,Sat
1996-05-05,19960505,1996,Q2,5,May,1996-05,18,Sun
1996-05-06,19960506,1996,Q2,5,May,1996-05,19,Mon
1996-05-07,19960507,1996,Q2,5,May,1996-05,19,Tue
1996-05-08,19960508,1996,Q2,5,May,1996-05,19,Wed
1996-05-09,19960509,1996,Q2,5,May,1996-05,19,Thu
1996-05-10,19960510,1996,Q2,5,May,1996-05,19,Fri
1996-05-11,19960511,1996,Q2,5,May,1996-05,19,Sat
1996-05-12,19960512,1996,Q2,5,May,1996-05,19,Sun
1996-05-13,19960513,1996,Q2,5,May,1996-05,20,Mon
1996-05-14,19960514,1996,Q2,5,May,1996-05,20,Tue
1996-05-15,19960515,1996,Q2,5,May,1996-05,20,Wed
1996-05-16,19960516,1996,Q2,5,May,1996-05,20,Thu
1996-05-17,19960517,1996,Q2,5,May,1996-05,20,Fri
1996-05-18,19960518,1996,Q2,5,May,1996-05,20,Sat
1996-05-19,19960519,1996,Q2,5,May,1996-05,20,Sun
1996-05-20,19960520,1996,Q2,5,May,1996-05,21,Mon
1996-05-21,19960521,1996,Q2,5,May,1996-05,21,Tue
1996-05-22,19960522,1996,Q2,5,May,1996-05,21,Wed
1996-05-23,19960523,1996,Q2,5,May,1996-05,21,Thu
1996-05-24,19960524,1996,Q2,5,May,1996-05,21,Fri
1996-05-25,19960525,1996,Q2,5,May,1996-05,21,Sat
1996-05-26,19960526,1996,Q2,5,May,1996-05,21,Sun
1996-05-27,19960527,1996,Q2,5,May,1996-05,22,Mon
1996-05-28,19960528,1996,Q2,5,May,1996-05,22,Tue
1996-05-29,19960529,1996,Q2,5,May,1996-05,22,Wed
1996-05-30,19960530,1996,Q2,5,May,1996-05,22,Thu
1996-05-31,19960531,1996,Q2,5,May,1996-05,22,Fri
1996-06-01,19960601,1996,Q2,6,Jun,1996-06,22,Sat
1996-06-02,19960602,1996,Q2,6,Jun,1996-06,22,Sun
1996-06-03,19960603,1996,Q2,6,Jun,1996-06,23,Mon
1996-06-04,19960604,1996,Q2,6,Jun,1996-06,23,Tue
1996-06-05,19960605,1996,Q2,6,Jun,1996-06,23,Wed
1996-06-06,19960606,1996,Q2,6,Jun,1996-06,23,Thu
1996-06-07,19960607,1996,Q2,6,Jun,1996-06,23,Fri
1996-06-08,19960608,1996,Q2,6,Jun,1996-06,23,Sat
1996-06-09,19960609,1996,Q2,6,Jun,1996-06,23,Sun
1996-06-10,19960610,1996,Q2,6,Jun,1996-06,24,Mon
1996-06-11,19960611,1996,Q2,6,Jun,1996-06,24,Tue
1996-06-12,19960612,1996,Q2,6,Jun,1996-06,24,Wed
1996-06-13,19960613,1996,Q2,6,Jun,1996-06,24,Thu
1996-06-14,19960614,1996,Q2,6,Jun,1996-06,24,Fri
1996-06-15,19960615,1996,Q2,6,Jun,1996-06,24,Sat
1996-06-16,19960616,1996,Q2,6,Jun,1996-06,24,Sun
1996-06-17,19960617,1996,Q2,6,Jun,1996-06,25,Mon
1996-06-18,19960618,1996,Q2,6,Jun,1996-06,25,Tue
1996-06-19,19960619,1996,Q2,6,Jun,1996-06,25,Wed
1996-06-20,19960620,1996,Q2,6,Jun,1996-06,25,Thu
1996-06-21,19960621,1996,Q2,6,Jun,1996-06,25,Fri
1996-06-22,19960622,1996,Q2,6,Jun,1996-06,25,Sat
1996-06-23,19960623,1996,Q2,6,Jun,1996-06,25,Sun
1996-06-24,19960624,1996,Q2,6,Jun,1996-06,26,Mon
1996-06-25,19960625,1996,Q2,6,Jun,1996-06,26,Tue
1996-06-26,19960626,1996,Q2,6,Jun,1996-06,26,Wed
1996-06-27,19960627,1996,Q2,6,Jun,1996-06,26,Thu
1996-06-28,19960628,1996,Q2,6,Jun,1996-06,26,Fri
1996-06-29,19960629,1996,Q2,6,Jun,1996-06,26,Sat
1996-06-30,19960630,1996,Q2,6,Jun,1996-06,26,Sun
1996-07-01,19960701,1996,Q3,7,Jul,1996-07,27,Mon
1996-07-02,19960702,1996,Q3,7,Jul,1996-07,27,Tue
1996-07-03,19960703,1996,Q3,7,Jul,1996-07,27,Wed
1996-07-04,19960704,1996,Q3,7,Jul,1996-07,27,Thu
1996-07-05,19960705,1996,Q3,7,Jul,1996-07,27,Fri
1996-07-06,19960706,1996,Q3,7,Jul,1996-07,27,Sat
1996-07-07,19960707,1996,Q3,7,Jul,1996-07,27,Sun
1996-07-08,19960708,1996,Q3,7,Jul,1996-07,28,Mon
1996-07-09,19960709,1996,Q3,7,Jul,1996-07,28,Tue
1996-07-10,19960710,1996,Q3,7,Jul,1996-07,28,Wed
1996-07-11,19960711,1996,Q3,7,Jul,1996-07,28,Thu
1996-07-12,19960712,1996,Q3,7,Jul,1996-07,28,Fri
1996-07-13,19960713,1996,Q3,7,Jul,1996-07,28,Sat
1996-07-14,19960714,1996,Q3,7,Jul,1996-07,28,Sun
1996-07-15,19960715,1996,Q3,7,Jul,1996-07,29,Mon
1996-07-16,19960716,1996,Q3,7,Jul,1996-07,29,Tue
1996-07-17,19960717,1996,Q3,7,Jul,1996-07,29,Wed
1996-07-18,19960718,1996,Q3,7,Jul,1996-07,29,Thu
1996-07-19,19960719,1996,Q3,7,Jul,1996-07,29,Fri
1996-07-20,19960720,1996,Q3,7,Jul,1996-07,29,Sat
1996-07-21,19960721,1996,Q3,7,Jul,1996-07,29,Sun
1996-07-22,19960722,1996,Q3,7,Jul,1996-07,30,Mon
1996-07-23,19960723,1996,Q3,7,Jul,1996-07,30,Tue
1996-07-24,19960724,1996,Q3,7,Jul,1996-07,30,Wed
1996-07-25,19960725,1996,Q3,7,Jul,1996-07,30,Thu
1996-07-26,19960726,1996,Q3,7,Jul,1996-07,30,Fri
1996-07-27,19960727,1996,Q3,7,Jul,1996-07,30,Sat
1996-07-28,19960728,1996,Q3,7,Jul,1996-07,30,Sun
1996-07-29,19960729,1996,Q3,7,Jul,1996-07,31,Mon
1996-07-30,19960730,1996,Q3,7,Jul,1996-07,31,Tue
1996-07-31,19960731,1996,Q3,7,Jul,1996-07,31,Wed
1996-08-01,19960801,1996,Q3,8,Aug,1996-08,31,Thu
1996-08-02,19960802,1996,Q3,8,Aug,1996-08,31,Fri
1996-08-03,19960803,1996,Q3,8,Aug,1996-08,31,Sat
1996-08-04,19960804,1996,Q3,8,Aug,1996-08,31,Sun
1996-08-05,19960805,1996,Q3,8,Aug,1996-08,32,Mon
1996-08-06,19960806,1996,Q3,8,Aug,1996-08,32,Tue
1996-08-07,19960807,1996,Q3,8,Aug,1996-08,32,Wed
1996-08-08,19960808,1996,Q3,8,Aug,1996-08,32,Thu
1996-08-09,19960809,1996,Q3,8,Aug,1996-08,32,Fri
1996-08-10,19960810,1996,Q3,8,Aug,1996-08,32,Sat
1996-08-11,19960811,1996,Q3,8,Aug,1996-08,32,Sun
1996-08-12,19960812,1996,Q3,8,Aug,1996-08,33,Mon
1996-08-13,19960813,1996,Q3,8,Aug,1996-08,33,Tue
1996-08-14,19960814,1996,Q3,8,Aug,1996-08,33,Wed
1996-08-15,19960815,1996,Q3,8,Aug,1996-08,33,Thu
1996-08-16,19960816,1996,Q3,8,Aug,1996-08,33,Fri
1996-08-17,19960817,1996,Q3,8,Aug,1996-08,33,Sat
1996-08-18,19960818,1996,Q3,8,Aug,1996-08,33,Sun
1996-08-19,19960819,1996,Q3,8,Aug,1996-08,34,Mon
1996-08-20,19960820,1996,Q3,8,Aug,1996-08,34,Tue
1996-08-21,19960821,1996,Q3,8,Aug,1996-08,34,Wed
1996-08-22,19960822,1996,Q3,8,Aug,1996-08,34,Thu
1996-08-23,19960823,1996,Q3,8,Aug,1996-08,34,Fri
1996-08-24,19960824,1996,Q3,8,Aug,1996-08,34,Sat
1996-08-25,19960825,1996,Q3,8,Aug,1996-08,34,Sun
1996-08-26,19960826,1996,Q3,8,Aug,1996-08,35,Mon
1996-08-27,19960827,1996,Q3,8,Aug,1996-08,35,Tue
1996-08-28,19960828,1996,Q3,8,Aug,1996-08,35,Wed
1996-08-29,19960829,1996,Q3,8,Aug,1996-08,35,Thu
1996-08-30,19960830,1996,Q3,8,Aug,1996-08,35,Fri
1996-08-31,19960831,1996,Q3,8,Aug,1996-08,35,Sat
1996-09-01,19960901,1996,Q3,9,Sep,1996-09,35,Sun
1996-09-02,19960902,1996,Q3,9,Sep,1996-09,36,Mon
1996-09-03,19960903,1996,Q3,9,Sep,1996-09,36,Tue
1996-09-04,19960904,1996,Q3,9,Sep,1996-09,36,Wed
1996-09-05,19960905,1996,Q3,9,Sep,1996-09,36,Thu
1996-09-06,19960906,1996,Q3,9,Sep,1996-09,36,Fri
1996-09-07,19960907,1996,Q3,9,Sep,1996-09,36,Sat
1996-09-08,19960908,1996,Q3,9,Sep,1996-09,36,Sun
1996-09-09,19960909,1996,Q3,9,Sep,1996-09,37,Mon
1996-09-10,19960910,1996,Q3,9,Sep,1996-09,37,Tue
1996-09-11,19960911,1996,Q3,9,Sep,1996-09,37,Wed
1996-09-12,19960912,1996,Q3,9,Sep,1996-09,37,Thu
1996-09-13,19960913,1996,Q3,9,Sep,1996-09,37,Fri
1996-09-14,19960914,1996,Q3,9,Sep,1996-09,37,Sat
1996-09-15,19960915,1996,Q3,9,Sep,1996-09,37,Sun
1996-09-16,19960916,1996,Q3,9,Sep,1996-09,38,Mon
1996-09-17,19960917,1996,Q3,9,Sep,1996-09,38,Tue
1996-09-18,19960918,1996,Q3,9,Sep,1996-09,38,Wed
1996-09-19,19960919,1996,Q3,9,Sep,1996-09,38,Thu
1996-09-20,19960920,1996,Q3,9,Sep,1996-09,38,Fri
1996-09-21,19960921,1996,Q3,9,Sep,1996-09,38,Sat
1996-09-22,19960922,1996,Q3,9,Sep,1996-09,38,Sun
1996-09-23,19960923,1996,Q3,9,Sep,1996-09,39,Mon
1996-09-24,19960924,1996,Q3,9,Sep,1996-09,39,Tue
1996-09-25,19960925,1996,Q3,9,Sep,1996-09,39,Wed
1996-09-26,19960926,1996,Q3,9,Sep,1996-09,39,Thu
1996-09-27,19960927,1996,Q3,9,Sep,1996-09,39,Fri
1996-09-28,19960928,1996,Q3,9,Sep,1996-09,39,Sat
1996-09-29,19960929,1996,Q3,9,Sep,1996-09,39,Sun
1996-09-30,19960930,1996,Q3,9,Sep,1996-09,40,Mon
1996-10-01,19961001,1996,Q4,10,Oct,1996-10,40,Tue
1996-10-02,19961002,1996,Q4,10,Oct,1996-10,40,Wed
1996-10-03,19961003,1996,Q4,10,Oct,1996-10,40,Thu
1996-10-04,19961004,1996,Q4,10,Oct,1996-10,40,Fri
1996-10-05,19961005,1996,Q4,10,Oct,1996-10,40,Sat
1996-10-06,19961006,1996,Q4,10,Oct,1996-10,40,Sun
1996-10-07,19961007,1996,Q4,10,Oct,1996-10,41,Mon
1996-10-08,19961008,1996,Q4,10,Oct,1996-10,41,Tue
1996-10-09,19961009,1996,Q4,10,Oct,1996-10,41,Wed
1996-10-10,19961010,1996,Q4,10,Oct,1996-10,41,Thu
1996-10-11,19961011,1996,Q4,10,Oct,1996-10,41,Fri
1996-10-12,19961012,1996,Q4,10,Oct,1996-10,41,Sat
1996-10-13,19961013,1996,Q4,10,Oct,1996-10,41,Sun
1996-10-14,19961014,1996,Q4,10,Oct,1996-10,42,Mon
1996-10-15,19961015,1996,Q4,10,Oct,1996-10,42,Tue
1996-10-16,19961016,1996,Q4,10,Oct,1996-10,42,Wed
1996-10-17,19961017,1996,Q4,10,Oct,1996-10,42,Thu
1996-10-18,19961018,1996,Q4,10,Oct,1996-10,42,Fri
1996-10-19,19961019,1996,Q4,10,Oct,1996-10,42,Sat
1996-10-20,19961020,1996,Q4,10,Oct,1996-10,42,Sun
1996-10-21,19961021,1996,Q4,10,Oct,1996-10,43,Mon
1996-10-22,19961022,1996,Q4,10,Oct,1996-10,43,Tue
1996-10-23,19961023,1996,Q4,10,Oct,1996-10,43,Wed
1996-10-24,19961024,1996,Q4,10,Oct,1996-10,43,Thu
1996-10-25,19961025,1996,Q4,10,Oct,1996-10,43,Fri
1996-10-26,19961026,1996,Q4,10,Oct,1996-10,43,Sat
1996-10-27,19961027,1996,Q4,10,Oct,1996-10,43,Sun
1996-10-28,19961028,1996,Q4,10,Oct,1996-10,44,Mon
1996-10-29,19961029,1996,Q4,10,Oct,1996-10,44,Tue
1996-10-30,19961030,1996,Q4,10,Oct,1996-10,44,Wed
1996-10-31,19961031,1996,Q4,10,Oct,1996-10,44,Thu
1996-11-01,19961101,1996,Q4,11,Nov,1996-11,44,Fri
1996-11-02,19961102,1996,Q4,11,Nov,1996-11,44,Sat
1996-11-03,19961103,1996,Q4,11,Nov,1996-11,44,Sun
1996-11-04,19961104,1996,Q4,11,Nov,1996-11,45,Mon
1996-11-05,19961105,1996,Q4,11,Nov,1996-11,45,Tue
1996-11-06,19961106,1996,Q4,11,Nov,1996-11,45,Wed
1996-11-07,19961107,1996,Q4,11,Nov,1996-11,45,Thu
1996-11-08,19961108,1996,Q4,11,Nov,1996-11,45,Fri
1996-11-09,19961109,1996,Q4,11,Nov,1996-11,45,Sat
1996-11-10,19961110,1996,Q4,11,Nov,1996-11,45,Sun
1996-11-11,19961111,1996,Q4,11,Nov,1996-11,46,Mon
1996-11-12,19961112,1996,Q4,11,Nov,1996-11,46,Tue
1996-11-13,19961113,1996,Q4,11,Nov,1996-11,46,Wed
1996-11-14,19961114,1996,Q4,11,Nov,1996-11,46,Thu
1996-11-15,19961115,1996,Q4,11,Nov,1996-11,46,Fri
1996-11-16,19961116,1996,Q4,11,Nov,1996-11,46,Sat
1996-11-17,19961117,1996,Q4,11,Nov,1996-11,46,Sun
1996-11-18,19961118,1996,Q4,11,Nov,1996-11,47,Mon
1996-11-19,19961119,1996,Q4,11,Nov,1996-11,47,Tue
1996-11-20,19961120,1996,Q4,11,Nov,1996-11,47,Wed
1996-11-21,19961121,1996,Q4,11,Nov,1996-11,47,Thu
1996-11-22,19961122,1996,Q4,11,Nov,1996-11,47,Fri
1996-11-23,19961123,1996,Q4,11,Nov,1996-11,47,Sat
1996-11-24,19961124,1996,Q4,11,Nov,1996-11,47,Sun
1996-11-25,19961125,1996,Q4,11,Nov,1996-11,48,Mon
1996-11-26,19961126,1996,Q4,11,Nov,1996-11,48,Tue
1996-11-27,19961127,1996,Q4,11,Nov,1996-11,48,Wed
1996-11-28,19961128,1996,Q4,11,Nov,1996-11,48,Thu
1996-11-29,19961129,1996,Q4,11,Nov,1996-11,48,Fri
1996-11-30,19961130,1996,Q4,11,Nov,1996-11,48,Sat
1996-12-01,19961201,1996,Q4,12,Dec,1996-12,48,Sun
1996-12-02,19961202,1996,Q4,12,Dec,1996-12,49,Mon
1996-12-03,19961203,1996,Q4,12,Dec,1996-12,49,Tue
1996-12-04,19961204,1996,Q4,12,Dec,1996-12,49,Wed
1996-12-05,19961205,1996,Q4,12,Dec,1996-12,49,Thu
1996-12-06,19961206,1996,Q4,12,Dec,1996-12,49,Fri
1996-12-07,19961207,1996,Q4,12,Dec,1996-12,49,Sat
1996-12-08,19961208,1996,Q4,12,Dec,1996-12,49,Sun
1996-12-09,19961209,1996,Q4,12,Dec,1996-12,50,Mon
1996-12-10,19961210,1996,Q4,12,Dec,1996-12,50,Tue
1996-12-11,19961211,1996,Q4,12,Dec,1996-12,50,Wed
1996-12-12,19961212,1996,Q4,12,Dec,1996-12,50,Thu
1996-12-13,19961213,1996,Q4,12,Dec,1996-12,50,Fri
1996-12-14,19961214,1996,Q4,12,Dec,1996-12,50,Sat
1996-12-15,19961215,1996,Q4,12,Dec,1996-12,50,Sun
1996-12-16,19961216,1996,Q4,12,Dec,1996-12,51,Mon
1996-12-17,19961217,1996,Q4,12,Dec,1996-12,51,Tue
1996-12-18,19961218,1996,Q4,12,Dec,1996-12,51,Wed
1996-12-19,19961219,1996,Q4,12,Dec,1996-12,51,Thu
1996-12-20,19961220,1996,Q4,12,Dec,1996-12,51,Fri
1996-12-21,19961221,1996,Q4,12,Dec,1996-12,51,Sat
1996-12-22,19961222,1996,Q4,12,Dec,1996-12,51,Sun
1996-12-23,19961223,1996,Q4,12,Dec,1996-12,52,Mon
1996-12-24,19961224,1996,Q4,12,Dec,1996-12,52,Tue
1996-12-25,19961225,1996,Q4,12,Dec,1996-12,52,Wed
1996-12-26,19961226,1996,Q4,12,Dec,1996-12,52,Thu
1996-12-27,19961227,1996,Q4,12,Dec,1996-12,52,Fri
1996-12-28,19961228,1996,Q4,12,Dec,1996-12,52,Sat
1996-12-29,19961229,1996,Q4,12,Dec,1996-12,52,Sun
1996-12-30,19961230,1996,Q4,12,Dec,1996-12,1,Mon
1996-12-31,19961231,1996,Q4,12,Dec,1996-12,1,Tue
1997-01-01,19970101,1997,Q1,1,Jan,1997-01,1,Wed
1997-01-02,19970102,1997,Q1,1,Jan,1997-01,1,Thu
1997-01-03,19970103,1997,Q1,1,Jan,1997-01,1,Fri
1997-01-04,19970104,1997,Q1,1,Jan,1997-01,1,Sat
1997-01-05,19970105,1997,Q1,1,Jan,1997-01,1,Sun
1997-01-06,19970106,1997,Q1,1,Jan,1997-01,2,Mon
1997-01-07,19970107,1997,Q1,1,Jan,1997-01,2,Tue
1997-01-08,19970108,1997,Q1,1,Jan,1997-01,2,Wed
1997-01-09,19970109,1997,Q1,1,Jan,1997-01,2,Thu
1997-01-10,19970110,1997,Q1,1,Jan,1997-01,2,Fri
1997-01-11,19970111,1997,Q1,1,Jan,1997-01,2,Sat
1997-01-12,19970112,1997,Q1,1,Jan,1997-01,2,Sun
1997-01-13,19970113,1997,Q1,1,Jan,1997-01,3,Mon
1997-01-14,19970114,1997,Q1,1,Jan,1997-01,3,Tue
1997-01-15,19970115,1997,Q1,1,Jan,1997-01,3,Wed
1997-01-16,19970116,1997,Q1,1,Jan,1997-01,3,Thu
1997-01-17,19970117,1997,Q1,1,Jan,1997-01,3,Fri
1997-01-18,19970118,1997,Q1,1,Jan,1997-01,3,Sat
1997-01-19,19970119,1997,Q1,1,Jan,1997-01,3,Sun
1997-01-20,19970120,1997,Q1,1,Jan,1997-01,4,Mon
1997-01-21,19970121,1997,Q1,1,Jan,1997-01,4,Tue
1997-01-22,19970122,1997,Q1,1,Jan,1997-01,4,Wed
1997-01-23,19970123,1997,Q1,1,Jan,1997-01,4,Thu
1997-01-24,19970124,1997,Q1,1,Jan,1997-01,4,Fri
1997-01-25,19970125,1997,Q1,1,Jan,1997-01,4,Sat
1997-01-26,19970126,1997,Q1,1,Jan,1997-01,4,Sun
1997-01-27,19970127,1997,Q1,1,Jan,1997-01,5,Mon
1997-01-28,19970128,1997,Q1,1,Jan,1997-01,5,Tue
1997-01-29,19970129,1997,Q1,1,Jan,1997-01,5,Wed
1997-01-30,19970130,1997,Q1,1,Jan,1997-01,5,Thu
1997-01-31,19970131,1997,Q1,1,Jan,1997-01,5,Fri
1997-02-01,19970201,1997,Q1,2,Feb,1997-02,5,Sat
1997-02-02,19970202,1997,Q1,2,Feb,1997-02,5,Sun
1997-02-03,19970203,1997,Q1,2,Feb,1997-02,6,Mon
1997-02-04,19970204,1997,Q1,2,Feb,1997-02,6,Tue
1997-02-05,19970205,1997,Q1,2,Feb,1997-02,6,Wed
1997-02-06,19970206,1997,Q1,2,Feb,1997-02,6,Thu
1997-02-07,19970207,1997,Q1,2,Feb,1997-02,6,Fri
1997-02-08,19970208,1997,Q1,2,Feb,1997-02,6,Sat
1997-02-09,19970209,1997,Q1,2,Feb,1997-02,6,Sun
1997-02-10,19970210,1997,Q1,2,Feb,1997-02,7,Mon
1997-02-11,19970211,1997,Q1,2,Feb,1997-02,7,Tue
1997-02-12,19970212,1997,Q1,2,Feb,1997-02,7,Wed
1997-02-13,19970213,1997,Q1,2,Feb,1997-02,7,Thu
1997-02-14,19970214,1997,Q1,2,Feb,1997-02,7,Fri
1997-02-15,19970215,1997,Q1,2,Feb,1997-02,7,Sat
1997-02-16,19970216,1997,Q1,2,Feb,1997-02,7,Sun
1997-02-17,19970217,1997,Q1,2,Feb,1997-02,8,Mon
1997-02-18,19970218,1997,Q1,2,Feb,1997-02,8,Tue
1997-02-19,19970219,1997,Q1,2,Feb,1997-02,8,Wed
1997-02-20,19970220,1997,Q1,2,Feb,1997-02,8,Thu
1997-02-21,19970221,1997,Q1,2,Feb,1997-02,8,Fri
1997-02-22,19970222,1997,Q1,2,Feb,1997-02,8,Sat
1997-02-23,19970223,1997,Q1,2,Feb,1997-02,8,Sun
1997-02-24,19970224,1997,Q1,2,Feb,1997-02,9,Mon
1997-02-25,19970225,1997,Q1,2,Feb,1997-02,9,Tue
1997-02-26,19970226,1997,Q1,2,Feb,1997-02,9,Wed
1997-02-27,19970227,1997,Q1,2,Feb,1997-02,9,Thu
1997-02-28,19970228,1997,Q1,2,Feb,1997-02,9,Fri
1997-03-01,19970301,1997,Q1,3,Mar,1997-03,9,Sat
1997-03-02,19970302,1997,Q1,3,Mar,1997-03,9,Sun
1997-03-03,19970303,1997,Q1,3,Mar,1997-03,10,Mon
1997-03-04,19970304,1997,Q1,3,Mar,1997-03,10,Tue
1997-03-05,19970305,1997,Q1,3,Mar,1997-03,10,Wed
1997-03-06,19970306,1997,Q1,3,Mar,1997-03,10,Thu
1997-03-07,19970307,1997,Q1,3,Mar,1997-03,10,Fri
1997-03-08,19970308,1997,Q1,3,Mar,1997-03,10,Sat
1997-03-09,19970309,1997,Q1,3,Mar,1997-03,10,Sun
1997-03-10,19970310,1997,Q1,3,Mar,1997-03,11,Mon
1997-03-11,19970311,1997,Q1,3,Mar,1997-03,11,Tue
1997-03-12,19970312,1997,Q1,3,Mar,1997-03,11,Wed
1997-03-13,19970313,1997,Q1,3,Mar,1997-03,11,Thu
1997-03-14,19970314,1997,Q1,3,Mar,1997-03,11,Fri
1997-03-15,19970315,1997,Q1,3,Mar,1997-03,11,Sat
1997-03-16,19970316,1997,Q1,3,Mar,1997-03,11,Sun
1997-03-17,19970317,1997,Q1,3,Mar,1997-03,12,Mon
1997-03-18,19970318,1997,Q1,3,Mar,1997-03,12,Tue
1997-03-19,19970319,1997,Q1,3,Mar,1997-03,12,Wed
1997-03-20,19970320,1997,Q1,3,Mar,1997-03,12,Thu
1997-03-21,19970321,1997,Q1,3,Mar,1997-03,12,Fri
1997-03-22,19970322,1997,Q1,3,Mar,1997-03,12,Sat
1997-03-23,19970323,1997,Q1,3,Mar,1997-03,12,Sun
1997-03-24,19970324,1997,Q1,3,Mar,1997-03,13,Mon
1997-03-25,19970325,1997,Q1,3,Mar,1997-03,13,Tue
1997-03-26,19970326,1997,Q1,3,Mar,1997-03,13,Wed
1997-03-27,19970327,1997,Q1,3,Mar,1997-03,13,Thu
1997-03-28,19970328,1997,Q1,3,Mar,1997-03,13,Fri
1997-03-29,19970329,1997,Q1,3,Mar,1997-03,13,Sat
1997-03-30,19970330,1997,Q1,3,Mar,1997-03,13,Sun
1997-03-31,19970331,1997,Q1,3,Mar,1997-03,14,Mon
1997-04-01,19970401,1997,Q2,4,Apr,1997-04,14,Tue
1997-04-02,19970402,1997,Q2,4,Apr,1997-04,14,Wed
1997-04-03,19970403,1997,Q2,4,Apr,1997-04,14,Thu
1997-04-04,19970404,1997,Q2,4,Apr,1997-04,14,Fri
1997-04-05,19970405,1997,Q2,4,Apr,1997-04,14,Sat
1997-04-06,19970406,1997,Q2,4,Apr,1997-04,14,Sun
1997-04-07,19970407,1997,Q2,4,Apr,1997-04,15,Mon
1997-04-08,19970408,1997,Q2,4,Apr,1997-04,15,Tue
1997-04-09,19970409,1997,Q2,4,Apr,1997-04,15,Wed
1997-04-10,19970410,1997,Q2,4,Apr,1997-04,15,Thu
1997-04-11,19970411,1997,Q2,4,Apr,1997-04,15,Fri
1997-04-12,19970412,1997,Q2,4,Apr,1997-04,15,Sat
1997-04-13,19970413,1997,Q2,4,Apr,1997-04,15,Sun
1997-04-14,19970414,1997,Q2,4,Apr,1997-04,16,Mon
1997-04-15,19970415,1997,Q2,4,Apr,1997-04,16,Tue
1997-04-16,19970416,1997,Q2,4,Apr,1997-04,16,Wed
1997-04-17,19970417,1997,Q2,4,Apr,1997-04,16,Thu
1997-04-18,19970418,1997,Q2,4,Apr,1997-04,16,Fri
1997-04-19,19970419,1997,Q2,4,Apr,1997-04,16,Sat
1997-04-20,19970420,1997,Q2,4,Apr,1997-04,16,Sun
1997-04-21,19970421,1997,Q2,4,Apr,1997-04,17,Mon
1997-04-22,19970422,1997,Q2,4,Apr,1997-04,17,Tue
1997-04-23,19970423,1997,Q2,4,Apr,1997-04,17,Wed
1997-04-24,19970424,1997,Q2,4,Apr,1997-04,17,Thu
1997-04-25,19970425,1997,Q2,4,Apr,1997-04,17,Fri
1997-04-26,19970426,1997,Q2,4,Apr,1997-04,17,Sat
1997-04-27,19970427,1997,Q2,4,Apr,1997-04,17,Sun
1997-04-28,19970428,1997,Q2,4,Apr,1997-04,18,Mon
1997-04-29,19970429,1997,Q2,4,Apr,1997-04,18,Tue
1997-04-30,19970430,1997,Q2,4,Apr,1997-04,18,Wed
1997-05-01,19970501,1997,Q2,5,May,1997-05,18,Thu
1997-05-02,19970502,1997,Q2,5,May,1997-05,18,Fri
1997-05-03,19970503,1997,Q2,5,May,1997-05,18,Sat
1997-05-04,19970504,1997,Q2,5,May,1997-05,18,Sun
1997-05-05,19970505,1997,Q2,5,May,1997-05,19,Mon
1997-05-06,19970506,1997,Q2,5,May,1997-05,19,Tue
1997-05-07,19970507,1997,Q2,5,May,1997-05,19,Wed
1997-05-08,19970508,1997,Q2,5,May,1997-05,19,Thu
1997-05-09,19970509,1997,Q2,5,May,1997-05,19,Fri
1997-05-10,19970510,1997,Q2,5,May,1997-05,19,Sat
1997-05-11,19970511,1997,Q2,5,May,1997-05,19,Sun
1997-05-12,19970512,1997,Q2,5,May,1997-05,20,Mon
1997-05-13,19970513,1997,Q2,5,May,1997-05,20,Tue
1997-05-14,19970514,1997,Q2,5,May,1997-05,20,Wed
1997-05-15,19970515,1997,Q2,5,May,1997-05,20,Thu
1997-05-16,19970516,1997,Q2,5,May,1997-05,20,Fri
1997-05-17,19970517,1997,Q2,5,May,1997-05,20,Sat
1997-05-18,19970518,1997,Q2,5,May,1997-05,20,Sun
1997-05-19,19970519,1997,Q2,5,May,1997-05,21,Mon
1997-05-20,19970520,1997,Q2,5,May,1997-05,21,Tue
1997-05-21,19970521,1997,Q2,5,May,1997-05,21,Wed
1997-05-22,19970522,1997,Q2,5,May,1997-05,21,Thu
1997-05-23,19970523,1997,Q2,5,May,1997-05,21,Fri
1997-05-24,19970524,1997,Q2,5,May,1997-05,21,Sat
1997-05-25,19970525,1997,Q2,5,May,1997-05,21,Sun
1997-05-26,19970526,1997,Q2,5,May,1997-05,22,Mon
1997-05-27,19970527,1997,Q2,5,May,1997-05,22,Tue
1997-05-28,19970528,1997,Q2,5,May,1997-05,22,Wed
1997-05-29,19970529,1997,Q2,5,May,1997-05,22,Thu
1997-05-30,19970530,1997,Q2,5,May,1997-05,22,Fri
1997-05-31,19970531,1997,Q2,5,May,1997-05,22,Sat
1997-06-01,19970601,1997,Q2,6,Jun,1997-06,22,Sun
1997-06-02,19970602,1997,Q2,6,Jun,1997-06,23,Mon
1997-06-03,19970603,1997,Q2,6,Jun,1997-06,23,Tue
1997-06-04,19970604,1997,Q2,6,Jun,1997-06,23,Wed
1997-06-05,19970605,1997,Q2,6,Jun,1997-06,23,Thu
1997-06-06,19970606,1997,Q2,6,Jun,1997-06,23,Fri
1997-06-07,19970607,1997,Q2,6,Jun,1997-06,23,Sat
1997-06-08,19970608,1997,Q2,6,Jun,1997-06,23,Sun
1997-06-09,19970609,1997,Q2,6,Jun,1997-06,24,Mon
1997-06-10,19970610,1997,Q2,6,Jun,1997-06,24,Tue
1997-06-11,19970611,1997,Q2,6,Jun,1997-06,24,Wed
1997-06-12,19970612,1997,Q2,6,Jun,1997-06,24,Thu
1997-06-13,19970613,1997,Q2,6,Jun,1997-06,24,Fri
1997-06-14,19970614,1997,Q2,6,Jun,1997-06,24,Sat
1997-06-15,19970615,1997,Q2,6,Jun,1997-06,24,Sun
1997-06-16,19970616,1997,Q2,6,Jun,1997-06,25,Mon
1997-06-17,19970617,1997,Q2,6,Jun,1997-06,25,Tue
1997-06-18,19970618,1997,Q2,6,Jun,1997-06,25,Wed
1997-06-19,19970619,1997,Q2,6,Jun,1997-06,25,Thu
1997-06-20,19970620,1997,Q2,6,Jun,1997-06,25,Fri
1997-06-21,19970621,1997,Q2,6,Jun,1997-06,25,Sat
1997-06-22,19970622,1997,Q2,6,Jun,1997-06,25,Sun
1997-06-23,19970623,1997,Q2,6,Jun,1997-06,26,Mon
1997-06-24,19970624,1997,Q2,6,Jun,1997-06,26,Tue
1997-06-25,19970625,1997,Q2,6,Jun,1997-06,26,Wed
1997-06-26,19970626,1997,Q2,6,Jun,1997-06,26,Thu
1997-06-27,19970627,1997,Q2,6,Jun,1997-06,26,Fri
1997-06-28,19970628,1997,Q2,6,Jun,1997-06,26,Sat
1997-06-29,19970629,1997,Q2,6,Jun,1997-06,26,Sun
1997-06-30,19970630,1997,Q2,6,Jun,1997-06,27,Mon
1997-07-01,19970701,1997,Q3,7,Jul,1997-07,27,Tue
1997-07-02,19970702,1997,Q3,7,Jul,1997-07,27,Wed
1997-07-03,19970703,1997,Q3,7,Jul,1997-07,27,Thu
1997-07-04,19970704,1997,Q3,7,Jul,1997-07,27,Fri
1997-07-05,19970705,1997,Q3,7,Jul,1997-07,27,Sat
1997-07-06,19970706,1997,Q3,7,Jul,1997-07,27,Sun
1997-07-07,19970707,1997,Q3,7,Jul,1997-07,28,Mon
1997-07-08,19970708,1997,Q3,7,Jul,1997-07,28,Tue
1997-07-09,19970709,1997,Q3,7,Jul,1997-07,28,Wed
1997-07-10,19970710,1997,Q3,7,Jul,1997-07,28,Thu
1997-07-11,19970711,1997,Q3,7,Jul,1997-07,28,Fri
1997-07-12,19970712,1997,Q3,7,Jul,1997-07,28,Sat
1997-07-13,19970713,1997,Q3,7,Jul,1997-07,28,Sun
1997-07-14,19970714,1997,Q3,7,Jul,1997-07,29,Mon
1997-07-15,19970715,1997,Q3,7,Jul,1997-07,29,Tue
1997-07-16,19970716,1997,Q3,7,Jul,1997-07,29,Wed
1997-07-17,19970717,1997,Q3,7,Jul,1997-07,29,Thu
1997-07-18,19970718,1997,Q3,7,Jul,1997-07,29,Fri
1997-07-19,19970719,1997,Q3,7,Jul,1997-07,29,Sat
1997-07-20,19970720,1997,Q3,7,Jul,1997-07,29,Sun
1997-07-21,19970721,1997,Q3,7,Jul,1997-07,30,Mon
1997-07-22,19970722,1997,Q3,7,Jul,1997-07,30,Tue
1997-07-23,19970723,1997,Q3,7,Jul,1997-07,30,Wed
1997-07-24,19970724,1997,Q3,7,Jul,1997-07,30,Thu
1997-07-25,19970725,1997,Q3,7,Jul,1997-07,30,Fri
1997-07-26,19970726,1997,Q3,7,Jul,1997-07,30,Sat
1997-07-27,19970727,1997,Q3,7,Jul,1997-07,30,Sun
1997-07-28,19970728,1997,Q3,7,Jul,1997-07,31,Mon
1997-07-29,19970729,1997,Q3,7,Jul,1997-07,31,Tue
1997-07-30,19970730,1997,Q3,7,Jul,1997-07,31,Wed
1997-07-31,19970731,1997,Q3,7,Jul,1997-07,31,Thu
1997-08-01,19970801,1997,Q3,8,Aug,1997-08,31,Fri
1997-08-02,19970802,1997,Q3,8,Aug,1997-08,31,Sat
1997-08-03,19970803,1997,Q3,8,Aug,1997-08,31,Sun
1997-08-04,19970804,1997,Q3,8,Aug,1997-08,32,Mon
1997-08-05,19970805,1997,Q3,8,Aug,1997-08,32,Tue
1997-08-06,19970806,1997,Q3,8,Aug,1997-08,32,Wed
1997-08-07,19970807,1997,Q3,8,Aug,1997-08,32,Thu
1997-08-08,19970808,1997,Q3,8,Aug,1997-08,32,Fri
1997-08-09,19970809,1997,Q3,8,Aug,1997-08,32,Sat
1997-08-10,19970810,1997,Q3,8,Aug,1997-08,32,Sun
1997-08-11,19970811,1997,Q3,8,Aug,1997-08,33,Mon
1997-08-12,19970812,1997,Q3,8,Aug,1997-08,33,Tue
1997-08-13,19970813,1997,Q3,8,Aug,1997-08,33,Wed
1997-08-14,19970814,1997,Q3,8,Aug,1997-08,33,Thu
1997-08-15,19970815,1997,Q3,8,Aug,1997-08,33,Fri
1997-08-16,19970816,1997,Q3,8,Aug,1997-08,33,Sat
1997-08-17,19970817,1997,Q3,8,Aug,1997-08,33,Sun
1997-08-18,19970818,1997,Q3,8,Aug,1997-08,34,Mon
1997-08-19,19970819,1997,Q3,8,Aug,1997-08,34,Tue
1997-08-20,19970820,1997,Q3,8,Aug,1997-08,34,Wed
1997-08-21,19970821,1997,Q3,8,Aug,1997-08,34,Thu
1997-08-22,19970822,1997,Q3,8,Aug,1997-08,34,Fri
1997-08-23,19970823,1997,Q3,8,Aug,1997-08,34,Sat
1997-08-24,19970824,1997,Q3,8,Aug,1997-08,34,Sun
1997-08-25,19970825,1997,Q3,8,Aug,1997-08,35,Mon
1997-08-26,19970826,1997,Q3,8,Aug,1997-08,35,Tue
1997-08-27,19970827,1997,Q3,8,Aug,1997-08,35,Wed
1997-08-28,19970828,1997,Q3,8,Aug,1997-08,35,Thu
1997-08-29,19970829,1997,Q3,8,Aug,1997-08,35,Fri
1997-08-30,19970830,1997,Q3,8,Aug,1997-08,35,Sat
1997-08-31,19970831,1997,Q3,8,Aug,1997-08,35,Sun
1997-09-01,19970901,1997,Q3,9,Sep,1997-09,36,Mon
1997-09-02,19970902,1997,Q3,9,Sep,1997-09,36,Tue
1997-09-03,19970903,1997,Q3,9,Sep,1997-09,36,Wed
1997-09-04,19970904,1997,Q3,9,Sep,1997-09,36,Thu
1997-09-05,19970905,1997,Q3,9,Sep,1997-09,36,Fri
1997-09-06,19970906,1997,Q3,9,Sep,1997-09,36,Sat
1997-09-07,19970907,1997,Q3,9,Sep,1997-09,36,Sun
1997-09-08,19970908,1997,Q3,9,Sep,1997-09,37,Mon
1997-09-09,19970909,1997,Q3,9,Sep,1997-09,37,Tue
1997-09-10,19970910,1997,Q3,9,Sep,1997-09,37,Wed
1997-09-11,19970911,1997,Q3,9,Sep,1997-09,37,Thu
1997-09-12,19970912,1997,Q3,9,Sep,1997-09,37,Fri
1997-09-13,19970913,1997,Q3,9,Sep,1997-09,37,Sat
1997-09-14,19970914,1997,Q3,9,Sep,1997-09,37,Sun
1997-09-15,19970915,1997,Q3,9,Sep,1997-09,38,Mon
1997-09-16,19970916,1997,Q3,9,Sep,1997-09,38,Tue
1997-09-17,19970917,1997,Q3,9,Sep,1997-09,38,Wed
1997-09-18,19970918,1997,Q3,9,Sep,1997-09,38,Thu
1997-09-19,19970919,1997,Q3,9,Sep,1997-09,38,Fri
1997-09-20,19970920,1997,Q3,9,Sep,1997-09,38,Sat
1997-09-21,19970921,1997,Q3,9,Sep,1997-09,38,Sun
1997-09-22,19970922,1997,Q3,9,Sep,1997-09,39,Mon
1997-09-23,19970923,1997,Q3,9,Sep,1997-09,39,Tue
1997-09-24,19970924,1997,Q3,9,Sep,1997-09,39,Wed
1997-09-25,19970925,1997,Q3,9,Sep,1997-09,39,Thu
1997-09-26,19970926,1997,Q3,9,Sep,1997-09,39,Fri
1997-09-27,19970927,1997,Q3,9,Sep,1997-09,39,Sat
1997-09-28,19970928,1997,Q3,9,Sep,1997-09,39,Sun
1997-09-29,19970929,1997,Q3,9,Sep,1997-09,40,Mon
1997-09-30,19970930,1997,Q3,9,Sep,1997-09,40,Tue
1997-10-01,19971001,1997,Q4,10,Oct,1997-10,40,Wed
1997-10-02,19971002,1997,Q4,10,Oct,1997-10,40,Thu
1997-10-03,19971003,1997,Q4,10,Oct,1997-10,40,Fri
1997-10-04,19971004,1997,Q4,10,Oct,1997-10,40,Sat
1997-10-05,19971005,1997,Q4,10,Oct,1997-10,40,Sun
1997-10-06,19971006,1997,Q4,10,Oct,1997-10,41,Mon
1997-10-07,19971007,1997,Q4,10,Oct,1997-10,41,Tue
1997-10-08,19971008,1997,Q4,10,Oct,1997-10,41,Wed
1997-10-09,19971009,1997,Q4,10,Oct,1997-10,41,Thu
1997-10-10,19971010,1997,Q4,10,Oct,1997-10,41,Fri
1997-10-11,19971011,1997,Q4,10,Oct,1997-10,41,Sat
1997-10-12,19971012,1997,Q4,10,Oct,1997-10,41,Sun
1997-10-13,19971013,1997,Q4,10,Oct,1997-10,42,Mon
1997-10-14,19971014,1997,Q4,10,Oct,1997-10,42,Tue
1997-10-15,19971015,1997,Q4,10,Oct,1997-10,42,Wed
1997-10-16,19971016,1997,Q4,10,Oct,1997-10,42,Thu
1997-10-17,19971017,1997,Q4,10,Oct,1997-10,42,Fri
1997-10-18,19971018,1997,Q4,10,Oct,1997-10,42,Sat
1997-10-19,19971019,1997,Q4,10,Oct,1997-10,42,Sun
1997-10-20,19971020,1997,Q4,10,Oct,1997-10,43,Mon
1997-10-21,19971021,1997,Q4,10,Oct,1997-10,43,Tue
1997-10-22,19971022,1997,Q4,10,Oct,1997-10,43,Wed
1997-10-23,19971023,1997,Q4,10,Oct,1997-10,43,Thu
1997-10-24,19971024,1997,Q4,10,Oct,1997-10,43,Fri
1997-10-25,19971025,1997,Q4,10,Oct,1997-10,43,Sat
1997-10-26,19971026,1997,Q4,10,Oct,1997-10,43,Sun
1997-10-27,19971027,1997,Q4,10,Oct,1997-10,44,Mon
1997-10-28,19971028,1997,Q4,10,Oct,1997-10,44,Tue
1997-10-29,19971029,1997,Q4,10,Oct,1997-10,44,Wed
1997-10-30,19971030,1997,Q4,10,Oct,1997-10,44,Thu
1997-10-31,19971031,1997,Q4,10,Oct,1997-10,44,Fri
1997-11-01,19971101,1997,Q4,11,Nov,1997-11,44,Sat
1997-11-02,19971102,1997,Q4,11,Nov,1997-11,44,Sun
1997-11-03,19971103,1997,Q4,11,Nov,1997-11,45,Mon
1997-11-04,19971104,1997,Q4,11,Nov,1997-11,45,Tue
1997-11-05,19971105,1997,Q4,11,Nov,1997-11,45,Wed
1997-11-06,19971106,1997,Q4,11,Nov,1997-11,45,Thu
1997-11-07,19971107,1997,Q4,11,Nov,1997-11,45,Fri
1997-11-08,19971108,1997,Q4,11,Nov,1997-11,45,Sat
1997-11-09,19971109,1997,Q4,11,Nov,1997-11,45,Sun
1997-11-10,19971110,1997,Q4,11,Nov,1997-11,46,Mon
1997-11-11,19971111,1997,Q4,11,Nov,1997-11,46,Tue
1997-11-12,19971112,1997,Q4,11,Nov,1997-11,46,Wed
1997-11-13,19971113,1997,Q4,11,Nov,1997-11,46,Thu
1997-11-14,19971114,1997,Q4,11,Nov,1997-11,46,Fri
1997-11-15,19971115,1997,Q4,11,Nov,1997-11,46,Sat
1997-11-16,19971116,1997,Q4,11,Nov,1997-11,46,Sun
1997-11-17,19971117,1997,Q4,11,Nov,1997-11,47,Mon
1997-11-18,19971118,1997,Q4,11,Nov,1997-11,47,Tue
1997-11-19,19971119,1997,Q4,11,Nov,1997-11,47,Wed
1997-11-20,19971120,1997,Q4,11,Nov,1997-11,47,Thu
1997-11-21,19971121,1997,Q4,11,Nov,1997-11,47,Fri
1997-11-22,19971122,1997,Q4,11,Nov,1997-11,47,Sat
1997-11-23,19971123,1997,Q4,11,Nov,1997-11,47,Sun
1997-11-24,19971124,1997,Q4,11,Nov,1997-11,48,Mon
1997-11-25,19971125,1997,Q4,11,Nov,1997-11,48,Tue
1997-11-26,19971126,1997,Q4,11,Nov,1997-11,48,Wed
1997-11-27,19971127,1997,Q4,11,Nov,1997-11,48,Thu
1997-11-28,19971128,1997,Q4,11,Nov,1997-11,48,Fri
1997-11-29,19971129,1997,Q4,11,Nov,1997-11,48,Sat
1997-11-30,19971130,1997,Q4,11,Nov,1997-11,48,Sun
1997-12-01,19971201,1997,Q4,12,Dec,1997-12,49,Mon
1997-12-02,19971202,1997,Q4,12,Dec,1997-12,49,Tue
1997-12-03,19971203,1997,Q4,12,Dec,1997-12,49,Wed
1997-12-04,19971204,1997,Q4,12,Dec,1997-12,49,Thu
1997-12-05,19971205,1997,Q4,12,Dec,1997-12,49,Fri
1997-12-06,19971206,1997,Q4,12,Dec,1997-12,49,Sat
1997-12-07,19971207,1997,Q4,12,Dec,1997-12,49,Sun
1997-12-08,19971208,1997,Q4,12,Dec,1997-12,50,Mon
1997-12-09,19971209,1997,Q4,12,Dec,1997-12,50,Tue
1997-12-10,19971210,1997,Q4,12,Dec,1997-12,50,Wed
1997-12-11,19971211,1997,Q4,12,Dec,1997-12,50,Thu
1997-12-12,19971212,1997,Q4,12,Dec,1997-12,50,Fri
1997-12-13,19971213,1997,Q4,12,Dec,1997-12,50,Sat
1997-12-14,19971214,1997,Q4,12,Dec,1997-12,50,Sun
1997-12-15,19971215,1997,Q4,12,Dec,1997-12,51,Mon
1997-12-16,19971216,1997,Q4,12,Dec,1997-12,51,Tue
1997-12-17,19971217,1997,Q4,12,Dec,1997-12,51,Wed
1997-12-18,19971218,1997,Q4,12,Dec,1997-12,51,Thu
1997-12-19,19971219,1997,Q4,12,Dec,1997-12,51,Fri
1997-12-20,19971220,1997,Q4,12,Dec,1997-12,51,Sat
1997-12-21,19971221,1997,Q4,12,Dec,1997-12,51,Sun
1997-12-22,19971222,1997,Q4,12,Dec,1997-12,52,Mon
1997-12-23,19971223,1997,Q4,12,Dec,1997-12,52,Tue
1997-12-24,19971224,1997,Q4,12,Dec,1997-12,52,Wed
1997-12-25,19971225,1997,Q4,12,Dec,1997-12,52,Thu
1997-12-26,19971226,1997,Q4,12,Dec,1997-12,52,Fri
1997-12-27,19971227,1997,Q4,12,Dec,1997-12,52,Sat
1997-12-28,19971228,1997,Q4,12,Dec,1997-12,52,Sun
1997-12-29,19971229,1997,Q4,12,Dec,1997-12,1,Mon
1997-12-30,19971230,1997,Q4,12,Dec,1997-12,1,Tue
1997-12-31,19971231,1997,Q4,12,Dec,1997-12,1,Wed
1998-01-01,19980101,1998,Q1,1,Jan,1998-01,1,Thu
1998-01-02,19980102,1998,Q1,1,Jan,1998-01,1,Fri
1998-01-03,19980103,1998,Q1,1,Jan,1998-01,1,Sat
1998-01-04,19980104,1998,Q1,1,Jan,1998-01,1,Sun
1998-01-05,19980105,1998,Q1,1,Jan,1998-01,2,Mon
1998-01-06,19980106,1998,Q1,1,Jan,1998-01,2,Tue
1998-01-07,19980107,1998,Q1,1,Jan,1998-01,2,Wed
1998-01-08,19980108,1998,Q1,1,Jan,1998-01,2,Thu
1998-01-09,19980109,1998,Q1,1,Jan,1998-01,2,Fri
1998-01-10,19980110,1998,Q1,1,Jan,1998-01,2,Sat
1998-01-11,19980111,1998,Q1,1,Jan,1998-01,2,Sun
1998-01-12,19980112,1998,Q1,1,Jan,1998-01,3,Mon
1998-01-13,19980113,1998,Q1,1,Jan,1998-01,3,Tue
1998-01-14,19980114,1998,Q1,1,Jan,1998-01,3,Wed
1998-01-15,19980115,1998,Q1,1,Jan,1998-01,3,Thu
1998-01-16,19980116,1998,Q1,1,Jan,1998-01,3,Fri
1998-01-17,19980117,1998,Q1,1,Jan,1998-01,3,Sat
1998-01-18,19980118,1998,Q1,1,Jan,1998-01,3,Sun
1998-01-19,19980119,1998,Q1,1,Jan,1998-01,4,Mon
1998-01-20,19980120,1998,Q1,1,Jan,1998-01,4,Tue
1998-01-21,19980121,1998,Q1,1,Jan,1998-01,4,Wed
1998-01-22,19980122,1998,Q1,1,Jan,1998-01,4,Thu
1998-01-23,19980123,1998,Q1,1,Jan,1998-01,4,Fri
1998-01-24,19980124,1998,Q1,1,Jan,1998-01,4,Sat
1998-01-25,19980125,1998,Q1,1,Jan,1998-01,4,Sun
1998-01-26,19980126,1998,Q1,1,Jan,1998-01,5,Mon
1998-01-27,19980127,1998,Q1,1,Jan,1998-01,5,Tue
1998-01-28,19980128,1998,Q1,1,Jan,1998-01,5,Wed
1998-01-29,19980129,1998,Q1,1,Jan,1998-01,5,Thu
1998-01-30,19980130,1998,Q1,1,Jan,1998-01,5,Fri
1998-01-31,19980131,1998,Q1,1,Jan,1998-01,5,Sat
1998-02-01,19980201,1998,Q1,2,Feb,1998-02,5,Sun
1998-02-02,19980202,1998,Q1,2,Feb,1998-02,6,Mon
1998-02-03,19980203,1998,Q1,2,Feb,1998-02,6,Tue
1998-02-04,19980204,1998,Q1,2,Feb,1998-02,6,Wed
1998-02-05,19980205,1998,Q1,2,Feb,1998-02,6,Thu
1998-02-06,19980206,1998,Q1,2,Feb,1998-02,6,Fri
1998-02-07,19980207,1998,Q1,2,Feb,1998-02,6,Sat
1998-02-08,19980208,1998,Q1,2,Feb,1998-02,6,Sun
1998-02-09,19980209,1998,Q1,2,Feb,1998-02,7,Mon
1998-02-10,19980210,1998,Q1,2,Feb,1998-02,7,Tue
1998-02-11,19980211,1998,Q1,2,Feb,1998-02,7,Wed
1998-02-12,19980212,1998,Q1,2,Feb,1998-02,7,Thu
1998-02-13,19980213,1998,Q1,2,Feb,1998-02,7,Fri
1998-02-14,19980214,1998,Q1,2,Feb,1998-02,7,Sat
1998-02-15,19980215,1998,Q1,2,Feb,1998-02,7,Sun
1998-02-16,19980216,1998,Q1,2,Feb,1998-02,8,Mon
1998-02-17,19980217,1998,Q1,2,Feb,1998-02,8,Tue
1998-02-18,19980218,1998,Q1,2,Feb,1998-02,8,Wed
1998-02-19,19980219,1998,Q1,2,Feb,1998-02,8,Thu
1998-02-20,19980220,1998,Q1,2,Feb,1998-02,8,Fri
1998-02-21,19980221,1998,Q1,2,Feb,1998-02,8,Sat
1998-02-22,19980222,1998,Q1,2,Feb,1998-02,8,Sun
1998-02-23,19980223,1998,Q1,2,Feb,1998-02,9,Mon
1998-02-24,19980224,1998,Q1,2,Feb,1998-02,9,Tue
1998-02-25,19980225,1998,Q1,2,Feb,1998-02,9,Wed
1998-02-26,19980226,1998,Q1,2,Feb,1998-02,9,Thu
1998-02-27,19980227,1998,Q1,2,Feb,1998-02,9,Fri
1998-02-28,19980228,1998,Q1,2,Feb,1998-02,9,Sat
1998-03-01,19980301,1998,Q1,3,Mar,1998-03,9,Sun
1998-03-02,19980302,1998,Q1,3,Mar,1998-03,10,Mon
1998-03-03,19980303,1998,Q1,3,Mar,1998-03,10,Tue
1998-03-04,19980304,1998,Q1,3,Mar,1998-03,10,Wed
1998-03-05,19980305,1998,Q1,3,Mar,1998-03,10,Thu
1998-03-06,19980306,1998,Q1,3,Mar,1998-03,10,Fri
1998-03-07,19980307,1998,Q1,3,Mar,1998-03,10,Sat
1998-03-08,19980308,1998,Q1,3,Mar,1998-03,10,Sun
1998-03-09,19980309,1998,Q1,3,Mar,1998-03,11,Mon
1998-03-10,19980310,1998,Q1,3,Mar,1998-03,11,Tue
1998-03-11,19980311,1998,Q1,3,Mar,1998-03,11,Wed
1998-03-12,19980312,1998,Q1,3,Mar,1998-03,11,Thu
1998-03-13,19980313,1998,Q1,3,Mar,1998-03,11,Fri
1998-03-14,19980314,1998,Q1,3,Mar,1998-03,11,Sat
1998-03-15,19980315,1998,Q1,3,Mar,1998-03,11,Sun
1998-03-16,19980316,1998,Q1,3,Mar,1998-03,12,Mon
1998-03-17,19980317,1998,Q1,3,Mar,1998-03,12,Tue
1998-03-18,19980318,1998,Q1,3,Mar,1998-03,12,Wed
1998-03-19,19980319,1998,Q1,3,Mar,1998-03,12,Thu
1998-03-20,19980320,1998,Q1,3,Mar,1998-03,12,Fri
1998-03-21,19980321,1998,Q1,3,Mar,1998-03,12,Sat
1998-03-22,19980322,1998,Q1,3,Mar,1998-03,12,Sun
1998-03-23,19980323,1998,Q1,3,Mar,1998-03,13,Mon
1998-03-24,19980324,1998,Q1,3,Mar,1998-03,13,Tue
1998-03-25,19980325,1998,Q1,3,Mar,1998-03,13,Wed
1998-03-26,19980326,1998,Q1,3,Mar,1998-03,13,Thu
1998-03-27,19980327,1998,Q1,3,Mar,1998-03,13,Fri
1998-03-28,19980328,1998,Q1,3,Mar,1998-03,13,Sat
1998-03-29,19980329,1998,Q1,3,Mar,1998-03,13,Sun
1998-03-30,19980330,1998,Q1,3,Mar,1998-03,14,Mon
1998-03-31,19980331,1998,Q1,3,Mar,1998-03,14,Tue
1998-04-01,19980401,1998,Q2,4,Apr,1998-04,14,Wed
1998-04-02,19980402,1998,Q2,4,Apr,1998-04,14,Thu
1998-04-03,19980403,1998,Q2,4,Apr,1998-04,14,Fri
1998-04-04,19980404,1998,Q2,4,Apr,1998-04,14,Sat
1998-04-05,19980405,1998,Q2,4,Apr,1998-04,14,Sun
1998-04-06,19980406,1998,Q2,4,Apr,1998-04,15,Mon
1998-04-07,19980407,1998,Q2,4,Apr,1998-04,15,Tue
1998-04-08,19980408,1998,Q2,4,Apr,1998-04,15,Wed
1998-04-09,19980409,1998,Q2,4,Apr,1998-04,15,Thu
1998-04-10,19980410,1998,Q2,4,Apr,1998-04,15,Fri
1998-04-11,19980411,1998,Q2,4,Apr,1998-04,15,Sat
1998-04-12,19980412,1998,Q2,4,Apr,1998-04,15,Sun
1998-04-13,19980413,1998,Q2,4,Apr,1998-04,16,Mon
1998-04-14,19980414,1998,Q2,4,Apr,1998-04,16,Tue
1998-04-15,19980415,1998,Q2,4,Apr,1998-04,16,Wed
1998-04-16,19980416,1998,Q2,4,Apr,1998-04,16,Thu
1998-04-17,19980417,1998,Q2,4,Apr,1998-04,16,Fri
1998-04-18,19980418,1998,Q2,4,Apr,1998-04,16,Sat
1998-04-19,19980419,1998,Q2,4,Apr,1998-04,16,Sun
1998-04-20,19980420,1998,Q2,4,Apr,1998-04,17,Mon
1998-04-21,19980421,1998,Q2,4,Apr,1998-04,17,Tue
1998-04-22,19980422,1998,Q2,4,Apr,1998-04,17,Wed
1998-04-23,19980423,1998,Q2,4,Apr,1998-04,17,Thu
1998-04-24,19980424,1998,Q2,4,Apr,1998-04,17,Fri
1998-04-25,19980425,1998,Q2,4,Apr,1998-04,17,Sat
1998-04-26,19980426,1998,Q2,4,Apr,1998-04,17,Sun
1998-04-27,19980427,1998,Q2,4,Apr,1998-04,18,Mon
1998-04-28,19980428,1998,Q2,4,Apr,1998-04,18,Tue
1998-04-29,19980429,1998,Q2,4,Apr,1998-04,18,Wed
1998-04-30,19980430,1998,Q2,4,Apr,1998-04,18,Thu
1998-05-01,19980501,1998,Q2,5,May,1998-05,18,Fri
1998-05-02,19980502,1998,Q2,5,May,1998-05,18,Sat
1998-05-03,19980503,1998,Q2,5,May,1998-05,18,Sun
1998-05-04,19980504,1998,Q2,5,May,1998-05,19,Mon
1998-05-05,19980505,1998,Q2,5,May,1998-05,19,Tue
1998-05-06,19980506,1998,Q2,5,May,1998-05,19,Wed
1998-05-07,19980507,1998,Q2,5,May,1998-05,19,Thu
1998-05-08,19980508,1998,Q2,5,May,1998-05,19,Fri
1998-05-09,19980509,1998,Q2,5,May,1998-05,19,Sat
1998-05-10,19980510,1998,Q2,5,May,1998-05,19,Sun
1998-05-11,19980511,1998,Q2,5,May,1998-05,20,Mon
1998-05-12,19980512,1998,Q2,5,May,1998-05,20,Tue
1998-05-13,19980513,1998,Q2,5,May,1998-05,20,Wed
1998-05-14,19980514,1998,Q2,5,May,1998-05,20,Thu
1998-05-15,19980515,1998,Q2,5,May,1998-05,20,Fri
1998-05-16,19980516,1998,Q2,5,May,1998-05,20,Sat
1998-05-17,19980517,1998,Q2,5,May,1998-05,20,Sun
1998-05-18,19980518,1998,Q2,5,May,1998-05,21,Mon
1998-05-19,19980519,1998,Q2,5,May,1998-05,21,Tue
1998-05-20,19980520,1998,Q2,5,May,1998-05,21,Wed
1998-05-21,19980521,1998,Q2,5,May,1998-05,21,Thu
1998-05-22,19980522,1998,Q2,5,May,1998-05,21,Fri
1998-05-23,19980523,1998,Q2,5,May,1998-05,21,Sat
1998-05-24,19980524,1998,Q2,5,May,1998-05,21,Sun
1998-05-25,19980525,1998,Q2,5,May,1998-05,22,Mon
1998-05-26,19980526,1998,Q2,5,May,1998-05,22,Tue
1998-05-27,19980527,1998,Q2,5,May,1998-05,22,Wed
1998-05-28,19980528,1998,Q2,5,May,1998-05,22,Thu
1998-05-29,19980529,1998,Q2,5,May,1998-05,22,Fri
1998-05-30,19980530,1998,Q2,5,May,1998-05,22,Sat
1998-05-31,19980531,1998,Q2,5,May,1998-05,22,Sun
1998-06-01,19980601,1998,Q2,6,Jun,1998-06,23,Mon
1998-06-02,19980602,1998,Q2,6,Jun,1998-06,23,Tue
1998-06-03,19980603,1998,Q2,6,Jun,1998-06,23,Wed
1998-06-04,19980604,1998,Q2,6,Jun,1998-06,23,Thu
1998-06-05,19980605,1998,Q2,6,Jun,1998-06,23,Fri
1998-06-06,19980606,1998,Q2,6,Jun,1998-06,23,Sat
1998-06-07,19980607,1998,Q2,6,Jun,1998-06,23,Sun
1998-06-08,19980608,1998,Q2,6,Jun,1998-06,24,Mon
1998-06-09,19980609,1998,Q2,6,Jun,1998-06,24,Tue
1998-06-10,19980610,1998,Q2,6,Jun,1998-06,24,Wed
1998-06-11,19980611,1998,Q2,6,Jun,1998-06,24,Thu
1998-06-12,19980612,1998,Q2,6,Jun,1998-06,24,Fri
1998-06-13,19980613,1998,Q2,6,Jun,1998-06,24,Sat
1998-06-14,19980614,1998,Q2,6,Jun,1998-06,24,Sun
1998-06-15,19980615,1998,Q2,6,Jun,1998-06,25,Mon
1998-06-16,19980616,1998,Q2,6,Jun,1998-06,25,Tue
1998-06-17,19980617,1998,Q2,6,Jun,1998-06,25,Wed
1998-06-18,19980618,1998,Q2,6,Jun,1998-06,25,Thu
1998-06-19,19980619,1998,Q2,6,Jun,1998-06,25,Fri
1998-06-20,19980620,1998,Q2,6,Jun,1998-06,25,Sat
1998-06-21,19980621,1998,Q2,6,Jun,1998-06,25,Sun
1998-06-22,19980622,1998,Q2,6,Jun,1998-06,26,Mon
1998-06-23,19980623,1998,Q2,6,Jun,1998-06,26,Tue
1998-06-24,19980624,1998,Q2,6,Jun,1998-06,26,Wed
1998-06-25,19980625,1998,Q2,6,Jun,1998-06,26,Thu
1998-06-26,19980626,1998,Q2,6,Jun,1998-06,26,Fri
1998-06-27,19980627,1998,Q2,6,Jun,1998-06,26,Sat
1998-06-28,19980628,1998,Q2,6,Jun,1998-06,26,Sun
1998-06-29,19980629,1998,Q2,6,Jun,1998-06,27,Mon
1998-06-30,19980630,1998,Q2,6,Jun,1998-06,27,Tue
1998-07-01,19980701,1998,Q3,7,Jul,1998-07,27,Wed
1998-07-02,19980702,1998,Q3,7,Jul,1998-07,27,Thu
1998-07-03,19980703,1998,Q3,7,Jul,1998-07,27,Fri
1998-07-04,19980704,1998,Q3,7,Jul,1998-07,27,Sat
1998-07-05,19980705,1998,Q3,7,Jul,1998-07,27,Sun
1998-07-06,19980706,1998,Q3,7,Jul,1998-07,28,Mon
1998-07-07,19980707,1998,Q3,7,Jul,1998-07,28,Tue
1998-07-08,19980708,1998,Q3,7,Jul,1998-07,28,Wed
1998-07-09,19980709,1998,Q3,7,Jul,1998-07,28,Thu
1998-07-10,19980710,1998,Q3,7,Jul,1998-07,28,Fri
1998-07-11,19980711,1998,Q3,7,Jul,1998-07,28,Sat
1998-07-12,19980712,1998,Q3,7,Jul,1998-07,28,Sun
1998-07-13,19980713,1998,Q3,7,Jul,1998-07,29,Mon
1998-07-14,19980714,1998,Q3,7,Jul,1998-07,29,Tue
1998-07-15,19980715,1998,Q3,7,Jul,1998-07,29,Wed
1998-07-16,19980716,1998,Q3,7,Jul,1998-07,29,Thu
1998-07-17,19980717,1998,Q3,7,Jul,1998-07,29,Fri
1998-07-18,19980718,1998,Q3,7,Jul,1998-07,29,Sat
1998-07-19,19980719,1998,Q3,7,Jul,1998-07,29,Sun
1998-07-20,19980720,1998,Q3,7,Jul,1998-07,30,Mon
1998-07-21,19980721,1998,Q3,7,Jul,1998-07,30,Tue
1998-07-22,19980722,1998,Q3,7,Jul,1998-07,30,Wed
1998-07-23,19980723,1998,Q3,7,Jul,1998-07,30,Thu
1998-07-24,19980724,1998,Q3,7,Jul,1998-07,30,Fri
1998-07-25,19980725,1998,Q3,7,Jul,1998-07,30,Sat
1998-07-26,19980726,1998,Q3,7,Jul,1998-07,30,Sun
1998-07-27,19980727,1998,Q3,7,Jul,1998-07,31,Mon
1998-07-28,19980728,1998,Q3,7,Jul,1998-07,31,Tue
1998-07-29,19980729,1998,Q3,7,Jul,1998-07,31,Wed
1998-07-30,19980730,1998,Q3,7,Jul,1998-07,31,Thu
1998-07-31,19980731,1998,Q3,7,Jul,1998-07,31,Fri
1998-08-01,19980801,1998,Q3,8,Aug,1998-08,31,Sat
1998-08-02,19980802,1998,Q3,8,Aug,1998-08,31,Sun
1998-08-03,19980803,1998,Q3,8,Aug,1998-08,32,Mon
1998-08-04,19980804,1998,Q3,8,Aug,1998-08,32,Tue
1998-08-05,19980805,1998,Q3,8,Aug,1998-08,32,Wed
1998-08-06,19980806,1998,Q3,8,Aug,1998-08,32,Thu
1998-08-07,19980807,1998,Q3,8,Aug,1998-08,32,Fri
1998-08-08,19980808,1998,Q3,8,Aug,1998-08,32,Sat
1998-08-09,19980809,1998,Q3,8,Aug,1998-08,32,Sun
1998-08-10,19980810,1998,Q3,8,Aug,1998-08,33,Mon
1998-08-11,19980811,1998,Q3,8,Aug,1998-08,33,Tue
1998-08-12,19980812,1998,Q3,8,Aug,1998-08,33,Wed
1998-08-13,19980813,1998,Q3,8,Aug,1998-08,33,Thu
1998-08-14,19980814,1998,Q3,8,Aug,1998-08,33,Fri
1998-08-15,19980815,1998,Q3,8,Aug,1998-08,33,Sat
1998-08-16,19980816,1998,Q3,8,Aug,1998-08,33,Sun
1998-08-17,19980817,1998,Q3,8,Aug,1998-08,34,Mon
1998-08-18,19980818,1998,Q3,8,Aug,1998-08,34,Tue
1998-08-19,19980819,1998,Q3,8,Aug,1998-08,34,Wed
1998-08-20,19980820,1998,Q3,8,Aug,1998-08,34,Thu
1998-08-21,19980821,1998,Q3,8,Aug,1998-08,34,Fri
1998-08-22,19980822,1998,Q3,8,Aug,1998-08,34,Sat
1998-08-23,19980823,1998,Q3,8,Aug,1998-08,34,Sun
1998-08-24,19980824,1998,Q3,8,Aug,1998-08,35,Mon
1998-08-25,19980825,1998,Q3,8,Aug,1998-08,35,Tue
1998-08-26,19980826,1998,Q3,8,Aug,1998-08,35,Wed
1998-08-27,19980827,1998,Q3,8,Aug,1998-08,35,Thu
1998-08-28,19980828,1998,Q3,8,Aug,1998-08,35,Fri
1998-08-29,19980829,1998,Q3,8,Aug,1998-08,35,Sat
1998-08-30,19980830,1998,Q3,8,Aug,1998-08,35,Sun
1998-08-31,19980831,1998,Q3,8,Aug,1998-08,36,Mon
1998-09-01,19980901,1998,Q3,9,Sep,1998-09,36,Tue
1998-09-02,19980902,1998,Q3,9,Sep,1998-09,36,Wed
1998-09-03,19980903,1998,Q3,9,Sep,1998-09,36,Thu
1998-09-04,19980904,1998,Q3,9,Sep,1998-09,36,Fri
1998-09-05,19980905,1998,Q3,9,Sep,1998-09,36,Sat
1998-09-06,19980906,1998,Q3,9,Sep,1998-09,36,Sun
1998-09-07,19980907,1998,Q3,9,Sep,1998-09,37,Mon
1998-09-08,19980908,1998,Q3,9,Sep,1998-09,37,Tue
1998-09-09,19980909,1998,Q3,9,Sep,1998-09,37,Wed
1998-09-10,19980910,1998,Q3,9,Sep,1998-09,37,Thu
1998-09-11,19980911,1998,Q3,9,Sep,1998-09,37,Fri
1998-09-12,19980912,1998,Q3,9,Sep,1998-09,37,Sat
1998-09-13,19980913,1998,Q3,9,Sep,1998-09,37,Sun
1998-09-14,19980914,1998,Q3,9,Sep,1998-09,38,Mon
1998-09-15,19980915,1998,Q3,9,Sep,1998-09,38,Tue
1998-09-16,19980916,1998,Q3,9,Sep,1998-09,38,Wed
1998-09-17,19980917,1998,Q3,9,Sep,1998-09,38,Thu
1998-09-18,19980918,1998,Q3,9,Sep,1998-09,38,Fri
1998-09-19,19980919,1998,Q3,9,Sep,1998-09,38,Sat
1998-09-20,19980920,1998,Q3,9,Sep,1998-09,38,Sun
1998-09-21,19980921,1998,Q3,9,Sep,1998-09,39,Mon
1998-09-22,19980922,1998,Q3,9,Sep,1998-09,39,Tue
1998-09-23,19980923,1998,Q3,9,Sep,1998-09,39,Wed
1998-09-24,19980924,1998,Q3,9,Sep,1998-09,39,Thu
1998-09-25,19980925,1998,Q3,9,Sep,1998-09,39,Fri
1998-09-26,19980926,1998,Q3,9,Sep,1998-09,39,Sat
1998-09-27,19980927,1998,Q3,9,Sep,1998-09,39,Sun
1998-09-28,19980928,1998,Q3,9,Sep,1998-09,40,Mon
1998-09-29,19980929,1998,Q3,9,Sep,1998-09,40,Tue
1998-09-30,19980930,1998,Q3,9,Sep,1998-09,40,Wed
1998-10-01,19981001,1998,Q4,10,Oct,1998-10,40,Thu
1998-10-02,19981002,1998,Q4,10,Oct,1998-10,40,Fri
1998-10-03,19981003,1998,Q4,10,Oct,1998-10,40,Sat
1998-10-04,19981004,1998,Q4,10,Oct,1998-10,40,Sun
1998-10-05,19981005,1998,Q4,10,Oct,1998-10,41,Mon
1998-10-06,19981006,1998,Q4,10,Oct,1998-10,41,Tue
1998-10-07,19981007,1998,Q4,10,Oct,1998-10,41,Wed
1998-10-08,19981008,1998,Q4,10,Oct,1998-10,41,Thu
1998-10-09,19981009,1998,Q4,10,Oct,1998-10,41,Fri
1998-10-10,19981010,1998,Q4,10,Oct,1998-10,41,Sat
1998-10-11,19981011,1998,Q4,10,Oct,1998-10,41,Sun
1998-10-12,19981012,1998,Q4,10,Oct,1998-10,42,Mon
1998-10-13,19981013,1998,Q4,10,Oct,1998-10,42,Tue
1998-10-14,19981014,1998,Q4,10,Oct,1998-10,42,Wed
1998-10-15,19981015,1998,Q4,10,Oct,1998-10,42,Thu
1998-10-16,19981016,1998,Q4,10,Oct,1998-10,42,Fri
1998-10-17,19981017,1998,Q4,10,Oct,1998-10,42,Sat
1998-10-18,19981018,1998,Q4,10,Oct,1998-10,42,Sun
1998-10-19,19981019,1998,Q4,10,Oct,1998-10,43,Mon
1998-10-20,19981020,1998,Q4,10,Oct,1998-10,43,Tue
1998-10-21,19981021,1998,Q4,10,Oct,1998-10,43,Wed
1998-10-22,19981022,1998,Q4,10,Oct,1998-10,43,Thu
1998-10-23,19981023,1998,Q4,10,Oct,1998-10,43,Fri
1998-10-24,19981024,1998,Q4,10,Oct,1998-10,43,Sat
1998-10-25,19981025,1998,Q4,10,Oct,1998-10,43,Sun
1998-10-26,19981026,1998,Q4,10,Oct,1998-10,44,Mon
1998-10-27,19981027,1998,Q4,10,Oct,1998-10,44,Tue
1998-10-28,19981028,1998,Q4,10,Oct,1998-10,44,Wed
1998-10-29,19981029,1998,Q4,10,Oct,1998-10,44,Thu
1998-10-30,19981030,1998,Q4,10,Oct,1998-10,44,Fri
1998-10-31,19981031,1998,Q4,10,Oct,1998-10,44,Sat
1998-11-01,19981101,1998,Q4,11,Nov,1998-11,44,Sun
1998-11-02,19981102,1998,Q4,11,Nov,1998-11,45,Mon
1998-11-03,19981103,1998,Q4,11,Nov,1998-11,45,Tue
1998-11-04,19981104,1998,Q4,11,Nov,1998-11,45,Wed
1998-11-05,19981105,1998,Q4,11,Nov,1998-11,45,Thu
1998-11-06,19981106,1998,Q4,11,Nov,1998-11,45,Fri
1998-11-07,19981107,1998,Q4,11,Nov,1998-11,45,Sat
1998-11-08,19981108,1998,Q4,11,Nov,1998-11,45,Sun
1998-11-09,19981109,1998,Q4,11,Nov,1998-11,46,Mon
1998-11-10,19981110,1998,Q4,11,Nov,1998-11,46,Tue
1998-11-11,19981111,1998,Q4,11,Nov,1998-11,46,Wed
1998-11-12,19981112,1998,Q4,11,Nov,1998-11,46,Thu
1998-11-13,19981113,1998,Q4,11,Nov,1998-11,46,Fri
1998-11-14,19981114,1998,Q4,11,Nov,1998-11,46,Sat
1998-11-15,19981115,1998,Q4,11,Nov,1998-11,46,Sun
1998-11-16,19981116,1998,Q4,11,Nov,1998-11,47,Mon
1998-11-17,19981117,1998,Q4,11,Nov,1998-11,47,Tue
1998-11-18,19981118,1998,Q4,11,Nov,1998-11,47,Wed
1998-11-19,19981119,1998,Q4,11,Nov,1998-11,47,Thu
1998-11-20,19981120,1998,Q4,11,Nov,1998-11,47,Fri
1998-11-21,19981121,1998,Q4,11,Nov,1998-11,47,Sat
1998-11-22,19981122,1998,Q4,11,Nov,1998-11,47,Sun
1998-11-23,19981123,1998,Q4,11,Nov,1998-11,48,Mon
1998-11-24,19981124,1998,Q4,11,Nov,1998-11,48,Tue
1998-11-25,19981125,1998,Q4,11,Nov,1998-11,48,Wed
1998-11-26,19981126,1998,Q4,11,Nov,1998-11,48,Thu
1998-11-27,19981127,1998,Q4,11,Nov,1998-11,48,Fri
1998-11-28,19981128,1998,Q4,11,Nov,1998-11,48,Sat
1998-11-29,19981129,1998,Q4,11,Nov,1998-11,48,Sun
1998-11-30,19981130,1998,Q4,11,Nov,1998-11,49,Mon
1998-12-01,19981201,1998,Q4,12,Dec,1998-12,49,Tue
1998-12-02,19981202,1998,Q4,12,Dec,1998-12,49,Wed
1998-12-03,19981203,1998,Q4,12,Dec,1998-12,49,Thu
1998-12-04,19981204,1998,Q4,12,Dec,1998-12,49,Fri
1998-12-05,19981205,1998,Q4,12,Dec,1998-12,49,Sat
1998-12-06,19981206,1998,Q4,12,Dec,1998-12,49,Sun
1998-12-07,19981207,1998,Q4,12,Dec,1998-12,50,Mon
1998-12-08,19981208,1998,Q4,12,Dec,1998-12,50,Tue
1998-12-09,19981209,1998,Q4,12,Dec,1998-12,50,Wed
1998-12-10,19981210,1998,Q4,12,Dec,1998-12,50,Thu
1998-12-11,19981211,1998,Q4,12,Dec,1998-12,50,Fri
1998-12-12,19981212,1998,Q4,12,Dec,1998-12,50,Sat
1998-12-13,19981213,1998,Q4,12,Dec,1998-12,50,Sun
1998-12-14,19981214,1998,Q4,12,Dec,1998-12,51,Mon
1998-12-15,19981215,1998,Q4,12,Dec,1998-12,51,Tue
1998-12-16,19981216,1998,Q4,12,Dec,1998-12,51,Wed
1998-12-17,19981217,1998,Q4,12,Dec,1998-12,51,Thu
1998-12-18,19981218,1998,Q4,12,Dec,1998-12,51,Fri
1998-12-19,19981219,1998,Q4,12,Dec,1998-12,51,Sat
1998-12-20,19981220,1998,Q4,12,Dec,1998-12,51,Sun
1998-12-21,19981221,1998,Q4,12,Dec,1998-12,52,Mon
1998-12-22,19981222,1998,Q4,12,Dec,1998-12,52,Tue
1998-12-23,19981223,1998,Q4,12,Dec,1998-12,52,Wed
1998-12-24,19981224,1998,Q4,12,Dec,1998-12,52,Thu
1998-12-25,19981225,1998,Q4,12,Dec,1998-12,52,Fri
1998-12-26,19981226,1998,Q4,12,Dec,1998-12,52,Sat
1998-12-27,19981227,1998,Q4,12,Dec,1998-12,52,Sun
1998-12-28,19981228,1998,Q4,12,Dec,1998-12,53,Mon
1998-12-29,19981229,1998,Q4,12,Dec,1998-12,53,Tue
1998-12-30,19981230,1998,Q4,12,Dec,1998-12,53,Wed
1998-12-31,19981231,1998,Q4,12,Dec,1998-12,53,Thu
1999-01-01,19990101,1999,Q1,1,Jan,1999-01,53,Fri
1999-01-02,19990102,1999,Q1,1,Jan,1999-01,53,Sat
1999-01-03,19990103,1999,Q1,1,Jan,1999-01,53,Sun
1999-01-04,19990104,1999,Q1,1,Jan,1999-01,1,Mon
1999-01-05,19990105,1999,Q1,1,Jan,1999-01,1,Tue
1999-01-06,19990106,1999,Q1,1,Jan,1999-01,1,Wed
1999-01-07,19990107,1999,Q1,1,Jan,1999-01,1,Thu
1999-01-08,19990108,1999,Q1,1,Jan,1999-01,1,Fri
1999-01-09,19990109,1999,Q1,1,Jan,1999-01,1,Sat
1999-01-10,19990110,1999,Q1,1,Jan,1999-01,1,Sun
1999-01-11,19990111,1999,Q1,1,Jan,1999-01,2,Mon
1999-01-12,19990112,1999,Q1,1,Jan,1999-01,2,Tue
1999-01-13,19990113,1999,Q1,1,Jan,1999-01,2,Wed
1999-01-14,19990114,1999,Q1,1,Jan,1999-01,2,Thu
1999-01-15,19990115,1999,Q1,1,Jan,1999-01,2,Fri
1999-01-16,19990116,1999,Q1,1,Jan,1999-01,2,Sat
1999-01-17,19990117,1999,Q1,1,Jan,1999-01,2,Sun
1999-01-18,19990118,1999,Q1,1,Jan,1999-01,3,Mon
1999-01-19,19990119,1999,Q1,1,Jan,1999-01,3,Tue
1999-01-20,19990120,1999,Q1,1,Jan,1999-01,3,Wed
1999-01-21,19990121,1999,Q1,1,Jan,1999-01,3,Thu
1999-01-22,19990122,1999,Q1,1,Jan,1999-01,3,Fri
1999-01-23,19990123,1999,Q1,1,Jan,1999-01,3,Sat
1999-01-24,19990124,1999,Q1,1,Jan,1999-01,3,Sun
1999-01-25,19990125,1999,Q1,1,Jan,1999-01,4,Mon
1999-01-26,19990126,1999,Q1,1,Jan,1999-01,4,Tue
1999-01-27,19990127,1999,Q1,1,Jan,1999-01,4,Wed
1999-01-28,19990128,1999,Q1,1,Jan,1999-01,4,Thu
1999-01-29,19990129,1999,Q1,1,Jan,1999-01,4,Fri
1999-01-30,19990130,1999,Q1,1,Jan,1999-01,4,Sat
1999-01-31,19990131,1999,Q1,1,Jan,1999-01,4,Sun
1999-02-01,19990201,1999,Q1,2,Feb,1999-02,5,Mon
1999-02-02,19990202,1999,Q1,2,Feb,1999-02,5,Tue
1999-02-03,19990203,1999,Q1,2,Feb,1999-02,5,Wed
1999-02-04,19990204,1999,Q1,2,Feb,1999-02,5,Thu
1999-02-05,19990205,1999,Q1,2,Feb,1999-02,5,Fri
1999-02-06,19990206,1999,Q1,2,Feb,1999-02,5,Sat
1999-02-07,19990207,1999,Q1,2,Feb,1999-02,5,Sun
1999-02-08,19990208,1999,Q1,2,Feb,1999-02,6,Mon
1999-02-09,19990209,1999,Q1,2,Feb,1999-02,6,Tue
1999-02-10,19990210,1999,Q1,2,Feb,1999-02,6,Wed
1999-02-11,19990211,1999,Q1,2,Feb,1999-02,6,Thu
1999-02-12,19990212,1999,Q1,2,Feb,1999-02,6,Fri
1999-02-13,19990213,1999,Q1,2,Feb,1999-02,6,Sat
1999-02-14,19990214,1999,Q1,2,Feb,1999-02,6,Sun
1999-02-15,19990215,1999,Q1,2,Feb,1999-02,7,Mon
1999-02-16,19990216,1999,Q1,2,Feb,1999-02,7,Tue
1999-02-17,19990217,1999,Q1,2,Feb,1999-02,7,Wed
1999-02-18,19990218,1999,Q1,2,Feb,1999-02,7,Thu
1999-02-19,19990219,1999,Q1,2,Feb,1999-02,7,Fri
1999-02-20,19990220,1999,Q1,2,Feb,1999-02,7,Sat
1999-02-21,19990221,1999,Q1,2,Feb,1999-02,7,Sun
1999-02-22,19990222,1999,Q1,2,Feb,1999-02,8,Mon
1999-02-23,19990223,1999,Q1,2,Feb,1999-02,8,Tue
1999-02-24,19990224,1999,Q1,2,Feb,1999-02,8,Wed
1999-02-25,19990225,1999,Q1,2,Feb,1999-02,8,Thu
1999-02-26,19990226,1999,Q1,2,Feb,1999-02,8,Fri
1999-02-27,19990227,1999,Q1,2,Feb,1999-02,8,Sat
1999-02-28,19990228,1999,Q1,2,Feb,1999-02,8,Sun
1999-03-01,19990301,1999,Q1,3,Mar,1999-03,9,Mon
1999-03-02,19990302,1999,Q1,3,Mar,1999-03,9,Tue
1999-03-03,19990303,1999,Q1,3,Mar,1999-03,9,Wed
1999-03-04,19990304,1999,Q1,3,Mar,1999-03,9,Thu
1999-03-05,19990305,1999,Q1,3,Mar,1999-03,9,Fri
1999-03-06,19990306,1999,Q1,3,Mar,1999-03,9,Sat
1999-03-07,19990307,1999,Q1,3,Mar,1999-03,9,Sun
1999-03-08,19990308,1999,Q1,3,Mar,1999-03,10,Mon
1999-03-09,19990309,1999,Q1,3,Mar,1999-03,10,Tue
1999-03-10,19990310,1999,Q1,3,Mar,1999-03,10,Wed
1999-03-11,19990311,1999,Q1,3,Mar,1999-03,10,Thu
1999-03-12,19990312,1999,Q1,3,Mar,1999-03,10,Fri
1999-03-13,19990313,1999,Q1,3,Mar,1999-03,10,Sat
1999-03-14,19990314,1999,Q1,3,Mar,1999-03,10,Sun
1999-03-15,19990315,1999,Q1,3,Mar,1999-03,11,Mon
1999-03-16,19990316,1999,Q1,3,Mar,1999-03,11,Tue
1999-03-17,19990317,1999,Q1,3,Mar,1999-03,11,Wed
1999-03-18,19990318,1999,Q1,3,Mar,1999-03,11,Thu
1999-03-19,19990319,1999,Q1,3,Mar,1999-03,11,Fri
1999-03-20,19990320,1999,Q1,3,Mar,1999-03,11,Sat
1999-03-21,19990321,1999,Q1,3,Mar,1999-03,11,Sun
1999-03-22,19990322,1999,Q1,3,Mar,1999-03,12,Mon
1999-03-23,19990323,1999,Q1,3,Mar,1999-03,12,Tue
1999-03-24,19990324,1999,Q1,3,Mar,1999-03,12,Wed
1999-03-25,19990325,1999,Q1,3,Mar,1999-03,12,Thu
1999-03-26,19990326,1999,Q1,3,Mar,1999-03,12,Fri
1999-03-27,19990327,1999,Q1,3,Mar,1999-03,12,Sat
1999-03-28,19990328,1999,Q1,3,Mar,1999-03,12,Sun
1999-03-29,19990329,1999,Q1,3,Mar,1999-03,13,Mon
1999-03-30,19990330,1999,Q1,3,Mar,1999-03,13,Tue
1999-03-31,19990331,1999,Q1,3,Mar,1999-03,13,Wed
1999-04-01,19990401,1999,Q2,4,Apr,1999-04,13,Thu
1999-04-02,19990402,1999,Q2,4,Apr,1999-04,13,Fri
1999-04-03,19990403,1999,Q2,4,Apr,1999-04,13,Sat
1999-04-04,19990404,1999,Q2,4,Apr,1999-04,13,Sun
1999-04-05,19990405,1999,Q2,4,Apr,1999-04,14,Mon
1999-04-06,19990406,1999,Q2,4,Apr,1999-04,14,Tue
1999-04-07,19990407,1999,Q2,4,Apr,1999-04,14,Wed
1999-04-08,19990408,1999,Q2,4,Apr,1999-04,14,Thu
1999-04-09,19990409,1999,Q2,4,Apr,1999-04,14,Fri
1999-04-10,19990410,1999,Q2,4,Apr,1999-04,14,Sat
1999-04-11,19990411,1999,Q2,4,Apr,1999-04,14,Sun
1999-04-12,19990412,1999,Q2,4,Apr,1999-04,15,Mon
1999-04-13,19990413,1999,Q2,4,Apr,1999-04,15,Tue
1999-04-14,19990414,1999,Q2,4,Apr,1999-04,15,Wed
1999-04-15,19990415,1999,Q2,4,Apr,1999-04,15,Thu
1999-04-16,19990416,1999,Q2,4,Apr,1999-04,15,Fri
1999-04-17,19990417,1999,Q2,4,Apr,1999-04,15,Sat
1999-04-18,19990418,1999,Q2,4,Apr,1999-04,15,Sun
1999-04-19,19990419,1999,Q2,4,Apr,1999-04,16,Mon
1999-04-20,19990420,1999,Q2,4,Apr,1999-04,16,Tue
1999-04-21,19990421,1999,Q2,4,Apr,1999-04,16,Wed
1999-04-22,19990422,1999,Q2,4,Apr,1999-04,16,Thu
1999-04-23,19990423,1999,Q2,4,Apr,1999-04,16,Fri
1999-04-24,19990424,1999,Q2,4,Apr,1999-04,16,Sat
1999-04-25,19990425,1999,Q2,4,Apr,1999-04,16,Sun
1999-04-26,19990426,1999,Q2,4,Apr,1999-04,17,Mon
1999-04-27,19990427,1999,Q2,4,Apr,1999-04,17,Tue
1999-04-28,19990428,1999,Q2,4,Apr,1999-04,17,Wed
1999-04-29,19990429,1999,Q2,4,Apr,1999-04,17,Thu
1999-04-30,19990430,1999,Q2,4,Apr,1999-04,17,Fri
1999-05-01,19990501,1999,Q2,5,May,1999-05,17,Sat
1999-05-02,19990502,1999,Q2,5,May,1999-05,17,Sun
1999-05-03,19990503,1999,Q2,5,May,1999-05,18,Mon
1999-05-04,19990504,1999,Q2,5,May,1999-05,18,Tue
1999-05-05,19990505,1999,Q2,5,May,1999-05,18,Wed
1999-05-06,19990506,1999,Q2,5,May,1999-05,18,Thu
1999-05-07,19990507,1999,Q2,5,May,1999-05,18,Fri
1999-05-08,19990508,1999,Q2,5,May,1999-05,18,Sat
1999-05-09,19990509,1999,Q2,5,May,1999-05,18,Sun
1999-05-10,19990510,1999,Q2,5,May,1999-05,19,Mon
1999-05-11,19990511,1999,Q2,5,May,1999-05,19,Tue
1999-05-12,19990512,1999,Q2,5,May,1999-05,19,Wed
1999-05-13,19990513,1999,Q2,5,May,1999-05,19,Thu
1999-05-14,19990514,1999,Q2,5,May,1999-05,19,Fri
1999-05-15,19990515,1999,Q2,5,May,1999-05,19,Sat
1999-05-16,19990516,1999,Q2,5,May,1999-05,19,Sun
1999-05-17,19990517,1999,Q2,5,May,1999-05,20,Mon
1999-05-18,19990518,1999,Q2,5,May,1999-05,20,Tue
1999-05-19,19990519,1999,Q2,5,May,1999-05,20,Wed
1999-05-20,19990520,1999,Q2,5,May,1999-05,20,Thu
1999-05-21,19990521,1999,Q2,5,May,1999-05,20,Fri
1999-05-22,19990522,1999,Q2,5,May,1999-05,20,Sat
1999-05-23,19990523,1999,Q2,5,May,1999-05,20,Sun
1999-05-24,19990524,1999,Q2,5,May,1999-05,21,Mon
1999-05-25,19990525,1999,Q2,5,May,1999-05,21,Tue
1999-05-26,19990526,1999,Q2,5,May,1999-05,21,Wed
1999-05-27,19990527,1999,Q2,5,May,1999-05,21,Thu
1999-05-28,19990528,1999,Q2,5,May,1999-05,21,Fri
1999-05-29,19990529,1999,Q2,5,May,1999-05,21,Sat
1999-05-30,19990530,1999,Q2,5,May,1999-05,21,Sun
1999-05-31,19990531,1999,Q2,5,May,1999-05,22,Mon
1999-06-01,19990601,1999,Q2,6,Jun,1999-06,22,Tue
1999-06-02,19990602,1999,Q2,6,Jun,1999-06,22,Wed
1999-06-03,19990603,1999,Q2,6,Jun,1999-06,22,Thu
1999-06-04,19990604,1999,Q2,6,Jun,1999-06,22,Fri
1999-06-05,19990605,1999,Q2,6,Jun,1999-06,22,Sat
1999-06-06,19990606,1999,Q2,6,Jun,1999-06,22,Sun
1999-06-07,19990607,1999,Q2,6,Jun,1999-06,23,Mon
1999-06-08,19990608,1999,Q2,6,Jun,1999-06,23,Tue
1999-06-09,19990609,1999,Q2,6,Jun,1999-06,23,Wed
1999-06-10,19990610,1999,Q2,6,Jun,1999-06,23,Thu
1999-06-11,19990611,1999,Q2,6,Jun,1999-06,23,Fri
1999-06-12,19990612,1999,Q2,6,Jun,1999-06,23,Sat
1999-06-13,19990613,1999,Q2,6,Jun,1999-06,23,Sun
1999-06-14,19990614,1999,Q2,6,Jun,1999-06,24,Mon
1999-06-15,19990615,1999,Q2,6,Jun,1999-06,24,Tue
1999-06-16,19990616,1999,Q2,6,Jun,1999-06,24,Wed
1999-06-17,19990617,1999,Q2,6,Jun,1999-06,24,Thu
1999-06-18,19990618,1999,Q2,6,Jun,1999-06,24,Fri
1999-06-19,19990619,1999,Q2,6,Jun,1999-06,24,Sat
1999-06-20,19990620,1999,Q2,6,Jun,1999-06,24,Sun
1999-06-21,19990621,1999,Q2,6,Jun,1999-06,25,Mon
1999-06-22,19990622,1999,Q2,6,Jun,1999-06,25,Tue
1999-06-23,19990623,1999,Q2,6,Jun,1999-06,25,Wed
1999-06-24,19990624,1999,Q2,6,Jun,1999-06,25,Thu
1999-06-25,19990625,1999,Q2,6,Jun,1999-06,25,Fri
1999-06-26,19990626,1999,Q2,6,Jun,1999-06,25,Sat
1999-06-27,19990627,1999,Q2,6,Jun,1999-06,25,Sun
1999-06-28,19990628,1999,Q2,6,Jun,1999-06,26,Mon
1999-06-29,19990629,1999,Q2,6,Jun,1999-06,26,Tue
1999-06-30,19990630,1999,Q2,6,Jun,1999-06,26,Wed
1999-07-01,19990701,1999,Q3,7,Jul,1999-07,26,Thu
1999-07-02,19990702,1999,Q3,7,Jul,1999-07,26,Fri
1999-07-03,19990703,1999,Q3,7,Jul,1999-07,26,Sat
1999-07-04,19990704,1999,Q3,7,Jul,1999-07,26,Sun
1999-07-05,19990705,1999,Q3,7,Jul,1999-07,27,Mon
1999-07-06,19990706,1999,Q3,7,Jul,1999-07,27,Tue
1999-07-07,19990707,1999,Q3,7,Jul,1999-07,27,Wed
1999-07-08,19990708,1999,Q3,7,Jul,1999-07,27,Thu
1999-07-09,19990709,1999,Q3,7,Jul,1999-07,27,Fri
1999-07-10,19990710,1999,Q3,7,Jul,1999-07,27,Sat
1999-07-11,19990711,1999,Q3,7,Jul,1999-07,27,Sun
1999-07-12,19990712,1999,Q3,7,Jul,1999-07,28,Mon
1999-07-13,19990713,1999,Q3,7,Jul,1999-07,28,Tue
1999-07-14,19990714,1999,Q3,7,Jul,1999-07,28,Wed
1999-07-15,19990715,1999,Q3,7,Jul,1999-07,28,Thu
1999-07-16,19990716,1999,Q3,7,Jul,1999-07,28,Fri
1999-07-17,19990717,1999,Q3,7,Jul,1999-07,28,Sat
1999-07-18,19990718,1999,Q3,7,Jul,1999-07,28,Sun
1999-07-19,19990719,1999,Q3,7,Jul,1999-07,29,Mon
1999-07-20,19990720,1999,Q3,7,Jul,1999-07,29,Tue
1999-07-21,19990721,1999,Q3,7,Jul,1999-07,29,Wed
1999-07-22,19990722,1999,Q3,7,Jul,1999-07,29,Thu
1999-07-23,19990723,1999,Q3,7,Jul,1999-07,29,Fri
1999-07-24,19990724,1999,Q3,7,Jul,1999-07,29,Sat
1999-07-25,19990725,1999,Q3,7,Jul,1999-07,29,Sun
1999-07-26,19990726,1999,Q3,7,Jul,1999-07,30,Mon
1999-07-27,19990727,1999,Q3,7,Jul,1999-07,30,Tue
1999-07-28,19990728,1999,Q3,7,Jul,1999-07,30,Wed
1999-07-29,19990729,1999,Q3,7,Jul,1999-07,30,Thu
1999-07-30,19990730,1999,Q3,7,Jul,1999-07,30,Fri
1999-07-31,19990731,1999,Q3,7,Jul,1999-07,30,Sat
1999-08-01,19990801,1999,Q3,8,Aug,1999-08,30,Sun
1999-08-02,19990802,1999,Q3,8,Aug,1999-08,31,Mon
1999-08-03,19990803,1999,Q3,8,Aug,1999-08,31,Tue
1999-08-04,19990804,1999,Q3,8,Aug,1999-08,31,Wed
1999-08-05,19990805,1999,Q3,8,Aug,1999-08,31,Thu
1999-08-06,19990806,1999,Q3,8,Aug,1999-08,31,Fri
1999-08-07,19990807,1999,Q3,8,Aug,1999-08,31,Sat
1999-08-08,19990808,1999,Q3,8,Aug,1999-08,31,Sun
1999-08-09,19990809,1999,Q3,8,Aug,1999-08,32,Mon
1999-08-10,19990810,1999,Q3,8,Aug,1999-08,32,Tue
1999-08-11,19990811,1999,Q3,8,Aug,1999-08,32,Wed
1999-08-12,19990812,1999,Q3,8,Aug,1999-08,32,Thu
1999-08-13,19990813,1999,Q3,8,Aug,1999-08,32,Fri
1999-08-14,19990814,1999,Q3,8,Aug,1999-08,32,Sat
1999-08-15,19990815,1999,Q3,8,Aug,1999-08,32,Sun
1999-08-16,19990816,1999,Q3,8,Aug,1999-08,33,Mon
1999-08-17,19990817,1999,Q3,8,Aug,1999-08,33,Tue
1999-08-18,19990818,1999,Q3,8,Aug,1999-08,33,Wed
1999-08-19,19990819,1999,Q3,8,Aug,1999-08,33,Thu
1999-08-20,19990820,1999,Q3,8,Aug,1999-08,33,Fri
1999-08-21,19990821,1999,Q3,8,Aug,1999-08,33,Sat
1999-08-22,19990822,1999,Q3,8,Aug,1999-08,33,Sun
1999-08-23,19990823,1999,Q3,8,Aug,1999-08,34,Mon
1999-08-24,19990824,1999,Q3,8,Aug,1999-08,34,Tue
1999-08-25,19990825,1999,Q3,8,Aug,1999-08,34,Wed
1999-08-26,19990826,1999,Q3,8,Aug,1999-08,34,Thu
1999-08-27,19990827,1999,Q3,8,Aug,1999-08,34,Fri
1999-08-28,19990828,1999,Q3,8,Aug,1999-08,34,Sat
1999-08-29,19990829,1999,Q3,8,Aug,1999-08,34,Sun
1999-08-30,19990830,1999,Q3,8,Aug,1999-08,35,Mon
1999-08-31,19990831,1999,Q3,8,Aug,1999-08,35,Tue
1999-09-01,19990901,1999,Q3,9,Sep,1999-09,35,Wed
1999-09-02,19990902,1999,Q3,9,Sep,1999-09,35,Thu
1999-09-03,19990903,1999,Q3,9,Sep,1999-09,35,Fri
1999-09-04,19990904,1999,Q3,9,Sep,1999-09,35,Sat
1999-09-05,19990905,1999,Q3,9,Sep,1999-09,35,Sun
1999-09-06,19990906,1999,Q3,9,Sep,1999-09,36,Mon
1999-09-07,19990907,1999,Q3,9,Sep,1999-09,36,Tue
1999-09-08,19990908,1999,Q3,9,Sep,1999-09,36,Wed
1999-09-09,19990909,1999,Q3,9,Sep,1999-09,36,Thu
1999-09-10,19990910,1999,Q3,9,Sep,1999-09,36,Fri
1999-09-11,19990911,1999,Q3,9,Sep,1999-09,36,Sat
1999-09-12,19990912,1999,Q3,9,Sep,1999-09,36,Sun
1999-09-13,19990913,1999,Q3,9,Sep,1999-09,37,Mon
1999-09-14,19990914,1999,Q3,9,Sep,1999-09,37,Tue
1999-09-15,19990915,1999,Q3,9,Sep,1999-09,37,Wed
1999-09-16,19990916,1999,Q3,9,Sep,1999-09,37,Thu
1999-09-17,19990917,1999,Q3,9,Sep,1999-09,37,Fri
1999-09-18,19990918,1999,Q3,9,Sep,1999-09,37,Sat
1999-09-19,19990919,1999,Q3,9,Sep,1999-09,37,Sun
1999-09-20,19990920,1999,Q3,9,Sep,1999-09,38,Mon
1999-09-21,19990921,1999,Q3,9,Sep,1999-09,38,Tue
1999-09-22,19990922,1999,Q3,9,Sep,1999-09,38,Wed
1999-09-23,19990923,1999,Q3,9,Sep,1999-09,38,Thu
1999-09-24,19990924,1999,Q3,9,Sep,1999-09,38,Fri
1999-09-25,19990925,1999,Q3,9,Sep,1999-09,38,Sat
1999-09-26,19990926,1999,Q3,9,Sep,1999-09,38,Sun
1999-09-27,19990927,1999,Q3,9,Sep,1999-09,39,Mon
1999-09-28,19990928,1999,Q3,9,Sep,1999-09,39,Tue
1999-09-29,19990929,1999,Q3,9,Sep,1999-09,39,Wed
1999-09-30,19990930,1999,Q3,9,Sep,1999-09,39,Thu
1999-10-01,19991001,1999,Q4,10,Oct,1999-10,39,Fri
1999-10-02,19991002,1999,Q4,10,Oct,1999-10,39,Sat
1999-10-03,19991003,1999,Q4,10,Oct,1999-10,39,Sun
1999-10-04,19991004,1999,Q4,10,Oct,1999-10,40,Mon
1999-10-05,19991005,1999,Q4,10,Oct,1999-10,40,Tue
1999-10-06,19991006,1999,Q4,10,Oct,1999-10,40,Wed
1999-10-07,19991007,1999,Q4,10,Oct,1999-10,40,Thu
1999-10-08,19991008,1999,Q4,10,Oct,1999-10,40,Fri
1999-10-09,19991009,1999,Q4,10,Oct,1999-10,40,Sat
1999-10-10,19991010,1999,Q4,10,Oct,1999-10,40,Sun
1999-10-11,19991011,1999,Q4,10,Oct,1999-10,41,Mon
1999-10-12,19991012,1999,Q4,10,Oct,1999-10,41,Tue
1999-10-13,19991013,1999,Q4,10,Oct,1999-10,41,Wed
1999-10-14,19991014,1999,Q4,10,Oct,1999-10,41,Thu
1999-10-15,19991015,1999,Q4,10,Oct,1999-10,41,Fri
1999-10-16,19991016,1999,Q4,10,Oct,1999-10,41,Sat
1999-10-17,19991017,1999,Q4,10,Oct,1999-10,41,Sun
1999-10-18,19991018,1999,Q4,10,Oct,1999-10,42,Mon
1999-10-19,19991019,1999,Q4,10,Oct,1999-10,42,Tue
1999-10-20,19991020,1999,Q4,10,Oct,1999-10,42,Wed
1999-10-21,19991021,1999,Q4,10,Oct,1999-10,42,Thu
1999-10-22,19991022,1999,Q4,10,Oct,1999-10,42,Fri
1999-10-23,19991023,1999,Q4,10,Oct,1999-10,42,Sat
1999-10-24,19991024,1999,Q4,10,Oct,1999-10,42,Sun
1999-10-25,19991025,1999,Q4,10,Oct,1999-10,43,Mon
1999-10-26,19991026,1999,Q4,10,Oct,1999-10,43,Tue
1999-10-27,19991027,1999,Q4,10,Oct,1999-10,43,Wed
1999-10-28,19991028,1999,Q4,10,Oct,1999-10,43,Thu
1999-10-29,19991029,1999,Q4,10,Oct,1999-10,43,Fri
1999-10-30,19991030,1999,Q4,10,Oct,1999-10,43,Sat
1999-10-31,19991031,1999,Q4,10,Oct,1999-10,43,Sun
1999-11-01,19991101,1999,Q4,11,Nov,1999-11,44,Mon
1999-11-02,19991102,1999,Q4,11,Nov,1999-11,44,Tue
1999-11-03,19991103,1999,Q4,11,Nov,1999-11,44,Wed
1999-11-04,19991104,1999,Q4,11,Nov,1999-11,44,Thu
1999-11-05,19991105,1999,Q4,11,Nov,1999-11,44,Fri
1999-11-06,19991106,1999,Q4,11,Nov,1999-11,44,Sat
1999-11-07,19991107,1999,Q4,11,Nov,1999-11,44,Sun
1999-11-08,19991108,1999,Q4,11,Nov,1999-11,45,Mon
1999-11-09,19991109,1999,Q4,11,Nov,1999-11,45,Tue
1999-11-10,19991110,1999,Q4,11,Nov,1999-11,45,Wed
1999-11-11,19991111,1999,Q4,11,Nov,1999-11,45,Thu
1999-11-12,19991112,1999,Q4,11,Nov,1999-11,45,Fri
1999-11-13,19991113,1999,Q4,11,Nov,1999-11,45,Sat
1999-11-14,19991114,1999,Q4,11,Nov,1999-11,45,Sun
1999-11-15,19991115,1999,Q4,11,Nov,1999-11,46,Mon
1999-11-16,19991116,1999,Q4,11,Nov,1999-11,46,Tue
1999-11-17,19991117,1999,Q4,11,Nov,1999-11,46,Wed
1999-11-18,19991118,1999,Q4,11,Nov,1999-11,46,Thu
1999-11-19,19991119,1999,Q4,11,Nov,1999-11,46,Fri
1999-11-20,19991120,1999,Q4,11,Nov,1999-11,46,Sat
1999-11-21,19991121,1999,Q4,11,Nov,1999-11,46,Sun
1999-11-22,19991122,1999,Q4,11,Nov,1999-11,47,Mon
1999-11-23,19991123,1999,Q4,11,Nov,1999-11,47,Tue
1999-11-24,19991124,1999,Q4,11,Nov,1999-11,47,Wed
1999-11-25,19991125,1999,Q4,11,Nov,1999-11,47,Thu
1999-11-26,19991126,1999,Q4,11,Nov,1999-11,47,Fri
1999-11-27,19991127,1999,Q4,11,Nov,1999-11,47,Sat
1999-11-28,19991128,1999,Q4,11,Nov,1999-11,47,Sun
1999-11-29,19991129,1999,Q4,11,Nov,1999-11,48,Mon
1999-11-30,19991130,1999,Q4,11,Nov,1999-11,48,Tue
1999-12-01,19991201,1999,Q4,12,Dec,1999-12,48,Wed
1999-12-02,19991202,1999,Q4,12,Dec,1999-12,48,Thu
1999-12-03,19991203,1999,Q4,12,Dec,1999-12,48,Fri
1999-12-04,19991204,1999,Q4,12,Dec,1999-12,48,Sat
1999-12-05,19991205,1999,Q4,12,Dec,1999-12,48,Sun
1999-12-06,19991206,1999,Q4,12,Dec,1999-12,49,Mon
1999-12-07,19991207,1999,Q4,12,Dec,1999-12,49,Tue
1999-12-08,19991208,1999,Q4,12,Dec,1999-12,49,Wed
1999-12-09,19991209,1999,Q4,12,Dec,1999-12,49,Thu
1999-12-10,19991210,1999,Q4,12,Dec,1999-12,49,Fri
1999-12-11,19991211,1999,Q4,12,Dec,1999-12,49,Sat
1999-12-12,19991212,1999,Q4,12,Dec,1999-12,49,Sun
1999-12-13,19991213,1999,Q4,12,Dec,1999-12,50,Mon
1999-12-14,19991214,1999,Q4,12,Dec,1999-12,50,Tue
1999-12-15,19991215,1999,Q4,12,Dec,1999-12,50,Wed
1999-12-16,19991216,1999,Q4,12,Dec,1999-12,50,Thu
1999-12-17,19991217,1999,Q4,12,Dec,1999-12,50,Fri
1999-12-18,19991218,1999,Q4,12,Dec,1999-12,50,Sat
1999-12-19,19991219,1999,Q4,12,Dec,1999-12,50,Sun
1999-12-20,19991220,1999,Q4,12,Dec,1999-12,51,Mon
1999-12-21,19991221,1999,Q4,12,Dec,1999-12,51,Tue
1999-12-22,19991222,1999,Q4,12,Dec,1999-12,51,Wed
1999-12-23,19991223,1999,Q4,12,Dec,1999-12,51,Thu
1999-12-24,19991224,1999,Q4,12,Dec,1999-12,51,Fri
1999-12-25,19991225,1999,Q4,12,Dec,1999-12,51,Sat
1999-12-26,19991226,1999,Q4,12,Dec,1999-12,51,Sun
1999-12-27,19991227,1999,Q4,12,Dec,1999-12,52,Mon
1999-12-28,19991228,1999,Q4,12,Dec,1999-12,52,Tue
1999-12-29,19991229,1999,Q4,12,Dec,1999-12,52,Wed
1999-12-30,19991230,1999,Q4,12,Dec,1999-12,52,Thu
1999-12-31,19991231,1999,Q4,12,Dec,1999-12,52,Fri
2000-01-01,20000101,2000,Q1,1,Jan,2000-01,52,Sat
2000-01-02,20000102,2000,Q1,1,Jan,2000-01,52,Sun
2000-01-03,20000103,2000,Q1,1,Jan,2000-01,1,Mon
2000-01-04,20000104,2000,Q1,1,Jan,2000-01,1,Tue
2000-01-05,20000105,2000,Q1,1,Jan,2000-01,1,Wed
2000-01-06,20000106,2000,Q1,1,Jan,2000-01,1,Thu
2000-01-07,20000107,2000,Q1,1,Jan,2000-01,1,Fri
2000-01-08,20000108,2000,Q1,1,Jan,2000-01,1,Sat
2000-01-09,20000109,2000,Q1,1,Jan,2000-01,1,Sun
2000-01-10,20000110,2000,Q1,1,Jan,2000-01,2,Mon
2000-01-11,20000111,2000,Q1,1,Jan,2000-01,2,Tue
2000-01-12,20000112,2000,Q1,1,Jan,2000-01,2,Wed
2000-01-13,20000113,2000,Q1,1,Jan,2000-01,2,Thu
2000-01-14,20000114,2000,Q1,1,Jan,2000-01,2,Fri
2000-01-15,20000115,2000,Q1,1,Jan,2000-01,2,Sat
2000-01-16,20000116,2000,Q1,1,Jan,2000-01,2,Sun
2000-01-17,20000117,2000,Q1,1,Jan,2000-01,3,Mon
2000-01-18,20000118,2000,Q1,1,Jan,2000-01,3,Tue
2000-01-19,20000119,2000,Q1,1,Jan,2000-01,3,Wed
2000-01-20,20000120,2000,Q1,1,Jan,2000-01,3,Thu
2000-01-21,20000121,2000,Q1,1,Jan,2000-01,3,Fri
2000-01-22,20000122,2000,Q1,1,Jan,2000-01,3,Sat
2000-01-23,20000123,2000,Q1,1,Jan,2000-01,3,Sun
2000-01-24,20000124,2000,Q1,1,Jan,2000-01,4,Mon
2000-01-25,20000125,2000,Q1,1,Jan,2000-01,4,Tue
2000-01-26,20000126,2000,Q1,1,Jan,2000-01,4,Wed
2000-01-27,20000127,2000,Q1,1,Jan,2000-01,4,Thu
2000-01-28,20000128,2000,Q1,1,Jan,2000-01,4,Fri
2000-01-29,20000129,2000,Q1,1,Jan,2000-01,4,Sat
2000-01-30,20000130,2000,Q1,1,Jan,2000-01,4,Sun
2000-01-31,20000131,2000,Q1,1,Jan,2000-01,5,Mon
2000-02-01,20000201,2000,Q1,2,Feb,2000-02,5,Tue
2000-02-02,20000202,2000,Q1,2,Feb,2000-02,5,Wed
2000-02-03,20000203,2000,Q1,2,Feb,2000-02,5,Thu
2000-02-04,20000204,2000,Q1,2,Feb,2000-02,5,Fri
2000-02-05,20000205,2000,Q1,2,Feb,2000-02,5,Sat
2000-02-06,20000206,2000,Q1,2,Feb,2000-02,5,Sun
2000-02-07,20000207,2000,Q1,2,Feb,2000-02,6,Mon
2000-02-08,20000208,2000,Q1,2,Feb,2000-02,6,Tue
2000-02-09,20000209,2000,Q1,2,Feb,2000-02,6,Wed
2000-02-10,20000210,2000,Q1,2,Feb,2000-02,6,Thu
2000-02-11,20000211,2000,Q1,2,Feb,2000-02,6,Fri
2000-02-12,20000212,2000,Q1,2,Feb,2000-02,6,Sat
2000-02-13,20000213,2000,Q1,2,Feb,2000-02,6,Sun
2000-02-14,20000214,2000,Q1,2,Feb,2000-02,7,Mon
2000-02-15,20000215,2000,Q1,2,Feb,2000-02,7,Tue
2000-02-16,20000216,2000,Q1,2,Feb,2000-02,7,Wed
2000-02-17,20000217,2000,Q1,2,Feb,2000-02,7,Thu
2000-02-18,20000218,2000,Q1,2,Feb,2000-02,7,Fri
2000-02-19,20000219,2000,Q1,2,Feb,2000-02,7,Sat
2000-02-20,20000220,2000,Q1,2,Feb,2000-02,7,Sun
2000-02-21,20000221,2000,Q1,2,Feb,2000-02,8,Mon
2000-02-22,20000222,2000,Q1,2,Feb,2000-02,8,Tue
2000-02-23,20000223,2000,Q1,2,Feb,2000-02,8,Wed
2000-02-24,20000224,2000,Q1,2,Feb,2000-02,8,Thu
2000-02-25,20000225,2000,Q1,2,Feb,2000-02,8,Fri
2000-02-26,20000226,2000,Q1,2,Feb,2000-02,8,Sat
2000-02-27,20000227,2000,Q1,2,Feb,2000-02,8,Sun
2000-02-28,20000228,2000,Q1,2,Feb,2000-02,9,Mon
2000-02-29,20000229,2000,Q1,2,Feb,2000-02,9,Tue
2000-03-01,20000301,2000,Q1,3,Mar,2000-03,9,Wed
2000-03-02,20000302,2000,Q1,3,Mar,2000-03,9,Thu
2000-03-03,20000303,2000,Q1,3,Mar,2000-03,9,Fri
2000-03-04,20000304,2000,Q1,3,Mar,2000-03,9,Sat
2000-03-05,20000305,2000,Q1,3,Mar,2000-03,9,Sun
2000-03-06,20000306,2000,Q1,3,Mar,2000-03,10,Mon
2000-03-07,20000307,2000,Q1,3,Mar,2000-03,10,Tue
2000-03-08,20000308,2000,Q1,3,Mar,2000-03,10,Wed
2000-03-09,20000309,2000,Q1,3,Mar,2000-03,10,Thu
2000-03-10,20000310,2000,Q1,3,Mar,2000-03,10,Fri
2000-03-11,20000311,2000,Q1,3,Mar,2000-03,10,Sat
2000-03-12,20000312,2000,Q1,3,Mar,2000-03,10,Sun
2000-03-13,20000313,2000,Q1,3,Mar,2000-03,11,Mon
2000-03-14,20000314,2000,Q1,3,Mar,2000-03,11,Tue
2000-03-15,20000315,2000,Q1,3,Mar,2000-03,11,Wed
2000-03-16,20000316,2000,Q1,3,Mar,2000-03,11,Thu
2000-03-17,20000317,2000,Q1,3,Mar,2000-03,11,Fri
2000-03-18,20000318,2000,Q1,3,Mar,2000-03,11,Sat
2000-03-19,20000319,2000,Q1,3,Mar,2000-03,11,Sun
2000-03-20,20000320,2000,Q1,3,Mar,2000-03,12,Mon
2000-03-21,20000321,2000,Q1,3,Mar,2000-03,12,Tue
2000-03-22,20000322,2000,Q1,3,Mar,2000-03,12,Wed
2000-03-23,20000323,2000,Q1,3,Mar,2000-03,12,Thu
2000-03-24,20000324,2000,Q1,3,Mar,2000-03,12,Fri
2000-03-25,20000325,2000,Q1,3,Mar,2000-03,12,Sat
2000-03-26,20000326,2000,Q1,3,Mar,2000-03,12,Sun
2000-03-27,20000327,2000,Q1,3,Mar,2000-03,13,Mon
2000-03-28,20000328,2000,Q1,3,Mar,2000-03,13,Tue
2000-03-29,20000329,2000,Q1,3,Mar,2000-03,13,Wed
2000-03-30,20000330,2000,Q1,3,Mar,2000-03,13,Thu
2000-03-31,20000331,2000,Q1,3,Mar,2000-03,13,Fri
2000-04-01,20000401,2000,Q2,4,Apr,2000-04,13,Sat
2000-04-02,20000402,2000,Q2,4,Apr,2000-04,13,Sun
2000-04-03,20000403,2000,Q2,4,Apr,2000-04,14,Mon
2000-04-04,20000404,2000,Q2,4,Apr,2000-04,14,Tue
2000-04-05,20000405,2000,Q2,4,Apr,2000-04,14,Wed
2000-04-06,20000406,2000,Q2,4,Apr,2000-04,14,Thu
2000-04-07,20000407,2000,Q2,4,Apr,2000-04,14,Fri
2000-04-08,20000408,2000,Q2,4,Apr,2000-04,14,Sat
2000-04-09,20000409,2000,Q2,4,Apr,2000-04,14,Sun
2000-04-10,20000410,2000,Q2,4,Apr,2000-04,15,Mon
2000-04-11,20000411,2000,Q2,4,Apr,2000-04,15,Tue
2000-04-12,20000412,2000,Q2,4,Apr,2000-04,15,Wed
2000-04-13,20000413,2000,Q2,4,Apr,2000-04,15,Thu
2000-04-14,20000414,2000,Q2,4,Apr,2000-04,15,Fri
2000-04-15,20000415,2000,Q2,4,Apr,2000-04,15,Sat
2000-04-16,20000416,2000,Q2,4,Apr,2000-04,15,Sun
2000-04-17,20000417,2000,Q2,4,Apr,2000-04,16,Mon
2000-04-18,20000418,2000,Q2,4,Apr,2000-04,16,Tue
2000-04-19,20000419,2000,Q2,4,Apr,2000-04,16,Wed
2000-04-20,20000420,2000,Q2,4,Apr,2000-04,16,Thu
2000-04-21,20000421,2000,Q2,4,Apr,2000-04,16,Fri
2000-04-22,20000422,2000,Q2,4,Apr,2000-04,16,Sat
2000-04-23,20000423,2000,Q2,4,Apr,2000-04,16,Sun
2000-04-24,20000424,2000,Q2,4,Apr,2000-04,17,Mon
2000-04-25,20000425,2000,Q2,4,Apr,2000-04,17,Tue
2000-04-26,20000426,2000,Q2,4,Apr,2000-04,17,Wed
2000-04-27,20000427,2000,Q2,4,Apr,2000-04,17,Thu
2000-04-28,20000428,2000,Q2,4,Apr,2000-04,17,Fri
2000-04-29,20000429,2000,Q2,4,Apr,2000-04,17,Sat
2000-04-30,20000430,2000,Q2,4,Apr,2000-04,17,Sun
2000-05-01,20000501,2000,Q2,5,May,2000-05,18,Mon
2000-05-02,20000502,2000,Q2,5,May,2000-05,18,Tue
2000-05-03,20000503,2000,Q2,5,May,2000-05,18,Wed
2000-05-04,20000504,2000,Q2,5,May,2000-05,18,Thu
2000-05-05,20000505,2000,Q2,5,May,2000-05,18,Fri
2000-05-06,20000506,2000,Q2,5,May,2000-05,18,Sat
2000-05-07,20000507,2000,Q2,5,May,2000-05,18,Sun
2000-05-08,20000508,2000,Q2,5,May,2000-05,19,Mon
2000-05-09,20000509,2000,Q2,5,May,2000-05,19,Tue
2000-05-10,20000510,2000,Q2,5,May,2000-05,19,Wed
2000-05-11,20000511,2000,Q2,5,May,2000-05,19,Thu
2000-05-12,20000512,2000,Q2,5,May,2000-05,19,Fri
2000-05-13,20000513,2000,Q2,5,May,2000-05,19,Sat
2000-05-14,20000514,2000,Q2,5,May,2000-05,19,Sun
2000-05-15,20000515,2000,Q2,5,May,2000-05,20,Mon
2000-05-16,20000516,2000,Q2,5,May,2000-05,20,Tue
2000-05-17,20000517,2000,Q2,5,May,2000-05,20,Wed
2000-05-18,20000518,2000,Q2,5,May,2000-05,20,Thu
2000-05-19,20000519,2000,Q2,5,May,2000-05,20,Fri
2000-05-20,20000520,2000,Q2,5,May,2000-05,20,Sat
2000-05-21,20000521,2000,Q2,5,May,2000-05,20,Sun
2000-05-22,20000522,2000,Q2,5,May,2000-05,21,Mon
2000-05-23,20000523,2000,Q2,5,May,2000-05,21,Tue
2000-05-24,20000524,2000,Q2,5,May,2000-05,21,Wed
2000-05-25,20000525,2000,Q2,5,May,2000-05,21,Thu
2000-05-26,20000526,2000,Q2,5,May,2000-05,21,Fri
2000-05-27,20000527,2000,Q2,5,May,2000-05,21,Sat
2000-05-28,20000528,2000,Q2,5,May,2000-05,21,Sun
2000-05-29,20000529,2000,Q2,5,May,2000-05,22,Mon
2000-05-30,20000530,2000,Q2,5,May,2000-05,22,Tue
2000-05-31,20000531,2000,Q2,5,May,2000-05,22,Wed
2000-06-01,20000601,2000,Q2,6,Jun,2000-06,22,Thu
2000-06-02,20000602,2000,Q2,6,Jun,2000-06,22,Fri
2000-06-03,20000603,2000,Q2,6,Jun,2000-06,22,Sat
2000-06-04,20000604,2000,Q2,6,Jun,2000-06,22,Sun
2000-06-05,20000605,2000,Q2,6,Jun,2000-06,23,Mon
2000-06-06,20000606,2000,Q2,6,Jun,2000-06,23,Tue
2000-06-07,20000607,2000,Q2,6,Jun,2000-06,23,Wed
2000-06-08,20000608,2000,Q2,6,Jun,2000-06,23,Thu
2000-06-09,20000609,2000,Q2,6,Jun,2000-06,23,Fri
2000-06-10,20000610,2000,Q2,6,Jun,2000-06,23,Sat
2000-06-11,20000611,2000,Q2,6,Jun,2000-06,23,Sun
2000-06-12,20000612,2000,Q2,6,Jun,2000-06,24,Mon
2000-06-13,20000613,2000,Q2,6,Jun,2000-06,24,Tue
2000-06-14,20000614,2000,Q2,6,Jun,2000-06,24,Wed
2000-06-15,20000615,2000,Q2,6,Jun,2000-06,24,Thu
2000-06-16,20000616,2000,Q2,6,Jun,2000-06,24,Fri
2000-06-17,20000617,2000,Q2,6,Jun,2000-06,24,Sat
2000-06-18,20000618,2000,Q2,6,Jun,2000-06,24,Sun
2000-06-19,20000619,2000,Q2,6,Jun,2000-06,25,Mon
2000-06-20,20000620,2000,Q2,6,Jun,2000-06,25,Tue
2000-06-21,20000621,2000,Q2,6,Jun,2000-06,25,Wed
2000-06-22,20000622,2000,Q2,6,Jun,2000-06,25,Thu
2000-06-23,20000623,2000,Q2,6,Jun,2000-06,25,Fri
2000-06-24,20000624,2000,Q2,6,Jun,2000-06,25,Sat
2000-06-25,20000625,2000,Q2,6,Jun,2000-06,25,Sun
2000-06-26,20000626,2000,Q2,6,Jun,2000-06,26,Mon
2000-06-27,20000627,2000,Q2,6,Jun,2000-06,26,Tue
2000-06-28,20000628,2000,Q2,6,Jun,2000-06,26,Wed
2000-06-29,20000629,2000,Q2,6,Jun,2000-06,26,Thu
2000-06-30,20000630,2000,Q2,6,Jun,2000-06,26,Fri
2000-07-01,20000701,2000,Q3,7,Jul,2000-07,26,Sat
2000-07-02,20000702,2000,Q3,7,Jul,2000-07,26,Sun
2000-07-03,20000703,2000,Q3,7,Jul,2000-07,27,Mon
2000-07-04,20000704,2000,Q3,7,Jul,2000-07,27,Tue
2000-07-05,20000705,2000,Q3,7,Jul,2000-07,27,Wed
2000-07-06,20000706,2000,Q3,7,Jul,2000-07,27,Thu
2000-07-07,20000707,2000,Q3,7,Jul,2000-07,27,Fri
2000-07-08,20000708,2000,Q3,7,Jul,2000-07,27,Sat
2000-07-09,20000709,2000,Q3,7,Jul,2000-07,27,Sun
2000-07-10,20000710,2000,Q3,7,Jul,2000-07,28,Mon
2000-07-11,20000711,2000,Q3,7,Jul,2000-07,28,Tue
2000-07-12,20000712,2000,Q3,7,Jul,2000-07,28,Wed
2000-07-13,20000713,2000,Q3,7,Jul,2000-07,28,Thu
2000-07-14,20000714,2000,Q3,7,Jul,2000-07,28,Fri
2000-07-15,20000715,2000,Q3,7,Jul,2000-07,28,Sat
2000-07-16,20000716,2000,Q3,7,Jul,2000-07,28,Sun
2000-07-17,20000717,2000,Q3,7,Jul,2000-07,29,Mon
2000-07-18,20000718,2000,Q3,7,Jul,2000-07,29,Tue
2000-07-19,20000719,2000,Q3,7,Jul,2000-07,29,Wed
2000-07-20,20000720,2000,Q3,7,Jul,2000-07,29,Thu
2000-07-21,20000721,2000,Q3,7,Jul,2000-07,29,Fri
2000-07-22,20000722,2000,Q3,7,Jul,2000-07,29,Sat
2000-07-23,20000723,2000,Q3,7,Jul,2000-07,29,Sun
2000-07-24,20000724,2000,Q3,7,Jul,2000-07,30,Mon
2000-07-25,20000725,2000,Q3,7,Jul,2000-07,30,Tue
2000-07-26,20000726,2000,Q3,7,Jul,2000-07,30,Wed
2000-07-27,20000727,2000,Q3,7,Jul,2000-07,30,Thu
2000-07-28,20000728,2000,Q3,7,Jul,2000-07,30,Fri
2000-07-29,20000729,2000,Q3,7,Jul,2000-07,30,Sat
2000-07-30,20000730,2000,Q3,7,Jul,2000-07,30,Sun
2000-07-31,20000731,2000,Q3,7,Jul,2000-07,31,Mon
2000-08-01,20000801,2000,Q3,8,Aug,2000-08,31,Tue
2000-08-02,20000802,2000,Q3,8,Aug,2000-08,31,Wed
2000-08-03,20000803,2000,Q3,8,Aug,2000-08,31,Thu
2000-08-04,20000804,2000,Q3,8,Aug,2000-08,31,Fri
2000-08-05,20000805,2000,Q3,8,Aug,2000-08,31,Sat
2000-08-06,20000806,2000,Q3,8,Aug,2000-08,31,Sun
2000-08-07,20000807,2000,Q3,8,Aug,2000-08,32,Mon
2000-08-08,20000808,2000,Q3,8,Aug,2000-08,32,Tue
2000-08-09,20000809,2000,Q3,8,Aug,2000-08,32,Wed
2000-08-10,20000810,2000,Q3,8,Aug,2000-08,32,Thu
2000-08-11,20000811,2000,Q3,8,Aug,2000-08,32,Fri
2000-08-12,20000812,2000,Q3,8,Aug,2000-08,32,Sat
2000-08-13,20000813,2000,Q3,8,Aug,2000-08,32,Sun
2000-08-14,20000814,2000,Q3,8,Aug,2000-08,33,Mon
2000-08-15,20000815,2000,Q3,8,Aug,2000-08,33,Tue
2000-08-16,20000816,2000,Q3,8,Aug,2000-08,33,Wed
2000-08-17,20000817,2000,Q3,8,Aug,2000-08,33,Thu
2000-08-18,20000818,2000,Q3,8,Aug,2000-08,33,Fri
2000-08-19,20000819,2000,Q3,8,Aug,2000-08,33,Sat
2000-08-20,20000820,2000,Q3,8,Aug,2000-08,33,Sun
2000-08-21,20000821,2000,Q3,8,Aug,2000-08,34,Mon
2000-08-22,20000822,2000,Q3,8,Aug,2000-08,34,Tue
2000-08-23,20000823,2000,Q3,8,Aug,2000-08,34,Wed
2000-08-24,20000824,2000,Q3,8,Aug,2000-08,34,Thu
2000-08-25,20000825,2000,Q3,8,Aug,2000-08,34,Fri
2000-08-26,20000826,2000,Q3,8,Aug,2000-08,34,Sat
2000-08-27,20000827,2000,Q3,8,Aug,2000-08,34,Sun
2000-08-28,20000828,2000,Q3,8,Aug,2000-08,35,Mon
2000-08-29,20000829,2000,Q3,8,Aug,2000-08,35,Tue
2000-08-30,20000830,2000,Q3,8,Aug,2000-08,35,Wed
2000-08-31,20000831,2000,Q3,8,Aug,2000-08,35,Thu
2000-09-01,20000901,2000,Q3,9,Sep,2000-09,35,Fri
2000-09-02,20000902,2000,Q3,9,Sep,2000-09,35,Sat
2000-09-03,20000903,2000,Q3,9,Sep,2000-09,35,Sun
2000-09-04,20000904,2000,Q3,9,Sep,2000-09,36,Mon
2000-09-05,20000905,2000,Q3,9,Sep,2000-09,36,Tue
2000-09-06,20000906,2000,Q3,9,Sep,2000-09,36,Wed
2000-09-07,20000907,2000,Q3,9,Sep,2000-09,36,Thu
2000-09-08,20000908,2000,Q3,9,Sep,2000-09,36,Fri
2000-09-09,20000909,2000,Q3,9,Sep,2000-09,36,Sat
2000-09-10,20000910,2000,Q3,9,Sep,2000-09,36,Sun
2000-09-11,20000911,2000,Q3,9,Sep,2000-09,37,Mon
2000-09-12,20000912,2000,Q3,9,Sep,2000-09,37,Tue
2000-09-13,20000913,2000,Q3,9,Sep,2000-09,37,Wed
2000-09-14,20000914,2000,Q3,9,Sep,2000-09,37,Thu
2000-09-15,20000915,2000,Q3,9,Sep,2000-09,37,Fri
2000-09-16,20000916,2000,Q3,9,Sep,2000-09,37,Sat
2000-09-17,20000917,2000,Q3,9,Sep,2000-09,37,Sun
2000-09-18,20000918,2000,Q3,9,Sep,2000-09,38,Mon
2000-09-19,20000919,2000,Q3,9,Sep,2000-09,38,Tue
2000-09-20,20000920,2000,Q3,9,Sep,2000-09,38,Wed
2000-09-21,20000921,2000,Q3,9,Sep,2000-09,38,Thu
2000-09-22,20000922,2000,Q3,9,Sep,2000-09,38,Fri
2000-09-23,20000923,2000,Q3,9,Sep,2000-09,38,Sat
2000-09-24,20000924,2000,Q3,9,Sep,2000-09,38,Sun
2000-09-25,20000925,2000,Q3,9,Sep,2000-09,39,Mon
2000-09-26,20000926,2000,Q3,9,Sep,2000-09,39,Tue
2000-09-27,20000927,2000,Q3,9,Sep,2000-09,39,Wed
2000-09-28,20000928,2000,Q3,9,Sep,2000-09,39,Thu
2000-09-29,20000929,2000,Q3,9,Sep,2000-09,39,Fri
2000-09-30,20000930,2000,Q3,9,Sep,2000-09,39,Sat
2000-10-01,20001001,2000,Q4,10,Oct,2000-10,39,Sun
2000-10-02,20001002,2000,Q4,10,Oct,2000-10,40,Mon
2000-10-03,20001003,2000,Q4,10,Oct,2000-10,40,Tue
2000-10-04,20001004,2000,Q4,10,Oct,2000-10,40,Wed
2000-10-05,20001005,2000,Q4,10,Oct,2000-10,40,Thu
2000-10-06,20001006,2000,Q4,10,Oct,2000-10,40,Fri
2000-10-07,20001007,2000,Q4,10,Oct,2000-10,40,Sat
2000-10-08,20001008,2000,Q4,10,Oct,2000-10,40,Sun
2000-10-09,20001009,2000,Q4,10,Oct,2000-10,41,Mon
2000-10-10,20001010,2000,Q4,10,Oct,2000-10,41,Tue
2000-10-11,20001011,2000,Q4,10,Oct,2000-10,41,Wed
2000-10-12,20001012,2000,Q4,10,Oct,2000-10,41,Thu
2000-10-13,20001013,2000,Q4,10,Oct,2000-10,41,Fri
2000-10-14,20001014,2000,Q4,10,Oct,2000-10,41,Sat
2000-10-15,20001015,2000,Q4,10,Oct,2000-10,41,Sun
2000-10-16,20001016,2000,Q4,10,Oct,2000-10,42,Mon
2000-10-17,20001017,2000,Q4,10,Oct,2000-10,42,Tue
2000-10-18,20001018,2000,Q4,10,Oct,2000-10,42,Wed
2000-10-19,20001019,2000,Q4,10,Oct,2000-10,42,Thu
2000-10-20,20001020,2000,Q4,10,Oct,2000-10,42,Fri
2000-10-21,20001021,2000,Q4,10,Oct,2000-10,42,Sat
2000-10-22,20001022,2000,Q4,10,Oct,2000-10,42,Sun
2000-10-23,20001023,2000,Q4,10,Oct,2000-10,43,Mon
2000-10-24,20001024,2000,Q4,10,Oct,2000-10,43,Tue
2000-10-25,20001025,2000,Q4,10,Oct,2000-10,43,Wed
2000-10-26,20001026,2000,Q4,10,Oct,2000-10,43,Thu
2000-10-27,20001027,2000,Q4,10,Oct,2000-10,43,Fri
2000-10-28,20001028,2000,Q4,10,Oct,2000-10,43,Sat
2000-10-29,20001029,2000,Q4,10,Oct,2000-10,43,Sun
2000-10-30,20001030,2000,Q4,10,Oct,2000-10,44,Mon
2000-10-31,20001031,2000,Q4,10,Oct,2000-10,44,Tue
2000-11-01,20001101,2000,Q4,11,Nov,2000-11,44,Wed
2000-11-02,20001102,2000,Q4,11,Nov,2000-11,44,Thu
2000-11-03,20001103,2000,Q4,11,Nov,2000-11,44,Fri
2000-11-04,20001104,2000,Q4,11,Nov,2000-11,44,Sat
2000-11-05,20001105,2000,Q4,11,Nov,2000-11,44,Sun
2000-11-06,20001106,2000,Q4,11,Nov,2000-11,45,Mon
2000-11-07,20001107,2000,Q4,11,Nov,2000-11,45,Tue
2000-11-08,20001108,2000,Q4,11,Nov,2000-11,45,Wed
2000-11-09,20001109,2000,Q4,11,Nov,2000-11,45,Thu
2000-11-10,20001110,2000,Q4,11,Nov,2000-11,45,Fri
2000-11-11,20001111,2000,Q4,11,Nov,2000-11,45,Sat
2000-11-12,20001112,2000,Q4,11,Nov,2000-11,45,Sun
2000-11-13,20001113,2000,Q4,11,Nov,2000-11,46,Mon
2000-11-14,20001114,2000,Q4,11,Nov,2000-11,46,Tue
2000-11-15,20001115,2000,Q4,11,Nov,2000-11,46,Wed
2000-11-16,20001116,2000,Q4,11,Nov,2000-11,46,Thu
2000-11-17,20001117,2000,Q4,11,Nov,2000-11,46,Fri
2000-11-18,20001118,2000,Q4,11,Nov,2000-11,46,Sat
2000-11-19,20001119,2000,Q4,11,Nov,2000-11,46,Sun
2000-11-20,20001120,2000,Q4,11,Nov,2000-11,47,Mon
2000-11-21,20001121,2000,Q4,11,Nov,2000-11,47,Tue
2000-11-22,20001122,2000,Q4,11,Nov,2000-11,47,Wed
2000-11-23,20001123,2000,Q4,11,Nov,2000-11,47,Thu
2000-11-24,20001124,2000,Q4,11,Nov,2000-11,47,Fri
2000-11-25,20001125,2000,Q4,11,Nov,2000-11,47,Sat
2000-11-26,20001126,2000,Q4,11,Nov,2000-11,47,Sun
2000-11-27,20001127,2000,Q4,11,Nov,2000-11,48,Mon
2000-11-28,20001128,2000,Q4,11,Nov,2000-11,48,Tue
2000-11-29,20001129,2000,Q4,11,Nov,2000-11,48,Wed
2000-11-30,20001130,2000,Q4,11,Nov,2000-11,48,Thu
2000-12-01,20001201,2000,Q4,12,Dec,2000-12,48,Fri
2000-12-02,20001202,2000,Q4,12,Dec,2000-12,48,Sat
2000-12-03,20001203,2000,Q4,12,Dec,2000-12,48,Sun
2000-12-04,20001204,2000,Q4,12,Dec,2000-12,49,Mon
2000-12-05,20001205,2000,Q4,12,Dec,2000-12,49,Tue
2000-12-06,20001206,2000,Q4,12,Dec,2000-12,49,Wed
2000-12-07,20001207,2000,Q4,12,Dec,2000-12,49,Thu
2000-12-08,20001208,2000,Q4,12,Dec,2000-12,49,Fri
2000-12-09,20001209,2000,Q4,12,Dec,2000-12,49,Sat
2000-12-10,20001210,2000,Q4,12,Dec,2000-12,49,Sun
2000-12-11,20001211,2000,Q4,12,Dec,2000-12,50,Mon
2000-12-12,20001212,2000,Q4,12,Dec,2000-12,50,Tue
2000-12-13,20001213,2000,Q4,12,Dec,2000-12,50,Wed
2000-12-14,20001214,2000,Q4,12,Dec,2000-12,50,Thu
2000-12-15,20001215,2000,Q4,12,Dec,2000-12,50,Fri
2000-12-16,20001216,2000,Q4,12,Dec,2000-12,50,Sat
2000-12-17,20001217,2000,Q4,12,Dec,2000-12,50,Sun
2000-12-18,20001218,2000,Q4,12,Dec,2000-12,51,Mon
2000-12-19,20001219,2000,Q4,12,Dec,2000-12,51,Tue
2000-12-20,20001220,2000,Q4,12,Dec,2000-12,51,Wed
2000-12-21,20001221,2000,Q4,12,Dec,2000-12,51,Thu
2000-12-22,20001222,2000,Q4,12,Dec,2000-12,51,Fri
2000-12-23,20001223,2000,Q4,12,Dec,2000-12,51,Sat
2000-12-24,20001224,2000,Q4,12,Dec,2000-12,51,Sun
2000-12-25,20001225,2000,Q4,12,Dec,2000-12,52,Mon
2000-12-26,20001226,2000,Q4,12,Dec,2000-12,52,Tue
2000-12-27,20001227,2000,Q4,12,Dec,2000-12,52,Wed
2000-12-28,20001228,2000,Q4,12,Dec,2000-12,52,Thu
2000-12-29,20001229,2000,Q4,12,Dec,2000-12,52,Fri
2000-12-30,20001230,2000,Q4,12,Dec,2000-12,52,Sat
2000-12-31,20001231,2000,Q4,12,Dec,2000-12,52,Sun
2001-01-01,20010101,2001,Q1,1,Jan,2001-01,1,Mon
2001-01-02,20010102,2001,Q1,1,Jan,2001-01,1,Tue
2001-01-03,20010103,2001,Q1,1,Jan,2001-01,1,Wed
2001-01-04,20010104,2001,Q1,1,Jan,2001-01,1,Thu
2001-01-05,20010105,2001,Q1,1,Jan,2001-01,1,Fri
2001-01-06,20010106,2001,Q1,1,Jan,2001-01,1,Sat
2001-01-07,20010107,2001,Q1,1,Jan,2001-01,1,Sun
2001-01-08,20010108,2001,Q1,1,Jan,2001-01,2,Mon
2001-01-09,20010109,2001,Q1,1,Jan,2001-01,2,Tue
2001-01-10,20010110,2001,Q1,1,Jan,2001-01,2,Wed
2001-01-11,20010111,2001,Q1,1,Jan,2001-01,2,Thu
2001-01-12,20010112,2001,Q1,1,Jan,2001-01,2,Fri
2001-01-13,20010113,2001,Q1,1,Jan,2001-01,2,Sat
2001-01-14,20010114,2001,Q1,1,Jan,2001-01,2,Sun
2001-01-15,20010115,2001,Q1,1,Jan,2001-01,3,Mon
2001-01-16,20010116,2001,Q1,1,Jan,2001-01,3,Tue
2001-01-17,20010117,2001,Q1,1,Jan,2001-01,3,Wed
2001-01-18,20010118,2001,Q1,1,Jan,2001-01,3,Thu
2001-01-19,20010119,2001,Q1,1,Jan,2001-01,3,Fri
2001-01-20,20010120,2001,Q1,1,Jan,2001-01,3,Sat
2001-01-21,20010121,2001,Q1,1,Jan,2001-01,3,Sun
2001-01-22,20010122,2001,Q1,1,Jan,2001-01,4,Mon
2001-01-23,20010123,2001,Q1,1,Jan,2001-01,4,Tue
2001-01-24,20010124,2001,Q1,1,Jan,2001-01,4,Wed
2001-01-25,20010125,2001,Q1,1,Jan,2001-01,4,Thu
2001-01-26,20010126,2001,Q1,1,Jan,2001-01,4,Fri
2001-01-27,20010127,2001,Q1,1,Jan,2001-01,4,Sat
2001-01-28,20010128,2001,Q1,1,Jan,2001-01,4,Sun
2001-01-29,20010129,2001,Q1,1,Jan,2001-01,5,Mon
2001-01-30,20010130,2001,Q1,1,Jan,2001-01,5,Tue
2001-01-31,20010131,2001,Q1,1,Jan,2001-01,5,Wed
2001-02-01,20010201,2001,Q1,2,Feb,2001-02,5,Thu
2001-02-02,20010202,2001,Q1,2,Feb,2001-02,5,Fri
2001-02-03,20010203,2001,Q1,2,Feb,2001-02,5,Sat
2001-02-04,20010204,2001,Q1,2,Feb,2001-02,5,Sun
2001-02-05,20010205,2001,Q1,2,Feb,2001-02,6,Mon
2001-02-06,20010206,2001,Q1,2,Feb,2001-02,6,Tue
2001-02-07,20010207,2001,Q1,2,Feb,2001-02,6,Wed
2001-02-08,20010208,2001,Q1,2,Feb,2001-02,6,Thu
2001-02-09,20010209,2001,Q1,2,Feb,2001-02,6,Fri
2001-02-10,20010210,2001,Q1,2,Feb,2001-02,6,Sat
2001-02-11,20010211,2001,Q1,2,Feb,2001-02,6,Sun
2001-02-12,20010212,2001,Q1,2,Feb,2001-02,7,Mon
2001-02-13,20010213,2001,Q1,2,Feb,2001-02,7,Tue
2001-02-14,20010214,2001,Q1,2,Feb,2001-02,7,Wed
2001-02-15,20010215,2001,Q1,2,Feb,2001-02,7,Thu
2001-02-16,20010216,2001,Q1,2,Feb,2001-02,7,Fri
2001-02-17,20010217,2001,Q1,2,Feb,2001-02,7,Sat
2001-02-18,20010218,2001,Q1,2,Feb,2001-02,7,Sun
2001-02-19,20010219,2001,Q1,2,Feb,2001-02,8,Mon
2001-02-20,20010220,2001,Q1,2,Feb,2001-02,8,Tue
2001-02-21,20010221,2001,Q1,2,Feb,2001-02,8,Wed
2001-02-22,20010222,2001,Q1,2,Feb,2001-02,8,Thu
2001-02-23,20010223,2001,Q1,2,Feb,2001-02,8,Fri
2001-02-24,20010224,2001,Q1,2,Feb,2001-02,8,Sat
2001-02-25,20010225,2001,Q1,2,Feb,2001-02,8,Sun
2001-02-26,20010226,2001,Q1,2,Feb,2001-02,9,Mon
2001-02-27,20010227,2001,Q1,2,Feb,2001-02,9,Tue
2001-02-28,20010228,2001,Q1,2,Feb,2001-02,9,Wed
2001-03-01,20010301,2001,Q1,3,Mar,2001-03,9,Thu
2001-03-02,20010302,2001,Q1,3,Mar,2001-03,9,Fri
2001-03-03,20010303,2001,Q1,3,Mar,2001-03,9,Sat
2001-03-04,20010304,2001,Q1,3,Mar,2001-03,9,Sun
2001-03-05,20010305,2001,Q1,3,Mar,2001-03,10,Mon
2001-03-06,20010306,2001,Q1,3,Mar,2001-03,10,Tue
2001-03-07,20010307,2001,Q1,3,Mar,2001-03,10,Wed
2001-03-08,20010308,2001,Q1,3,Mar,2001-03,10,Thu
2001-03-09,20010309,2001,Q1,3,Mar,2001-03,10,Fri
2001-03-10,20010310,2001,Q1,3,Mar,2001-03,10,Sat
2001-03-11,20010311,2001,Q1,3,Mar,2001-03,10,Sun
2001-03-12,20010312,2001,Q1,3,Mar,2001-03,11,Mon
2001-03-13,20010313,2001,Q1,3,Mar,2001-03,11,Tue
2001-03-14,20010314,2001,Q1,3,Mar,2001-03,11,Wed
2001-03-15,20010315,2001,Q1,3,Mar,2001-03,11,Thu
2001-03-16,20010316,2001,Q1,3,Mar,2001-03,11,Fri
2001-03-17,20010317,2001,Q1,3,Mar,2001-03,11,Sat
2001-03-18,20010318,2001,Q1,3,Mar,2001-03,11,Sun
2001-03-19,20010319,2001,Q1,3,Mar,2001-03,12,Mon
2001-03-20,20010320,2001,Q1,3,Mar,2001-03,12,Tue
2001-03-21,20010321,2001,Q1,3,Mar,2001-03,12,Wed
2001-03-22,20010322,2001,Q1,3,Mar,2001-03,12,Thu
2001-03-23,20010323,2001,Q1,3,Mar,2001-03,12,Fri
2001-03-24,20010324,2001,Q1,3,Mar,2001-03,12,Sat
2001-03-25,20010325,2001,Q1,3,Mar,2001-03,12,Sun
2001-03-26,20010326,2001,Q1,3,Mar,2001-03,13,Mon
2001-03-27,20010327,2001,Q1,3,Mar,2001-03,13,Tue
2001-03-28,20010328,2001,Q1,3,Mar,2001-03,13,Wed
2001-03-29,20010329,2001,Q1,3,Mar,2001-03,13,Thu
2001-03-30,20010330,2001,Q1,3,Mar,2001-03,13,Fri
2001-03-31,20010331,2001,Q1,3,Mar,2001-03,13,Sat
2001-04-01,20010401,2001,Q2,4,Apr,2001-04,13,Sun
2001-04-02,20010402,2001,Q2,4,Apr,2001-04,14,Mon
2001-04-03,20010403,2001,Q2,4,Apr,2001-04,14,Tue
2001-04-04,20010404,2001,Q2,4,Apr,2001-04,14,Wed
2001-04-05,20010405,2001,Q2,4,Apr,2001-04,14,Thu
2001-04-06,20010406,2001,Q2,4,Apr,2001-04,14,Fri
2001-04-07,20010407,2001,Q2,4,Apr,2001-04,14,Sat
2001-04-08,20010408,2001,Q2,4,Apr,2001-04,14,Sun
2001-04-09,20010409,2001,Q2,4,Apr,2001-04,15,Mon
2001-04-10,20010410,2001,Q2,4,Apr,2001-04,15,Tue
2001-04-11,20010411,2001,Q2,4,Apr,2001-04,15,Wed
2001-04-12,20010412,2001,Q2,4,Apr,2001-04,15,Thu
2001-04-13,20010413,2001,Q2,4,Apr,2001-04,15,Fri
2001-04-14,20010414,2001,Q2,4,Apr,2001-04,15,Sat
2001-04-15,20010415,2001,Q2,4,Apr,2001-04,15,Sun
2001-04-16,20010416,2001,Q2,4,Apr,2001-04,16,Mon
2001-04-17,20010417,2001,Q2,4,Apr,2001-04,16,Tue
2001-04-18,20010418,2001,Q2,4,Apr,2001-04,16,Wed
2001-04-19,20010419,2001,Q2,4,Apr,2001-04,16,Thu
2001-04-20,20010420,2001,Q2,4,Apr,2001-04,16,Fri
2001-04-21,20010421,2001,Q2,4,Apr,2001-04,16,Sat
2001-04-22,20010422,2001,Q2,4,Apr,2001-04,16,Sun
2001-04-23,20010423,2001,Q2,4,Apr,2001-04,17,Mon
2001-04-24,20010424,2001,Q2,4,Apr,2001-04,17,Tue
2001-04-25,20010425,2001,Q2,4,Apr,2001-04,17,Wed
2001-04-26,20010426,2001,Q2,4,Apr,2001-04,17,Thu
2001-04-27,20010427,2001,Q2,4,Apr,2001-04,17,Fri
2001-04-28,20010428,2001,Q2,4,Apr,2001-04,17,Sat
2001-04-29,20010429,2001,Q2,4,Apr,2001-04,17,Sun
2001-04-30,20010430,2001,Q2,4,Apr,2001-04,18,Mon
2001-05-01,20010501,2001,Q2,5,May,2001-05,18,Tue
2001-05-02,20010502,2001,Q2,5,May,2001-05,18,Wed
2001-05-03,20010503,2001,Q2,5,May,2001-05,18,Thu
2001-05-04,20010504,2001,Q2,5,May,2001-05,18,Fri
2001-05-05,20010505,2001,Q2,5,May,2001-05,18,Sat
2001-05-06,20010506,2001,Q2,5,May,2001-05,18,Sun
2001-05-07,20010507,2001,Q2,5,May,2001-05,19,Mon
2001-05-08,20010508,2001,Q2,5,May,2001-05,19,Tue
2001-05-09,20010509,2001,Q2,5,May,2001-05,19,Wed
2001-05-10,20010510,2001,Q2,5,May,2001-05,19,Thu
2001-05-11,20010511,2001,Q2,5,May,2001-05,19,Fri
2001-05-12,20010512,2001,Q2,5,May,2001-05,19,Sat
2001-05-13,20010513,2001,Q2,5,May,2001-05,19,Sun
2001-05-14,20010514,2001,Q2,5,May,2001-05,20,Mon
2001-05-15,20010515,2001,Q2,5,May,2001-05,20,Tue
2001-05-16,20010516,2001,Q2,5,May,2001-05,20,Wed
2001-05-17,20010517,2001,Q2,5,May,2001-05,20,Thu
2001-05-18,20010518,2001,Q2,5,May,2001-05,20,Fri
2001-05-19,20010519,2001,Q2,5,May,2001-05,20,Sat
2001-05-20,20010520,2001,Q2,5,May,2001-05,20,Sun
2001-05-21,20010521,2001,Q2,5,May,2001-05,21,Mon
2001-05-22,20010522,2001,Q2,5,May,2001-05,21,Tue
2001-05-23,20010523,2001,Q2,5,May,2001-05,21,Wed
2001-05-24,20010524,2001,Q2,5,May,2001-05,21,Thu
2001-05-25,20010525,2001,Q2,5,May,2001-05,21,Fri
2001-05-26,20010526,2001,Q2,5,May,2001-05,21,Sat
2001-05-27,20010527,2001,Q2,5,May,2001-05,21,Sun
2001-05-28,20010528,2001,Q2,5,May,2001-05,22,Mon
2001-05-29,20010529,2001,Q2,5,May,2001-05,22,Tue
2001-05-30,20010530,2001,Q2,5,May,2001-05,22,Wed
2001-05-31,20010531,2001,Q2,5,May,2001-05,22,Thu
2001-06-01,20010601,2001,Q2,6,Jun,2001-06,22,Fri
2001-06-02,20010602,2001,Q2,6,Jun,2001-06,22,Sat
2001-06-03,20010603,2001,Q2,6,Jun,2001-06,22,Sun
2001-06-04,20010604,2001,Q2,6,Jun,2001-06,23,Mon
2001-06-05,20010605,2001,Q2,6,Jun,2001-06,23,Tue
2001-06-06,20010606,2001,Q2,6,Jun,2001-06,23,Wed
2001-06-07,20010607,2001,Q2,6,Jun,2001-06,23,Thu
2001-06-08,20010608,2001,Q2,6,Jun,2001-06,23,Fri
2001-06-09,20010609,2001,Q2,6,Jun,2001-06,23,Sat
2001-06-10,20010610,2001,Q2,6,Jun,2001-06,23,Sun
2001-06-11,20010611,2001,Q2,6,Jun,2001-06,24,Mon
2001-06-12,20010612,2001,Q2,6,Jun,2001-06,24,Tue
2001-06-13,20010613,2001,Q2,6,Jun,2001-06,24,Wed
2001-06-14,20010614,2001,Q2,6,Jun,2001-06,24,Thu
2001-06-15,20010615,2001,Q2,6,Jun,2001-06,24,Fri
2001-06-16,20010616,2001,Q2,6,Jun,2001-06,24,Sat
2001-06-17,20010617,2001,Q2,6,Jun,2001-06,24,Sun
2001-06-18,20010618,2001,Q2,6,Jun,2001-06,25,Mon
2001-06-19,20010619,2001,Q2,6,Jun,2001-06,25,Tue
2001-06-20,20010620,2001,Q2,6,Jun,2001-06,25,Wed
2001-06-21,20010621,2001,Q2,6,Jun,2001-06,25,Thu
2001-06-22,20010622,2001,Q2,6,Jun,2001-06,25,Fri
2001-06-23,20010623,2001,Q2,6,Jun,2001-06,25,Sat
2001-06-24,20010624,2001,Q2,6,Jun,2001-06,25,Sun
2001-06-25,20010625,2001,Q2,6,Jun,2001-06,26,Mon
2001-06-26,20010626,2001,Q2,6,Jun,2001-06,26,Tue
2001-06-27,20010627,2001,Q2,6,Jun,2001-06,26,Wed
2001-06-28,20010628,2001,Q2,6,Jun,2001-06,26,Thu
2001-06-29,20010629,2001,Q2,6,Jun,2001-06,26,Fri
2001-06-30,20010630,2001,Q2,6,Jun,2001-06,26,Sat
2001-07-01,20010701,2001,Q3,7,Jul,2001-07,26,Sun
2001-07-02,20010702,2001,Q3,7,Jul,2001-07,27,Mon
2001-07-03,20010703,2001,Q3,7,Jul,2001-07,27,Tue
2001-07-04,20010704,2001,Q3,7,Jul,2001-07,27,Wed
2001-07-05,20010705,2001,Q3,7,Jul,2001-07,27,Thu
2001-07-06,20010706,2001,Q3,7,Jul,2001-07,27,Fri
2001-07-07,20010707,2001,Q3,7,Jul,2001-07,27,Sat
2001-07-08,20010708,2001,Q3,7,Jul,2001-07,27,Sun
2001-07-09,20010709,2001,Q3,7,Jul,2001-07,28,Mon
2001-07-10,20010710,2001,Q3,7,Jul,2001-07,28,Tue
2001-07-11,20010711,2001,Q3,7,Jul,2001-07,28,Wed
2001-07-12,20010712,2001,Q3,7,Jul,2001-07,28,Thu
2001-07-13,20010713,2001,Q3,7,Jul,2001-07,28,Fri
2001-07-14,20010714,2001,Q3,7,Jul,2001-07,28,Sat
2001-07-15,20010715,2001,Q3,7,Jul,2001-07,28,Sun
2001-07-16,20010716,2001,Q3,7,Jul,2001-07,29,Mon
2001-07-17,20010717,2001,Q3,7,Jul,2001-07,29,Tue
2001-07-18,20010718,2001,Q3,7,Jul,2001-07,29,Wed
2001-07-19,20010719,2001,Q3,7,Jul,2001-07,29,Thu
2001-07-20,20010720,2001,Q3,7,Jul,2001-07,29,Fri
2001-07-21,20010721,2001,Q3,7,Jul,2001-07,29,Sat
2001-07-22,20010722,2001,Q3,7,Jul,2001-07,29,Sun
2001-07-23,20010723,2001,Q3,7,Jul,2001-07,30,Mon
2001-07-24,20010724,2001,Q3,7,Jul,2001-07,30,Tue
2001-07-25,20010725,2001,Q3,7,Jul,2001-07,30,Wed
2001-07-26,20010726,2001,Q3,7,Jul,2001-07,30,Thu
2001-07-27,20010727,2001,Q3,7,Jul,2001-07,30,Fri
2001-07-28,20010728,2001,Q3,7,Jul,2001-07,30,Sat
2001-07-29,20010729,2001,Q3,7,Jul,2001-07,30,Sun
2001-07-30,20010730,2001,Q3,7,Jul,2001-07,31,Mon
2001-07-31,20010731,2001,Q3,7,Jul,2001-07,31,Tue
2001-08-01,20010801,2001,Q3,8,Aug,2001-08,31,Wed
2001-08-02,20010802,2001,Q3,8,Aug,2001-08,31,Thu
2001-08-03,20010803,2001,Q3,8,Aug,2001-08,31,Fri
2001-08-04,20010804,2001,Q3,8,Aug,2001-08,31,Sat
2001-08-05,20010805,2001,Q3,8,Aug,2001-08,31,Sun
2001-08-06,20010806,2001,Q3,8,Aug,2001-08,32,Mon
2001-08-07,20010807,2001,Q3,8,Aug,2001-08,32,Tue
2001-08-08,20010808,2001,Q3,8,Aug,2001-08,32,Wed
2001-08-09,20010809,2001,Q3,8,Aug,2001-08,32,Thu
2001-08-10,20010810,2001,Q3,8,Aug,2001-08,32,Fri
2001-08-11,20010811,2001,Q3,8,Aug,2001-08,32,Sat
2001-08-12,20010812,2001,Q3,8,Aug,2001-08,32,Sun
2001-08-13,20010813,2001,Q3,8,Aug,2001-08,33,Mon
2001-08-14,20010814,2001,Q3,8,Aug,2001-08,33,Tue
2001-08-15,20010815,2001,Q3,8,Aug,2001-08,33,Wed
2001-08-16,20010816,2001,Q3,8,Aug,2001-08,33,Thu
2001-08-17,20010817,2001,Q3,8,Aug,2001-08,33,Fri
2001-08-18,20010818,2001,Q3,8,Aug,2001-08,33,Sat
2001-08-19,20010819,2001,Q3,8,Aug,2001-08,33,Sun
2001-08-20,20010820,2001,Q3,8,Aug,2001-08,34,Mon
2001-08-21,20010821,2001,Q3,8,Aug,2001-08,34,Tue
2001-08-22,20010822,2001,Q3,8,Aug,2001-08,34,Wed
2001-08-23,20010823,2001,Q3,8,Aug,2001-08,34,Thu
2001-08-24,20010824,2001,Q3,8,Aug,2001-08,34,Fri
2001-08-25,20010825,2001,Q3,8,Aug,2001-08,34,Sat
2001-08-26,20010826,2001,Q3,8,Aug,2001-08,34,Sun
2001-08-27,20010827,2001,Q3,8,Aug,2001-08,35,Mon
2001-08-28,20010828,2001,Q3,8,Aug,2001-08,35,Tue
2001-08-29,20010829,2001,Q3,8,Aug,2001-08,35,Wed
2001-08-30,20010830,2001,Q3,8,Aug,2001-08,35,Thu
2001-08-31,20010831,2001,Q3,8,Aug,2001-08,35,Fri
2001-09-01,20010901,2001,Q3,9,Sep,2001-09,35,Sat
2001-09-02,20010902,2001,Q3,9,Sep,2001-09,35,Sun
2001-09-03,20010903,2001,Q3,9,Sep,2001-09,36,Mon
2001-09-04,20010904,2001,Q3,9,Sep,2001-09,36,Tue
2001-09-05,20010905,2001,Q3,9,Sep,2001-09,36,Wed
2001-09-06,20010906,2001,Q3,9,Sep,2001-09,36,Thu
2001-09-07,20010907,2001,Q3,9,Sep,2001-09,36,Fri
2001-09-08,20010908,2001,Q3,9,Sep,2001-09,36,Sat
2001-09-09,20010909,2001,Q3,9,Sep,2001-09,36,Sun
2001-09-10,20010910,2001,Q3,9,Sep,2001-09,37,Mon
2001-09-11,20010911,2001,Q3,9,Sep,2001-09,37,Tue
2001-09-12,20010912,2001,Q3,9,Sep,2001-09,37,Wed
2001-09-13,20010913,2001,Q3,9,Sep,2001-09,37,Thu
2001-09-14,20010914,2001,Q3,9,Sep,2001-09,37,Fri
2001-09-15,20010915,2001,Q3,9,Sep,2001-09,37,Sat
2001-09-16,20010916,2001,Q3,9,Sep,2001-09,37,Sun
2001-09-17,20010917,2001,Q3,9,Sep,2001-09,38,Mon
2001-09-18,20010918,2001,Q3,9,Sep,2001-09,38,Tue
2001-09-19,20010919,2001,Q3,9,Sep,2001-09,38,Wed
2001-09-20,20010920,2001,Q3,9,Sep,2001-09,38,Thu
2001-09-21,20010921,2001,Q3,9,Sep,2001-09,38,Fri
2001-09-22,20010922,2001,Q3,9,Sep,2001-09,38,Sat
2001-09-23,20010923,2001,Q3,9,Sep,2001-09,38,Sun
2001-09-24,20010924,2001,Q3,9,Sep,2001-09,39,Mon
2001-09-25,20010925,2001,Q3,9,Sep,2001-09,39,Tue
2001-09-26,20010926,2001,Q3,9,Sep,2001-09,39,Wed
2001-09-27,20010927,2001,Q3,9,Sep,2001-09,39,Thu
2001-09-28,20010928,2001,Q3,9,Sep,2001-09,39,Fri
2001-09-29,20010929,2001,Q3,9,Sep,2001-09,39,Sat
2001-09-30,20010930,2001,Q3,9,Sep,2001-09,39,Sun
2001-10-01,20011001,2001,Q4,10,Oct,2001-10,40,Mon
2001-10-02,20011002,2001,Q4,10,Oct,2001-10,40,Tue
2001-10-03,20011003,2001,Q4,10,Oct,2001-10,40,Wed
2001-10-04,20011004,2001,Q4,10,Oct,2001-10,40,Thu
2001-10-05,20011005,2001,Q4,10,Oct,2001-10,40,Fri
2001-10-06,20011006,2001,Q4,10,Oct,2001-10,40,Sat
2001-10-07,20011007,2001,Q4,10,Oct,2001-10,40,Sun
2001-10-08,20011008,2001,Q4,10,Oct,2001-10,41,Mon
2001-10-09,20011009,2001,Q4,10,Oct,2001-10,41,Tue
2001-10-10,20011010,2001,Q4,10,Oct,2001-10,41,Wed
2001-10-11,20011011,2001,Q4,10,Oct,2001-10,41,Thu
2001-10-12,20011012,2001,Q4,10,Oct,2001-10,41,Fri
2001-10-13,20011013,2001,Q4,10,Oct,2001-10,41,Sat
2001-10-14,20011014,2001,Q4,10,Oct,2001-10,41,Sun
2001-10-15,20011015,2001,Q4,10,Oct,2001-10,42,Mon
2001-10-16,20011016,2001,Q4,10,Oct,2001-10,42,Tue
2001-10-17,20011017,2001,Q4,10,Oct,2001-10,42,Wed
2001-10-18,20011018,2001,Q4,10,Oct,2001-10,42,Thu
2001-10-19,20011019,2001,Q4,10,Oct,2001-10,42,Fri
2001-10-20,20011020,2001,Q4,10,Oct,2001-10,42,Sat
2001-10-21,20011021,2001,Q4,10,Oct,2001-10,42,Sun
2001-10-22,20011022,2001,Q4,10,Oct,2001-10,43,Mon
2001-10-23,20011023,2001,Q4,10,Oct,2001-10,43,Tue
2001-10-24,20011024,2001,Q4,10,Oct,2001-10,43,Wed
2001-10-25,20011025,2001,Q4,10,Oct,2001-10,43,Thu
2001-10-26,20011026,2001,Q4,10,Oct,2001-10,43,Fri
2001-10-27,20011027,2001,Q4,10,Oct,2001-10,43,Sat
2001-10-28,20011028,2001,Q4,10,Oct,2001-10,43,Sun
2001-10-29,20011029,2001,Q4,10,Oct,2001-10,44,Mon
2001-10-30,20011030,2001,Q4,10,Oct,2001-10,44,Tue
2001-10-31,20011031,2001,Q4,10,Oct,2001-10,44,Wed
2001-11-01,20011101,2001,Q4,11,Nov,2001-11,44,Thu
2001-11-02,20011102,2001,Q4,11,Nov,2001-11,44,Fri
2001-11-03,20011103,2001,Q4,11,Nov,2001-11,44,Sat
2001-11-04,20011104,2001,Q4,11,Nov,2001-11,44,Sun
2001-11-05,20011105,2001,Q4,11,Nov,2001-11,45,Mon
2001-11-06,20011106,2001,Q4,11,Nov,2001-11,45,Tue
2001-11-07,20011107,2001,Q4,11,Nov,2001-11,45,Wed
2001-11-08,20011108,2001,Q4,11,Nov,2001-11,45,Thu
2001-11-09,20011109,2001,Q4,11,Nov,2001-11,45,Fri
2001-11-10,20011110,2001,Q4,11,Nov,2001-11,45,Sat
2001-11-11,20011111,2001,Q4,11,Nov,2001-11,45,Sun
2001-11-12,20011112,2001,Q4,11,Nov,2001-11,46,Mon
2001-11-13,20011113,2001,Q4,11,Nov,2001-11,46,Tue
2001-11-14,20011114,2001,Q4,11,Nov,2001-11,46,Wed
2001-11-15,20011115,2001,Q4,11,Nov,2001-11,46,Thu
2001-11-16,20011116,2001,Q4,11,Nov,2001-11,46,Fri
2001-11-17,20011117,2001,Q4,11,Nov,2001-11,46,Sat
2001-11-18,20011118,2001,Q4,11,Nov,2001-11,46,Sun
2001-11-19,20011119,2001,Q4,11,Nov,2001-11,47,Mon
2001-11-20,20011120,2001,Q4,11,Nov,2001-11,47,Tue
2001-11-21,20011121,2001,Q4,11,Nov,2001-11,47,Wed
2001-11-22,20011122,2001,Q4,11,Nov,2001-11,47,Thu
2001-11-23,20011123,2001,Q4,11,Nov,2001-11,47,Fri
2001-11-24,20011124,2001,Q4,11,Nov,2001-11,47,Sat
2001-11-25,20011125,2001,Q4,11,Nov,2001-11,47,Sun
2001-11-26,20011126,2001,Q4,11,Nov,2001-11,48,Mon
2001-11-27,20011127,2001,Q4,11,Nov,2001-11,48,Tue
2001-11-28,20011128,2001,Q4,11,Nov,2001-11,48,Wed
2001-11-29,20011129,2001,Q4,11,Nov,2001-11,48,Thu
2001-11-30,20011130,2001,Q4,11,Nov,2001-11,48,Fri
2001-12-01,20011201,2001,Q4,12,Dec,2001-12,48,Sat
2001-12-02,20011202,2001,Q4,12,Dec,2001-12,48,Sun
2001-12-03,20011203,2001,Q4,12,Dec,2001-12,49,Mon
2001-12-04,20011204,2001,Q4,12,Dec,2001-12,49,Tue
2001-12-05,20011205,2001,Q4,12,Dec,2001-12,49,Wed
2001-12-06,20011206,2001,Q4,12,Dec,2001-12,49,Thu
2001-12-07,20011207,2001,Q4,12,Dec,2001-12,49,Fri
2001-12-08,20011208,2001,Q4,12,Dec,2001-12,49,Sat
2001-12-09,20011209,2001,Q4,12,Dec,2001-12,49,Sun
2001-12-10,20011210,2001,Q4,12,Dec,2001-12,50,Mon
2001-12-11,20011211,2001,Q4,12,Dec,2001-12,50,Tue
2001-12-12,20011212,2001,Q4,12,Dec,2001-12,50,Wed
2001-12-13,20011213,2001,Q4,12,Dec,2001-12,50,Thu
2001-12-14,20011214,2001,Q4,12,Dec,2001-12,50,Fri
2001-12-15,20011215,2001,Q4,12,Dec,2001-12,50,Sat
2001-12-16,20011216,2001,Q4,12,Dec,2001-12,50,Sun
2001-12-17,20011217,2001,Q4,12,Dec,2001-12,51,Mon
2001-12-18,20011218,2001,Q4,12,Dec,2001-12,51,Tue
2001-12-19,20011219,2001,Q4,12,Dec,2001-12,51,Wed
2001-12-20,20011220,2001,Q4,12,Dec,2001-12,51,Thu
2001-12-21,20011221,2001,Q4,12,Dec,2001-12,51,Fri
2001-12-22,20011222,2001,Q4,12,Dec,2001-12,51,Sat
2001-12-23,20011223,2001,Q4,12,Dec,2001-12,51,Sun
2001-12-24,20011224,2001,Q4,12,Dec,2001-12,52,Mon
2001-12-25,20011225,2001,Q4,12,Dec,2001-12,52,Tue
2001-12-26,20011226,2001,Q4,12,Dec,2001-12,52,Wed
2001-12-27,20011227,2001,Q4,12,Dec,2001-12,52,Thu
2001-12-28,20011228,2001,Q4,12,Dec,2001-12,52,Fri
2001-12-29,20011229,2001,Q4,12,Dec,2001-12,52,Sat
2001-12-30,20011230,2001,Q4,12,Dec,2001-12,52,Sun
2001-12-31,20011231,2001,Q4,12,Dec,2001-12,1,Mon
2002-01-01,20020101,2002,Q1,1,Jan,2002-01,1,Tue
2002-01-02,20020102,2002,Q1,1,Jan,2002-01,1,Wed
2002-01-03,20020103,2002,Q1,1,Jan,2002-01,1,Thu
2002-01-04,20020104,2002,Q1,1,Jan,2002-01,1,Fri
2002-01-05,20020105,2002,Q1,1,Jan,2002-01,1,Sat
2002-01-06,20020106,2002,Q1,1,Jan,2002-01,1,Sun
2002-01-07,20020107,2002,Q1,1,Jan,2002-01,2,Mon
2002-01-08,20020108,2002,Q1,1,Jan,2002-01,2,Tue
2002-01-09,20020109,2002,Q1,1,Jan,2002-01,2,Wed
2002-01-10,20020110,2002,Q1,1,Jan,2002-01,2,Thu
2002-01-11,20020111,2002,Q1,1,Jan,2002-01,2,Fri
2002-01-12,20020112,2002,Q1,1,Jan,2002-01,2,Sat
2002-01-13,20020113,2002,Q1,1,Jan,2002-01,2,Sun
2002-01-14,20020114,2002,Q1,1,Jan,2002-01,3,Mon
2002-01-15,20020115,2002,Q1,1,Jan,2002-01,3,Tue
2002-01-16,20020116,2002,Q1,1,Jan,2002-01,3,Wed
2002-01-17,20020117,2002,Q1,1,Jan,2002-01,3,Thu
2002-01-18,20020118,2002,Q1,1,Jan,2002-01,3,Fri
2002-01-19,20020119,2002,Q1,1,Jan,2002-01,3,Sat
2002-01-20,20020120,2002,Q1,1,Jan,2002-01,3,Sun
2002-01-21,20020121,2002,Q1,1,Jan,2002-01,4,Mon
2002-01-22,20020122,2002,Q1,1,Jan,2002-01,4,Tue
2002-01-23,20020123,2002,Q1,1,Jan,2002-01,4,Wed
2002-01-24,20020124,2002,Q1,1,Jan,2002-01,4,Thu
2002-01-25,20020125,2002,Q1,1,Jan,2002-01,4,Fri
2002-01-26,20020126,2002,Q1,1,Jan,2002-01,4,Sat
2002-01-27,20020127,2002,Q1,1,Jan,2002-01,4,Sun
2002-01-28,20020128,2002,Q1,1,Jan,2002-01,5,Mon
2002-01-29,20020129,2002,Q1,1,Jan,2002-01,5,Tue
2002-01-30,20020130,2002,Q1,1,Jan,2002-01,5,Wed
2002-01-31,20020131,2002,Q1,1,Jan,2002-01,5,Thu
2002-02-01,20020201,2002,Q1,2,Feb,2002-02,5,Fri
2002-02-02,20020202,2002,Q1,2,Feb,2002-02,5,Sat
2002-02-03,20020203,2002,Q1,2,Feb,2002-02,5,Sun
2002-02-04,20020204,2002,Q1,2,Feb,2002-02,6,Mon
2002-02-05,20020205,2002,Q1,2,Feb,2002-02,6,Tue
2002-02-06,20020206,2002,Q1,2,Feb,2002-02,6,Wed
2002-02-07,20020207,2002,Q1,2,Feb,2002-02,6,Thu
2002-02-08,20020208,2002,Q1,2,Feb,2002-02,6,Fri
2002-02-09,20020209,2002,Q1,2,Feb,2002-02,6,Sat
2002-02-10,20020210,2002,Q1,2,Feb,2002-02,6,Sun
2002-02-11,20020211,2002,Q1,2,Feb,2002-02,7,Mon
2002-02-12,20020212,2002,Q1,2,Feb,2002-02,7,Tue
2002-02-13,20020213,2002,Q1,2,Feb,2002-02,7,Wed
2002-02-14,20020214,2002,Q1,2,Feb,2002-02,7,Thu
2002-02-15,20020215,2002,Q1,2,Feb,2002-02,7,Fri
2002-02-16,20020216,2002,Q1,2,Feb,2002-02,7,Sat
2002-02-17,20020217,2002,Q1,2,Feb,2002-02,7,Sun
2002-02-18,20020218,2002,Q1,2,Feb,2002-02,8,Mon
2002-02-19,20020219,2002,Q1,2,Feb,2002-02,8,Tue
2002-02-20,20020220,2002,Q1,2,Feb,2002-02,8,Wed
2002-02-21,20020221,2002,Q1,2,Feb,2002-02,8,Thu
2002-02-22,20020222,2002,Q1,2,Feb,2002-02,8,Fri
2002-02-23,20020223,2002,Q1,2,Feb,2002-02,8,Sat
2002-02-24,20020224,2002,Q1,2,Feb,2002-02,8,Sun
2002-02-25,20020225,2002,Q1,2,Feb,2002-02,9,Mon
2002-02-26,20020226,2002,Q1,2,Feb,2002-02,9,Tue
2002-02-27,20020227,2002,Q1,2,Feb,2002-02,9,Wed
2002-02-28,20020228,2002,Q1,2,Feb,2002-02,9,Thu
2002-03-01,20020301,2002,Q1,3,Mar,2002-03,9,Fri
2002-03-02,20020302,2002,Q1,3,Mar,2002-03,9,Sat
2002-03-03,20020303,2002,Q1,3,Mar,2002-03,9,Sun
2002-03-04,20020304,2002,Q1,3,Mar,2002-03,10,Mon
2002-03-05,20020305,2002,Q1,3,Mar,2002-03,10,Tue
2002-03-06,20020306,2002,Q1,3,Mar,2002-03,10,Wed
2002-03-07,20020307,2002,Q1,3,Mar,2002-03,10,Thu
2002-03-08,20020308,2002,Q1,3,Mar,2002-03,10,Fri
2002-03-09,20020309,2002,Q1,3,Mar,2002-03,10,Sat
2002-03-10,20020310,2002,Q1,3,Mar,2002-03,10,Sun
2002-03-11,20020311,2002,Q1,3,Mar,2002-03,11,Mon
2002-03-12,20020312,2002,Q1,3,Mar,2002-03,11,Tue
2002-03-13,20020313,2002,Q1,3,Mar,2002-03,11,Wed
2002-03-14,20020314,2002,Q1,3,Mar,2002-03,11,Thu
2002-03-15,20020315,2002,Q1,3,Mar,2002-03,11,Fri
2002-03-16,20020316,2002,Q1,3,Mar,2002-03,11,Sat
2002-03-17,20020317,2002,Q1,3,Mar,2002-03,11,Sun
2002-03-18,20020318,2002,Q1,3,Mar,2002-03,12,Mon
2002-03-19,20020319,2002,Q1,3,Mar,2002-03,12,Tue
2002-03-20,20020320,2002,Q1,3,Mar,2002-03,12,Wed
2002-03-21,20020321,2002,Q1,3,Mar,2002-03,12,Thu
2002-03-22,20020322,2002,Q1,3,Mar,2002-03,12,Fri
2002-03-23,20020323,2002,Q1,3,Mar,2002-03,12,Sat
2002-03-24,20020324,2002,Q1,3,Mar,2002-03,12,Sun
2002-03-25,20020325,2002,Q1,3,Mar,2002-03,13,Mon
2002-03-26,20020326,2002,Q1,3,Mar,2002-03,13,Tue
2002-03-27,20020327,2002,Q1,3,Mar,2002-03,13,Wed
2002-03-28,20020328,2002,Q1,3,Mar,2002-03,13,Thu
2002-03-29,20020329,2002,Q1,3,Mar,2002-03,13,Fri
2002-03-30,20020330,2002,Q1,3,Mar,2002-03,13,Sat
2002-03-31,20020331,2002,Q1,3,Mar,2002-03,13,Sun
2002-04-01,20020401,2002,Q2,4,Apr,2002-04,14,Mon
2002-04-02,20020402,2002,Q2,4,Apr,2002-04,14,Tue
2002-04-03,20020403,2002,Q2,4,Apr,2002-04,14,Wed
2002-04-04,20020404,2002,Q2,4,Apr,2002-04,14,Thu
2002-04-05,20020405,2002,Q2,4,Apr,2002-04,14,Fri
2002-04-06,20020406,2002,Q2,4,Apr,2002-04,14,Sat
2002-04-07,20020407,2002,Q2,4,Apr,2002-04,14,Sun
2002-04-08,20020408,2002,Q2,4,Apr,2002-04,15,Mon
2002-04-09,20020409,2002,Q2,4,Apr,2002-04,15,Tue
2002-04-10,20020410,2002,Q2,4,Apr,2002-04,15,Wed
2002-04-11,20020411,2002,Q2,4,Apr,2002-04,15,Thu
2002-04-12,20020412,2002,Q2,4,Apr,2002-04,15,Fri
2002-04-13,20020413,2002,Q2,4,Apr,2002-04,15,Sat
2002-04-14,20020414,2002,Q2,4,Apr,2002-04,15,Sun
2002-04-15,20020415,2002,Q2,4,Apr,2002-04,16,Mon
2002-04-16,20020416,2002,Q2,4,Apr,2002-04,16,Tue
2002-04-17,20020417,2002,Q2,4,Apr,2002-04,16,Wed
2002-04-18,20020418,2002,Q2,4,Apr,2002-04,16,Thu
2002-04-19,20020419,2002,Q2,4,Apr,2002-04,16,Fri
2002-04-20,20020420,2002,Q2,4,Apr,2002-04,16,Sat
2002-04-21,20020421,2002,Q2,4,Apr,2002-04,16,Sun
2002-04-22,20020422,2002,Q2,4,Apr,2002-04,17,Mon
2002-04-23,20020423,2002,Q2,4,Apr,2002-04,17,Tue
2002-04-24,20020424,2002,Q2,4,Apr,2002-04,17,Wed
2002-04-25,20020425,2002,Q2,4,Apr,2002-04,17,Thu
2002-04-26,20020426,2002,Q2,4,Apr,2002-04,17,Fri
2002-04-27,20020427,2002,Q2,4,Apr,2002-04,17,Sat
2002-04-28,20020428,2002,Q2,4,Apr,2002-04,17,Sun
2002-04-29,20020429,2002,Q2,4,Apr,2002-04,18,Mon
2002-04-30,20020430,2002,Q2,4,Apr,2002-04,18,Tue
2002-05-01,20020501,2002,Q2,5,May,2002-05,18,Wed
2002-05-02,20020502,2002,Q2,5,May,2002-05,18,Thu
2002-05-03,20020503,2002,Q2,5,May,2002-05,18,Fri
2002-05-04,20020504,2002,Q2,5,May,2002-05,18,Sat
2002-05-05,20020505,2002,Q2,5,May,2002-05,18,Sun
2002-05-06,20020506,2002,Q2,5,May,2002-05,19,Mon
2002-05-07,20020507,2002,Q2,5,May,2002-05,19,Tue
2002-05-08,20020508,2002,Q2,5,May,2002-05,19,Wed
2002-05-09,20020509,2002,Q2,5,May,2002-05,19,Thu
2002-05-10,20020510,2002,Q2,5,May,2002-05,19,Fri
2002-05-11,20020511,2002,Q2,5,May,2002-05,19,Sat
2002-05-12,20020512,2002,Q2,5,May,2002-05,19,Sun
2002-05-13,20020513,2002,Q2,5,May,2002-05,20,Mon
2002-05-14,20020514,2002,Q2,5,May,2002-05,20,Tue
2002-05-15,20020515,2002,Q2,5,May,2002-05,20,Wed
2002-05-16,20020516,2002,Q2,5,May,2002-05,20,Thu
2002-05-17,20020517,2002,Q2,5,May,2002-05,20,Fri
2002-05-18,20020518,2002,Q2,5,May,2002-05,20,Sat
2002-05-19,20020519,2002,Q2,5,May,2002-05,20,Sun
2002-05-20,20020520,2002,Q2,5,May,2002-05,21,Mon
2002-05-21,20020521,2002,Q2,5,May,2002-05,21,Tue
2002-05-22,20020522,2002,Q2,5,May,2002-05,21,Wed
2002-05-23,20020523,2002,Q2,5,May,2002-05,21,Thu
2002-05-24,20020524,2002,Q2,5,May,2002-05,21,Fri
2002-05-25,20020525,2002,Q2,5,May,2002-05,21,Sat
2002-05-26,20020526,2002,Q2,5,May,2002-05,21,Sun
2002-05-27,20020527,2002,Q2,5,May,2002-05,22,Mon
2002-05-28,20020528,2002,Q2,5,May,2002-05,22,Tue
2002-05-29,20020529,2002,Q2,5,May,2002-05,22,Wed
2002-05-30,20020530,2002,Q2,5,May,2002-05,22,Thu
2002-05-31,20020531,2002,Q2,5,May,2002-05,22,Fri
2002-06-01,20020601,2002,Q2,6,Jun,2002-06,22,Sat
2002-06-02,20020602,2002,Q2,6,Jun,2002-06,22,Sun
2002-06-03,20020603,2002,Q2,6,Jun,2002-06,23,Mon
2002-06-04,20020604,2002,Q2,6,Jun,2002-06,23,Tue
2002-06-05,20020605,2002,Q2,6,Jun,2002-06,23,Wed
2002-06-06,20020606,2002,Q2,6,Jun,2002-06,23,Thu
2002-06-07,20020607,2002,Q2,6,Jun,2002-06,23,Fri
2002-06-08,20020608,2002,Q2,6,Jun,2002-06,23,Sat
2002-06-09,20020609,2002,Q2,6,Jun,2002-06,23,Sun
2002-06-10,20020610,2002,Q2,6,Jun,2002-06,24,Mon
2002-06-11,20020611,2002,Q2,6,Jun,2002-06,24,Tue
2002-06-12,20020612,2002,Q2,6,Jun,2002-06,24,Wed
2002-06-13,20020613,2002,Q2,6,Jun,2002-06,24,Thu
2002-06-14,20020614,2002,Q2,6,Jun,2002-06,24,Fri
2002-06-15,20020615,2002,Q2,6,Jun,2002-06,24,Sat
2002-06-16,20020616,2002,Q2,6,Jun,2002-06,24,Sun
2002-06-17,20020617,2002,Q2,6,Jun,2002-06,25,Mon
2002-06-18,20020618,2002,Q2,6,Jun,2002-06,25,Tue
2002-06-19,20020619,2002,Q2,6,Jun,2002-06,25,Wed
2002-06-20,20020620,2002,Q2,6,Jun,2002-06,25,Thu
2002-06-21,20020621,2002,Q2,6,Jun,2002-06,25,Fri
2002-06-22,20020622,2002,Q2,6,Jun,2002-06,25,Sat
2002-06-23,20020623,2002,Q2,6,Jun,2002-06,25,Sun
2002-06-24,20020624,2002,Q2,6,Jun,2002-06,26,Mon
2002-06-25,20020625,2002,Q2,6,Jun,2002-06,26,Tue
2002-06-26,20020626,2002,Q2,6,Jun,2002-06,26,Wed
2002-06-27,20020627,2002,Q2,6,Jun,2002-06,26,Thu
2002-06-28,20020628,2002,Q2,6,Jun,2002-06,26,Fri
2002-06-29,20020629,2002,Q2,6,Jun,2002-06,26,Sat
2002-06-30,20020630,2002,Q2,6,Jun,2002-06,26,Sun
2002-07-01,20020701,2002,Q3,7,Jul,2002-07,27,Mon
2002-07-02,20020702,2002,Q3,7,Jul,2002-07,27,Tue
2002-07-03,20020703,2002,Q3,7,Jul,2002-07,27,Wed
2002-07-04,20020704,2002,Q3,7,Jul,2002-07,27,Thu
2002-07-05,20020705,2002,Q3,7,Jul,2002-07,27,Fri
2002-07-06,20020706,2002,Q3,7,Jul,2002-07,27,Sat
2002-07-07,20020707,2002,Q3,7,Jul,2002-07,27,Sun
2002-07-08,20020708,2002,Q3,7,Jul,2002-07,28,Mon
2002-07-09,20020709,2002,Q3,7,Jul,2002-07,28,Tue
2002-07-10,20020710,2002,Q3,7,Jul,2002-07,28,Wed
2002-07-11,20020711,2002,Q3,7,Jul,2002-07,28,Thu
2002-07-12,20020712,2002,Q3,7,Jul,2002-07,28,Fri
2002-07-13,20020713,2002,Q3,7,Jul,2002-07,28,Sat
2002-07-14,20020714,2002,Q3,7,Jul,2002-07,28,Sun
2002-07-15,20020715,2002,Q3,7,Jul,2002-07,29,Mon
2002-07-16,20020716,2002,Q3,7,Jul,2002-07,29,Tue
2002-07-17,20020717,2002,Q3,7,Jul,2002-07,29,Wed
2002-07-18,20020718,2002,Q3,7,Jul,2002-07,29,Thu
2002-07-19,20020719,2002,Q3,7,Jul,2002-07,29,Fri
2002-07-20,20020720,2002,Q3,7,Jul,2002-07,29,Sat
2002-07-21,20020721,2002,Q3,7,Jul,2002-07,29,Sun
2002-07-22,20020722,2002,Q3,7,Jul,2002-07,30,Mon
2002-07-23,20020723,2002,Q3,7,Jul,2002-07,30,Tue
2002-07-24,20020724,2002,Q3,7,Jul,2002-07,30,Wed
2002-07-25,20020725,2002,Q3,7,Jul,2002-07,30,Thu
2002-07-26,20020726,2002,Q3,7,Jul,2002-07,30,Fri
2002-07-27,20020727,2002,Q3,7,Jul,2002-07,30,Sat
2002-07-28,20020728,2002,Q3,7,Jul,2002-07,30,Sun
2002-07-29,20020729,2002,Q3,7,Jul,2002-07,31,Mon
2002-07-30,20020730,2002,Q3,7,Jul,2002-07,31,Tue
2002-07-31,20020731,2002,Q3,7,Jul,2002-07,31,Wed
2002-08-01,20020801,2002,Q3,8,Aug,2002-08,31,Thu
2002-08-02,20020802,2002,Q3,8,Aug,2002-08,31,Fri
2002-08-03,20020803,2002,Q3,8,Aug,2002-08,31,Sat
2002-08-04,20020804,2002,Q3,8,Aug,2002-08,31,Sun
2002-08-05,20020805,2002,Q3,8,Aug,2002-08,32,Mon
2002-08-06,20020806,2002,Q3,8,Aug,2002-08,32,Tue
2002-08-07,20020807,2002,Q3,8,Aug,2002-08,32,Wed
2002-08-08,20020808,2002,Q3,8,Aug,2002-08,32,Thu
2002-08-09,20020809,2002,Q3,8,Aug,2002-08,32,Fri
2002-08-10,20020810,2002,Q3,8,Aug,2002-08,32,Sat
2002-08-11,20020811,2002,Q3,8,Aug,2002-08,32,Sun
2002-08-12,20020812,2002,Q3,8,Aug,2002-08,33,Mon
2002-08-13,20020813,2002,Q3,8,Aug,2002-08,33,Tue
2002-08-14,20020814,2002,Q3,8,Aug,2002-08,33,Wed
2002-08-15,20020815,2002,Q3,8,Aug,2002-08,33,Thu
2002-08-16,20020816,2002,Q3,8,Aug,2002-08,33,Fri
2002-08-17,20020817,2002,Q3,8,Aug,2002-08,33,Sat
2002-08-18,20020818,2002,Q3,8,Aug,2002-08,33,Sun
2002-08-19,20020819,2002,Q3,8,Aug,2002-08,34,Mon
2002-08-20,20020820,2002,Q3,8,Aug,2002-08,34,Tue
2002-08-21,20020821,2002,Q3,8,Aug,2002-08,34,Wed
2002-08-22,20020822,2002,Q3,8,Aug,2002-08,34,Thu
2002-08-23,20020823,2002,Q3,8,Aug,2002-08,34,Fri
2002-08-24,20020824,2002,Q3,8,Aug,2002-08,34,Sat
2002-08-25,20020825,2002,Q3,8,Aug,2002-08,34,Sun
2002-08-26,20020826,2002,Q3,8,Aug,2002-08,35,Mon
2002-08-27,20020827,2002,Q3,8,Aug,2002-08,35,Tue
2002-08-28,20020828,2002,Q3,8,Aug,2002-08,35,Wed
2002-08-29,20020829,2002,Q3,8,Aug,2002-08,35,Thu
2002-08-30,20020830,2002,Q3,8,Aug,2002-08,35,Fri
2002-08-31,20020831,2002,Q3,8,Aug,2002-08,35,Sat
2002-09-01,20020901,2002,Q3,9,Sep,2002-09,35,Sun
2002-09-02,20020902,2002,Q3,9,Sep,2002-09,36,Mon
2002-09-03,20020903,2002,Q3,9,Sep,2002-09,36,Tue
2002-09-04,20020904,2002,Q3,9,Sep,2002-09,36,Wed
2002-09-05,20020905,2002,Q3,9,Sep,2002-09,36,Thu
2002-09-06,20020906,2002,Q3,9,Sep,2002-09,36,Fri
2002-09-07,20020907,2002,Q3,9,Sep,2002-09,36,Sat
2002-09-08,20020908,2002,Q3,9,Sep,2002-09,36,Sun
2002-09-09,20020909,2002,Q3,9,Sep,2002-09,37,Mon
2002-09-10,20020910,2002,Q3,9,Sep,2002-09,37,Tue
2002-09-11,20020911,2002,Q3,9,Sep,2002-09,37,Wed
2002-09-12,20020912,2002,Q3,9,Sep,2002-09,37,Thu
2002-09-13,20020913,2002,Q3,9,Sep,2002-09,37,Fri
2002-09-14,20020914,2002,Q3,9,Sep,2002-09,37,Sat
2002-09-15,20020915,2002,Q3,9,Sep,2002-09,37,Sun
2002-09-16,20020916,2002,Q3,9,Sep,2002-09,38,Mon
2002-09-17,20020917,2002,Q3,9,Sep,2002-09,38,Tue
2002-09-18,20020918,2002,Q3,9,Sep,2002-09,38,Wed
2002-09-19,20020919,2002,Q3,9,Sep,2002-09,38,Thu
2002-09-20,20020920,2002,Q3,9,Sep,2002-09,38,Fri
2002-09-21,20020921,2002,Q3,9,Sep,2002-09,38,Sat
2002-09-22,20020922,2002,Q3,9,Sep,2002-09,38,Sun
2002-09-23,20020923,2002,Q3,9,Sep,2002-09,39,Mon
2002-09-24,20020924,2002,Q3,9,Sep,2002-09,39,Tue
2002-09-25,20020925,2002,Q3,9,Sep,2002-09,39,Wed
2002-09-26,20020926,2002,Q3,9,Sep,2002-09,39,Thu
2002-09-27,20020927,2002,Q3,9,Sep,2002-09,39,Fri
2002-09-28,20020928,2002,Q3,9,Sep,2002-09,39,Sat
2002-09-29,20020929,2002,Q3,9,Sep,2002-09,39,Sun
2002-09-30,20020930,2002,Q3,9,Sep,2002-09,40,Mon
2002-10-01,20021001,2002,Q4,10,Oct,2002-10,40,Tue
2002-10-02,20021002,2002,Q4,10,Oct,2002-10,40,Wed
2002-10-03,20021003,2002,Q4,10,Oct,2002-10,40,Thu
2002-10-04,20021004,2002,Q4,10,Oct,2002-10,40,Fri
2002-10-05,20021005,2002,Q4,10,Oct,2002-10,40,Sat
2002-10-06,20021006,2002,Q4,10,Oct,2002-10,40,Sun
2002-10-07,20021007,2002,Q4,10,Oct,2002-10,41,Mon
2002-10-08,20021008,2002,Q4,10,Oct,2002-10,41,Tue
2002-10-09,20021009,2002,Q4,10,Oct,2002-10,41,Wed
2002-10-10,20021010,2002,Q4,10,Oct,2002-10,41,Thu
2002-10-11,20021011,2002,Q4,10,Oct,2002-10,41,Fri
2002-10-12,20021012,2002,Q4,10,Oct,2002-10,41,Sat
2002-10-13,20021013,2002,Q4,10,Oct,2002-10,41,Sun
2002-10-14,20021014,2002,Q4,10,Oct,2002-10,42,Mon
2002-10-15,20021015,2002,Q4,10,Oct,2002-10,42,Tue
2002-10-16,20021016,2002,Q4,10,Oct,2002-10,42,Wed
2002-10-17,20021017,2002,Q4,10,Oct,2002-10,42,Thu
2002-10-18,20021018,2002,Q4,10,Oct,2002-10,42,Fri
2002-10-19,20021019,2002,Q4,10,Oct,2002-10,42,Sat
2002-10-20,20021020,2002,Q4,10,Oct,2002-10,42,Sun
2002-10-21,20021021,2002,Q4,10,Oct,2002-10,43,Mon
2002-10-22,20021022,2002,Q4,10,Oct,2002-10,43,Tue
2002-10-23,20021023,2002,Q4,10,Oct,2002-10,43,Wed
2002-10-24,20021024,2002,Q4,10,Oct,2002-10,43,Thu
2002-10-25,20021025,2002,Q4,10,Oct,2002-10,43,Fri
2002-10-26,20021026,2002,Q4,10,Oct,2002-10,43,Sat
2002-10-27,20021027,2002,Q4,10,Oct,2002-10,43,Sun
2002-10-28,20021028,2002,Q4,10,Oct,2002-10,44,Mon
2002-10-29,20021029,2002,Q4,10,Oct,2002-10,44,Tue
2002-10-30,20021030,2002,Q4,10,Oct,2002-10,44,Wed
2002-10-31,20021031,2002,Q4,10,Oct,2002-10,44,Thu
2002-11-01,20021101,2002,Q4,11,Nov,2002-11,44,Fri
2002-11-02,20021102,2002,Q4,11,Nov,2002-11,44,Sat
2002-11-03,20021103,2002,Q4,11,Nov,2002-11,44,Sun
2002-11-04,20021104,2002,Q4,11,Nov,2002-11,45,Mon
2002-11-05,20021105,2002,Q4,11,Nov,2002-11,45,Tue
2002-11-06,20021106,2002,Q4,11,Nov,2002-11,45,Wed
2002-11-07,20021107,2002,Q4,11,Nov,2002-11,45,Thu
2002-11-08,20021108,2002,Q4,11,Nov,2002-11,45,Fri
2002-11-09,20021109,2002,Q4,11,Nov,2002-11,45,Sat
2002-11-10,20021110,2002,Q4,11,Nov,2002-11,45,Sun
2002-11-11,20021111,2002,Q4,11,Nov,2002-11,46,Mon
2002-11-12,20021112,2002,Q4,11,Nov,2002-11,46,Tue
2002-11-13,20021113,2002,Q4,11,Nov,2002-11,46,Wed
2002-11-14,20021114,2002,Q4,11,Nov,2002-11,46,Thu
2002-11-15,20021115,2002,Q4,11,Nov,2002-11,46,Fri
2002-11-16,20021116,2002,Q4,11,Nov,2002-11,46,Sat
2002-11-17,20021117,2002,Q4,11,Nov,2002-11,46,Sun
2002-11-18,20021118,2002,Q4,11,Nov,2002-11,47,Mon
2002-11-19,20021119,2002,Q4,11,Nov,2002-11,47,Tue
2002-11-20,20021120,2002,Q4,11,Nov,2002-11,47,Wed
2002-11-21,20021121,2002,Q4,11,Nov,2002-11,47,Thu
2002-11-22,20021122,2002,Q4,11,Nov,2002-11,47,Fri
2002-11-23,20021123,2002,Q4,11,Nov,2002-11,47,Sat
2002-11-24,20021124,2002,Q4,11,Nov,2002-11,47,Sun
2002-11-25,20021125,2002,Q4,11,Nov,2002-11,48,Mon
2002-11-26,20021126,2002,Q4,11,Nov,2002-11,48,Tue
2002-11-27,20021127,2002,Q4,11,Nov,2002-11,48,Wed
2002-11-28,20021128,2002,Q4,11,Nov,2002-11,48,Thu
2002-11-29,20021129,2002,Q4,11,Nov,2002-11,48,Fri
2002-11-30,20021130,2002,Q4,11,Nov,2002-11,48,Sat
2002-12-01,20021201,2002,Q4,12,Dec,2002-12,48,Sun
2002-12-02,20021202,2002,Q4,12,Dec,2002-12,49,Mon
2002-12-03,20021203,2002,Q4,12,Dec,2002-12,49,Tue
2002-12-04,20021204,2002,Q4,12,Dec,2002-12,49,Wed
2002-12-05,20021205,2002,Q4,12,Dec,2002-12,49,Thu
2002-12-06,20021206,2002,Q4,12,Dec,2002-12,49,Fri
2002-12-07,20021207,2002,Q4,12,Dec,2002-12,49,Sat
2002-12-08,20021208,2002,Q4,12,Dec,2002-12,49,Sun
2002-12-09,20021209,2002,Q4,12,Dec,2002-12,50,Mon
2002-12-10,20021210,2002,Q4,12,Dec,2002-12,50,Tue
2002-12-11,20021211,2002,Q4,12,Dec,2002-12,50,Wed
2002-12-12,20021212,2002,Q4,12,Dec,2002-12,50,Thu
2002-12-13,20021213,2002,Q4,12,Dec,2002-12,50,Fri
2002-12-14,20021214,2002,Q4,12,Dec,2002-12,50,Sat
2002-12-15,20021215,2002,Q4,12,Dec,2002-12,50,Sun
2002-12-16,20021216,2002,Q4,12,Dec,2002-12,51,Mon
2002-12-17,20021217,2002,Q4,12,Dec,2002-12,51,Tue
2002-12-18,20021218,2002,Q4,12,Dec,2002-12,51,Wed
2002-12-19,20021219,2002,Q4,12,Dec,2002-12,51,Thu
2002-12-20,20021220,2002,Q4,12,Dec,2002-12,51,Fri
2002-12-21,20021221,2002,Q4,12,Dec,2002-12,51,Sat
2002-12-22,20021222,2002,Q4,12,Dec,2002-12,51,Sun
2002-12-23,20021223,2002,Q4,12,Dec,2002-12,52,Mon
2002-12-24,20021224,2002,Q4,12,Dec,2002-12,52,Tue
2002-12-25,20021225,2002,Q4,12,Dec,2002-12,52,Wed
2002-12-26,20021226,2002,Q4,12,Dec,2002-12,52,Thu
2002-12-27,20021227,2002,Q4,12,Dec,2002-12,52,Fri
2002-12-28,20021228,2002,Q4,12,Dec,2002-12,52,Sat
2002-12-29,20021229,2002,Q4,12,Dec,2002-12,52,Sun
2002-12-30,20021230,2002,Q4,12,Dec,2002-12,1,Mon
2002-12-31,20021231,2002,Q4,12,Dec,2002-12,1,Tue
2003-01-01,20030101,2003,Q1,1,Jan,2003-01,1,Wed
2003-01-02,20030102,2003,Q1,1,Jan,2003-01,1,Thu
2003-01-03,20030103,2003,Q1,1,Jan,2003-01,1,Fri
2003-01-04,20030104,2003,Q1,1,Jan,2003-01,1,Sat
2003-01-05,20030105,2003,Q1,1,Jan,2003-01,1,Sun
2003-01-06,20030106,2003,Q1,1,Jan,2003-01,2,Mon
2003-01-07,20030107,2003,Q1,1,Jan,2003-01,2,Tue
2003-01-08,20030108,2003,Q1,1,Jan,2003-01,2,Wed
2003-01-09,20030109,2003,Q1,1,Jan,2003-01,2,Thu
2003-01-10,20030110,2003,Q1,1,Jan,2003-01,2,Fri
2003-01-11,20030111,2003,Q1,1,Jan,2003-01,2,Sat
2003-01-12,20030112,2003,Q1,1,Jan,2003-01,2,Sun
2003-01-13,20030113,2003,Q1,1,Jan,2003-01,3,Mon
2003-01-14,20030114,2003,Q1,1,Jan,2003-01,3,Tue
2003-01-15,20030115,2003,Q1,1,Jan,2003-01,3,Wed
2003-01-16,20030116,2003,Q1,1,Jan,2003-01,3,Thu
2003-01-17,20030117,2003,Q1,1,Jan,2003-01,3,Fri
2003-01-18,20030118,2003,Q1,1,Jan,2003-01,3,Sat
2003-01-19,20030119,2003,Q1,1,Jan,2003-01,3,Sun
2003-01-20,20030120,2003,Q1,1,Jan,2003-01,4,Mon
2003-01-21,20030121,2003,Q1,1,Jan,2003-01,4,Tue
2003-01-22,20030122,2003,Q1,1,Jan,2003-01,4,Wed
2003-01-23,20030123,2003,Q1,1,Jan,2003-01,4,Thu
2003-01-24,20030124,2003,Q1,1,Jan,2003-01,4,Fri
2003-01-25,20030125,2003,Q1,1,Jan,2003-01,4,Sat
2003-01-26,20030126,2003,Q1,1,Jan,2003-01,4,Sun
2003-01-27,20030127,2003,Q1,1,Jan,2003-01,5,Mon
2003-01-28,20030128,2003,Q1,1,Jan,2003-01,5,Tue
2003-01-29,20030129,2003,Q1,1,Jan,2003-01,5,Wed
2003-01-30,20030130,2003,Q1,1,Jan,2003-01,5,Thu
2003-01-31,20030131,2003,Q1,1,Jan,2003-01,5,Fri
2003-02-01,20030201,2003,Q1,2,Feb,2003-02,5,Sat
2003-02-02,20030202,2003,Q1,2,Feb,2003-02,5,Sun
2003-02-03,20030203,2003,Q1,2,Feb,2003-02,6,Mon
2003-02-04,20030204,2003,Q1,2,Feb,2003-02,6,Tue
2003-02-05,20030205,2003,Q1,2,Feb,2003-02,6,Wed
2003-02-06,20030206,2003,Q1,2,Feb,2003-02,6,Thu
2003-02-07,20030207,2003,Q1,2,Feb,2003-02,6,Fri
2003-02-08,20030208,2003,Q1,2,Feb,2003-02,6,Sat
2003-02-09,20030209,2003,Q1,2,Feb,2003-02,6,Sun
2003-02-10,20030210,2003,Q1,2,Feb,2003-02,7,Mon
2003-02-11,20030211,2003,Q1,2,Feb,2003-02,7,Tue
2003-02-12,20030212,2003,Q1,2,Feb,2003-02,7,Wed
2003-02-13,20030213,2003,Q1,2,Feb,2003-02,7,Thu
2003-02-14,20030214,2003,Q1,2,Feb,2003-02,7,Fri
2003-02-15,20030215,2003,Q1,2,Feb,2003-02,7,Sat
2003-02-16,20030216,2003,Q1,2,Feb,2003-02,7,Sun
2003-02-17,20030217,2003,Q1,2,Feb,2003-02,8,Mon
2003-02-18,20030218,2003,Q1,2,Feb,2003-02,8,Tue
2003-02-19,20030219,2003,Q1,2,Feb,2003-02,8,Wed
2003-02-20,20030220,2003,Q1,2,Feb,2003-02,8,Thu
2003-02-21,20030221,2003,Q1,2,Feb,2003-02,8,Fri
2003-02-22,20030222,2003,Q1,2,Feb,2003-02,8,Sat
2003-02-23,20030223,2003,Q1,2,Feb,2003-02,8,Sun
2003-02-24,20030224,2003,Q1,2,Feb,2003-02,9,Mon
2003-02-25,20030225,2003,Q1,2,Feb,2003-02,9,Tue
2003-02-26,20030226,2003,Q1,2,Feb,2003-02,9,Wed
2003-02-27,20030227,2003,Q1,2,Feb,2003-02,9,Thu
2003-02-28,20030228,2003,Q1,2,Feb,2003-02,9,Fri
2003-03-01,20030301,2003,Q1,3,Mar,2003-03,9,Sat
2003-03-02,20030302,2003,Q1,3,Mar,2003-03,9,Sun
2003-03-03,20030303,2003,Q1,3,Mar,2003-03,10,Mon
2003-03-04,20030304,2003,Q1,3,Mar,2003-03,10,Tue
2003-03-05,20030305,2003,Q1,3,Mar,2003-03,10,Wed
2003-03-06,20030306,2003,Q1,3,Mar,2003-03,10,Thu
2003-03-07,20030307,2003,Q1,3,Mar,2003-03,10,Fri
2003-03-08,20030308,2003,Q1,3,Mar,2003-03,10,Sat
2003-03-09,20030309,2003,Q1,3,Mar,2003-03,10,Sun
2003-03-10,20030310,2003,Q1,3,Mar,2003-03,11,Mon
2003-03-11,20030311,2003,Q1,3,Mar,2003-03,11,Tue
2003-03-12,20030312,2003,Q1,3,Mar,2003-03,11,Wed
2003-03-13,20030313,2003,Q1,3,Mar,2003-03,11,Thu
2003-03-14,20030314,2003,Q1,3,Mar,2003-03,11,Fri
2003-03-15,20030315,2003,Q1,3,Mar,2003-03,11,Sat
2003-03-16,20030316,2003,Q1,3,Mar,2003-03,11,Sun
2003-03-17,20030317,2003,Q1,3,Mar,2003-03,12,Mon
2003-03-18,20030318,2003,Q1,3,Mar,2003-03,12,Tue
2003-03-19,20030319,2003,Q1,3,Mar,2003-03,12,Wed
2003-03-20,20030320,2003,Q1,3,Mar,2003-03,12,Thu
2003-03-21,20030321,2003,Q1,3,Mar,2003-03,12,Fri
2003-03-22,20030322,2003,Q1,3,Mar,2003-03,12,Sat
2003-03-23,20030323,2003,Q1,3,Mar,2003-03,12,Sun
2003-03-24,20030324,2003,Q1,3,Mar,2003-03,13,Mon
2003-03-25,20030325,2003,Q1,3,Mar,2003-03,13,Tue
2003-03-26,20030326,2003,Q1,3,Mar,2003-03,13,Wed
2003-03-27,20030327,2003,Q1,3,Mar,2003-03,13,Thu
2003-03-28,20030328,2003,Q1,3,Mar,2003-03,13,Fri
2003-03-29,20030329,2003,Q1,3,Mar,2003-03,13,Sat
2003-03-30,20030330,2003,Q1,3,Mar,2003-03,13,Sun
2003-03-31,20030331,2003,Q1,3,Mar,2003-03,14,Mon
2003-04-01,20030401,2003,Q2,4,Apr,2003-04,14,Tue
2003-04-02,20030402,2003,Q2,4,Apr,2003-04,14,Wed
2003-04-03,20030403,2003,Q2,4,Apr,2003-04,14,Thu
2003-04-04,20030404,2003,Q2,4,Apr,2003-04,14,Fri
2003-04-05,20030405,2003,Q2,4,Apr,2003-04,14,Sat
2003-04-06,20030406,2003,Q2,4,Apr,2003-04,14,Sun
2003-04-07,20030407,2003,Q2,4,Apr,2003-04,15,Mon
2003-04-08,20030408,2003,Q2,4,Apr,2003-04,15,Tue
2003-04-09,20030409,2003,Q2,4,Apr,2003-04,15,Wed
2003-04-10,20030410,2003,Q2,4,Apr,2003-04,15,Thu
2003-04-11,20030411,2003,Q2,4,Apr,2003-04,15,Fri
2003-04-12,20030412,2003,Q2,4,Apr,2003-04,15,Sat
2003-04-13,20030413,2003,Q2,4,Apr,2003-04,15,Sun
2003-04-14,20030414,2003,Q2,4,Apr,2003-04,16,Mon
2003-04-15,20030415,2003,Q2,4,Apr,2003-04,16,Tue
2003-04-16,20030416,2003,Q2,4,Apr,2003-04,16,Wed
2003-04-17,20030417,2003,Q2,4,Apr,2003-04,16,Thu
2003-04-18,20030418,2003,Q2,4,Apr,2003-04,16,Fri
2003-04-19,20030419,2003,Q2,4,Apr,2003-04,16,Sat
2003-04-20,20030420,2003,Q2,4,Apr,2003-04,16,Sun
2003-04-21,20030421,2003,Q2,4,Apr,2003-04,17,Mon
2003-04-22,20030422,2003,Q2,4,Apr,2003-04,17,Tue
2003-04-23,20030423,2003,Q2,4,Apr,2003-04,17,Wed
2003-04-24,20030424,2003,Q2,4,Apr,2003-04,17,Thu
2003-04-25,20030425,2003,Q2,4,Apr,2003-04,17,Fri
2003-04-26,20030426,2003,Q2,4,Apr,2003-04,17,Sat
2003-04-27,20030427,2003,Q2,4,Apr,2003-04,17,Sun
2003-04-28,20030428,2003,Q2,4,Apr,2003-04,18,Mon
2003-04-29,20030429,2003,Q2,4,Apr,2003-04,18,Tue
2003-04-30,20030430,2003,Q2,4,Apr,2003-04,18,Wed
2003-05-01,20030501,2003,Q2,5,May,2003-05,18,Thu
2003-05-02,20030502,2003,Q2,5,May,2003-05,18,Fri
2003-05-03,20030503,2003,Q2,5,May,2003-05,18,Sat
2003-05-04,20030504,2003,Q2,5,May,2003-05,18,Sun
2003-05-05,20030505,2003,Q2,5,May,2003-05,19,Mon
2003-05-06,20030506,2003,Q2,5,May,2003-05,19,Tue
2003-05-07,20030507,2003,Q2,5,May,2003-05,19,Wed
2003-05-08,20030508,2003,Q2,5,May,2003-05,19,Thu
2003-05-09,20030509,2003,Q2,5,May,2003-05,19,Fri
2003-05-10,20030510,2003,Q2,5,May,2003-05,19,Sat
2003-05-11,20030511,2003,Q2,5,May,2003-05,19,Sun
2003-05-12,20030512,2003,Q2,5,May,2003-05,20,Mon
2003-05-13,20030513,2003,Q2,5,May,2003-05,20,Tue
2003-05-14,20030514,2003,Q2,5,May,2003-05,20,Wed
2003-05-15,20030515,2003,Q2,5,May,2003-05,20,Thu
2003-05-16,20030516,2003,Q2,5,May,2003-05,20,Fri
2003-05-17,20030517,2003,Q2,5,May,2003-05,20,Sat
2003-05-18,20030518,2003,Q2,5,May,2003-05,20,Sun
2003-05-19,20030519,2003,Q2,5,May,2003-05,21,Mon
2003-05-20,20030520,2003,Q2,5,May,2003-05,21,Tue
2003-05-21,20030521,2003,Q2,5,May,2003-05,21,Wed
2003-05-22,20030522,2003,Q2,5,May,2003-05,21,Thu
2003-05-23,20030523,2003,Q2,5,May,2003-05,21,Fri
2003-05-24,20030524,2003,Q2,5,May,2003-05,21,Sat
2003-05-25,20030525,2003,Q2,5,May,2003-05,21,Sun
2003-05-26,20030526,2003,Q2,5,May,2003-05,22,Mon
2003-05-27,20030527,2003,Q2,5,May,2003-05,22,Tue
2003-05-28,20030528,2003,Q2,5,May,2003-05,22,Wed
2003-05-29,20030529,2003,Q2,5,May,2003-05,22,Thu
2003-05-30,20030530,2003,Q2,5,May,2003-05,22,Fri
2003-05-31,20030531,2003,Q2,5,May,2003-05,22,Sat
2003-06-01,20030601,2003,Q2,6,Jun,2003-06,22,Sun
2003-06-02,20030602,2003,Q2,6,Jun,2003-06,23,Mon
2003-06-03,20030603,2003,Q2,6,Jun,2003-06,23,Tue
2003-06-04,20030604,2003,Q2,6,Jun,2003-06,23,Wed
2003-06-05,20030605,2003,Q2,6,Jun,2003-06,23,Thu
2003-06-06,20030606,2003,Q2,6,Jun,2003-06,23,Fri
2003-06-07,20030607,2003,Q2,6,Jun,2003-06,23,Sat
2003-06-08,20030608,2003,Q2,6,Jun,2003-06,23,Sun
2003-06-09,20030609,2003,Q2,6,Jun,2003-06,24,Mon
2003-06-10,20030610,2003,Q2,6,Jun,2003-06,24,Tue
2003-06-11,20030611,2003,Q2,6,Jun,2003-06,24,Wed
2003-06-12,20030612,2003,Q2,6,Jun,2003-06,24,Thu
2003-06-13,20030613,2003,Q2,6,Jun,2003-06,24,Fri
2003-06-14,20030614,2003,Q2,6,Jun,2003-06,24,Sat
2003-06-15,20030615,2003,Q2,6,Jun,2003-06,24,Sun
2003-06-16,20030616,2003,Q2,6,Jun,2003-06,25,Mon
2003-06-17,20030617,2003,Q2,6,Jun,2003-06,25,Tue
2003-06-18,20030618,2003,Q2,6,Jun,2003-06,25,Wed
2003-06-19,20030619,2003,Q2,6,Jun,2003-06,25,Thu
2003-06-20,20030620,2003,Q2,6,Jun,2003-06,25,Fri
2003-06-21,20030621,2003,Q2,6,Jun,2003-06,25,Sat
2003-06-22,20030622,2003,Q2,6,Jun,2003-06,25,Sun
2003-06-23,20030623,2003,Q2,6,Jun,2003-06,26,Mon
2003-06-24,20030624,2003,Q2,6,Jun,2003-06,26,Tue
2003-06-25,20030625,2003,Q2,6,Jun,2003-06,26,Wed
2003-06-26,20030626,2003,Q2,6,Jun,2003-06,26,Thu
2003-06-27,20030627,2003,Q2,6,Jun,2003-06,26,Fri
2003-06-28,20030628,2003,Q2,6,Jun,2003-06,26,Sat
2003-06-29,20030629,2003,Q2,6,Jun,2003-06,26,Sun
2003-06-30,20030630,2003,Q2,6,Jun,2003-06,27,Mon
2003-07-01,20030701,2003,Q3,7,Jul,2003-07,27,Tue
2003-07-02,20030702,2003,Q3,7,Jul,2003-07,27,Wed
2003-07-03,20030703,2003,Q3,7,Jul,2003-07,27,Thu
2003-07-04,20030704,2003,Q3,7,Jul,2003-07,27,Fri
2003-07-05,20030705,2003,Q3,7,Jul,2003-07,27,Sat
2003-07-06,20030706,2003,Q3,7,Jul,2003-07,27,Sun
2003-07-07,20030707,2003,Q3,7,Jul,2003-07,28,Mon
2003-07-08,20030708,2003,Q3,7,Jul,2003-07,28,Tue
2003-07-09,20030709,2003,Q3,7,Jul,2003-07,28,Wed
2003-07-10,20030710,2003,Q3,7,Jul,2003-07,28,Thu
2003-07-11,20030711,2003,Q3,7,Jul,2003-07,28,Fri
2003-07-12,20030712,2003,Q3,7,Jul,2003-07,28,Sat
2003-07-13,20030713,2003,Q3,7,Jul,2003-07,28,Sun
2003-07-14,20030714,2003,Q3,7,Jul,2003-07,29,Mon
2003-07-15,20030715,2003,Q3,7,Jul,2003-07,29,Tue
2003-07-16,20030716,2003,Q3,7,Jul,2003-07,29,Wed
2003-07-17,20030717,2003,Q3,7,Jul,2003-07,29,Thu
2003-07-18,20030718,2003,Q3,7,Jul,2003-07,29,Fri
2003-07-19,20030719,2003,Q3,7,Jul,2003-07,29,Sat
2003-07-20,20030720,2003,Q3,7,Jul,2003-07,29,Sun
2003-07-21,20030721,2003,Q3,7,Jul,2003-07,30,Mon
2003-07-22,20030722,2003,Q3,7,Jul,2003-07,30,Tue
2003-07-23,20030723,2003,Q3,7,Jul,2003-07,30,Wed
2003-07-24,20030724,2003,Q3,7,Jul,2003-07,30,Thu
2003-07-25,20030725,2003,Q3,7,Jul,2003-07,30,Fri
2003-07-26,20030726,2003,Q3,7,Jul,2003-07,30,Sat
2003-07-27,20030727,2003,Q3,7,Jul,2003-07,30,Sun
2003-07-28,20030728,2003,Q3,7,Jul,2003-07,31,Mon
2003-07-29,20030729,2003,Q3,7,Jul,2003-07,31,Tue
2003-07-30,20030730,2003,Q3,7,Jul,2003-07,31,Wed
2003-07-31,20030731,2003,Q3,7,Jul,2003-07,31,Thu
2003-08-01,20030801,2003,Q3,8,Aug,2003-08,31,Fri
2003-08-02,20030802,2003,Q3,8,Aug,2003-08,31,Sat
2003-08-03,20030803,2003,Q3,8,Aug,2003-08,31,Sun
2003-08-04,20030804,2003,Q3,8,Aug,2003-08,32,Mon
2003-08-05,20030805,2003,Q3,8,Aug,2003-08,32,Tue
2003-08-06,20030806,2003,Q3,8,Aug,2003-08,32,Wed
2003-08-07,20030807,2003,Q3,8,Aug,2003-08,32,Thu
2003-08-08,20030808,2003,Q3,8,Aug,2003-08,32,Fri
2003-08-09,20030809,2003,Q3,8,Aug,2003-08,32,Sat
2003-08-10,20030810,2003,Q3,8,Aug,2003-08,32,Sun
2003-08-11,20030811,2003,Q3,8,Aug,2003-08,33,Mon
2003-08-12,20030812,2003,Q3,8,Aug,2003-08,33,Tue
2003-08-13,20030813,2003,Q3,8,Aug,2003-08,33,Wed
2003-08-14,20030814,2003,Q3,8,Aug,2003-08,33,Thu
2003-08-15,20030815,2003,Q3,8,Aug,2003-08,33,Fri
2003-08-16,20030816,2003,Q3,8,Aug,2003-08,33,Sat
2003-08-17,20030817,2003,Q3,8,Aug,2003-08,33,Sun
2003-08-18,20030818,2003,Q3,8,Aug,2003-08,34,Mon
2003-08-19,20030819,2003,Q3,8,Aug,2003-08,34,Tue
2003-08-20,20030820,2003,Q3,8,Aug,2003-08,34,Wed
2003-08-21,20030821,2003,Q3,8,Aug,2003-08,34,Thu
2003-08-22,20030822,2003,Q3,8,Aug,2003-08,34,Fri
2003-08-23,20030823,2003,Q3,8,Aug,2003-08,34,Sat
2003-08-24,20030824,2003,Q3,8,Aug,2003-08,34,Sun
2003-08-25,20030825,2003,Q3,8,Aug,2003-08,35,Mon
2003-08-26,20030826,2003,Q3,8,Aug,2003-08,35,Tue
2003-08-27,20030827,2003,Q3,8,Aug,2003-08,35,Wed
2003-08-28,20030828,2003,Q3,8,Aug,2003-08,35,Thu
2003-08-29,20030829,2003,Q3,8,Aug,2003-08,35,Fri
2003-08-30,20030830,2003,Q3,8,Aug,2003-08,35,Sat
2003-08-31,20030831,2003,Q3,8,Aug,2003-08,35,Sun
2003-09-01,20030901,2003,Q3,9,Sep,2003-09,36,Mon
2003-09-02,20030902,2003,Q3,9,Sep,2003-09,36,Tue
2003-09-03,20030903,2003,Q3,9,Sep,2003-09,36,Wed
2003-09-04,20030904,2003,Q3,9,Sep,2003-09,36,Thu
2003-09-05,20030905,2003,Q3,9,Sep,2003-09,36,Fri
2003-09-06,20030906,2003,Q3,9,Sep,2003-09,36,Sat
2003-09-07,20030907,2003,Q3,9,Sep,2003-09,36,Sun
2003-09-08,20030908,2003,Q3,9,Sep,2003-09,37,Mon
2003-09-09,20030909,2003,Q3,9,Sep,2003-09,37,Tue
2003-09-10,20030910,2003,Q3,9,Sep,2003-09,37,Wed
2003-09-11,20030911,2003,Q3,9,Sep,2003-09,37,Thu
2003-09-12,20030912,2003,Q3,9,Sep,2003-09,37,Fri
2003-09-13,20030913,2003,Q3,9,Sep,2003-09,37,Sat
2003-09-14,20030914,2003,Q3,9,Sep,2003-09,37,Sun
2003-09-15,20030915,2003,Q3,9,Sep,2003-09,38,Mon
2003-09-16,20030916,2003,Q3,9,Sep,2003-09,38,Tue
2003-09-17,20030917,2003,Q3,9,Sep,2003-09,38,Wed
2003-09-18,20030918,2003,Q3,9,Sep,2003-09,38,Thu
2003-09-19,20030919,2003,Q3,9,Sep,2003-09,38,Fri
2003-09-20,20030920,2003,Q3,9,Sep,2003-09,38,Sat
2003-09-21,20030921,2003,Q3,9,Sep,2003-09,38,Sun
2003-09-22,20030922,2003,Q3,9,Sep,2003-09,39,Mon
2003-09-23,20030923,2003,Q3,9,Sep,2003-09,39,Tue
2003-09-24,20030924,2003,Q3,9,Sep,2003-09,39,Wed
2003-09-25,20030925,2003,Q3,9,Sep,2003-09,39,Thu
2003-09-26,20030926,2003,Q3,9,Sep,2003-09,39,Fri
2003-09-27,20030927,2003,Q3,9,Sep,2003-09,39,Sat
2003-09-28,20030928,2003,Q3,9,Sep,2003-09,39,Sun
2003-09-29,20030929,2003,Q3,9,Sep,2003-09,40,Mon
2003-09-30,20030930,2003,Q3,9,Sep,2003-09,40,Tue
2003-10-01,20031001,2003,Q4,10,Oct,2003-10,40,Wed
2003-10-02,20031002,2003,Q4,10,Oct,2003-10,40,Thu
2003-10-03,20031003,2003,Q4,10,Oct,2003-10,40,Fri
2003-10-04,20031004,2003,Q4,10,Oct,2003-10,40,Sat
2003-10-05,20031005,2003,Q4,10,Oct,2003-10,40,Sun
2003-10-06,20031006,2003,Q4,10,Oct,2003-10,41,Mon
2003-10-07,20031007,2003,Q4,10,Oct,2003-10,41,Tue
2003-10-08,20031008,2003,Q4,10,Oct,2003-10,41,Wed
2003-10-09,20031009,2003,Q4,10,Oct,2003-10,41,Thu
2003-10-10,20031010,2003,Q4,10,Oct,2003-10,41,Fri
2003-10-11,20031011,2003,Q4,10,Oct,2003-10,41,Sat
2003-10-12,20031012,2003,Q4,10,Oct,2003-10,41,Sun
2003-10-13,20031013,2003,Q4,10,Oct,2003-10,42,Mon
2003-10-14,20031014,2003,Q4,10,Oct,2003-10,42,Tue
2003-10-15,20031015,2003,Q4,10,Oct,2003-10,42,Wed
2003-10-16,20031016,2003,Q4,10,Oct,2003-10,42,Thu
2003-10-17,20031017,2003,Q4,10,Oct,2003-10,42,Fri
2003-10-18,20031018,2003,Q4,10,Oct,2003-10,42,Sat
2003-10-19,20031019,2003,Q4,10,Oct,2003-10,42,Sun
2003-10-20,20031020,2003,Q4,10,Oct,2003-10,43,Mon
2003-10-21,20031021,2003,Q4,10,Oct,2003-10,43,Tue
2003-10-22,20031022,2003,Q4,10,Oct,2003-10,43,Wed
2003-10-23,20031023,2003,Q4,10,Oct,2003-10,43,Thu
2003-10-24,20031024,2003,Q4,10,Oct,2003-10,43,Fri
2003-10-25,20031025,2003,Q4,10,Oct,2003-10,43,Sat
2003-10-26,20031026,2003,Q4,10,Oct,2003-10,43,Sun
2003-10-27,20031027,2003,Q4,10,Oct,2003-10,44,Mon
2003-10-28,20031028,2003,Q4,10,Oct,2003-10,44,Tue
2003-10-29,20031029,2003,Q4,10,Oct,2003-10,44,Wed
2003-10-30,20031030,2003,Q4,10,Oct,2003-10,44,Thu
2003-10-31,20031031,2003,Q4,10,Oct,2003-10,44,Fri
2003-11-01,20031101,2003,Q4,11,Nov,2003-11,44,Sat
2003-11-02,20031102,2003,Q4,11,Nov,2003-11,44,Sun
2003-11-03,20031103,2003,Q4,11,Nov,2003-11,45,Mon
2003-11-04,20031104,2003,Q4,11,Nov,2003-11,45,Tue
2003-11-05,20031105,2003,Q4,11,Nov,2003-11,45,Wed
2003-11-06,20031106,2003,Q4,11,Nov,2003-11,45,Thu
2003-11-07,20031107,2003,Q4,11,Nov,2003-11,45,Fri
2003-11-08,20031108,2003,Q4,11,Nov,2003-11,45,Sat
2003-11-09,20031109,2003,Q4,11,Nov,2003-11,45,Sun
2003-11-10,20031110,2003,Q4,11,Nov,2003-11,46,Mon
2003-11-11,20031111,2003,Q4,11,Nov,2003-11,46,Tue
2003-11-12,20031112,2003,Q4,11,Nov,2003-11,46,Wed
2003-11-13,20031113,2003,Q4,11,Nov,2003-11,46,Thu
2003-11-14,20031114,2003,Q4,11,Nov,2003-11,46,Fri
2003-11-15,20031115,2003,Q4,11,Nov,2003-11,46,Sat
2003-11-16,20031116,2003,Q4,11,Nov,2003-11,46,Sun
2003-11-17,20031117,2003,Q4,11,Nov,2003-11,47,Mon
2003-11-18,20031118,2003,Q4,11,Nov,2003-11,47,Tue
2003-11-19,20031119,2003,Q4,11,Nov,2003-11,47,Wed
2003-11-20,20031120,2003,Q4,11,Nov,2003-11,47,Thu
2003-11-21,20031121,2003,Q4,11,Nov,2003-11,47,Fri
2003-11-22,20031122,2003,Q4,11,Nov,2003-11,47,Sat
2003-11-23,20031123,2003,Q4,11,Nov,2003-11,47,Sun
2003-11-24,20031124,2003,Q4,11,Nov,2003-11,48,Mon
2003-11-25,20031125,2003,Q4,11,Nov,2003-11,48,Tue
2003-11-26,20031126,2003,Q4,11,Nov,2003-11,48,Wed
2003-11-27,20031127,2003,Q4,11,Nov,2003-11,48,Thu
2003-11-28,20031128,2003,Q4,11,Nov,2003-11,48,Fri
2003-11-29,20031129,2003,Q4,11,Nov,2003-11,48,Sat
2003-11-30,20031130,2003,Q4,11,Nov,2003-11,48,Sun
2003-12-01,20031201,2003,Q4,12,Dec,2003-12,49,Mon
2003-12-02,20031202,2003,Q4,12,Dec,2003-12,49,Tue
2003-12-03,20031203,2003,Q4,12,Dec,2003-12,49,Wed
2003-12-04,20031204,2003,Q4,12,Dec,2003-12,49,Thu
2003-12-05,20031205,2003,Q4,12,Dec,2003-12,49,Fri
2003-12-06,20031206,2003,Q4,12,Dec,2003-12,49,Sat
2003-12-07,20031207,2003,Q4,12,Dec,2003-12,49,Sun
2003-12-08,20031208,2003,Q4,12,Dec,2003-12,50,Mon
2003-12-09,20031209,2003,Q4,12,Dec,2003-12,50,Tue
2003-12-10,20031210,2003,Q4,12,Dec,2003-12,50,Wed
2003-12-11,20031211,2003,Q4,12,Dec,2003-12,50,Thu
2003-12-12,20031212,2003,Q4,12,Dec,2003-12,50,Fri
2003-12-13,20031213,2003,Q4,12,Dec,2003-12,50,Sat
2003-12-14,20031214,2003,Q4,12,Dec,2003-12,50,Sun
2003-12-15,20031215,2003,Q4,12,Dec,2003-12,51,Mon
2003-12-16,20031216,2003,Q4,12,Dec,2003-12,51,Tue
2003-12-17,20031217,2003,Q4,12,Dec,2003-12,51,Wed
2003-12-18,20031218,2003,Q4,12,Dec,2003-12,51,Thu
2003-12-19,20031219,2003,Q4,12,Dec,2003-12,51,Fri
2003-12-20,20031220,2003,Q4,12,Dec,2003-12,51,Sat
2003-12-21,20031221,2003,Q4,12,Dec,2003-12,51,Sun
2003-12-22,20031222,2003,Q4,12,Dec,2003-12,52,Mon
2003-12-23,20031223,2003,Q4,12,Dec,2003-12,52,Tue
2003-12-24,20031224,2003,Q4,12,Dec,2003-12,52,Wed
2003-12-25,20031225,2003,Q4,12,Dec,2003-12,52,Thu
2003-12-26,20031226,2003,Q4,12,Dec,2003-12,52,Fri
2003-12-27,20031227,2003,Q4,12,Dec,2003-12,52,Sat
2003-12-28,20031228,2003,Q4,12,Dec,2003-12,52,Sun
2003-12-29,20031229,2003,Q4,12,Dec,2003-12,1,Mon
2003-12-30,20031230,2003,Q4,12,Dec,2003-12,1,Tue
2003-12-31,20031231,2003,Q4,12,Dec,2003-12,1,Wed
2004-01-01,20040101,2004,Q1,1,Jan,2004-01,1,Thu
2004-01-02,20040102,2004,Q1,1,Jan,2004-01,1,Fri
2004-01-03,20040103,2004,Q1,1,Jan,2004-01,1,Sat
2004-01-04,20040104,2004,Q1,1,Jan,2004-01,1,Sun
2004-01-05,20040105,2004,Q1,1,Jan,2004-01,2,Mon
2004-01-06,20040106,2004,Q1,1,Jan,2004-01,2,Tue
2004-01-07,20040107,2004,Q1,1,Jan,2004-01,2,Wed
2004-01-08,20040108,2004,Q1,1,Jan,2004-01,2,Thu
2004-01-09,20040109,2004,Q1,1,Jan,2004-01,2,Fri
2004-01-10,20040110,2004,Q1,1,Jan,2004-01,2,Sat
2004-01-11,20040111,2004,Q1,1,Jan,2004-01,2,Sun
2004-01-12,20040112,2004,Q1,1,Jan,2004-01,3,Mon
2004-01-13,20040113,2004,Q1,1,Jan,2004-01,3,Tue
2004-01-14,20040114,2004,Q1,1,Jan,2004-01,3,Wed
2004-01-15,20040115,2004,Q1,1,Jan,2004-01,3,Thu
2004-01-16,20040116,2004,Q1,1,Jan,2004-01,3,Fri
2004-01-17,20040117,2004,Q1,1,Jan,2004-01,3,Sat
2004-01-18,20040118,2004,Q1,1,Jan,2004-01,3,Sun
2004-01-19,20040119,2004,Q1,1,Jan,2004-01,4,Mon
2004-01-20,20040120,2004,Q1,1,Jan,2004-01,4,Tue
2004-01-21,20040121,2004,Q1,1,Jan,2004-01,4,Wed
2004-01-22,20040122,2004,Q1,1,Jan,2004-01,4,Thu
2004-01-23,20040123,2004,Q1,1,Jan,2004-01,4,Fri
2004-01-24,20040124,2004,Q1,1,Jan,2004-01,4,Sat
2004-01-25,20040125,2004,Q1,1,Jan,2004-01,4,Sun
2004-01-26,20040126,2004,Q1,1,Jan,2004-01,5,Mon
2004-01-27,20040127,2004,Q1,1,Jan,2004-01,5,Tue
2004-01-28,20040128,2004,Q1,1,Jan,2004-01,5,Wed
2004-01-29,20040129,2004,Q1,1,Jan,2004-01,5,Thu
2004-01-30,20040130,2004,Q1,1,Jan,2004-01,5,Fri
2004-01-31,20040131,2004,Q1,1,Jan,2004-01,5,Sat
2004-02-01,20040201,2004,Q1,2,Feb,2004-02,5,Sun
2004-02-02,20040202,2004,Q1,2,Feb,2004-02,6,Mon
2004-02-03,20040203,2004,Q1,2,Feb,2004-02,6,Tue
2004-02-04,20040204,2004,Q1,2,Feb,2004-02,6,Wed
2004-02-05,20040205,2004,Q1,2,Feb,2004-02,6,Thu
2004-02-06,20040206,2004,Q1,2,Feb,2004-02,6,Fri
2004-02-07,20040207,2004,Q1,2,Feb,2004-02,6,Sat
2004-02-08,20040208,2004,Q1,2,Feb,2004-02,6,Sun
2004-02-09,20040209,2004,Q1,2,Feb,2004-02,7,Mon
2004-02-10,20040210,2004,Q1,2,Feb,2004-02,7,Tue
2004-02-11,20040211,2004,Q1,2,Feb,2004-02,7,Wed
2004-02-12,20040212,2004,Q1,2,Feb,2004-02,7,Thu
2004-02-13,20040213,2004,Q1,2,Feb,2004-02,7,Fri
2004-02-14,20040214,2004,Q1,2,Feb,2004-02,7,Sat
2004-02-15,20040215,2004,Q1,2,Feb,2004-02,7,Sun
2004-02-16,20040216,2004,Q1,2,Feb,2004-02,8,Mon
2004-02-17,20040217,2004,Q1,2,Feb,2004-02,8,Tue
2004-02-18,20040218,2004,Q1,2,Feb,2004-02,8,Wed
2004-02-19,20040219,2004,Q1,2,Feb,2004-02,8,Thu
2004-02-20,20040220,2004,Q1,2,Feb,2004-02,8,Fri
2004-02-21,20040221,2004,Q1,2,Feb,2004-02,8,Sat
2004-02-22,20040222,2004,Q1,2,Feb,2004-02,8,Sun
2004-02-23,20040223,2004,Q1,2,Feb,2004-02,9,Mon
2004-02-24,20040224,2004,Q1,2,Feb,2004-02,9,Tue
2004-02-25,20040225,2004,Q1,2,Feb,2004-02,9,Wed
2004-02-26,20040226,2004,Q1,2,Feb,2004-02,9,Thu
2004-02-27,20040227,2004,Q1,2,Feb,2004-02,9,Fri
2004-02-28,20040228,2004,Q1,2,Feb,2004-02,9,Sat
2004-02-29,20040229,2004,Q1,2,Feb,2004-02,9,Sun
2004-03-01,20040301,2004,Q1,3,Mar,2004-03,10,Mon
2004-03-02,20040302,2004,Q1,3,Mar,2004-03,10,Tue
2004-03-03,20040303,2004,Q1,3,Mar,2004-03,10,Wed
2004-03-04,20040304,2004,Q1,3,Mar,2004-03,10,Thu
2004-03-05,20040305,2004,Q1,3,Mar,2004-03,10,Fri
2004-03-06,20040306,2004,Q1,3,Mar,2004-03,10,Sat
2004-03-07,20040307,2004,Q1,3,Mar,2004-03,10,Sun
2004-03-08,20040308,2004,Q1,3,Mar,2004-03,11,Mon
2004-03-09,20040309,2004,Q1,3,Mar,2004-03,11,Tue
2004-03-10,20040310,2004,Q1,3,Mar,2004-03,11,Wed
2004-03-11,20040311,2004,Q1,3,Mar,2004-03,11,Thu
2004-03-12,20040312,2004,Q1,3,Mar,2004-03,11,Fri
2004-03-13,20040313,2004,Q1,3,Mar,2004-03,11,Sat
2004-03-14,20040314,2004,Q1,3,Mar,2004-03,11,Sun
2004-03-15,20040315,2004,Q1,3,Mar,2004-03,12,Mon
2004-03-16,20040316,2004,Q1,3,Mar,2004-03,12,Tue
2004-03-17,20040317,2004,Q1,3,Mar,2004-03,12,Wed
2004-03-18,20040318,2004,Q1,3,Mar,2004-03,12,Thu
2004-03-19,20040319,2004,Q1,3,Mar,2004-03,12,Fri
2004-03-20,20040320,2004,Q1,3,Mar,2004-03,12,Sat
2004-03-21,20040321,2004,Q1,3,Mar,2004-03,12,Sun
2004-03-22,20040322,2004,Q1,3,Mar,2004-03,13,Mon
2004-03-23,20040323,2004,Q1,3,Mar,2004-03,13,Tue
2004-03-24,20040324,2004,Q1,3,Mar,2004-03,13,Wed
2004-03-25,20040325,2004,Q1,3,Mar,2004-03,13,Thu
2004-03-26,20040326,2004,Q1,3,Mar,2004-03,13,Fri
2004-03-27,20040327,2004,Q1,3,Mar,2004-03,13,Sat
2004-03-28,20040328,2004,Q1,3,Mar,2004-03,13,Sun
2004-03-29,20040329,2004,Q1,3,Mar,2004-03,14,Mon
2004-03-30,20040330,2004,Q1,3,Mar,2004-03,14,Tue
2004-03-31,20040331,2004,Q1,3,Mar,2004-03,14,Wed
2004-04-01,20040401,2004,Q2,4,Apr,2004-04,14,Thu
2004-04-02,20040402,2004,Q2,4,Apr,2004-04,14,Fri
2004-04-03,20040403,2004,Q2,4,Apr,2004-04,14,Sat
2004-04-04,20040404,2004,Q2,4,Apr,2004-04,14,Sun
2004-04-05,20040405,2004,Q2,4,Apr,2004-04,15,Mon
2004-04-06,20040406,2004,Q2,4,Apr,2004-04,15,Tue
2004-04-07,20040407,2004,Q2,4,Apr,2004-04,15,Wed
2004-04-08,20040408,2004,Q2,4,Apr,2004-04,15,Thu
2004-04-09,20040409,2004,Q2,4,Apr,2004-04,15,Fri
2004-04-10,20040410,2004,Q2,4,Apr,2004-04,15,Sat
2004-04-11,20040411,2004,Q2,4,Apr,2004-04,15,Sun
2004-04-12,20040412,2004,Q2,4,Apr,2004-04,16,Mon
2004-04-13,20040413,2004,Q2,4,Apr,2004-04,16,Tue
2004-04-14,20040414,2004,Q2,4,Apr,2004-04,16,Wed
2004-04-15,20040415,2004,Q2,4,Apr,2004-04,16,Thu
2004-04-16,20040416,2004,Q2,4,Apr,2004-04,16,Fri
2004-04-17,20040417,2004,Q2,4,Apr,2004-04,16,Sat
2004-04-18,20040418,2004,Q2,4,Apr,2004-04,16,Sun
2004-04-19,20040419,2004,Q2,4,Apr,2004-04,17,Mon
2004-04-20,20040420,2004,Q2,4,Apr,2004-04,17,Tue
2004-04-21,20040421,2004,Q2,4,Apr,2004-04,17,Wed
2004-04-22,20040422,2004,Q2,4,Apr,2004-04,17,Thu
2004-04-23,20040423,2004,Q2,4,Apr,2004-04,17,Fri
2004-04-24,20040424,2004,Q2,4,Apr,2004-04,17,Sat
2004-04-25,20040425,2004,Q2,4,Apr,2004-04,17,Sun
2004-04-26,20040426,2004,Q2,4,Apr,2004-04,18,Mon
2004-04-27,20040427,2004,Q2,4,Apr,2004-04,18,Tue
2004-04-28,20040428,2004,Q2,4,Apr,2004-04,18,Wed
2004-04-29,20040429,2004,Q2,4,Apr,2004-04,18,Thu
2004-04-30,20040430,2004,Q2,4,Apr,2004-04,18,Fri
2004-05-01,20040501,2004,Q2,5,May,2004-05,18,Sat
2004-05-02,20040502,2004,Q2,5,May,2004-05,18,Sun
2004-05-03,20040503,2004,Q2,5,May,2004-05,19,Mon
2004-05-04,20040504,2004,Q2,5,May,2004-05,19,Tue
2004-05-05,20040505,2004,Q2,5,May,2004-05,19,Wed
2004-05-06,20040506,2004,Q2,5,May,2004-05,19,Thu
2004-05-07,20040507,2004,Q2,5,May,2004-05,19,Fri
2004-05-08,20040508,2004,Q2,5,May,2004-05,19,Sat
2004-05-09,20040509,2004,Q2,5,May,2004-05,19,Sun
2004-05-10,20040510,2004,Q2,5,May,2004-05,20,Mon
2004-05-11,20040511,2004,Q2,5,May,2004-05,20,Tue
2004-05-12,20040512,2004,Q2,5,May,2004-05,20,Wed
2004-05-13,20040513,2004,Q2,5,May,2004-05,20,Thu
2004-05-14,20040514,2004,Q2,5,May,2004-05,20,Fri
2004-05-15,20040515,2004,Q2,5,May,2004-05,20,Sat
2004-05-16,20040516,2004,Q2,5,May,2004-05,20,Sun
2004-05-17,20040517,2004,Q2,5,May,2004-05,21,Mon
2004-05-18,20040518,2004,Q2,5,May,2004-05,21,Tue
2004-05-19,20040519,2004,Q2,5,May,2004-05,21,Wed
2004-05-20,20040520,2004,Q2,5,May,2004-05,21,Thu
2004-05-21,20040521,2004,Q2,5,May,2004-05,21,Fri
2004-05-22,20040522,2004,Q2,5,May,2004-05,21,Sat
2004-05-23,20040523,2004,Q2,5,May,2004-05,21,Sun
2004-05-24,20040524,2004,Q2,5,May,2004-05,22,Mon
2004-05-25,20040525,2004,Q2,5,May,2004-05,22,Tue
2004-05-26,20040526,2004,Q2,5,May,2004-05,22,Wed
2004-05-27,20040527,2004,Q2,5,May,2004-05,22,Thu
2004-05-28,20040528,2004,Q2,5,May,2004-05,22,Fri
2004-05-29,20040529,2004,Q2,5,May,2004-05,22,Sat
2004-05-30,20040530,2004,Q2,5,May,2004-05,22,Sun
2004-05-31,20040531,2004,Q2,5,May,2004-05,23,Mon
2004-06-01,20040601,2004,Q2,6,Jun,2004-06,23,Tue
2004-06-02,20040602,2004,Q2,6,Jun,2004-06,23,Wed
2004-06-03,20040603,2004,Q2,6,Jun,2004-06,23,Thu
2004-06-04,20040604,2004,Q2,6,Jun,2004-06,23,Fri
2004-06-05,20040605,2004,Q2,6,Jun,2004-06,23,Sat
2004-06-06,20040606,2004,Q2,6,Jun,2004-06,23,Sun
2004-06-07,20040607,2004,Q2,6,Jun,2004-06,24,Mon
2004-06-08,20040608,2004,Q2,6,Jun,2004-06,24,Tue
2004-06-09,20040609,2004,Q2,6,Jun,2004-06,24,Wed
2004-06-10,20040610,2004,Q2,6,Jun,2004-06,24,Thu
2004-06-11,20040611,2004,Q2,6,Jun,2004-06,24,Fri
2004-06-12,20040612,2004,Q2,6,Jun,2004-06,24,Sat
2004-06-13,20040613,2004,Q2,6,Jun,2004-06,24,Sun
2004-06-14,20040614,2004,Q2,6,Jun,2004-06,25,Mon
2004-06-15,20040615,2004,Q2,6,Jun,2004-06,25,Tue
2004-06-16,20040616,2004,Q2,6,Jun,2004-06,25,Wed
2004-06-17,20040617,2004,Q2,6,Jun,2004-06,25,Thu
2004-06-18,20040618,2004,Q2,6,Jun,2004-06,25,Fri
2004-06-19,20040619,2004,Q2,6,Jun,2004-06,25,Sat
2004-06-20,20040620,2004,Q2,6,Jun,2004-06,25,Sun
2004-06-21,20040621,2004,Q2,6,Jun,2004-06,26,Mon
2004-06-22,20040622,2004,Q2,6,Jun,2004-06,26,Tue
2004-06-23,20040623,2004,Q2,6,Jun,2004-06,26,Wed
2004-06-24,20040624,2004,Q2,6,Jun,2004-06,26,Thu
2004-06-25,20040625,2004,Q2,6,Jun,2004-06,26,Fri
2004-06-26,20040626,2004,Q2,6,Jun,2004-06,26,Sat
2004-06-27,20040627,2004,Q2,6,Jun,2004-06,26,Sun
2004-06-28,20040628,2004,Q2,6,Jun,2004-06,27,Mon
2004-06-29,20040629,2004,Q2,6,Jun,2004-06,27,Tue
2004-06-30,20040630,2004,Q2,6,Jun,2004-06,27,Wed
2004-07-01,20040701,2004,Q3,7,Jul,2004-07,27,Thu
2004-07-02,20040702,2004,Q3,7,Jul,2004-07,27,Fri
2004-07-03,20040703,2004,Q3,7,Jul,2004-07,27,Sat
2004-07-04,20040704,2004,Q3,7,Jul,2004-07,27,Sun
2004-07-05,20040705,2004,Q3,7,Jul,2004-07,28,Mon
2004-07-06,20040706,2004,Q3,7,Jul,2004-07,28,Tue
2004-07-07,20040707,2004,Q3,7,Jul,2004-07,28,Wed
2004-07-08,20040708,2004,Q3,7,Jul,2004-07,28,Thu
2004-07-09,20040709,2004,Q3,7,Jul,2004-07,28,Fri
2004-07-10,20040710,2004,Q3,7,Jul,2004-07,28,Sat
2004-07-11,20040711,2004,Q3,7,Jul,2004-07,28,Sun
2004-07-12,20040712,2004,Q3,7,Jul,2004-07,29,Mon
2004-07-13,20040713,2004,Q3,7,Jul,2004-07,29,Tue
2004-07-14,20040714,2004,Q3,7,Jul,2004-07,29,Wed
2004-07-15,20040715,2004,Q3,7,Jul,2004-07,29,Thu
2004-07-16,20040716,2004,Q3,7,Jul,2004-07,29,Fri
2004-07-17,20040717,2004,Q3,7,Jul,2004-07,29,Sat
2004-07-18,20040718,2004,Q3,7,Jul,2004-07,29,Sun
2004-07-19,20040719,2004,Q3,7,Jul,2004-07,30,Mon
2004-07-20,20040720,2004,Q3,7,Jul,2004-07,30,Tue
2004-07-21,20040721,2004,Q3,7,Jul,2004-07,30,Wed
2004-07-22,20040722,2004,Q3,7,Jul,2004-07,30,Thu
2004-07-23,20040723,2004,Q3,7,Jul,2004-07,30,Fri
2004-07-24,20040724,2004,Q3,7,Jul,2004-07,30,Sat
2004-07-25,20040725,2004,Q3,7,Jul,2004-07,30,Sun
2004-07-26,20040726,2004,Q3,7,Jul,2004-07,31,Mon
2004-07-27,20040727,2004,Q3,7,Jul,2004-07,31,Tue
2004-07-28,20040728,2004,Q3,7,Jul,2004-07,31,Wed
2004-07-29,20040729,2004,Q3,7,Jul,2004-07,31,Thu
2004-07-30,20040730,2004,Q3,7,Jul,2004-07,31,Fri
2004-07-31,20040731,2004,Q3,7,Jul,2004-07,31,Sat
2004-08-01,20040801,2004,Q3,8,Aug,2004-08,31,Sun
2004-08-02,20040802,2004,Q3,8,Aug,2004-08,32,Mon
2004-08-03,20040803,2004,Q3,8,Aug,2004-08,32,Tue
2004-08-04,20040804,2004,Q3,8,Aug,2004-08,32,Wed
2004-08-05,20040805,2004,Q3,8,Aug,2004-08,32,Thu
2004-08-06,20040806,2004,Q3,8,Aug,2004-08,32,Fri
2004-08-07,20040807,2004,Q3,8,Aug,2004-08,32,Sat
2004-08-08,20040808,2004,Q3,8,Aug,2004-08,32,Sun
2004-08-09,20040809,2004,Q3,8,Aug,2004-08,33,Mon
2004-08-10,20040810,2004,Q3,8,Aug,2004-08,33,Tue
2004-08-11,20040811,2004,Q3,8,Aug,2004-08,33,Wed
2004-08-12,20040812,2004,Q3,8,Aug,2004-08,33,Thu
2004-08-13,20040813,2004,Q3,8,Aug,2004-08,33,Fri
2004-08-14,20040814,2004,Q3,8,Aug,2004-08,33,Sat
2004-08-15,20040815,2004,Q3,8,Aug,2004-08,33,Sun
2004-08-16,20040816,2004,Q3,8,Aug,2004-08,34,Mon
2004-08-17,20040817,2004,Q3,8,Aug,2004-08,34,Tue
2004-08-18,20040818,2004,Q3,8,Aug,2004-08,34,Wed
2004-08-19,20040819,2004,Q3,8,Aug,2004-08,34,Thu
2004-08-20,20040820,2004,Q3,8,Aug,2004-08,34,Fri
2004-08-21,20040821,2004,Q3,8,Aug,2004-08,34,Sat
2004-08-22,20040822,2004,Q3,8,Aug,2004-08,34,Sun
2004-08-23,20040823,2004,Q3,8,Aug,2004-08,35,Mon
2004-08-24,20040824,2004,Q3,8,Aug,2004-08,35,Tue
2004-08-25,20040825,2004,Q3,8,Aug,2004-08,35,Wed
2004-08-26,20040826,2004,Q3,8,Aug,2004-08,35,Thu
2004-08-27,20040827,2004,Q3,8,Aug,2004-08,35,Fri
2004-08-28,20040828,2004,Q3,8,Aug,2004-08,35,Sat
2004-08-29,20040829,2004,Q3,8,Aug,2004-08,35,Sun
2004-08-30,20040830,2004,Q3,8,Aug,2004-08,36,Mon
2004-08-31,20040831,2004,Q3,8,Aug,2004-08,36,Tue
2004-09-01,20040901,2004,Q3,9,Sep,2004-09,36,Wed
2004-09-02,20040902,2004,Q3,9,Sep,2004-09,36,Thu
2004-09-03,20040903,2004,Q3,9,Sep,2004-09,36,Fri
2004-09-04,20040904,2004,Q3,9,Sep,2004-09,36,Sat
2004-09-05,20040905,2004,Q3,9,Sep,2004-09,36,Sun
2004-09-06,20040906,2004,Q3,9,Sep,2004-09,37,Mon
2004-09-07,20040907,2004,Q3,9,Sep,2004-09,37,Tue
2004-09-08,20040908,2004,Q3,9,Sep,2004-09,37,Wed
2004-09-09,20040909,2004,Q3,9,Sep,2004-09,37,Thu
2004-09-10,20040910,2004,Q3,9,Sep,2004-09,37,Fri
2004-09-11,20040911,2004,Q3,9,Sep,2004-09,37,Sat
2004-09-12,20040912,2004,Q3,9,Sep,2004-09,37,Sun
2004-09-13,20040913,2004,Q3,9,Sep,2004-09,38,Mon
2004-09-14,20040914,2004,Q3,9,Sep,2004-09,38,Tue
2004-09-15,20040915,2004,Q3,9,Sep,2004-09,38,Wed
2004-09-16,20040916,2004,Q3,9,Sep,2004-09,38,Thu
2004-09-17,20040917,2004,Q3,9,Sep,2004-09,38,Fri
2004-09-18,20040918,2004,Q3,9,Sep,2004-09,38,Sat
2004-09-19,20040919,2004,Q3,9,Sep,2004-09,38,Sun
2004-09-20,20040920,2004,Q3,9,Sep,2004-09,39,Mon
2004-09-21,20040921,2004,Q3,9,Sep,2004-09,39,Tue
2004-09-22,20040922,2004,Q3,9,Sep,2004-09,39,Wed
2004-09-23,20040923,2004,Q3,9,Sep,2004-09,39,Thu
2004-09-24,20040924,2004,Q3,9,Sep,2004-09,39,Fri
2004-09-25,20040925,2004,Q3,9,Sep,2004-09,39,Sat
2004-09-26,20040926,2004,Q3,9,Sep,2004-09,39,Sun
2004-09-27,20040927,2004,Q3,9,Sep,2004-09,40,Mon
2004-09-28,20040928,2004,Q3,9,Sep,2004-09,40,Tue
2004-09-29,20040929,2004,Q3,9,Sep,2004-09,40,Wed
2004-09-30,20040930,2004,Q3,9,Sep,2004-09,40,Thu
2004-10-01,20041001,2004,Q4,10,Oct,2004-10,40,Fri
2004-10-02,20041002,2004,Q4,10,Oct,2004-10,40,Sat
2004-10-03,20041003,2004,Q4,10,Oct,2004-10,40,Sun
2004-10-04,20041004,2004,Q4,10,Oct,2004-10,41,Mon
2004-10-05,20041005,2004,Q4,10,Oct,2004-10,41,Tue
2004-10-06,20041006,2004,Q4,10,Oct,2004-10,41,Wed
2004-10-07,20041007,2004,Q4,10,Oct,2004-10,41,Thu
2004-10-08,20041008,2004,Q4,10,Oct,2004-10,41,Fri
2004-10-09,20041009,2004,Q4,10,Oct,2004-10,41,Sat
2004-10-10,20041010,2004,Q4,10,Oct,2004-10,41,Sun
2004-10-11,20041011,2004,Q4,10,Oct,2004-10,42,Mon
2004-10-12,20041012,2004,Q4,10,Oct,2004-10,42,Tue
2004-10-13,20041013,2004,Q4,10,Oct,2004-10,42,Wed
2004-10-14,20041014,2004,Q4,10,Oct,2004-10,42,Thu
2004-10-15,20041015,2004,Q4,10,Oct,2004-10,42,Fri
2004-10-16,20041016,2004,Q4,10,Oct,2004-10,42,Sat
2004-10-17,20041017,2004,Q4,10,Oct,2004-10,42,Sun
2004-10-18,20041018,2004,Q4,10,Oct,2004-10,43,Mon
2004-10-19,20041019,2004,Q4,10,Oct,2004-10,43,Tue
2004-10-20,20041020,2004,Q4,10,Oct,2004-10,43,Wed
2004-10-21,20041021,2004,Q4,10,Oct,2004-10,43,Thu
2004-10-22,20041022,2004,Q4,10,Oct,2004-10,43,Fri
2004-10-23,20041023,2004,Q4,10,Oct,2004-10,43,Sat
2004-10-24,20041024,2004,Q4,10,Oct,2004-10,43,Sun
2004-10-25,20041025,2004,Q4,10,Oct,2004-10,44,Mon
2004-10-26,20041026,2004,Q4,10,Oct,2004-10,44,Tue
2004-10-27,20041027,2004,Q4,10,Oct,2004-10,44,Wed
2004-10-28,20041028,2004,Q4,10,Oct,2004-10,44,Thu
2004-10-29,20041029,2004,Q4,10,Oct,2004-10,44,Fri
2004-10-30,20041030,2004,Q4,10,Oct,2004-10,44,Sat
2004-10-31,20041031,2004,Q4,10,Oct,2004-10,44,Sun
2004-11-01,20041101,2004,Q4,11,Nov,2004-11,45,Mon
2004-11-02,20041102,2004,Q4,11,Nov,2004-11,45,Tue
2004-11-03,20041103,2004,Q4,11,Nov,2004-11,45,Wed
2004-11-04,20041104,2004,Q4,11,Nov,2004-11,45,Thu
2004-11-05,20041105,2004,Q4,11,Nov,2004-11,45,Fri
2004-11-06,20041106,2004,Q4,11,Nov,2004-11,45,Sat
2004-11-07,20041107,2004,Q4,11,Nov,2004-11,45,Sun
2004-11-08,20041108,2004,Q4,11,Nov,2004-11,46,Mon
2004-11-09,20041109,2004,Q4,11,Nov,2004-11,46,Tue
2004-11-10,20041110,2004,Q4,11,Nov,2004-11,46,Wed
2004-11-11,20041111,2004,Q4,11,Nov,2004-11,46,Thu
2004-11-12,20041112,2004,Q4,11,Nov,2004-11,46,Fri
2004-11-13,20041113,2004,Q4,11,Nov,2004-11,46,Sat
2004-11-14,20041114,2004,Q4,11,Nov,2004-11,46,Sun
2004-11-15,20041115,2004,Q4,11,Nov,2004-11,47,Mon
2004-11-16,20041116,2004,Q4,11,Nov,2004-11,47,Tue
2004-11-17,20041117,2004,Q4,11,Nov,2004-11,47,Wed
2004-11-18,20041118,2004,Q4,11,Nov,2004-11,47,Thu
2004-11-19,20041119,2004,Q4,11,Nov,2004-11,47,Fri
2004-11-20,20041120,2004,Q4,11,Nov,2004-11,47,Sat
2004-11-21,20041121,2004,Q4,11,Nov,2004-11,47,Sun
2004-11-22,20041122,2004,Q4,11,Nov,2004-11,48,Mon
2004-11-23,20041123,2004,Q4,11,Nov,2004-11,48,Tue
2004-11-24,20041124,2004,Q4,11,Nov,2004-11,48,Wed
2004-11-25,20041125,2004,Q4,11,Nov,2004-11,48,Thu
2004-11-26,20041126,2004,Q4,11,Nov,2004-11,48,Fri
2004-11-27,20041127,2004,Q4,11,Nov,2004-11,48,Sat
2004-11-28,20041128,2004,Q4,11,Nov,2004-11,48,Sun
2004-11-29,20041129,2004,Q4,11,Nov,2004-11,49,Mon
2004-11-30,20041130,2004,Q4,11,Nov,2004-11,49,Tue
2004-12-01,20041201,2004,Q4,12,Dec,2004-12,49,Wed
2004-12-02,20041202,2004,Q4,12,Dec,2004-12,49,Thu
2004-12-03,20041203,2004,Q4,12,Dec,2004-12,49,Fri
2004-12-04,20041204,2004,Q4,12,Dec,2004-12,49,Sat
2004-12-05,20041205,2004,Q4,12,Dec,2004-12,49,Sun
2004-12-06,20041206,2004,Q4,12,Dec,2004-12,50,Mon
2004-12-07,20041207,2004,Q4,12,Dec,2004-12,50,Tue
2004-12-08,20041208,2004,Q4,12,Dec,2004-12,50,Wed
2004-12-09,20041209,2004,Q4,12,Dec,2004-12,50,Thu
2004-12-10,20041210,2004,Q4,12,Dec,2004-12,50,Fri
2004-12-11,20041211,2004,Q4,12,Dec,2004-12,50,Sat
2004-12-12,20041212,2004,Q4,12,Dec,2004-12,50,Sun
2004-12-13,20041213,2004,Q4,12,Dec,2004-12,51,Mon
2004-12-14,20041214,2004,Q4,12,Dec,2004-12,51,Tue
2004-12-15,20041215,2004,Q4,12,Dec,2004-12,51,Wed
2004-12-16,20041216,2004,Q4,12,Dec,2004-12,51,Thu
2004-12-17,20041217,2004,Q4,12,Dec,2004-12,51,Fri
2004-12-18,20041218,2004,Q4,12,Dec,2004-12,51,Sat
2004-12-19,20041219,2004,Q4,12,Dec,2004-12,51,Sun
2004-12-20,20041220,2004,Q4,12,Dec,2004-12,52,Mon
2004-12-21,20041221,2004,Q4,12,Dec,2004-12,52,Tue
2004-12-22,20041222,2004,Q4,12,Dec,2004-12,52,Wed
2004-12-23,20041223,2004,Q4,12,Dec,2004-12,52,Thu
2004-12-24,20041224,2004,Q4,12,Dec,2004-12,52,Fri
2004-12-25,20041225,2004,Q4,12,Dec,2004-12,52,Sat
2004-12-26,20041226,2004,Q4,12,Dec,2004-12,52,Sun
2004-12-27,20041227,2004,Q4,12,Dec,2004-12,53,Mon
2004-12-28,20041228,2004,Q4,12,Dec,2004-12,53,Tue
2004-12-29,20041229,2004,Q4,12,Dec,2004-12,53,Wed
2004-12-30,20041230,2004,Q4,12,Dec,2004-12,53,Thu
2004-12-31,20041231,2004,Q4,12,Dec,2004-12,53,Fri
2005-01-01,20050101,2005,Q1,1,Jan,2005-01,53,Sat
2005-01-02,20050102,2005,Q1,1,Jan,2005-01,53,Sun
2005-01-03,20050103,2005,Q1,1,Jan,2005-01,1,Mon
2005-01-04,20050104,2005,Q1,1,Jan,2005-01,1,Tue
2005-01-05,20050105,2005,Q1,1,Jan,2005-01,1,Wed
2005-01-06,20050106,2005,Q1,1,Jan,2005-01,1,Thu
2005-01-07,20050107,2005,Q1,1,Jan,2005-01,1,Fri
2005-01-08,20050108,2005,Q1,1,Jan,2005-01,1,Sat
2005-01-09,20050109,2005,Q1,1,Jan,2005-01,1,Sun
2005-01-10,20050110,2005,Q1,1,Jan,2005-01,2,Mon
2005-01-11,20050111,2005,Q1,1,Jan,2005-01,2,Tue
2005-01-12,20050112,2005,Q1,1,Jan,2005-01,2,Wed
2005-01-13,20050113,2005,Q1,1,Jan,2005-01,2,Thu
2005-01-14,20050114,2005,Q1,1,Jan,2005-01,2,Fri
2005-01-15,20050115,2005,Q1,1,Jan,2005-01,2,Sat
2005-01-16,20050116,2005,Q1,1,Jan,2005-01,2,Sun
2005-01-17,20050117,2005,Q1,1,Jan,2005-01,3,Mon
2005-01-18,20050118,2005,Q1,1,Jan,2005-01,3,Tue
2005-01-19,20050119,2005,Q1,1,Jan,2005-01,3,Wed
2005-01-20,20050120,2005,Q1,1,Jan,2005-01,3,Thu
2005-01-21,20050121,2005,Q1,1,Jan,2005-01,3,Fri
2005-01-22,20050122,2005,Q1,1,Jan,2005-01,3,Sat
2005-01-23,20050123,2005,Q1,1,Jan,2005-01,3,Sun
2005-01-24,20050124,2005,Q1,1,Jan,2005-01,4,Mon
2005-01-25,20050125,2005,Q1,1,Jan,2005-01,4,Tue
2005-01-26,20050126,2005,Q1,1,Jan,2005-01,4,Wed
2005-01-27,20050127,2005,Q1,1,Jan,2005-01,4,Thu
2005-01-28,20050128,2005,Q1,1,Jan,2005-01,4,Fri
2005-01-29,20050129,2005,Q1,1,Jan,2005-01,4,Sat
2005-01-30,20050130,2005,Q1,1,Jan,2005-01,4,Sun
2005-01-31,20050131,2005,Q1,1,Jan,2005-01,5,Mon
2005-02-01,20050201,2005,Q1,2,Feb,2005-02,5,Tue
2005-02-02,20050202,2005,Q1,2,Feb,2005-02,5,Wed
2005-02-03,20050203,2005,Q1,2,Feb,2005-02,5,Thu
2005-02-04,20050204,2005,Q1,2,Feb,2005-02,5,Fri
2005-02-05,20050205,2005,Q1,2,Feb,2005-02,5,Sat
2005-02-06,20050206,2005,Q1,2,Feb,2005-02,5,Sun
2005-02-07,20050207,2005,Q1,2,Feb,2005-02,6,Mon
2005-02-08,20050208,2005,Q1,2,Feb,2005-02,6,Tue
2005-02-09,20050209,2005,Q1,2,Feb,2005-02,6,Wed
2005-02-10,20050210,2005,Q1,2,Feb,2005-02,6,Thu
2005-02-11,20050211,2005,Q1,2,Feb,2005-02,6,Fri
2005-02-12,20050212,2005,Q1,2,Feb,2005-02,6,Sat
2005-02-13,20050213,2005,Q1,2,Feb,2005-02,6,Sun
2005-02-14,20050214,2005,Q1,2,Feb,2005-02,7,Mon
2005-02-15,20050215,2005,Q1,2,Feb,2005-02,7,Tue
2005-02-16,20050216,2005,Q1,2,Feb,2005-02,7,Wed
2005-02-17,20050217,2005,Q1,2,Feb,2005-02,7,Thu
2005-02-18,20050218,2005,Q1,2,Feb,2005-02,7,Fri
2005-02-19,20050219,2005,Q1,2,Feb,2005-02,7,Sat
2005-02-20,20050220,2005,Q1,2,Feb,2005-02,7,Sun
2005-02-21,20050221,2005,Q1,2,Feb,2005-02,8,Mon
2005-02-22,20050222,2005,Q1,2,Feb,2005-02,8,Tue
2005-02-23,20050223,2005,Q1,2,Feb,2005-02,8,Wed
2005-02-24,20050224,2005,Q1,2,Feb,2005-02,8,Thu
2005-02-25,20050225,2005,Q1,2,Feb,2005-02,8,Fri
2005-02-26,20050226,2005,Q1,2,Feb,2005-02,8,Sat
2005-02-27,20050227,2005,Q1,2,Feb,2005-02,8,Sun
2005-02-28,20050228,2005,Q1,2,Feb,2005-02,9,Mon
2005-03-01,20050301,2005,Q1,3,Mar,2005-03,9,Tue
2005-03-02,20050302,2005,Q1,3,Mar,2005-03,9,Wed
2005-03-03,20050303,2005,Q1,3,Mar,2005-03,9,Thu
2005-03-04,20050304,2005,Q1,3,Mar,2005-03,9,Fri
2005-03-05,20050305,2005,Q1,3,Mar,2005-03,9,Sat
2005-03-06,20050306,2005,Q1,3,Mar,2005-03,9,Sun
2005-03-07,20050307,2005,Q1,3,Mar,2005-03,10,Mon
2005-03-08,20050308,2005,Q1,3,Mar,2005-03,10,Tue
2005-03-09,20050309,2005,Q1,3,Mar,2005-03,10,Wed
2005-03-10,20050310,2005,Q1,3,Mar,2005-03,10,Thu
2005-03-11,20050311,2005,Q1,3,Mar,2005-03,10,Fri
2005-03-12,20050312,2005,Q1,3,Mar,2005-03,10,Sat
2005-03-13,20050313,2005,Q1,3,Mar,2005-03,10,Sun
2005-03-14,20050314,2005,Q1,3,Mar,2005-03,11,Mon
2005-03-15,20050315,2005,Q1,3,Mar,2005-03,11,Tue
2005-03-16,20050316,2005,Q1,3,Mar,2005-03,11,Wed
2005-03-17,20050317,2005,Q1,3,Mar,2005-03,11,Thu
2005-03-18,20050318,2005,Q1,3,Mar,2005-03,11,Fri
2005-03-19,20050319,2005,Q1,3,Mar,2005-03,11,Sat
2005-03-20,20050320,2005,Q1,3,Mar,2005-03,11,Sun
2005-03-21,20050321,2005,Q1,3,Mar,2005-03,12,Mon
2005-03-22,20050322,2005,Q1,3,Mar,2005-03,12,Tue
2005-03-23,20050323,2005,Q1,3,Mar,2005-03,12,Wed
2005-03-24,20050324,2005,Q1,3,Mar,2005-03,12,Thu
2005-03-25,20050325,2005,Q1,3,Mar,2005-03,12,Fri
2005-03-26,20050326,2005,Q1,3,Mar,2005-03,12,Sat
2005-03-27,20050327,2005,Q1,3,Mar,2005-03,12,Sun
2005-03-28,20050328,2005,Q1,3,Mar,2005-03,13,Mon
2005-03-29,20050329,2005,Q1,3,Mar,2005-03,13,Tue
2005-03-30,20050330,2005,Q1,3,Mar,2005-03,13,Wed
2005-03-31,20050331,2005,Q1,3,Mar,2005-03,13,Thu
2005-04-01,20050401,2005,Q2,4,Apr,2005-04,13,Fri
2005-04-02,20050402,2005,Q2,4,Apr,2005-04,13,Sat
2005-04-03,20050403,2005,Q2,4,Apr,2005-04,13,Sun
2005-04-04,20050404,2005,Q2,4,Apr,2005-04,14,Mon
2005-04-05,20050405,2005,Q2,4,Apr,2005-04,14,Tue
2005-04-06,20050406,2005,Q2,4,Apr,2005-04,14,Wed
2005-04-07,20050407,2005,Q2,4,Apr,2005-04,14,Thu
2005-04-08,20050408,2005,Q2,4,Apr,2005-04,14,Fri
2005-04-09,20050409,2005,Q2,4,Apr,2005-04,14,Sat
2005-04-10,20050410,2005,Q2,4,Apr,2005-04,14,Sun
2005-04-11,20050411,2005,Q2,4,Apr,2005-04,15,Mon
2005-04-12,20050412,2005,Q2,4,Apr,2005-04,15,Tue
2005-04-13,20050413,2005,Q2,4,Apr,2005-04,15,Wed
2005-04-14,20050414,2005,Q2,4,Apr,2005-04,15,Thu
2005-04-15,20050415,2005,Q2,4,Apr,2005-04,15,Fri
2005-04-16,20050416,2005,Q2,4,Apr,2005-04,15,Sat
2005-04-17,20050417,2005,Q2,4,Apr,2005-04,15,Sun
2005-04-18,20050418,2005,Q2,4,Apr,2005-04,16,Mon
2005-04-19,20050419,2005,Q2,4,Apr,2005-04,16,Tue
2005-04-20,20050420,2005,Q2,4,Apr,2005-04,16,Wed
2005-04-21,20050421,2005,Q2,4,Apr,2005-04,16,Thu
2005-04-22,20050422,2005,Q2,4,Apr,2005-04,16,Fri
2005-04-23,20050423,2005,Q2,4,Apr,2005-04,16,Sat
2005-04-24,20050424,2005,Q2,4,Apr,2005-04,16,Sun
2005-04-25,20050425,2005,Q2,4,Apr,2005-04,17,Mon
2005-04-26,20050426,2005,Q2,4,Apr,2005-04,17,Tue
2005-04-27,20050427,2005,Q2,4,Apr,2005-04,17,Wed
2005-04-28,20050428,2005,Q2,4,Apr,2005-04,17,Thu
2005-04-29,20050429,2005,Q2,4,Apr,2005-04,17,Fri
2005-04-30,20050430,2005,Q2,4,Apr,2005-04,17,Sat
2005-05-01,20050501,2005,Q2,5,May,2005-05,17,Sun
2005-05-02,20050502,2005,Q2,5,May,2005-05,18,Mon
2005-05-03,20050503,2005,Q2,5,May,2005-05,18,Tue
2005-05-04,20050504,2005,Q2,5,May,2005-05,18,Wed
2005-05-05,20050505,2005,Q2,5,May,2005-05,18,Thu
2005-05-06,20050506,2005,Q2,5,May,2005-05,18,Fri
2005-05-07,20050507,2005,Q2,5,May,2005-05,18,Sat
2005-05-08,20050508,2005,Q2,5,May,2005-05,18,Sun
2005-05-09,20050509,2005,Q2,5,May,2005-05,19,Mon
2005-05-10,20050510,2005,Q2,5,May,2005-05,19,Tue
2005-05-11,20050511,2005,Q2,5,May,2005-05,19,Wed
2005-05-12,20050512,2005,Q2,5,May,2005-05,19,Thu
2005-05-13,20050513,2005,Q2,5,May,2005-05,19,Fri
2005-05-14,20050514,2005,Q2,5,May,2005-05,19,Sat
2005-05-15,20050515,2005,Q2,5,May,2005-05,19,Sun
2005-05-16,20050516,2005,Q2,5,May,2005-05,20,Mon
2005-05-17,20050517,2005,Q2,5,May,2005-05,20,Tue
2005-05-18,20050518,2005,Q2,5,May,2005-05,20,Wed
2005-05-19,20050519,2005,Q2,5,May,2005-05,20,Thu
2005-05-20,20050520,2005,Q2,5,May,2005-05,20,Fri
2005-05-21,20050521,2005,Q2,5,May,2005-05,20,Sat
2005-05-22,20050522,2005,Q2,5,May,2005-05,20,Sun
2005-05-23,20050523,2005,Q2,5,May,2005-05,21,Mon
2005-05-24,20050524,2005,Q2,5,May,2005-05,21,Tue
2005-05-25,20050525,2005,Q2,5,May,2005-05,21,Wed
2005-05-26,20050526,2005,Q2,5,May,2005-05,21,Thu
2005-05-27,20050527,2005,Q2,5,May,2005-05,21,Fri
2005-05-28,20050528,2005,Q2,5,May,2005-05,21,Sat
2005-05-29,20050529,2005,Q2,5,May,2005-05,21,Sun
2005-05-30,20050530,2005,Q2,5,May,2005-05,22,Mon
2005-05-31,20050531,2005,Q2,5,May,2005-05,22,Tue
2005-06-01,20050601,2005,Q2,6,Jun,2005-06,22,Wed
2005-06-02,20050602,2005,Q2,6,Jun,2005-06,22,Thu
2005-06-03,20050603,2005,Q2,6,Jun,2005-06,22,Fri
2005-06-04,20050604,2005,Q2,6,Jun,2005-06,22,Sat
2005-06-05,20050605,2005,Q2,6,Jun,2005-06,22,Sun
2005-06-06,20050606,2005,Q2,6,Jun,2005-06,23,Mon
2005-06-07,20050607,2005,Q2,6,Jun,2005-06,23,Tue
2005-06-08,20050608,2005,Q2,6,Jun,2005-06,23,Wed
2005-06-09,20050609,2005,Q2,6,Jun,2005-06,23,Thu
2005-06-10,20050610,2005,Q2,6,Jun,2005-06,23,Fri
2005-06-11,20050611,2005,Q2,6,Jun,2005-06,23,Sat
2005-06-12,20050612,2005,Q2,6,Jun,2005-06,23,Sun
2005-06-13,20050613,2005,Q2,6,Jun,2005-06,24,Mon
2005-06-14,20050614,2005,Q2,6,Jun,2005-06,24,Tue
2005-06-15,20050615,2005,Q2,6,Jun,2005-06,24,Wed
2005-06-16,20050616,2005,Q2,6,Jun,2005-06,24,Thu
2005-06-17,20050617,2005,Q2,6,Jun,2005-06,24,Fri
2005-06-18,20050618,2005,Q2,6,Jun,2005-06,24,Sat
2005-06-19,20050619,2005,Q2,6,Jun,2005-06,24,Sun
2005-06-20,20050620,2005,Q2,6,Jun,2005-06,25,Mon
2005-06-21,20050621,2005,Q2,6,Jun,2005-06,25,Tue
2005-06-22,20050622,2005,Q2,6,Jun,2005-06,25,Wed
2005-06-23,20050623,2005,Q2,6,Jun,2005-06,25,Thu
2005-06-24,20050624,2005,Q2,6,Jun,2005-06,25,Fri
2005-06-25,20050625,2005,Q2,6,Jun,2005-06,25,Sat
2005-06-26,20050626,2005,Q2,6,Jun,2005-06,25,Sun
2005-06-27,20050627,2005,Q2,6,Jun,2005-06,26,Mon
2005-06-28,20050628,2005,Q2,6,Jun,2005-06,26,Tue
2005-06-29,20050629,2005,Q2,6,Jun,2005-06,26,Wed
2005-06-30,20050630,2005,Q2,6,Jun,2005-06,26,Thu
2005-07-01,20050701,2005,Q3,7,Jul,2005-07,26,Fri
2005-07-02,20050702,2005,Q3,7,Jul,2005-07,26,Sat
2005-07-03,20050703,2005,Q3,7,Jul,2005-07,26,Sun
2005-07-04,20050704,2005,Q3,7,Jul,2005-07,27,Mon
2005-07-05,20050705,2005,Q3,7,Jul,2005-07,27,Tue
2005-07-06,20050706,2005,Q3,7,Jul,2005-07,27,Wed
2005-07-07,20050707,2005,Q3,7,Jul,2005-07,27,Thu
2005-07-08,20050708,2005,Q3,7,Jul,2005-07,27,Fri
2005-07-09,20050709,2005,Q3,7,Jul,2005-07,27,Sat
2005-07-10,20050710,2005,Q3,7,Jul,2005-07,27,Sun
2005-07-11,20050711,2005,Q3,7,Jul,2005-07,28,Mon
2005-07-12,20050712,2005,Q3,7,Jul,2005-07,28,Tue
2005-07-13,20050713,2005,Q3,7,Jul,2005-07,28,Wed
2005-07-14,20050714,2005,Q3,7,Jul,2005-07,28,Thu
2005-07-15,20050715,2005,Q3,7,Jul,2005-07,28,Fri
2005-07-16,20050716,2005,Q3,7,Jul,2005-07,28,Sat
2005-07-17,20050717,2005,Q3,7,Jul,2005-07,28,Sun
2005-07-18,20050718,2005,Q3,7,Jul,2005-07,29,Mon
2005-07-19,20050719,2005,Q3,7,Jul,2005-07,29,Tue
2005-07-20,20050720,2005,Q3,7,Jul,2005-07,29,Wed
2005-07-21,20050721,2005,Q3,7,Jul,2005-07,29,Thu
2005-07-22,20050722,2005,Q3,7,Jul,2005-07,29,Fri
2005-07-23,20050723,2005,Q3,7,Jul,2005-07,29,Sat
2005-07-24,20050724,2005,Q3,7,Jul,2005-07,29,Sun
2005-07-25,20050725,2005,Q3,7,Jul,2005-07,30,Mon
2005-07-26,20050726,2005,Q3,7,Jul,2005-07,30,Tue
2005-07-27,20050727,2005,Q3,7,Jul,2005-07,30,Wed
2005-07-28,20050728,2005,Q3,7,Jul,2005-07,30,Thu
2005-07-29,20050729,2005,Q3,7,Jul,2005-07,30,Fri
2005-07-30,20050730,2005,Q3,7,Jul,2005-07,30,Sat
2005-07-31,20050731,2005,Q3,7,Jul,2005-07,30,Sun
2005-08-01,20050801,2005,Q3,8,Aug,2005-08,31,Mon
2005-08-02,20050802,2005,Q3,8,Aug,2005-08,31,Tue
2005-08-03,20050803,2005,Q3,8,Aug,2005-08,31,Wed
2005-08-04,20050804,2005,Q3,8,Aug,2005-08,31,Thu
2005-08-05,20050805,2005,Q3,8,Aug,2005-08,31,Fri
2005-08-06,20050806,2005,Q3,8,Aug,2005-08,31,Sat
2005-08-07,20050807,2005,Q3,8,Aug,2005-08,31,Sun
2005-08-08,20050808,2005,Q3,8,Aug,2005-08,32,Mon
2005-08-09,20050809,2005,Q3,8,Aug,2005-08,32,Tue
2005-08-10,20050810,2005,Q3,8,Aug,2005-08,32,Wed
2005-08-11,20050811,2005,Q3,8,Aug,2005-08,32,Thu
2005-08-12,20050812,2005,Q3,8,Aug,2005-08,32,Fri
2005-08-13,20050813,2005,Q3,8,Aug,2005-08,32,Sat
2005-08-14,20050814,2005,Q3,8,Aug,2005-08,32,Sun
2005-08-15,20050815,2005,Q3,8,Aug,2005-08,33,Mon
2005-08-16,20050816,2005,Q3,8,Aug,2005-08,33,Tue
2005-08-17,20050817,2005,Q3,8,Aug,2005-08,33,Wed
2005-08-18,20050818,2005,Q3,8,Aug,2005-08,33,Thu
2005-08-19,20050819,2005,Q3,8,Aug,2005-08,33,Fri
2005-08-20,20050820,2005,Q3,8,Aug,2005-08,33,Sat
2005-08-21,20050821,2005,Q3,8,Aug,2005-08,33,Sun
2005-08-22,20050822,2005,Q3,8,Aug,2005-08,34,Mon
2005-08-23,20050823,2005,Q3,8,Aug,2005-08,34,Tue
2005-08-24,20050824,2005,Q3,8,Aug,2005-08,34,Wed
2005-08-25,20050825,2005,Q3,8,Aug,2005-08,34,Thu
2005-08-26,20050826,2005,Q3,8,Aug,2005-08,34,Fri
2005-08-27,20050827,2005,Q3,8,Aug,2005-08,34,Sat
2005-08-28,20050828,2005,Q3,8,Aug,2005-08,34,Sun
2005-08-29,20050829,2005,Q3,8,Aug,2005-08,35,Mon
2005-08-30,20050830,2005,Q3,8,Aug,2005-08,35,Tue
2005-08-31,20050831,2005,Q3,8,Aug,2005-08,35,Wed
2005-09-01,20050901,2005,Q3,9,Sep,2005-09,35,Thu
2005-09-02,20050902,2005,Q3,9,Sep,2005-09,35,Fri
2005-09-03,20050903,2005,Q3,9,Sep,2005-09,35,Sat
2005-09-04,20050904,2005,Q3,9,Sep,2005-09,35,Sun
2005-09-05,20050905,2005,Q3,9,Sep,2005-09,36,Mon
2005-09-06,20050906,2005,Q3,9,Sep,2005-09,36,Tue
2005-09-07,20050907,2005,Q3,9,Sep,2005-09,36,Wed
2005-09-08,20050908,2005,Q3,9,Sep,2005-09,36,Thu
2005-09-09,20050909,2005,Q3,9,Sep,2005-09,36,Fri
2005-09-10,20050910,2005,Q3,9,Sep,2005-09,36,Sat
2005-09-11,20050911,2005,Q3,9,Sep,2005-09,36,Sun
2005-09-12,20050912,2005,Q3,9,Sep,2005-09,37,Mon
2005-09-13,20050913,2005,Q3,9,Sep,2005-09,37,Tue
2005-09-14,20050914,2005,Q3,9,Sep,2005-09,37,Wed
2005-09-15,20050915,2005,Q3,9,Sep,2005-09,37,Thu
2005-09-16,20050916,2005,Q3,9,Sep,2005-09,37,Fri
2005-09-17,20050917,2005,Q3,9,Sep,2005-09,37,Sat
2005-09-18,20050918,2005,Q3,9,Sep,2005-09,37,Sun
2005-09-19,20050919,2005,Q3,9,Sep,2005-09,38,Mon
2005-09-20,20050920,2005,Q3,9,Sep,2005-09,38,Tue
2005-09-21,20050921,2005,Q3,9,Sep,2005-09,38,Wed
2005-09-22,20050922,2005,Q3,9,Sep,2005-09,38,Thu
2005-09-23,20050923,2005,Q3,9,Sep,2005-09,38,Fri
2005-09-24,20050924,2005,Q3,9,Sep,2005-09,38,Sat
2005-09-25,20050925,2005,Q3,9,Sep,2005-09,38,Sun
2005-09-26,20050926,2005,Q3,9,Sep,2005-09,39,Mon
2005-09-27,20050927,2005,Q3,9,Sep,2005-09,39,Tue
2005-09-28,20050928,2005,Q3,9,Sep,2005-09,39,Wed
2005-09-29,20050929,2005,Q3,9,Sep,2005-09,39,Thu
2005-09-30,20050930,2005,Q3,9,Sep,2005-09,39,Fri
2005-10-01,20051001,2005,Q4,10,Oct,2005-10,39,Sat
2005-10-02,20051002,2005,Q4,10,Oct,2005-10,39,Sun
2005-10-03,20051003,2005,Q4,10,Oct,2005-10,40,Mon
2005-10-04,20051004,2005,Q4,10,Oct,2005-10,40,Tue
2005-10-05,20051005,2005,Q4,10,Oct,2005-10,40,Wed
2005-10-06,20051006,2005,Q4,10,Oct,2005-10,40,Thu
2005-10-07,20051007,2005,Q4,10,Oct,2005-10,40,Fri
2005-10-08,20051008,2005,Q4,10,Oct,2005-10,40,Sat
2005-10-09,20051009,2005,Q4,10,Oct,2005-10,40,Sun
2005-10-10,20051010,2005,Q4,10,Oct,2005-10,41,Mon
2005-10-11,20051011,2005,Q4,10,Oct,2005-10,41,Tue
2005-10-12,20051012,2005,Q4,10,Oct,2005-10,41,Wed
2005-10-13,20051013,2005,Q4,10,Oct,2005-10,41,Thu
2005-10-14,20051014,2005,Q4,10,Oct,2005-10,41,Fri
2005-10-15,20051015,2005,Q4,10,Oct,2005-10,41,Sat
2005-10-16,20051016,2005,Q4,10,Oct,2005-10,41,Sun
2005-10-17,20051017,2005,Q4,10,Oct,2005-10,42,Mon
2005-10-18,20051018,2005,Q4,10,Oct,2005-10,42,Tue
2005-10-19,20051019,2005,Q4,10,Oct,2005-10,42,Wed
2005-10-20,20051020,2005,Q4,10,Oct,2005-10,42,Thu
2005-10-21,20051021,2005,Q4,10,Oct,2005-10,42,Fri
2005-10-22,20051022,2005,Q4,10,Oct,2005-10,42,Sat
2005-10-23,20051023,2005,Q4,10,Oct,2005-10,42,Sun
2005-10-24,20051024,2005,Q4,10,Oct,2005-10,43,Mon
2005-10-25,20051025,2005,Q4,10,Oct,2005-10,43,Tue
2005-10-26,20051026,2005,Q4,10,Oct,2005-10,43,Wed
2005-10-27,20051027,2005,Q4,10,Oct,2005-10,43,Thu
2005-10-28,20051028,2005,Q4,10,Oct,2005-10,43,Fri
2005-10-29,20051029,2005,Q4,10,Oct,2005-10,43,Sat
2005-10-30,20051030,2005,Q4,10,Oct,2005-10,43,Sun
2005-10-31,20051031,2005,Q4,10,Oct,2005-10,44,Mon
2005-11-01,20051101,2005,Q4,11,Nov,2005-11,44,Tue
2005-11-02,20051102,2005,Q4,11,Nov,2005-11,44,Wed
2005-11-03,20051103,2005,Q4,11,Nov,2005-11,44,Thu
2005-11-04,20051104,2005,Q4,11,Nov,2005-11,44,Fri
2005-11-05,20051105,2005,Q4,11,Nov,2005-11,44,Sat
2005-11-06,20051106,2005,Q4,11,Nov,2005-11,44,Sun
2005-11-07,20051107,2005,Q4,11,Nov,2005-11,45,Mon
2005-11-08,20051108,2005,Q4,11,Nov,2005-11,45,Tue
2005-11-09,20051109,2005,Q4,11,Nov,2005-11,45,Wed
2005-11-10,20051110,2005,Q4,11,Nov,2005-11,45,Thu
2005-11-11,20051111,2005,Q4,11,Nov,2005-11,45,Fri
2005-11-12,20051112,2005,Q4,11,Nov,2005-11,45,Sat
2005-11-13,20051113,2005,Q4,11,Nov,2005-11,45,Sun
2005-11-14,20051114,2005,Q4,11,Nov,2005-11,46,Mon
2005-11-15,20051115,2005,Q4,11,Nov,2005-11,46,Tue
2005-11-16,20051116,2005,Q4,11,Nov,2005-11,46,Wed
2005-11-17,20051117,2005,Q4,11,Nov,2005-11,46,Thu
2005-11-18,20051118,2005,Q4,11,Nov,2005-11,46,Fri
2005-11-19,20051119,2005,Q4,11,Nov,2005-11,46,Sat
2005-11-20,20051120,2005,Q4,11,Nov,2005-11,46,Sun
2005-11-21,20051121,2005,Q4,11,Nov,2005-11,47,Mon
2005-11-22,20051122,2005,Q4,11,Nov,2005-11,47,Tue
2005-11-23,20051123,2005,Q4,11,Nov,2005-11,47,Wed
2005-11-24,20051124,2005,Q4,11,Nov,2005-11,47,Thu
2005-11-25,20051125,2005,Q4,11,Nov,2005-11,47,Fri
2005-11-26,20051126,2005,Q4,11,Nov,2005-11,47,Sat
2005-11-27,20051127,2005,Q4,11,Nov,2005-11,47,Sun
2005-11-28,20051128,2005,Q4,11,Nov,2005-11,48,Mon
2005-11-29,20051129,2005,Q4,11,Nov,2005-11,48,Tue
2005-11-30,20051130,2005,Q4,11,Nov,2005-11,48,Wed
2005-12-01,20051201,2005,Q4,12,Dec,2005-12,48,Thu
2005-12-02,20051202,2005,Q4,12,Dec,2005-12,48,Fri
2005-12-03,20051203,2005,Q4,12,Dec,2005-12,48,Sat
2005-12-04,20051204,2005,Q4,12,Dec,2005-12,48,Sun
2005-12-05,20051205,2005,Q4,12,Dec,2005-12,49,Mon
2005-12-06,20051206,2005,Q4,12,Dec,2005-12,49,Tue
2005-12-07,20051207,2005,Q4,12,Dec,2005-12,49,Wed
2005-12-08,20051208,2005,Q4,12,Dec,2005-12,49,Thu
2005-12-09,20051209,2005,Q4,12,Dec,2005-12,49,Fri
2005-12-10,20051210,2005,Q4,12,Dec,2005-12,49,Sat
2005-12-11,20051211,2005,Q4,12,Dec,2005-12,49,Sun
2005-12-12,20051212,2005,Q4,12,Dec,2005-12,50,Mon
2005-12-13,20051213,2005,Q4,12,Dec,2005-12,50,Tue
2005-12-14,20051214,2005,Q4,12,Dec,2005-12,50,Wed
2005-12-15,20051215,2005,Q4,12,Dec,2005-12,50,Thu
2005-12-16,20051216,2005,Q4,12,Dec,2005-12,50,Fri
2005-12-17,20051217,2005,Q4,12,Dec,2005-12,50,Sat
2005-12-18,20051218,2005,Q4,12,Dec,2005-12,50,Sun
2005-12-19,20051219,2005,Q4,12,Dec,2005-12,51,Mon
2005-12-20,20051220,2005,Q4,12,Dec,2005-12,51,Tue
2005-12-21,20051221,2005,Q4,12,Dec,2005-12,51,Wed
2005-12-22,20051222,2005,Q4,12,Dec,2005-12,51,Thu
2005-12-23,20051223,2005,Q4,12,Dec,2005-12,51,Fri
2005-12-24,20051224,2005,Q4,12,Dec,2005-12,51,Sat
2005-12-25,20051225,2005,Q4,12,Dec,2005-12,51,Sun
2005-12-26,20051226,2005,Q4,12,Dec,2005-12,52,Mon
2005-12-27,20051227,2005,Q4,12,Dec,2005-12,52,Tue
2005-12-28,20051228,2005,Q4,12,Dec,2005-12,52,Wed
2005-12-29,20051229,2005,Q4,12,Dec,2005-12,52,Thu
2005-12-30,20051230,2005,Q4,12,Dec,2005-12,52,Fri
2005-12-31,20051231,2005,Q4,12,Dec,2005-12,52,Sat
2006-01-01,20060101,2006,Q1,1,Jan,2006-01,52,Sun
2006-01-02,20060102,2006,Q1,1,Jan,2006-01,1,Mon
2006-01-03,20060103,2006,Q1,1,Jan,2006-01,1,Tue
2006-01-04,20060104,2006,Q1,1,Jan,2006-01,1,Wed
2006-01-05,20060105,2006,Q1,1,Jan,2006-01,1,Thu
2006-01-06,20060106,2006,Q1,1,Jan,2006-01,1,Fri
2006-01-07,20060107,2006,Q1,1,Jan,2006-01,1,Sat
2006-01-08,20060108,2006,Q1,1,Jan,2006-01,1,Sun
2006-01-09,20060109,2006,Q1,1,Jan,2006-01,2,Mon
2006-01-10,20060110,2006,Q1,1,Jan,2006-01,2,Tue
2006-01-11,20060111,2006,Q1,1,Jan,2006-01,2,Wed
2006-01-12,20060112,2006,Q1,1,Jan,2006-01,2,Thu
2006-01-13,20060113,2006,Q1,1,Jan,2006-01,2,Fri
2006-01-14,20060114,2006,Q1,1,Jan,2006-01,2,Sat
2006-01-15,20060115,2006,Q1,1,Jan,2006-01,2,Sun
2006-01-16,20060116,2006,Q1,1,Jan,2006-01,3,Mon
2006-01-17,20060117,2006,Q1,1,Jan,2006-01,3,Tue
2006-01-18,20060118,2006,Q1,1,Jan,2006-01,3,Wed
2006-01-19,20060119,2006,Q1,1,Jan,2006-01,3,Thu
2006-01-20,20060120,2006,Q1,1,Jan,2006-01,3,Fri
2006-01-21,20060121,2006,Q1,1,Jan,2006-01,3,Sat
2006-01-22,20060122,2006,Q1,1,Jan,2006-01,3,Sun
2006-01-23,20060123,2006,Q1,1,Jan,2006-01,4,Mon
2006-01-24,20060124,2006,Q1,1,Jan,2006-01,4,Tue
2006-01-25,20060125,2006,Q1,1,Jan,2006-01,4,Wed
2006-01-26,20060126,2006,Q1,1,Jan,2006-01,4,Thu
2006-01-27,20060127,2006,Q1,1,Jan,2006-01,4,Fri
2006-01-28,20060128,2006,Q1,1,Jan,2006-01,4,Sat
2006-01-29,20060129,2006,Q1,1,Jan,2006-01,4,Sun
2006-01-30,20060130,2006,Q1,1,Jan,2006-01,5,Mon
2006-01-31,20060131,2006,Q1,1,Jan,2006-01,5,Tue
2006-02-01,20060201,2006,Q1,2,Feb,2006-02,5,Wed
2006-02-02,20060202,2006,Q1,2,Feb,2006-02,5,Thu
2006-02-03,20060203,2006,Q1,2,Feb,2006-02,5,Fri
2006-02-04,20060204,2006,Q1,2,Feb,2006-02,5,Sat
2006-02-05,20060205,2006,Q1,2,Feb,2006-02,5,Sun
2006-02-06,20060206,2006,Q1,2,Feb,2006-02,6,Mon
2006-02-07,20060207,2006,Q1,2,Feb,2006-02,6,Tue
2006-02-08,20060208,2006,Q1,2,Feb,2006-02,6,Wed
2006-02-09,20060209,2006,Q1,2,Feb,2006-02,6,Thu
2006-02-10,20060210,2006,Q1,2,Feb,2006-02,6,Fri
2006-02-11,20060211,2006,Q1,2,Feb,2006-02,6,Sat
2006-02-12,20060212,2006,Q1,2,Feb,2006-02,6,Sun
2006-02-13,20060213,2006,Q1,2,Feb,2006-02,7,Mon
2006-02-14,20060214,2006,Q1,2,Feb,2006-02,7,Tue
2006-02-15,20060215,2006,Q1,2,Feb,2006-02,7,Wed
2006-02-16,20060216,2006,Q1,2,Feb,2006-02,7,Thu
2006-02-17,20060217,2006,Q1,2,Feb,2006-02,7,Fri
2006-02-18,20060218,2006,Q1,2,Feb,2006-02,7,Sat
2006-02-19,20060219,2006,Q1,2,Feb,2006-02,7,Sun
2006-02-20,20060220,2006,Q1,2,Feb,2006-02,8,Mon
2006-02-21,20060221,2006,Q1,2,Feb,2006-02,8,Tue
2006-02-22,20060222,2006,Q1,2,Feb,2006-02,8,Wed
2006-02-23,20060223,2006,Q1,2,Feb,2006-02,8,Thu
2006-02-24,20060224,2006,Q1,2,Feb,2006-02,8,Fri
2006-02-25,20060225,2006,Q1,2,Feb,2006-02,8,Sat
2006-02-26,20060226,2006,Q1,2,Feb,2006-02,8,Sun
2006-02-27,20060227,2006,Q1,2,Feb,2006-02,9,Mon
2006-02-28,20060228,2006,Q1,2,Feb,2006-02,9,Tue
2006-03-01,20060301,2006,Q1,3,Mar,2006-03,9,Wed
2006-03-02,20060302,2006,Q1,3,Mar,2006-03,9,Thu
2006-03-03,20060303,2006,Q1,3,Mar,2006-03,9,Fri
2006-03-04,20060304,2006,Q1,3,Mar,2006-03,9,Sat
2006-03-05,20060305,2006,Q1,3,Mar,2006-03,9,Sun
2006-03-06,20060306,2006,Q1,3,Mar,2006-03,10,Mon
2006-03-07,20060307,2006,Q1,3,Mar,2006-03,10,Tue
2006-03-08,20060308,2006,Q1,3,Mar,2006-03,10,Wed
2006-03-09,20060309,2006,Q1,3,Mar,2006-03,10,Thu
2006-03-10,20060310,2006,Q1,3,Mar,2006-03,10,Fri
2006-03-11,20060311,2006,Q1,3,Mar,2006-03,10,Sat
2006-03-12,20060312,2006,Q1,3,Mar,2006-03,10,Sun
2006-03-13,20060313,2006,Q1,3,Mar,2006-03,11,Mon
2006-03-14,20060314,2006,Q1,3,Mar,2006-03,11,Tue
2006-03-15,20060315,2006,Q1,3,Mar,2006-03,11,Wed
2006-03-16,20060316,2006,Q1,3,Mar,2006-03,11,Thu
2006-03-17,20060317,2006,Q1,3,Mar,2006-03,11,Fri
2006-03-18,20060318,2006,Q1,3,Mar,2006-03,11,Sat
2006-03-19,20060319,2006,Q1,3,Mar,2006-03,11,Sun
2006-03-20,20060320,2006,Q1,3,Mar,2006-03,12,Mon
2006-03-21,20060321,2006,Q1,3,Mar,2006-03,12,Tue
2006-03-22,20060322,2006,Q1,3,Mar,2006-03,12,Wed
2006-03-23,20060323,2006,Q1,3,Mar,2006-03,12,Thu
2006-03-24,20060324,2006,Q1,3,Mar,2006-03,12,Fri
2006-03-25,20060325,2006,Q1,3,Mar,2006-03,12,Sat
2006-03-26,20060326,2006,Q1,3,Mar,2006-03,12,Sun
2006-03-27,20060327,2006,Q1,3,Mar,2006-03,13,Mon
2006-03-28,20060328,2006,Q1,3,Mar,2006-03,13,Tue
2006-03-29,20060329,2006,Q1,3,Mar,2006-03,13,Wed
2006-03-30,20060330,2006,Q1,3,Mar,2006-03,13,Thu
2006-03-31,20060331,2006,Q1,3,Mar,2006-03,13,Fri
2006-04-01,20060401,2006,Q2,4,Apr,2006-04,13,Sat
2006-04-02,20060402,2006,Q2,4,Apr,2006-04,13,Sun
2006-04-03,20060403,2006,Q2,4,Apr,2006-04,14,Mon
2006-04-04,20060404,2006,Q2,4,Apr,2006-04,14,Tue
2006-04-05,20060405,2006,Q2,4,Apr,2006-04,14,Wed
2006-04-06,20060406,2006,Q2,4,Apr,2006-04,14,Thu
2006-04-07,20060407,2006,Q2,4,Apr,2006-04,14,Fri
2006-04-08,20060408,2006,Q2,4,Apr,2006-04,14,Sat
2006-04-09,20060409,2006,Q2,4,Apr,2006-04,14,Sun
2006-04-10,20060410,2006,Q2,4,Apr,2006-04,15,Mon
2006-04-11,20060411,2006,Q2,4,Apr,2006-04,15,Tue
2006-04-12,20060412,2006,Q2,4,Apr,2006-04,15,Wed
2006-04-13,20060413,2006,Q2,4,Apr,2006-04,15,Thu
2006-04-14,20060414,2006,Q2,4,Apr,2006-04,15,Fri
2006-04-15,20060415,2006,Q2,4,Apr,2006-04,15,Sat
2006-04-16,20060416,2006,Q2,4,Apr,2006-04,15,Sun
2006-04-17,20060417,2006,Q2,4,Apr,2006-04,16,Mon
2006-04-18,20060418,2006,Q2,4,Apr,2006-04,16,Tue
2006-04-19,20060419,2006,Q2,4,Apr,2006-04,16,Wed
2006-04-20,20060420,2006,Q2,4,Apr,2006-04,16,Thu
2006-04-21,20060421,2006,Q2,4,Apr,2006-04,16,Fri
2006-04-22,20060422,2006,Q2,4,Apr,2006-04,16,Sat
2006-04-23,20060423,2006,Q2,4,Apr,2006-04,16,Sun
2006-04-24,20060424,2006,Q2,4,Apr,2006-04,17,Mon
2006-04-25,20060425,2006,Q2,4,Apr,2006-04,17,Tue
2006-04-26,20060426,2006,Q2,4,Apr,2006-04,17,Wed
2006-04-27,20060427,2006,Q2,4,Apr,2006-04,17,Thu
2006-04-28,20060428,2006,Q2,4,Apr,2006-04,17,Fri
2006-04-29,20060429,2006,Q2,4,Apr,2006-04,17,Sat
2006-04-30,20060430,2006,Q2,4,Apr,2006-04,17,Sun
2006-05-01,20060501,2006,Q2,5,May,2006-05,18,Mon
2006-05-02,20060502,2006,Q2,5,May,2006-05,18,Tue
2006-05-03,20060503,2006,Q2,5,May,2006-05,18,Wed
2006-05-04,20060504,2006,Q2,5,May,2006-05,18,Thu
2006-05-05,20060505,2006,Q2,5,May,2006-05,18,Fri
2006-05-06,20060506,2006,Q2,5,May,2006-05,18,Sat
2006-05-07,20060507,2006,Q2,5,May,2006-05,18,Sun
2006-05-08,20060508,2006,Q2,5,May,2006-05,19,Mon
2006-05-09,20060509,2006,Q2,5,May,2006-05,19,Tue
2006-05-10,20060510,2006,Q2,5,May,2006-05,19,Wed
2006-05-11,20060511,2006,Q2,5,May,2006-05,19,Thu
2006-05-12,20060512,2006,Q2,5,May,2006-05,19,Fri
2006-05-13,20060513,2006,Q2,5,May,2006-05,19,Sat
2006-05-14,20060514,2006,Q2,5,May,2006-05,19,Sun
2006-05-15,20060515,2006,Q2,5,May,2006-05,20,Mon
2006-05-16,20060516,2006,Q2,5,May,2006-05,20,Tue
2006-05-17,20060517,2006,Q2,5,May,2006-05,20,Wed
2006-05-18,20060518,2006,Q2,5,May,2006-05,20,Thu
2006-05-19,20060519,2006,Q2,5,May,2006-05,20,Fri
2006-05-20,20060520,2006,Q2,5,May,2006-05,20,Sat
2006-05-21,20060521,2006,Q2,5,May,2006-05,20,Sun
2006-05-22,20060522,2006,Q2,5,May,2006-05,21,Mon
2006-05-23,20060523,2006,Q2,5,May,2006-05,21,Tue
2006-05-24,20060524,2006,Q2,5,May,2006-05,21,Wed
2006-05-25,20060525,2006,Q2,5,May,2006-05,21,Thu
2006-05-26,20060526,2006,Q2,5,May,2006-05,21,Fri
2006-05-27,20060527,2006,Q2,5,May,2006-05,21,Sat
2006-05-28,20060528,2006,Q2,5,May,2006-05,21,Sun
2006-05-29,20060529,2006,Q2,5,May,2006-05,22,Mon
2006-05-30,20060530,2006,Q2,5,May,2006-05,22,Tue
2006-05-31,20060531,2006,Q2,5,May,2006-05,22,Wed
2006-06-01,20060601,2006,Q2,6,Jun,2006-06,22,Thu
2006-06-02,20060602,2006,Q2,6,Jun,2006-06,22,Fri
2006-06-03,20060603,2006,Q2,6,Jun,2006-06,22,Sat
2006-06-04,20060604,2006,Q2,6,Jun,2006-06,22,Sun
2006-06-05,20060605,2006,Q2,6,Jun,2006-06,23,Mon
2006-06-06,20060606,2006,Q2,6,Jun,2006-06,23,Tue
2006-06-07,20060607,2006,Q2,6,Jun,2006-06,23,Wed
2006-06-08,20060608,2006,Q2,6,Jun,2006-06,23,Thu
2006-06-09,20060609,2006,Q2,6,Jun,2006-06,23,Fri
2006-06-10,20060610,2006,Q2,6,Jun,2006-06,23,Sat
2006-06-11,20060611,2006,Q2,6,Jun,2006-06,23,Sun
2006-06-12,20060612,2006,Q2,6,Jun,2006-06,24,Mon
2006-06-13,20060613,2006,Q2,6,Jun,2006-06,24,Tue
2006-06-14,20060614,2006,Q2,6,Jun,2006-06,24,Wed
2006-06-15,20060615,2006,Q2,6,Jun,2006-06,24,Thu
2006-06-16,20060616,2006,Q2,6,Jun,2006-06,24,Fri
2006-06-17,20060617,2006,Q2,6,Jun,2006-06,24,Sat
2006-06-18,20060618,2006,Q2,6,Jun,2006-06,24,Sun
2006-06-19,20060619,2006,Q2,6,Jun,2006-06,25,Mon
2006-06-20,20060620,2006,Q2,6,Jun,2006-06,25,Tue
2006-06-21,20060621,2006,Q2,6,Jun,2006-06,25,Wed
2006-06-22,20060622,2006,Q2,6,Jun,2006-06,25,Thu
2006-06-23,20060623,2006,Q2,6,Jun,2006-06,25,Fri
2006-06-24,20060624,2006,Q2,6,Jun,2006-06,25,Sat
2006-06-25,20060625,2006,Q2,6,Jun,2006-06,25,Sun
2006-06-26,20060626,2006,Q2,6,Jun,2006-06,26,Mon
2006-06-27,20060627,2006,Q2,6,Jun,2006-06,26,Tue
2006-06-28,20060628,2006,Q2,6,Jun,2006-06,26,Wed
2006-06-29,20060629,2006,Q2,6,Jun,2006-06,26,Thu
2006-06-30,20060630,2006,Q2,6,Jun,2006-06,26,Fri
2006-07-01,20060701,2006,Q3,7,Jul,2006-07,26,Sat
2006-07-02,20060702,2006,Q3,7,Jul,2006-07,26,Sun
2006-07-03,20060703,2006,Q3,7,Jul,2006-07,27,Mon
2006-07-04,20060704,2006,Q3,7,Jul,2006-07,27,Tue
2006-07-05,20060705,2006,Q3,7,Jul,2006-07,27,Wed
2006-07-06,20060706,2006,Q3,7,Jul,2006-07,27,Thu
2006-07-07,20060707,2006,Q3,7,Jul,2006-07,27,Fri
2006-07-08,20060708,2006,Q3,7,Jul,2006-07,27,Sat
2006-07-09,20060709,2006,Q3,7,Jul,2006-07,27,Sun
2006-07-10,20060710,2006,Q3,7,Jul,2006-07,28,Mon
2006-07-11,20060711,2006,Q3,7,Jul,2006-07,28,Tue
2006-07-12,20060712,2006,Q3,7,Jul,2006-07,28,Wed
2006-07-13,20060713,2006,Q3,7,Jul,2006-07,28,Thu
2006-07-14,20060714,2006,Q3,7,Jul,2006-07,28,Fri
2006-07-15,20060715,2006,Q3,7,Jul,2006-07,28,Sat
2006-07-16,20060716,2006,Q3,7,Jul,2006-07,28,Sun
2006-07-17,20060717,2006,Q3,7,Jul,2006-07,29,Mon
2006-07-18,20060718,2006,Q3,7,Jul,2006-07,29,Tue
2006-07-19,20060719,2006,Q3,7,Jul,2006-07,29,Wed
2006-07-20,20060720,2006,Q3,7,Jul,2006-07,29,Thu
2006-07-21,20060721,2006,Q3,7,Jul,2006-07,29,Fri
2006-07-22,20060722,2006,Q3,7,Jul,2006-07,29,Sat
2006-07-23,20060723,2006,Q3,7,Jul,2006-07,29,Sun
2006-07-24,20060724,2006,Q3,7,Jul,2006-07,30,Mon
2006-07-25,20060725,2006,Q3,7,Jul,2006-07,30,Tue
2006-07-26,20060726,2006,Q3,7,Jul,2006-07,30,Wed
2006-07-27,20060727,2006,Q3,7,Jul,2006-07,30,Thu
2006-07-28,20060728,2006,Q3,7,Jul,2006-07,30,Fri
2006-07-29,20060729,2006,Q3,7,Jul,2006-07,30,Sat
2006-07-30,20060730,2006,Q3,7,Jul,2006-07,30,Sun
2006-07-31,20060731,2006,Q3,7,Jul,2006-07,31,Mon
2006-08-01,20060801,2006,Q3,8,Aug,2006-08,31,Tue
2006-08-02,20060802,2006,Q3,8,Aug,2006-08,31,Wed
2006-08-03,20060803,2006,Q3,8,Aug,2006-08,31,Thu
2006-08-04,20060804,2006,Q3,8,Aug,2006-08,31,Fri
2006-08-05,20060805,2006,Q3,8,Aug,2006-08,31,Sat
2006-08-06,20060806,2006,Q3,8,Aug,2006-08,31,Sun
2006-08-07,20060807,2006,Q3,8,Aug,2006-08,32,Mon
2006-08-08,20060808,2006,Q3,8,Aug,2006-08,32,Tue
2006-08-09,20060809,2006,Q3,8,Aug,2006-08,32,Wed
2006-08-10,20060810,2006,Q3,8,Aug,2006-08,32,Thu
2006-08-11,20060811,2006,Q3,8,Aug,2006-08,32,Fri
2006-08-12,20060812,2006,Q3,8,Aug,2006-08,32,Sat
2006-08-13,20060813,2006,Q3,8,Aug,2006-08,32,Sun
2006-08-14,20060814,2006,Q3,8,Aug,2006-08,33,Mon
2006-08-15,20060815,2006,Q3,8,Aug,2006-08,33,Tue
2006-08-16,20060816,2006,Q3,8,Aug,2006-08,33,Wed
2006-08-17,20060817,2006,Q3,8,Aug,2006-08,33,Thu
2006-08-18,20060818,2006,Q3,8,Aug,2006-08,33,Fri
2006-08-19,20060819,2006,Q3,8,Aug,2006-08,33,Sat
2006-08-20,20060820,2006,Q3,8,Aug,2006-08,33,Sun
2006-08-21,20060821,2006,Q3,8,Aug,2006-08,34,Mon
2006-08-22,20060822,2006,Q3,8,Aug,2006-08,34,Tue
2006-08-23,20060823,2006,Q3,8,Aug,2006-08,34,Wed
2006-08-24,20060824,2006,Q3,8,Aug,2006-08,34,Thu
2006-08-25,20060825,2006,Q3,8,Aug,2006-08,34,Fri
2006-08-26,20060826,2006,Q3,8,Aug,2006-08,34,Sat
2006-08-27,20060827,2006,Q3,8,Aug,2006-08,34,Sun
2006-08-28,20060828,2006,Q3,8,Aug,2006-08,35,Mon
2006-08-29,20060829,2006,Q3,8,Aug,2006-08,35,Tue
2006-08-30,20060830,2006,Q3,8,Aug,2006-08,35,Wed
2006-08-31,20060831,2006,Q3,8,Aug,2006-08,35,Thu
2006-09-01,20060901,2006,Q3,9,Sep,2006-09,35,Fri
2006-09-02,20060902,2006,Q3,9,Sep,2006-09,35,Sat
2006-09-03,20060903,2006,Q3,9,Sep,2006-09,35,Sun
2006-09-04,20060904,2006,Q3,9,Sep,2006-09,36,Mon
2006-09-05,20060905,2006,Q3,9,Sep,2006-09,36,Tue
2006-09-06,20060906,2006,Q3,9,Sep,2006-09,36,Wed
2006-09-07,20060907,2006,Q3,9,Sep,2006-09,36,Thu
2006-09-08,20060908,2006,Q3,9,Sep,2006-09,36,Fri
2006-09-09,20060909,2006,Q3,9,Sep,2006-09,36,Sat
2006-09-10,20060910,2006,Q3,9,Sep,2006-09,36,Sun
2006-09-11,20060911,2006,Q3,9,Sep,2006-09,37,Mon
2006-09-12,20060912,2006,Q3,9,Sep,2006-09,37,Tue
2006-09-13,20060913,2006,Q3,9,Sep,2006-09,37,Wed
2006-09-14,20060914,2006,Q3,9,Sep,2006-09,37,Thu
2006-09-15,20060915,2006,Q3,9,Sep,2006-09,37,Fri
2006-09-16,20060916,2006,Q3,9,Sep,2006-09,37,Sat
2006-09-17,20060917,2006,Q3,9,Sep,2006-09,37,Sun
2006-09-18,20060918,2006,Q3,9,Sep,2006-09,38,Mon
2006-09-19,20060919,2006,Q3,9,Sep,2006-09,38,Tue
2006-09-20,20060920,2006,Q3,9,Sep,2006-09,38,Wed
2006-09-21,20060921,2006,Q3,9,Sep,2006-09,38,Thu
2006-09-22,20060922,2006,Q3,9,Sep,2006-09,38,Fri
2006-09-23,20060923,2006,Q3,9,Sep,2006-09,38,Sat
2006-09-24,20060924,2006,Q3,9,Sep,2006-09,38,Sun
2006-09-25,20060925,2006,Q3,9,Sep,2006-09,39,Mon
2006-09-26,20060926,2006,Q3,9,Sep,2006-09,39,Tue
2006-09-27,20060927,2006,Q3,9,Sep,2006-09,39,Wed
2006-09-28,20060928,2006,Q3,9,Sep,2006-09,39,Thu
2006-09-29,20060929,2006,Q3,9,Sep,2006-09,39,Fri
2006-09-30,20060930,2006,Q3,9,Sep,2006-09,39,Sat
2006-10-01,20061001,2006,Q4,10,Oct,2006-10,39,Sun
2006-10-02,20061002,2006,Q4,10,Oct,2006-10,40,Mon
2006-10-03,20061003,2006,Q4,10,Oct,2006-10,40,Tue
2006-10-04,20061004,2006,Q4,10,Oct,2006-10,40,Wed
2006-10-05,20061005,2006,Q4,10,Oct,2006-10,40,Thu
2006-10-06,20061006,2006,Q4,10,Oct,2006-10,40,Fri
2006-10-07,20061007,2006,Q4,10,Oct,2006-10,40,Sat
2006-10-08,20061008,2006,Q4,10,Oct,2006-10,40,Sun
2006-10-09,20061009,2006,Q4,10,Oct,2006-10,41,Mon
2006-10-10,20061010,2006,Q4,10,Oct,2006-10,41,Tue
2006-10-11,20061011,2006,Q4,10,Oct,2006-10,41,Wed
2006-10-12,20061012,2006,Q4,10,Oct,2006-10,41,Thu
2006-10-13,20061013,2006,Q4,10,Oct,2006-10,41,Fri
2006-10-14,20061014,2006,Q4,10,Oct,2006-10,41,Sat
2006-10-15,20061015,2006,Q4,10,Oct,2006-10,41,Sun
2006-10-16,20061016,2006,Q4,10,Oct,2006-10,42,Mon
2006-10-17,20061017,2006,Q4,10,Oct,2006-10,42,Tue
2006-10-18,20061018,2006,Q4,10,Oct,2006-10,42,Wed
2006-10-19,20061019,2006,Q4,10,Oct,2006-10,42,Thu
2006-10-20,20061020,2006,Q4,10,Oct,2006-10,42,Fri
2006-10-21,20061021,2006,Q4,10,Oct,2006-10,42,Sat
2006-10-22,20061022,2006,Q4,10,Oct,2006-10,42,Sun
2006-10-23,20061023,2006,Q4,10,Oct,2006-10,43,Mon
2006-10-24,20061024,2006,Q4,10,Oct,2006-10,43,Tue
2006-10-25,20061025,2006,Q4,10,Oct,2006-10,43,Wed
2006-10-26,20061026,2006,Q4,10,Oct,2006-10,43,Thu
2006-10-27,20061027,2006,Q4,10,Oct,2006-10,43,Fri
2006-10-28,20061028,2006,Q4,10,Oct,2006-10,43,Sat
2006-10-29,20061029,2006,Q4,10,Oct,2006-10,43,Sun
2006-10-30,20061030,2006,Q4,10,Oct,2006-10,44,Mon
2006-10-31,20061031,2006,Q4,10,Oct,2006-10,44,Tue
2006-11-01,20061101,2006,Q4,11,Nov,2006-11,44,Wed
2006-11-02,20061102,2006,Q4,11,Nov,2006-11,44,Thu
2006-11-03,20061103,2006,Q4,11,Nov,2006-11,44,Fri
2006-11-04,20061104,2006,Q4,11,Nov,2006-11,44,Sat
2006-11-05,20061105,2006,Q4,11,Nov,2006-11,44,Sun
2006-11-06,20061106,2006,Q4,11,Nov,2006-11,45,Mon
2006-11-07,20061107,2006,Q4,11,Nov,2006-11,45,Tue
2006-11-08,20061108,2006,Q4,11,Nov,2006-11,45,Wed
2006-11-09,20061109,2006,Q4,11,Nov,2006-11,45,Thu
2006-11-10,20061110,2006,Q4,11,Nov,2006-11,45,Fri
2006-11-11,20061111,2006,Q4,11,Nov,2006-11,45,Sat
2006-11-12,20061112,2006,Q4,11,Nov,2006-11,45,Sun
2006-11-13,20061113,2006,Q4,11,Nov,2006-11,46,Mon
2006-11-14,20061114,2006,Q4,11,Nov,2006-11,46,Tue
2006-11-15,20061115,2006,Q4,11,Nov,2006-11,46,Wed
2006-11-16,20061116,2006,Q4,11,Nov,2006-11,46,Thu
2006-11-17,20061117,2006,Q4,11,Nov,2006-11,46,Fri
2006-11-18,20061118,2006,Q4,11,Nov,2006-11,46,Sat
2006-11-19,20061119,2006,Q4,11,Nov,2006-11,46,Sun
2006-11-20,20061120,2006,Q4,11,Nov,2006-11,47,Mon
2006-11-21,20061121,2006,Q4,11,Nov,2006-11,47,Tue
2006-11-22,20061122,2006,Q4,11,Nov,2006-11,47,Wed
2006-11-23,20061123,2006,Q4,11,Nov,2006-11,47,Thu
2006-11-24,20061124,2006,Q4,11,Nov,2006-11,47,Fri
2006-11-25,20061125,2006,Q4,11,Nov,2006-11,47,Sat
2006-11-26,20061126,2006,Q4,11,Nov,2006-11,47,Sun
2006-11-27,20061127,2006,Q4,11,Nov,2006-11,48,Mon
2006-11-28,20061128,2006,Q4,11,Nov,2006-11,48,Tue
2006-11-29,20061129,2006,Q4,11,Nov,2006-11,48,Wed
2006-11-30,20061130,2006,Q4,11,Nov,2006-11,48,Thu
2006-12-01,20061201,2006,Q4,12,Dec,2006-12,48,Fri
2006-12-02,20061202,2006,Q4,12,Dec,2006-12,48,Sat
2006-12-03,20061203,2006,Q4,12,Dec,2006-12,48,Sun
2006-12-04,20061204,2006,Q4,12,Dec,2006-12,49,Mon
2006-12-05,20061205,2006,Q4,12,Dec,2006-12,49,Tue
2006-12-06,20061206,2006,Q4,12,Dec,2006-12,49,Wed
2006-12-07,20061207,2006,Q4,12,Dec,2006-12,49,Thu
2006-12-08,20061208,2006,Q4,12,Dec,2006-12,49,Fri
2006-12-09,20061209,2006,Q4,12,Dec,2006-12,49,Sat
2006-12-10,20061210,2006,Q4,12,Dec,2006-12,49,Sun
2006-12-11,20061211,2006,Q4,12,Dec,2006-12,50,Mon
2006-12-12,20061212,2006,Q4,12,Dec,2006-12,50,Tue
2006-12-13,20061213,2006,Q4,12,Dec,2006-12,50,Wed
2006-12-14,20061214,2006,Q4,12,Dec,2006-12,50,Thu
2006-12-15,20061215,2006,Q4,12,Dec,2006-12,50,Fri
2006-12-16,20061216,2006,Q4,12,Dec,2006-12,50,Sat
2006-12-17,20061217,2006,Q4,12,Dec,2006-12,50,Sun
2006-12-18,20061218,2006,Q4,12,Dec,2006-12,51,Mon
2006-12-19,20061219,2006,Q4,12,Dec,2006-12,51,Tue
2006-12-20,20061220,2006,Q4,12,Dec,2006-12,51,Wed
2006-12-21,20061221,2006,Q4,12,Dec,2006-12,51,Thu
2006-12-22,20061222,2006,Q4,12,Dec,2006-12,51,Fri
2006-12-23,20061223,2006,Q4,12,Dec,2006-12,51,Sat
2006-12-24,20061224,2006,Q4,12,Dec,2006-12,51,Sun
2006-12-25,20061225,2006,Q4,12,Dec,2006-12,52,Mon
2006-12-26,20061226,2006,Q4,12,Dec,2006-12,52,Tue
2006-12-27,20061227,2006,Q4,12,Dec,2006-12,52,Wed
2006-12-28,20061228,2006,Q4,12,Dec,2006-12,52,Thu
2006-12-29,20061229,2006,Q4,12,Dec,2006-12,52,Fri
2006-12-30,20061230,2006,Q4,12,Dec,2006-12,52,Sat
2006-12-31,20061231,2006,Q4,12,Dec,2006-12,52,Sun
2007-01-01,20070101,2007,Q1,1,Jan,2007-01,1,Mon
2007-01-02,20070102,2007,Q1,1,Jan,2007-01,1,Tue
2007-01-03,20070103,2007,Q1,1,Jan,2007-01,1,Wed
2007-01-04,20070104,2007,Q1,1,Jan,2007-01,1,Thu
2007-01-05,20070105,2007,Q1,1,Jan,2007-01,1,Fri
2007-01-06,20070106,2007,Q1,1,Jan,2007-01,1,Sat
2007-01-07,20070107,2007,Q1,1,Jan,2007-01,1,Sun
2007-01-08,20070108,2007,Q1,1,Jan,2007-01,2,Mon
2007-01-09,20070109,2007,Q1,1,Jan,2007-01,2,Tue
2007-01-10,20070110,2007,Q1,1,Jan,2007-01,2,Wed
2007-01-11,20070111,2007,Q1,1,Jan,2007-01,2,Thu
2007-01-12,20070112,2007,Q1,1,Jan,2007-01,2,Fri
2007-01-13,20070113,2007,Q1,1,Jan,2007-01,2,Sat
2007-01-14,20070114,2007,Q1,1,Jan,2007-01,2,Sun
2007-01-15,20070115,2007,Q1,1,Jan,2007-01,3,Mon
2007-01-16,20070116,2007,Q1,1,Jan,2007-01,3,Tue
2007-01-17,20070117,2007,Q1,1,Jan,2007-01,3,Wed
2007-01-18,20070118,2007,Q1,1,Jan,2007-01,3,Thu
2007-01-19,20070119,2007,Q1,1,Jan,2007-01,3,Fri
2007-01-20,20070120,2007,Q1,1,Jan,2007-01,3,Sat
2007-01-21,20070121,2007,Q1,1,Jan,2007-01,3,Sun
2007-01-22,20070122,2007,Q1,1,Jan,2007-01,4,Mon
2007-01-23,20070123,2007,Q1,1,Jan,2007-01,4,Tue
2007-01-24,20070124,2007,Q1,1,Jan,2007-01,4,Wed
2007-01-25,20070125,2007,Q1,1,Jan,2007-01,4,Thu
2007-01-26,20070126,2007,Q1,1,Jan,2007-01,4,Fri
2007-01-27,20070127,2007,Q1,1,Jan,2007-01,4,Sat
2007-01-28,20070128,2007,Q1,1,Jan,2007-01,4,Sun
2007-01-29,20070129,2007,Q1,1,Jan,2007-01,5,Mon
2007-01-30,20070130,2007,Q1,1,Jan,2007-01,5,Tue
2007-01-31,20070131,2007,Q1,1,Jan,2007-01,5,Wed
2007-02-01,20070201,2007,Q1,2,Feb,2007-02,5,Thu
2007-02-02,20070202,2007,Q1,2,Feb,2007-02,5,Fri
2007-02-03,20070203,2007,Q1,2,Feb,2007-02,5,Sat
2007-02-04,20070204,2007,Q1,2,Feb,2007-02,5,Sun
2007-02-05,20070205,2007,Q1,2,Feb,2007-02,6,Mon
2007-02-06,20070206,2007,Q1,2,Feb,2007-02,6,Tue
2007-02-07,20070207,2007,Q1,2,Feb,2007-02,6,Wed
2007-02-08,20070208,2007,Q1,2,Feb,2007-02,6,Thu
2007-02-09,20070209,2007,Q1,2,Feb,2007-02,6,Fri
2007-02-10,20070210,2007,Q1,2,Feb,2007-02,6,Sat
2007-02-11,20070211,2007,Q1,2,Feb,2007-02,6,Sun
2007-02-12,20070212,2007,Q1,2,Feb,2007-02,7,Mon
2007-02-13,20070213,2007,Q1,2,Feb,2007-02,7,Tue
2007-02-14,20070214,2007,Q1,2,Feb,2007-02,7,Wed
2007-02-15,20070215,2007,Q1,2,Feb,2007-02,7,Thu
2007-02-16,20070216,2007,Q1,2,Feb,2007-02,7,Fri
2007-02-17,20070217,2007,Q1,2,Feb,2007-02,7,Sat
2007-02-18,20070218,2007,Q1,2,Feb,2007-02,7,Sun
2007-02-19,20070219,2007,Q1,2,Feb,2007-02,8,Mon
2007-02-20,20070220,2007,Q1,2,Feb,2007-02,8,Tue
2007-02-21,20070221,2007,Q1,2,Feb,2007-02,8,Wed
2007-02-22,20070222,2007,Q1,2,Feb,2007-02,8,Thu
2007-02-23,20070223,2007,Q1,2,Feb,2007-02,8,Fri
2007-02-24,20070224,2007,Q1,2,Feb,2007-02,8,Sat
2007-02-25,20070225,2007,Q1,2,Feb,2007-02,8,Sun
2007-02-26,20070226,2007,Q1,2,Feb,2007-02,9,Mon
2007-02-27,20070227,2007,Q1,2,Feb,2007-02,9,Tue
2007-02-28,20070228,2007,Q1,2,Feb,2007-02,9,Wed
2007-03-01,20070301,2007,Q1,3,Mar,2007-03,9,Thu
2007-03-02,20070302,2007,Q1,3,Mar,2007-03,9,Fri
2007-03-03,20070303,2007,Q1,3,Mar,2007-03,9,Sat
2007-03-04,20070304,2007,Q1,3,Mar,2007-03,9,Sun
2007-03-05,20070305,2007,Q1,3,Mar,2007-03,10,Mon
2007-03-06,20070306,2007,Q1,3,Mar,2007-03,10,Tue
2007-03-07,20070307,2007,Q1,3,Mar,2007-03,10,Wed
2007-03-08,20070308,2007,Q1,3,Mar,2007-03,10,Thu
2007-03-09,20070309,2007,Q1,3,Mar,2007-03,10,Fri
2007-03-10,20070310,2007,Q1,3,Mar,2007-03,10,Sat
2007-03-11,20070311,2007,Q1,3,Mar,2007-03,10,Sun
2007-03-12,20070312,2007,Q1,3,Mar,2007-03,11,Mon
2007-03-13,20070313,2007,Q1,3,Mar,2007-03,11,Tue
2007-03-14,20070314,2007,Q1,3,Mar,2007-03,11,Wed
2007-03-15,20070315,2007,Q1,3,Mar,2007-03,11,Thu
2007-03-16,20070316,2007,Q1,3,Mar,2007-03,11,Fri
2007-03-17,20070317,2007,Q1,3,Mar,2007-03,11,Sat
2007-03-18,20070318,2007,Q1,3,Mar,2007-03,11,Sun
2007-03-19,20070319,2007,Q1,3,Mar,2007-03,12,Mon
2007-03-20,20070320,2007,Q1,3,Mar,2007-03,12,Tue
2007-03-21,20070321,2007,Q1,3,Mar,2007-03,12,Wed
2007-03-22,20070322,2007,Q1,3,Mar,2007-03,12,Thu
2007-03-23,20070323,2007,Q1,3,Mar,2007-03,12,Fri
2007-03-24,20070324,2007,Q1,3,Mar,2007-03,12,Sat
2007-03-25,20070325,2007,Q1,3,Mar,2007-03,12,Sun
2007-03-26,20070326,2007,Q1,3,Mar,2007-03,13,Mon
2007-03-27,20070327,2007,Q1,3,Mar,2007-03,13,Tue
2007-03-28,20070328,2007,Q1,3,Mar,2007-03,13,Wed
2007-03-29,20070329,2007,Q1,3,Mar,2007-03,13,Thu
2007-03-30,20070330,2007,Q1,3,Mar,2007-03,13,Fri
2007-03-31,20070331,2007,Q1,3,Mar,2007-03,13,Sat
2007-04-01,20070401,2007,Q2,4,Apr,2007-04,13,Sun
2007-04-02,20070402,2007,Q2,4,Apr,2007-04,14,Mon
2007-04-03,20070403,2007,Q2,4,Apr,2007-04,14,Tue
2007-04-04,20070404,2007,Q2,4,Apr,2007-04,14,Wed
2007-04-05,20070405,2007,Q2,4,Apr,2007-04,14,Thu
2007-04-06,20070406,2007,Q2,4,Apr,2007-04,14,Fri
2007-04-07,20070407,2007,Q2,4,Apr,2007-04,14,Sat
2007-04-08,20070408,2007,Q2,4,Apr,2007-04,14,Sun
2007-04-09,20070409,2007,Q2,4,Apr,2007-04,15,Mon
2007-04-10,20070410,2007,Q2,4,Apr,2007-04,15,Tue
2007-04-11,20070411,2007,Q2,4,Apr,2007-04,15,Wed
2007-04-12,20070412,2007,Q2,4,Apr,2007-04,15,Thu
2007-04-13,20070413,2007,Q2,4,Apr,2007-04,15,Fri
2007-04-14,20070414,2007,Q2,4,Apr,2007-04,15,Sat
2007-04-15,20070415,2007,Q2,4,Apr,2007-04,15,Sun
2007-04-16,20070416,2007,Q2,4,Apr,2007-04,16,Mon
2007-04-17,20070417,2007,Q2,4,Apr,2007-04,16,Tue
2007-04-18,20070418,2007,Q2,4,Apr,2007-04,16,Wed
2007-04-19,20070419,2007,Q2,4,Apr,2007-04,16,Thu
2007-04-20,20070420,2007,Q2,4,Apr,2007-04,16,Fri
2007-04-21,20070421,2007,Q2,4,Apr,2007-04,16,Sat
2007-04-22,20070422,2007,Q2,4,Apr,2007-04,16,Sun
2007-04-23,20070423,2007,Q2,4,Apr,2007-04,17,Mon
2007-04-24,20070424,2007,Q2,4,Apr,2007-04,17,Tue
2007-04-25,20070425,2007,Q2,4,Apr,2007-04,17,Wed
2007-04-26,20070426,2007,Q2,4,Apr,2007-04,17,Thu
2007-04-27,20070427,2007,Q2,4,Apr,2007-04,17,Fri
2007-04-28,20070428,2007,Q2,4,Apr,2007-04,17,Sat
2007-04-29,20070429,2007,Q2,4,Apr,2007-04,17,Sun
2007-04-30,20070430,2007,Q2,4,Apr,2007-04,18,Mon
2007-05-01,20070501,2007,Q2,5,May,2007-05,18,Tue
2007-05-02,20070502,2007,Q2,5,May,2007-05,18,Wed
2007-05-03,20070503,2007,Q2,5,May,2007-05,18,Thu
2007-05-04,20070504,2007,Q2,5,May,2007-05,18,Fri
2007-05-05,20070505,2007,Q2,5,May,2007-05,18,Sat
2007-05-06,20070506,2007,Q2,5,May,2007-05,18,Sun
2007-05-07,20070507,2007,Q2,5,May,2007-05,19,Mon
2007-05-08,20070508,2007,Q2,5,May,2007-05,19,Tue
2007-05-09,20070509,2007,Q2,5,May,2007-05,19,Wed
2007-05-10,20070510,2007,Q2,5,May,2007-05,19,Thu
2007-05-11,20070511,2007,Q2,5,May,2007-05,19,Fri
2007-05-12,20070512,2007,Q2,5,May,2007-05,19,Sat
2007-05-13,20070513,2007,Q2,5,May,2007-05,19,Sun
2007-05-14,20070514,2007,Q2,5,May,2007-05,20,Mon
2007-05-15,20070515,2007,Q2,5,May,2007-05,20,Tue
2007-05-16,20070516,2007,Q2,5,May,2007-05,20,Wed
2007-05-17,20070517,2007,Q2,5,May,2007-05,20,Thu
2007-05-18,20070518,2007,Q2,5,May,2007-05,20,Fri
2007-05-19,20070519,2007,Q2,5,May,2007-05,20,Sat
2007-05-20,20070520,2007,Q2,5,May,2007-05,20,Sun
2007-05-21,20070521,2007,Q2,5,May,2007-05,21,Mon
2007-05-22,20070522,2007,Q2,5,May,2007-05,21,Tue
2007-05-23,20070523,2007,Q2,5,May,2007-05,21,Wed
2007-05-24,20070524,2007,Q2,5,May,2007-05,21,Thu
2007-05-25,20070525,2007,Q2,5,May,2007-05,21,Fri
2007-05-26,20070526,2007,Q2,5,May,2007-05,21,Sat
2007-05-27,20070527,2007,Q2,5,May,2007-05,21,Sun
2007-05-28,20070528,2007,Q2,5,May,2007-05,22,Mon
2007-05-29,20070529,2007,Q2,5,May,2007-05,22,Tue
2007-05-30,20070530,2007,Q2,5,May,2007-05,22,Wed
2007-05-31,20070531,2007,Q2,5,May,2007-05,22,Thu
2007-06-01,20070601,2007,Q2,6,Jun,2007-06,22,Fri
2007-06-02,20070602,2007,Q2,6,Jun,2007-06,22,Sat
2007-06-03,20070603,2007,Q2,6,Jun,2007-06,22,Sun
2007-06-04,20070604,2007,Q2,6,Jun,2007-06,23,Mon
2007-06-05,20070605,2007,Q2,6,Jun,2007-06,23,Tue
2007-06-06,20070606,2007,Q2,6,Jun,2007-06,23,Wed
2007-06-07,20070607,2007,Q2,6,Jun,2007-06,23,Thu
2007-06-08,20070608,2007,Q2,6,Jun,2007-06,23,Fri
2007-06-09,20070609,2007,Q2,6,Jun,2007-06,23,Sat
2007-06-10,20070610,2007,Q2,6,Jun,2007-06,23,Sun
2007-06-11,20070611,2007,Q2,6,Jun,2007-06,24,Mon
2007-06-12,20070612,2007,Q2,6,Jun,2007-06,24,Tue
2007-06-13,20070613,2007,Q2,6,Jun,2007-06,24,Wed
2007-06-14,20070614,2007,Q2,6,Jun,2007-06,24,Thu
2007-06-15,20070615,2007,Q2,6,Jun,2007-06,24,Fri
2007-06-16,20070616,2007,Q2,6,Jun,2007-06,24,Sat
2007-06-17,20070617,2007,Q2,6,Jun,2007-06,24,Sun
2007-06-18,20070618,2007,Q2,6,Jun,2007-06,25,Mon
2007-06-19,20070619,2007,Q2,6,Jun,2007-06,25,Tue
2007-06-20,20070620,2007,Q2,6,Jun,2007-06,25,Wed
2007-06-21,20070621,2007,Q2,6,Jun,2007-06,25,Thu
2007-06-22,20070622,2007,Q2,6,Jun,2007-06,25,Fri
2007-06-23,20070623,2007,Q2,6,Jun,2007-06,25,Sat
2007-06-24,20070624,2007,Q2,6,Jun,2007-06,25,Sun
2007-06-25,20070625,2007,Q2,6,Jun,2007-06,26,Mon
2007-06-26,20070626,2007,Q2,6,Jun,2007-06,26,Tue
2007-06-27,20070627,2007,Q2,6,Jun,2007-06,26,Wed
2007-06-28,20070628,2007,Q2,6,Jun,2007-06,26,Thu
2007-06-29,20070629,2007,Q2,6,Jun,2007-06,26,Fri
2007-06-30,20070630,2007,Q2,6,Jun,2007-06,26,Sat
2007-07-01,20070701,2007,Q3,7,Jul,2007-07,26,Sun
2007-07-02,20070702,2007,Q3,7,Jul,2007-07,27,Mon
2007-07-03,20070703,2007,Q3,7,Jul,2007-07,27,Tue
2007-07-04,20070704,2007,Q3,7,Jul,2007-07,27,Wed
2007-07-05,20070705,2007,Q3,7,Jul,2007-07,27,Thu
2007-07-06,20070706,2007,Q3,7,Jul,2007-07,27,Fri
2007-07-07,20070707,2007,Q3,7,Jul,2007-07,27,Sat
2007-07-08,20070708,2007,Q3,7,Jul,2007-07,27,Sun
2007-07-09,20070709,2007,Q3,7,Jul,2007-07,28,Mon
2007-07-10,20070710,2007,Q3,7,Jul,2007-07,28,Tue
2007-07-11,20070711,2007,Q3,7,Jul,2007-07,28,Wed
2007-07-12,20070712,2007,Q3,7,Jul,2007-07,28,Thu
2007-07-13,20070713,2007,Q3,7,Jul,2007-07,28,Fri
2007-07-14,20070714,2007,Q3,7,Jul,2007-07,28,Sat
2007-07-15,20070715,2007,Q3,7,Jul,2007-07,28,Sun
2007-07-16,20070716,2007,Q3,7,Jul,2007-07,29,Mon
2007-07-17,20070717,2007,Q3,7,Jul,2007-07,29,Tue
2007-07-18,20070718,2007,Q3,7,Jul,2007-07,29,Wed
2007-07-19,20070719,2007,Q3,7,Jul,2007-07,29,Thu
2007-07-20,20070720,2007,Q3,7,Jul,2007-07,29,Fri
2007-07-21,20070721,2007,Q3,7,Jul,2007-07,29,Sat
2007-07-22,20070722,2007,Q3,7,Jul,2007-07,29,Sun
2007-07-23,20070723,2007,Q3,7,Jul,2007-07,30,Mon
2007-07-24,20070724,2007,Q3,7,Jul,2007-07,30,Tue
2007-07-25,20070725,2007,Q3,7,Jul,2007-07,30,Wed
2007-07-26,20070726,2007,Q3,7,Jul,2007-07,30,Thu
2007-07-27,20070727,2007,Q3,7,Jul,2007-07,30,Fri
2007-07-28,20070728,2007,Q3,7,Jul,2007-07,30,Sat
2007-07-29,20070729,2007,Q3,7,Jul,2007-07,30,Sun
2007-07-30,20070730,2007,Q3,7,Jul,2007-07,31,Mon
2007-07-31,20070731,2007,Q3,7,Jul,2007-07,31,Tue
2007-08-01,20070801,2007,Q3,8,Aug,2007-08,31,Wed
2007-08-02,20070802,2007,Q3,8,Aug,2007-08,31,Thu
2007-08-03,20070803,2007,Q3,8,Aug,2007-08,31,Fri
2007-08-04,20070804,2007,Q3,8,Aug,2007-08,31,Sat
2007-08-05,20070805,2007,Q3,8,Aug,2007-08,31,Sun
2007-08-06,20070806,2007,Q3,8,Aug,2007-08,32,Mon
2007-08-07,20070807,2007,Q3,8,Aug,2007-08,32,Tue
2007-08-08,20070808,2007,Q3,8,Aug,2007-08,32,Wed
2007-08-09,20070809,2007,Q3,8,Aug,2007-08,32,Thu
2007-08-10,20070810,2007,Q3,8,Aug,2007-08,32,Fri
2007-08-11,20070811,2007,Q3,8,Aug,2007-08,32,Sat
2007-08-12,20070812,2007,Q3,8,Aug,2007-08,32,Sun
2007-08-13,20070813,2007,Q3,8,Aug,2007-08,33,Mon
2007-08-14,20070814,2007,Q3,8,Aug,2007-08,33,Tue
2007-08-15,20070815,2007,Q3,8,Aug,2007-08,33,Wed
2007-08-16,20070816,2007,Q3,8,Aug,2007-08,33,Thu
2007-08-17,20070817,2007,Q3,8,Aug,2007-08,33,Fri
2007-08-18,20070818,2007,Q3,8,Aug,2007-08,33,Sat
2007-08-19,20070819,2007,Q3,8,Aug,2007-08,33,Sun
2007-08-20,20070820,2007,Q3,8,Aug,2007-08,34,Mon
2007-08-21,20070821,2007,Q3,8,Aug,2007-08,34,Tue
2007-08-22,20070822,2007,Q3,8,Aug,2007-08,34,Wed
2007-08-23,20070823,2007,Q3,8,Aug,2007-08,34,Thu
2007-08-24,20070824,2007,Q3,8,Aug,2007-08,34,Fri
2007-08-25,20070825,2007,Q3,8,Aug,2007-08,34,Sat
2007-08-26,20070826,2007,Q3,8,Aug,2007-08,34,Sun
2007-08-27,20070827,2007,Q3,8,Aug,2007-08,35,Mon
2007-08-28,20070828,2007,Q3,8,Aug,2007-08,35,Tue
2007-08-29,20070829,2007,Q3,8,Aug,2007-08,35,Wed
2007-08-30,20070830,2007,Q3,8,Aug,2007-08,35,Thu
2007-08-31,20070831,2007,Q3,8,Aug,2007-08,35,Fri
2007-09-01,20070901,2007,Q3,9,Sep,2007-09,35,Sat
2007-09-02,20070902,2007,Q3,9,Sep,2007-09,35,Sun
2007-09-03,20070903,2007,Q3,9,Sep,2007-09,36,Mon
2007-09-04,20070904,2007,Q3,9,Sep,2007-09,36,Tue
2007-09-05,20070905,2007,Q3,9,Sep,2007-09,36,Wed
2007-09-06,20070906,2007,Q3,9,Sep,2007-09,36,Thu
2007-09-07,20070907,2007,Q3,9,Sep,2007-09,36,Fri
2007-09-08,20070908,2007,Q3,9,Sep,2007-09,36,Sat
2007-09-09,20070909,2007,Q3,9,Sep,2007-09,36,Sun
2007-09-10,20070910,2007,Q3,9,Sep,2007-09,37,Mon
2007-09-11,20070911,2007,Q3,9,Sep,2007-09,37,Tue
2007-09-12,20070912,2007,Q3,9,Sep,2007-09,37,Wed
2007-09-13,20070913,2007,Q3,9,Sep,2007-09,37,Thu
2007-09-14,20070914,2007,Q3,9,Sep,2007-09,37,Fri
2007-09-15,20070915,2007,Q3,9,Sep,2007-09,37,Sat
2007-09-16,20070916,2007,Q3,9,Sep,2007-09,37,Sun
2007-09-17,20070917,2007,Q3,9,Sep,2007-09,38,Mon
2007-09-18,20070918,2007,Q3,9,Sep,2007-09,38,Tue
2007-09-19,20070919,2007,Q3,9,Sep,2007-09,38,Wed
2007-09-20,20070920,2007,Q3,9,Sep,2007-09,38,Thu
2007-09-21,20070921,2007,Q3,9,Sep,2007-09,38,Fri
2007-09-22,20070922,2007,Q3,9,Sep,2007-09,38,Sat
2007-09-23,20070923,2007,Q3,9,Sep,2007-09,38,Sun
2007-09-24,20070924,2007,Q3,9,Sep,2007-09,39,Mon
2007-09-25,20070925,2007,Q3,9,Sep,2007-09,39,Tue
2007-09-26,20070926,2007,Q3,9,Sep,2007-09,39,Wed
2007-09-27,20070927,2007,Q3,9,Sep,2007-09,39,Thu
2007-09-28,20070928,2007,Q3,9,Sep,2007-09,39,Fri
2007-09-29,20070929,2007,Q3,9,Sep,2007-09,39,Sat
2007-09-30,20070930,2007,Q3,9,Sep,2007-09,39,Sun
2007-10-01,20071001,2007,Q4,10,Oct,2007-10,40,Mon
2007-10-02,20071002,2007,Q4,10,Oct,2007-10,40,Tue
2007-10-03,20071003,2007,Q4,10,Oct,2007-10,40,Wed
2007-10-04,20071004,2007,Q4,10,Oct,2007-10,40,Thu
2007-10-05,20071005,2007,Q4,10,Oct,2007-10,40,Fri
2007-10-06,20071006,2007,Q4,10,Oct,2007-10,40,Sat
2007-10-07,20071007,2007,Q4,10,Oct,2007-10,40,Sun
2007-10-08,20071008,2007,Q4,10,Oct,2007-10,41,Mon
2007-10-09,20071009,2007,Q4,10,Oct,2007-10,41,Tue
2007-10-10,20071010,2007,Q4,10,Oct,2007-10,41,Wed
2007-10-11,20071011,2007,Q4,10,Oct,2007-10,41,Thu
2007-10-12,20071012,2007,Q4,10,Oct,2007-10,41,Fri
2007-10-13,20071013,2007,Q4,10,Oct,2007-10,41,Sat
2007-10-14,20071014,2007,Q4,10,Oct,2007-10,41,Sun
2007-10-15,20071015,2007,Q4,10,Oct,2007-10,42,Mon
2007-10-16,20071016,2007,Q4,10,Oct,2007-10,42,Tue
2007-10-17,20071017,2007,Q4,10,Oct,2007-10,42,Wed
2007-10-18,20071018,2007,Q4,10,Oct,2007-10,42,Thu
2007-10-19,20071019,2007,Q4,10,Oct,2007-10,42,Fri
2007-10-20,20071020,2007,Q4,10,Oct,2007-10,42,Sat
2007-10-21,20071021,2007,Q4,10,Oct,2007-10,42,Sun
2007-10-22,20071022,2007,Q4,10,Oct,2007-10,43,Mon
2007-10-23,20071023,2007,Q4,10,Oct,2007-10,43,Tue
2007-10-24,20071024,2007,Q4,10,Oct,2007-10,43,Wed
2007-10-25,20071025,2007,Q4,10,Oct,2007-10,43,Thu
2007-10-26,20071026,2007,Q4,10,Oct,2007-10,43,Fri
2007-10-27,20071027,2007,Q4,10,Oct,2007-10,43,Sat
2007-10-28,20071028,2007,Q4,10,Oct,2007-10,43,Sun
2007-10-29,20071029,2007,Q4,10,Oct,2007-10,44,Mon
2007-10-30,20071030,2007,Q4,10,Oct,2007-10,44,Tue
2007-10-31,20071031,2007,Q4,10,Oct,2007-10,44,Wed
2007-11-01,20071101,2007,Q4,11,Nov,2007-11,44,Thu
2007-11-02,20071102,2007,Q4,11,Nov,2007-11,44,Fri
2007-11-03,20071103,2007,Q4,11,Nov,2007-11,44,Sat
2007-11-04,20071104,2007,Q4,11,Nov,2007-11,44,Sun
2007-11-05,20071105,2007,Q4,11,Nov,2007-11,45,Mon
2007-11-06,20071106,2007,Q4,11,Nov,2007-11,45,Tue
2007-11-07,20071107,2007,Q4,11,Nov,2007-11,45,Wed
2007-11-08,20071108,2007,Q4,11,Nov,2007-11,45,Thu
2007-11-09,20071109,2007,Q4,11,Nov,2007-11,45,Fri
2007-11-10,20071110,2007,Q4,11,Nov,2007-11,45,Sat
2007-11-11,20071111,2007,Q4,11,Nov,2007-11,45,Sun
2007-11-12,20071112,2007,Q4,11,Nov,2007-11,46,Mon
2007-11-13,20071113,2007,Q4,11,Nov,2007-11,46,Tue
2007-11-14,20071114,2007,Q4,11,Nov,2007-11,46,Wed
2007-11-15,20071115,2007,Q4,11,Nov,2007-11,46,Thu
2007-11-16,20071116,2007,Q4,11,Nov,2007-11,46,Fri
2007-11-17,20071117,2007,Q4,11,Nov,2007-11,46,Sat
2007-11-18,20071118,2007,Q4,11,Nov,2007-11,46,Sun
2007-11-19,20071119,2007,Q4,11,Nov,2007-11,47,Mon
2007-11-20,20071120,2007,Q4,11,Nov,2007-11,47,Tue
2007-11-21,20071121,2007,Q4,11,Nov,2007-11,47,Wed
2007-11-22,20071122,2007,Q4,11,Nov,2007-11,47,Thu
2007-11-23,20071123,2007,Q4,11,Nov,2007-11,47,Fri
2007-11-24,20071124,2007,Q4,11,Nov,2007-11,47,Sat
2007-11-25,20071125,2007,Q4,11,Nov,2007-11,47,Sun
2007-11-26,20071126,2007,Q4,11,Nov,2007-11,48,Mon
2007-11-27,20071127,2007,Q4,11,Nov,2007-11,48,Tue
2007-11-28,20071128,2007,Q4,11,Nov,2007-11,48,Wed
2007-11-29,20071129,2007,Q4,11,Nov,2007-11,48,Thu
2007-11-30,20071130,2007,Q4,11,Nov,2007-11,48,Fri
2007-12-01,20071201,2007,Q4,12,Dec,2007-12,48,Sat
2007-12-02,20071202,2007,Q4,12,Dec,2007-12,48,Sun
2007-12-03,20071203,2007,Q4,12,Dec,2007-12,49,Mon
2007-12-04,20071204,2007,Q4,12,Dec,2007-12,49,Tue
2007-12-05,20071205,2007,Q4,12,Dec,2007-12,49,Wed
2007-12-06,20071206,2007,Q4,12,Dec,2007-12,49,Thu
2007-12-07,20071207,2007,Q4,12,Dec,2007-12,49,Fri
2007-12-08,20071208,2007,Q4,12,Dec,2007-12,49,Sat
2007-12-09,20071209,2007,Q4,12,Dec,2007-12,49,Sun
2007-12-10,20071210,2007,Q4,12,Dec,2007-12,50,Mon
2007-12-11,20071211,2007,Q4,12,Dec,2007-12,50,Tue
2007-12-12,20071212,2007,Q4,12,Dec,2007-12,50,Wed
2007-12-13,20071213,2007,Q4,12,Dec,2007-12,50,Thu
2007-12-14,20071214,2007,Q4,12,Dec,2007-12,50,Fri
2007-12-15,20071215,2007,Q4,12,Dec,2007-12,50,Sat
2007-12-16,20071216,2007,Q4,12,Dec,2007-12,50,Sun
2007-12-17,20071217,2007,Q4,12,Dec,2007-12,51,Mon
2007-12-18,20071218,2007,Q4,12,Dec,2007-12,51,Tue
2007-12-19,20071219,2007,Q4,12,Dec,2007-12,51,Wed
2007-12-20,20071220,2007,Q4,12,Dec,2007-12,51,Thu
2007-12-21,20071221,2007,Q4,12,Dec,2007-12,51,Fri
2007-12-22,20071222,2007,Q4,12,Dec,2007-12,51,Sat
2007-12-23,20071223,2007,Q4,12,Dec,2007-12,51,Sun
2007-12-24,20071224,2007,Q4,12,Dec,2007-12,52,Mon
2007-12-25,20071225,2007,Q4,12,Dec,2007-12,52,Tue
2007-12-26,20071226,2007,Q4,12,Dec,2007-12,52,Wed
2007-12-27,20071227,2007,Q4,12,Dec,2007-12,52,Thu
2007-12-28,20071228,2007,Q4,12,Dec,2007-12,52,Fri
2007-12-29,20071229,2007,Q4,12,Dec,2007-12,52,Sat
2007-12-30,20071230,2007,Q4,12,Dec,2007-12,52,Sun
2007-12-31,20071231,2007,Q4,12,Dec,2007-12,1,Mon
2008-01-01,20080101,2008,Q1,1,Jan,2008-01,1,Tue
2008-01-02,20080102,2008,Q1,1,Jan,2008-01,1,Wed
2008-01-03,20080103,2008,Q1,1,Jan,2008-01,1,Thu
2008-01-04,20080104,2008,Q1,1,Jan,2008-01,1,Fri
2008-01-05,20080105,2008,Q1,1,Jan,2008-01,1,Sat
2008-01-06,20080106,2008,Q1,1,Jan,2008-01,1,Sun
2008-01-07,20080107,2008,Q1,1,Jan,2008-01,2,Mon
2008-01-08,20080108,2008,Q1,1,Jan,2008-01,2,Tue
2008-01-09,20080109,2008,Q1,1,Jan,2008-01,2,Wed
2008-01-10,20080110,2008,Q1,1,Jan,2008-01,2,Thu
2008-01-11,20080111,2008,Q1,1,Jan,2008-01,2,Fri
2008-01-12,20080112,2008,Q1,1,Jan,2008-01,2,Sat
2008-01-13,20080113,2008,Q1,1,Jan,2008-01,2,Sun
2008-01-14,20080114,2008,Q1,1,Jan,2008-01,3,Mon
2008-01-15,20080115,2008,Q1,1,Jan,2008-01,3,Tue
2008-01-16,20080116,2008,Q1,1,Jan,2008-01,3,Wed
2008-01-17,20080117,2008,Q1,1,Jan,2008-01,3,Thu
2008-01-18,20080118,2008,Q1,1,Jan,2008-01,3,Fri
2008-01-19,20080119,2008,Q1,1,Jan,2008-01,3,Sat
2008-01-20,20080120,2008,Q1,1,Jan,2008-01,3,Sun
2008-01-21,20080121,2008,Q1,1,Jan,2008-01,4,Mon
2008-01-22,20080122,2008,Q1,1,Jan,2008-01,4,Tue
2008-01-23,20080123,2008,Q1,1,Jan,2008-01,4,Wed
2008-01-24,20080124,2008,Q1,1,Jan,2008-01,4,Thu
2008-01-25,20080125,2008,Q1,1,Jan,2008-01,4,Fri
2008-01-26,20080126,2008,Q1,1,Jan,2008-01,4,Sat
2008-01-27,20080127,2008,Q1,1,Jan,2008-01,4,Sun
2008-01-28,20080128,2008,Q1,1,Jan,2008-01,5,Mon
2008-01-29,20080129,2008,Q1,1,Jan,2008-01,5,Tue
2008-01-30,20080130,2008,Q1,1,Jan,2008-01,5,Wed
2008-01-31,20080131,2008,Q1,1,Jan,2008-01,5,Thu
2008-02-01,20080201,2008,Q1,2,Feb,2008-02,5,Fri
2008-02-02,20080202,2008,Q1,2,Feb,2008-02,5,Sat
2008-02-03,20080203,2008,Q1,2,Feb,2008-02,5,Sun
2008-02-04,20080204,2008,Q1,2,Feb,2008-02,6,Mon
2008-02-05,20080205,2008,Q1,2,Feb,2008-02,6,Tue
2008-02-06,20080206,2008,Q1,2,Feb,2008-02,6,Wed
2008-02-07,20080207,2008,Q1,2,Feb,2008-02,6,Thu
2008-02-08,20080208,2008,Q1,2,Feb,2008-02,6,Fri
2008-02-09,20080209,2008,Q1,2,Feb,2008-02,6,Sat
2008-02-10,20080210,2008,Q1,2,Feb,2008-02,6,Sun
2008-02-11,20080211,2008,Q1,2,Feb,2008-02,7,Mon
2008-02-12,20080212,2008,Q1,2,Feb,2008-02,7,Tue
2008-02-13,20080213,2008,Q1,2,Feb,2008-02,7,Wed
2008-02-14,20080214,2008,Q1,2,Feb,2008-02,7,Thu
2008-02-15,20080215,2008,Q1,2,Feb,2008-02,7,Fri
2008-02-16,20080216,2008,Q1,2,Feb,2008-02,7,Sat
2008-02-17,20080217,2008,Q1,2,Feb,2008-02,7,Sun
2008-02-18,20080218,2008,Q1,2,Feb,2008-02,8,Mon
2008-02-19,20080219,2008,Q1,2,Feb,2008-02,8,Tue
2008-02-20,20080220,2008,Q1,2,Feb,2008-02,8,Wed
2008-02-21,20080221,2008,Q1,2,Feb,2008-02,8,Thu
2008-02-22,20080222,2008,Q1,2,Feb,2008-02,8,Fri
2008-02-23,20080223,2008,Q1,2,Feb,2008-02,8,Sat
2008-02-24,20080224,2008,Q1,2,Feb,2008-02,8,Sun
2008-02-25,20080225,2008,Q1,2,Feb,2008-02,9,Mon
2008-02-26,20080226,2008,Q1,2,Feb,2008-02,9,Tue
2008-02-27,20080227,2008,Q1,2,Feb,2008-02,9,Wed
2008-02-28,20080228,2008,Q1,2,Feb,2008-02,9,Thu
2008-02-29,20080229,2008,Q1,2,Feb,2008-02,9,Fri
2008-03-01,20080301,2008,Q1,3,Mar,2008-03,9,Sat
2008-03-02,20080302,2008,Q1,3,Mar,2008-03,9,Sun
2008-03-03,20080303,2008,Q1,3,Mar,2008-03,10,Mon
2008-03-04,20080304,2008,Q1,3,Mar,2008-03,10,Tue
2008-03-05,20080305,2008,Q1,3,Mar,2008-03,10,Wed
2008-03-06,20080306,2008,Q1,3,Mar,2008-03,10,Thu
2008-03-07,20080307,2008,Q1,3,Mar,2008-03,10,Fri
2008-03-08,20080308,2008,Q1,3,Mar,2008-03,10,Sat
2008-03-09,20080309,2008,Q1,3,Mar,2008-03,10,Sun
2008-03-10,20080310,2008,Q1,3,Mar,2008-03,11,Mon
2008-03-11,20080311,2008,Q1,3,Mar,2008-03,11,Tue
2008-03-12,20080312,2008,Q1,3,Mar,2008-03,11,Wed
2008-03-13,20080313,2008,Q1,3,Mar,2008-03,11,Thu
2008-03-14,20080314,2008,Q1,3,Mar,2008-03,11,Fri
2008-03-15,20080315,2008,Q1,3,Mar,2008-03,11,Sat
2008-03-16,20080316,2008,Q1,3,Mar,2008-03,11,Sun
2008-03-17,20080317,2008,Q1,3,Mar,2008-03,12,Mon
2008-03-18,20080318,2008,Q1,3,Mar,2008-03,12,Tue
2008-03-19,20080319,2008,Q1,3,Mar,2008-03,12,Wed
2008-03-20,20080320,2008,Q1,3,Mar,2008-03,12,Thu
2008-03-21,20080321,2008,Q1,3,Mar,2008-03,12,Fri
2008-03-22,20080322,2008,Q1,3,Mar,2008-03,12,Sat
2008-03-23,20080323,2008,Q1,3,Mar,2008-03,12,Sun
2008-03-24,20080324,2008,Q1,3,Mar,2008-03,13,Mon
2008-03-25,20080325,2008,Q1,3,Mar,2008-03,13,Tue
2008-03-26,20080326,2008,Q1,3,Mar,2008-03,13,Wed
2008-03-27,20080327,2008,Q1,3,Mar,2008-03,13,Thu
2008-03-28,20080328,2008,Q1,3,Mar,2008-03,13,Fri
2008-03-29,20080329,2008,Q1,3,Mar,2008-03,13,Sat
2008-03-30,20080330,2008,Q1,3,Mar,2008-03,13,Sun
2008-03-31,20080331,2008,Q1,3,Mar,2008-03,14,Mon
2008-04-01,20080401,2008,Q2,4,Apr,2008-04,14,Tue
2008-04-02,20080402,2008,Q2,4,Apr,2008-04,14,Wed
2008-04-03,20080403,2008,Q2,4,Apr,2008-04,14,Thu
2008-04-04,20080404,2008,Q2,4,Apr,2008-04,14,Fri
2008-04-05,20080405,2008,Q2,4,Apr,2008-04,14,Sat
2008-04-06,20080406,2008,Q2,4,Apr,2008-04,14,Sun
2008-04-07,20080407,2008,Q2,4,Apr,2008-04,15,Mon
2008-04-08,20080408,2008,Q2,4,Apr,2008-04,15,Tue
2008-04-09,20080409,2008,Q2,4,Apr,2008-04,15,Wed
2008-04-10,20080410,2008,Q2,4,Apr,2008-04,15,Thu
2008-04-11,20080411,2008,Q2,4,Apr,2008-04,15,Fri
2008-04-12,20080412,2008,Q2,4,Apr,2008-04,15,Sat
2008-04-13,20080413,2008,Q2,4,Apr,2008-04,15,Sun
2008-04-14,20080414,2008,Q2,4,Apr,2008-04,16,Mon
2008-04-15,20080415,2008,Q2,4,Apr,2008-04,16,Tue
2008-04-16,20080416,2008,Q2,4,Apr,2008-04,16,Wed
2008-04-17,20080417,2008,Q2,4,Apr,2008-04,16,Thu
2008-04-18,20080418,2008,Q2,4,Apr,2008-04,16,Fri
2008-04-19,20080419,2008,Q2,4,Apr,2008-04,16,Sat
2008-04-20,20080420,2008,Q2,4,Apr,2008-04,16,Sun
2008-04-21,20080421,2008,Q2,4,Apr,2008-04,17,Mon
2008-04-22,20080422,2008,Q2,4,Apr,2008-04,17,Tue
2008-04-23,20080423,2008,Q2,4,Apr,2008-04,17,Wed
2008-04-24,20080424,2008,Q2,4,Apr,2008-04,17,Thu
2008-04-25,20080425,2008,Q2,4,Apr,2008-04,17,Fri
2008-04-26,20080426,2008,Q2,4,Apr,2008-04,17,Sat
2008-04-27,20080427,2008,Q2,4,Apr,2008-04,17,Sun
2008-04-28,20080428,2008,Q2,4,Apr,2008-04,18,Mon
2008-04-29,20080429,2008,Q2,4,Apr,2008-04,18,Tue
2008-04-30,20080430,2008,Q2,4,Apr,2008-04,18,Wed
2008-05-01,20080501,2008,Q2,5,May,2008-05,18,Thu
2008-05-02,20080502,2008,Q2,5,May,2008-05,18,Fri
2008-05-03,20080503,2008,Q2,5,May,2008-05,18,Sat
2008-05-04,20080504,2008,Q2,5,May,2008-05,18,Sun
2008-05-05,20080505,2008,Q2,5,May,2008-05,19,Mon
2008-05-06,20080506,2008,Q2,5,May,2008-05,19,Tue
2008-05-07,20080507,2008,Q2,5,May,2008-05,19,Wed
2008-05-08,20080508,2008,Q2,5,May,2008-05,19,Thu
2008-05-09,20080509,2008,Q2,5,May,2008-05,19,Fri
2008-05-10,20080510,2008,Q2,5,May,2008-05,19,Sat
2008-05-11,20080511,2008,Q2,5,May,2008-05,19,Sun
2008-05-12,20080512,2008,Q2,5,May,2008-05,20,Mon
2008-05-13,20080513,2008,Q2,5,May,2008-05,20,Tue
2008-05-14,20080514,2008,Q2,5,May,2008-05,20,Wed
2008-05-15,20080515,2008,Q2,5,May,2008-05,20,Thu
2008-05-16,20080516,2008,Q2,5,May,2008-05,20,Fri
2008-05-17,20080517,2008,Q2,5,May,2008-05,20,Sat
2008-05-18,20080518,2008,Q2,5,May,2008-05,20,Sun
2008-05-19,20080519,2008,Q2,5,May,2008-05,21,Mon
2008-05-20,20080520,2008,Q2,5,May,2008-05,21,Tue
2008-05-21,20080521,2008,Q2,5,May,2008-05,21,Wed
2008-05-22,20080522,2008,Q2,5,May,2008-05,21,Thu
2008-05-23,20080523,2008,Q2,5,May,2008-05,21,Fri
2008-05-24,20080524,2008,Q2,5,May,2008-05,21,Sat
2008-05-25,20080525,2008,Q2,5,May,2008-05,21,Sun
2008-05-26,20080526,2008,Q2,5,May,2008-05,22,Mon
2008-05-27,20080527,2008,Q2,5,May,2008-05,22,Tue
2008-05-28,20080528,2008,Q2,5,May,2008-05,22,Wed
2008-05-29,20080529,2008,Q2,5,May,2008-05,22,Thu
2008-05-30,20080530,2008,Q2,5,May,2008-05,22,Fri
2008-05-31,20080531,2008,Q2,5,May,2008-05,22,Sat
2008-06-01,20080601,2008,Q2,6,Jun,2008-06,22,Sun
2008-06-02,20080602,2008,Q2,6,Jun,2008-06,23,Mon
2008-06-03,20080603,2008,Q2,6,Jun,2008-06,23,Tue
2008-06-04,20080604,2008,Q2,6,Jun,2008-06,23,Wed
2008-06-05,20080605,2008,Q2,6,Jun,2008-06,23,Thu
2008-06-06,20080606,2008,Q2,6,Jun,2008-06,23,Fri
2008-06-07,20080607,2008,Q2,6,Jun,2008-06,23,Sat
2008-06-08,20080608,2008,Q2,6,Jun,2008-06,23,Sun
2008-06-09,20080609,2008,Q2,6,Jun,2008-06,24,Mon
2008-06-10,20080610,2008,Q2,6,Jun,2008-06,24,Tue
2008-06-11,20080611,2008,Q2,6,Jun,2008-06,24,Wed
2008-06-12,20080612,2008,Q2,6,Jun,2008-06,24,Thu
2008-06-13,20080613,2008,Q2,6,Jun,2008-06,24,Fri
2008-06-14,20080614,2008,Q2,6,Jun,2008-06,24,Sat
2008-06-15,20080615,2008,Q2,6,Jun,2008-06,24,Sun
2008-06-16,20080616,2008,Q2,6,Jun,2008-06,25,Mon
2008-06-17,20080617,2008,Q2,6,Jun,2008-06,25,Tue
2008-06-18,20080618,2008,Q2,6,Jun,2008-06,25,Wed
2008-06-19,20080619,2008,Q2,6,Jun,2008-06,25,Thu
2008-06-20,20080620,2008,Q2,6,Jun,2008-06,25,Fri
2008-06-21,20080621,2008,Q2,6,Jun,2008-06,25,Sat
2008-06-22,20080622,2008,Q2,6,Jun,2008-06,25,Sun
2008-06-23,20080623,2008,Q2,6,Jun,2008-06,26,Mon
2008-06-24,20080624,2008,Q2,6,Jun,2008-06,26,Tue
2008-06-25,20080625,2008,Q2,6,Jun,2008-06,26,Wed
2008-06-26,20080626,2008,Q2,6,Jun,2008-06,26,Thu
2008-06-27,20080627,2008,Q2,6,Jun,2008-06,26,Fri
2008-06-28,20080628,2008,Q2,6,Jun,2008-06,26,Sat
2008-06-29,20080629,2008,Q2,6,Jun,2008-06,26,Sun
2008-06-30,20080630,2008,Q2,6,Jun,2008-06,27,Mon
2008-07-01,20080701,2008,Q3,7,Jul,2008-07,27,Tue
2008-07-02,20080702,2008,Q3,7,Jul,2008-07,27,Wed
2008-07-03,20080703,2008,Q3,7,Jul,2008-07,27,Thu
2008-07-04,20080704,2008,Q3,7,Jul,2008-07,27,Fri
2008-07-05,20080705,2008,Q3,7,Jul,2008-07,27,Sat
2008-07-06,20080706,2008,Q3,7,Jul,2008-07,27,Sun
2008-07-07,20080707,2008,Q3,7,Jul,2008-07,28,Mon
2008-07-08,20080708,2008,Q3,7,Jul,2008-07,28,Tue
2008-07-09,20080709,2008,Q3,7,Jul,2008-07,28,Wed
2008-07-10,20080710,2008,Q3,7,Jul,2008-07,28,Thu
2008-07-11,20080711,2008,Q3,7,Jul,2008-07,28,Fri
2008-07-12,20080712,2008,Q3,7,Jul,2008-07,28,Sat
2008-07-13,20080713,2008,Q3,7,Jul,2008-07,28,Sun
2008-07-14,20080714,2008,Q3,7,Jul,2008-07,29,Mon
2008-07-15,20080715,2008,Q3,7,Jul,2008-07,29,Tue
2008-07-16,20080716,2008,Q3,7,Jul,2008-07,29,Wed
2008-07-17,20080717,2008,Q3,7,Jul,2008-07,29,Thu
2008-07-18,20080718,2008,Q3,7,Jul,2008-07,29,Fri
2008-07-19,20080719,2008,Q3,7,Jul,2008-07,29,Sat
2008-07-20,20080720,2008,Q3,7,Jul,2008-07,29,Sun
2008-07-21,20080721,2008,Q3,7,Jul,2008-07,30,Mon
2008-07-22,20080722,2008,Q3,7,Jul,2008-07,30,Tue
2008-07-23,20080723,2008,Q3,7,Jul,2008-07,30,Wed
2008-07-24,20080724,2008,Q3,7,Jul,2008-07,30,Thu
2008-07-25,20080725,2008,Q3,7,Jul,2008-07,30,Fri
2008-07-26,20080726,2008,Q3,7,Jul,2008-07,30,Sat
2008-07-27,20080727,2008,Q3,7,Jul,2008-07,30,Sun
2008-07-28,20080728,2008,Q3,7,Jul,2008-07,31,Mon
2008-07-29,20080729,2008,Q3,7,Jul,2008-07,31,Tue
2008-07-30,20080730,2008,Q3,7,Jul,2008-07,31,Wed
2008-07-31,20080731,2008,Q3,7,Jul,2008-07,31,Thu
2008-08-01,20080801,2008,Q3,8,Aug,2008-08,31,Fri
2008-08-02,20080802,2008,Q3,8,Aug,2008-08,31,Sat
2008-08-03,20080803,2008,Q3,8,Aug,2008-08,31,Sun
2008-08-04,20080804,2008,Q3,8,Aug,2008-08,32,Mon
2008-08-05,20080805,2008,Q3,8,Aug,2008-08,32,Tue
2008-08-06,20080806,2008,Q3,8,Aug,2008-08,32,Wed
2008-08-07,20080807,2008,Q3,8,Aug,2008-08,32,Thu
2008-08-08,20080808,2008,Q3,8,Aug,2008-08,32,Fri
2008-08-09,20080809,2008,Q3,8,Aug,2008-08,32,Sat
2008-08-10,20080810,2008,Q3,8,Aug,2008-08,32,Sun
2008-08-11,20080811,2008,Q3,8,Aug,2008-08,33,Mon
2008-08-12,20080812,2008,Q3,8,Aug,2008-08,33,Tue
2008-08-13,20080813,2008,Q3,8,Aug,2008-08,33,Wed
2008-08-14,20080814,2008,Q3,8,Aug,2008-08,33,Thu
2008-08-15,20080815,2008,Q3,8,Aug,2008-08,33,Fri
2008-08-16,20080816,2008,Q3,8,Aug,2008-08,33,Sat
2008-08-17,20080817,2008,Q3,8,Aug,2008-08,33,Sun
2008-08-18,20080818,2008,Q3,8,Aug,2008-08,34,Mon
2008-08-19,20080819,2008,Q3,8,Aug,2008-08,34,Tue
2008-08-20,20080820,2008,Q3,8,Aug,2008-08,34,Wed
2008-08-21,20080821,2008,Q3,8,Aug,2008-08,34,Thu
2008-08-22,20080822,2008,Q3,8,Aug,2008-08,34,Fri
2008-08-23,20080823,2008,Q3,8,Aug,2008-08,34,Sat
2008-08-24,20080824,2008,Q3,8,Aug,2008-08,34,Sun
2008-08-25,20080825,2008,Q3,8,Aug,2008-08,35,Mon
2008-08-26,20080826,2008,Q3,8,Aug,2008-08,35,Tue
2008-08-27,20080827,2008,Q3,8,Aug,2008-08,35,Wed
2008-08-28,20080828,2008,Q3,8,Aug,2008-08,35,Thu
2008-08-29,20080829,2008,Q3,8,Aug,2008-08,35,Fri
2008-08-30,20080830,2008,Q3,8,Aug,2008-08,35,Sat
2008-08-31,20080831,2008,Q3,8,Aug,2008-08,35,Sun
2008-09-01,20080901,2008,Q3,9,Sep,2008-09,36,Mon
2008-09-02,20080902,2008,Q3,9,Sep,2008-09,36,Tue
2008-09-03,20080903,2008,Q3,9,Sep,2008-09,36,Wed
2008-09-04,20080904,2008,Q3,9,Sep,2008-09,36,Thu
2008-09-05,20080905,2008,Q3,9,Sep,2008-09,36,Fri
2008-09-06,20080906,2008,Q3,9,Sep,2008-09,36,Sat
2008-09-07,20080907,2008,Q3,9,Sep,2008-09,36,Sun
2008-09-08,20080908,2008,Q3,9,Sep,2008-09,37,Mon
2008-09-09,20080909,2008,Q3,9,Sep,2008-09,37,Tue
2008-09-10,20080910,2008,Q3,9,Sep,2008-09,37,Wed
2008-09-11,20080911,2008,Q3,9,Sep,2008-09,37,Thu
2008-09-12,20080912,2008,Q3,9,Sep,2008-09,37,Fri
2008-09-13,20080913,2008,Q3,9,Sep,2008-09,37,Sat
2008-09-14,20080914,2008,Q3,9,Sep,2008-09,37,Sun
2008-09-15,20080915,2008,Q3,9,Sep,2008-09,38,Mon
2008-09-16,20080916,2008,Q3,9,Sep,2008-09,38,Tue
2008-09-17,20080917,2008,Q3,9,Sep,2008-09,38,Wed
2008-09-18,20080918,2008,Q3,9,Sep,2008-09,38,Thu
2008-09-19,20080919,2008,Q3,9,Sep,2008-09,38,Fri
2008-09-20,20080920,2008,Q3,9,Sep,2008-09,38,Sat
2008-09-21,20080921,2008,Q3,9,Sep,2008-09,38,Sun
2008-09-22,20080922,2008,Q3,9,Sep,2008-09,39,Mon
2008-09-23,20080923,2008,Q3,9,Sep,2008-09,39,Tue
2008-09-24,20080924,2008,Q3,9,Sep,2008-09,39,Wed
2008-09-25,20080925,2008,Q3,9,Sep,2008-09,39,Thu
2008-09-26,20080926,2008,Q3,9,Sep,2008-09,39,Fri
2008-09-27,20080927,2008,Q3,9,Sep,2008-09,39,Sat
2008-09-28,20080928,2008,Q3,9,Sep,2008-09,39,Sun
2008-09-29,20080929,2008,Q3,9,Sep,2008-09,40,Mon
2008-09-30,20080930,2008,Q3,9,Sep,2008-09,40,Tue
2008-10-01,20081001,2008,Q4,10,Oct,2008-10,40,Wed
2008-10-02,20081002,2008,Q4,10,Oct,2008-10,40,Thu
2008-10-03,20081003,2008,Q4,10,Oct,2008-10,40,Fri
2008-10-04,20081004,2008,Q4,10,Oct,2008-10,40,Sat
2008-10-05,20081005,2008,Q4,10,Oct,2008-10,40,Sun
2008-10-06,20081006,2008,Q4,10,Oct,2008-10,41,Mon
2008-10-07,20081007,2008,Q4,10,Oct,2008-10,41,Tue
2008-10-08,20081008,2008,Q4,10,Oct,2008-10,41,Wed
2008-10-09,20081009,2008,Q4,10,Oct,2008-10,41,Thu
2008-10-10,20081010,2008,Q4,10,Oct,2008-10,41,Fri
2008-10-11,20081011,2008,Q4,10,Oct,2008-10,41,Sat
2008-10-12,20081012,2008,Q4,10,Oct,2008-10,41,Sun
2008-10-13,20081013,2008,Q4,10,Oct,2008-10,42,Mon
2008-10-14,20081014,2008,Q4,10,Oct,2008-10,42,Tue
2008-10-15,20081015,2008,Q4,10,Oct,2008-10,42,Wed
2008-10-16,20081016,2008,Q4,10,Oct,2008-10,42,Thu
2008-10-17,20081017,2008,Q4,10,Oct,2008-10,42,Fri
2008-10-18,20081018,2008,Q4,10,Oct,2008-10,42,Sat
2008-10-19,20081019,2008,Q4,10,Oct,2008-10,42,Sun
2008-10-20,20081020,2008,Q4,10,Oct,2008-10,43,Mon
2008-10-21,20081021,2008,Q4,10,Oct,2008-10,43,Tue
2008-10-22,20081022,2008,Q4,10,Oct,2008-10,43,Wed
2008-10-23,20081023,2008,Q4,10,Oct,2008-10,43,Thu
2008-10-24,20081024,2008,Q4,10,Oct,2008-10,43,Fri
2008-10-25,20081025,2008,Q4,10,Oct,2008-10,43,Sat
2008-10-26,20081026,2008,Q4,10,Oct,2008-10,43,Sun
2008-10-27,20081027,2008,Q4,10,Oct,2008-10,44,Mon
2008-10-28,20081028,2008,Q4,10,Oct,2008-10,44,Tue
2008-10-29,20081029,2008,Q4,10,Oct,2008-10,44,Wed
2008-10-30,20081030,2008,Q4,10,Oct,2008-10,44,Thu
2008-10-31,20081031,2008,Q4,10,Oct,2008-10,44,Fri
2008-11-01,20081101,2008,Q4,11,Nov,2008-11,44,Sat
2008-11-02,20081102,2008,Q4,11,Nov,2008-11,44,Sun
2008-11-03,20081103,2008,Q4,11,Nov,2008-11,45,Mon
2008-11-04,20081104,2008,Q4,11,Nov,2008-11,45,Tue
2008-11-05,20081105,2008,Q4,11,Nov,2008-11,45,Wed
2008-11-06,20081106,2008,Q4,11,Nov,2008-11,45,Thu
2008-11-07,20081107,2008,Q4,11,Nov,2008-11,45,Fri
2008-11-08,20081108,2008,Q4,11,Nov,2008-11,45,Sat
2008-11-09,20081109,2008,Q4,11,Nov,2008-11,45,Sun
2008-11-10,20081110,2008,Q4,11,Nov,2008-11,46,Mon
2008-11-11,20081111,2008,Q4,11,Nov,2008-11,46,Tue
2008-11-12,20081112,2008,Q4,11,Nov,2008-11,46,Wed
2008-11-13,20081113,2008,Q4,11,Nov,2008-11,46,Thu
2008-11-14,20081114,2008,Q4,11,Nov,2008-11,46,Fri
2008-11-15,20081115,2008,Q4,11,Nov,2008-11,46,Sat
2008-11-16,20081116,2008,Q4,11,Nov,2008-11,46,Sun
2008-11-17,20081117,2008,Q4,11,Nov,2008-11,47,Mon
2008-11-18,20081118,2008,Q4,11,Nov,2008-11,47,Tue
2008-11-19,20081119,2008,Q4,11,Nov,2008-11,47,Wed
2008-11-20,20081120,2008,Q4,11,Nov,2008-11,47,Thu
2008-11-21,20081121,2008,Q4,11,Nov,2008-11,47,Fri
2008-11-22,20081122,2008,Q4,11,Nov,2008-11,47,Sat
2008-11-23,20081123,2008,Q4,11,Nov,2008-11,47,Sun
2008-11-24,20081124,2008,Q4,11,Nov,2008-11,48,Mon
2008-11-25,20081125,2008,Q4,11,Nov,2008-11,48,Tue
2008-11-26,20081126,2008,Q4,11,Nov,2008-11,48,Wed
2008-11-27,20081127,2008,Q4,11,Nov,2008-11,48,Thu
2008-11-28,20081128,2008,Q4,11,Nov,2008-11,48,Fri
2008-11-29,20081129,2008,Q4,11,Nov,2008-11,48,Sat
2008-11-30,20081130,2008,Q4,11,Nov,2008-11,48,Sun
2008-12-01,20081201,2008,Q4,12,Dec,2008-12,49,Mon
2008-12-02,20081202,2008,Q4,12,Dec,2008-12,49,Tue
2008-12-03,20081203,2008,Q4,12,Dec,2008-12,49,Wed
2008-12-04,20081204,2008,Q4,12,Dec,2008-12,49,Thu
2008-12-05,20081205,2008,Q4,12,Dec,2008-12,49,Fri
2008-12-06,20081206,2008,Q4,12,Dec,2008-12,49,Sat
2008-12-07,20081207,2008,Q4,12,Dec,2008-12,49,Sun
2008-12-08,20081208,2008,Q4,12,Dec,2008-12,50,Mon
2008-12-09,20081209,2008,Q4,12,Dec,2008-12,50,Tue
2008-12-10,20081210,2008,Q4,12,Dec,2008-12,50,Wed
2008-12-11,20081211,2008,Q4,12,Dec,2008-12,50,Thu
2008-12-12,20081212,2008,Q4,12,Dec,2008-12,50,Fri
2008-12-13,20081213,2008,Q4,12,Dec,2008-12,50,Sat
2008-12-14,20081214,2008,Q4,12,Dec,2008-12,50,Sun
2008-12-15,20081215,2008,Q4,12,Dec,2008-12,51,Mon
2008-12-16,20081216,2008,Q4,12,Dec,2008-12,51,Tue
2008-12-17,20081217,2008,Q4,12,Dec,2008-12,51,Wed
2008-12-18,20081218,2008,Q4,12,Dec,2008-12,51,Thu
2008-12-19,20081219,2008,Q4,12,Dec,2008-12,51,Fri
2008-12-20,20081220,2008,Q4,12,Dec,2008-12,51,Sat
2008-12-21,20081221,2008,Q4,12,Dec,2008-12,51,Sun
2008-12-22,20081222,2008,Q4,12,Dec,2008-12,52,Mon
2008-12-23,20081223,2008,Q4,12,Dec,2008-12,52,Tue
2008-12-24,20081224,2008,Q4,12,Dec,2008-12,52,Wed
2008-12-25,20081225,2008,Q4,12,Dec,2008-12,52,Thu
2008-12-26,20081226,2008,Q4,12,Dec,2008-12,52,Fri
2008-12-27,20081227,2008,Q4,12,Dec,2008-12,52,Sat
2008-12-28,20081228,2008,Q4,12,Dec,2008-12,52,Sun
2008-12-29,20081229,2008,Q4,12,Dec,2008-12,1,Mon
2008-12-30,20081230,2008,Q4,12,Dec,2008-12,1,Tue
2008-12-31,20081231,2008,Q4,12,Dec,2008-12,1,Wed
2009-01-01,20090101,2009,Q1,1,Jan,2009-01,1,Thu
2009-01-02,20090102,2009,Q1,1,Jan,2009-01,1,Fri
2009-01-03,20090103,2009,Q1,1,Jan,2009-01,1,Sat
2009-01-04,20090104,2009,Q1,1,Jan,2009-01,1,Sun
2009-01-05,20090105,2009,Q1,1,Jan,2009-01,2,Mon
2009-01-06,20090106,2009,Q1,1,Jan,2009-01,2,Tue
2009-01-07,20090107,2009,Q1,1,Jan,2009-01,2,Wed
2009-01-08,20090108,2009,Q1,1,Jan,2009-01,2,Thu
2009-01-09,20090109,2009,Q1,1,Jan,2009-01,2,Fri
2009-01-10,20090110,2009,Q1,1,Jan,2009-01,2,Sat
2009-01-11,20090111,2009,Q1,1,Jan,2009-01,2,Sun
2009-01-12,20090112,2009,Q1,1,Jan,2009-01,3,Mon
2009-01-13,20090113,2009,Q1,1,Jan,2009-01,3,Tue
2009-01-14,20090114,2009,Q1,1,Jan,2009-01,3,Wed
2009-01-15,20090115,2009,Q1,1,Jan,2009-01,3,Thu
2009-01-16,20090116,2009,Q1,1,Jan,2009-01,3,Fri
2009-01-17,20090117,2009,Q1,1,Jan,2009-01,3,Sat
2009-01-18,20090118,2009,Q1,1,Jan,2009-01,3,Sun
2009-01-19,20090119,2009,Q1,1,Jan,2009-01,4,Mon
2009-01-20,20090120,2009,Q1,1,Jan,2009-01,4,Tue
2009-01-21,20090121,2009,Q1,1,Jan,2009-01,4,Wed
2009-01-22,20090122,2009,Q1,1,Jan,2009-01,4,Thu
2009-01-23,20090123,2009,Q1,1,Jan,2009-01,4,Fri
2009-01-24,20090124,2009,Q1,1,Jan,2009-01,4,Sat
2009-01-25,20090125,2009,Q1,1,Jan,2009-01,4,Sun
2009-01-26,20090126,2009,Q1,1,Jan,2009-01,5,Mon
2009-01-27,20090127,2009,Q1,1,Jan,2009-01,5,Tue
2009-01-28,20090128,2009,Q1,1,Jan,2009-01,5,Wed
2009-01-29,20090129,2009,Q1,1,Jan,2009-01,5,Thu
2009-01-30,20090130,2009,Q1,1,Jan,2009-01,5,Fri
2009-01-31,20090131,2009,Q1,1,Jan,2009-01,5,Sat
2009-02-01,20090201,2009,Q1,2,Feb,2009-02,5,Sun
2009-02-02,20090202,2009,Q1,2,Feb,2009-02,6,Mon
2009-02-03,20090203,2009,Q1,2,Feb,2009-02,6,Tue
2009-02-04,20090204,2009,Q1,2,Feb,2009-02,6,Wed
2009-02-05,20090205,2009,Q1,2,Feb,2009-02,6,Thu
2009-02-06,20090206,2009,Q1,2,Feb,2009-02,6,Fri
2009-02-07,20090207,2009,Q1,2,Feb,2009-02,6,Sat
2009-02-08,20090208,2009,Q1,2,Feb,2009-02,6,Sun
2009-02-09,20090209,2009,Q1,2,Feb,2009-02,7,Mon
2009-02-10,20090210,2009,Q1,2,Feb,2009-02,7,Tue
2009-02-11,20090211,2009,Q1,2,Feb,2009-02,7,Wed
2009-02-12,20090212,2009,Q1,2,Feb,2009-02,7,Thu
2009-02-13,20090213,2009,Q1,2,Feb,2009-02,7,Fri
2009-02-14,20090214,2009,Q1,2,Feb,2009-02,7,Sat
2009-02-15,20090215,2009,Q1,2,Feb,2009-02,7,Sun
2009-02-16,20090216,2009,Q1,2,Feb,2009-02,8,Mon
2009-02-17,20090217,2009,Q1,2,Feb,2009-02,8,Tue
2009-02-18,20090218,2009,Q1,2,Feb,2009-02,8,Wed
2009-02-19,20090219,2009,Q1,2,Feb,2009-02,8,Thu
2009-02-20,20090220,2009,Q1,2,Feb,2009-02,8,Fri
2009-02-21,20090221,2009,Q1,2,Feb,2009-02,8,Sat
2009-02-22,20090222,2009,Q1,2,Feb,2009-02,8,Sun
2009-02-23,20090223,2009,Q1,2,Feb,2009-02,9,Mon
2009-02-24,20090224,2009,Q1,2,Feb,2009-02,9,Tue
2009-02-25,20090225,2009,Q1,2,Feb,2009-02,9,Wed
2009-02-26,20090226,2009,Q1,2,Feb,2009-02,9,Thu
2009-02-27,20090227,2009,Q1,2,Feb,2009-02,9,Fri
2009-02-28,20090228,2009,Q1,2,Feb,2009-02,9,Sat
2009-03-01,20090301,2009,Q1,3,Mar,2009-03,9,Sun
2009-03-02,20090302,2009,Q1,3,Mar,2009-03,10,Mon
2009-03-03,20090303,2009,Q1,3,Mar,2009-03,10,Tue
2009-03-04,20090304,2009,Q1,3,Mar,2009-03,10,Wed
2009-03-05,20090305,2009,Q1,3,Mar,2009-03,10,Thu
2009-03-06,20090306,2009,Q1,3,Mar,2009-03,10,Fri
2009-03-07,20090307,2009,Q1,3,Mar,2009-03,10,Sat
2009-03-08,20090308,2009,Q1,3,Mar,2009-03,10,Sun
2009-03-09,20090309,2009,Q1,3,Mar,2009-03,11,Mon
2009-03-10,20090310,2009,Q1,3,Mar,2009-03,11,Tue
2009-03-11,20090311,2009,Q1,3,Mar,2009-03,11,Wed
2009-03-12,20090312,2009,Q1,3,Mar,2009-03,11,Thu
2009-03-13,20090313,2009,Q1,3,Mar,2009-03,11,Fri
2009-03-14,20090314,2009,Q1,3,Mar,2009-03,11,Sat
2009-03-15,20090315,2009,Q1,3,Mar,2009-03,11,Sun
2009-03-16,20090316,2009,Q1,3,Mar,2009-03,12,Mon
2009-03-17,20090317,2009,Q1,3,Mar,2009-03,12,Tue
2009-03-18,20090318,2009,Q1,3,Mar,2009-03,12,Wed
2009-03-19,20090319,2009,Q1,3,Mar,2009-03,12,Thu
2009-03-20,20090320,2009,Q1,3,Mar,2009-03,12,Fri
2009-03-21,20090321,2009,Q1,3,Mar,2009-03,12,Sat
2009-03-22,20090322,2009,Q1,3,Mar,2009-03,12,Sun
2009-03-23,20090323,2009,Q1,3,Mar,2009-03,13,Mon
2009-03-24,20090324,2009,Q1,3,Mar,2009-03,13,Tue
2009-03-25,20090325,2009,Q1,3,Mar,2009-03,13,Wed
2009-03-26,20090326,2009,Q1,3,Mar,2009-03,13,Thu
2009-03-27,20090327,2009,Q1,3,Mar,2009-03,13,Fri
2009-03-28,20090328,2009,Q1,3,Mar,2009-03,13,Sat
2009-03-29,20090329,2009,Q1,3,Mar,2009-03,13,Sun
2009-03-30,20090330,2009,Q1,3,Mar,2009-03,14,Mon
2009-03-31,20090331,2009,Q1,3,Mar,2009-03,14,Tue
2009-04-01,20090401,2009,Q2,4,Apr,2009-04,14,Wed
2009-04-02,20090402,2009,Q2,4,Apr,2009-04,14,Thu
2009-04-03,20090403,2009,Q2,4,Apr,2009-04,14,Fri
2009-04-04,20090404,2009,Q2,4,Apr,2009-04,14,Sat
2009-04-05,20090405,2009,Q2,4,Apr,2009-04,14,Sun
2009-04-06,20090406,2009,Q2,4,Apr,2009-04,15,Mon
2009-04-07,20090407,2009,Q2,4,Apr,2009-04,15,Tue
2009-04-08,20090408,2009,Q2,4,Apr,2009-04,15,Wed
2009-04-09,20090409,2009,Q2,4,Apr,2009-04,15,Thu
2009-04-10,20090410,2009,Q2,4,Apr,2009-04,15,Fri
2009-04-11,20090411,2009,Q2,4,Apr,2009-04,15,Sat
2009-04-12,20090412,2009,Q2,4,Apr,2009-04,15,Sun
2009-04-13,20090413,2009,Q2,4,Apr,2009-04,16,Mon
2009-04-14,20090414,2009,Q2,4,Apr,2009-04,16,Tue
2009-04-15,20090415,2009,Q2,4,Apr,2009-04,16,Wed
2009-04-16,20090416,2009,Q2,4,Apr,2009-04,16,Thu
2009-04-17,20090417,2009,Q2,4,Apr,2009-04,16,Fri
2009-04-18,20090418,2009,Q2,4,Apr,2009-04,16,Sat
2009-04-19,20090419,2009,Q2,4,Apr,2009-04,16,Sun
2009-04-20,20090420,2009,Q2,4,Apr,2009-04,17,Mon
2009-04-21,20090421,2009,Q2,4,Apr,2009-04,17,Tue
2009-04-22,20090422,2009,Q2,4,Apr,2009-04,17,Wed
2009-04-23,20090423,2009,Q2,4,Apr,2009-04,17,Thu
2009-04-24,20090424,2009,Q2,4,Apr,2009-04,17,Fri
2009-04-25,20090425,2009,Q2,4,Apr,2009-04,17,Sat
2009-04-26,20090426,2009,Q2,4,Apr,2009-04,17,Sun
2009-04-27,20090427,2009,Q2,4,Apr,2009-04,18,Mon
2009-04-28,20090428,2009,Q2,4,Apr,2009-04,18,Tue
2009-04-29,20090429,2009,Q2,4,Apr,2009-04,18,Wed
2009-04-30,20090430,2009,Q2,4,Apr,2009-04,18,Thu
2009-05-01,20090501,2009,Q2,5,May,2009-05,18,Fri
2009-05-02,20090502,2009,Q2,5,May,2009-05,18,Sat
2009-05-03,20090503,2009,Q2,5,May,2009-05,18,Sun
2009-05-04,20090504,2009,Q2,5,May,2009-05,19,Mon
2009-05-05,20090505,2009,Q2,5,May,2009-05,19,Tue
2009-05-06,20090506,2009,Q2,5,May,2009-05,19,Wed
2009-05-07,20090507,2009,Q2,5,May,2009-05,19,Thu
2009-05-08,20090508,2009,Q2,5,May,2009-05,19,Fri
2009-05-09,20090509,2009,Q2,5,May,2009-05,19,Sat
2009-05-10,20090510,2009,Q2,5,May,2009-05,19,Sun
2009-05-11,20090511,2009,Q2,5,May,2009-05,20,Mon
2009-05-12,20090512,2009,Q2,5,May,2009-05,20,Tue
2009-05-13,20090513,2009,Q2,5,May,2009-05,20,Wed
2009-05-14,20090514,2009,Q2,5,May,2009-05,20,Thu
2009-05-15,20090515,2009,Q2,5,May,2009-05,20,Fri
2009-05-16,20090516,2009,Q2,5,May,2009-05,20,Sat
2009-05-17,20090517,2009,Q2,5,May,2009-05,20,Sun
2009-05-18,20090518,2009,Q2,5,May,2009-05,21,Mon
2009-05-19,20090519,2009,Q2,5,May,2009-05,21,Tue
2009-05-20,20090520,2009,Q2,5,May,2009-05,21,Wed
2009-05-21,20090521,2009,Q2,5,May,2009-05,21,Thu
2009-05-22,20090522,2009,Q2,5,May,2009-05,21,Fri
2009-05-23,20090523,2009,Q2,5,May,2009-05,21,Sat
2009-05-24,20090524,2009,Q2,5,May,2009-05,21,Sun
2009-05-25,20090525,2009,Q2,5,May,2009-05,22,Mon
2009-05-26,20090526,2009,Q2,5,May,2009-05,22,Tue
2009-05-27,20090527,2009,Q2,5,May,2009-05,22,Wed
2009-05-28,20090528,2009,Q2,5,May,2009-05,22,Thu
2009-05-29,20090529,2009,Q2,5,May,2009-05,22,Fri
2009-05-30,20090530,2009,Q2,5,May,2009-05,22,Sat
2009-05-31,20090531,2009,Q2,5,May,2009-05,22,Sun
2009-06-01,20090601,2009,Q2,6,Jun,2009-06,23,Mon
2009-06-02,20090602,2009,Q2,6,Jun,2009-06,23,Tue
2009-06-03,20090603,2009,Q2,6,Jun,2009-06,23,Wed
2009-06-04,20090604,2009,Q2,6,Jun,2009-06,23,Thu
2009-06-05,20090605,2009,Q2,6,Jun,2009-06,23,Fri
2009-06-06,20090606,2009,Q2,6,Jun,2009-06,23,Sat
2009-06-07,20090607,2009,Q2,6,Jun,2009-06,23,Sun
2009-06-08,20090608,2009,Q2,6,Jun,2009-06,24,Mon
2009-06-09,20090609,2009,Q2,6,Jun,2009-06,24,Tue
2009-06-10,20090610,2009,Q2,6,Jun,2009-06,24,Wed
2009-06-11,20090611,2009,Q2,6,Jun,2009-06,24,Thu
2009-06-12,20090612,2009,Q2,6,Jun,2009-06,24,Fri
2009-06-13,20090613,2009,Q2,6,Jun,2009-06,24,Sat
2009-06-14,20090614,2009,Q2,6,Jun,2009-06,24,Sun
2009-06-15,20090615,2009,Q2,6,Jun,2009-06,25,Mon
2009-06-16,20090616,2009,Q2,6,Jun,2009-06,25,Tue
2009-06-17,20090617,2009,Q2,6,Jun,2009-06,25,Wed
2009-06-18,20090618,2009,Q2,6,Jun,2009-06,25,Thu
2009-06-19,20090619,2009,Q2,6,Jun,2009-06,25,Fri
2009-06-20,20090620,2009,Q2,6,Jun,2009-06,25,Sat
2009-06-21,20090621,2009,Q2,6,Jun,2009-06,25,Sun
2009-06-22,20090622,2009,Q2,6,Jun,2009-06,26,Mon
2009-06-23,20090623,2009,Q2,6,Jun,2009-06,26,Tue
2009-06-24,20090624,2009,Q2,6,Jun,2009-06,26,Wed
2009-06-25,20090625,2009,Q2,6,Jun,2009-06,26,Thu
2009-06-26,20090626,2009,Q2,6,Jun,2009-06,26,Fri
2009-06-27,20090627,2009,Q2,6,Jun,2009-06,26,Sat
2009-06-28,20090628,2009,Q2,6,Jun,2009-06,26,Sun
2009-06-29,20090629,2009,Q2,6,Jun,2009-06,27,Mon
2009-06-30,20090630,2009,Q2,6,Jun,2009-06,27,Tue
2009-07-01,20090701,2009,Q3,7,Jul,2009-07,27,Wed
2009-07-02,20090702,2009,Q3,7,Jul,2009-07,27,Thu
2009-07-03,20090703,2009,Q3,7,Jul,2009-07,27,Fri
2009-07-04,20090704,2009,Q3,7,Jul,2009-07,27,Sat
2009-07-05,20090705,2009,Q3,7,Jul,2009-07,27,Sun
2009-07-06,20090706,2009,Q3,7,Jul,2009-07,28,Mon
2009-07-07,20090707,2009,Q3,7,Jul,2009-07,28,Tue
2009-07-08,20090708,2009,Q3,7,Jul,2009-07,28,Wed
2009-07-09,20090709,2009,Q3,7,Jul,2009-07,28,Thu
2009-07-10,20090710,2009,Q3,7,Jul,2009-07,28,Fri
2009-07-11,20090711,2009,Q3,7,Jul,2009-07,28,Sat
2009-07-12,20090712,2009,Q3,7,Jul,2009-07,28,Sun
2009-07-13,20090713,2009,Q3,7,Jul,2009-07,29,Mon
2009-07-14,20090714,2009,Q3,7,Jul,2009-07,29,Tue
2009-07-15,20090715,2009,Q3,7,Jul,2009-07,29,Wed
2009-07-16,20090716,2009,Q3,7,Jul,2009-07,29,Thu
2009-07-17,20090717,2009,Q3,7,Jul,2009-07,29,Fri
2009-07-18,20090718,2009,Q3,7,Jul,2009-07,29,Sat
2009-07-19,20090719,2009,Q3,7,Jul,2009-07,29,Sun
2009-07-20,20090720,2009,Q3,7,Jul,2009-07,30,Mon
2009-07-21,20090721,2009,Q3,7,Jul,2009-07,30,Tue
2009-07-22,20090722,2009,Q3,7,Jul,2009-07,30,Wed
2009-07-23,20090723,2009,Q3,7,Jul,2009-07,30,Thu
2009-07-24,20090724,2009,Q3,7,Jul,2009-07,30,Fri
2009-07-25,20090725,2009,Q3,7,Jul,2009-07,30,Sat
2009-07-26,20090726,2009,Q3,7,Jul,2009-07,30,Sun
2009-07-27,20090727,2009,Q3,7,Jul,2009-07,31,Mon
2009-07-28,20090728,2009,Q3,7,Jul,2009-07,31,Tue
2009-07-29,20090729,2009,Q3,7,Jul,2009-07,31,Wed
2009-07-30,20090730,2009,Q3,7,Jul,2009-07,31,Thu
2009-07-31,20090731,2009,Q3,7,Jul,2009-07,31,Fri
2009-08-01,20090801,2009,Q3,8,Aug,2009-08,31,Sat
2009-08-02,20090802,2009,Q3,8,Aug,2009-08,31,Sun
2009-08-03,20090803,2009,Q3,8,Aug,2009-08,32,Mon
2009-08-04,20090804,2009,Q3,8,Aug,2009-08,32,Tue
2009-08-05,20090805,2009,Q3,8,Aug,2009-08,32,Wed
2009-08-06,20090806,2009,Q3,8,Aug,2009-08,32,Thu
2009-08-07,20090807,2009,Q3,8,Aug,2009-08,32,Fri
2009-08-08,20090808,2009,Q3,8,Aug,2009-08,32,Sat
2009-08-09,20090809,2009,Q3,8,Aug,2009-08,32,Sun
2009-08-10,20090810,2009,Q3,8,Aug,2009-08,33,Mon
2009-08-11,20090811,2009,Q3,8,Aug,2009-08,33,Tue
2009-08-12,20090812,2009,Q3,8,Aug,2009-08,33,Wed
2009-08-13,20090813,2009,Q3,8,Aug,2009-08,33,Thu
2009-08-14,20090814,2009,Q3,8,Aug,2009-08,33,Fri
2009-08-15,20090815,2009,Q3,8,Aug,2009-08,33,Sat
2009-08-16,20090816,2009,Q3,8,Aug,2009-08,33,Sun
2009-08-17,20090817,2009,Q3,8,Aug,2009-08,34,Mon
2009-08-18,20090818,2009,Q3,8,Aug,2009-08,34,Tue
2009-08-19,20090819,2009,Q3,8,Aug,2009-08,34,Wed
2009-08-20,20090820,2009,Q3,8,Aug,2009-08,34,Thu
2009-08-21,20090821,2009,Q3,8,Aug,2009-08,34,Fri
2009-08-22,20090822,2009,Q3,8,Aug,2009-08,34,Sat
2009-08-23,20090823,2009,Q3,8,Aug,2009-08,34,Sun
2009-08-24,20090824,2009,Q3,8,Aug,2009-08,35,Mon
2009-08-25,20090825,2009,Q3,8,Aug,2009-08,35,Tue
2009-08-26,20090826,2009,Q3,8,Aug,2009-08,35,Wed
2009-08-27,20090827,2009,Q3,8,Aug,2009-08,35,Thu
2009-08-28,20090828,2009,Q3,8,Aug,2009-08,35,Fri
2009-08-29,20090829,2009,Q3,8,Aug,2009-08,35,Sat
2009-08-30,20090830,2009,Q3,8,Aug,2009-08,35,Sun
2009-08-31,20090831,2009,Q3,8,Aug,2009-08,36,Mon
2009-09-01,20090901,2009,Q3,9,Sep,2009-09,36,Tue
2009-09-02,20090902,2009,Q3,9,Sep,2009-09,36,Wed
2009-09-03,20090903,2009,Q3,9,Sep,2009-09,36,Thu
2009-09-04,20090904,2009,Q3,9,Sep,2009-09,36,Fri
2009-09-05,20090905,2009,Q3,9,Sep,2009-09,36,Sat
2009-09-06,20090906,2009,Q3,9,Sep,2009-09,36,Sun
2009-09-07,20090907,2009,Q3,9,Sep,2009-09,37,Mon
2009-09-08,20090908,2009,Q3,9,Sep,2009-09,37,Tue
2009-09-09,20090909,2009,Q3,9,Sep,2009-09,37,Wed
2009-09-10,20090910,2009,Q3,9,Sep,2009-09,37,Thu
2009-09-11,20090911,2009,Q3,9,Sep,2009-09,37,Fri
2009-09-12,20090912,2009,Q3,9,Sep,2009-09,37,Sat
2009-09-13,20090913,2009,Q3,9,Sep,2009-09,37,Sun
2009-09-14,20090914,2009,Q3,9,Sep,2009-09,38,Mon
2009-09-15,20090915,2009,Q3,9,Sep,2009-09,38,Tue
2009-09-16,20090916,2009,Q3,9,Sep,2009-09,38,Wed
2009-09-17,20090917,2009,Q3,9,Sep,2009-09,38,Thu
2009-09-18,20090918,2009,Q3,9,Sep,2009-09,38,Fri
2009-09-19,20090919,2009,Q3,9,Sep,2009-09,38,Sat
2009-09-20,20090920,2009,Q3,9,Sep,2009-09,38,Sun
2009-09-21,20090921,2009,Q3,9,Sep,2009-09,39,Mon
2009-09-22,20090922,2009,Q3,9,Sep,2009-09,39,Tue
2009-09-23,20090923,2009,Q3,9,Sep,2009-09,39,Wed
2009-09-24,20090924,2009,Q3,9,Sep,2009-09,39,Thu
2009-09-25,20090925,2009,Q3,9,Sep,2009-09,39,Fri
2009-09-26,20090926,2009,Q3,9,Sep,2009-09,39,Sat
2009-09-27,20090927,2009,Q3,9,Sep,2009-09,39,Sun
2009-09-28,20090928,2009,Q3,9,Sep,2009-09,40,Mon
2009-09-29,20090929,2009,Q3,9,Sep,2009-09,40,Tue
2009-09-30,20090930,2009,Q3,9,Sep,2009-09,40,Wed
2009-10-01,20091001,2009,Q4,10,Oct,2009-10,40,Thu
2009-10-02,20091002,2009,Q4,10,Oct,2009-10,40,Fri
2009-10-03,20091003,2009,Q4,10,Oct,2009-10,40,Sat
2009-10-04,20091004,2009,Q4,10,Oct,2009-10,40,Sun
2009-10-05,20091005,2009,Q4,10,Oct,2009-10,41,Mon
2009-10-06,20091006,2009,Q4,10,Oct,2009-10,41,Tue
2009-10-07,20091007,2009,Q4,10,Oct,2009-10,41,Wed
2009-10-08,20091008,2009,Q4,10,Oct,2009-10,41,Thu
2009-10-09,20091009,2009,Q4,10,Oct,2009-10,41,Fri
2009-10-10,20091010,2009,Q4,10,Oct,2009-10,41,Sat
2009-10-11,20091011,2009,Q4,10,Oct,2009-10,41,Sun
2009-10-12,20091012,2009,Q4,10,Oct,2009-10,42,Mon
2009-10-13,20091013,2009,Q4,10,Oct,2009-10,42,Tue
2009-10-14,20091014,2009,Q4,10,Oct,2009-10,42,Wed
2009-10-15,20091015,2009,Q4,10,Oct,2009-10,42,Thu
2009-10-16,20091016,2009,Q4,10,Oct,2009-10,42,Fri
2009-10-17,20091017,2009,Q4,10,Oct,2009-10,42,Sat
2009-10-18,20091018,2009,Q4,10,Oct,2009-10,42,Sun
2009-10-19,20091019,2009,Q4,10,Oct,2009-10,43,Mon
2009-10-20,20091020,2009,Q4,10,Oct,2009-10,43,Tue
2009-10-21,20091021,2009,Q4,10,Oct,2009-10,43,Wed
2009-10-22,20091022,2009,Q4,10,Oct,2009-10,43,Thu
2009-10-23,20091023,2009,Q4,10,Oct,2009-10,43,Fri
2009-10-24,20091024,2009,Q4,10,Oct,2009-10,43,Sat
2009-10-25,20091025,2009,Q4,10,Oct,2009-10,43,Sun
2009-10-26,20091026,2009,Q4,10,Oct,2009-10,44,Mon
2009-10-27,20091027,2009,Q4,10,Oct,2009-10,44,Tue
2009-10-28,20091028,2009,Q4,10,Oct,2009-10,44,Wed
2009-10-29,20091029,2009,Q4,10,Oct,2009-10,44,Thu
2009-10-30,20091030,2009,Q4,10,Oct,2009-10,44,Fri
2009-10-31,20091031,2009,Q4,10,Oct,2009-10,44,Sat
2009-11-01,20091101,2009,Q4,11,Nov,2009-11,44,Sun
2009-11-02,20091102,2009,Q4,11,Nov,2009-11,45,Mon
2009-11-03,20091103,2009,Q4,11,Nov,2009-11,45,Tue
2009-11-04,20091104,2009,Q4,11,Nov,2009-11,45,Wed
2009-11-05,20091105,2009,Q4,11,Nov,2009-11,45,Thu
2009-11-06,20091106,2009,Q4,11,Nov,2009-11,45,Fri
2009-11-07,20091107,2009,Q4,11,Nov,2009-11,45,Sat
2009-11-08,20091108,2009,Q4,11,Nov,2009-11,45,Sun
2009-11-09,20091109,2009,Q4,11,Nov,2009-11,46,Mon
2009-11-10,20091110,2009,Q4,11,Nov,2009-11,46,Tue
2009-11-11,20091111,2009,Q4,11,Nov,2009-11,46,Wed
2009-11-12,20091112,2009,Q4,11,Nov,2009-11,46,Thu
2009-11-13,20091113,2009,Q4,11,Nov,2009-11,46,Fri
2009-11-14,20091114,2009,Q4,11,Nov,2009-11,46,Sat
2009-11-15,20091115,2009,Q4,11,Nov,2009-11,46,Sun
2009-11-16,20091116,2009,Q4,11,Nov,2009-11,47,Mon
2009-11-17,20091117,2009,Q4,11,Nov,2009-11,47,Tue
2009-11-18,20091118,2009,Q4,11,Nov,2009-11,47,Wed
2009-11-19,20091119,2009,Q4,11,Nov,2009-11,47,Thu
2009-11-20,20091120,2009,Q4,11,Nov,2009-11,47,Fri
2009-11-21,20091121,2009,Q4,11,Nov,2009-11,47,Sat
2009-11-22,20091122,2009,Q4,11,Nov,2009-11,47,Sun
2009-11-23,20091123,2009,Q4,11,Nov,2009-11,48,Mon
2009-11-24,20091124,2009,Q4,11,Nov,2009-11,48,Tue
2009-11-25,20091125,2009,Q4,11,Nov,2009-11,48,Wed
2009-11-26,20091126,2009,Q4,11,Nov,2009-11,48,Thu
2009-11-27,20091127,2009,Q4,11,Nov,2009-11,48,Fri
2009-11-28,20091128,2009,Q4,11,Nov,2009-11,48,Sat
2009-11-29,20091129,2009,Q4,11,Nov,2009-11,48,Sun
2009-11-30,20091130,2009,Q4,11,Nov,2009-11,49,Mon
2009-12-01,20091201,2009,Q4,12,Dec,2009-12,49,Tue
2009-12-02,20091202,2009,Q4,12,Dec,2009-12,49,Wed
2009-12-03,20091203,2009,Q4,12,Dec,2009-12,49,Thu
2009-12-04,20091204,2009,Q4,12,Dec,2009-12,49,Fri
2009-12-05,20091205,2009,Q4,12,Dec,2009-12,49,Sat
2009-12-06,20091206,2009,Q4,12,Dec,2009-12,49,Sun
2009-12-07,20091207,2009,Q4,12,Dec,2009-12,50,Mon
2009-12-08,20091208,2009,Q4,12,Dec,2009-12,50,Tue
2009-12-09,20091209,2009,Q4,12,Dec,2009-12,50,Wed
2009-12-10,20091210,2009,Q4,12,Dec,2009-12,50,Thu
2009-12-11,20091211,2009,Q4,12,Dec,2009-12,50,Fri
2009-12-12,20091212,2009,Q4,12,Dec,2009-12,50,Sat
2009-12-13,20091213,2009,Q4,12,Dec,2009-12,50,Sun
2009-12-14,20091214,2009,Q4,12,Dec,2009-12,51,Mon
2009-12-15,20091215,2009,Q4,12,Dec,2009-12,51,Tue
2009-12-16,20091216,2009,Q4,12,Dec,2009-12,51,Wed
2009-12-17,20091217,2009,Q4,12,Dec,2009-12,51,Thu
2009-12-18,20091218,2009,Q4,12,Dec,2009-12,51,Fri
2009-12-19,20091219,2009,Q4,12,Dec,2009-12,51,Sat
2009-12-20,20091220,2009,Q4,12,Dec,2009-12,51,Sun
2009-12-21,20091221,2009,Q4,12,Dec,2009-12,52,Mon
2009-12-22,20091222,2009,Q4,12,Dec,2009-12,52,Tue
2009-12-23,20091223,2009,Q4,12,Dec,2009-12,52,Wed
2009-12-24,20091224,2009,Q4,12,Dec,2009-12,52,Thu
2009-12-25,20091225,2009,Q4,12,Dec,2009-12,52,Fri
2009-12-26,20091226,2009,Q4,12,Dec,2009-12,52,Sat
2009-12-27,20091227,2009,Q4,12,Dec,2009-12,52,Sun
2009-12-28,20091228,2009,Q4,12,Dec,2009-12,53,Mon
2009-12-29,20091229,2009,Q4,12,Dec,2009-12,53,Tue
2009-12-30,20091230,2009,Q4,12,Dec,2009-12,53,Wed
2009-12-31,20091231,2009,Q4,12,Dec,2009-12,53,Thu
2010-01-01,20100101,2010,Q1,1,Jan,2010-01,53,Fri
2010-01-02,20100102,2010,Q1,1,Jan,2010-01,53,Sat
2010-01-03,20100103,2010,Q1,1,Jan,2010-01,53,Sun
2010-01-04,20100104,2010,Q1,1,Jan,2010-01,1,Mon
2010-01-05,20100105,2010,Q1,1,Jan,2010-01,1,Tue
2010-01-06,20100106,2010,Q1,1,Jan,2010-01,1,Wed
2010-01-07,20100107,2010,Q1,1,Jan,2010-01,1,Thu
2010-01-08,20100108,2010,Q1,1,Jan,2010-01,1,Fri
2010-01-09,20100109,2010,Q1,1,Jan,2010-01,1,Sat
2010-01-10,20100110,2010,Q1,1,Jan,2010-01,1,Sun
2010-01-11,20100111,2010,Q1,1,Jan,2010-01,2,Mon
2010-01-12,20100112,2010,Q1,1,Jan,2010-01,2,Tue
2010-01-13,20100113,2010,Q1,1,Jan,2010-01,2,Wed
2010-01-14,20100114,2010,Q1,1,Jan,2010-01,2,Thu
2010-01-15,20100115,2010,Q1,1,Jan,2010-01,2,Fri
2010-01-16,20100116,2010,Q1,1,Jan,2010-01,2,Sat
2010-01-17,20100117,2010,Q1,1,Jan,2010-01,2,Sun
2010-01-18,20100118,2010,Q1,1,Jan,2010-01,3,Mon
2010-01-19,20100119,2010,Q1,1,Jan,2010-01,3,Tue
2010-01-20,20100120,2010,Q1,1,Jan,2010-01,3,Wed
2010-01-21,20100121,2010,Q1,1,Jan,2010-01,3,Thu
2010-01-22,20100122,2010,Q1,1,Jan,2010-01,3,Fri
2010-01-23,20100123,2010,Q1,1,Jan,2010-01,3,Sat
2010-01-24,20100124,2010,Q1,1,Jan,2010-01,3,Sun
2010-01-25,20100125,2010,Q1,1,Jan,2010-01,4,Mon
2010-01-26,20100126,2010,Q1,1,Jan,2010-01,4,Tue
2010-01-27,20100127,2010,Q1,1,Jan,2010-01,4,Wed
2010-01-28,20100128,2010,Q1,1,Jan,2010-01,4,Thu
2010-01-29,20100129,2010,Q1,1,Jan,2010-01,4,Fri
2010-01-30,20100130,2010,Q1,1,Jan,2010-01,4,Sat
2010-01-31,20100131,2010,Q1,1,Jan,2010-01,4,Sun
2010-02-01,20100201,2010,Q1,2,Feb,2010-02,5,Mon
2010-02-02,20100202,2010,Q1,2,Feb,2010-02,5,Tue
2010-02-03,20100203,2010,Q1,2,Feb,2010-02,5,Wed
2010-02-04,20100204,2010,Q1,2,Feb,2010-02,5,Thu
2010-02-05,20100205,2010,Q1,2,Feb,2010-02,5,Fri
2010-02-06,20100206,2010,Q1,2,Feb,2010-02,5,Sat
2010-02-07,20100207,2010,Q1,2,Feb,2010-02,5,Sun
2010-02-08,20100208,2010,Q1,2,Feb,2010-02,6,Mon
2010-02-09,20100209,2010,Q1,2,Feb,2010-02,6,Tue
2010-02-10,20100210,2010,Q1,2,Feb,2010-02,6,Wed
2010-02-11,20100211,2010,Q1,2,Feb,2010-02,6,Thu
2010-02-12,20100212,2010,Q1,2,Feb,2010-02,6,Fri
2010-02-13,20100213,2010,Q1,2,Feb,2010-02,6,Sat
2010-02-14,20100214,2010,Q1,2,Feb,2010-02,6,Sun
2010-02-15,20100215,2010,Q1,2,Feb,2010-02,7,Mon
2010-02-16,20100216,2010,Q1,2,Feb,2010-02,7,Tue
2010-02-17,20100217,2010,Q1,2,Feb,2010-02,7,Wed
2010-02-18,20100218,2010,Q1,2,Feb,2010-02,7,Thu
2010-02-19,20100219,2010,Q1,2,Feb,2010-02,7,Fri
2010-02-20,20100220,2010,Q1,2,Feb,2010-02,7,Sat
2010-02-21,20100221,2010,Q1,2,Feb,2010-02,7,Sun
2010-02-22,20100222,2010,Q1,2,Feb,2010-02,8,Mon
2010-02-23,20100223,2010,Q1,2,Feb,2010-02,8,Tue
2010-02-24,20100224,2010,Q1,2,Feb,2010-02,8,Wed
2010-02-25,20100225,2010,Q1,2,Feb,2010-02,8,Thu
2010-02-26,20100226,2010,Q1,2,Feb,2010-02,8,Fri
2010-02-27,20100227,2010,Q1,2,Feb,2010-02,8,Sat
2010-02-28,20100228,2010,Q1,2,Feb,2010-02,8,Sun
2010-03-01,20100301,2010,Q1,3,Mar,2010-03,9,Mon
2010-03-02,20100302,2010,Q1,3,Mar,2010-03,9,Tue
2010-03-03,20100303,2010,Q1,3,Mar,2010-03,9,Wed
2010-03-04,20100304,2010,Q1,3,Mar,2010-03,9,Thu
2010-03-05,20100305,2010,Q1,3,Mar,2010-03,9,Fri
2010-03-06,20100306,2010,Q1,3,Mar,2010-03,9,Sat
2010-03-07,20100307,2010,Q1,3,Mar,2010-03,9,Sun
2010-03-08,20100308,2010,Q1,3,Mar,2010-03,10,Mon
2010-03-09,20100309,2010,Q1,3,Mar,2010-03,10,Tue
2010-03-10,20100310,2010,Q1,3,Mar,2010-03,10,Wed
2010-03-11,20100311,2010,Q1,3,Mar,2010-03,10,Thu
2010-03-12,20100312,2010,Q1,3,Mar,2010-03,10,Fri
2010-03-13,20100313,2010,Q1,3,Mar,2010-03,10,Sat
2010-03-14,20100314,2010,Q1,3,Mar,2010-03,10,Sun
2010-03-15,20100315,2010,Q1,3,Mar,2010-03,11,Mon
2010-03-16,20100316,2010,Q1,3,Mar,2010-03,11,Tue
2010-03-17,20100317,2010,Q1,3,Mar,2010-03,11,Wed
2010-03-18,20100318,2010,Q1,3,Mar,2010-03,11,Thu
2010-03-19,20100319,2010,Q1,3,Mar,2010-03,11,Fri
2010-03-20,20100320,2010,Q1,3,Mar,2010-03,11,Sat
2010-03-21,20100321,2010,Q1,3,Mar,2010-03,11,Sun
2010-03-22,20100322,2010,Q1,3,Mar,2010-03,12,Mon
2010-03-23,20100323,2010,Q1,3,Mar,2010-03,12,Tue
2010-03-24,20100324,2010,Q1,3,Mar,2010-03,12,Wed
2010-03-25,20100325,2010,Q1,3,Mar,2010-03,12,Thu
2010-03-26,20100326,2010,Q1,3,Mar,2010-03,12,Fri
2010-03-27,20100327,2010,Q1,3,Mar,2010-03,12,Sat
2010-03-28,20100328,2010,Q1,3,Mar,2010-03,12,Sun
2010-03-29,20100329,2010,Q1,3,Mar,2010-03,13,Mon
2010-03-30,20100330,2010,Q1,3,Mar,2010-03,13,Tue
2010-03-31,20100331,2010,Q1,3,Mar,2010-03,13,Wed
2010-04-01,20100401,2010,Q2,4,Apr,2010-04,13,Thu
2010-04-02,20100402,2010,Q2,4,Apr,2010-04,13,Fri
2010-04-03,20100403,2010,Q2,4,Apr,2010-04,13,Sat
2010-04-04,20100404,2010,Q2,4,Apr,2010-04,13,Sun
2010-04-05,20100405,2010,Q2,4,Apr,2010-04,14,Mon
2010-04-06,20100406,2010,Q2,4,Apr,2010-04,14,Tue
2010-04-07,20100407,2010,Q2,4,Apr,2010-04,14,Wed
2010-04-08,20100408,2010,Q2,4,Apr,2010-04,14,Thu
2010-04-09,20100409,2010,Q2,4,Apr,2010-04,14,Fri
2010-04-10,20100410,2010,Q2,4,Apr,2010-04,14,Sat
2010-04-11,20100411,2010,Q2,4,Apr,2010-04,14,Sun
2010-04-12,20100412,2010,Q2,4,Apr,2010-04,15,Mon
2010-04-13,20100413,2010,Q2,4,Apr,2010-04,15,Tue
2010-04-14,20100414,2010,Q2,4,Apr,2010-04,15,Wed
2010-04-15,20100415,2010,Q2,4,Apr,2010-04,15,Thu
2010-04-16,20100416,2010,Q2,4,Apr,2010-04,15,Fri
2010-04-17,20100417,2010,Q2,4,Apr,2010-04,15,Sat
2010-04-18,20100418,2010,Q2,4,Apr,2010-04,15,Sun
2010-04-19,20100419,2010,Q2,4,Apr,2010-04,16,Mon
2010-04-20,20100420,2010,Q2,4,Apr,2010-04,16,Tue
2010-04-21,20100421,2010,Q2,4,Apr,2010-04,16,Wed
2010-04-22,20100422,2010,Q2,4,Apr,2010-04,16,Thu
2010-04-23,20100423,2010,Q2,4,Apr,2010-04,16,Fri
2010-04-24,20100424,2010,Q2,4,Apr,2010-04,16,Sat
2010-04-25,20100425,2010,Q2,4,Apr,2010-04,16,Sun
2010-04-26,20100426,2010,Q2,4,Apr,2010-04,17,Mon
2010-04-27,20100427,2010,Q2,4,Apr,2010-04,17,Tue
2010-04-28,20100428,2010,Q2,4,Apr,2010-04,17,Wed
2010-04-29,20100429,2010,Q2,4,Apr,2010-04,17,Thu
2010-04-30,20100430,2010,Q2,4,Apr,2010-04,17,Fri
2010-05-01,20100501,2010,Q2,5,May,2010-05,17,Sat
2010-05-02,20100502,2010,Q2,5,May,2010-05,17,Sun
2010-05-03,20100503,2010,Q2,5,May,2010-05,18,Mon
2010-05-04,20100504,2010,Q2,5,May,2010-05,18,Tue
2010-05-05,20100505,2010,Q2,5,May,2010-05,18,Wed
2010-05-06,20100506,2010,Q2,5,May,2010-05,18,Thu
2010-05-07,20100507,2010,Q2,5,May,2010-05,18,Fri
2010-05-08,20100508,2010,Q2,5,May,2010-05,18,Sat
2010-05-09,20100509,2010,Q2,5,May,2010-05,18,Sun
2010-05-10,20100510,2010,Q2,5,May,2010-05,19,Mon
2010-05-11,20100511,2010,Q2,5,May,2010-05,19,Tue
2010-05-12,20100512,2010,Q2,5,May,2010-05,19,Wed
2010-05-13,20100513,2010,Q2,5,May,2010-05,19,Thu
2010-05-14,20100514,2010,Q2,5,May,2010-05,19,Fri
2010-05-15,20100515,2010,Q2,5,May,2010-05,19,Sat
2010-05-16,20100516,2010,Q2,5,May,2010-05,19,Sun
2010-05-17,20100517,2010,Q2,5,May,2010-05,20,Mon
2010-05-18,20100518,2010,Q2,5,May,2010-05,20,Tue
2010-05-19,20100519,2010,Q2,5,May,2010-05,20,Wed
2010-05-20,20100520,2010,Q2,5,May,2010-05,20,Thu
2010-05-21,20100521,2010,Q2,5,May,2010-05,20,Fri
2010-05-22,20100522,2010,Q2,5,May,2010-05,20,Sat
2010-05-23,20100523,2010,Q2,5,May,2010-05,20,Sun
2010-05-24,20100524,2010,Q2,5,May,2010-05,21,Mon
2010-05-25,20100525,2010,Q2,5,May,2010-05,21,Tue
2010-05-26,20100526,2010,Q2,5,May,2010-05,21,Wed
2010-05-27,20100527,2010,Q2,5,May,2010-05,21,Thu
2010-05-28,20100528,2010,Q2,5,May,2010-05,21,Fri
2010-05-29,20100529,2010,Q2,5,May,2010-05,21,Sat
2010-05-30,20100530,2010,Q2,5,May,2010-05,21,Sun
2010-05-31,20100531,2010,Q2,5,May,2010-05,22,Mon
2010-06-01,20100601,2010,Q2,6,Jun,2010-06,22,Tue
2010-06-02,20100602,2010,Q2,6,Jun,2010-06,22,Wed
2010-06-03,20100603,2010,Q2,6,Jun,2010-06,22,Thu
2010-06-04,20100604,2010,Q2,6,Jun,2010-06,22,Fri
2010-06-05,20100605,2010,Q2,6,Jun,2010-06,22,Sat
2010-06-06,20100606,2010,Q2,6,Jun,2010-06,22,Sun
2010-06-07,20100607,2010,Q2,6,Jun,2010-06,23,Mon
2010-06-08,20100608,2010,Q2,6,Jun,2010-06,23,Tue
2010-06-09,20100609,2010,Q2,6,Jun,2010-06,23,Wed
2010-06-10,20100610,2010,Q2,6,Jun,2010-06,23,Thu
2010-06-11,20100611,2010,Q2,6,Jun,2010-06,23,Fri
2010-06-12,20100612,2010,Q2,6,Jun,2010-06,23,Sat
2010-06-13,20100613,2010,Q2,6,Jun,2010-06,23,Sun
2010-06-14,20100614,2010,Q2,6,Jun,2010-06,24,Mon
2010-06-15,20100615,2010,Q2,6,Jun,2010-06,24,Tue
2010-06-16,20100616,2010,Q2,6,Jun,2010-06,24,Wed
2010-06-17,20100617,2010,Q2,6,Jun,2010-06,24,Thu
2010-06-18,20100618,2010,Q2,6,Jun,2010-06,24,Fri
2010-06-19,20100619,2010,Q2,6,Jun,2010-06,24,Sat
2010-06-20,20100620,2010,Q2,6,Jun,2010-06,24,Sun
2010-06-21,20100621,2010,Q2,6,Jun,2010-06,25,Mon
2010-06-22,20100622,2010,Q2,6,Jun,2010-06,25,Tue
2010-06-23,20100623,2010,Q2,6,Jun,2010-06,25,Wed
2010-06-24,20100624,2010,Q2,6,Jun,2010-06,25,Thu
2010-06-25,20100625,2010,Q2,6,Jun,2010-06,25,Fri
2010-06-26,20100626,2010,Q2,6,Jun,2010-06,25,Sat
2010-06-27,20100627,2010,Q2,6,Jun,2010-06,25,Sun
2010-06-28,20100628,2010,Q2,6,Jun,2010-06,26,Mon
2010-06-29,20100629,2010,Q2,6,Jun,2010-06,26,Tue
2010-06-30,20100630,2010,Q2,6,Jun,2010-06,26,Wed
2010-07-01,20100701,2010,Q3,7,Jul,2010-07,26,Thu
2010-07-02,20100702,2010,Q3,7,Jul,2010-07,26,Fri
2010-07-03,20100703,2010,Q3,7,Jul,2010-07,26,Sat
2010-07-04,20100704,2010,Q3,7,Jul,2010-07,26,Sun
2010-07-05,20100705,2010,Q3,7,Jul,2010-07,27,Mon
2010-07-06,20100706,2010,Q3,7,Jul,2010-07,27,Tue
2010-07-07,20100707,2010,Q3,7,Jul,2010-07,27,Wed
2010-07-08,20100708,2010,Q3,7,Jul,2010-07,27,Thu
2010-07-09,20100709,2010,Q3,7,Jul,2010-07,27,Fri
2010-07-10,20100710,2010,Q3,7,Jul,2010-07,27,Sat
2010-07-11,20100711,2010,Q3,7,Jul,2010-07,27,Sun
2010-07-12,20100712,2010,Q3,7,Jul,2010-07,28,Mon
2010-07-13,20100713,2010,Q3,7,Jul,2010-07,28,Tue
2010-07-14,20100714,2010,Q3,7,Jul,2010-07,28,Wed
2010-07-15,20100715,2010,Q3,7,Jul,2010-07,28,Thu
2010-07-16,20100716,2010,Q3,7,Jul,2010-07,28,Fri
2010-07-17,20100717,2010,Q3,7,Jul,2010-07,28,Sat
2010-07-18,20100718,2010,Q3,7,Jul,2010-07,28,Sun
2010-07-19,20100719,2010,Q3,7,Jul,2010-07,29,Mon
2010-07-20,20100720,2010,Q3,7,Jul,2010-07,29,Tue
2010-07-21,20100721,2010,Q3,7,Jul,2010-07,29,Wed
2010-07-22,20100722,2010,Q3,7,Jul,2010-07,29,Thu
2010-07-23,20100723,2010,Q3,7,Jul,2010-07,29,Fri
2010-07-24,20100724,2010,Q3,7,Jul,2010-07,29,Sat
2010-07-25,20100725,2010,Q3,7,Jul,2010-07,29,Sun
2010-07-26,20100726,2010,Q3,7,Jul,2010-07,30,Mon
2010-07-27,20100727,2010,Q3,7,Jul,2010-07,30,Tue
2010-07-28,20100728,2010,Q3,7,Jul,2010-07,30,Wed
2010-07-29,20100729,2010,Q3,7,Jul,2010-07,30,Thu
2010-07-30,20100730,2010,Q3,7,Jul,2010-07,30,Fri
2010-07-31,20100731,2010,Q3,7,Jul,2010-07,30,Sat
2010-08-01,20100801,2010,Q3,8,Aug,2010-08,30,Sun
2010-08-02,20100802,2010,Q3,8,Aug,2010-08,31,Mon
2010-08-03,20100803,2010,Q3,8,Aug,2010-08,31,Tue
2010-08-04,20100804,2010,Q3,8,Aug,2010-08,31,Wed
2010-08-05,20100805,2010,Q3,8,Aug,2010-08,31,Thu
2010-08-06,20100806,2010,Q3,8,Aug,2010-08,31,Fri
2010-08-07,20100807,2010,Q3,8,Aug,2010-08,31,Sat
2010-08-08,20100808,2010,Q3,8,Aug,2010-08,31,Sun
2010-08-09,20100809,2010,Q3,8,Aug,2010-08,32,Mon
2010-08-10,20100810,2010,Q3,8,Aug,2010-08,32,Tue
2010-08-11,20100811,2010,Q3,8,Aug,2010-08,32,Wed
2010-08-12,20100812,2010,Q3,8,Aug,2010-08,32,Thu
2010-08-13,20100813,2010,Q3,8,Aug,2010-08,32,Fri
2010-08-14,20100814,2010,Q3,8,Aug,2010-08,32,Sat
2010-08-15,20100815,2010,Q3,8,Aug,2010-08,32,Sun
2010-08-16,20100816,2010,Q3,8,Aug,2010-08,33,Mon
2010-08-17,20100817,2010,Q3,8,Aug,2010-08,33,Tue
2010-08-18,20100818,2010,Q3,8,Aug,2010-08,33,Wed
2010-08-19,20100819,2010,Q3,8,Aug,2010-08,33,Thu
2010-08-20,20100820,2010,Q3,8,Aug,2010-08,33,Fri
2010-08-21,20100821,2010,Q3,8,Aug,2010-08,33,Sat
2010-08-22,20100822,2010,Q3,8,Aug,2010-08,33,Sun
2010-08-23,20100823,2010,Q3,8,Aug,2010-08,34,Mon
2010-08-24,20100824,2010,Q3,8,Aug,2010-08,34,Tue
2010-08-25,20100825,2010,Q3,8,Aug,2010-08,34,Wed
2010-08-26,20100826,2010,Q3,8,Aug,2010-08,34,Thu
2010-08-27,20100827,2010,Q3,8,Aug,2010-08,34,Fri
2010-08-28,20100828,2010,Q3,8,Aug,2010-08,34,Sat
2010-08-29,20100829,2010,Q3,8,Aug,2010-08,34,Sun
2010-08-30,20100830,2010,Q3,8,Aug,2010-08,35,Mon
2010-08-31,20100831,2010,Q3,8,Aug,2010-08,35,Tue
2010-09-01,20100901,2010,Q3,9,Sep,2010-09,35,Wed
2010-09-02,20100902,2010,Q3,9,Sep,2010-09,35,Thu
2010-09-03,20100903,2010,Q3,9,Sep,2010-09,35,Fri
2010-09-04,20100904,2010,Q3,9,Sep,2010-09,35,Sat
2010-09-05,20100905,2010,Q3,9,Sep,2010-09,35,Sun
2010-09-06,20100906,2010,Q3,9,Sep,2010-09,36,Mon
2010-09-07,20100907,2010,Q3,9,Sep,2010-09,36,Tue
2010-09-08,20100908,2010,Q3,9,Sep,2010-09,36,Wed
2010-09-09,20100909,2010,Q3,9,Sep,2010-09,36,Thu
2010-09-10,20100910,2010,Q3,9,Sep,2010-09,36,Fri
2010-09-11,20100911,2010,Q3,9,Sep,2010-09,36,Sat
2010-09-12,20100912,2010,Q3,9,Sep,2010-09,36,Sun
2010-09-13,20100913,2010,Q3,9,Sep,2010-09,37,Mon
2010-09-14,20100914,2010,Q3,9,Sep,2010-09,37,Tue
2010-09-15,20100915,2010,Q3,9,Sep,2010-09,37,Wed
2010-09-16,20100916,2010,Q3,9,Sep,2010-09,37,Thu
2010-09-17,20100917,2010,Q3,9,Sep,2010-09,37,Fri
2010-09-18,20100918,2010,Q3,9,Sep,2010-09,37,Sat
2010-09-19,20100919,2010,Q3,9,Sep,2010-09,37,Sun
2010-09-20,20100920,2010,Q3,9,Sep,2010-09,38,Mon
2010-09-21,20100921,2010,Q3,9,Sep,2010-09,38,Tue
2010-09-22,20100922,2010,Q3,9,Sep,2010-09,38,Wed
2010-09-23,20100923,2010,Q3,9,Sep,2010-09,38,Thu
2010-09-24,20100924,2010,Q3,9,Sep,2010-09,38,Fri
2010-09-25,20100925,2010,Q3,9,Sep,2010-09,38,Sat
2010-09-26,20100926,2010,Q3,9,Sep,2010-09,38,Sun
2010-09-27,20100927,2010,Q3,9,Sep,2010-09,39,Mon
2010-09-28,20100928,2010,Q3,9,Sep,2010-09,39,Tue
2010-09-29,20100929,2010,Q3,9,Sep,2010-09,39,Wed
2010-09-30,20100930,2010,Q3,9,Sep,2010-09,39,Thu
2010-10-01,20101001,2010,Q4,10,Oct,2010-10,39,Fri
2010-10-02,20101002,2010,Q4,10,Oct,2010-10,39,Sat
2010-10-03,20101003,2010,Q4,10,Oct,2010-10,39,Sun
2010-10-04,20101004,2010,Q4,10,Oct,2010-10,40,Mon
2010-10-05,20101005,2010,Q4,10,Oct,2010-10,40,Tue
2010-10-06,20101006,2010,Q4,10,Oct,2010-10,40,Wed
2010-10-07,20101007,2010,Q4,10,Oct,2010-10,40,Thu
2010-10-08,20101008,2010,Q4,10,Oct,2010-10,40,Fri
2010-10-09,20101009,2010,Q4,10,Oct,2010-10,40,Sat
2010-10-10,20101010,2010,Q4,10,Oct,2010-10,40,Sun
2010-10-11,20101011,2010,Q4,10,Oct,2010-10,41,Mon
2010-10-12,20101012,2010,Q4,10,Oct,2010-10,41,Tue
2010-10-13,20101013,2010,Q4,10,Oct,2010-10,41,Wed
2010-10-14,20101014,2010,Q4,10,Oct,2010-10,41,Thu
2010-10-15,20101015,2010,Q4,10,Oct,2010-10,41,Fri
2010-10-16,20101016,2010,Q4,10,Oct,2010-10,41,Sat
2010-10-17,20101017,2010,Q4,10,Oct,2010-10,41,Sun
2010-10-18,20101018,2010,Q4,10,Oct,2010-10,42,Mon
2010-10-19,20101019,2010,Q4,10,Oct,2010-10,42,Tue
2010-10-20,20101020,2010,Q4,10,Oct,2010-10,42,Wed
2010-10-21,20101021,2010,Q4,10,Oct,2010-10,42,Thu
2010-10-22,20101022,2010,Q4,10,Oct,2010-10,42,Fri
2010-10-23,20101023,2010,Q4,10,Oct,2010-10,42,Sat
2010-10-24,20101024,2010,Q4,10,Oct,2010-10,42,Sun
2010-10-25,20101025,2010,Q4,10,Oct,2010-10,43,Mon
2010-10-26,20101026,2010,Q4,10,Oct,2010-10,43,Tue
2010-10-27,20101027,2010,Q4,10,Oct,2010-10,43,Wed
2010-10-28,20101028,2010,Q4,10,Oct,2010-10,43,Thu
2010-10-29,20101029,2010,Q4,10,Oct,2010-10,43,Fri
2010-10-30,20101030,2010,Q4,10,Oct,2010-10,43,Sat
2010-10-31,20101031,2010,Q4,10,Oct,2010-10,43,Sun
2010-11-01,20101101,2010,Q4,11,Nov,2010-11,44,Mon
2010-11-02,20101102,2010,Q4,11,Nov,2010-11,44,Tue
2010-11-03,20101103,2010,Q4,11,Nov,2010-11,44,Wed
2010-11-04,20101104,2010,Q4,11,Nov,2010-11,44,Thu
2010-11-05,20101105,2010,Q4,11,Nov,2010-11,44,Fri
2010-11-06,20101106,2010,Q4,11,Nov,2010-11,44,Sat
2010-11-07,20101107,2010,Q4,11,Nov,2010-11,44,Sun
2010-11-08,20101108,2010,Q4,11,Nov,2010-11,45,Mon
2010-11-09,20101109,2010,Q4,11,Nov,2010-11,45,Tue
2010-11-10,20101110,2010,Q4,11,Nov,2010-11,45,Wed
2010-11-11,20101111,2010,Q4,11,Nov,2010-11,45,Thu
2010-11-12,20101112,2010,Q4,11,Nov,2010-11,45,Fri
2010-11-13,20101113,2010,Q4,11,Nov,2010-11,45,Sat
2010-11-14,20101114,2010,Q4,11,Nov,2010-11,45,Sun
2010-11-15,20101115,2010,Q4,11,Nov,2010-11,46,Mon
2010-11-16,20101116,2010,Q4,11,Nov,2010-11,46,Tue
2010-11-17,20101117,2010,Q4,11,Nov,2010-11,46,Wed
2010-11-18,20101118,2010,Q4,11,Nov,2010-11,46,Thu
2010-11-19,20101119,2010,Q4,11,Nov,2010-11,46,Fri
2010-11-20,20101120,2010,Q4,11,Nov,2010-11,46,Sat
2010-11-21,20101121,2010,Q4,11,Nov,2010-11,46,Sun
2010-11-22,20101122,2010,Q4,11,Nov,2010-11,47,Mon
2010-11-23,20101123,2010,Q4,11,Nov,2010-11,47,Tue
2010-11-24,20101124,2010,Q4,11,Nov,2010-11,47,Wed
2010-11-25,20101125,2010,Q4,11,Nov,2010-11,47,Thu
2010-11-26,20101126,2010,Q4,11,Nov,2010-11,47,Fri
2010-11-27,20101127,2010,Q4,11,Nov,2010-11,47,Sat
2010-11-28,20101128,2010,Q4,11,Nov,2010-11,47,Sun
2010-11-29,20101129,2010,Q4,11,Nov,2010-11,48,Mon
2010-11-30,20101130,2010,Q4,11,Nov,2010-11,48,Tue
2010-12-01,20101201,2010,Q4,12,Dec,2010-12,48,Wed
2010-12-02,20101202,2010,Q4,12,Dec,2010-12,48,Thu
2010-12-03,20101203,2010,Q4,12,Dec,2010-12,48,Fri
2010-12-04,20101204,2010,Q4,12,Dec,2010-12,48,Sat
2010-12-05,20101205,2010,Q4,12,Dec,2010-12,48,Sun
2010-12-06,20101206,2010,Q4,12,Dec,2010-12,49,Mon
2010-12-07,20101207,2010,Q4,12,Dec,2010-12,49,Tue
2010-12-08,20101208,2010,Q4,12,Dec,2010-12,49,Wed
2010-12-09,20101209,2010,Q4,12,Dec,2010-12,49,Thu
2010-12-10,20101210,2010,Q4,12,Dec,2010-12,49,Fri
2010-12-11,20101211,2010,Q4,12,Dec,2010-12,49,Sat
2010-12-12,20101212,2010,Q4,12,Dec,2010-12,49,Sun
2010-12-13,20101213,2010,Q4,12,Dec,2010-12,50,Mon
2010-12-14,20101214,2010,Q4,12,Dec,2010-12,50,Tue
2010-12-15,20101215,2010,Q4,12,Dec,2010-12,50,Wed
2010-12-16,20101216,2010,Q4,12,Dec,2010-12,50,Thu
2010-12-17,20101217,2010,Q4,12,Dec,2010-12,50,Fri
2010-12-18,20101218,2010,Q4,12,Dec,2010-12,50,Sat
2010-12-19,20101219,2010,Q4,12,Dec,2010-12,50,Sun
2010-12-20,20101220,2010,Q4,12,Dec,2010-12,51,Mon
2010-12-21,20101221,2010,Q4,12,Dec,2010-12,51,Tue
2010-12-22,20101222,2010,Q4,12,Dec,2010-12,51,Wed
2010-12-23,20101223,2010,Q4,12,Dec,2010-12,51,Thu
2010-12-24,20101224,2010,Q4,12,Dec,2010-12,51,Fri
2010-12-25,20101225,2010,Q4,12,Dec,2010-12,51,Sat
2010-12-26,20101226,2010,Q4,12,Dec,2010-12,51,Sun
2010-12-27,20101227,2010,Q4,12,Dec,2010-12,52,Mon
2010-12-28,20101228,2010,Q4,12,Dec,2010-12,52,Tue
2010-12-29,20101229,2010,Q4,12,Dec,2010-12,52,Wed
2010-12-30,20101230,2010,Q4,12,Dec,2010-12,52,Thu
2010-12-31,20101231,2010,Q4,12,Dec,2010-12,52,Fri
2011-01-01,20110101,2011,Q1,1,Jan,2011-01,52,Sat
2011-01-02,20110102,2011,Q1,1,Jan,2011-01,52,Sun
2011-01-03,20110103,2011,Q1,1,Jan,2011-01,1,Mon
2011-01-04,20110104,2011,Q1,1,Jan,2011-01,1,Tue
2011-01-05,20110105,2011,Q1,1,Jan,2011-01,1,Wed
2011-01-06,20110106,2011,Q1,1,Jan,2011-01,1,Thu
2011-01-07,20110107,2011,Q1,1,Jan,2011-01,1,Fri
2011-01-08,20110108,2011,Q1,1,Jan,2011-01,1,Sat
2011-01-09,20110109,2011,Q1,1,Jan,2011-01,1,Sun
2011-01-10,20110110,2011,Q1,1,Jan,2011-01,2,Mon
2011-01-11,20110111,2011,Q1,1,Jan,2011-01,2,Tue
2011-01-12,20110112,2011,Q1,1,Jan,2011-01,2,Wed
2011-01-13,20110113,2011,Q1,1,Jan,2011-01,2,Thu
2011-01-14,20110114,2011,Q1,1,Jan,2011-01,2,Fri
2011-01-15,20110115,2011,Q1,1,Jan,2011-01,2,Sat
2011-01-16,20110116,2011,Q1,1,Jan,2011-01,2,Sun
2011-01-17,20110117,2011,Q1,1,Jan,2011-01,3,Mon
2011-01-18,20110118,2011,Q1,1,Jan,2011-01,3,Tue
2011-01-19,20110119,2011,Q1,1,Jan,2011-01,3,Wed
2011-01-20,20110120,2011,Q1,1,Jan,2011-01,3,Thu
2011-01-21,20110121,2011,Q1,1,Jan,2011-01,3,Fri
2011-01-22,20110122,2011,Q1,1,Jan,2011-01,3,Sat
2011-01-23,20110123,2011,Q1,1,Jan,2011-01,3,Sun
2011-01-24,20110124,2011,Q1,1,Jan,2011-01,4,Mon
2011-01-25,20110125,2011,Q1,1,Jan,2011-01,4,Tue
2011-01-26,20110126,2011,Q1,1,Jan,2011-01,4,Wed
2011-01-27,20110127,2011,Q1,1,Jan,2011-01,4,Thu
2011-01-28,20110128,2011,Q1,1,Jan,2011-01,4,Fri
2011-01-29,20110129,2011,Q1,1,Jan,2011-01,4,Sat
2011-01-30,20110130,2011,Q1,1,Jan,2011-01,4,Sun
2011-01-31,20110131,2011,Q1,1,Jan,2011-01,5,Mon
2011-02-01,20110201,2011,Q1,2,Feb,2011-02,5,Tue
2011-02-02,20110202,2011,Q1,2,Feb,2011-02,5,Wed
2011-02-03,20110203,2011,Q1,2,Feb,2011-02,5,Thu
2011-02-04,20110204,2011,Q1,2,Feb,2011-02,5,Fri
2011-02-05,20110205,2011,Q1,2,Feb,2011-02,5,Sat
2011-02-06,20110206,2011,Q1,2,Feb,2011-02,5,Sun
2011-02-07,20110207,2011,Q1,2,Feb,2011-02,6,Mon
2011-02-08,20110208,2011,Q1,2,Feb,2011-02,6,Tue
2011-02-09,20110209,2011,Q1,2,Feb,2011-02,6,Wed
2011-02-10,20110210,2011,Q1,2,Feb,2011-02,6,Thu
2011-02-11,20110211,2011,Q1,2,Feb,2011-02,6,Fri
2011-02-12,20110212,2011,Q1,2,Feb,2011-02,6,Sat
2011-02-13,20110213,2011,Q1,2,Feb,2011-02,6,Sun
2011-02-14,20110214,2011,Q1,2,Feb,2011-02,7,Mon
2011-02-15,20110215,2011,Q1,2,Feb,2011-02,7,Tue
2011-02-16,20110216,2011,Q1,2,Feb,2011-02,7,Wed
2011-02-17,20110217,2011,Q1,2,Feb,2011-02,7,Thu
2011-02-18,20110218,2011,Q1,2,Feb,2011-02,7,Fri
2011-02-19,20110219,2011,Q1,2,Feb,2011-02,7,Sat
2011-02-20,20110220,2011,Q1,2,Feb,2011-02,7,Sun
2011-02-21,20110221,2011,Q1,2,Feb,2011-02,8,Mon
2011-02-22,20110222,2011,Q1,2,Feb,2011-02,8,Tue
2011-02-23,20110223,2011,Q1,2,Feb,2011-02,8,Wed
2011-02-24,20110224,2011,Q1,2,Feb,2011-02,8,Thu
2011-02-25,20110225,2011,Q1,2,Feb,2011-02,8,Fri
2011-02-26,20110226,2011,Q1,2,Feb,2011-02,8,Sat
2011-02-27,20110227,2011,Q1,2,Feb,2011-02,8,Sun
2011-02-28,20110228,2011,Q1,2,Feb,2011-02,9,Mon
2011-03-01,20110301,2011,Q1,3,Mar,2011-03,9,Tue
2011-03-02,20110302,2011,Q1,3,Mar,2011-03,9,Wed
2011-03-03,20110303,2011,Q1,3,Mar,2011-03,9,Thu
2011-03-04,20110304,2011,Q1,3,Mar,2011-03,9,Fri
2011-03-05,20110305,2011,Q1,3,Mar,2011-03,9,Sat
2011-03-06,20110306,2011,Q1,3,Mar,2011-03,9,Sun
2011-03-07,20110307,2011,Q1,3,Mar,2011-03,10,Mon
2011-03-08,20110308,2011,Q1,3,Mar,2011-03,10,Tue
2011-03-09,20110309,2011,Q1,3,Mar,2011-03,10,Wed
2011-03-10,20110310,2011,Q1,3,Mar,2011-03,10,Thu
2011-03-11,20110311,2011,Q1,3,Mar,2011-03,10,Fri
2011-03-12,20110312,2011,Q1,3,Mar,2011-03,10,Sat
2011-03-13,20110313,2011,Q1,3,Mar,2011-03,10,Sun
2011-03-14,20110314,2011,Q1,3,Mar,2011-03,11,Mon
2011-03-15,20110315,2011,Q1,3,Mar,2011-03,11,Tue
2011-03-16,20110316,2011,Q1,3,Mar,2011-03,11,Wed
2011-03-17,20110317,2011,Q1,3,Mar,2011-03,11,Thu
2011-03-18,20110318,2011,Q1,3,Mar,2011-03,11,Fri
2011-03-19,20110319,2011,Q1,3,Mar,2011-03,11,Sat
2011-03-20,20110320,2011,Q1,3,Mar,2011-03,11,Sun
2011-03-21,20110321,2011,Q1,3,Mar,2011-03,12,Mon
2011-03-22,20110322,2011,Q1,3,Mar,2011-03,12,Tue
2011-03-23,20110323,2011,Q1,3,Mar,2011-03,12,Wed
2011-03-24,20110324,2011,Q1,3,Mar,2011-03,12,Thu
2011-03-25,20110325,2011,Q1,3,Mar,2011-03,12,Fri
2011-03-26,20110326,2011,Q1,3,Mar,2011-03,12,Sat
2011-03-27,20110327,2011,Q1,3,Mar,2011-03,12,Sun
2011-03-28,20110328,2011,Q1,3,Mar,2011-03,13,Mon
2011-03-29,20110329,2011,Q1,3,Mar,2011-03,13,Tue
2011-03-30,20110330,2011,Q1,3,Mar,2011-03,13,Wed
2011-03-31,20110331,2011,Q1,3,Mar,2011-03,13,Thu
2011-04-01,20110401,2011,Q2,4,Apr,2011-04,13,Fri
2011-04-02,20110402,2011,Q2,4,Apr,2011-04,13,Sat
2011-04-03,20110403,2011,Q2,4,Apr,2011-04,13,Sun
2011-04-04,20110404,2011,Q2,4,Apr,2011-04,14,Mon
2011-04-05,20110405,2011,Q2,4,Apr,2011-04,14,Tue
2011-04-06,20110406,2011,Q2,4,Apr,2011-04,14,Wed
2011-04-07,20110407,2011,Q2,4,Apr,2011-04,14,Thu
2011-04-08,20110408,2011,Q2,4,Apr,2011-04,14,Fri
2011-04-09,20110409,2011,Q2,4,Apr,2011-04,14,Sat
2011-04-10,20110410,2011,Q2,4,Apr,2011-04,14,Sun
2011-04-11,20110411,2011,Q2,4,Apr,2011-04,15,Mon
2011-04-12,20110412,2011,Q2,4,Apr,2011-04,15,Tue
2011-04-13,20110413,2011,Q2,4,Apr,2011-04,15,Wed
2011-04-14,20110414,2011,Q2,4,Apr,2011-04,15,Thu
2011-04-15,20110415,2011,Q2,4,Apr,2011-04,15,Fri
2011-04-16,20110416,2011,Q2,4,Apr,2011-04,15,Sat
2011-04-17,20110417,2011,Q2,4,Apr,2011-04,15,Sun
2011-04-18,20110418,2011,Q2,4,Apr,2011-04,16,Mon
2011-04-19,20110419,2011,Q2,4,Apr,2011-04,16,Tue
2011-04-20,20110420,2011,Q2,4,Apr,2011-04,16,Wed
2011-04-21,20110421,2011,Q2,4,Apr,2011-04,16,Thu
2011-04-22,20110422,2011,Q2,4,Apr,2011-04,16,Fri
2011-04-23,20110423,2011,Q2,4,Apr,2011-04,16,Sat
2011-04-24,20110424,2011,Q2,4,Apr,2011-04,16,Sun
2011-04-25,20110425,2011,Q2,4,Apr,2011-04,17,Mon
2011-04-26,20110426,2011,Q2,4,Apr,2011-04,17,Tue
2011-04-27,20110427,2011,Q2,4,Apr,2011-04,17,Wed
2011-04-28,20110428,2011,Q2,4,Apr,2011-04,17,Thu
2011-04-29,20110429,2011,Q2,4,Apr,2011-04,17,Fri
2011-04-30,20110430,2011,Q2,4,Apr,2011-04,17,Sat
2011-05-01,20110501,2011,Q2,5,May,2011-05,17,Sun
2011-05-02,20110502,2011,Q2,5,May,2011-05,18,Mon
2011-05-03,20110503,2011,Q2,5,May,2011-05,18,Tue
2011-05-04,20110504,2011,Q2,5,May,2011-05,18,Wed
2011-05-05,20110505,2011,Q2,5,May,2011-05,18,Thu
2011-05-06,20110506,2011,Q2,5,May,2011-05,18,Fri
2011-05-07,20110507,2011,Q2,5,May,2011-05,18,Sat
2011-05-08,20110508,2011,Q2,5,May,2011-05,18,Sun
2011-05-09,20110509,2011,Q2,5,May,2011-05,19,Mon
2011-05-10,20110510,2011,Q2,5,May,2011-05,19,Tue
2011-05-11,20110511,2011,Q2,5,May,2011-05,19,Wed
2011-05-12,20110512,2011,Q2,5,May,2011-05,19,Thu
2011-05-13,20110513,2011,Q2,5,May,2011-05,19,Fri
2011-05-14,20110514,2011,Q2,5,May,2011-05,19,Sat
2011-05-15,20110515,2011,Q2,5,May,2011-05,19,Sun
2011-05-16,20110516,2011,Q2,5,May,2011-05,20,Mon
2011-05-17,20110517,2011,Q2,5,May,2011-05,20,Tue
2011-05-18,20110518,2011,Q2,5,May,2011-05,20,Wed
2011-05-19,20110519,2011,Q2,5,May,2011-05,20,Thu
2011-05-20,20110520,2011,Q2,5,May,2011-05,20,Fri
2011-05-21,20110521,2011,Q2,5,May,2011-05,20,Sat
2011-05-22,20110522,2011,Q2,5,May,2011-05,20,Sun
2011-05-23,20110523,2011,Q2,5,May,2011-05,21,Mon
2011-05-24,20110524,2011,Q2,5,May,2011-05,21,Tue
2011-05-25,20110525,2011,Q2,5,May,2011-05,21,Wed
2011-05-26,20110526,2011,Q2,5,May,2011-05,21,Thu
2011-05-27,20110527,2011,Q2,5,May,2011-05,21,Fri
2011-05-28,20110528,2011,Q2,5,May,2011-05,21,Sat
2011-05-29,20110529,2011,Q2,5,May,2011-05,21,Sun
2011-05-30,20110530,2011,Q2,5,May,2011-05,22,Mon
2011-05-31,20110531,2011,Q2,5,May,2011-05,22,Tue
2011-06-01,20110601,2011,Q2,6,Jun,2011-06,22,Wed
2011-06-02,20110602,2011,Q2,6,Jun,2011-06,22,Thu
2011-06-03,20110603,2011,Q2,6,Jun,2011-06,22,Fri
2011-06-04,20110604,2011,Q2,6,Jun,2011-06,22,Sat
2011-06-05,20110605,2011,Q2,6,Jun,2011-06,22,Sun
2011-06-06,20110606,2011,Q2,6,Jun,2011-06,23,Mon
2011-06-07,20110607,2011,Q2,6,Jun,2011-06,23,Tue
2011-06-08,20110608,2011,Q2,6,Jun,2011-06,23,Wed
2011-06-09,20110609,2011,Q2,6,Jun,2011-06,23,Thu
2011-06-10,20110610,2011,Q2,6,Jun,2011-06,23,Fri
2011-06-11,20110611,2011,Q2,6,Jun,2011-06,23,Sat
2011-06-12,20110612,2011,Q2,6,Jun,2011-06,23,Sun
2011-06-13,20110613,2011,Q2,6,Jun,2011-06,24,Mon
2011-06-14,20110614,2011,Q2,6,Jun,2011-06,24,Tue
2011-06-15,20110615,2011,Q2,6,Jun,2011-06,24,Wed
2011-06-16,20110616,2011,Q2,6,Jun,2011-06,24,Thu
2011-06-17,20110617,2011,Q2,6,Jun,2011-06,24,Fri
2011-06-18,20110618,2011,Q2,6,Jun,2011-06,24,Sat
2011-06-19,20110619,2011,Q2,6,Jun,2011-06,24,Sun
2011-06-20,20110620,2011,Q2,6,Jun,2011-06,25,Mon
2011-06-21,20110621,2011,Q2,6,Jun,2011-06,25,Tue
2011-06-22,20110622,2011,Q2,6,Jun,2011-06,25,Wed
2011-06-23,20110623,2011,Q2,6,Jun,2011-06,25,Thu
2011-06-24,20110624,2011,Q2,6,Jun,2011-06,25,Fri
2011-06-25,20110625,2011,Q2,6,Jun,2011-06,25,Sat
2011-06-26,20110626,2011,Q2,6,Jun,2011-06,25,Sun
2011-06-27,20110627,2011,Q2,6,Jun,2011-06,26,Mon
2011-06-28,20110628,2011,Q2,6,Jun,2011-06,26,Tue
2011-06-29,20110629,2011,Q2,6,Jun,2011-06,26,Wed
2011-06-30,20110630,2011,Q2,6,Jun,2011-06,26,Thu
2011-07-01,20110701,2011,Q3,7,Jul,2011-07,26,Fri
2011-07-02,20110702,2011,Q3,7,Jul,2011-07,26,Sat
2011-07-03,20110703,2011,Q3,7,Jul,2011-07,26,Sun
2011-07-04,20110704,2011,Q3,7,Jul,2011-07,27,Mon
2011-07-05,20110705,2011,Q3,7,Jul,2011-07,27,Tue
2011-07-06,20110706,2011,Q3,7,Jul,2011-07,27,Wed
2011-07-07,20110707,2011,Q3,7,Jul,2011-07,27,Thu
2011-07-08,20110708,2011,Q3,7,Jul,2011-07,27,Fri
2011-07-09,20110709,2011,Q3,7,Jul,2011-07,27,Sat
2011-07-10,20110710,2011,Q3,7,Jul,2011-07,27,Sun
2011-07-11,20110711,2011,Q3,7,Jul,2011-07,28,Mon
2011-07-12,20110712,2011,Q3,7,Jul,2011-07,28,Tue
2011-07-13,20110713,2011,Q3,7,Jul,2011-07,28,Wed
2011-07-14,20110714,2011,Q3,7,Jul,2011-07,28,Thu
2011-07-15,20110715,2011,Q3,7,Jul,2011-07,28,Fri
2011-07-16,20110716,2011,Q3,7,Jul,2011-07,28,Sat
2011-07-17,20110717,2011,Q3,7,Jul,2011-07,28,Sun
2011-07-18,20110718,2011,Q3,7,Jul,2011-07,29,Mon
2011-07-19,20110719,2011,Q3,7,Jul,2011-07,29,Tue
2011-07-20,20110720,2011,Q3,7,Jul,2011-07,29,Wed
2011-07-21,20110721,2011,Q3,7,Jul,2011-07,29,Thu
2011-07-22,20110722,2011,Q3,7,Jul,2011-07,29,Fri
2011-07-23,20110723,2011,Q3,7,Jul,2011-07,29,Sat
2011-07-24,20110724,2011,Q3,7,Jul,2011-07,29,Sun
2011-07-25,20110725,2011,Q3,7,Jul,2011-07,30,Mon
2011-07-26,20110726,2011,Q3,7,Jul,2011-07,30,Tue
2011-07-27,20110727,2011,Q3,7,Jul,2011-07,30,Wed
2011-07-28,20110728,2011,Q3,7,Jul,2011-07,30,Thu
2011-07-29,20110729,2011,Q3,7,Jul,2011-07,30,Fri
2011-07-30,20110730,2011,Q3,7,Jul,2011-07,30,Sat
2011-07-31,20110731,2011,Q3,7,Jul,2011-07,30,Sun
2011-08-01,20110801,2011,Q3,8,Aug,2011-08,31,Mon
2011-08-02,20110802,2011,Q3,8,Aug,2011-08,31,Tue
2011-08-03,20110803,2011,Q3,8,Aug,2011-08,31,Wed
2011-08-04,20110804,2011,Q3,8,Aug,2011-08,31,Thu
2011-08-05,20110805,2011,Q3,8,Aug,2011-08,31,Fri
2011-08-06,20110806,2011,Q3,8,Aug,2011-08,31,Sat
2011-08-07,20110807,2011,Q3,8,Aug,2011-08,31,Sun
2011-08-08,20110808,2011,Q3,8,Aug,2011-08,32,Mon
2011-08-09,20110809,2011,Q3,8,Aug,2011-08,32,Tue
2011-08-10,20110810,2011,Q3,8,Aug,2011-08,32,Wed
2011-08-11,20110811,2011,Q3,8,Aug,2011-08,32,Thu
2011-08-12,20110812,2011,Q3,8,Aug,2011-08,32,Fri
2011-08-13,20110813,2011,Q3,8,Aug,2011-08,32,Sat
2011-08-14,20110814,2011,Q3,8,Aug,2011-08,32,Sun
2011-08-15,20110815,2011,Q3,8,Aug,2011-08,33,Mon
2011-08-16,20110816,2011,Q3,8,Aug,2011-08,33,Tue
2011-08-17,20110817,2011,Q3,8,Aug,2011-08,33,Wed
2011-08-18,20110818,2011,Q3,8,Aug,2011-08,33,Thu
2011-08-19,20110819,2011,Q3,8,Aug,2011-08,33,Fri
2011-08-20,20110820,2011,Q3,8,Aug,2011-08,33,Sat
2011-08-21,20110821,2011,Q3,8,Aug,2011-08,33,Sun
2011-08-22,20110822,2011,Q3,8,Aug,2011-08,34,Mon
2011-08-23,20110823,2011,Q3,8,Aug,2011-08,34,Tue
2011-08-24,20110824,2011,Q3,8,Aug,2011-08,34,Wed
2011-08-25,20110825,2011,Q3,8,Aug,2011-08,34,Thu
2011-08-26,20110826,2011,Q3,8,Aug,2011-08,34,Fri
2011-08-27,20110827,2011,Q3,8,Aug,2011-08,34,Sat
2011-08-28,20110828,2011,Q3,8,Aug,2011-08,34,Sun
2011-08-29,20110829,2011,Q3,8,Aug,2011-08,35,Mon
2011-08-30,20110830,2011,Q3,8,Aug,2011-08,35,Tue
2011-08-31,20110831,2011,Q3,8,Aug,2011-08,35,Wed
2011-09-01,20110901,2011,Q3,9,Sep,2011-09,35,Thu
2011-09-02,20110902,2011,Q3,9,Sep,2011-09,35,Fri
2011-09-03,20110903,2011,Q3,9,Sep,2011-09,35,Sat
2011-09-04,20110904,2011,Q3,9,Sep,2011-09,35,Sun
2011-09-05,20110905,2011,Q3,9,Sep,2011-09,36,Mon
2011-09-06,20110906,2011,Q3,9,Sep,2011-09,36,Tue
2011-09-07,20110907,2011,Q3,9,Sep,2011-09,36,Wed
2011-09-08,20110908,2011,Q3,9,Sep,2011-09,36,Thu
2011-09-09,20110909,2011,Q3,9,Sep,2011-09,36,Fri
2011-09-10,20110910,2011,Q3,9,Sep,2011-09,36,Sat
2011-09-11,20110911,2011,Q3,9,Sep,2011-09,36,Sun
2011-09-12,20110912,2011,Q3,9,Sep,2011-09,37,Mon
2011-09-13,20110913,2011,Q3,9,Sep,2011-09,37,Tue
2011-09-14,20110914,2011,Q3,9,Sep,2011-09,37,Wed
2011-09-15,20110915,2011,Q3,9,Sep,2011-09,37,Thu
2011-09-16,20110916,2011,Q3,9,Sep,2011-09,37,Fri
2011-09-17,20110917,2011,Q3,9,Sep,2011-09,37,Sat
2011-09-18,20110918,2011,Q3,9,Sep,2011-09,37,Sun
2011-09-19,20110919,2011,Q3,9,Sep,2011-09,38,Mon
2011-09-20,20110920,2011,Q3,9,Sep,2011-09,38,Tue
2011-09-21,20110921,2011,Q3,9,Sep,2011-09,38,Wed
2011-09-22,20110922,2011,Q3,9,Sep,2011-09,38,Thu
2011-09-23,20110923,2011,Q3,9,Sep,2011-09,38,Fri
2011-09-24,20110924,2011,Q3,9,Sep,2011-09,38,Sat
2011-09-25,20110925,2011,Q3,9,Sep,2011-09,38,Sun
2011-09-26,20110926,2011,Q3,9,Sep,2011-09,39,Mon
2011-09-27,20110927,2011,Q3,9,Sep,2011-09,39,Tue
2011-09-28,20110928,2011,Q3,9,Sep,2011-09,39,Wed
2011-09-29,20110929,2011,Q3,9,Sep,2011-09,39,Thu
2011-09-30,20110930,2011,Q3,9,Sep,2011-09,39,Fri
2011-10-01,20111001,2011,Q4,10,Oct,2011-10,39,Sat
2011-10-02,20111002,2011,Q4,10,Oct,2011-10,39,Sun
2011-10-03,20111003,2011,Q4,10,Oct,2011-10,40,Mon
2011-10-04,20111004,2011,Q4,10,Oct,2011-10,40,Tue
2011-10-05,20111005,2011,Q4,10,Oct,2011-10,40,Wed
2011-10-06,20111006,2011,Q4,10,Oct,2011-10,40,Thu
2011-10-07,20111007,2011,Q4,10,Oct,2011-10,40,Fri
2011-10-08,20111008,2011,Q4,10,Oct,2011-10,40,Sat
2011-10-09,20111009,2011,Q4,10,Oct,2011-10,40,Sun
2011-10-10,20111010,2011,Q4,10,Oct,2011-10,41,Mon
2011-10-11,20111011,2011,Q4,10,Oct,2011-10,41,Tue
2011-10-12,20111012,2011,Q4,10,Oct,2011-10,41,Wed
2011-10-13,20111013,2011,Q4,10,Oct,2011-10,41,Thu
2011-10-14,20111014,2011,Q4,10,Oct,2011-10,41,Fri
2011-10-15,20111015,2011,Q4,10,Oct,2011-10,41,Sat
2011-10-16,20111016,2011,Q4,10,Oct,2011-10,41,Sun
2011-10-17,20111017,2011,Q4,10,Oct,2011-10,42,Mon
2011-10-18,20111018,2011,Q4,10,Oct,2011-10,42,Tue
2011-10-19,20111019,2011,Q4,10,Oct,2011-10,42,Wed
2011-10-20,20111020,2011,Q4,10,Oct,2011-10,42,Thu
2011-10-21,20111021,2011,Q4,10,Oct,2011-10,42,Fri
2011-10-22,20111022,2011,Q4,10,Oct,2011-10,42,Sat
2011-10-23,20111023,2011,Q4,10,Oct,2011-10,42,Sun
2011-10-24,20111024,2011,Q4,10,Oct,2011-10,43,Mon
2011-10-25,20111025,2011,Q4,10,Oct,2011-10,43,Tue
2011-10-26,20111026,2011,Q4,10,Oct,2011-10,43,Wed
2011-10-27,20111027,2011,Q4,10,Oct,2011-10,43,Thu
2011-10-28,20111028,2011,Q4,10,Oct,2011-10,43,Fri
2011-10-29,20111029,2011,Q4,10,Oct,2011-10,43,Sat
2011-10-30,20111030,2011,Q4,10,Oct,2011-10,43,Sun
2011-10-31,20111031,2011,Q4,10,Oct,2011-10,44,Mon
2011-11-01,20111101,2011,Q4,11,Nov,2011-11,44,Tue
2011-11-02,20111102,2011,Q4,11,Nov,2011-11,44,Wed
2011-11-03,20111103,2011,Q4,11,Nov,2011-11,44,Thu
2011-11-04,20111104,2011,Q4,11,Nov,2011-11,44,Fri
2011-11-05,20111105,2011,Q4,11,Nov,2011-11,44,Sat
2011-11-06,20111106,2011,Q4,11,Nov,2011-11,44,Sun
2011-11-07,20111107,2011,Q4,11,Nov,2011-11,45,Mon
2011-11-08,20111108,2011,Q4,11,Nov,2011-11,45,Tue
2011-11-09,20111109,2011,Q4,11,Nov,2011-11,45,Wed
2011-11-10,20111110,2011,Q4,11,Nov,2011-11,45,Thu
2011-11-11,20111111,2011,Q4,11,Nov,2011-11,45,Fri
2011-11-12,20111112,2011,Q4,11,Nov,2011-11,45,Sat
2011-11-13,20111113,2011,Q4,11,Nov,2011-11,45,Sun
2011-11-14,20111114,2011,Q4,11,Nov,2011-11,46,Mon
2011-11-15,20111115,2011,Q4,11,Nov,2011-11,46,Tue
2011-11-16,20111116,2011,Q4,11,Nov,2011-11,46,Wed
2011-11-17,20111117,2011,Q4,11,Nov,2011-11,46,Thu
2011-11-18,20111118,2011,Q4,11,Nov,2011-11,46,Fri
2011-11-19,20111119,2011,Q4,11,Nov,2011-11,46,Sat
2011-11-20,20111120,2011,Q4,11,Nov,2011-11,46,Sun
2011-11-21,20111121,2011,Q4,11,Nov,2011-11,47,Mon
2011-11-22,20111122,2011,Q4,11,Nov,2011-11,47,Tue
2011-11-23,20111123,2011,Q4,11,Nov,2011-11,47,Wed
2011-11-24,20111124,2011,Q4,11,Nov,2011-11,47,Thu
2011-11-25,20111125,2011,Q4,11,Nov,2011-11,47,Fri
2011-11-26,20111126,2011,Q4,11,Nov,2011-11,47,Sat
2011-11-27,20111127,2011,Q4,11,Nov,2011-11,47,Sun
2011-11-28,20111128,2011,Q4,11,Nov,2011-11,48,Mon
2011-11-29,20111129,2011,Q4,11,Nov,2011-11,48,Tue
2011-11-30,20111130,2011,Q4,11,Nov,2011-11,48,Wed
2011-12-01,20111201,2011,Q4,12,Dec,2011-12,48,Thu
2011-12-02,20111202,2011,Q4,12,Dec,2011-12,48,Fri
2011-12-03,20111203,2011,Q4,12,Dec,2011-12,48,Sat
2011-12-04,20111204,2011,Q4,12,Dec,2011-12,48,Sun
2011-12-05,20111205,2011,Q4,12,Dec,2011-12,49,Mon
2011-12-06,20111206,2011,Q4,12,Dec,2011-12,49,Tue
2011-12-07,20111207,2011,Q4,12,Dec,2011-12,49,Wed
2011-12-08,20111208,2011,Q4,12,Dec,2011-12,49,Thu
2011-12-09,20111209,2011,Q4,12,Dec,2011-12,49,Fri
2011-12-10,20111210,2011,Q4,12,Dec,2011-12,49,Sat
2011-12-11,20111211,2011,Q4,12,Dec,2011-12,49,Sun
2011-12-12,20111212,2011,Q4,12,Dec,2011-12,50,Mon
2011-12-13,20111213,2011,Q4,12,Dec,2011-12,50,Tue
2011-12-14,20111214,2011,Q4,12,Dec,2011-12,50,Wed
2011-12-15,20111215,2011,Q4,12,Dec,2011-12,50,Thu
2011-12-16,20111216,2011,Q4,12,Dec,2011-12,50,Fri
2011-12-17,20111217,2011,Q4,12,Dec,2011-12,50,Sat
2011-12-18,20111218,2011,Q4,12,Dec,2011-12,50,Sun
2011-12-19,20111219,2011,Q4,12,Dec,2011-12,51,Mon
2011-12-20,20111220,2011,Q4,12,Dec,2011-12,51,Tue
2011-12-21,20111221,2011,Q4,12,Dec,2011-12,51,Wed
2011-12-22,20111222,2011,Q4,12,Dec,2011-12,51,Thu
2011-12-23,20111223,2011,Q4,12,Dec,2011-12,51,Fri
2011-12-24,20111224,2011,Q4,12,Dec,2011-12,51,Sat
2011-12-25,20111225,2011,Q4,12,Dec,2011-12,51,Sun
2011-12-26,20111226,2011,Q4,12,Dec,2011-12,52,Mon
2011-12-27,20111227,2011,Q4,12,Dec,2011-12,52,Tue
2011-12-28,20111228,2011,Q4,12,Dec,2011-12,52,Wed
2011-12-29,20111229,2011,Q4,12,Dec,2011-12,52,Thu
2011-12-30,20111230,2011,Q4,12,Dec,2011-12,52,Fri
2011-12-31,20111231,2011,Q4,12,Dec,2011-12,52,Sat
2012-01-01,20120101,2012,Q1,1,Jan,2012-01,52,Sun
2012-01-02,20120102,2012,Q1,1,Jan,2012-01,1,Mon
2012-01-03,20120103,2012,Q1,1,Jan,2012-01,1,Tue
2012-01-04,20120104,2012,Q1,1,Jan,2012-01,1,Wed
2012-01-05,20120105,2012,Q1,1,Jan,2012-01,1,Thu
2012-01-06,20120106,2012,Q1,1,Jan,2012-01,1,Fri
2012-01-07,20120107,2012,Q1,1,Jan,2012-01,1,Sat
2012-01-08,20120108,2012,Q1,1,Jan,2012-01,1,Sun
2012-01-09,20120109,2012,Q1,1,Jan,2012-01,2,Mon
2012-01-10,20120110,2012,Q1,1,Jan,2012-01,2,Tue
2012-01-11,20120111,2012,Q1,1,Jan,2012-01,2,Wed
2012-01-12,20120112,2012,Q1,1,Jan,2012-01,2,Thu
2012-01-13,20120113,2012,Q1,1,Jan,2012-01,2,Fri
2012-01-14,20120114,2012,Q1,1,Jan,2012-01,2,Sat
2012-01-15,20120115,2012,Q1,1,Jan,2012-01,2,Sun
2012-01-16,20120116,2012,Q1,1,Jan,2012-01,3,Mon
2012-01-17,20120117,2012,Q1,1,Jan,2012-01,3,Tue
2012-01-18,20120118,2012,Q1,1,Jan,2012-01,3,Wed
2012-01-19,20120119,2012,Q1,1,Jan,2012-01,3,Thu
2012-01-20,20120120,2012,Q1,1,Jan,2012-01,3,Fri
2012-01-21,20120121,2012,Q1,1,Jan,2012-01,3,Sat
2012-01-22,20120122,2012,Q1,1,Jan,2012-01,3,Sun
2012-01-23,20120123,2012,Q1,1,Jan,2012-01,4,Mon
2012-01-24,20120124,2012,Q1,1,Jan,2012-01,4,Tue
2012-01-25,20120125,2012,Q1,1,Jan,2012-01,4,Wed
2012-01-26,20120126,2012,Q1,1,Jan,2012-01,4,Thu
2012-01-27,20120127,2012,Q1,1,Jan,2012-01,4,Fri
2012-01-28,20120128,2012,Q1,1,Jan,2012-01,4,Sat
2012-01-29,20120129,2012,Q1,1,Jan,2012-01,4,Sun
2012-01-30,20120130,2012,Q1,1,Jan,2012-01,5,Mon
2012-01-31,20120131,2012,Q1,1,Jan,2012-01,5,Tue
2012-02-01,20120201,2012,Q1,2,Feb,2012-02,5,Wed
2012-02-02,20120202,2012,Q1,2,Feb,2012-02,5,Thu
2012-02-03,20120203,2012,Q1,2,Feb,2012-02,5,Fri
2012-02-04,20120204,2012,Q1,2,Feb,2012-02,5,Sat
2012-02-05,20120205,2012,Q1,2,Feb,2012-02,5,Sun
2012-02-06,20120206,2012,Q1,2,Feb,2012-02,6,Mon
2012-02-07,20120207,2012,Q1,2,Feb,2012-02,6,Tue
2012-02-08,20120208,2012,Q1,2,Feb,2012-02,6,Wed
2012-02-09,20120209,2012,Q1,2,Feb,2012-02,6,Thu
2012-02-10,20120210,2012,Q1,2,Feb,2012-02,6,Fri
2012-02-11,20120211,2012,Q1,2,Feb,2012-02,6,Sat
2012-02-12,20120212,2012,Q1,2,Feb,2012-02,6,Sun
2012-02-13,20120213,2012,Q1,2,Feb,2012-02,7,Mon
2012-02-14,20120214,2012,Q1,2,Feb,2012-02,7,Tue
2012-02-15,20120215,2012,Q1,2,Feb,2012-02,7,Wed
2012-02-16,20120216,2012,Q1,2,Feb,2012-02,7,Thu
2012-02-17,20120217,2012,Q1,2,Feb,2012-02,7,Fri
2012-02-18,20120218,2012,Q1,2,Feb,2012-02,7,Sat
2012-02-19,20120219,2012,Q1,2,Feb,2012-02,7,Sun
2012-02-20,20120220,2012,Q1,2,Feb,2012-02,8,Mon
2012-02-21,20120221,2012,Q1,2,Feb,2012-02,8,Tue
2012-02-22,20120222,2012,Q1,2,Feb,2012-02,8,Wed
2012-02-23,20120223,2012,Q1,2,Feb,2012-02,8,Thu
2012-02-24,20120224,2012,Q1,2,Feb,2012-02,8,Fri
2012-02-25,20120225,2012,Q1,2,Feb,2012-02,8,Sat
2012-02-26,20120226,2012,Q1,2,Feb,2012-02,8,Sun
2012-02-27,20120227,2012,Q1,2,Feb,2012-02,9,Mon
2012-02-28,20120228,2012,Q1,2,Feb,2012-02,9,Tue
2012-02-29,20120229,2012,Q1,2,Feb,2012-02,9,Wed
2012-03-01,20120301,2012,Q1,3,Mar,2012-03,9,Thu
2012-03-02,20120302,2012,Q1,3,Mar,2012-03,9,Fri
2012-03-03,20120303,2012,Q1,3,Mar,2012-03,9,Sat
2012-03-04,20120304,2012,Q1,3,Mar,2012-03,9,Sun
2012-03-05,20120305,2012,Q1,3,Mar,2012-03,10,Mon
2012-03-06,20120306,2012,Q1,3,Mar,2012-03,10,Tue
2012-03-07,20120307,2012,Q1,3,Mar,2012-03,10,Wed
2012-03-08,20120308,2012,Q1,3,Mar,2012-03,10,Thu
2012-03-09,20120309,2012,Q1,3,Mar,2012-03,10,Fri
2012-03-10,20120310,2012,Q1,3,Mar,2012-03,10,Sat
2012-03-11,20120311,2012,Q1,3,Mar,2012-03,10,Sun
2012-03-12,20120312,2012,Q1,3,Mar,2012-03,11,Mon
2012-03-13,20120313,2012,Q1,3,Mar,2012-03,11,Tue
2012-03-14,20120314,2012,Q1,3,Mar,2012-03,11,Wed
2012-03-15,20120315,2012,Q1,3,Mar,2012-03,11,Thu
2012-03-16,20120316,2012,Q1,3,Mar,2012-03,11,Fri
2012-03-17,20120317,2012,Q1,3,Mar,2012-03,11,Sat
2012-03-18,20120318,2012,Q1,3,Mar,2012-03,11,Sun
2012-03-19,20120319,2012,Q1,3,Mar,2012-03,12,Mon
2012-03-20,20120320,2012,Q1,3,Mar,2012-03,12,Tue
2012-03-21,20120321,2012,Q1,3,Mar,2012-03,12,Wed
2012-03-22,20120322,2012,Q1,3,Mar,2012-03,12,Thu
2012-03-23,20120323,2012,Q1,3,Mar,2012-03,12,Fri
2012-03-24,20120324,2012,Q1,3,Mar,2012-03,12,Sat
2012-03-25,20120325,2012,Q1,3,Mar,2012-03,12,Sun
2012-03-26,20120326,2012,Q1,3,Mar,2012-03,13,Mon
2012-03-27,20120327,2012,Q1,3,Mar,2012-03,13,Tue
2012-03-28,20120328,2012,Q1,3,Mar,2012-03,13,Wed
2012-03-29,20120329,2012,Q1,3,Mar,2012-03,13,Thu
2012-03-30,20120330,2012,Q1,3,Mar,2012-03,13,Fri
2012-03-31,20120331,2012,Q1,3,Mar,2012-03,13,Sat
2012-04-01,20120401,2012,Q2,4,Apr,2012-04,13,Sun
2012-04-02,20120402,2012,Q2,4,Apr,2012-04,14,Mon
2012-04-03,20120403,2012,Q2,4,Apr,2012-04,14,Tue
2012-04-04,20120404,2012,Q2,4,Apr,2012-04,14,Wed
2012-04-05,20120405,2012,Q2,4,Apr,2012-04,14,Thu
2012-04-06,20120406,2012,Q2,4,Apr,2012-04,14,Fri
2012-04-07,20120407,2012,Q2,4,Apr,2012-04,14,Sat
2012-04-08,20120408,2012,Q2,4,Apr,2012-04,14,Sun
2012-04-09,20120409,2012,Q2,4,Apr,2012-04,15,Mon
2012-04-10,20120410,2012,Q2,4,Apr,2012-04,15,Tue
2012-04-11,20120411,2012,Q2,4,Apr,2012-04,15,Wed
2012-04-12,20120412,2012,Q2,4,Apr,2012-04,15,Thu
2012-04-13,20120413,2012,Q2,4,Apr,2012-04,15,Fri
2012-04-14,20120414,2012,Q2,4,Apr,2012-04,15,Sat
2012-04-15,20120415,2012,Q2,4,Apr,2012-04,15,Sun
2012-04-16,20120416,2012,Q2,4,Apr,2012-04,16,Mon
2012-04-17,20120417,2012,Q2,4,Apr,2012-04,16,Tue
2012-04-18,20120418,2012,Q2,4,Apr,2012-04,16,Wed
2012-04-19,20120419,2012,Q2,4,Apr,2012-04,16,Thu
2012-04-20,20120420,2012,Q2,4,Apr,2012-04,16,Fri
2012-04-21,20120421,2012,Q2,4,Apr,2012-04,16,Sat
2012-04-22,20120422,2012,Q2,4,Apr,2012-04,16,Sun
2012-04-23,20120423,2012,Q2,4,Apr,2012-04,17,Mon
2012-04-24,20120424,2012,Q2,4,Apr,2012-04,17,Tue
2012-04-25,20120425,2012,Q2,4,Apr,2012-04,17,Wed
2012-04-26,20120426,2012,Q2,4,Apr,2012-04,17,Thu
2012-04-27,20120427,2012,Q2,4,Apr,2012-04,17,Fri
2012-04-28,20120428,2012,Q2,4,Apr,2012-04,17,Sat
2012-04-29,20120429,2012,Q2,4,Apr,2012-04,17,Sun
2012-04-30,20120430,2012,Q2,4,Apr,2012-04,18,Mon
2012-05-01,20120501,2012,Q2,5,May,2012-05,18,Tue
2012-05-02,20120502,2012,Q2,5,May,2012-05,18,Wed
2012-05-03,20120503,2012,Q2,5,May,2012-05,18,Thu
2012-05-04,20120504,2012,Q2,5,May,2012-05,18,Fri
2012-05-05,20120505,2012,Q2,5,May,2012-05,18,Sat
2012-05-06,20120506,2012,Q2,5,May,2012-05,18,Sun
2012-05-07,20120507,2012,Q2,5,May,2012-05,19,Mon
2012-05-08,20120508,2012,Q2,5,May,2012-05,19,Tue
2012-05-09,20120509,2012,Q2,5,May,2012-05,19,Wed
2012-05-10,20120510,2012,Q2,5,May,2012-05,19,Thu
2012-05-11,20120511,2012,Q2,5,May,2012-05,19,Fri
2012-05-12,20120512,2012,Q2,5,May,2012-05,19,Sat
2012-05-13,20120513,2012,Q2,5,May,2012-05,19,Sun
2012-05-14,20120514,2012,Q2,5,May,2012-05,20,Mon
2012-05-15,20120515,2012,Q2,5,May,2012-05,20,Tue
2012-05-16,20120516,2012,Q2,5,May,2012-05,20,Wed
2012-05-17,20120517,2012,Q2,5,May,2012-05,20,Thu
2012-05-18,20120518,2012,Q2,5,May,2012-05,20,Fri
2012-05-19,20120519,2012,Q2,5,May,2012-05,20,Sat
2012-05-20,20120520,2012,Q2,5,May,2012-05,20,Sun
2012-05-21,20120521,2012,Q2,5,May,2012-05,21,Mon
2012-05-22,20120522,2012,Q2,5,May,2012-05,21,Tue
2012-05-23,20120523,2012,Q2,5,May,2012-05,21,Wed
2012-05-24,20120524,2012,Q2,5,May,2012-05,21,Thu
2012-05-25,20120525,2012,Q2,5,May,2012-05,21,Fri
2012-05-26,20120526,2012,Q2,5,May,2012-05,21,Sat
2012-05-27,20120527,2012,Q2,5,May,2012-05,21,Sun
2012-05-28,20120528,2012,Q2,5,May,2012-05,22,Mon
2012-05-29,20120529,2012,Q2,5,May,2012-05,22,Tue
2012-05-30,20120530,2012,Q2,5,May,2012-05,22,Wed
2012-05-31,20120531,2012,Q2,5,May,2012-05,22,Thu
2012-06-01,20120601,2012,Q2,6,Jun,2012-06,22,Fri
2012-06-02,20120602,2012,Q2,6,Jun,2012-06,22,Sat
2012-06-03,20120603,2012,Q2,6,Jun,2012-06,22,Sun
2012-06-04,20120604,2012,Q2,6,Jun,2012-06,23,Mon
2012-06-05,20120605,2012,Q2,6,Jun,2012-06,23,Tue
2012-06-06,20120606,2012,Q2,6,Jun,2012-06,23,Wed
2012-06-07,20120607,2012,Q2,6,Jun,2012-06,23,Thu
2012-06-08,20120608,2012,Q2,6,Jun,2012-06,23,Fri
2012-06-09,20120609,2012,Q2,6,Jun,2012-06,23,Sat
2012-06-10,20120610,2012,Q2,6,Jun,2012-06,23,Sun
2012-06-11,20120611,2012,Q2,6,Jun,2012-06,24,Mon
2012-06-12,20120612,2012,Q2,6,Jun,2012-06,24,Tue
2012-06-13,20120613,2012,Q2,6,Jun,2012-06,24,Wed
2012-06-14,20120614,2012,Q2,6,Jun,2012-06,24,Thu
2012-06-15,20120615,2012,Q2,6,Jun,2012-06,24,Fri
2012-06-16,20120616,2012,Q2,6,Jun,2012-06,24,Sat
2012-06-17,20120617,2012,Q2,6,Jun,2012-06,24,Sun
2012-06-18,20120618,2012,Q2,6,Jun,2012-06,25,Mon
2012-06-19,20120619,2012,Q2,6,Jun,2012-06,25,Tue
2012-06-20,20120620,2012,Q2,6,Jun,2012-06,25,Wed
2012-06-21,20120621,2012,Q2,6,Jun,2012-06,25,Thu
2012-06-22,20120622,2012,Q2,6,Jun,2012-06,25,Fri
2012-06-23,20120623,2012,Q2,6,Jun,2012-06,25,Sat
2012-06-24,20120624,2012,Q2,6,Jun,2012-06,25,Sun
2012-06-25,20120625,2012,Q2,6,Jun,2012-06,26,Mon
2012-06-26,20120626,2012,Q2,6,Jun,2012-06,26,Tue
2012-06-27,20120627,2012,Q2,6,Jun,2012-06,26,Wed
2012-06-28,20120628,2012,Q2,6,Jun,2012-06,26,Thu
2012-06-29,20120629,2012,Q2,6,Jun,2012-06,26,Fri
2012-06-30,20120630,2012,Q2,6,Jun,2012-06,26,Sat
2012-07-01,20120701,2012,Q3,7,Jul,2012-07,26,Sun
2012-07-02,20120702,2012,Q3,7,Jul,2012-07,27,Mon
2012-07-03,20120703,2012,Q3,7,Jul,2012-07,27,Tue
2012-07-04,20120704,2012,Q3,7,Jul,2012-07,27,Wed
2012-07-05,20120705,2012,Q3,7,Jul,2012-07,27,Thu
2012-07-06,20120706,2012,Q3,7,Jul,2012-07,27,Fri
2012-07-07,20120707,2012,Q3,7,Jul,2012-07,27,Sat
2012-07-08,20120708,2012,Q3,7,Jul,2012-07,27,Sun
2012-07-09,20120709,2012,Q3,7,Jul,2012-07,28,Mon
2012-07-10,20120710,2012,Q3,7,Jul,2012-07,28,Tue
2012-07-11,20120711,2012,Q3,7,Jul,2012-07,28,Wed
2012-07-12,20120712,2012,Q3,7,Jul,2012-07,28,Thu
2012-07-13,20120713,2012,Q3,7,Jul,2012-07,28,Fri
2012-07-14,20120714,2012,Q3,7,Jul,2012-07,28,Sat
2012-07-15,20120715,2012,Q3,7,Jul,2012-07,28,Sun
2012-07-16,20120716,2012,Q3,7,Jul,2012-07,29,Mon
2012-07-17,20120717,2012,Q3,7,Jul,2012-07,29,Tue
2012-07-18,20120718,2012,Q3,7,Jul,2012-07,29,Wed
2012-07-19,20120719,2012,Q3,7,Jul,2012-07,29,Thu
2012-07-20,20120720,2012,Q3,7,Jul,2012-07,29,Fri
2012-07-21,20120721,2012,Q3,7,Jul,2012-07,29,Sat
2012-07-22,20120722,2012,Q3,7,Jul,2012-07,29,Sun
2012-07-23,20120723,2012,Q3,7,Jul,2012-07,30,Mon
2012-07-24,20120724,2012,Q3,7,Jul,2012-07,30,Tue
2012-07-25,20120725,2012,Q3,7,Jul,2012-07,30,Wed
2012-07-26,20120726,2012,Q3,7,Jul,2012-07,30,Thu
2012-07-27,20120727,2012,Q3,7,Jul,2012-07,30,Fri
2012-07-28,20120728,2012,Q3,7,Jul,2012-07,30,Sat
2012-07-29,20120729,2012,Q3,7,Jul,2012-07,30,Sun
2012-07-30,20120730,2012,Q3,7,Jul,2012-07,31,Mon
2012-07-31,20120731,2012,Q3,7,Jul,2012-07,31,Tue
2012-08-01,20120801,2012,Q3,8,Aug,2012-08,31,Wed
2012-08-02,20120802,2012,Q3,8,Aug,2012-08,31,Thu
2012-08-03,20120803,2012,Q3,8,Aug,2012-08,31,Fri
2012-08-04,20120804,2012,Q3,8,Aug,2012-08,31,Sat
2012-08-05,20120805,2012,Q3,8,Aug,2012-08,31,Sun
2012-08-06,20120806,2012,Q3,8,Aug,2012-08,32,Mon
2012-08-07,20120807,2012,Q3,8,Aug,2012-08,32,Tue
2012-08-08,20120808,2012,Q3,8,Aug,2012-08,32,Wed
2012-08-09,20120809,2012,Q3,8,Aug,2012-08,32,Thu
2012-08-10,20120810,2012,Q3,8,Aug,2012-08,32,Fri
2012-08-11,20120811,2012,Q3,8,Aug,2012-08,32,Sat
2012-08-12,20120812,2012,Q3,8,Aug,2012-08,32,Sun
2012-08-13,20120813,2012,Q3,8,Aug,2012-08,33,Mon
2012-08-14,20120814,2012,Q3,8,Aug,2012-08,33,Tue
2012-08-15,20120815,2012,Q3,8,Aug,2012-08,33,Wed
2012-08-16,20120816,2012,Q3,8,Aug,2012-08,33,Thu
2012-08-17,20120817,2012,Q3,8,Aug,2012-08,33,Fri
2012-08-18,20120818,2012,Q3,8,Aug,2012-08,33,Sat
2012-08-19,20120819,2012,Q3,8,Aug,2012-08,33,Sun
2012-08-20,20120820,2012,Q3,8,Aug,2012-08,34,Mon
2012-08-21,20120821,2012,Q3,8,Aug,2012-08,34,Tue
2012-08-22,20120822,2012,Q3,8,Aug,2012-08,34,Wed
2012-08-23,20120823,2012,Q3,8,Aug,2012-08,34,Thu
2012-08-24,20120824,2012,Q3,8,Aug,2012-08,34,Fri
2012-08-25,20120825,2012,Q3,8,Aug,2012-08,34,Sat
2012-08-26,20120826,2012,Q3,8,Aug,2012-08,34,Sun
2012-08-27,20120827,2012,Q3,8,Aug,2012-08,35,Mon
2012-08-28,20120828,2012,Q3,8,Aug,2012-08,35,Tue
2012-08-29,20120829,2012,Q3,8,Aug,2012-08,35,Wed
2012-08-30,20120830,2012,Q3,8,Aug,2012-08,35,Thu
2012-08-31,20120831,2012,Q3,8,Aug,2012-08,35,Fri
2012-09-01,20120901,2012,Q3,9,Sep,2012-09,35,Sat
2012-09-02,20120902,2012,Q3,9,Sep,2012-09,35,Sun
2012-09-03,20120903,2012,Q3,9,Sep,2012-09,36,Mon
2012-09-04,20120904,2012,Q3,9,Sep,2012-09,36,Tue
2012-09-05,20120905,2012,Q3,9,Sep,2012-09,36,Wed
2012-09-06,20120906,2012,Q3,9,Sep,2012-09,36,Thu
2012-09-07,20120907,2012,Q3,9,Sep,2012-09,36,Fri
2012-09-08,20120908,2012,Q3,9,Sep,2012-09,36,Sat
2012-09-09,20120909,2012,Q3,9,Sep,2012-09,36,Sun
2012-09-10,20120910,2012,Q3,9,Sep,2012-09,37,Mon
2012-09-11,20120911,2012,Q3,9,Sep,2012-09,37,Tue
2012-09-12,20120912,2012,Q3,9,Sep,2012-09,37,Wed
2012-09-13,20120913,2012,Q3,9,Sep,2012-09,37,Thu
2012-09-14,20120914,2012,Q3,9,Sep,2012-09,37,Fri
2012-09-15,20120915,2012,Q3,9,Sep,2012-09,37,Sat
2012-09-16,20120916,2012,Q3,9,Sep,2012-09,37,Sun
2012-09-17,20120917,2012,Q3,9,Sep,2012-09,38,Mon
2012-09-18,20120918,2012,Q3,9,Sep,2012-09,38,Tue
2012-09-19,20120919,2012,Q3,9,Sep,2012-09,38,Wed
2012-09-20,20120920,2012,Q3,9,Sep,2012-09,38,Thu
2012-09-21,20120921,2012,Q3,9,Sep,2012-09,38,Fri
2012-09-22,20120922,2012,Q3,9,Sep,2012-09,38,Sat
2012-09-23,20120923,2012,Q3,9,Sep,2012-09,38,Sun
2012-09-24,20120924,2012,Q3,9,Sep,2012-09,39,Mon
2012-09-25,20120925,2012,Q3,9,Sep,2012-09,39,Tue
2012-09-26,20120926,2012,Q3,9,Sep,2012-09,39,Wed
2012-09-27,20120927,2012,Q3,9,Sep,2012-09,39,Thu
2012-09-28,20120928,2012,Q3,9,Sep,2012-09,39,Fri
2012-09-29,20120929,2012,Q3,9,Sep,2012-09,39,Sat
2012-09-30,20120930,2012,Q3,9,Sep,2012-09,39,Sun
2012-10-01,20121001,2012,Q4,10,Oct,2012-10,40,Mon
2012-10-02,20121002,2012,Q4,10,Oct,2012-10,40,Tue
2012-10-03,20121003,2012,Q4,10,Oct,2012-10,40,Wed
2012-10-04,20121004,2012,Q4,10,Oct,2012-10,40,Thu
2012-10-05,20121005,2012,Q4,10,Oct,2012-10,40,Fri
2012-10-06,20121006,2012,Q4,10,Oct,2012-10,40,Sat
2012-10-07,20121007,2012,Q4,10,Oct,2012-10,40,Sun
2012-10-08,20121008,2012,Q4,10,Oct,2012-10,41,Mon
2012-10-09,20121009,2012,Q4,10,Oct,2012-10,41,Tue
2012-10-10,20121010,2012,Q4,10,Oct,2012-10,41,Wed
2012-10-11,20121011,2012,Q4,10,Oct,2012-10,41,Thu
2012-10-12,20121012,2012,Q4,10,Oct,2012-10,41,Fri
2012-10-13,20121013,2012,Q4,10,Oct,2012-10,41,Sat
2012-10-14,20121014,2012,Q4,10,Oct,2012-10,41,Sun
2012-10-15,20121015,2012,Q4,10,Oct,2012-10,42,Mon
2012-10-16,20121016,2012,Q4,10,Oct,2012-10,42,Tue
2012-10-17,20121017,2012,Q4,10,Oct,2012-10,42,Wed
2012-10-18,20121018,2012,Q4,10,Oct,2012-10,42,Thu
2012-10-19,20121019,2012,Q4,10,Oct,2012-10,42,Fri
2012-10-20,20121020,2012,Q4,10,Oct,2012-10,42,Sat
2012-10-21,20121021,2012,Q4,10,Oct,2012-10,42,Sun
2012-10-22,20121022,2012,Q4,10,Oct,2012-10,43,Mon
2012-10-23,20121023,2012,Q4,10,Oct,2012-10,43,Tue
2012-10-24,20121024,2012,Q4,10,Oct,2012-10,43,Wed
2012-10-25,20121025,2012,Q4,10,Oct,2012-10,43,Thu
2012-10-26,20121026,2012,Q4,10,Oct,2012-10,43,Fri
2012-10-27,20121027,2012,Q4,10,Oct,2012-10,43,Sat
2012-10-28,20121028,2012,Q4,10,Oct,2012-10,43,Sun
2012-10-29,20121029,2012,Q4,10,Oct,2012-10,44,Mon
2012-10-30,20121030,2012,Q4,10,Oct,2012-10,44,Tue
2012-10-31,20121031,2012,Q4,10,Oct,2012-10,44,Wed
2012-11-01,20121101,2012,Q4,11,Nov,2012-11,44,Thu
2012-11-02,20121102,2012,Q4,11,Nov,2012-11,44,Fri
2012-11-03,20121103,2012,Q4,11,Nov,2012-11,44,Sat
2012-11-04,20121104,2012,Q4,11,Nov,2012-11,44,Sun
2012-11-05,20121105,2012,Q4,11,Nov,2012-11,45,Mon
2012-11-06,20121106,2012,Q4,11,Nov,2012-11,45,Tue
2012-11-07,20121107,2012,Q4,11,Nov,2012-11,45,Wed
2012-11-08,20121108,2012,Q4,11,Nov,2012-11,45,Thu
2012-11-09,20121109,2012,Q4,11,Nov,2012-11,45,Fri
2012-11-10,20121110,2012,Q4,11,Nov,2012-11,45,Sat
2012-11-11,20121111,2012,Q4,11,Nov,2012-11,45,Sun
2012-11-12,20121112,2012,Q4,11,Nov,2012-11,46,Mon
2012-11-13,20121113,2012,Q4,11,Nov,2012-11,46,Tue
2012-11-14,20121114,2012,Q4,11,Nov,2012-11,46,Wed
2012-11-15,20121115,2012,Q4,11,Nov,2012-11,46,Thu
2012-11-16,20121116,2012,Q4,11,Nov,2012-11,46,Fri
2012-11-17,20121117,2012,Q4,11,Nov,2012-11,46,Sat
2012-11-18,20121118,2012,Q4,11,Nov,2012-11,46,Sun
2012-11-19,20121119,2012,Q4,11,Nov,2012-11,47,Mon
2012-11-20,20121120,2012,Q4,11,Nov,2012-11,47,Tue
2012-11-21,20121121,2012,Q4,11,Nov,2012-11,47,Wed
2012-11-22,20121122,2012,Q4,11,Nov,2012-11,47,Thu
2012-11-23,20121123,2012,Q4,11,Nov,2012-11,47,Fri
2012-11-24,20121124,2012,Q4,11,Nov,2012-11,47,Sat
2012-11-25,20121125,2012,Q4,11,Nov,2012-11,47,Sun
2012-11-26,20121126,2012,Q4,11,Nov,2012-11,48,Mon
2012-11-27,20121127,2012,Q4,11,Nov,2012-11,48,Tue
2012-11-28,20121128,2012,Q4,11,Nov,2012-11,48,Wed
2012-11-29,20121129,2012,Q4,11,Nov,2012-11,48,Thu
2012-11-30,20121130,2012,Q4,11,Nov,2012-11,48,Fri
2012-12-01,20121201,2012,Q4,12,Dec,2012-12,48,Sat
2012-12-02,20121202,2012,Q4,12,Dec,2012-12,48,Sun
2012-12-03,20121203,2012,Q4,12,Dec,2012-12,49,Mon
2012-12-04,20121204,2012,Q4,12,Dec,2012-12,49,Tue
2012-12-05,20121205,2012,Q4,12,Dec,2012-12,49,Wed
2012-12-06,20121206,2012,Q4,12,Dec,2012-12,49,Thu
2012-12-07,20121207,2012,Q4,12,Dec,2012-12,49,Fri
2012-12-08,20121208,2012,Q4,12,Dec,2012-12,49,Sat
2012-12-09,20121209,2012,Q4,12,Dec,2012-12,49,Sun
2012-12-10,20121210,2012,Q4,12,Dec,2012-12,50,Mon
2012-12-11,20121211,2012,Q4,12,Dec,2012-12,50,Tue
2012-12-12,20121212,2012,Q4,12,Dec,2012-12,50,Wed
2012-12-13,20121213,2012,Q4,12,Dec,2012-12,50,Thu
2012-12-14,20121214,2012,Q4,12,Dec,2012-12,50,Fri
2012-12-15,20121215,2012,Q4,12,Dec,2012-12,50,Sat
2012-12-16,20121216,2012,Q4,12,Dec,2012-12,50,Sun
2012-12-17,20121217,2012,Q4,12,Dec,2012-12,51,Mon
2012-12-18,20121218,2012,Q4,12,Dec,2012-12,51,Tue
2012-12-19,20121219,2012,Q4,12,Dec,2012-12,51,Wed
2012-12-20,20121220,2012,Q4,12,Dec,2012-12,51,Thu
2012-12-21,20121221,2012,Q4,12,Dec,2012-12,51,Fri
2012-12-22,20121222,2012,Q4,12,Dec,2012-12,51,Sat
2012-12-23,20121223,2012,Q4,12,Dec,2012-12,51,Sun
2012-12-24,20121224,2012,Q4,12,Dec,2012-12,52,Mon
2012-12-25,20121225,2012,Q4,12,Dec,2012-12,52,Tue
2012-12-26,20121226,2012,Q4,12,Dec,2012-12,52,Wed
2012-12-27,20121227,2012,Q4,12,Dec,2012-12,52,Thu
2012-12-28,20121228,2012,Q4,12,Dec,2012-12,52,Fri
2012-12-29,20121229,2012,Q4,12,Dec,2012-12,52,Sat
2012-12-30,20121230,2012,Q4,12,Dec,2012-12,52,Sun
2012-12-31,20121231,2012,Q4,12,Dec,2012-12,1,Mon
2013-01-01,20130101,2013,Q1,1,Jan,2013-01,1,Tue
2013-01-02,20130102,2013,Q1,1,Jan,2013-01,1,Wed
2013-01-03,20130103,2013,Q1,1,Jan,2013-01,1,Thu
2013-01-04,20130104,2013,Q1,1,Jan,2013-01,1,Fri
2013-01-05,20130105,2013,Q1,1,Jan,2013-01,1,Sat
2013-01-06,20130106,2013,Q1,1,Jan,2013-01,1,Sun
2013-01-07,20130107,2013,Q1,1,Jan,2013-01,2,Mon
2013-01-08,20130108,2013,Q1,1,Jan,2013-01,2,Tue
2013-01-09,20130109,2013,Q1,1,Jan,2013-01,2,Wed
2013-01-10,20130110,2013,Q1,1,Jan,2013-01,2,Thu
2013-01-11,20130111,2013,Q1,1,Jan,2013-01,2,Fri
2013-01-12,20130112,2013,Q1,1,Jan,2013-01,2,Sat
2013-01-13,20130113,2013,Q1,1,Jan,2013-01,2,Sun
2013-01-14,20130114,2013,Q1,1,Jan,2013-01,3,Mon
2013-01-15,20130115,2013,Q1,1,Jan,2013-01,3,Tue
2013-01-16,20130116,2013,Q1,1,Jan,2013-01,3,Wed
2013-01-17,20130117,2013,Q1,1,Jan,2013-01,3,Thu
2013-01-18,20130118,2013,Q1,1,Jan,2013-01,3,Fri
2013-01-19,20130119,2013,Q1,1,Jan,2013-01,3,Sat
2013-01-20,20130120,2013,Q1,1,Jan,2013-01,3,Sun
2013-01-21,20130121,2013,Q1,1,Jan,2013-01,4,Mon
2013-01-22,20130122,2013,Q1,1,Jan,2013-01,4,Tue
2013-01-23,20130123,2013,Q1,1,Jan,2013-01,4,Wed
2013-01-24,20130124,2013,Q1,1,Jan,2013-01,4,Thu
2013-01-25,20130125,2013,Q1,1,Jan,2013-01,4,Fri
2013-01-26,20130126,2013,Q1,1,Jan,2013-01,4,Sat
2013-01-27,20130127,2013,Q1,1,Jan,2013-01,4,Sun
2013-01-28,20130128,2013,Q1,1,Jan,2013-01,5,Mon
2013-01-29,20130129,2013,Q1,1,Jan,2013-01,5,Tue
2013-01-30,20130130,2013,Q1,1,Jan,2013-01,5,Wed
2013-01-31,20130131,2013,Q1,1,Jan,2013-01,5,Thu
2013-02-01,20130201,2013,Q1,2,Feb,2013-02,5,Fri
2013-02-02,20130202,2013,Q1,2,Feb,2013-02,5,Sat
2013-02-03,20130203,2013,Q1,2,Feb,2013-02,5,Sun
2013-02-04,20130204,2013,Q1,2,Feb,2013-02,6,Mon
2013-02-05,20130205,2013,Q1,2,Feb,2013-02,6,Tue
2013-02-06,20130206,2013,Q1,2,Feb,2013-02,6,Wed
2013-02-07,20130207,2013,Q1,2,Feb,2013-02,6,Thu
2013-02-08,20130208,2013,Q1,2,Feb,2013-02,6,Fri
2013-02-09,20130209,2013,Q1,2,Feb,2013-02,6,Sat
2013-02-10,20130210,2013,Q1,2,Feb,2013-02,6,Sun
2013-02-11,20130211,2013,Q1,2,Feb,2013-02,7,Mon
2013-02-12,20130212,2013,Q1,2,Feb,2013-02,7,Tue
2013-02-13,20130213,2013,Q1,2,Feb,2013-02,7,Wed
2013-02-14,20130214,2013,Q1,2,Feb,2013-02,7,Thu
2013-02-15,20130215,2013,Q1,2,Feb,2013-02,7,Fri
2013-02-16,20130216,2013,Q1,2,Feb,2013-02,7,Sat
2013-02-17,20130217,2013,Q1,2,Feb,2013-02,7,Sun
2013-02-18,20130218,2013,Q1,2,Feb,2013-02,8,Mon
2013-02-19,20130219,2013,Q1,2,Feb,2013-02,8,Tue
2013-02-20,20130220,2013,Q1,2,Feb,2013-02,8,Wed
2013-02-21,20130221,2013,Q1,2,Feb,2013-02,8,Thu
2013-02-22,20130222,2013,Q1,2,Feb,2013-02,8,Fri
2013-02-23,20130223,2013,Q1,2,Feb,2013-02,8,Sat
2013-02-24,20130224,2013,Q1,2,Feb,2013-02,8,Sun
2013-02-25,20130225,2013,Q1,2,Feb,2013-02,9,Mon
2013-02-26,20130226,2013,Q1,2,Feb,2013-02,9,Tue
2013-02-27,20130227,2013,Q1,2,Feb,2013-02,9,Wed
2013-02-28,20130228,2013,Q1,2,Feb,2013-02,9,Thu
2013-03-01,20130301,2013,Q1,3,Mar,2013-03,9,Fri
2013-03-02,20130302,2013,Q1,3,Mar,2013-03,9,Sat
2013-03-03,20130303,2013,Q1,3,Mar,2013-03,9,Sun
2013-03-04,20130304,2013,Q1,3,Mar,2013-03,10,Mon
2013-03-05,20130305,2013,Q1,3,Mar,2013-03,10,Tue
2013-03-06,20130306,2013,Q1,3,Mar,2013-03,10,Wed
2013-03-07,20130307,2013,Q1,3,Mar,2013-03,10,Thu
2013-03-08,20130308,2013,Q1,3,Mar,2013-03,10,Fri
2013-03-09,20130309,2013,Q1,3,Mar,2013-03,10,Sat
2013-03-10,20130310,2013,Q1,3,Mar,2013-03,10,Sun
2013-03-11,20130311,2013,Q1,3,Mar,2013-03,11,Mon
2013-03-12,20130312,2013,Q1,3,Mar,2013-03,11,Tue
2013-03-13,20130313,2013,Q1,3,Mar,2013-03,11,Wed
2013-03-14,20130314,2013,Q1,3,Mar,2013-03,11,Thu
2013-03-15,20130315,2013,Q1,3,Mar,2013-03,11,Fri
2013-03-16,20130316,2013,Q1,3,Mar,2013-03,11,Sat
2013-03-17,20130317,2013,Q1,3,Mar,2013-03,11,Sun
2013-03-18,20130318,2013,Q1,3,Mar,2013-03,12,Mon
2013-03-19,20130319,2013,Q1,3,Mar,2013-03,12,Tue
2013-03-20,20130320,2013,Q1,3,Mar,2013-03,12,Wed
2013-03-21,20130321,2013,Q1,3,Mar,2013-03,12,Thu
2013-03-22,20130322,2013,Q1,3,Mar,2013-03,12,Fri
2013-03-23,20130323,2013,Q1,3,Mar,2013-03,12,Sat
2013-03-24,20130324,2013,Q1,3,Mar,2013-03,12,Sun
2013-03-25,20130325,2013,Q1,3,Mar,2013-03,13,Mon
2013-03-26,20130326,2013,Q1,3,Mar,2013-03,13,Tue
2013-03-27,20130327,2013,Q1,3,Mar,2013-03,13,Wed
2013-03-28,20130328,2013,Q1,3,Mar,2013-03,13,Thu
2013-03-29,20130329,2013,Q1,3,Mar,2013-03,13,Fri
2013-03-30,20130330,2013,Q1,3,Mar,2013-03,13,Sat
2013-03-31,20130331,2013,Q1,3,Mar,2013-03,13,Sun
2013-04-01,20130401,2013,Q2,4,Apr,2013-04,14,Mon
2013-04-02,20130402,2013,Q2,4,Apr,2013-04,14,Tue
2013-04-03,20130403,2013,Q2,4,Apr,2013-04,14,Wed
2013-04-04,20130404,2013,Q2,4,Apr,2013-04,14,Thu
2013-04-05,20130405,2013,Q2,4,Apr,2013-04,14,Fri
2013-04-06,20130406,2013,Q2,4,Apr,2013-04,14,Sat
2013-04-07,20130407,2013,Q2,4,Apr,2013-04,14,Sun
2013-04-08,20130408,2013,Q2,4,Apr,2013-04,15,Mon
2013-04-09,20130409,2013,Q2,4,Apr,2013-04,15,Tue
2013-04-10,20130410,2013,Q2,4,Apr,2013-04,15,Wed
2013-04-11,20130411,2013,Q2,4,Apr,2013-04,15,Thu
2013-04-12,20130412,2013,Q2,4,Apr,2013-04,15,Fri
2013-04-13,20130413,2013,Q2,4,Apr,2013-04,15,Sat
2013-04-14,20130414,2013,Q2,4,Apr,2013-04,15,Sun
2013-04-15,20130415,2013,Q2,4,Apr,2013-04,16,Mon
2013-04-16,20130416,2013,Q2,4,Apr,2013-04,16,Tue
2013-04-17,20130417,2013,Q2,4,Apr,2013-04,16,Wed
2013-04-18,20130418,2013,Q2,4,Apr,2013-04,16,Thu
2013-04-19,20130419,2013,Q2,4,Apr,2013-04,16,Fri
2013-04-20,20130420,2013,Q2,4,Apr,2013-04,16,Sat
2013-04-21,20130421,2013,Q2,4,Apr,2013-04,16,Sun
2013-04-22,20130422,2013,Q2,4,Apr,2013-04,17,Mon
2013-04-23,20130423,2013,Q2,4,Apr,2013-04,17,Tue
2013-04-24,20130424,2013,Q2,4,Apr,2013-04,17,Wed
2013-04-25,20130425,2013,Q2,4,Apr,2013-04,17,Thu
2013-04-26,20130426,2013,Q2,4,Apr,2013-04,17,Fri
2013-04-27,20130427,2013,Q2,4,Apr,2013-04,17,Sat
2013-04-28,20130428,2013,Q2,4,Apr,2013-04,17,Sun
2013-04-29,20130429,2013,Q2,4,Apr,2013-04,18,Mon
2013-04-30,20130430,2013,Q2,4,Apr,2013-04,18,Tue
2013-05-01,20130501,2013,Q2,5,May,2013-05,18,Wed
2013-05-02,20130502,2013,Q2,5,May,2013-05,18,Thu
2013-05-03,20130503,2013,Q2,5,May,2013-05,18,Fri
2013-05-04,20130504,2013,Q2,5,May,2013-05,18,Sat
2013-05-05,20130505,2013,Q2,5,May,2013-05,18,Sun
2013-05-06,20130506,2013,Q2,5,May,2013-05,19,Mon
2013-05-07,20130507,2013,Q2,5,May,2013-05,19,Tue
2013-05-08,20130508,2013,Q2,5,May,2013-05,19,Wed
2013-05-09,20130509,2013,Q2,5,May,2013-05,19,Thu
2013-05-10,20130510,2013,Q2,5,May,2013-05,19,Fri
2013-05-11,20130511,2013,Q2,5,May,2013-05,19,Sat
2013-05-12,20130512,2013,Q2,5,May,2013-05,19,Sun
2013-05-13,20130513,2013,Q2,5,May,2013-05,20,Mon
2013-05-14,20130514,2013,Q2,5,May,2013-05,20,Tue
2013-05-15,20130515,2013,Q2,5,May,2013-05,20,Wed
2013-05-16,20130516,2013,Q2,5,May,2013-05,20,Thu
2013-05-17,20130517,2013,Q2,5,May,2013-05,20,Fri
2013-05-18,20130518,2013,Q2,5,May,2013-05,20,Sat
2013-05-19,20130519,2013,Q2,5,May,2013-05,20,Sun
2013-05-20,20130520,2013,Q2,5,May,2013-05,21,Mon
2013-05-21,20130521,2013,Q2,5,May,2013-05,21,Tue
2013-05-22,20130522,2013,Q2,5,May,2013-05,21,Wed
2013-05-23,20130523,2013,Q2,5,May,2013-05,21,Thu
2013-05-24,20130524,2013,Q2,5,May,2013-05,21,Fri
2013-05-25,20130525,2013,Q2,5,May,2013-05,21,Sat
2013-05-26,20130526,2013,Q2,5,May,2013-05,21,Sun
2013-05-27,20130527,2013,Q2,5,May,2013-05,22,Mon
2013-05-28,20130528,2013,Q2,5,May,2013-05,22,Tue
2013-05-29,20130529,2013,Q2,5,May,2013-05,22,Wed
2013-05-30,20130530,2013,Q2,5,May,2013-05,22,Thu
2013-05-31,20130531,2013,Q2,5,May,2013-05,22,Fri
2013-06-01,20130601,2013,Q2,6,Jun,2013-06,22,Sat
2013-06-02,20130602,2013,Q2,6,Jun,2013-06,22,Sun
2013-06-03,20130603,2013,Q2,6,Jun,2013-06,23,Mon
2013-06-04,20130604,2013,Q2,6,Jun,2013-06,23,Tue
2013-06-05,20130605,2013,Q2,6,Jun,2013-06,23,Wed
2013-06-06,20130606,2013,Q2,6,Jun,2013-06,23,Thu
2013-06-07,20130607,2013,Q2,6,Jun,2013-06,23,Fri
2013-06-08,20130608,2013,Q2,6,Jun,2013-06,23,Sat
2013-06-09,20130609,2013,Q2,6,Jun,2013-06,23,Sun
2013-06-10,20130610,2013,Q2,6,Jun,2013-06,24,Mon
2013-06-11,20130611,2013,Q2,6,Jun,2013-06,24,Tue
2013-06-12,20130612,2013,Q2,6,Jun,2013-06,24,Wed
2013-06-13,20130613,2013,Q2,6,Jun,2013-06,24,Thu
2013-06-14,20130614,2013,Q2,6,Jun,2013-06,24,Fri
2013-06-15,20130615,2013,Q2,6,Jun,2013-06,24,Sat
2013-06-16,20130616,2013,Q2,6,Jun,2013-06,24,Sun
2013-06-17,20130617,2013,Q2,6,Jun,2013-06,25,Mon
2013-06-18,20130618,2013,Q2,6,Jun,2013-06,25,Tue
2013-06-19,20130619,2013,Q2,6,Jun,2013-06,25,Wed
2013-06-20,20130620,2013,Q2,6,Jun,2013-06,25,Thu
2013-06-21,20130621,2013,Q2,6,Jun,2013-06,25,Fri
2013-06-22,20130622,2013,Q2,6,Jun,2013-06,25,Sat
2013-06-23,20130623,2013,Q2,6,Jun,2013-06,25,Sun
2013-06-24,20130624,2013,Q2,6,Jun,2013-06,26,Mon
2013-06-25,20130625,2013,Q2,6,Jun,2013-06,26,Tue
2013-06-26,20130626,2013,Q2,6,Jun,2013-06,26,Wed
2013-06-27,20130627,2013,Q2,6,Jun,2013-06,26,Thu
2013-06-28,20130628,2013,Q2,6,Jun,2013-06,26,Fri
2013-06-29,20130629,2013,Q2,6,Jun,2013-06,26,Sat
2013-06-30,20130630,2013,Q2,6,Jun,2013-06,26,Sun
2013-07-01,20130701,2013,Q3,7,Jul,2013-07,27,Mon
2013-07-02,20130702,2013,Q3,7,Jul,2013-07,27,Tue
2013-07-03,20130703,2013,Q3,7,Jul,2013-07,27,Wed
2013-07-04,20130704,2013,Q3,7,Jul,2013-07,27,Thu
2013-07-05,20130705,2013,Q3,7,Jul,2013-07,27,Fri
2013-07-06,20130706,2013,Q3,7,Jul,2013-07,27,Sat
2013-07-07,20130707,2013,Q3,7,Jul,2013-07,27,Sun
2013-07-08,20130708,2013,Q3,7,Jul,2013-07,28,Mon
2013-07-09,20130709,2013,Q3,7,Jul,2013-07,28,Tue
2013-07-10,20130710,2013,Q3,7,Jul,2013-07,28,Wed
2013-07-11,20130711,2013,Q3,7,Jul,2013-07,28,Thu
2013-07-12,20130712,2013,Q3,7,Jul,2013-07,28,Fri
2013-07-13,20130713,2013,Q3,7,Jul,2013-07,28,Sat
2013-07-14,20130714,2013,Q3,7,Jul,2013-07,28,Sun
2013-07-15,20130715,2013,Q3,7,Jul,2013-07,29,Mon
2013-07-16,20130716,2013,Q3,7,Jul,2013-07,29,Tue
2013-07-17,20130717,2013,Q3,7,Jul,2013-07,29,Wed
2013-07-18,20130718,2013,Q3,7,Jul,2013-07,29,Thu
2013-07-19,20130719,2013,Q3,7,Jul,2013-07,29,Fri
2013-07-20,20130720,2013,Q3,7,Jul,2013-07,29,Sat
2013-07-21,20130721,2013,Q3,7,Jul,2013-07,29,Sun
2013-07-22,20130722,2013,Q3,7,Jul,2013-07,30,Mon
2013-07-23,20130723,2013,Q3,7,Jul,2013-07,30,Tue
2013-07-24,20130724,2013,Q3,7,Jul,2013-07,30,Wed
2013-07-25,20130725,2013,Q3,7,Jul,2013-07,30,Thu
2013-07-26,20130726,2013,Q3,7,Jul,2013-07,30,Fri
2013-07-27,20130727,2013,Q3,7,Jul,2013-07,30,Sat
2013-07-28,20130728,2013,Q3,7,Jul,2013-07,30,Sun
2013-07-29,20130729,2013,Q3,7,Jul,2013-07,31,Mon
2013-07-30,20130730,2013,Q3,7,Jul,2013-07,31,Tue
2013-07-31,20130731,2013,Q3,7,Jul,2013-07,31,Wed
2013-08-01,20130801,2013,Q3,8,Aug,2013-08,31,Thu
2013-08-02,20130802,2013,Q3,8,Aug,2013-08,31,Fri
2013-08-03,20130803,2013,Q3,8,Aug,2013-08,31,Sat
2013-08-04,20130804,2013,Q3,8,Aug,2013-08,31,Sun
2013-08-05,20130805,2013,Q3,8,Aug,2013-08,32,Mon
2013-08-06,20130806,2013,Q3,8,Aug,2013-08,32,Tue
2013-08-07,20130807,2013,Q3,8,Aug,2013-08,32,Wed
2013-08-08,20130808,2013,Q3,8,Aug,2013-08,32,Thu
2013-08-09,20130809,2013,Q3,8,Aug,2013-08,32,Fri
2013-08-10,20130810,2013,Q3,8,Aug,2013-08,32,Sat
2013-08-11,20130811,2013,Q3,8,Aug,2013-08,32,Sun
2013-08-12,20130812,2013,Q3,8,Aug,2013-08,33,Mon
2013-08-13,20130813,2013,Q3,8,Aug,2013-08,33,Tue
2013-08-14,20130814,2013,Q3,8,Aug,2013-08,33,Wed
2013-08-15,20130815,2013,Q3,8,Aug,2013-08,33,Thu
2013-08-16,20130816,2013,Q3,8,Aug,2013-08,33,Fri
2013-08-17,20130817,2013,Q3,8,Aug,2013-08,33,Sat
2013-08-18,20130818,2013,Q3,8,Aug,2013-08,33,Sun
2013-08-19,20130819,2013,Q3,8,Aug,2013-08,34,Mon
2013-08-20,20130820,2013,Q3,8,Aug,2013-08,34,Tue
2013-08-21,20130821,2013,Q3,8,Aug,2013-08,34,Wed
2013-08-22,20130822,2013,Q3,8,Aug,2013-08,34,Thu
2013-08-23,20130823,2013,Q3,8,Aug,2013-08,34,Fri
2013-08-24,20130824,2013,Q3,8,Aug,2013-08,34,Sat
2013-08-25,20130825,2013,Q3,8,Aug,2013-08,34,Sun
2013-08-26,20130826,2013,Q3,8,Aug,2013-08,35,Mon
2013-08-27,20130827,2013,Q3,8,Aug,2013-08,35,Tue
2013-08-28,20130828,2013,Q3,8,Aug,2013-08,35,Wed
2013-08-29,20130829,2013,Q3,8,Aug,2013-08,35,Thu
2013-08-30,20130830,2013,Q3,8,Aug,2013-08,35,Fri
2013-08-31,20130831,2013,Q3,8,Aug,2013-08,35,Sat
2013-09-01,20130901,2013,Q3,9,Sep,2013-09,35,Sun
2013-09-02,20130902,2013,Q3,9,Sep,2013-09,36,Mon
2013-09-03,20130903,2013,Q3,9,Sep,2013-09,36,Tue
2013-09-04,20130904,2013,Q3,9,Sep,2013-09,36,Wed
2013-09-05,20130905,2013,Q3,9,Sep,2013-09,36,Thu
2013-09-06,20130906,2013,Q3,9,Sep,2013-09,36,Fri
2013-09-07,20130907,2013,Q3,9,Sep,2013-09,36,Sat
2013-09-08,20130908,2013,Q3,9,Sep,2013-09,36,Sun
2013-09-09,20130909,2013,Q3,9,Sep,2013-09,37,Mon
2013-09-10,20130910,2013,Q3,9,Sep,2013-09,37,Tue
2013-09-11,20130911,2013,Q3,9,Sep,2013-09,37,Wed
2013-09-12,20130912,2013,Q3,9,Sep,2013-09,37,Thu
2013-09-13,20130913,2013,Q3,9,Sep,2013-09,37,Fri
2013-09-14,20130914,2013,Q3,9,Sep,2013-09,37,Sat
2013-09-15,20130915,2013,Q3,9,Sep,2013-09,37,Sun
2013-09-16,20130916,2013,Q3,9,Sep,2013-09,38,Mon
2013-09-17,20130917,2013,Q3,9,Sep,2013-09,38,Tue
2013-09-18,20130918,2013,Q3,9,Sep,2013-09,38,Wed
2013-09-19,20130919,2013,Q3,9,Sep,2013-09,38,Thu
2013-09-20,20130920,2013,Q3,9,Sep,2013-09,38,Fri
2013-09-21,20130921,2013,Q3,9,Sep,2013-09,38,Sat
2013-09-22,20130922,2013,Q3,9,Sep,2013-09,38,Sun
2013-09-23,20130923,2013,Q3,9,Sep,2013-09,39,Mon
2013-09-24,20130924,2013,Q3,9,Sep,2013-09,39,Tue
2013-09-25,20130925,2013,Q3,9,Sep,2013-09,39,Wed
2013-09-26,20130926,2013,Q3,9,Sep,2013-09,39,Thu
2013-09-27,20130927,2013,Q3,9,Sep,2013-09,39,Fri
2013-09-28,20130928,2013,Q3,9,Sep,2013-09,39,Sat
2013-09-29,20130929,2013,Q3,9,Sep,2013-09,39,Sun
2013-09-30,20130930,2013,Q3,9,Sep,2013-09,40,Mon
2013-10-01,20131001,2013,Q4,10,Oct,2013-10,40,Tue
2013-10-02,20131002,2013,Q4,10,Oct,2013-10,40,Wed
2013-10-03,20131003,2013,Q4,10,Oct,2013-10,40,Thu
2013-10-04,20131004,2013,Q4,10,Oct,2013-10,40,Fri
2013-10-05,20131005,2013,Q4,10,Oct,2013-10,40,Sat
2013-10-06,20131006,2013,Q4,10,Oct,2013-10,40,Sun
2013-10-07,20131007,2013,Q4,10,Oct,2013-10,41,Mon
2013-10-08,20131008,2013,Q4,10,Oct,2013-10,41,Tue
2013-10-09,20131009,2013,Q4,10,Oct,2013-10,41,Wed
2013-10-10,20131010,2013,Q4,10,Oct,2013-10,41,Thu
2013-10-11,20131011,2013,Q4,10,Oct,2013-10,41,Fri
2013-10-12,20131012,2013,Q4,10,Oct,2013-10,41,Sat
2013-10-13,20131013,2013,Q4,10,Oct,2013-10,41,Sun
2013-10-14,20131014,2013,Q4,10,Oct,2013-10,42,Mon
2013-10-15,20131015,2013,Q4,10,Oct,2013-10,42,Tue
2013-10-16,20131016,2013,Q4,10,Oct,2013-10,42,Wed
2013-10-17,20131017,2013,Q4,10,Oct,2013-10,42,Thu
2013-10-18,20131018,2013,Q4,10,Oct,2013-10,42,Fri
2013-10-19,20131019,2013,Q4,10,Oct,2013-10,42,Sat
2013-10-20,20131020,2013,Q4,10,Oct,2013-10,42,Sun
2013-10-21,20131021,2013,Q4,10,Oct,2013-10,43,Mon
2013-10-22,20131022,2013,Q4,10,Oct,2013-10,43,Tue
2013-10-23,20131023,2013,Q4,10,Oct,2013-10,43,Wed
2013-10-24,20131024,2013,Q4,10,Oct,2013-10,43,Thu
2013-10-25,20131025,2013,Q4,10,Oct,2013-10,43,Fri
2013-10-26,20131026,2013,Q4,10,Oct,2013-10,43,Sat
2013-10-27,20131027,2013,Q4,10,Oct,2013-10,43,Sun
2013-10-28,20131028,2013,Q4,10,Oct,2013-10,44,Mon
2013-10-29,20131029,2013,Q4,10,Oct,2013-10,44,Tue
2013-10-30,20131030,2013,Q4,10,Oct,2013-10,44,Wed
2013-10-31,20131031,2013,Q4,10,Oct,2013-10,44,Thu
2013-11-01,20131101,2013,Q4,11,Nov,2013-11,44,Fri
2013-11-02,20131102,2013,Q4,11,Nov,2013-11,44,Sat
2013-11-03,20131103,2013,Q4,11,Nov,2013-11,44,Sun
2013-11-04,20131104,2013,Q4,11,Nov,2013-11,45,Mon
2013-11-05,20131105,2013,Q4,11,Nov,2013-11,45,Tue
2013-11-06,20131106,2013,Q4,11,Nov,2013-11,45,Wed
2013-11-07,20131107,2013,Q4,11,Nov,2013-11,45,Thu
2013-11-08,20131108,2013,Q4,11,Nov,2013-11,45,Fri
2013-11-09,20131109,2013,Q4,11,Nov,2013-11,45,Sat
2013-11-10,20131110,2013,Q4,11,Nov,2013-11,45,Sun
2013-11-11,20131111,2013,Q4,11,Nov,2013-11,46,Mon
2013-11-12,20131112,2013,Q4,11,Nov,2013-11,46,Tue
2013-11-13,20131113,2013,Q4,11,Nov,2013-11,46,Wed
2013-11-14,20131114,2013,Q4,11,Nov,2013-11,46,Thu
2013-11-15,20131115,2013,Q4,11,Nov,2013-11,46,Fri
2013-11-16,20131116,2013,Q4,11,Nov,2013-11,46,Sat
2013-11-17,20131117,2013,Q4,11,Nov,2013-11,46,Sun
2013-11-18,20131118,2013,Q4,11,Nov,2013-11,47,Mon
2013-11-19,20131119,2013,Q4,11,Nov,2013-11,47,Tue
2013-11-20,20131120,2013,Q4,11,Nov,2013-11,47,Wed
2013-11-21,20131121,2013,Q4,11,Nov,2013-11,47,Thu
2013-11-22,20131122,2013,Q4,11,Nov,2013-11,47,Fri
2013-11-23,20131123,2013,Q4,11,Nov,2013-11,47,Sat
2013-11-24,20131124,2013,Q4,11,Nov,2013-11,47,Sun
2013-11-25,20131125,2013,Q4,11,Nov,2013-11,48,Mon
2013-11-26,20131126,2013,Q4,11,Nov,2013-11,48,Tue
2013-11-27,20131127,2013,Q4,11,Nov,2013-11,48,Wed
2013-11-28,20131128,2013,Q4,11,Nov,2013-11,48,Thu
2013-11-29,20131129,2013,Q4,11,Nov,2013-11,48,Fri
2013-11-30,20131130,2013,Q4,11,Nov,2013-11,48,Sat
2013-12-01,20131201,2013,Q4,12,Dec,2013-12,48,Sun
2013-12-02,20131202,2013,Q4,12,Dec,2013-12,49,Mon
2013-12-03,20131203,2013,Q4,12,Dec,2013-12,49,Tue
2013-12-04,20131204,2013,Q4,12,Dec,2013-12,49,Wed
2013-12-05,20131205,2013,Q4,12,Dec,2013-12,49,Thu
2013-12-06,20131206,2013,Q4,12,Dec,2013-12,49,Fri
2013-12-07,20131207,2013,Q4,12,Dec,2013-12,49,Sat
2013-12-08,20131208,2013,Q4,12,Dec,2013-12,49,Sun
2013-12-09,20131209,2013,Q4,12,Dec,2013-12,50,Mon
2013-12-10,20131210,2013,Q4,12,Dec,2013-12,50,Tue
2013-12-11,20131211,2013,Q4,12,Dec,2013-12,50,Wed
2013-12-12,20131212,2013,Q4,12,Dec,2013-12,50,Thu
2013-12-13,20131213,2013,Q4,12,Dec,2013-12,50,Fri
2013-12-14,20131214,2013,Q4,12,Dec,2013-12,50,Sat
2013-12-15,20131215,2013,Q4,12,Dec,2013-12,50,Sun
2013-12-16,20131216,2013,Q4,12,Dec,2013-12,51,Mon
2013-12-17,20131217,2013,Q4,12,Dec,2013-12,51,Tue
2013-12-18,20131218,2013,Q4,12,Dec,2013-12,51,Wed
2013-12-19,20131219,2013,Q4,12,Dec,2013-12,51,Thu
2013-12-20,20131220,2013,Q4,12,Dec,2013-12,51,Fri
2013-12-21,20131221,2013,Q4,12,Dec,2013-12,51,Sat
2013-12-22,20131222,2013,Q4,12,Dec,2013-12,51,Sun
2013-12-23,20131223,2013,Q4,12,Dec,2013-12,52,Mon
2013-12-24,20131224,2013,Q4,12,Dec,2013-12,52,Tue
2013-12-25,20131225,2013,Q4,12,Dec,2013-12,52,Wed
2013-12-26,20131226,2013,Q4,12,Dec,2013-12,52,Thu
2013-12-27,20131227,2013,Q4,12,Dec,2013-12,52,Fri
2013-12-28,20131228,2013,Q4,12,Dec,2013-12,52,Sat
2013-12-29,20131229,2013,Q4,12,Dec,2013-12,52,Sun
2013-12-30,20131230,2013,Q4,12,Dec,2013-12,1,Mon
2013-12-31,20131231,2013,Q4,12,Dec,2013-12,1,Tue
2014-01-01,20140101,2014,Q1,1,Jan,2014-01,1,Wed
2014-01-02,20140102,2014,Q1,1,Jan,2014-01,1,Thu
2014-01-03,20140103,2014,Q1,1,Jan,2014-01,1,Fri
2014-01-04,20140104,2014,Q1,1,Jan,2014-01,1,Sat
2014-01-05,20140105,2014,Q1,1,Jan,2014-01,1,Sun
2014-01-06,20140106,2014,Q1,1,Jan,2014-01,2,Mon
2014-01-07,20140107,2014,Q1,1,Jan,2014-01,2,Tue
2014-01-08,20140108,2014,Q1,1,Jan,2014-01,2,Wed
2014-01-09,20140109,2014,Q1,1,Jan,2014-01,2,Thu
2014-01-10,20140110,2014,Q1,1,Jan,2014-01,2,Fri
2014-01-11,20140111,2014,Q1,1,Jan,2014-01,2,Sat
2014-01-12,20140112,2014,Q1,1,Jan,2014-01,2,Sun
2014-01-13,20140113,2014,Q1,1,Jan,2014-01,3,Mon
2014-01-14,20140114,2014,Q1,1,Jan,2014-01,3,Tue
2014-01-15,20140115,2014,Q1,1,Jan,2014-01,3,Wed
2014-01-16,20140116,2014,Q1,1,Jan,2014-01,3,Thu
2014-01-17,20140117,2014,Q1,1,Jan,2014-01,3,Fri
2014-01-18,20140118,2014,Q1,1,Jan,2014-01,3,Sat
2014-01-19,20140119,2014,Q1,1,Jan,2014-01,3,Sun
2014-01-20,20140120,2014,Q1,1,Jan,2014-01,4,Mon
2014-01-21,20140121,2014,Q1,1,Jan,2014-01,4,Tue
2014-01-22,20140122,2014,Q1,1,Jan,2014-01,4,Wed
2014-01-23,20140123,2014,Q1,1,Jan,2014-01,4,Thu
2014-01-24,20140124,2014,Q1,1,Jan,2014-01,4,Fri
2014-01-25,20140125,2014,Q1,1,Jan,2014-01,4,Sat
2014-01-26,20140126,2014,Q1,1,Jan,2014-01,4,Sun
2014-01-27,20140127,2014,Q1,1,Jan,2014-01,5,Mon
2014-01-28,20140128,2014,Q1,1,Jan,2014-01,5,Tue
2014-01-29,20140129,2014,Q1,1,Jan,2014-01,5,Wed
2014-01-30,20140130,2014,Q1,1,Jan,2014-01,5,Thu
2014-01-31,20140131,2014,Q1,1,Jan,2014-01,5,Fri
2014-02-01,20140201,2014,Q1,2,Feb,2014-02,5,Sat
2014-02-02,20140202,2014,Q1,2,Feb,2014-02,5,Sun
2014-02-03,20140203,2014,Q1,2,Feb,2014-02,6,Mon
2014-02-04,20140204,2014,Q1,2,Feb,2014-02,6,Tue
2014-02-05,20140205,2014,Q1,2,Feb,2014-02,6,Wed
2014-02-06,20140206,2014,Q1,2,Feb,2014-02,6,Thu
2014-02-07,20140207,2014,Q1,2,Feb,2014-02,6,Fri
2014-02-08,20140208,2014,Q1,2,Feb,2014-02,6,Sat
2014-02-09,20140209,2014,Q1,2,Feb,2014-02,6,Sun
2014-02-10,20140210,2014,Q1,2,Feb,2014-02,7,Mon
2014-02-11,20140211,2014,Q1,2,Feb,2014-02,7,Tue
2014-02-12,20140212,2014,Q1,2,Feb,2014-02,7,Wed
2014-02-13,20140213,2014,Q1,2,Feb,2014-02,7,Thu
2014-02-14,20140214,2014,Q1,2,Feb,2014-02,7,Fri
2014-02-15,20140215,2014,Q1,2,Feb,2014-02,7,Sat
2014-02-16,20140216,2014,Q1,2,Feb,2014-02,7,Sun
2014-02-17,20140217,2014,Q1,2,Feb,2014-02,8,Mon
2014-02-18,20140218,2014,Q1,2,Feb,2014-02,8,Tue
2014-02-19,20140219,2014,Q1,2,Feb,2014-02,8,Wed
2014-02-20,20140220,2014,Q1,2,Feb,2014-02,8,Thu
2014-02-21,20140221,2014,Q1,2,Feb,2014-02,8,Fri
2014-02-22,20140222,2014,Q1,2,Feb,2014-02,8,Sat
2014-02-23,20140223,2014,Q1,2,Feb,2014-02,8,Sun
2014-02-24,20140224,2014,Q1,2,Feb,2014-02,9,Mon
2014-02-25,20140225,2014,Q1,2,Feb,2014-02,9,Tue
2014-02-26,20140226,2014,Q1,2,Feb,2014-02,9,Wed
2014-02-27,20140227,2014,Q1,2,Feb,2014-02,9,Thu
2014-02-28,20140228,2014,Q1,2,Feb,2014-02,9,Fri
2014-03-01,20140301,2014,Q1,3,Mar,2014-03,9,Sat
2014-03-02,20140302,2014,Q1,3,Mar,2014-03,9,Sun
2014-03-03,20140303,2014,Q1,3,Mar,2014-03,10,Mon
2014-03-04,20140304,2014,Q1,3,Mar,2014-03,10,Tue
2014-03-05,20140305,2014,Q1,3,Mar,2014-03,10,Wed
2014-03-06,20140306,2014,Q1,3,Mar,2014-03,10,Thu
2014-03-07,20140307,2014,Q1,3,Mar,2014-03,10,Fri
2014-03-08,20140308,2014,Q1,3,Mar,2014-03,10,Sat
2014-03-09,20140309,2014,Q1,3,Mar,2014-03,10,Sun
2014-03-10,20140310,2014,Q1,3,Mar,2014-03,11,Mon
2014-03-11,20140311,2014,Q1,3,Mar,2014-03,11,Tue
2014-03-12,20140312,2014,Q1,3,Mar,2014-03,11,Wed
2014-03-13,20140313,2014,Q1,3,Mar,2014-03,11,Thu
2014-03-14,20140314,2014,Q1,3,Mar,2014-03,11,Fri
2014-03-15,20140315,2014,Q1,3,Mar,2014-03,11,Sat
2014-03-16,20140316,2014,Q1,3,Mar,2014-03,11,Sun
2014-03-17,20140317,2014,Q1,3,Mar,2014-03,12,Mon
2014-03-18,20140318,2014,Q1,3,Mar,2014-03,12,Tue
2014-03-19,20140319,2014,Q1,3,Mar,2014-03,12,Wed
2014-03-20,20140320,2014,Q1,3,Mar,2014-03,12,Thu
2014-03-21,20140321,2014,Q1,3,Mar,2014-03,12,Fri
2014-03-22,20140322,2014,Q1,3,Mar,2014-03,12,Sat
2014-03-23,20140323,2014,Q1,3,Mar,2014-03,12,Sun
2014-03-24,20140324,2014,Q1,3,Mar,2014-03,13,Mon
2014-03-25,20140325,2014,Q1,3,Mar,2014-03,13,Tue
2014-03-26,20140326,2014,Q1,3,Mar,2014-03,13,Wed
2014-03-27,20140327,2014,Q1,3,Mar,2014-03,13,Thu
2014-03-28,20140328,2014,Q1,3,Mar,2014-03,13,Fri
2014-03-29,20140329,2014,Q1,3,Mar,2014-03,13,Sat
2014-03-30,20140330,2014,Q1,3,Mar,2014-03,13,Sun
2014-03-31,20140331,2014,Q1,3,Mar,2014-03,14,Mon
2014-04-01,20140401,2014,Q2,4,Apr,2014-04,14,Tue
2014-04-02,20140402,2014,Q2,4,Apr,2014-04,14,Wed
2014-04-03,20140403,2014,Q2,4,Apr,2014-04,14,Thu
2014-04-04,20140404,2014,Q2,4,Apr,2014-04,14,Fri
2014-04-05,20140405,2014,Q2,4,Apr,2014-04,14,Sat
2014-04-06,20140406,2014,Q2,4,Apr,2014-04,14,Sun
2014-04-07,20140407,2014,Q2,4,Apr,2014-04,15,Mon
2014-04-08,20140408,2014,Q2,4,Apr,2014-04,15,Tue
2014-04-09,20140409,2014,Q2,4,Apr,2014-04,15,Wed
2014-04-10,20140410,2014,Q2,4,Apr,2014-04,15,Thu
2014-04-11,20140411,2014,Q2,4,Apr,2014-04,15,Fri
2014-04-12,20140412,2014,Q2,4,Apr,2014-04,15,Sat
2014-04-13,20140413,2014,Q2,4,Apr,2014-04,15,Sun
2014-04-14,20140414,2014,Q2,4,Apr,2014-04,16,Mon
2014-04-15,20140415,2014,Q2,4,Apr,2014-04,16,Tue
2014-04-16,20140416,2014,Q2,4,Apr,2014-04,16,Wed
2014-04-17,20140417,2014,Q2,4,Apr,2014-04,16,Thu
2014-04-18,20140418,2014,Q2,4,Apr,2014-04,16,Fri
2014-04-19,20140419,2014,Q2,4,Apr,2014-04,16,Sat
2014-04-20,20140420,2014,Q2,4,Apr,2014-04,16,Sun
2014-04-21,20140421,2014,Q2,4,Apr,2014-04,17,Mon
2014-04-22,20140422,2014,Q2,4,Apr,2014-04,17,Tue
2014-04-23,20140423,2014,Q2,4,Apr,2014-04,17,Wed
2014-04-24,20140424,2014,Q2,4,Apr,2014-04,17,Thu
2014-04-25,20140425,2014,Q2,4,Apr,2014-04,17,Fri
2014-04-26,20140426,2014,Q2,4,Apr,2014-04,17,Sat
2014-04-27,20140427,2014,Q2,4,Apr,2014-04,17,Sun
2014-04-28,20140428,2014,Q2,4,Apr,2014-04,18,Mon
2014-04-29,20140429,2014,Q2,4,Apr,2014-04,18,Tue
2014-04-30,20140430,2014,Q2,4,Apr,2014-04,18,Wed
2014-05-01,20140501,2014,Q2,5,May,2014-05,18,Thu
2014-05-02,20140502,2014,Q2,5,May,2014-05,18,Fri
2014-05-03,20140503,2014,Q2,5,May,2014-05,18,Sat
2014-05-04,20140504,2014,Q2,5,May,2014-05,18,Sun
2014-05-05,20140505,2014,Q2,5,May,2014-05,19,Mon
2014-05-06,20140506,2014,Q2,5,May,2014-05,19,Tue
2014-05-07,20140507,2014,Q2,5,May,2014-05,19,Wed
2014-05-08,20140508,2014,Q2,5,May,2014-05,19,Thu
2014-05-09,20140509,2014,Q2,5,May,2014-05,19,Fri
2014-05-10,20140510,2014,Q2,5,May,2014-05,19,Sat
2014-05-11,20140511,2014,Q2,5,May,2014-05,19,Sun
2014-05-12,20140512,2014,Q2,5,May,2014-05,20,Mon
2014-05-13,20140513,2014,Q2,5,May,2014-05,20,Tue
2014-05-14,20140514,2014,Q2,5,May,2014-05,20,Wed
2014-05-15,20140515,2014,Q2,5,May,2014-05,20,Thu
2014-05-16,20140516,2014,Q2,5,May,2014-05,20,Fri
2014-05-17,20140517,2014,Q2,5,May,2014-05,20,Sat
2014-05-18,20140518,2014,Q2,5,May,2014-05,20,Sun
2014-05-19,20140519,2014,Q2,5,May,2014-05,21,Mon
2014-05-20,20140520,2014,Q2,5,May,2014-05,21,Tue
2014-05-21,20140521,2014,Q2,5,May,2014-05,21,Wed
2014-05-22,20140522,2014,Q2,5,May,2014-05,21,Thu
2014-05-23,20140523,2014,Q2,5,May,2014-05,21,Fri
2014-05-24,20140524,2014,Q2,5,May,2014-05,21,Sat
2014-05-25,20140525,2014,Q2,5,May,2014-05,21,Sun
2014-05-26,20140526,2014,Q2,5,May,2014-05,22,Mon
2014-05-27,20140527,2014,Q2,5,May,2014-05,22,Tue
2014-05-28,20140528,2014,Q2,5,May,2014-05,22,Wed
2014-05-29,20140529,2014,Q2,5,May,2014-05,22,Thu
2014-05-30,20140530,2014,Q2,5,May,2014-05,22,Fri
2014-05-31,20140531,2014,Q2,5,May,2014-05,22,Sat
2014-06-01,20140601,2014,Q2,6,Jun,2014-06,22,Sun
2014-06-02,20140602,2014,Q2,6,Jun,2014-06,23,Mon
2014-06-03,20140603,2014,Q2,6,Jun,2014-06,23,Tue
2014-06-04,20140604,2014,Q2,6,Jun,2014-06,23,Wed
2014-06-05,20140605,2014,Q2,6,Jun,2014-06,23,Thu
2014-06-06,20140606,2014,Q2,6,Jun,2014-06,23,Fri
2014-06-07,20140607,2014,Q2,6,Jun,2014-06,23,Sat
2014-06-08,20140608,2014,Q2,6,Jun,2014-06,23,Sun
2014-06-09,20140609,2014,Q2,6,Jun,2014-06,24,Mon
2014-06-10,20140610,2014,Q2,6,Jun,2014-06,24,Tue
2014-06-11,20140611,2014,Q2,6,Jun,2014-06,24,Wed
2014-06-12,20140612,2014,Q2,6,Jun,2014-06,24,Thu
2014-06-13,20140613,2014,Q2,6,Jun,2014-06,24,Fri
2014-06-14,20140614,2014,Q2,6,Jun,2014-06,24,Sat
2014-06-15,20140615,2014,Q2,6,Jun,2014-06,24,Sun
2014-06-16,20140616,2014,Q2,6,Jun,2014-06,25,Mon
2014-06-17,20140617,2014,Q2,6,Jun,2014-06,25,Tue
2014-06-18,20140618,2014,Q2,6,Jun,2014-06,25,Wed
2014-06-19,20140619,2014,Q2,6,Jun,2014-06,25,Thu
2014-06-20,20140620,2014,Q2,6,Jun,2014-06,25,Fri
2014-06-21,20140621,2014,Q2,6,Jun,2014-06,25,Sat
2014-06-22,20140622,2014,Q2,6,Jun,2014-06,25,Sun
2014-06-23,20140623,2014,Q2,6,Jun,2014-06,26,Mon
2014-06-24,20140624,2014,Q2,6,Jun,2014-06,26,Tue
2014-06-25,20140625,2014,Q2,6,Jun,2014-06,26,Wed
2014-06-26,20140626,2014,Q2,6,Jun,2014-06,26,Thu
2014-06-27,20140627,2014,Q2,6,Jun,2014-06,26,Fri
2014-06-28,20140628,2014,Q2,6,Jun,2014-06,26,Sat
2014-06-29,20140629,2014,Q2,6,Jun,2014-06,26,Sun
2014-06-30,20140630,2014,Q2,6,Jun,2014-06,27,Mon
2014-07-01,20140701,2014,Q3,7,Jul,2014-07,27,Tue
2014-07-02,20140702,2014,Q3,7,Jul,2014-07,27,Wed
2014-07-03,20140703,2014,Q3,7,Jul,2014-07,27,Thu
2014-07-04,20140704,2014,Q3,7,Jul,2014-07,27,Fri
2014-07-05,20140705,2014,Q3,7,Jul,2014-07,27,Sat
2014-07-06,20140706,2014,Q3,7,Jul,2014-07,27,Sun
2014-07-07,20140707,2014,Q3,7,Jul,2014-07,28,Mon
2014-07-08,20140708,2014,Q3,7,Jul,2014-07,28,Tue
2014-07-09,20140709,2014,Q3,7,Jul,2014-07,28,Wed
2014-07-10,20140710,2014,Q3,7,Jul,2014-07,28,Thu
2014-07-11,20140711,2014,Q3,7,Jul,2014-07,28,Fri
2014-07-12,20140712,2014,Q3,7,Jul,2014-07,28,Sat
2014-07-13,20140713,2014,Q3,7,Jul,2014-07,28,Sun
2014-07-14,20140714,2014,Q3,7,Jul,2014-07,29,Mon
2014-07-15,20140715,2014,Q3,7,Jul,2014-07,29,Tue
2014-07-16,20140716,2014,Q3,7,Jul,2014-07,29,Wed
2014-07-17,20140717,2014,Q3,7,Jul,2014-07,29,Thu
2014-07-18,20140718,2014,Q3,7,Jul,2014-07,29,Fri
2014-07-19,20140719,2014,Q3,7,Jul,2014-07,29,Sat
2014-07-20,20140720,2014,Q3,7,Jul,2014-07,29,Sun
2014-07-21,20140721,2014,Q3,7,Jul,2014-07,30,Mon
2014-07-22,20140722,2014,Q3,7,Jul,2014-07,30,Tue
2014-07-23,20140723,2014,Q3,7,Jul,2014-07,30,Wed
2014-07-24,20140724,2014,Q3,7,Jul,2014-07,30,Thu
2014-07-25,20140725,2014,Q3,7,Jul,2014-07,30,Fri
2014-07-26,20140726,2014,Q3,7,Jul,2014-07,30,Sat
2014-07-27,20140727,2014,Q3,7,Jul,2014-07,30,Sun
2014-07-28,20140728,2014,Q3,7,Jul,2014-07,31,Mon
2014-07-29,20140729,2014,Q3,7,Jul,2014-07,31,Tue
2014-07-30,20140730,2014,Q3,7,Jul,2014-07,31,Wed
2014-07-31,20140731,2014,Q3,7,Jul,2014-07,31,Thu
2014-08-01,20140801,2014,Q3,8,Aug,2014-08,31,Fri
2014-08-02,20140802,2014,Q3,8,Aug,2014-08,31,Sat
2014-08-03,20140803,2014,Q3,8,Aug,2014-08,31,Sun
2014-08-04,20140804,2014,Q3,8,Aug,2014-08,32,Mon
2014-08-05,20140805,2014,Q3,8,Aug,2014-08,32,Tue
2014-08-06,20140806,2014,Q3,8,Aug,2014-08,32,Wed
2014-08-07,20140807,2014,Q3,8,Aug,2014-08,32,Thu
2014-08-08,20140808,2014,Q3,8,Aug,2014-08,32,Fri
2014-08-09,20140809,2014,Q3,8,Aug,2014-08,32,Sat
2014-08-10,20140810,2014,Q3,8,Aug,2014-08,32,Sun
2014-08-11,20140811,2014,Q3,8,Aug,2014-08,33,Mon
2014-08-12,20140812,2014,Q3,8,Aug,2014-08,33,Tue
2014-08-13,20140813,2014,Q3,8,Aug,2014-08,33,Wed
2014-08-14,20140814,2014,Q3,8,Aug,2014-08,33,Thu
2014-08-15,20140815,2014,Q3,8,Aug,2014-08,33,Fri
2014-08-16,20140816,2014,Q3,8,Aug,2014-08,33,Sat
2014-08-17,20140817,2014,Q3,8,Aug,2014-08,33,Sun
2014-08-18,20140818,2014,Q3,8,Aug,2014-08,34,Mon
2014-08-19,20140819,2014,Q3,8,Aug,2014-08,34,Tue
2014-08-20,20140820,2014,Q3,8,Aug,2014-08,34,Wed
2014-08-21,20140821,2014,Q3,8,Aug,2014-08,34,Thu
2014-08-22,20140822,2014,Q3,8,Aug,2014-08,34,Fri
2014-08-23,20140823,2014,Q3,8,Aug,2014-08,34,Sat
2014-08-24,20140824,2014,Q3,8,Aug,2014-08,34,Sun
2014-08-25,20140825,2014,Q3,8,Aug,2014-08,35,Mon
2014-08-26,20140826,2014,Q3,8,Aug,2014-08,35,Tue
2014-08-27,20140827,2014,Q3,8,Aug,2014-08,35,Wed
2014-08-28,20140828,2014,Q3,8,Aug,2014-08,35,Thu
2014-08-29,20140829,2014,Q3,8,Aug,2014-08,35,Fri
2014-08-30,20140830,2014,Q3,8,Aug,2014-08,35,Sat
2014-08-31,20140831,2014,Q3,8,Aug,2014-08,35,Sun
2014-09-01,20140901,2014,Q3,9,Sep,2014-09,36,Mon
2014-09-02,20140902,2014,Q3,9,Sep,2014-09,36,Tue
2014-09-03,20140903,2014,Q3,9,Sep,2014-09,36,Wed
2014-09-04,20140904,2014,Q3,9,Sep,2014-09,36,Thu
2014-09-05,20140905,2014,Q3,9,Sep,2014-09,36,Fri
2014-09-06,20140906,2014,Q3,9,Sep,2014-09,36,Sat
2014-09-07,20140907,2014,Q3,9,Sep,2014-09,36,Sun
2014-09-08,20140908,2014,Q3,9,Sep,2014-09,37,Mon
2014-09-09,20140909,2014,Q3,9,Sep,2014-09,37,Tue
2014-09-10,20140910,2014,Q3,9,Sep,2014-09,37,Wed
2014-09-11,20140911,2014,Q3,9,Sep,2014-09,37,Thu
2014-09-12,20140912,2014,Q3,9,Sep,2014-09,37,Fri
2014-09-13,20140913,2014,Q3,9,Sep,2014-09,37,Sat
2014-09-14,20140914,2014,Q3,9,Sep,2014-09,37,Sun
2014-09-15,20140915,2014,Q3,9,Sep,2014-09,38,Mon
2014-09-16,20140916,2014,Q3,9,Sep,2014-09,38,Tue
2014-09-17,20140917,2014,Q3,9,Sep,2014-09,38,Wed
2014-09-18,20140918,2014,Q3,9,Sep,2014-09,38,Thu
2014-09-19,20140919,2014,Q3,9,Sep,2014-09,38,Fri
2014-09-20,20140920,2014,Q3,9,Sep,2014-09,38,Sat
2014-09-21,20140921,2014,Q3,9,Sep,2014-09,38,Sun
2014-09-22,20140922,2014,Q3,9,Sep,2014-09,39,Mon
2014-09-23,20140923,2014,Q3,9,Sep,2014-09,39,Tue
2014-09-24,20140924,2014,Q3,9,Sep,2014-09,39,Wed
2014-09-25,20140925,2014,Q3,9,Sep,2014-09,39,Thu
2014-09-26,20140926,2014,Q3,9,Sep,2014-09,39,Fri
2014-09-27,20140927,2014,Q3,9,Sep,2014-09,39,Sat
2014-09-28,20140928,2014,Q3,9,Sep,2014-09,39,Sun
2014-09-29,20140929,2014,Q3,9,Sep,2014-09,40,Mon
2014-09-30,20140930,2014,Q3,9,Sep,2014-09,40,Tue
2014-10-01,20141001,2014,Q4,10,Oct,2014-10,40,Wed
2014-10-02,20141002,2014,Q4,10,Oct,2014-10,40,Thu
2014-10-03,20141003,2014,Q4,10,Oct,2014-10,40,Fri
2014-10-04,20141004,2014,Q4,10,Oct,2014-10,40,Sat
2014-10-05,20141005,2014,Q4,10,Oct,2014-10,40,Sun
2014-10-06,20141006,2014,Q4,10,Oct,2014-10,41,Mon
2014-10-07,20141007,2014,Q4,10,Oct,2014-10,41,Tue
2014-10-08,20141008,2014,Q4,10,Oct,2014-10,41,Wed
2014-10-09,20141009,2014,Q4,10,Oct,2014-10,41,Thu
2014-10-10,20141010,2014,Q4,10,Oct,2014-10,41,Fri
2014-10-11,20141011,2014,Q4,10,Oct,2014-10,41,Sat
2014-10-12,20141012,2014,Q4,10,Oct,2014-10,41,Sun
2014-10-13,20141013,2014,Q4,10,Oct,2014-10,42,Mon
2014-10-14,20141014,2014,Q4,10,Oct,2014-10,42,Tue
2014-10-15,20141015,2014,Q4,10,Oct,2014-10,42,Wed
2014-10-16,20141016,2014,Q4,10,Oct,2014-10,42,Thu
2014-10-17,20141017,2014,Q4,10,Oct,2014-10,42,Fri
2014-10-18,20141018,2014,Q4,10,Oct,2014-10,42,Sat
2014-10-19,20141019,2014,Q4,10,Oct,2014-10,42,Sun
2014-10-20,20141020,2014,Q4,10,Oct,2014-10,43,Mon
2014-10-21,20141021,2014,Q4,10,Oct,2014-10,43,Tue
2014-10-22,20141022,2014,Q4,10,Oct,2014-10,43,Wed
2014-10-23,20141023,2014,Q4,10,Oct,2014-10,43,Thu
2014-10-24,20141024,2014,Q4,10,Oct,2014-10,43,Fri
2014-10-25,20141025,2014,Q4,10,Oct,2014-10,43,Sat
2014-10-26,20141026,2014,Q4,10,Oct,2014-10,43,Sun
2014-10-27,20141027,2014,Q4,10,Oct,2014-10,44,Mon
2014-10-28,20141028,2014,Q4,10,Oct,2014-10,44,Tue
2014-10-29,20141029,2014,Q4,10,Oct,2014-10,44,Wed
2014-10-30,20141030,2014,Q4,10,Oct,2014-10,44,Thu
2014-10-31,20141031,2014,Q4,10,Oct,2014-10,44,Fri
2014-11-01,20141101,2014,Q4,11,Nov,2014-11,44,Sat
2014-11-02,20141102,2014,Q4,11,Nov,2014-11,44,Sun
2014-11-03,20141103,2014,Q4,11,Nov,2014-11,45,Mon
2014-11-04,20141104,2014,Q4,11,Nov,2014-11,45,Tue
2014-11-05,20141105,2014,Q4,11,Nov,2014-11,45,Wed
2014-11-06,20141106,2014,Q4,11,Nov,2014-11,45,Thu
2014-11-07,20141107,2014,Q4,11,Nov,2014-11,45,Fri
2014-11-08,20141108,2014,Q4,11,Nov,2014-11,45,Sat
2014-11-09,20141109,2014,Q4,11,Nov,2014-11,45,Sun
2014-11-10,20141110,2014,Q4,11,Nov,2014-11,46,Mon
2014-11-11,20141111,2014,Q4,11,Nov,2014-11,46,Tue
2014-11-12,20141112,2014,Q4,11,Nov,2014-11,46,Wed
2014-11-13,20141113,2014,Q4,11,Nov,2014-11,46,Thu
2014-11-14,20141114,2014,Q4,11,Nov,2014-11,46,Fri
2014-11-15,20141115,2014,Q4,11,Nov,2014-11,46,Sat
2014-11-16,20141116,2014,Q4,11,Nov,2014-11,46,Sun
2014-11-17,20141117,2014,Q4,11,Nov,2014-11,47,Mon
2014-11-18,20141118,2014,Q4,11,Nov,2014-11,47,Tue
2014-11-19,20141119,2014,Q4,11,Nov,2014-11,47,Wed
2014-11-20,20141120,2014,Q4,11,Nov,2014-11,47,Thu
2014-11-21,20141121,2014,Q4,11,Nov,2014-11,47,Fri
2014-11-22,20141122,2014,Q4,11,Nov,2014-11,47,Sat
2014-11-23,20141123,2014,Q4,11,Nov,2014-11,47,Sun
2014-11-24,20141124,2014,Q4,11,Nov,2014-11,48,Mon
2014-11-25,20141125,2014,Q4,11,Nov,2014-11,48,Tue
2014-11-26,20141126,2014,Q4,11,Nov,2014-11,48,Wed
2014-11-27,20141127,2014,Q4,11,Nov,2014-11,48,Thu
2014-11-28,20141128,2014,Q4,11,Nov,2014-11,48,Fri
2014-11-29,20141129,2014,Q4,11,Nov,2014-11,48,Sat
2014-11-30,20141130,2014,Q4,11,Nov,2014-11,48,Sun
2014-12-01,20141201,2014,Q4,12,Dec,2014-12,49,Mon
2014-12-02,20141202,2014,Q4,12,Dec,2014-12,49,Tue
2014-12-03,20141203,2014,Q4,12,Dec,2014-12,49,Wed
2014-12-04,20141204,2014,Q4,12,Dec,2014-12,49,Thu
2014-12-05,20141205,2014,Q4,12,Dec,2014-12,49,Fri
2014-12-06,20141206,2014,Q4,12,Dec,2014-12,49,Sat
2014-12-07,20141207,2014,Q4,12,Dec,2014-12,49,Sun
2014-12-08,20141208,2014,Q4,12,Dec,2014-12,50,Mon
2014-12-09,20141209,2014,Q4,12,Dec,2014-12,50,Tue
2014-12-10,20141210,2014,Q4,12,Dec,2014-12,50,Wed
2014-12-11,20141211,2014,Q4,12,Dec,2014-12,50,Thu
2014-12-12,20141212,2014,Q4,12,Dec,2014-12,50,Fri
2014-12-13,20141213,2014,Q4,12,Dec,2014-12,50,Sat
2014-12-14,20141214,2014,Q4,12,Dec,2014-12,50,Sun
2014-12-15,20141215,2014,Q4,12,Dec,2014-12,51,Mon
2014-12-16,20141216,2014,Q4,12,Dec,2014-12,51,Tue
2014-12-17,20141217,2014,Q4,12,Dec,2014-12,51,Wed
2014-12-18,20141218,2014,Q4,12,Dec,2014-12,51,Thu
2014-12-19,20141219,2014,Q4,12,Dec,2014-12,51,Fri
2014-12-20,20141220,2014,Q4,12,Dec,2014-12,51,Sat
2014-12-21,20141221,2014,Q4,12,Dec,2014-12,51,Sun
2014-12-22,20141222,2014,Q4,12,Dec,2014-12,52,Mon
2014-12-23,20141223,2014,Q4,12,Dec,2014-12,52,Tue
2014-12-24,20141224,2014,Q4,12,Dec,2014-12,52,Wed
2014-12-25,20141225,2014,Q4,12,Dec,2014-12,52,Thu
2014-12-26,20141226,2014,Q4,12,Dec,2014-12,52,Fri
2014-12-27,20141227,2014,Q4,12,Dec,2014-12,52,Sat
2014-12-28,20141228,2014,Q4,12,Dec,2014-12,52,Sun
2014-12-29,20141229,2014,Q4,12,Dec,2014-12,1,Mon
2014-12-30,20141230,2014,Q4,12,Dec,2014-12,1,Tue
2014-12-31,20141231,2014,Q4,12,Dec,2014-12,1,Wed
2015-01-01,20150101,2015,Q1,1,Jan,2015-01,1,Thu
2015-01-02,20150102,2015,Q1,1,Jan,2015-01,1,Fri
2015-01-03,20150103,2015,Q1,1,Jan,2015-01,1,Sat
2015-01-04,20150104,2015,Q1,1,Jan,2015-01,1,Sun
2015-01-05,20150105,2015,Q1,1,Jan,2015-01,2,Mon
2015-01-06,20150106,2015,Q1,1,Jan,2015-01,2,Tue
2015-01-07,20150107,2015,Q1,1,Jan,2015-01,2,Wed
2015-01-08,20150108,2015,Q1,1,Jan,2015-01,2,Thu
2015-01-09,20150109,2015,Q1,1,Jan,2015-01,2,Fri
2015-01-10,20150110,2015,Q1,1,Jan,2015-01,2,Sat
2015-01-11,20150111,2015,Q1,1,Jan,2015-01,2,Sun
2015-01-12,20150112,2015,Q1,1,Jan,2015-01,3,Mon
2015-01-13,20150113,2015,Q1,1,Jan,2015-01,3,Tue
2015-01-14,20150114,2015,Q1,1,Jan,2015-01,3,Wed
2015-01-15,20150115,2015,Q1,1,Jan,2015-01,3,Thu
2015-01-16,20150116,2015,Q1,1,Jan,2015-01,3,Fri
2015-01-17,20150117,2015,Q1,1,Jan,2015-01,3,Sat
2015-01-18,20150118,2015,Q1,1,Jan,2015-01,3,Sun
2015-01-19,20150119,2015,Q1,1,Jan,2015-01,4,Mon
2015-01-20,20150120,2015,Q1,1,Jan,2015-01,4,Tue
2015-01-21,20150121,2015,Q1,1,Jan,2015-01,4,Wed
2015-01-22,20150122,2015,Q1,1,Jan,2015-01,4,Thu
2015-01-23,20150123,2015,Q1,1,Jan,2015-01,4,Fri
2015-01-24,20150124,2015,Q1,1,Jan,2015-01,4,Sat
2015-01-25,20150125,2015,Q1,1,Jan,2015-01,4,Sun
2015-01-26,20150126,2015,Q1,1,Jan,2015-01,5,Mon
2015-01-27,20150127,2015,Q1,1,Jan,2015-01,5,Tue
2015-01-28,20150128,2015,Q1,1,Jan,2015-01,5,Wed
2015-01-29,20150129,2015,Q1,1,Jan,2015-01,5,Thu
2015-01-30,20150130,2015,Q1,1,Jan,2015-01,5,Fri
2015-01-31,20150131,2015,Q1,1,Jan,2015-01,5,Sat
2015-02-01,20150201,2015,Q1,2,Feb,2015-02,5,Sun
2015-02-02,20150202,2015,Q1,2,Feb,2015-02,6,Mon
2015-02-03,20150203,2015,Q1,2,Feb,2015-02,6,Tue
2015-02-04,20150204,2015,Q1,2,Feb,2015-02,6,Wed
2015-02-05,20150205,2015,Q1,2,Feb,2015-02,6,Thu
2015-02-06,20150206,2015,Q1,2,Feb,2015-02,6,Fri
2015-02-07,20150207,2015,Q1,2,Feb,2015-02,6,Sat
2015-02-08,20150208,2015,Q1,2,Feb,2015-02,6,Sun
2015-02-09,20150209,2015,Q1,2,Feb,2015-02,7,Mon
2015-02-10,20150210,2015,Q1,2,Feb,2015-02,7,Tue
2015-02-11,20150211,2015,Q1,2,Feb,2015-02,7,Wed
2015-02-12,20150212,2015,Q1,2,Feb,2015-02,7,Thu
2015-02-13,20150213,2015,Q1,2,Feb,2015-02,7,Fri
2015-02-14,20150214,2015,Q1,2,Feb,2015-02,7,Sat
2015-02-15,20150215,2015,Q1,2,Feb,2015-02,7,Sun
2015-02-16,20150216,2015,Q1,2,Feb,2015-02,8,Mon
2015-02-17,20150217,2015,Q1,2,Feb,2015-02,8,Tue
2015-02-18,20150218,2015,Q1,2,Feb,2015-02,8,Wed
2015-02-19,20150219,2015,Q1,2,Feb,2015-02,8,Thu
2015-02-20,20150220,2015,Q1,2,Feb,2015-02,8,Fri
2015-02-21,20150221,2015,Q1,2,Feb,2015-02,8,Sat
2015-02-22,20150222,2015,Q1,2,Feb,2015-02,8,Sun
2015-02-23,20150223,2015,Q1,2,Feb,2015-02,9,Mon
2015-02-24,20150224,2015,Q1,2,Feb,2015-02,9,Tue
2015-02-25,20150225,2015,Q1,2,Feb,2015-02,9,Wed
2015-02-26,20150226,2015,Q1,2,Feb,2015-02,9,Thu
2015-02-27,20150227,2015,Q1,2,Feb,2015-02,9,Fri
2015-02-28,20150228,2015,Q1,2,Feb,2015-02,9,Sat
2015-03-01,20150301,2015,Q1,3,Mar,2015-03,9,Sun
2015-03-02,20150302,2015,Q1,3,Mar,2015-03,10,Mon
2015-03-03,20150303,2015,Q1,3,Mar,2015-03,10,Tue
2015-03-04,20150304,2015,Q1,3,Mar,2015-03,10,Wed
2015-03-05,20150305,2015,Q1,3,Mar,2015-03,10,Thu
2015-03-06,20150306,2015,Q1,3,Mar,2015-03,10,Fri
2015-03-07,20150307,2015,Q1,3,Mar,2015-03,10,Sat
2015-03-08,20150308,2015,Q1,3,Mar,2015-03,10,Sun
2015-03-09,20150309,2015,Q1,3,Mar,2015-03,11,Mon
2015-03-10,20150310,2015,Q1,3,Mar,2015-03,11,Tue
2015-03-11,20150311,2015,Q1,3,Mar,2015-03,11,Wed
2015-03-12,20150312,2015,Q1,3,Mar,2015-03,11,Thu
2015-03-13,20150313,2015,Q1,3,Mar,2015-03,11,Fri
2015-03-14,20150314,2015,Q1,3,Mar,2015-03,11,Sat
2015-03-15,20150315,2015,Q1,3,Mar,2015-03,11,Sun
2015-03-16,20150316,2015,Q1,3,Mar,2015-03,12,Mon
2015-03-17,20150317,2015,Q1,3,Mar,2015-03,12,Tue
2015-03-18,20150318,2015,Q1,3,Mar,2015-03,12,Wed
2015-03-19,20150319,2015,Q1,3,Mar,2015-03,12,Thu
2015-03-20,20150320,2015,Q1,3,Mar,2015-03,12,Fri
2015-03-21,20150321,2015,Q1,3,Mar,2015-03,12,Sat
2015-03-22,20150322,2015,Q1,3,Mar,2015-03,12,Sun
2015-03-23,20150323,2015,Q1,3,Mar,2015-03,13,Mon
2015-03-24,20150324,2015,Q1,3,Mar,2015-03,13,Tue
2015-03-25,20150325,2015,Q1,3,Mar,2015-03,13,Wed
2015-03-26,20150326,2015,Q1,3,Mar,2015-03,13,Thu
2015-03-27,20150327,2015,Q1,3,Mar,2015-03,13,Fri
2015-03-28,20150328,2015,Q1,3,Mar,2015-03,13,Sat
2015-03-29,20150329,2015,Q1,3,Mar,2015-03,13,Sun
2015-03-30,20150330,2015,Q1,3,Mar,2015-03,14,Mon
2015-03-31,20150331,2015,Q1,3,Mar,2015-03,14,Tue
2015-04-01,20150401,2015,Q2,4,Apr,2015-04,14,Wed
2015-04-02,20150402,2015,Q2,4,Apr,2015-04,14,Thu
2015-04-03,20150403,2015,Q2,4,Apr,2015-04,14,Fri
2015-04-04,20150404,2015,Q2,4,Apr,2015-04,14,Sat
2015-04-05,20150405,2015,Q2,4,Apr,2015-04,14,Sun
2015-04-06,20150406,2015,Q2,4,Apr,2015-04,15,Mon
2015-04-07,20150407,2015,Q2,4,Apr,2015-04,15,Tue
2015-04-08,20150408,2015,Q2,4,Apr,2015-04,15,Wed
2015-04-09,20150409,2015,Q2,4,Apr,2015-04,15,Thu
2015-04-10,20150410,2015,Q2,4,Apr,2015-04,15,Fri
2015-04-11,20150411,2015,Q2,4,Apr,2015-04,15,Sat
2015-04-12,20150412,2015,Q2,4,Apr,2015-04,15,Sun
2015-04-13,20150413,2015,Q2,4,Apr,2015-04,16,Mon
2015-04-14,20150414,2015,Q2,4,Apr,2015-04,16,Tue
2015-04-15,20150415,2015,Q2,4,Apr,2015-04,16,Wed
2015-04-16,20150416,2015,Q2,4,Apr,2015-04,16,Thu
2015-04-17,20150417,2015,Q2,4,Apr,2015-04,16,Fri
2015-04-18,20150418,2015,Q2,4,Apr,2015-04,16,Sat
2015-04-19,20150419,2015,Q2,4,Apr,2015-04,16,Sun
2015-04-20,20150420,2015,Q2,4,Apr,2015-04,17,Mon
2015-04-21,20150421,2015,Q2,4,Apr,2015-04,17,Tue
2015-04-22,20150422,2015,Q2,4,Apr,2015-04,17,Wed
2015-04-23,20150423,2015,Q2,4,Apr,2015-04,17,Thu
2015-04-24,20150424,2015,Q2,4,Apr,2015-04,17,Fri
2015-04-25,20150425,2015,Q2,4,Apr,2015-04,17,Sat
2015-04-26,20150426,2015,Q2,4,Apr,2015-04,17,Sun
2015-04-27,20150427,2015,Q2,4,Apr,2015-04,18,Mon
2015-04-28,20150428,2015,Q2,4,Apr,2015-04,18,Tue
2015-04-29,20150429,2015,Q2,4,Apr,2015-04,18,Wed
2015-04-30,20150430,2015,Q2,4,Apr,2015-04,18,Thu
2015-05-01,20150501,2015,Q2,5,May,2015-05,18,Fri
2015-05-02,20150502,2015,Q2,5,May,2015-05,18,Sat
2015-05-03,20150503,2015,Q2,5,May,2015-05,18,Sun
2015-05-04,20150504,2015,Q2,5,May,2015-05,19,Mon
2015-05-05,20150505,2015,Q2,5,May,2015-05,19,Tue
2015-05-06,20150506,2015,Q2,5,May,2015-05,19,Wed
2015-05-07,20150507,2015,Q2,5,May,2015-05,19,Thu
2015-05-08,20150508,2015,Q2,5,May,2015-05,19,Fri
2015-05-09,20150509,2015,Q2,5,May,2015-05,19,Sat
2015-05-10,20150510,2015,Q2,5,May,2015-05,19,Sun
2015-05-11,20150511,2015,Q2,5,May,2015-05,20,Mon
2015-05-12,20150512,2015,Q2,5,May,2015-05,20,Tue
2015-05-13,20150513,2015,Q2,5,May,2015-05,20,Wed
2015-05-14,20150514,2015,Q2,5,May,2015-05,20,Thu
2015-05-15,20150515,2015,Q2,5,May,2015-05,20,Fri
2015-05-16,20150516,2015,Q2,5,May,2015-05,20,Sat
2015-05-17,20150517,2015,Q2,5,May,2015-05,20,Sun
2015-05-18,20150518,2015,Q2,5,May,2015-05,21,Mon
2015-05-19,20150519,2015,Q2,5,May,2015-05,21,Tue
2015-05-20,20150520,2015,Q2,5,May,2015-05,21,Wed
2015-05-21,20150521,2015,Q2,5,May,2015-05,21,Thu
2015-05-22,20150522,2015,Q2,5,May,2015-05,21,Fri
2015-05-23,20150523,2015,Q2,5,May,2015-05,21,Sat
2015-05-24,20150524,2015,Q2,5,May,2015-05,21,Sun
2015-05-25,20150525,2015,Q2,5,May,2015-05,22,Mon
2015-05-26,20150526,2015,Q2,5,May,2015-05,22,Tue
2015-05-27,20150527,2015,Q2,5,May,2015-05,22,Wed
2015-05-28,20150528,2015,Q2,5,May,2015-05,22,Thu
2015-05-29,20150529,2015,Q2,5,May,2015-05,22,Fri
2015-05-30,20150530,2015,Q2,5,May,2015-05,22,Sat
2015-05-31,20150531,2015,Q2,5,May,2015-05,22,Sun
2015-06-01,20150601,2015,Q2,6,Jun,2015-06,23,Mon
2015-06-02,20150602,2015,Q2,6,Jun,2015-06,23,Tue
2015-06-03,20150603,2015,Q2,6,Jun,2015-06,23,Wed
2015-06-04,20150604,2015,Q2,6,Jun,2015-06,23,Thu
2015-06-05,20150605,2015,Q2,6,Jun,2015-06,23,Fri
2015-06-06,20150606,2015,Q2,6,Jun,2015-06,23,Sat
2015-06-07,20150607,2015,Q2,6,Jun,2015-06,23,Sun
2015-06-08,20150608,2015,Q2,6,Jun,2015-06,24,Mon
2015-06-09,20150609,2015,Q2,6,Jun,2015-06,24,Tue
2015-06-10,20150610,2015,Q2,6,Jun,2015-06,24,Wed
2015-06-11,20150611,2015,Q2,6,Jun,2015-06,24,Thu
2015-06-12,20150612,2015,Q2,6,Jun,2015-06,24,Fri
2015-06-13,20150613,2015,Q2,6,Jun,2015-06,24,Sat
2015-06-14,20150614,2015,Q2,6,Jun,2015-06,24,Sun
2015-06-15,20150615,2015,Q2,6,Jun,2015-06,25,Mon
2015-06-16,20150616,2015,Q2,6,Jun,2015-06,25,Tue
2015-06-17,20150617,2015,Q2,6,Jun,2015-06,25,Wed
2015-06-18,20150618,2015,Q2,6,Jun,2015-06,25,Thu
2015-06-19,20150619,2015,Q2,6,Jun,2015-06,25,Fri
2015-06-20,20150620,2015,Q2,6,Jun,2015-06,25,Sat
2015-06-21,20150621,2015,Q2,6,Jun,2015-06,25,Sun
2015-06-22,20150622,2015,Q2,6,Jun,2015-06,26,Mon
2015-06-23,20150623,2015,Q2,6,Jun,2015-06,26,Tue
2015-06-24,20150624,2015,Q2,6,Jun,2015-06,26,Wed
2015-06-25,20150625,2015,Q2,6,Jun,2015-06,26,Thu
2015-06-26,20150626,2015,Q2,6,Jun,2015-06,26,Fri
2015-06-27,20150627,2015,Q2,6,Jun,2015-06,26,Sat
2015-06-28,20150628,2015,Q2,6,Jun,2015-06,26,Sun
2015-06-29,20150629,2015,Q2,6,Jun,2015-06,27,Mon
2015-06-30,20150630,2015,Q2,6,Jun,2015-06,27,Tue
2015-07-01,20150701,2015,Q3,7,Jul,2015-07,27,Wed
2015-07-02,20150702,2015,Q3,7,Jul,2015-07,27,Thu
2015-07-03,20150703,2015,Q3,7,Jul,2015-07,27,Fri
2015-07-04,20150704,2015,Q3,7,Jul,2015-07,27,Sat
2015-07-05,20150705,2015,Q3,7,Jul,2015-07,27,Sun
2015-07-06,20150706,2015,Q3,7,Jul,2015-07,28,Mon
2015-07-07,20150707,2015,Q3,7,Jul,2015-07,28,Tue
2015-07-08,20150708,2015,Q3,7,Jul,2015-07,28,Wed
2015-07-09,20150709,2015,Q3,7,Jul,2015-07,28,Thu
2015-07-10,20150710,2015,Q3,7,Jul,2015-07,28,Fri
2015-07-11,20150711,2015,Q3,7,Jul,2015-07,28,Sat
2015-07-12,20150712,2015,Q3,7,Jul,2015-07,28,Sun
2015-07-13,20150713,2015,Q3,7,Jul,2015-07,29,Mon
2015-07-14,20150714,2015,Q3,7,Jul,2015-07,29,Tue
2015-07-15,20150715,2015,Q3,7,Jul,2015-07,29,Wed
2015-07-16,20150716,2015,Q3,7,Jul,2015-07,29,Thu
2015-07-17,20150717,2015,Q3,7,Jul,2015-07,29,Fri
2015-07-18,20150718,2015,Q3,7,Jul,2015-07,29,Sat
2015-07-19,20150719,2015,Q3,7,Jul,2015-07,29,Sun
2015-07-20,20150720,2015,Q3,7,Jul,2015-07,30,Mon
2015-07-21,20150721,2015,Q3,7,Jul,2015-07,30,Tue
2015-07-22,20150722,2015,Q3,7,Jul,2015-07,30,Wed
2015-07-23,20150723,2015,Q3,7,Jul,2015-07,30,Thu
2015-07-24,20150724,2015,Q3,7,Jul,2015-07,30,Fri
2015-07-25,20150725,2015,Q3,7,Jul,2015-07,30,Sat
2015-07-26,20150726,2015,Q3,7,Jul,2015-07,30,Sun
2015-07-27,20150727,2015,Q3,7,Jul,2015-07,31,Mon
2015-07-28,20150728,2015,Q3,7,Jul,2015-07,31,Tue
2015-07-29,20150729,2015,Q3,7,Jul,2015-07,31,Wed
2015-07-30,20150730,2015,Q3,7,Jul,2015-07,31,Thu
2015-07-31,20150731,2015,Q3,7,Jul,2015-07,31,Fri
2015-08-01,20150801,2015,Q3,8,Aug,2015-08,31,Sat
2015-08-02,20150802,2015,Q3,8,Aug,2015-08,31,Sun
2015-08-03,20150803,2015,Q3,8,Aug,2015-08,32,Mon
2015-08-04,20150804,2015,Q3,8,Aug,2015-08,32,Tue
2015-08-05,20150805,2015,Q3,8,Aug,2015-08,32,Wed
2015-08-06,20150806,2015,Q3,8,Aug,2015-08,32,Thu
2015-08-07,20150807,2015,Q3,8,Aug,2015-08,32,Fri
2015-08-08,20150808,2015,Q3,8,Aug,2015-08,32,Sat
2015-08-09,20150809,2015,Q3,8,Aug,2015-08,32,Sun
2015-08-10,20150810,2015,Q3,8,Aug,2015-08,33,Mon
2015-08-11,20150811,2015,Q3,8,Aug,2015-08,33,Tue
2015-08-12,20150812,2015,Q3,8,Aug,2015-08,33,Wed
2015-08-13,20150813,2015,Q3,8,Aug,2015-08,33,Thu
2015-08-14,20150814,2015,Q3,8,Aug,2015-08,33,Fri
2015-08-15,20150815,2015,Q3,8,Aug,2015-08,33,Sat
2015-08-16,20150816,2015,Q3,8,Aug,2015-08,33,Sun
2015-08-17,20150817,2015,Q3,8,Aug,2015-08,34,Mon
2015-08-18,20150818,2015,Q3,8,Aug,2015-08,34,Tue
2015-08-19,20150819,2015,Q3,8,Aug,2015-08,34,Wed
2015-08-20,20150820,2015,Q3,8,Aug,2015-08,34,Thu
2015-08-21,20150821,2015,Q3,8,Aug,2015-08,34,Fri
2015-08-22,20150822,2015,Q3,8,Aug,2015-08,34,Sat
2015-08-23,20150823,2015,Q3,8,Aug,2015-08,34,Sun
2015-08-24,20150824,2015,Q3,8,Aug,2015-08,35,Mon
2015-08-25,20150825,2015,Q3,8,Aug,2015-08,35,Tue
2015-08-26,20150826,2015,Q3,8,Aug,2015-08,35,Wed
2015-08-27,20150827,2015,Q3,8,Aug,2015-08,35,Thu
2015-08-28,20150828,2015,Q3,8,Aug,2015-08,35,Fri
2015-08-29,20150829,2015,Q3,8,Aug,2015-08,35,Sat
2015-08-30,20150830,2015,Q3,8,Aug,2015-08,35,Sun
2015-08-31,20150831,2015,Q3,8,Aug,2015-08,36,Mon
2015-09-01,20150901,2015,Q3,9,Sep,2015-09,36,Tue
2015-09-02,20150902,2015,Q3,9,Sep,2015-09,36,Wed
2015-09-03,20150903,2015,Q3,9,Sep,2015-09,36,Thu
2015-09-04,20150904,2015,Q3,9,Sep,2015-09,36,Fri
2015-09-05,20150905,2015,Q3,9,Sep,2015-09,36,Sat
2015-09-06,20150906,2015,Q3,9,Sep,2015-09,36,Sun
2015-09-07,20150907,2015,Q3,9,Sep,2015-09,37,Mon
2015-09-08,20150908,2015,Q3,9,Sep,2015-09,37,Tue
2015-09-09,20150909,2015,Q3,9,Sep,2015-09,37,Wed
2015-09-10,20150910,2015,Q3,9,Sep,2015-09,37,Thu
2015-09-11,20150911,2015,Q3,9,Sep,2015-09,37,Fri
2015-09-12,20150912,2015,Q3,9,Sep,2015-09,37,Sat
2015-09-13,20150913,2015,Q3,9,Sep,2015-09,37,Sun
2015-09-14,20150914,2015,Q3,9,Sep,2015-09,38,Mon
2015-09-15,20150915,2015,Q3,9,Sep,2015-09,38,Tue
2015-09-16,20150916,2015,Q3,9,Sep,2015-09,38,Wed
2015-09-17,20150917,2015,Q3,9,Sep,2015-09,38,Thu
2015-09-18,20150918,2015,Q3,9,Sep,2015-09,38,Fri
2015-09-19,20150919,2015,Q3,9,Sep,2015-09,38,Sat
2015-09-20,20150920,2015,Q3,9,Sep,2015-09,38,Sun
2015-09-21,20150921,2015,Q3,9,Sep,2015-09,39,Mon
2015-09-22,20150922,2015,Q3,9,Sep,2015-09,39,Tue
2015-09-23,20150923,2015,Q3,9,Sep,2015-09,39,Wed
2015-09-24,20150924,2015,Q3,9,Sep,2015-09,39,Thu
2015-09-25,20150925,2015,Q3,9,Sep,2015-09,39,Fri
2015-09-26,20150926,2015,Q3,9,Sep,2015-09,39,Sat
2015-09-27,20150927,2015,Q3,9,Sep,2015-09,39,Sun
2015-09-28,20150928,2015,Q3,9,Sep,2015-09,40,Mon
2015-09-29,20150929,2015,Q3,9,Sep,2015-09,40,Tue
2015-09-30,20150930,2015,Q3,9,Sep,2015-09,40,Wed
2015-10-01,20151001,2015,Q4,10,Oct,2015-10,40,Thu
2015-10-02,20151002,2015,Q4,10,Oct,2015-10,40,Fri
2015-10-03,20151003,2015,Q4,10,Oct,2015-10,40,Sat
2015-10-04,20151004,2015,Q4,10,Oct,2015-10,40,Sun
2015-10-05,20151005,2015,Q4,10,Oct,2015-10,41,Mon
2015-10-06,20151006,2015,Q4,10,Oct,2015-10,41,Tue
2015-10-07,20151007,2015,Q4,10,Oct,2015-10,41,Wed
2015-10-08,20151008,2015,Q4,10,Oct,2015-10,41,Thu
2015-10-09,20151009,2015,Q4,10,Oct,2015-10,41,Fri
2015-10-10,20151010,2015,Q4,10,Oct,2015-10,41,Sat
2015-10-11,20151011,2015,Q4,10,Oct,2015-10,41,Sun
2015-10-12,20151012,2015,Q4,10,Oct,2015-10,42,Mon
2015-10-13,20151013,2015,Q4,10,Oct,2015-10,42,Tue
2015-10-14,20151014,2015,Q4,10,Oct,2015-10,42,Wed
2015-10-15,20151015,2015,Q4,10,Oct,2015-10,42,Thu
2015-10-16,20151016,2015,Q4,10,Oct,2015-10,42,Fri
2015-10-17,20151017,2015,Q4,10,Oct,2015-10,42,Sat
2015-10-18,20151018,2015,Q4,10,Oct,2015-10,42,Sun
2015-10-19,20151019,2015,Q4,10,Oct,2015-10,43,Mon
2015-10-20,20151020,2015,Q4,10,Oct,2015-10,43,Tue
2015-10-21,20151021,2015,Q4,10,Oct,2015-10,43,Wed
2015-10-22,20151022,2015,Q4,10,Oct,2015-10,43,Thu
2015-10-23,20151023,2015,Q4,10,Oct,2015-10,43,Fri
2015-10-24,20151024,2015,Q4,10,Oct,2015-10,43,Sat
2015-10-25,20151025,2015,Q4,10,Oct,2015-10,43,Sun
2015-10-26,20151026,2015,Q4,10,Oct,2015-10,44,Mon
2015-10-27,20151027,2015,Q4,10,Oct,2015-10,44,Tue
2015-10-28,20151028,2015,Q4,10,Oct,2015-10,44,Wed
2015-10-29,20151029,2015,Q4,10,Oct,2015-10,44,Thu
2015-10-30,20151030,2015,Q4,10,Oct,2015-10,44,Fri
2015-10-31,20151031,2015,Q4,10,Oct,2015-10,44,Sat
2015-11-01,20151101,2015,Q4,11,Nov,2015-11,44,Sun
2015-11-02,20151102,2015,Q4,11,Nov,2015-11,45,Mon
2015-11-03,20151103,2015,Q4,11,Nov,2015-11,45,Tue
2015-11-04,20151104,2015,Q4,11,Nov,2015-11,45,Wed
2015-11-05,20151105,2015,Q4,11,Nov,2015-11,45,Thu
2015-11-06,20151106,2015,Q4,11,Nov,2015-11,45,Fri
2015-11-07,20151107,2015,Q4,11,Nov,2015-11,45,Sat
2015-11-08,20151108,2015,Q4,11,Nov,2015-11,45,Sun
2015-11-09,20151109,2015,Q4,11,Nov,2015-11,46,Mon
2015-11-10,20151110,2015,Q4,11,Nov,2015-11,46,Tue
2015-11-11,20151111,2015,Q4,11,Nov,2015-11,46,Wed
2015-11-12,20151112,2015,Q4,11,Nov,2015-11,46,Thu
2015-11-13,20151113,2015,Q4,11,Nov,2015-11,46,Fri
2015-11-14,20151114,2015,Q4,11,Nov,2015-11,46,Sat
2015-11-15,20151115,2015,Q4,11,Nov,2015-11,46,Sun
2015-11-16,20151116,2015,Q4,11,Nov,2015-11,47,Mon
2015-11-17,20151117,2015,Q4,11,Nov,2015-11,47,Tue
2015-11-18,20151118,2015,Q4,11,Nov,2015-11,47,Wed
2015-11-19,20151119,2015,Q4,11,Nov,2015-11,47,Thu
2015-11-20,20151120,2015,Q4,11,Nov,2015-11,47,Fri
2015-11-21,20151121,2015,Q4,11,Nov,2015-11,47,Sat
2015-11-22,20151122,2015,Q4,11,Nov,2015-11,47,Sun
2015-11-23,20151123,2015,Q4,11,Nov,2015-11,48,Mon
2015-11-24,20151124,2015,Q4,11,Nov,2015-11,48,Tue
2015-11-25,20151125,2015,Q4,11,Nov,2015-11,48,Wed
2015-11-26,20151126,2015,Q4,11,Nov,2015-11,48,Thu
2015-11-27,20151127,2015,Q4,11,Nov,2015-11,48,Fri
2015-11-28,20151128,2015,Q4,11,Nov,2015-11,48,Sat
2015-11-29,20151129,2015,Q4,11,Nov,2015-11,48,Sun
2015-11-30,20151130,2015,Q4,11,Nov,2015-11,49,Mon
2015-12-01,20151201,2015,Q4,12,Dec,2015-12,49,Tue
2015-12-02,20151202,2015,Q4,12,Dec,2015-12,49,Wed
2015-12-03,20151203,2015,Q4,12,Dec,2015-12,49,Thu
2015-12-04,20151204,2015,Q4,12,Dec,2015-12,49,Fri
2015-12-05,20151205,2015,Q4,12,Dec,2015-12,49,Sat
2015-12-06,20151206,2015,Q4,12,Dec,2015-12,49,Sun
2015-12-07,20151207,2015,Q4,12,Dec,2015-12,50,Mon
2015-12-08,20151208,2015,Q4,12,Dec,2015-12,50,Tue
2015-12-09,20151209,2015,Q4,12,Dec,2015-12,50,Wed
2015-12-10,20151210,2015,Q4,12,Dec,2015-12,50,Thu
2015-12-11,20151211,2015,Q4,12,Dec,2015-12,50,Fri
2015-12-12,20151212,2015,Q4,12,Dec,2015-12,50,Sat
2015-12-13,20151213,2015,Q4,12,Dec,2015-12,50,Sun
2015-12-14,20151214,2015,Q4,12,Dec,2015-12,51,Mon
2015-12-15,20151215,2015,Q4,12,Dec,2015-12,51,Tue
2015-12-16,20151216,2015,Q4,12,Dec,2015-12,51,Wed
2015-12-17,20151217,2015,Q4,12,Dec,2015-12,51,Thu
2015-12-18,20151218,2015,Q4,12,Dec,2015-12,51,Fri
2015-12-19,20151219,2015,Q4,12,Dec,2015-12,51,Sat
2015-12-20,20151220,2015,Q4,12,Dec,2015-12,51,Sun
2015-12-21,20151221,2015,Q4,12,Dec,2015-12,52,Mon
2015-12-22,20151222,2015,Q4,12,Dec,2015-12,52,Tue
2015-12-23,20151223,2015,Q4,12,Dec,2015-12,52,Wed
2015-12-24,20151224,2015,Q4,12,Dec,2015-12,52,Thu
2015-12-25,20151225,2015,Q4,12,Dec,2015-12,52,Fri
2015-12-26,20151226,2015,Q4,12,Dec,2015-12,52,Sat
2015-12-27,20151227,2015,Q4,12,Dec,2015-12,52,Sun
2015-12-28,20151228,2015,Q4,12,Dec,2015-12,53,Mon
2015-12-29,20151229,2015,Q4,12,Dec,2015-12,53,Tue
2015-12-30,20151230,2015,Q4,12,Dec,2015-12,53,Wed
2015-12-31,20151231,2015,Q4,12,Dec,2015-12,53,Thu
2016-01-01,20160101,2016,Q1,1,Jan,2016-01,53,Fri
2016-01-02,20160102,2016,Q1,1,Jan,2016-01,53,Sat
2016-01-03,20160103,2016,Q1,1,Jan,2016-01,53,Sun
2016-01-04,20160104,2016,Q1,1,Jan,2016-01,1,Mon
2016-01-05,20160105,2016,Q1,1,Jan,2016-01,1,Tue
2016-01-06,20160106,2016,Q1,1,Jan,2016-01,1,Wed
2016-01-07,20160107,2016,Q1,1,Jan,2016-01,1,Thu
2016-01-08,20160108,2016,Q1,1,Jan,2016-01,1,Fri
2016-01-09,20160109,2016,Q1,1,Jan,2016-01,1,Sat
2016-01-10,20160110,2016,Q1,1,Jan,2016-01,1,Sun
2016-01-11,20160111,2016,Q1,1,Jan,2016-01,2,Mon
2016-01-12,20160112,2016,Q1,1,Jan,2016-01,2,Tue
2016-01-13,20160113,2016,Q1,1,Jan,2016-01,2,Wed
2016-01-14,20160114,2016,Q1,1,Jan,2016-01,2,Thu
2016-01-15,20160115,2016,Q1,1,Jan,2016-01,2,Fri
2016-01-16,20160116,2016,Q1,1,Jan,2016-01,2,Sat
2016-01-17,20160117,2016,Q1,1,Jan,2016-01,2,Sun
2016-01-18,20160118,2016,Q1,1,Jan,2016-01,3,Mon
2016-01-19,20160119,2016,Q1,1,Jan,2016-01,3,Tue
2016-01-20,20160120,2016,Q1,1,Jan,2016-01,3,Wed
2016-01-21,20160121,2016,Q1,1,Jan,2016-01,3,Thu
2016-01-22,20160122,2016,Q1,1,Jan,2016-01,3,Fri
2016-01-23,20160123,2016,Q1,1,Jan,2016-01,3,Sat
2016-01-24,20160124,2016,Q1,1,Jan,2016-01,3,Sun
2016-01-25,20160125,2016,Q1,1,Jan,2016-01,4,Mon
2016-01-26,20160126,2016,Q1,1,Jan,2016-01,4,Tue
2016-01-27,20160127,2016,Q1,1,Jan,2016-01,4,Wed
2016-01-28,20160128,2016,Q1,1,Jan,2016-01,4,Thu
2016-01-29,20160129,2016,Q1,1,Jan,2016-01,4,Fri
2016-01-30,20160130,2016,Q1,1,Jan,2016-01,4,Sat
2016-01-31,20160131,2016,Q1,1,Jan,2016-01,4,Sun
2016-02-01,20160201,2016,Q1,2,Feb,2016-02,5,Mon
2016-02-02,20160202,2016,Q1,2,Feb,2016-02,5,Tue
2016-02-03,20160203,2016,Q1,2,Feb,2016-02,5,Wed
2016-02-04,20160204,2016,Q1,2,Feb,2016-02,5,Thu
2016-02-05,20160205,2016,Q1,2,Feb,2016-02,5,Fri
2016-02-06,20160206,2016,Q1,2,Feb,2016-02,5,Sat
2016-02-07,20160207,2016,Q1,2,Feb,2016-02,5,Sun
2016-02-08,20160208,2016,Q1,2,Feb,2016-02,6,Mon
2016-02-09,20160209,2016,Q1,2,Feb,2016-02,6,Tue
2016-02-10,20160210,2016,Q1,2,Feb,2016-02,6,Wed
2016-02-11,20160211,2016,Q1,2,Feb,2016-02,6,Thu
2016-02-12,20160212,2016,Q1,2,Feb,2016-02,6,Fri
2016-02-13,20160213,2016,Q1,2,Feb,2016-02,6,Sat
2016-02-14,20160214,2016,Q1,2,Feb,2016-02,6,Sun
2016-02-15,20160215,2016,Q1,2,Feb,2016-02,7,Mon
2016-02-16,20160216,2016,Q1,2,Feb,2016-02,7,Tue
2016-02-17,20160217,2016,Q1,2,Feb,2016-02,7,Wed
2016-02-18,20160218,2016,Q1,2,Feb,2016-02,7,Thu
2016-02-19,20160219,2016,Q1,2,Feb,2016-02,7,Fri
2016-02-20,20160220,2016,Q1,2,Feb,2016-02,7,Sat
2016-02-21,20160221,2016,Q1,2,Feb,2016-02,7,Sun
2016-02-22,20160222,2016,Q1,2,Feb,2016-02,8,Mon
2016-02-23,20160223,2016,Q1,2,Feb,2016-02,8,Tue
2016-02-24,20160224,2016,Q1,2,Feb,2016-02,8,Wed
2016-02-25,20160225,2016,Q1,2,Feb,2016-02,8,Thu
2016-02-26,20160226,2016,Q1,2,Feb,2016-02,8,Fri
2016-02-27,20160227,2016,Q1,2,Feb,2016-02,8,Sat
2016-02-28,20160228,2016,Q1,2,Feb,2016-02,8,Sun
2016-02-29,20160229,2016,Q1,2,Feb,2016-02,9,Mon
2016-03-01,20160301,2016,Q1,3,Mar,2016-03,9,Tue
2016-03-02,20160302,2016,Q1,3,Mar,2016-03,9,Wed
2016-03-03,20160303,2016,Q1,3,Mar,2016-03,9,Thu
2016-03-04,20160304,2016,Q1,3,Mar,2016-03,9,Fri
2016-03-05,20160305,2016,Q1,3,Mar,2016-03,9,Sat
2016-03-06,20160306,2016,Q1,3,Mar,2016-03,9,Sun
2016-03-07,20160307,2016,Q1,3,Mar,2016-03,10,Mon
2016-03-08,20160308,2016,Q1,3,Mar,2016-03,10,Tue
2016-03-09,20160309,2016,Q1,3,Mar,2016-03,10,Wed
2016-03-10,20160310,2016,Q1,3,Mar,2016-03,10,Thu
2016-03-11,20160311,2016,Q1,3,Mar,2016-03,10,Fri
2016-03-12,20160312,2016,Q1,3,Mar,2016-03,10,Sat
2016-03-13,20160313,2016,Q1,3,Mar,2016-03,10,Sun
2016-03-14,20160314,2016,Q1,3,Mar,2016-03,11,Mon
2016-03-15,20160315,2016,Q1,3,Mar,2016-03,11,Tue
2016-03-16,20160316,2016,Q1,3,Mar,2016-03,11,Wed
2016-03-17,20160317,2016,Q1,3,Mar,2016-03,11,Thu
2016-03-18,20160318,2016,Q1,3,Mar,2016-03,11,Fri
2016-03-19,20160319,2016,Q1,3,Mar,2016-03,11,Sat
2016-03-20,20160320,2016,Q1,3,Mar,2016-03,11,Sun
2016-03-21,20160321,2016,Q1,3,Mar,2016-03,12,Mon
2016-03-22,20160322,2016,Q1,3,Mar,2016-03,12,Tue
2016-03-23,20160323,2016,Q1,3,Mar,2016-03,12,Wed
2016-03-24,20160324,2016,Q1,3,Mar,2016-03,12,Thu
2016-03-25,20160325,2016,Q1,3,Mar,2016-03,12,Fri
2016-03-26,20160326,2016,Q1,3,Mar,2016-03,12,Sat
2016-03-27,20160327,2016,Q1,3,Mar,2016-03,12,Sun
2016-03-28,20160328,2016,Q1,3,Mar,2016-03,13,Mon
2016-03-29,20160329,2016,Q1,3,Mar,2016-03,13,Tue
2016-03-30,20160330,2016,Q1,3,Mar,2016-03,13,Wed
2016-03-31,20160331,2016,Q1,3,Mar,2016-03,13,Thu
2016-04-01,20160401,2016,Q2,4,Apr,2016-04,13,Fri
2016-04-02,20160402,2016,Q2,4,Apr,2016-04,13,Sat
2016-04-03,20160403,2016,Q2,4,Apr,2016-04,13,Sun
2016-04-04,20160404,2016,Q2,4,Apr,2016-04,14,Mon
2016-04-05,20160405,2016,Q2,4,Apr,2016-04,14,Tue
2016-04-06,20160406,2016,Q2,4,Apr,2016-04,14,Wed
2016-04-07,20160407,2016,Q2,4,Apr,2016-04,14,Thu
2016-04-08,20160408,2016,Q2,4,Apr,2016-04,14,Fri
2016-04-09,20160409,2016,Q2,4,Apr,2016-04,14,Sat
2016-04-10,20160410,2016,Q2,4,Apr,2016-04,14,Sun
2016-04-11,20160411,2016,Q2,4,Apr,2016-04,15,Mon
2016-04-12,20160412,2016,Q2,4,Apr,2016-04,15,Tue
2016-04-13,20160413,2016,Q2,4,Apr,2016-04,15,Wed
2016-04-14,20160414,2016,Q2,4,Apr,2016-04,15,Thu
2016-04-15,20160415,2016,Q2,4,Apr,2016-04,15,Fri
2016-04-16,20160416,2016,Q2,4,Apr,2016-04,15,Sat
2016-04-17,20160417,2016,Q2,4,Apr,2016-04,15,Sun
2016-04-18,20160418,2016,Q2,4,Apr,2016-04,16,Mon
2016-04-19,20160419,2016,Q2,4,Apr,2016-04,16,Tue
2016-04-20,20160420,2016,Q2,4,Apr,2016-04,16,Wed
2016-04-21,20160421,2016,Q2,4,Apr,2016-04,16,Thu
2016-04-22,20160422,2016,Q2,4,Apr,2016-04,16,Fri
2016-04-23,20160423,2016,Q2,4,Apr,2016-04,16,Sat
2016-04-24,20160424,2016,Q2,4,Apr,2016-04,16,Sun
2016-04-25,20160425,2016,Q2,4,Apr,2016-04,17,Mon
2016-04-26,20160426,2016,Q2,4,Apr,2016-04,17,Tue
2016-04-27,20160427,2016,Q2,4,Apr,2016-04,17,Wed
2016-04-28,20160428,2016,Q2,4,Apr,2016-04,17,Thu
2016-04-29,20160429,2016,Q2,4,Apr,2016-04,17,Fri
2016-04-30,20160430,2016,Q2,4,Apr,2016-04,17,Sat
2016-05-01,20160501,2016,Q2,5,May,2016-05,17,Sun
2016-05-02,20160502,2016,Q2,5,May,2016-05,18,Mon
2016-05-03,20160503,2016,Q2,5,May,2016-05,18,Tue
2016-05-04,20160504,2016,Q2,5,May,2016-05,18,Wed
2016-05-05,20160505,2016,Q2,5,May,2016-05,18,Thu
2016-05-06,20160506,2016,Q2,5,May,2016-05,18,Fri
2016-05-07,20160507,2016,Q2,5,May,2016-05,18,Sat
2016-05-08,20160508,2016,Q2,5,May,2016-05,18,Sun
2016-05-09,20160509,2016,Q2,5,May,2016-05,19,Mon
2016-05-10,20160510,2016,Q2,5,May,2016-05,19,Tue
2016-05-11,20160511,2016,Q2,5,May,2016-05,19,Wed
2016-05-12,20160512,2016,Q2,5,May,2016-05,19,Thu
2016-05-13,20160513,2016,Q2,5,May,2016-05,19,Fri
2016-05-14,20160514,2016,Q2,5,May,2016-05,19,Sat
2016-05-15,20160515,2016,Q2,5,May,2016-05,19,Sun
2016-05-16,20160516,2016,Q2,5,May,2016-05,20,Mon
2016-05-17,20160517,2016,Q2,5,May,2016-05,20,Tue
2016-05-18,20160518,2016,Q2,5,May,2016-05,20,Wed
2016-05-19,20160519,2016,Q2,5,May,2016-05,20,Thu
2016-05-20,20160520,2016,Q2,5,May,2016-05,20,Fri
2016-05-21,20160521,2016,Q2,5,May,2016-05,20,Sat
2016-05-22,20160522,2016,Q2,5,May,2016-05,20,Sun
2016-05-23,20160523,2016,Q2,5,May,2016-05,21,Mon
2016-05-24,20160524,2016,Q2,5,May,2016-05,21,Tue
2016-05-25,20160525,2016,Q2,5,May,2016-05,21,Wed
2016-05-26,20160526,2016,Q2,5,May,2016-05,21,Thu
2016-05-27,20160527,2016,Q2,5,May,2016-05,21,Fri
2016-05-28,20160528,2016,Q2,5,May,2016-05,21,Sat
2016-05-29,20160529,2016,Q2,5,May,2016-05,21,Sun
2016-05-30,20160530,2016,Q2,5,May,2016-05,22,Mon
2016-05-31,20160531,2016,Q2,5,May,2016-05,22,Tue
2016-06-01,20160601,2016,Q2,6,Jun,2016-06,22,Wed
2016-06-02,20160602,2016,Q2,6,Jun,2016-06,22,Thu
2016-06-03,20160603,2016,Q2,6,Jun,2016-06,22,Fri
2016-06-04,20160604,2016,Q2,6,Jun,2016-06,22,Sat
2016-06-05,20160605,2016,Q2,6,Jun,2016-06,22,Sun
2016-06-06,20160606,2016,Q2,6,Jun,2016-06,23,Mon
2016-06-07,20160607,2016,Q2,6,Jun,2016-06,23,Tue
2016-06-08,20160608,2016,Q2,6,Jun,2016-06,23,Wed
2016-06-09,20160609,2016,Q2,6,Jun,2016-06,23,Thu
2016-06-10,20160610,2016,Q2,6,Jun,2016-06,23,Fri
2016-06-11,20160611,2016,Q2,6,Jun,2016-06,23,Sat
2016-06-12,20160612,2016,Q2,6,Jun,2016-06,23,Sun
2016-06-13,20160613,2016,Q2,6,Jun,2016-06,24,Mon
2016-06-14,20160614,2016,Q2,6,Jun,2016-06,24,Tue
2016-06-15,20160615,2016,Q2,6,Jun,2016-06,24,Wed
2016-06-16,20160616,2016,Q2,6,Jun,2016-06,24,Thu
2016-06-17,20160617,2016,Q2,6,Jun,2016-06,24,Fri
2016-06-18,20160618,2016,Q2,6,Jun,2016-06,24,Sat
2016-06-19,20160619,2016,Q2,6,Jun,2016-06,24,Sun
2016-06-20,20160620,2016,Q2,6,Jun,2016-06,25,Mon
2016-06-21,20160621,2016,Q2,6,Jun,2016-06,25,Tue
2016-06-22,20160622,2016,Q2,6,Jun,2016-06,25,Wed
2016-06-23,20160623,2016,Q2,6,Jun,2016-06,25,Thu
2016-06-24,20160624,2016,Q2,6,Jun,2016-06,25,Fri
2016-06-25,20160625,2016,Q2,6,Jun,2016-06,25,Sat
2016-06-26,20160626,2016,Q2,6,Jun,2016-06,25,Sun
2016-06-27,20160627,2016,Q2,6,Jun,2016-06,26,Mon
2016-06-28,20160628,2016,Q2,6,Jun,2016-06,26,Tue
2016-06-29,20160629,2016,Q2,6,Jun,2016-06,26,Wed
2016-06-30,20160630,2016,Q2,6,Jun,2016-06,26,Thu
2016-07-01,20160701,2016,Q3,7,Jul,2016-07,26,Fri
2016-07-02,20160702,2016,Q3,7,Jul,2016-07,26,Sat
2016-07-03,20160703,2016,Q3,7,Jul,2016-07,26,Sun
2016-07-04,20160704,2016,Q3,7,Jul,2016-07,27,Mon
2016-07-05,20160705,2016,Q3,7,Jul,2016-07,27,Tue
2016-07-06,20160706,2016,Q3,7,Jul,2016-07,27,Wed
2016-07-07,20160707,2016,Q3,7,Jul,2016-07,27,Thu
2016-07-08,20160708,2016,Q3,7,Jul,2016-07,27,Fri
2016-07-09,20160709,2016,Q3,7,Jul,2016-07,27,Sat
2016-07-10,20160710,2016,Q3,7,Jul,2016-07,27,Sun
2016-07-11,20160711,2016,Q3,7,Jul,2016-07,28,Mon
2016-07-12,20160712,2016,Q3,7,Jul,2016-07,28,Tue
2016-07-13,20160713,2016,Q3,7,Jul,2016-07,28,Wed
2016-07-14,20160714,2016,Q3,7,Jul,2016-07,28,Thu
2016-07-15,20160715,2016,Q3,7,Jul,2016-07,28,Fri
2016-07-16,20160716,2016,Q3,7,Jul,2016-07,28,Sat
2016-07-17,20160717,2016,Q3,7,Jul,2016-07,28,Sun
2016-07-18,20160718,2016,Q3,7,Jul,2016-07,29,Mon
2016-07-19,20160719,2016,Q3,7,Jul,2016-07,29,Tue
2016-07-20,20160720,2016,Q3,7,Jul,2016-07,29,Wed
2016-07-21,20160721,2016,Q3,7,Jul,2016-07,29,Thu
2016-07-22,20160722,2016,Q3,7,Jul,2016-07,29,Fri
2016-07-23,20160723,2016,Q3,7,Jul,2016-07,29,Sat
2016-07-24,20160724,2016,Q3,7,Jul,2016-07,29,Sun
2016-07-25,20160725,2016,Q3,7,Jul,2016-07,30,Mon
2016-07-26,20160726,2016,Q3,7,Jul,2016-07,30,Tue
2016-07-27,20160727,2016,Q3,7,Jul,2016-07,30,Wed
2016-07-28,20160728,2016,Q3,7,Jul,2016-07,30,Thu
2016-07-29,20160729,2016,Q3,7,Jul,2016-07,30,Fri
2016-07-30,20160730,2016,Q3,7,Jul,2016-07,30,Sat
2016-07-31,20160731,2016,Q3,7,Jul,2016-07,30,Sun
2016-08-01,20160801,2016,Q3,8,Aug,2016-08,31,Mon
2016-08-02,20160802,2016,Q3,8,Aug,2016-08,31,Tue
2016-08-03,20160803,2016,Q3,8,Aug,2016-08,31,Wed
2016-08-04,20160804,2016,Q3,8,Aug,2016-08,31,Thu
2016-08-05,20160805,2016,Q3,8,Aug,2016-08,31,Fri
2016-08-06,20160806,2016,Q3,8,Aug,2016-08,31,Sat
2016-08-07,20160807,2016,Q3,8,Aug,2016-08,31,Sun
2016-08-08,20160808,2016,Q3,8,Aug,2016-08,32,Mon
2016-08-09,20160809,2016,Q3,8,Aug,2016-08,32,Tue
2016-08-10,20160810,2016,Q3,8,Aug,2016-08,32,Wed
2016-08-11,20160811,2016,Q3,8,Aug,2016-08,32,Thu
2016-08-12,20160812,2016,Q3,8,Aug,2016-08,32,Fri
2016-08-13,20160813,2016,Q3,8,Aug,2016-08,32,Sat
2016-08-14,20160814,2016,Q3,8,Aug,2016-08,32,Sun
2016-08-15,20160815,2016,Q3,8,Aug,2016-08,33,Mon
2016-08-16,20160816,2016,Q3,8,Aug,2016-08,33,Tue
2016-08-17,20160817,2016,Q3,8,Aug,2016-08,33,Wed
2016-08-18,20160818,2016,Q3,8,Aug,2016-08,33,Thu
2016-08-19,20160819,2016,Q3,8,Aug,2016-08,33,Fri
2016-08-20,20160820,2016,Q3,8,Aug,2016-08,33,Sat
2016-08-21,20160821,2016,Q3,8,Aug,2016-08,33,Sun
2016-08-22,20160822,2016,Q3,8,Aug,2016-08,34,Mon
2016-08-23,20160823,2016,Q3,8,Aug,2016-08,34,Tue
2016-08-24,20160824,2016,Q3,8,Aug,2016-08,34,Wed
2016-08-25,20160825,2016,Q3,8,Aug,2016-08,34,Thu
2016-08-26,20160826,2016,Q3,8,Aug,2016-08,34,Fri
2016-08-27,20160827,2016,Q3,8,Aug,2016-08,34,Sat
2016-08-28,20160828,2016,Q3,8,Aug,2016-08,34,Sun
2016-08-29,20160829,2016,Q3,8,Aug,2016-08,35,Mon
2016-08-30,20160830,2016,Q3,8,Aug,2016-08,35,Tue
2016-08-31,20160831,2016,Q3,8,Aug,2016-08,35,Wed
2016-09-01,20160901,2016,Q3,9,Sep,2016-09,35,Thu
2016-09-02,20160902,2016,Q3,9,Sep,2016-09,35,Fri
2016-09-03,20160903,2016,Q3,9,Sep,2016-09,35,Sat
2016-09-04,20160904,2016,Q3,9,Sep,2016-09,35,Sun
2016-09-05,20160905,2016,Q3,9,Sep,2016-09,36,Mon
2016-09-06,20160906,2016,Q3,9,Sep,2016-09,36,Tue
2016-09-07,20160907,2016,Q3,9,Sep,2016-09,36,Wed
2016-09-08,20160908,2016,Q3,9,Sep,2016-09,36,Thu
2016-09-09,20160909,2016,Q3,9,Sep,2016-09,36,Fri
2016-09-10,20160910,2016,Q3,9,Sep,2016-09,36,Sat
2016-09-11,20160911,2016,Q3,9,Sep,2016-09,36,Sun
2016-09-12,20160912,2016,Q3,9,Sep,2016-09,37,Mon
2016-09-13,20160913,2016,Q3,9,Sep,2016-09,37,Tue
2016-09-14,20160914,2016,Q3,9,Sep,2016-09,37,Wed
2016-09-15,20160915,2016,Q3,9,Sep,2016-09,37,Thu
2016-09-16,20160916,2016,Q3,9,Sep,2016-09,37,Fri
2016-09-17,20160917,2016,Q3,9,Sep,2016-09,37,Sat
2016-09-18,20160918,2016,Q3,9,Sep,2016-09,37,Sun
2016-09-19,20160919,2016,Q3,9,Sep,2016-09,38,Mon
2016-09-20,20160920,2016,Q3,9,Sep,2016-09,38,Tue
2016-09-21,20160921,2016,Q3,9,Sep,2016-09,38,Wed
2016-09-22,20160922,2016,Q3,9,Sep,2016-09,38,Thu
2016-09-23,20160923,2016,Q3,9,Sep,2016-09,38,Fri
2016-09-24,20160924,2016,Q3,9,Sep,2016-09,38,Sat
2016-09-25,20160925,2016,Q3,9,Sep,2016-09,38,Sun
2016-09-26,20160926,2016,Q3,9,Sep,2016-09,39,Mon
2016-09-27,20160927,2016,Q3,9,Sep,2016-09,39,Tue
2016-09-28,20160928,2016,Q3,9,Sep,2016-09,39,Wed
2016-09-29,20160929,2016,Q3,9,Sep,2016-09,39,Thu
2016-09-30,20160930,2016,Q3,9,Sep,2016-09,39,Fri
2016-10-01,20161001,2016,Q4,10,Oct,2016-10,39,Sat
2016-10-02,20161002,2016,Q4,10,Oct,2016-10,39,Sun
2016-10-03,20161003,2016,Q4,10,Oct,2016-10,40,Mon
2016-10-04,20161004,2016,Q4,10,Oct,2016-10,40,Tue
2016-10-05,20161005,2016,Q4,10,Oct,2016-10,40,Wed
2016-10-06,20161006,2016,Q4,10,Oct,2016-10,40,Thu
2016-10-07,20161007,2016,Q4,10,Oct,2016-10,40,Fri
2016-10-08,20161008,2016,Q4,10,Oct,2016-10,40,Sat
2016-10-09,20161009,2016,Q4,10,Oct,2016-10,40,Sun
2016-10-10,20161010,2016,Q4,10,Oct,2016-10,41,Mon
2016-10-11,20161011,2016,Q4,10,Oct,2016-10,41,Tue
2016-10-12,20161012,2016,Q4,10,Oct,2016-10,41,Wed
2016-10-13,20161013,2016,Q4,10,Oct,2016-10,41,Thu
2016-10-14,20161014,2016,Q4,10,Oct,2016-10,41,Fri
2016-10-15,20161015,2016,Q4,10,Oct,2016-10,41,Sat
2016-10-16,20161016,2016,Q4,10,Oct,2016-10,41,Sun
2016-10-17,20161017,2016,Q4,10,Oct,2016-10,42,Mon
2016-10-18,20161018,2016,Q4,10,Oct,2016-10,42,Tue
2016-10-19,20161019,2016,Q4,10,Oct,2016-10,42,Wed
2016-10-20,20161020,2016,Q4,10,Oct,2016-10,42,Thu
2016-10-21,20161021,2016,Q4,10,Oct,2016-10,42,Fri
2016-10-22,20161022,2016,Q4,10,Oct,2016-10,42,Sat
2016-10-23,20161023,2016,Q4,10,Oct,2016-10,42,Sun
2016-10-24,20161024,2016,Q4,10,Oct,2016-10,43,Mon
2016-10-25,20161025,2016,Q4,10,Oct,2016-10,43,Tue
2016-10-26,20161026,2016,Q4,10,Oct,2016-10,43,Wed
2016-10-27,20161027,2016,Q4,10,Oct,2016-10,43,Thu
2016-10-28,20161028,2016,Q4,10,Oct,2016-10,43,Fri
2016-10-29,20161029,2016,Q4,10,Oct,2016-10,43,Sat
2016-10-30,20161030,2016,Q4,10,Oct,2016-10,43,Sun
2016-10-31,20161031,2016,Q4,10,Oct,2016-10,44,Mon
2016-11-01,20161101,2016,Q4,11,Nov,2016-11,44,Tue
2016-11-02,20161102,2016,Q4,11,Nov,2016-11,44,Wed
2016-11-03,20161103,2016,Q4,11,Nov,2016-11,44,Thu
2016-11-04,20161104,2016,Q4,11,Nov,2016-11,44,Fri
2016-11-05,20161105,2016,Q4,11,Nov,2016-11,44,Sat
2016-11-06,20161106,2016,Q4,11,Nov,2016-11,44,Sun
2016-11-07,20161107,2016,Q4,11,Nov,2016-11,45,Mon
2016-11-08,20161108,2016,Q4,11,Nov,2016-11,45,Tue
2016-11-09,20161109,2016,Q4,11,Nov,2016-11,45,Wed
2016-11-10,20161110,2016,Q4,11,Nov,2016-11,45,Thu
2016-11-11,20161111,2016,Q4,11,Nov,2016-11,45,Fri
2016-11-12,20161112,2016,Q4,11,Nov,2016-11,45,Sat
2016-11-13,20161113,2016,Q4,11,Nov,2016-11,45,Sun
2016-11-14,20161114,2016,Q4,11,Nov,2016-11,46,Mon
2016-11-15,20161115,2016,Q4,11,Nov,2016-11,46,Tue
2016-11-16,20161116,2016,Q4,11,Nov,2016-11,46,Wed
2016-11-17,20161117,2016,Q4,11,Nov,2016-11,46,Thu
2016-11-18,20161118,2016,Q4,11,Nov,2016-11,46,Fri
2016-11-19,20161119,2016,Q4,11,Nov,2016-11,46,Sat
2016-11-20,20161120,2016,Q4,11,Nov,2016-11,46,Sun
2016-11-21,20161121,2016,Q4,11,Nov,2016-11,47,Mon
2016-11-22,20161122,2016,Q4,11,Nov,2016-11,47,Tue
2016-11-23,20161123,2016,Q4,11,Nov,2016-11,47,Wed
2016-11-24,20161124,2016,Q4,11,Nov,2016-11,47,Thu
2016-11-25,20161125,2016,Q4,11,Nov,2016-11,47,Fri
2016-11-26,20161126,2016,Q4,11,Nov,2016-11,47,Sat
2016-11-27,20161127,2016,Q4,11,Nov,2016-11,47,Sun
2016-11-28,20161128,2016,Q4,11,Nov,2016-11,48,Mon
2016-11-29,20161129,2016,Q4,11,Nov,2016-11,48,Tue
2016-11-30,20161130,2016,Q4,11,Nov,2016-11,48,Wed
2016-12-01,20161201,2016,Q4,12,Dec,2016-12,48,Thu
2016-12-02,20161202,2016,Q4,12,Dec,2016-12,48,Fri
2016-12-03,20161203,2016,Q4,12,Dec,2016-12,48,Sat
2016-12-04,20161204,2016,Q4,12,Dec,2016-12,48,Sun
2016-12-05,20161205,2016,Q4,12,Dec,2016-12,49,Mon
2016-12-06,20161206,2016,Q4,12,Dec,2016-12,49,Tue
2016-12-07,20161207,2016,Q4,12,Dec,2016-12,49,Wed
2016-12-08,20161208,2016,Q4,12,Dec,2016-12,49,Thu
2016-12-09,20161209,2016,Q4,12,Dec,2016-12,49,Fri
2016-12-10,20161210,2016,Q4,12,Dec,2016-12,49,Sat
2016-12-11,20161211,2016,Q4,12,Dec,2016-12,49,Sun
2016-12-12,20161212,2016,Q4,12,Dec,2016-12,50,Mon
2016-12-13,20161213,2016,Q4,12,Dec,2016-12,50,Tue
2016-12-14,20161214,2016,Q4,12,Dec,2016-12,50,Wed
2016-12-15,20161215,2016,Q4,12,Dec,2016-12,50,Thu
2016-12-16,20161216,2016,Q4,12,Dec,2016-12,50,Fri
2016-12-17,20161217,2016,Q4,12,Dec,2016-12,50,Sat
2016-12-18,20161218,2016,Q4,12,Dec,2016-12,50,Sun
2016-12-19,20161219,2016,Q4,12,Dec,2016-12,51,Mon
2016-12-20,20161220,2016,Q4,12,Dec,2016-12,51,Tue
2016-12-21,20161221,2016,Q4,12,Dec,2016-12,51,Wed
2016-12-22,20161222,2016,Q4,12,Dec,2016-12,51,Thu
2016-12-23,20161223,2016,Q4,12,Dec,2016-12,51,Fri
2016-12-24,20161224,2016,Q4,12,Dec,2016-12,51,Sat
2016-12-25,20161225,2016,Q4,12,Dec,2016-12,51,Sun
2016-12-26,20161226,2016,Q4,12,Dec,2016-12,52,Mon
2016-12-27,20161227,2016,Q4,12,Dec,2016-12,52,Tue
2016-12-28,20161228,2016,Q4,12,Dec,2016-12,52,Wed
2016-12-29,20161229,2016,Q4,12,Dec,2016-12,52,Thu
2016-12-30,20161230,2016,Q4,12,Dec,2016-12,52,Fri
2016-12-31,20161231,2016,Q4,12,Dec,2016-12,52,Sat
2017-01-01,20170101,2017,Q1,1,Jan,2017-01,52,Sun
2017-01-02,20170102,2017,Q1,1,Jan,2017-01,1,Mon
2017-01-03,20170103,2017,Q1,1,Jan,2017-01,1,Tue
2017-01-04,20170104,2017,Q1,1,Jan,2017-01,1,Wed
2017-01-05,20170105,2017,Q1,1,Jan,2017-01,1,Thu
2017-01-06,20170106,2017,Q1,1,Jan,2017-01,1,Fri
2017-01-07,20170107,2017,Q1,1,Jan,2017-01,1,Sat
2017-01-08,20170108,2017,Q1,1,Jan,2017-01,1,Sun
2017-01-09,20170109,2017,Q1,1,Jan,2017-01,2,Mon
2017-01-10,20170110,2017,Q1,1,Jan,2017-01,2,Tue
2017-01-11,20170111,2017,Q1,1,Jan,2017-01,2,Wed
2017-01-12,20170112,2017,Q1,1,Jan,2017-01,2,Thu
2017-01-13,20170113,2017,Q1,1,Jan,2017-01,2,Fri
2017-01-14,20170114,2017,Q1,1,Jan,2017-01,2,Sat
2017-01-15,20170115,2017,Q1,1,Jan,2017-01,2,Sun
2017-01-16,20170116,2017,Q1,1,Jan,2017-01,3,Mon
2017-01-17,20170117,2017,Q1,1,Jan,2017-01,3,Tue
2017-01-18,20170118,2017,Q1,1,Jan,2017-01,3,Wed
2017-01-19,20170119,2017,Q1,1,Jan,2017-01,3,Thu
2017-01-20,20170120,2017,Q1,1,Jan,2017-01,3,Fri
2017-01-21,20170121,2017,Q1,1,Jan,2017-01,3,Sat
2017-01-22,20170122,2017,Q1,1,Jan,2017-01,3,Sun
2017-01-23,20170123,2017,Q1,1,Jan,2017-01,4,Mon
2017-01-24,20170124,2017,Q1,1,Jan,2017-01,4,Tue
2017-01-25,20170125,2017,Q1,1,Jan,2017-01,4,Wed
2017-01-26,20170126,2017,Q1,1,Jan,2017-01,4,Thu
2017-01-27,20170127,2017,Q1,1,Jan,2017-01,4,Fri
2017-01-28,20170128,2017,Q1,1,Jan,2017-01,4,Sat
2017-01-29,20170129,2017,Q1,1,Jan,2017-01,4,Sun
2017-01-30,20170130,2017,Q1,1,Jan,2017-01,5,Mon
2017-01-31,20170131,2017,Q1,1,Jan,2017-01,5,Tue
2017-02-01,20170201,2017,Q1,2,Feb,2017-02,5,Wed
2017-02-02,20170202,2017,Q1,2,Feb,2017-02,5,Thu
2017-02-03,20170203,2017,Q1,2,Feb,2017-02,5,Fri
2017-02-04,20170204,2017,Q1,2,Feb,2017-02,5,Sat
2017-02-05,20170205,2017,Q1,2,Feb,2017-02,5,Sun
2017-02-06,20170206,2017,Q1,2,Feb,2017-02,6,Mon
2017-02-07,20170207,2017,Q1,2,Feb,2017-02,6,Tue
2017-02-08,20170208,2017,Q1,2,Feb,2017-02,6,Wed
2017-02-09,20170209,2017,Q1,2,Feb,2017-02,6,Thu
2017-02-10,20170210,2017,Q1,2,Feb,2017-02,6,Fri
2017-02-11,20170211,2017,Q1,2,Feb,2017-02,6,Sat
2017-02-12,20170212,2017,Q1,2,Feb,2017-02,6,Sun
2017-02-13,20170213,2017,Q1,2,Feb,2017-02,7,Mon
2017-02-14,20170214,2017,Q1,2,Feb,2017-02,7,Tue
2017-02-15,20170215,2017,Q1,2,Feb,2017-02,7,Wed
2017-02-16,20170216,2017,Q1,2,Feb,2017-02,7,Thu
2017-02-17,20170217,2017,Q1,2,Feb,2017-02,7,Fri
2017-02-18,20170218,2017,Q1,2,Feb,2017-02,7,Sat
2017-02-19,20170219,2017,Q1,2,Feb,2017-02,7,Sun
2017-02-20,20170220,2017,Q1,2,Feb,2017-02,8,Mon
2017-02-21,20170221,2017,Q1,2,Feb,2017-02,8,Tue
2017-02-22,20170222,2017,Q1,2,Feb,2017-02,8,Wed
2017-02-23,20170223,2017,Q1,2,Feb,2017-02,8,Thu
2017-02-24,20170224,2017,Q1,2,Feb,2017-02,8,Fri
2017-02-25,20170225,2017,Q1,2,Feb,2017-02,8,Sat
2017-02-26,20170226,2017,Q1,2,Feb,2017-02,8,Sun
2017-02-27,20170227,2017,Q1,2,Feb,2017-02,9,Mon
2017-02-28,20170228,2017,Q1,2,Feb,2017-02,9,Tue
2017-03-01,20170301,2017,Q1,3,Mar,2017-03,9,Wed
2017-03-02,20170302,2017,Q1,3,Mar,2017-03,9,Thu
2017-03-03,20170303,2017,Q1,3,Mar,2017-03,9,Fri
2017-03-04,20170304,2017,Q1,3,Mar,2017-03,9,Sat
2017-03-05,20170305,2017,Q1,3,Mar,2017-03,9,Sun
2017-03-06,20170306,2017,Q1,3,Mar,2017-03,10,Mon
2017-03-07,20170307,2017,Q1,3,Mar,2017-03,10,Tue
2017-03-08,20170308,2017,Q1,3,Mar,2017-03,10,Wed
2017-03-09,20170309,2017,Q1,3,Mar,2017-03,10,Thu
2017-03-10,20170310,2017,Q1,3,Mar,2017-03,10,Fri
2017-03-11,20170311,2017,Q1,3,Mar,2017-03,10,Sat
2017-03-12,20170312,2017,Q1,3,Mar,2017-03,10,Sun
2017-03-13,20170313,2017,Q1,3,Mar,2017-03,11,Mon
2017-03-14,20170314,2017,Q1,3,Mar,2017-03,11,Tue
2017-03-15,20170315,2017,Q1,3,Mar,2017-03,11,Wed
2017-03-16,20170316,2017,Q1,3,Mar,2017-03,11,Thu
2017-03-17,20170317,2017,Q1,3,Mar,2017-03,11,Fri
2017-03-18,20170318,2017,Q1,3,Mar,2017-03,11,Sat
2017-03-19,20170319,2017,Q1,3,Mar,2017-03,11,Sun
2017-03-20,20170320,2017,Q1,3,Mar,2017-03,12,Mon
2017-03-21,20170321,2017,Q1,3,Mar,2017-03,12,Tue
2017-03-22,20170322,2017,Q1,3,Mar,2017-03,12,Wed
2017-03-23,20170323,2017,Q1,3,Mar,2017-03,12,Thu
2017-03-24,20170324,2017,Q1,3,Mar,2017-03,12,Fri
2017-03-25,20170325,2017,Q1,3,Mar,2017-03,12,Sat
2017-03-26,20170326,2017,Q1,3,Mar,2017-03,12,Sun
2017-03-27,20170327,2017,Q1,3,Mar,2017-03,13,Mon
2017-03-28,20170328,2017,Q1,3,Mar,2017-03,13,Tue
2017-03-29,20170329,2017,Q1,3,Mar,2017-03,13,Wed
2017-03-30,20170330,2017,Q1,3,Mar,2017-03,13,Thu
2017-03-31,20170331,2017,Q1,3,Mar,2017-03,13,Fri
2017-04-01,20170401,2017,Q2,4,Apr,2017-04,13,Sat
2017-04-02,20170402,2017,Q2,4,Apr,2017-04,13,Sun
2017-04-03,20170403,2017,Q2,4,Apr,2017-04,14,Mon
2017-04-04,20170404,2017,Q2,4,Apr,2017-04,14,Tue
2017-04-05,20170405,2017,Q2,4,Apr,2017-04,14,Wed
2017-04-06,20170406,2017,Q2,4,Apr,2017-04,14,Thu
2017-04-07,20170407,2017,Q2,4,Apr,2017-04,14,Fri
2017-04-08,20170408,2017,Q2,4,Apr,2017-04,14,Sat
2017-04-09,20170409,2017,Q2,4,Apr,2017-04,14,Sun
2017-04-10,20170410,2017,Q2,4,Apr,2017-04,15,Mon
2017-04-11,20170411,2017,Q2,4,Apr,2017-04,15,Tue
2017-04-12,20170412,2017,Q2,4,Apr,2017-04,15,Wed
2017-04-13,20170413,2017,Q2,4,Apr,2017-04,15,Thu
2017-04-14,20170414,2017,Q2,4,Apr,2017-04,15,Fri
2017-04-15,20170415,2017,Q2,4,Apr,2017-04,15,Sat
2017-04-16,20170416,2017,Q2,4,Apr,2017-04,15,Sun
2017-04-17,20170417,2017,Q2,4,Apr,2017-04,16,Mon
2017-04-18,20170418,2017,Q2,4,Apr,2017-04,16,Tue
2017-04-19,20170419,2017,Q2,4,Apr,2017-04,16,Wed
2017-04-20,20170420,2017,Q2,4,Apr,2017-04,16,Thu
2017-04-21,20170421,2017,Q2,4,Apr,2017-04,16,Fri
2017-04-22,20170422,2017,Q2,4,Apr,2017-04,16,Sat
2017-04-23,20170423,2017,Q2,4,Apr,2017-04,16,Sun
2017-04-24,20170424,2017,Q2,4,Apr,2017-04,17,Mon
2017-04-25,20170425,2017,Q2,4,Apr,2017-04,17,Tue
2017-04-26,20170426,2017,Q2,4,Apr,2017-04,17,Wed
2017-04-27,20170427,2017,Q2,4,Apr,2017-04,17,Thu
2017-04-28,20170428,2017,Q2,4,Apr,2017-04,17,Fri
2017-04-29,20170429,2017,Q2,4,Apr,2017-04,17,Sat
2017-04-30,20170430,2017,Q2,4,Apr,2017-04,17,Sun
2017-05-01,20170501,2017,Q2,5,May,2017-05,18,Mon
2017-05-02,20170502,2017,Q2,5,May,2017-05,18,Tue
2017-05-03,20170503,2017,Q2,5,May,2017-05,18,Wed
2017-05-04,20170504,2017,Q2,5,May,2017-05,18,Thu
2017-05-05,20170505,2017,Q2,5,May,2017-05,18,Fri
2017-05-06,20170506,2017,Q2,5,May,2017-05,18,Sat
2017-05-07,20170507,2017,Q2,5,May,2017-05,18,Sun
2017-05-08,20170508,2017,Q2,5,May,2017-05,19,Mon
2017-05-09,20170509,2017,Q2,5,May,2017-05,19,Tue
2017-05-10,20170510,2017,Q2,5,May,2017-05,19,Wed
2017-05-11,20170511,2017,Q2,5,May,2017-05,19,Thu
2017-05-12,20170512,2017,Q2,5,May,2017-05,19,Fri
2017-05-13,20170513,2017,Q2,5,May,2017-05,19,Sat
2017-05-14,20170514,2017,Q2,5,May,2017-05,19,Sun
2017-05-15,20170515,2017,Q2,5,May,2017-05,20,Mon
2017-05-16,20170516,2017,Q2,5,May,2017-05,20,Tue
2017-05-17,20170517,2017,Q2,5,May,2017-05,20,Wed
2017-05-18,20170518,2017,Q2,5,May,2017-05,20,Thu
2017-05-19,20170519,2017,Q2,5,May,2017-05,20,Fri
2017-05-20,20170520,2017,Q2,5,May,2017-05,20,Sat
2017-05-21,20170521,2017,Q2,5,May,2017-05,20,Sun
2017-05-22,20170522,2017,Q2,5,May,2017-05,21,Mon
2017-05-23,20170523,2017,Q2,5,May,2017-05,21,Tue
2017-05-24,20170524,2017,Q2,5,May,2017-05,21,Wed
2017-05-25,20170525,2017,Q2,5,May,2017-05,21,Thu
2017-05-26,20170526,2017,Q2,5,May,2017-05,21,Fri
2017-05-27,20170527,2017,Q2,5,May,2017-05,21,Sat
2017-05-28,20170528,2017,Q2,5,May,2017-05,21,Sun
2017-05-29,20170529,2017,Q2,5,May,2017-05,22,Mon
2017-05-30,20170530,2017,Q2,5,May,2017-05,22,Tue
2017-05-31,20170531,2017,Q2,5,May,2017-05,22,Wed
2017-06-01,20170601,2017,Q2,6,Jun,2017-06,22,Thu
2017-06-02,20170602,2017,Q2,6,Jun,2017-06,22,Fri
2017-06-03,20170603,2017,Q2,6,Jun,2017-06,22,Sat
2017-06-04,20170604,2017,Q2,6,Jun,2017-06,22,Sun
2017-06-05,20170605,2017,Q2,6,Jun,2017-06,23,Mon
2017-06-06,20170606,2017,Q2,6,Jun,2017-06,23,Tue
2017-06-07,20170607,2017,Q2,6,Jun,2017-06,23,Wed
2017-06-08,20170608,2017,Q2,6,Jun,2017-06,23,Thu
2017-06-09,20170609,2017,Q2,6,Jun,2017-06,23,Fri
2017-06-10,20170610,2017,Q2,6,Jun,2017-06,23,Sat
2017-06-11,20170611,2017,Q2,6,Jun,2017-06,23,Sun
2017-06-12,20170612,2017,Q2,6,Jun,2017-06,24,Mon
2017-06-13,20170613,2017,Q2,6,Jun,2017-06,24,Tue
2017-06-14,20170614,2017,Q2,6,Jun,2017-06,24,Wed
2017-06-15,20170615,2017,Q2,6,Jun,2017-06,24,Thu
2017-06-16,20170616,2017,Q2,6,Jun,2017-06,24,Fri
2017-06-17,20170617,2017,Q2,6,Jun,2017-06,24,Sat
2017-06-18,20170618,2017,Q2,6,Jun,2017-06,24,Sun
2017-06-19,20170619,2017,Q2,6,Jun,2017-06,25,Mon
2017-06-20,20170620,2017,Q2,6,Jun,2017-06,25,Tue
2017-06-21,20170621,2017,Q2,6,Jun,2017-06,25,Wed
2017-06-22,20170622,2017,Q2,6,Jun,2017-06,25,Thu
2017-06-23,20170623,2017,Q2,6,Jun,2017-06,25,Fri
2017-06-24,20170624,2017,Q2,6,Jun,2017-06,25,Sat
2017-06-25,20170625,2017,Q2,6,Jun,2017-06,25,Sun
2017-06-26,20170626,2017,Q2,6,Jun,2017-06,26,Mon
2017-06-27,20170627,2017,Q2,6,Jun,2017-06,26,Tue
2017-06-28,20170628,2017,Q2,6,Jun,2017-06,26,Wed
2017-06-29,20170629,2017,Q2,6,Jun,2017-06,26,Thu
2017-06-30,20170630,2017,Q2,6,Jun,2017-06,26,Fri
2017-07-01,20170701,2017,Q3,7,Jul,2017-07,26,Sat
2017-07-02,20170702,2017,Q3,7,Jul,2017-07,26,Sun
2017-07-03,20170703,2017,Q3,7,Jul,2017-07,27,Mon
2017-07-04,20170704,2017,Q3,7,Jul,2017-07,27,Tue
2017-07-05,20170705,2017,Q3,7,Jul,2017-07,27,Wed
2017-07-06,20170706,2017,Q3,7,Jul,2017-07,27,Thu
2017-07-07,20170707,2017,Q3,7,Jul,2017-07,27,Fri
2017-07-08,20170708,2017,Q3,7,Jul,2017-07,27,Sat
2017-07-09,20170709,2017,Q3,7,Jul,2017-07,27,Sun
2017-07-10,20170710,2017,Q3,7,Jul,2017-07,28,Mon
2017-07-11,20170711,2017,Q3,7,Jul,2017-07,28,Tue
2017-07-12,20170712,2017,Q3,7,Jul,2017-07,28,Wed
2017-07-13,20170713,2017,Q3,7,Jul,2017-07,28,Thu
2017-07-14,20170714,2017,Q3,7,Jul,2017-07,28,Fri
2017-07-15,20170715,2017,Q3,7,Jul,2017-07,28,Sat
2017-07-16,20170716,2017,Q3,7,Jul,2017-07,28,Sun
2017-07-17,20170717,2017,Q3,7,Jul,2017-07,29,Mon
2017-07-18,20170718,2017,Q3,7,Jul,2017-07,29,Tue
2017-07-19,20170719,2017,Q3,7,Jul,2017-07,29,Wed
2017-07-20,20170720,2017,Q3,7,Jul,2017-07,29,Thu
2017-07-21,20170721,2017,Q3,7,Jul,2017-07,29,Fri
2017-07-22,20170722,2017,Q3,7,Jul,2017-07,29,Sat
2017-07-23,20170723,2017,Q3,7,Jul,2017-07,29,Sun
2017-07-24,20170724,2017,Q3,7,Jul,2017-07,30,Mon
2017-07-25,20170725,2017,Q3,7,Jul,2017-07,30,Tue
2017-07-26,20170726,2017,Q3,7,Jul,2017-07,30,Wed
2017-07-27,20170727,2017,Q3,7,Jul,2017-07,30,Thu
2017-07-28,20170728,2017,Q3,7,Jul,2017-07,30,Fri
2017-07-29,20170729,2017,Q3,7,Jul,2017-07,30,Sat
2017-07-30,20170730,2017,Q3,7,Jul,2017-07,30,Sun
2017-07-31,20170731,2017,Q3,7,Jul,2017-07,31,Mon
2017-08-01,20170801,2017,Q3,8,Aug,2017-08,31,Tue
2017-08-02,20170802,2017,Q3,8,Aug,2017-08,31,Wed
2017-08-03,20170803,2017,Q3,8,Aug,2017-08,31,Thu
2017-08-04,20170804,2017,Q3,8,Aug,2017-08,31,Fri
2017-08-05,20170805,2017,Q3,8,Aug,2017-08,31,Sat
2017-08-06,20170806,2017,Q3,8,Aug,2017-08,31,Sun
2017-08-07,20170807,2017,Q3,8,Aug,2017-08,32,Mon
2017-08-08,20170808,2017,Q3,8,Aug,2017-08,32,Tue
2017-08-09,20170809,2017,Q3,8,Aug,2017-08,32,Wed
2017-08-10,20170810,2017,Q3,8,Aug,2017-08,32,Thu
2017-08-11,20170811,2017,Q3,8,Aug,2017-08,32,Fri
2017-08-12,20170812,2017,Q3,8,Aug,2017-08,32,Sat
2017-08-13,20170813,2017,Q3,8,Aug,2017-08,32,Sun
2017-08-14,20170814,2017,Q3,8,Aug,2017-08,33,Mon
2017-08-15,20170815,2017,Q3,8,Aug,2017-08,33,Tue
2017-08-16,20170816,2017,Q3,8,Aug,2017-08,33,Wed
2017-08-17,20170817,2017,Q3,8,Aug,2017-08,33,Thu
2017-08-18,20170818,2017,Q3,8,Aug,2017-08,33,Fri
2017-08-19,20170819,2017,Q3,8,Aug,2017-08,33,Sat
2017-08-20,20170820,2017,Q3,8,Aug,2017-08,33,Sun
2017-08-21,20170821,2017,Q3,8,Aug,2017-08,34,Mon
2017-08-22,20170822,2017,Q3,8,Aug,2017-08,34,Tue
2017-08-23,20170823,2017,Q3,8,Aug,2017-08,34,Wed
2017-08-24,20170824,2017,Q3,8,Aug,2017-08,34,Thu
2017-08-25,20170825,2017,Q3,8,Aug,2017-08,34,Fri
2017-08-26,20170826,2017,Q3,8,Aug,2017-08,34,Sat
2017-08-27,20170827,2017,Q3,8,Aug,2017-08,34,Sun
2017-08-28,20170828,2017,Q3,8,Aug,2017-08,35,Mon
2017-08-29,20170829,2017,Q3,8,Aug,2017-08,35,Tue
2017-08-30,20170830,2017,Q3,8,Aug,2017-08,35,Wed
2017-08-31,20170831,2017,Q3,8,Aug,2017-08,35,Thu
2017-09-01,20170901,2017,Q3,9,Sep,2017-09,35,Fri
2017-09-02,20170902,2017,Q3,9,Sep,2017-09,35,Sat
2017-09-03,20170903,2017,Q3,9,Sep,2017-09,35,Sun
2017-09-04,20170904,2017,Q3,9,Sep,2017-09,36,Mon
2017-09-05,20170905,2017,Q3,9,Sep,2017-09,36,Tue
2017-09-06,20170906,2017,Q3,9,Sep,2017-09,36,Wed
2017-09-07,20170907,2017,Q3,9,Sep,2017-09,36,Thu
2017-09-08,20170908,2017,Q3,9,Sep,2017-09,36,Fri
2017-09-09,20170909,2017,Q3,9,Sep,2017-09,36,Sat
2017-09-10,20170910,2017,Q3,9,Sep,2017-09,36,Sun
2017-09-11,20170911,2017,Q3,9,Sep,2017-09,37,Mon
2017-09-12,20170912,2017,Q3,9,Sep,2017-09,37,Tue
2017-09-13,20170913,2017,Q3,9,Sep,2017-09,37,Wed
2017-09-14,20170914,2017,Q3,9,Sep,2017-09,37,Thu
2017-09-15,20170915,2017,Q3,9,Sep,2017-09,37,Fri
2017-09-16,20170916,2017,Q3,9,Sep,2017-09,37,Sat
2017-09-17,20170917,2017,Q3,9,Sep,2017-09,37,Sun
2017-09-18,20170918,2017,Q3,9,Sep,2017-09,38,Mon
2017-09-19,20170919,2017,Q3,9,Sep,2017-09,38,Tue
2017-09-20,20170920,2017,Q3,9,Sep,2017-09,38,Wed
2017-09-21,20170921,2017,Q3,9,Sep,2017-09,38,Thu
2017-09-22,20170922,2017,Q3,9,Sep,2017-09,38,Fri
2017-09-23,20170923,2017,Q3,9,Sep,2017-09,38,Sat
2017-09-24,20170924,2017,Q3,9,Sep,2017-09,38,Sun
2017-09-25,20170925,2017,Q3,9,Sep,2017-09,39,Mon
2017-09-26,20170926,2017,Q3,9,Sep,2017-09,39,Tue
2017-09-27,20170927,2017,Q3,9,Sep,2017-09,39,Wed
2017-09-28,20170928,2017,Q3,9,Sep,2017-09,39,Thu
2017-09-29,20170929,2017,Q3,9,Sep,2017-09,39,Fri
2017-09-30,20170930,2017,Q3,9,Sep,2017-09,39,Sat
2017-10-01,20171001,2017,Q4,10,Oct,2017-10,39,Sun
2017-10-02,20171002,2017,Q4,10,Oct,2017-10,40,Mon
2017-10-03,20171003,2017,Q4,10,Oct,2017-10,40,Tue
2017-10-04,20171004,2017,Q4,10,Oct,2017-10,40,Wed
2017-10-05,20171005,2017,Q4,10,Oct,2017-10,40,Thu
2017-10-06,20171006,2017,Q4,10,Oct,2017-10,40,Fri
2017-10-07,20171007,2017,Q4,10,Oct,2017-10,40,Sat
2017-10-08,20171008,2017,Q4,10,Oct,2017-10,40,Sun
2017-10-09,20171009,2017,Q4,10,Oct,2017-10,41,Mon
2017-10-10,20171010,2017,Q4,10,Oct,2017-10,41,Tue
2017-10-11,20171011,2017,Q4,10,Oct,2017-10,41,Wed
2017-10-12,20171012,2017,Q4,10,Oct,2017-10,41,Thu
2017-10-13,20171013,2017,Q4,10,Oct,2017-10,41,Fri
2017-10-14,20171014,2017,Q4,10,Oct,2017-10,41,Sat
2017-10-15,20171015,2017,Q4,10,Oct,2017-10,41,Sun
2017-10-16,20171016,2017,Q4,10,Oct,2017-10,42,Mon
2017-10-17,20171017,2017,Q4,10,Oct,2017-10,42,Tue
2017-10-18,20171018,2017,Q4,10,Oct,2017-10,42,Wed
2017-10-19,20171019,2017,Q4,10,Oct,2017-10,42,Thu
2017-10-20,20171020,2017,Q4,10,Oct,2017-10,42,Fri
2017-10-21,20171021,2017,Q4,10,Oct,2017-10,42,Sat
2017-10-22,20171022,2017,Q4,10,Oct,2017-10,42,Sun
2017-10-23,20171023,2017,Q4,10,Oct,2017-10,43,Mon
2017-10-24,20171024,2017,Q4,10,Oct,2017-10,43,Tue
2017-10-25,20171025,2017,Q4,10,Oct,2017-10,43,Wed
2017-10-26,20171026,2017,Q4,10,Oct,2017-10,43,Thu
2017-10-27,20171027,2017,Q4,10,Oct,2017-10,43,Fri
2017-10-28,20171028,2017,Q4,10,Oct,2017-10,43,Sat
2017-10-29,20171029,2017,Q4,10,Oct,2017-10,43,Sun
2017-10-30,20171030,2017,Q4,10,Oct,2017-10,44,Mon
2017-10-31,20171031,2017,Q4,10,Oct,2017-10,44,Tue
2017-11-01,20171101,2017,Q4,11,Nov,2017-11,44,Wed
2017-11-02,20171102,2017,Q4,11,Nov,2017-11,44,Thu
2017-11-03,20171103,2017,Q4,11,Nov,2017-11,44,Fri
2017-11-04,20171104,2017,Q4,11,Nov,2017-11,44,Sat
2017-11-05,20171105,2017,Q4,11,Nov,2017-11,44,Sun
2017-11-06,20171106,2017,Q4,11,Nov,2017-11,45,Mon
2017-11-07,20171107,2017,Q4,11,Nov,2017-11,45,Tue
2017-11-08,20171108,2017,Q4,11,Nov,2017-11,45,Wed
2017-11-09,20171109,2017,Q4,11,Nov,2017-11,45,Thu
2017-11-10,20171110,2017,Q4,11,Nov,2017-11,45,Fri
2017-11-11,20171111,2017,Q4,11,Nov,2017-11,45,Sat
2017-11-12,20171112,2017,Q4,11,Nov,2017-11,45,Sun
2017-11-13,20171113,2017,Q4,11,Nov,2017-11,46,Mon
2017-11-14,20171114,2017,Q4,11,Nov,2017-11,46,Tue
2017-11-15,20171115,2017,Q4,11,Nov,2017-11,46,Wed
2017-11-16,20171116,2017,Q4,11,Nov,2017-11,46,Thu
2017-11-17,20171117,2017,Q4,11,Nov,2017-11,46,Fri
2017-11-18,20171118,2017,Q4,11,Nov,2017-11,46,Sat
2017-11-19,20171119,2017,Q4,11,Nov,2017-11,46,Sun
2017-11-20,20171120,2017,Q4,11,Nov,2017-11,47,Mon
2017-11-21,20171121,2017,Q4,11,Nov,2017-11,47,Tue
2017-11-22,20171122,2017,Q4,11,Nov,2017-11,47,Wed
2017-11-23,20171123,2017,Q4,11,Nov,2017-11,47,Thu
2017-11-24,20171124,2017,Q4,11,Nov,2017-11,47,Fri
2017-11-25,20171125,2017,Q4,11,Nov,2017-11,47,Sat
2017-11-26,20171126,2017,Q4,11,Nov,2017-11,47,Sun
2017-11-27,20171127,2017,Q4,11,Nov,2017-11,48,Mon
2017-11-28,20171128,2017,Q4,11,Nov,2017-11,48,Tue
2017-11-29,20171129,2017,Q4,11,Nov,2017-11,48,Wed
2017-11-30,20171130,2017,Q4,11,Nov,2017-11,48,Thu
2017-12-01,20171201,2017,Q4,12,Dec,2017-12,48,Fri
2017-12-02,20171202,2017,Q4,12,Dec,2017-12,48,Sat
2017-12-03,20171203,2017,Q4,12,Dec,2017-12,48,Sun
2017-12-04,20171204,2017,Q4,12,Dec,2017-12,49,Mon
2017-12-05,20171205,2017,Q4,12,Dec,2017-12,49,Tue
2017-12-06,20171206,2017,Q4,12,Dec,2017-12,49,Wed
2017-12-07,20171207,2017,Q4,12,Dec,2017-12,49,Thu
2017-12-08,20171208,2017,Q4,12,Dec,2017-12,49,Fri
2017-12-09,20171209,2017,Q4,12,Dec,2017-12,49,Sat
2017-12-10,20171210,2017,Q4,12,Dec,2017-12,49,Sun
2017-12-11,20171211,2017,Q4,12,Dec,2017-12,50,Mon
2017-12-12,20171212,2017,Q4,12,Dec,2017-12,50,Tue
2017-12-13,20171213,2017,Q4,12,Dec,2017-12,50,Wed
2017-12-14,20171214,2017,Q4,12,Dec,2017-12,50,Thu
2017-12-15,20171215,2017,Q4,12,Dec,2017-12,50,Fri
2017-12-16,20171216,2017,Q4,12,Dec,2017-12,50,Sat
2017-12-17,20171217,2017,Q4,12,Dec,2017-12,50,Sun
2017-12-18,20171218,2017,Q4,12,Dec,2017-12,51,Mon
2017-12-19,20171219,2017,Q4,12,Dec,2017-12,51,Tue
2017-12-20,20171220,2017,Q4,12,Dec,2017-12,51,Wed
2017-12-21,20171221,2017,Q4,12,Dec,2017-12,51,Thu
2017-12-22,20171222,2017,Q4,12,Dec,2017-12,51,Fri
2017-12-23,20171223,2017,Q4,12,Dec,2017-12,51,Sat
2017-12-24,20171224,2017,Q4,12,Dec,2017-12,51,Sun
2017-12-25,20171225,2017,Q4,12,Dec,2017-12,52,Mon
2017-12-26,20171226,2017,Q4,12,Dec,2017-12,52,Tue
2017-12-27,20171227,2017,Q4,12,Dec,2017-12,52,Wed
2017-12-28,20171228,2017,Q4,12,Dec,2017-12,52,Thu
2017-12-29,20171229,2017,Q4,12,Dec,2017-12,52,Fri
2017-12-30,20171230,2017,Q4,12,Dec,2017-12,52,Sat
2017-12-31,20171231,2017,Q4,12,Dec,2017-12,52,Sun
2018-01-01,20180101,2018,Q1,1,Jan,2018-01,1,Mon
2018-01-02,20180102,2018,Q1,1,Jan,2018-01,1,Tue
2018-01-03,20180103,2018,Q1,1,Jan,2018-01,1,Wed
2018-01-04,20180104,2018,Q1,1,Jan,2018-01,1,Thu
2018-01-05,20180105,2018,Q1,1,Jan,2018-01,1,Fri
2018-01-06,20180106,2018,Q1,1,Jan,2018-01,1,Sat
2018-01-07,20180107,2018,Q1,1,Jan,2018-01,1,Sun
2018-01-08,20180108,2018,Q1,1,Jan,2018-01,2,Mon
2018-01-09,20180109,2018,Q1,1,Jan,2018-01,2,Tue
2018-01-10,20180110,2018,Q1,1,Jan,2018-01,2,Wed
2018-01-11,20180111,2018,Q1,1,Jan,2018-01,2,Thu
2018-01-12,20180112,2018,Q1,1,Jan,2018-01,2,Fri
2018-01-13,20180113,2018,Q1,1,Jan,2018-01,2,Sat
2018-01-14,20180114,2018,Q1,1,Jan,2018-01,2,Sun
2018-01-15,20180115,2018,Q1,1,Jan,2018-01,3,Mon
2018-01-16,20180116,2018,Q1,1,Jan,2018-01,3,Tue
2018-01-17,20180117,2018,Q1,1,Jan,2018-01,3,Wed
2018-01-18,20180118,2018,Q1,1,Jan,2018-01,3,Thu
2018-01-19,20180119,2018,Q1,1,Jan,2018-01,3,Fri
2018-01-20,20180120,2018,Q1,1,Jan,2018-01,3,Sat
2018-01-21,20180121,2018,Q1,1,Jan,2018-01,3,Sun
2018-01-22,20180122,2018,Q1,1,Jan,2018-01,4,Mon
2018-01-23,20180123,2018,Q1,1,Jan,2018-01,4,Tue
2018-01-24,20180124,2018,Q1,1,Jan,2018-01,4,Wed
2018-01-25,20180125,2018,Q1,1,Jan,2018-01,4,Thu
2018-01-26,20180126,2018,Q1,1,Jan,2018-01,4,Fri
2018-01-27,20180127,2018,Q1,1,Jan,2018-01,4,Sat
2018-01-28,20180128,2018,Q1,1,Jan,2018-01,4,Sun
2018-01-29,20180129,2018,Q1,1,Jan,2018-01,5,Mon
2018-01-30,20180130,2018,Q1,1,Jan,2018-01,5,Tue
2018-01-31,20180131,2018,Q1,1,Jan,2018-01,5,Wed
2018-02-01,20180201,2018,Q1,2,Feb,2018-02,5,Thu
2018-02-02,20180202,2018,Q1,2,Feb,2018-02,5,Fri
2018-02-03,20180203,2018,Q1,2,Feb,2018-02,5,Sat
2018-02-04,20180204,2018,Q1,2,Feb,2018-02,5,Sun
2018-02-05,20180205,2018,Q1,2,Feb,2018-02,6,Mon
2018-02-06,20180206,2018,Q1,2,Feb,2018-02,6,Tue
2018-02-07,20180207,2018,Q1,2,Feb,2018-02,6,Wed
2018-02-08,20180208,2018,Q1,2,Feb,2018-02,6,Thu
2018-02-09,20180209,2018,Q1,2,Feb,2018-02,6,Fri
2018-02-10,20180210,2018,Q1,2,Feb,2018-02,6,Sat
2018-02-11,20180211,2018,Q1,2,Feb,2018-02,6,Sun
2018-02-12,20180212,2018,Q1,2,Feb,2018-02,7,Mon
2018-02-13,20180213,2018,Q1,2,Feb,2018-02,7,Tue
2018-02-14,20180214,2018,Q1,2,Feb,2018-02,7,Wed
2018-02-15,20180215,2018,Q1,2,Feb,2018-02,7,Thu
2018-02-16,20180216,2018,Q1,2,Feb,2018-02,7,Fri
2018-02-17,20180217,2018,Q1,2,Feb,2018-02,7,Sat
2018-02-18,20180218,2018,Q1,2,Feb,2018-02,7,Sun
2018-02-19,20180219,2018,Q1,2,Feb,2018-02,8,Mon
2018-02-20,20180220,2018,Q1,2,Feb,2018-02,8,Tue
2018-02-21,20180221,2018,Q1,2,Feb,2018-02,8,Wed
2018-02-22,20180222,2018,Q1,2,Feb,2018-02,8,Thu
2018-02-23,20180223,2018,Q1,2,Feb,2018-02,8,Fri
2018-02-24,20180224,2018,Q1,2,Feb,2018-02,8,Sat
2018-02-25,20180225,2018,Q1,2,Feb,2018-02,8,Sun
2018-02-26,20180226,2018,Q1,2,Feb,2018-02,9,Mon
2018-02-27,20180227,2018,Q1,2,Feb,2018-02,9,Tue
2018-02-28,20180228,2018,Q1,2,Feb,2018-02,9,Wed
2018-03-01,20180301,2018,Q1,3,Mar,2018-03,9,Thu
2018-03-02,20180302,2018,Q1,3,Mar,2018-03,9,Fri
2018-03-03,20180303,2018,Q1,3,Mar,2018-03,9,Sat
2018-03-04,20180304,2018,Q1,3,Mar,2018-03,9,Sun
2018-03-05,20180305,2018,Q1,3,Mar,2018-03,10,Mon
2018-03-06,20180306,2018,Q1,3,Mar,2018-03,10,Tue
2018-03-07,20180307,2018,Q1,3,Mar,2018-03,10,Wed
2018-03-08,20180308,2018,Q1,3,Mar,2018-03,10,Thu
2018-03-09,20180309,2018,Q1,3,Mar,2018-03,10,Fri
2018-03-10,20180310,2018,Q1,3,Mar,2018-03,10,Sat
2018-03-11,20180311,2018,Q1,3,Mar,2018-03,10,Sun
2018-03-12,20180312,2018,Q1,3,Mar,2018-03,11,Mon
2018-03-13,20180313,2018,Q1,3,Mar,2018-03,11,Tue
2018-03-14,20180314,2018,Q1,3,Mar,2018-03,11,Wed
2018-03-15,20180315,2018,Q1,3,Mar,2018-03,11,Thu
2018-03-16,20180316,2018,Q1,3,Mar,2018-03,11,Fri
2018-03-17,20180317,2018,Q1,3,Mar,2018-03,11,Sat
2018-03-18,20180318,2018,Q1,3,Mar,2018-03,11,Sun
2018-03-19,20180319,2018,Q1,3,Mar,2018-03,12,Mon
2018-03-20,20180320,2018,Q1,3,Mar,2018-03,12,Tue
2018-03-21,20180321,2018,Q1,3,Mar,2018-03,12,Wed
2018-03-22,20180322,2018,Q1,3,Mar,2018-03,12,Thu
2018-03-23,20180323,2018,Q1,3,Mar,2018-03,12,Fri
2018-03-24,20180324,2018,Q1,3,Mar,2018-03,12,Sat
2018-03-25,20180325,2018,Q1,3,Mar,2018-03,12,Sun
2018-03-26,20180326,2018,Q1,3,Mar,2018-03,13,Mon
2018-03-27,20180327,2018,Q1,3,Mar,2018-03,13,Tue
2018-03-28,20180328,2018,Q1,3,Mar,2018-03,13,Wed
2018-03-29,20180329,2018,Q1,3,Mar,2018-03,13,Thu
2018-03-30,20180330,2018,Q1,3,Mar,2018-03,13,Fri
2018-03-31,20180331,2018,Q1,3,Mar,2018-03,13,Sat
2018-04-01,20180401,2018,Q2,4,Apr,2018-04,13,Sun
2018-04-02,20180402,2018,Q2,4,Apr,2018-04,14,Mon
2018-04-03,20180403,2018,Q2,4,Apr,2018-04,14,Tue
2018-04-04,20180404,2018,Q2,4,Apr,2018-04,14,Wed
2018-04-05,20180405,2018,Q2,4,Apr,2018-04,14,Thu
2018-04-06,20180406,2018,Q2,4,Apr,2018-04,14,Fri
2018-04-07,20180407,2018,Q2,4,Apr,2018-04,14,Sat
2018-04-08,20180408,2018,Q2,4,Apr,2018-04,14,Sun
2018-04-09,20180409,2018,Q2,4,Apr,2018-04,15,Mon
2018-04-10,20180410,2018,Q2,4,Apr,2018-04,15,Tue
2018-04-11,20180411,2018,Q2,4,Apr,2018-04,15,Wed
2018-04-12,20180412,2018,Q2,4,Apr,2018-04,15,Thu
2018-04-13,20180413,2018,Q2,4,Apr,2018-04,15,Fri
2018-04-14,20180414,2018,Q2,4,Apr,2018-04,15,Sat
2018-04-15,20180415,2018,Q2,4,Apr,2018-04,15,Sun
2018-04-16,20180416,2018,Q2,4,Apr,2018-04,16,Mon
2018-04-17,20180417,2018,Q2,4,Apr,2018-04,16,Tue
2018-04-18,20180418,2018,Q2,4,Apr,2018-04,16,Wed
2018-04-19,20180419,2018,Q2,4,Apr,2018-04,16,Thu
2018-04-20,20180420,2018,Q2,4,Apr,2018-04,16,Fri
2018-04-21,20180421,2018,Q2,4,Apr,2018-04,16,Sat
2018-04-22,20180422,2018,Q2,4,Apr,2018-04,16,Sun
2018-04-23,20180423,2018,Q2,4,Apr,2018-04,17,Mon
2018-04-24,20180424,2018,Q2,4,Apr,2018-04,17,Tue
2018-04-25,20180425,2018,Q2,4,Apr,2018-04,17,Wed
2018-04-26,20180426,2018,Q2,4,Apr,2018-04,17,Thu
2018-04-27,20180427,2018,Q2,4,Apr,2018-04,17,Fri
2018-04-28,20180428,2018,Q2,4,Apr,2018-04,17,Sat
2018-04-29,20180429,2018,Q2,4,Apr,2018-04,17,Sun
2018-04-30,20180430,2018,Q2,4,Apr,2018-04,18,Mon
2018-05-01,20180501,2018,Q2,5,May,2018-05,18,Tue
2018-05-02,20180502,2018,Q2,5,May,2018-05,18,Wed
2018-05-03,20180503,2018,Q2,5,May,2018-05,18,Thu
2018-05-04,20180504,2018,Q2,5,May,2018-05,18,Fri
2018-05-05,20180505,2018,Q2,5,May,2018-05,18,Sat
2018-05-06,20180506,2018,Q2,5,May,2018-05,18,Sun
2018-05-07,20180507,2018,Q2,5,May,2018-05,19,Mon
2018-05-08,20180508,2018,Q2,5,May,2018-05,19,Tue
2018-05-09,20180509,2018,Q2,5,May,2018-05,19,Wed
2018-05-10,20180510,2018,Q2,5,May,2018-05,19,Thu
2018-05-11,20180511,2018,Q2,5,May,2018-05,19,Fri
2018-05-12,20180512,2018,Q2,5,May,2018-05,19,Sat
2018-05-13,20180513,2018,Q2,5,May,2018-05,19,Sun
2018-05-14,20180514,2018,Q2,5,May,2018-05,20,Mon
2018-05-15,20180515,2018,Q2,5,May,2018-05,20,Tue
2018-05-16,20180516,2018,Q2,5,May,2018-05,20,Wed
2018-05-17,20180517,2018,Q2,5,May,2018-05,20,Thu
2018-05-18,20180518,2018,Q2,5,May,2018-05,20,Fri
2018-05-19,20180519,2018,Q2,5,May,2018-05,20,Sat
2018-05-20,20180520,2018,Q2,5,May,2018-05,20,Sun
2018-05-21,20180521,2018,Q2,5,May,2018-05,21,Mon
2018-05-22,20180522,2018,Q2,5,May,2018-05,21,Tue
2018-05-23,20180523,2018,Q2,5,May,2018-05,21,Wed
2018-05-24,20180524,2018,Q2,5,May,2018-05,21,Thu
2018-05-25,20180525,2018,Q2,5,May,2018-05,21,Fri
2018-05-26,20180526,2018,Q2,5,May,2018-05,21,Sat
2018-05-27,20180527,2018,Q2,5,May,2018-05,21,Sun
2018-05-28,20180528,2018,Q2,5,May,2018-05,22,Mon
2018-05-29,20180529,2018,Q2,5,May,2018-05,22,Tue
2018-05-30,20180530,2018,Q2,5,May,2018-05,22,Wed
2018-05-31,20180531,2018,Q2,5,May,2018-05,22,Thu
2018-06-01,20180601,2018,Q2,6,Jun,2018-06,22,Fri
2018-06-02,20180602,2018,Q2,6,Jun,2018-06,22,Sat
2018-06-03,20180603,2018,Q2,6,Jun,2018-06,22,Sun
2018-06-04,20180604,2018,Q2,6,Jun,2018-06,23,Mon
2018-06-05,20180605,2018,Q2,6,Jun,2018-06,23,Tue
2018-06-06,20180606,2018,Q2,6,Jun,2018-06,23,Wed
2018-06-07,20180607,2018,Q2,6,Jun,2018-06,23,Thu
2018-06-08,20180608,2018,Q2,6,Jun,2018-06,23,Fri
2018-06-09,20180609,2018,Q2,6,Jun,2018-06,23,Sat
2018-06-10,20180610,2018,Q2,6,Jun,2018-06,23,Sun
2018-06-11,20180611,2018,Q2,6,Jun,2018-06,24,Mon
2018-06-12,20180612,2018,Q2,6,Jun,2018-06,24,Tue
2018-06-13,20180613,2018,Q2,6,Jun,2018-06,24,Wed
2018-06-14,20180614,2018,Q2,6,Jun,2018-06,24,Thu
2018-06-15,20180615,2018,Q2,6,Jun,2018-06,24,Fri
2018-06-16,20180616,2018,Q2,6,Jun,2018-06,24,Sat
2018-06-17,20180617,2018,Q2,6,Jun,2018-06,24,Sun
2018-06-18,20180618,2018,Q2,6,Jun,2018-06,25,Mon
2018-06-19,20180619,2018,Q2,6,Jun,2018-06,25,Tue
2018-06-20,20180620,2018,Q2,6,Jun,2018-06,25,Wed
2018-06-21,20180621,2018,Q2,6,Jun,2018-06,25,Thu
2018-06-22,20180622,2018,Q2,6,Jun,2018-06,25,Fri
2018-06-23,20180623,2018,Q2,6,Jun,2018-06,25,Sat
2018-06-24,20180624,2018,Q2,6,Jun,2018-06,25,Sun
2018-06-25,20180625,2018,Q2,6,Jun,2018-06,26,Mon
2018-06-26,20180626,2018,Q2,6,Jun,2018-06,26,Tue
2018-06-27,20180627,2018,Q2,6,Jun,2018-06,26,Wed
2018-06-28,20180628,2018,Q2,6,Jun,2018-06,26,Thu
2018-06-29,20180629,2018,Q2,6,Jun,2018-06,26,Fri
2018-06-30,20180630,2018,Q2,6,Jun,2018-06,26,Sat
2018-07-01,20180701,2018,Q3,7,Jul,2018-07,26,Sun
2018-07-02,20180702,2018,Q3,7,Jul,2018-07,27,Mon
2018-07-03,20180703,2018,Q3,7,Jul,2018-07,27,Tue
2018-07-04,20180704,2018,Q3,7,Jul,2018-07,27,Wed
2018-07-05,20180705,2018,Q3,7,Jul,2018-07,27,Thu
2018-07-06,20180706,2018,Q3,7,Jul,2018-07,27,Fri
2018-07-07,20180707,2018,Q3,7,Jul,2018-07,27,Sat
2018-07-08,20180708,2018,Q3,7,Jul,2018-07,27,Sun
2018-07-09,20180709,2018,Q3,7,Jul,2018-07,28,Mon
2018-07-10,20180710,2018,Q3,7,Jul,2018-07,28,Tue
2018-07-11,20180711,2018,Q3,7,Jul,2018-07,28,Wed
2018-07-12,20180712,2018,Q3,7,Jul,2018-07,28,Thu
2018-07-13,20180713,2018,Q3,7,Jul,2018-07,28,Fri
2018-07-14,20180714,2018,Q3,7,Jul,2018-07,28,Sat
2018-07-15,20180715,2018,Q3,7,Jul,2018-07,28,Sun
2018-07-16,20180716,2018,Q3,7,Jul,2018-07,29,Mon
2018-07-17,20180717,2018,Q3,7,Jul,2018-07,29,Tue
2018-07-18,20180718,2018,Q3,7,Jul,2018-07,29,Wed
2018-07-19,20180719,2018,Q3,7,Jul,2018-07,29,Thu
2018-07-20,20180720,2018,Q3,7,Jul,2018-07,29,Fri
2018-07-21,20180721,2018,Q3,7,Jul,2018-07,29,Sat
2018-07-22,20180722,2018,Q3,7,Jul,2018-07,29,Sun
2018-07-23,20180723,2018,Q3,7,Jul,2018-07,30,Mon
2018-07-24,20180724,2018,Q3,7,Jul,2018-07,30,Tue
2018-07-25,20180725,2018,Q3,7,Jul,2018-07,30,Wed
2018-07-26,20180726,2018,Q3,7,Jul,2018-07,30,Thu
2018-07-27,20180727,2018,Q3,7,Jul,2018-07,30,Fri
2018-07-28,20180728,2018,Q3,7,Jul,2018-07,30,Sat
2018-07-29,20180729,2018,Q3,7,Jul,2018-07,30,Sun
2018-07-30,20180730,2018,Q3,7,Jul,2018-07,31,Mon
2018-07-31,20180731,2018,Q3,7,Jul,2018-07,31,Tue
2018-08-01,20180801,2018,Q3,8,Aug,2018-08,31,Wed
2018-08-02,20180802,2018,Q3,8,Aug,2018-08,31,Thu
2018-08-03,20180803,2018,Q3,8,Aug,2018-08,31,Fri
2018-08-04,20180804,2018,Q3,8,Aug,2018-08,31,Sat
2018-08-05,20180805,2018,Q3,8,Aug,2018-08,31,Sun
2018-08-06,20180806,2018,Q3,8,Aug,2018-08,32,Mon
2018-08-07,20180807,2018,Q3,8,Aug,2018-08,32,Tue
2018-08-08,20180808,2018,Q3,8,Aug,2018-08,32,Wed
2018-08-09,20180809,2018,Q3,8,Aug,2018-08,32,Thu
2018-08-10,20180810,2018,Q3,8,Aug,2018-08,32,Fri
2018-08-11,20180811,2018,Q3,8,Aug,2018-08,32,Sat
2018-08-12,20180812,2018,Q3,8,Aug,2018-08,32,Sun
2018-08-13,20180813,2018,Q3,8,Aug,2018-08,33,Mon
2018-08-14,20180814,2018,Q3,8,Aug,2018-08,33,Tue
2018-08-15,20180815,2018,Q3,8,Aug,2018-08,33,Wed
2018-08-16,20180816,2018,Q3,8,Aug,2018-08,33,Thu
2018-08-17,20180817,2018,Q3,8,Aug,2018-08,33,Fri
2018-08-18,20180818,2018,Q3,8,Aug,2018-08,33,Sat
2018-08-19,20180819,2018,Q3,8,Aug,2018-08,33,Sun
2018-08-20,20180820,2018,Q3,8,Aug,2018-08,34,Mon
2018-08-21,20180821,2018,Q3,8,Aug,2018-08,34,Tue
2018-08-22,20180822,2018,Q3,8,Aug,2018-08,34,Wed
2018-08-23,20180823,2018,Q3,8,Aug,2018-08,34,Thu
2018-08-24,20180824,2018,Q3,8,Aug,2018-08,34,Fri
2018-08-25,20180825,2018,Q3,8,Aug,2018-08,34,Sat
2018-08-26,20180826,2018,Q3,8,Aug,2018-08,34,Sun
2018-08-27,20180827,2018,Q3,8,Aug,2018-08,35,Mon
2018-08-28,20180828,2018,Q3,8,Aug,2018-08,35,Tue
2018-08-29,20180829,2018,Q3,8,Aug,2018-08,35,Wed
2018-08-30,20180830,2018,Q3,8,Aug,2018-08,35,Thu
2018-08-31,20180831,2018,Q3,8,Aug,2018-08,35,Fri
2018-09-01,20180901,2018,Q3,9,Sep,2018-09,35,Sat
2018-09-02,20180902,2018,Q3,9,Sep,2018-09,35,Sun
2018-09-03,20180903,2018,Q3,9,Sep,2018-09,36,Mon
2018-09-04,20180904,2018,Q3,9,Sep,2018-09,36,Tue
2018-09-05,20180905,2018,Q3,9,Sep,2018-09,36,Wed
2018-09-06,20180906,2018,Q3,9,Sep,2018-09,36,Thu
2018-09-07,20180907,2018,Q3,9,Sep,2018-09,36,Fri
2018-09-08,20180908,2018,Q3,9,Sep,2018-09,36,Sat
2018-09-09,20180909,2018,Q3,9,Sep,2018-09,36,Sun
2018-09-10,20180910,2018,Q3,9,Sep,2018-09,37,Mon
2018-09-11,20180911,2018,Q3,9,Sep,2018-09,37,Tue
2018-09-12,20180912,2018,Q3,9,Sep,2018-09,37,Wed
2018-09-13,20180913,2018,Q3,9,Sep,2018-09,37,Thu
2018-09-14,20180914,2018,Q3,9,Sep,2018-09,37,Fri
2018-09-15,20180915,2018,Q3,9,Sep,2018-09,37,Sat
2018-09-16,20180916,2018,Q3,9,Sep,2018-09,37,Sun
2018-09-17,20180917,2018,Q3,9,Sep,2018-09,38,Mon
2018-09-18,20180918,2018,Q3,9,Sep,2018-09,38,Tue
2018-09-19,20180919,2018,Q3,9,Sep,2018-09,38,Wed
2018-09-20,20180920,2018,Q3,9,Sep,2018-09,38,Thu
2018-09-21,20180921,2018,Q3,9,Sep,2018-09,38,Fri
2018-09-22,20180922,2018,Q3,9,Sep,2018-09,38,Sat
2018-09-23,20180923,2018,Q3,9,Sep,2018-09,38,Sun
2018-09-24,20180924,2018,Q3,9,Sep,2018-09,39,Mon
2018-09-25,20180925,2018,Q3,9,Sep,2018-09,39,Tue
2018-09-26,20180926,2018,Q3,9,Sep,2018-09,39,Wed
2018-09-27,20180927,2018,Q3,9,Sep,2018-09,39,Thu
2018-09-28,20180928,2018,Q3,9,Sep,2018-09,39,Fri
2018-09-29,20180929,2018,Q3,9,Sep,2018-09,39,Sat
2018-09-30,20180930,2018,Q3,9,Sep,2018-09,39,Sun
2018-10-01,20181001,2018,Q4,10,Oct,2018-10,40,Mon
2018-10-02,20181002,2018,Q4,10,Oct,2018-10,40,Tue
2018-10-03,20181003,2018,Q4,10,Oct,2018-10,40,Wed
2018-10-04,20181004,2018,Q4,10,Oct,2018-10,40,Thu
2018-10-05,20181005,2018,Q4,10,Oct,2018-10,40,Fri
2018-10-06,20181006,2018,Q4,10,Oct,2018-10,40,Sat
2018-10-07,20181007,2018,Q4,10,Oct,2018-10,40,Sun
2018-10-08,20181008,2018,Q4,10,Oct,2018-10,41,Mon
2018-10-09,20181009,2018,Q4,10,Oct,2018-10,41,Tue
2018-10-10,20181010,2018,Q4,10,Oct,2018-10,41,Wed
2018-10-11,20181011,2018,Q4,10,Oct,2018-10,41,Thu
2018-10-12,20181012,2018,Q4,10,Oct,2018-10,41,Fri
2018-10-13,20181013,2018,Q4,10,Oct,2018-10,41,Sat
2018-10-14,20181014,2018,Q4,10,Oct,2018-10,41,Sun
2018-10-15,20181015,2018,Q4,10,Oct,2018-10,42,Mon
2018-10-16,20181016,2018,Q4,10,Oct,2018-10,42,Tue
2018-10-17,20181017,2018,Q4,10,Oct,2018-10,42,Wed
2018-10-18,20181018,2018,Q4,10,Oct,2018-10,42,Thu
2018-10-19,20181019,2018,Q4,10,Oct,2018-10,42,Fri
2018-10-20,20181020,2018,Q4,10,Oct,2018-10,42,Sat
2018-10-21,20181021,2018,Q4,10,Oct,2018-10,42,Sun
2018-10-22,20181022,2018,Q4,10,Oct,2018-10,43,Mon
2018-10-23,20181023,2018,Q4,10,Oct,2018-10,43,Tue
2018-10-24,20181024,2018,Q4,10,Oct,2018-10,43,Wed
2018-10-25,20181025,2018,Q4,10,Oct,2018-10,43,Thu
2018-10-26,20181026,2018,Q4,10,Oct,2018-10,43,Fri
2018-10-27,20181027,2018,Q4,10,Oct,2018-10,43,Sat
2018-10-28,20181028,2018,Q4,10,Oct,2018-10,43,Sun
2018-10-29,20181029,2018,Q4,10,Oct,2018-10,44,Mon
2018-10-30,20181030,2018,Q4,10,Oct,2018-10,44,Tue
2018-10-31,20181031,2018,Q4,10,Oct,2018-10,44,Wed
2018-11-01,20181101,2018,Q4,11,Nov,2018-11,44,Thu
2018-11-02,20181102,2018,Q4,11,Nov,2018-11,44,Fri
2018-11-03,20181103,2018,Q4,11,Nov,2018-11,44,Sat
2018-11-04,20181104,2018,Q4,11,Nov,2018-11,44,Sun
2018-11-05,20181105,2018,Q4,11,Nov,2018-11,45,Mon
2018-11-06,20181106,2018,Q4,11,Nov,2018-11,45,Tue
2018-11-07,20181107,2018,Q4,11,Nov,2018-11,45,Wed
2018-11-08,20181108,2018,Q4,11,Nov,2018-11,45,Thu
2018-11-09,20181109,2018,Q4,11,Nov,2018-11,45,Fri
2018-11-10,20181110,2018,Q4,11,Nov,2018-11,45,Sat
2018-11-11,20181111,2018,Q4,11,Nov,2018-11,45,Sun
2018-11-12,20181112,2018,Q4,11,Nov,2018-11,46,Mon
2018-11-13,20181113,2018,Q4,11,Nov,2018-11,46,Tue
2018-11-14,20181114,2018,Q4,11,Nov,2018-11,46,Wed
2018-11-15,20181115,2018,Q4,11,Nov,2018-11,46,Thu
2018-11-16,20181116,2018,Q4,11,Nov,2018-11,46,Fri
2018-11-17,20181117,2018,Q4,11,Nov,2018-11,46,Sat
2018-11-18,20181118,2018,Q4,11,Nov,2018-11,46,Sun
2018-11-19,20181119,2018,Q4,11,Nov,2018-11,47,Mon
2018-11-20,20181120,2018,Q4,11,Nov,2018-11,47,Tue
2018-11-21,20181121,2018,Q4,11,Nov,2018-11,47,Wed
2018-11-22,20181122,2018,Q4,11,Nov,2018-11,47,Thu
2018-11-23,20181123,2018,Q4,11,Nov,2018-11,47,Fri
2018-11-24,20181124,2018,Q4,11,Nov,2018-11,47,Sat
2018-11-25,20181125,2018,Q4,11,Nov,2018-11,47,Sun
2018-11-26,20181126,2018,Q4,11,Nov,2018-11,48,Mon
2018-11-27,20181127,2018,Q4,11,Nov,2018-11,48,Tue
2018-11-28,20181128,2018,Q4,11,Nov,2018-11,48,Wed
2018-11-29,20181129,2018,Q4,11,Nov,2018-11,48,Thu
2018-11-30,20181130,2018,Q4,11,Nov,2018-11,48,Fri
2018-12-01,20181201,2018,Q4,12,Dec,2018-12,48,Sat
2018-12-02,20181202,2018,Q4,12,Dec,2018-12,48,Sun
2018-12-03,20181203,2018,Q4,12,Dec,2018-12,49,Mon
2018-12-04,20181204,2018,Q4,12,Dec,2018-12,49,Tue
2018-12-05,20181205,2018,Q4,12,Dec,2018-12,49,Wed
2018-12-06,20181206,2018,Q4,12,Dec,2018-12,49,Thu
2018-12-07,20181207,2018,Q4,12,Dec,2018-12,49,Fri
2018-12-08,20181208,2018,Q4,12,Dec,2018-12,49,Sat
2018-12-09,20181209,2018,Q4,12,Dec,2018-12,49,Sun
2018-12-10,20181210,2018,Q4,12,Dec,2018-12,50,Mon
2018-12-11,20181211,2018,Q4,12,Dec,2018-12,50,Tue
2018-12-12,20181212,2018,Q4,12,Dec,2018-12,50,Wed
2018-12-13,20181213,2018,Q4,12,Dec,2018-12,50,Thu
2018-12-14,20181214,2018,Q4,12,Dec,2018-12,50,Fri
2018-12-15,20181215,2018,Q4,12,Dec,2018-12,50,Sat
2018-12-16,20181216,2018,Q4,12,Dec,2018-12,50,Sun
2018-12-17,20181217,2018,Q4,12,Dec,2018-12,51,Mon
2018-12-18,20181218,2018,Q4,12,Dec,2018-12,51,Tue
2018-12-19,20181219,2018,Q4,12,Dec,2018-12,51,Wed
2018-12-20,20181220,2018,Q4,12,Dec,2018-12,51,Thu
2018-12-21,20181221,2018,Q4,12,Dec,2018-12,51,Fri
2018-12-22,20181222,2018,Q4,12,Dec,2018-12,51,Sat
2018-12-23,20181223,2018,Q4,12,Dec,2018-12,51,Sun
2018-12-24,20181224,2018,Q4,12,Dec,2018-12,52,Mon
2018-12-25,20181225,2018,Q4,12,Dec,2018-12,52,Tue
2018-12-26,20181226,2018,Q4,12,Dec,2018-12,52,Wed
2018-12-27,20181227,2018,Q4,12,Dec,2018-12,52,Thu
2018-12-28,20181228,2018,Q4,12,Dec,2018-12,52,Fri
2018-12-29,20181229,2018,Q4,12,Dec,2018-12,52,Sat
2018-12-30,20181230,2018,Q4,12,Dec,2018-12,52,Sun
2018-12-31,20181231,2018,Q4,12,Dec,2018-12,1,Mon
2019-01-01,20190101,2019,Q1,1,Jan,2019-01,1,Tue
2019-01-02,20190102,2019,Q1,1,Jan,2019-01,1,Wed
2019-01-03,20190103,2019,Q1,1,Jan,2019-01,1,Thu
2019-01-04,20190104,2019,Q1,1,Jan,2019-01,1,Fri
2019-01-05,20190105,2019,Q1,1,Jan,2019-01,1,Sat
2019-01-06,20190106,2019,Q1,1,Jan,2019-01,1,Sun
2019-01-07,20190107,2019,Q1,1,Jan,2019-01,2,Mon
2019-01-08,20190108,2019,Q1,1,Jan,2019-01,2,Tue
2019-01-09,20190109,2019,Q1,1,Jan,2019-01,2,Wed
2019-01-10,20190110,2019,Q1,1,Jan,2019-01,2,Thu
2019-01-11,20190111,2019,Q1,1,Jan,2019-01,2,Fri
2019-01-12,20190112,2019,Q1,1,Jan,2019-01,2,Sat
2019-01-13,20190113,2019,Q1,1,Jan,2019-01,2,Sun
2019-01-14,20190114,2019,Q1,1,Jan,2019-01,3,Mon
2019-01-15,20190115,2019,Q1,1,Jan,2019-01,3,Tue
2019-01-16,20190116,2019,Q1,1,Jan,2019-01,3,Wed
2019-01-17,20190117,2019,Q1,1,Jan,2019-01,3,Thu
2019-01-18,20190118,2019,Q1,1,Jan,2019-01,3,Fri
2019-01-19,20190119,2019,Q1,1,Jan,2019-01,3,Sat
2019-01-20,20190120,2019,Q1,1,Jan,2019-01,3,Sun
2019-01-21,20190121,2019,Q1,1,Jan,2019-01,4,Mon
2019-01-22,20190122,2019,Q1,1,Jan,2019-01,4,Tue
2019-01-23,20190123,2019,Q1,1,Jan,2019-01,4,Wed
2019-01-24,20190124,2019,Q1,1,Jan,2019-01,4,Thu
2019-01-25,20190125,2019,Q1,1,Jan,2019-01,4,Fri
2019-01-26,20190126,2019,Q1,1,Jan,2019-01,4,Sat
2019-01-27,20190127,2019,Q1,1,Jan,2019-01,4,Sun
2019-01-28,20190128,2019,Q1,1,Jan,2019-01,5,Mon
2019-01-29,20190129,2019,Q1,1,Jan,2019-01,5,Tue
2019-01-30,20190130,2019,Q1,1,Jan,2019-01,5,Wed
2019-01-31,20190131,2019,Q1,1,Jan,2019-01,5,Thu
2019-02-01,20190201,2019,Q1,2,Feb,2019-02,5,Fri
2019-02-02,20190202,2019,Q1,2,Feb,2019-02,5,Sat
2019-02-03,20190203,2019,Q1,2,Feb,2019-02,5,Sun
2019-02-04,20190204,2019,Q1,2,Feb,2019-02,6,Mon
2019-02-05,20190205,2019,Q1,2,Feb,2019-02,6,Tue
2019-02-06,20190206,2019,Q1,2,Feb,2019-02,6,Wed
2019-02-07,20190207,2019,Q1,2,Feb,2019-02,6,Thu
2019-02-08,20190208,2019,Q1,2,Feb,2019-02,6,Fri
2019-02-09,20190209,2019,Q1,2,Feb,2019-02,6,Sat
2019-02-10,20190210,2019,Q1,2,Feb,2019-02,6,Sun
2019-02-11,20190211,2019,Q1,2,Feb,2019-02,7,Mon
2019-02-12,20190212,2019,Q1,2,Feb,2019-02,7,Tue
2019-02-13,20190213,2019,Q1,2,Feb,2019-02,7,Wed
2019-02-14,20190214,2019,Q1,2,Feb,2019-02,7,Thu
2019-02-15,20190215,2019,Q1,2,Feb,2019-02,7,Fri
2019-02-16,20190216,2019,Q1,2,Feb,2019-02,7,Sat
2019-02-17,20190217,2019,Q1,2,Feb,2019-02,7,Sun
2019-02-18,20190218,2019,Q1,2,Feb,2019-02,8,Mon
2019-02-19,20190219,2019,Q1,2,Feb,2019-02,8,Tue
2019-02-20,20190220,2019,Q1,2,Feb,2019-02,8,Wed
2019-02-21,20190221,2019,Q1,2,Feb,2019-02,8,Thu
2019-02-22,20190222,2019,Q1,2,Feb,2019-02,8,Fri
2019-02-23,20190223,2019,Q1,2,Feb,2019-02,8,Sat
2019-02-24,20190224,2019,Q1,2,Feb,2019-02,8,Sun
2019-02-25,20190225,2019,Q1,2,Feb,2019-02,9,Mon
2019-02-26,20190226,2019,Q1,2,Feb,2019-02,9,Tue
2019-02-27,20190227,2019,Q1,2,Feb,2019-02,9,Wed
2019-02-28,20190228,2019,Q1,2,Feb,2019-02,9,Thu
2019-03-01,20190301,2019,Q1,3,Mar,2019-03,9,Fri
2019-03-02,20190302,2019,Q1,3,Mar,2019-03,9,Sat
2019-03-03,20190303,2019,Q1,3,Mar,2019-03,9,Sun
2019-03-04,20190304,2019,Q1,3,Mar,2019-03,10,Mon
2019-03-05,20190305,2019,Q1,3,Mar,2019-03,10,Tue
2019-03-06,20190306,2019,Q1,3,Mar,2019-03,10,Wed
2019-03-07,20190307,2019,Q1,3,Mar,2019-03,10,Thu
2019-03-08,20190308,2019,Q1,3,Mar,2019-03,10,Fri
2019-03-09,20190309,2019,Q1,3,Mar,2019-03,10,Sat
2019-03-10,20190310,2019,Q1,3,Mar,2019-03,10,Sun
2019-03-11,20190311,2019,Q1,3,Mar,2019-03,11,Mon
2019-03-12,20190312,2019,Q1,3,Mar,2019-03,11,Tue
2019-03-13,20190313,2019,Q1,3,Mar,2019-03,11,Wed
2019-03-14,20190314,2019,Q1,3,Mar,2019-03,11,Thu
2019-03-15,20190315,2019,Q1,3,Mar,2019-03,11,Fri
2019-03-16,20190316,2019,Q1,3,Mar,2019-03,11,Sat
2019-03-17,20190317,2019,Q1,3,Mar,2019-03,11,Sun
2019-03-18,20190318,2019,Q1,3,Mar,2019-03,12,Mon
2019-03-19,20190319,2019,Q1,3,Mar,2019-03,12,Tue
2019-03-20,20190320,2019,Q1,3,Mar,2019-03,12,Wed
2019-03-21,20190321,2019,Q1,3,Mar,2019-03,12,Thu
2019-03-22,20190322,2019,Q1,3,Mar,2019-03,12,Fri
2019-03-23,20190323,2019,Q1,3,Mar,2019-03,12,Sat
2019-03-24,20190324,2019,Q1,3,Mar,2019-03,12,Sun
2019-03-25,20190325,2019,Q1,3,Mar,2019-03,13,Mon
2019-03-26,20190326,2019,Q1,3,Mar,2019-03,13,Tue
2019-03-27,20190327,2019,Q1,3,Mar,2019-03,13,Wed
2019-03-28,20190328,2019,Q1,3,Mar,2019-03,13,Thu
2019-03-29,20190329,2019,Q1,3,Mar,2019-03,13,Fri
2019-03-30,20190330,2019,Q1,3,Mar,2019-03,13,Sat
2019-03-31,20190331,2019,Q1,3,Mar,2019-03,13,Sun
2019-04-01,20190401,2019,Q2,4,Apr,2019-04,14,Mon
2019-04-02,20190402,2019,Q2,4,Apr,2019-04,14,Tue
2019-04-03,20190403,2019,Q2,4,Apr,2019-04,14,Wed
2019-04-04,20190404,2019,Q2,4,Apr,2019-04,14,Thu
2019-04-05,20190405,2019,Q2,4,Apr,2019-04,14,Fri
2019-04-06,20190406,2019,Q2,4,Apr,2019-04,14,Sat
2019-04-07,20190407,2019,Q2,4,Apr,2019-04,14,Sun
2019-04-08,20190408,2019,Q2,4,Apr,2019-04,15,Mon
2019-04-09,20190409,2019,Q2,4,Apr,2019-04,15,Tue
2019-04-10,20190410,2019,Q2,4,Apr,2019-04,15,Wed
2019-04-11,20190411,2019,Q2,4,Apr,2019-04,15,Thu
2019-04-12,20190412,2019,Q2,4,Apr,2019-04,15,Fri
2019-04-13,20190413,2019,Q2,4,Apr,2019-04,15,Sat
2019-04-14,20190414,2019,Q2,4,Apr,2019-04,15,Sun
2019-04-15,20190415,2019,Q2,4,Apr,2019-04,16,Mon
2019-04-16,20190416,2019,Q2,4,Apr,2019-04,16,Tue
2019-04-17,20190417,2019,Q2,4,Apr,2019-04,16,Wed
2019-04-18,20190418,2019,Q2,4,Apr,2019-04,16,Thu
2019-04-19,20190419,2019,Q2,4,Apr,2019-04,16,Fri
2019-04-20,20190420,2019,Q2,4,Apr,2019-04,16,Sat
2019-04-21,20190421,2019,Q2,4,Apr,2019-04,16,Sun
2019-04-22,20190422,2019,Q2,4,Apr,2019-04,17,Mon
2019-04-23,20190423,2019,Q2,4,Apr,2019-04,17,Tue
2019-04-24,20190424,2019,Q2,4,Apr,2019-04,17,Wed
2019-04-25,20190425,2019,Q2,4,Apr,2019-04,17,Thu
2019-04-26,20190426,2019,Q2,4,Apr,2019-04,17,Fri
2019-04-27,20190427,2019,Q2,4,Apr,2019-04,17,Sat
2019-04-28,20190428,2019,Q2,4,Apr,2019-04,17,Sun
2019-04-29,20190429,2019,Q2,4,Apr,2019-04,18,Mon
2019-04-30,20190430,2019,Q2,4,Apr,2019-04,18,Tue
2019-05-01,20190501,2019,Q2,5,May,2019-05,18,Wed
2019-05-02,20190502,2019,Q2,5,May,2019-05,18,Thu
2019-05-03,20190503,2019,Q2,5,May,2019-05,18,Fri
2019-05-04,20190504,2019,Q2,5,May,2019-05,18,Sat
2019-05-05,20190505,2019,Q2,5,May,2019-05,18,Sun
2019-05-06,20190506,2019,Q2,5,May,2019-05,19,Mon
2019-05-07,20190507,2019,Q2,5,May,2019-05,19,Tue
2019-05-08,20190508,2019,Q2,5,May,2019-05,19,Wed
2019-05-09,20190509,2019,Q2,5,May,2019-05,19,Thu
2019-05-10,20190510,2019,Q2,5,May,2019-05,19,Fri
2019-05-11,20190511,2019,Q2,5,May,2019-05,19,Sat
2019-05-12,20190512,2019,Q2,5,May,2019-05,19,Sun
2019-05-13,20190513,2019,Q2,5,May,2019-05,20,Mon
2019-05-14,20190514,2019,Q2,5,May,2019-05,20,Tue
2019-05-15,20190515,2019,Q2,5,May,2019-05,20,Wed
2019-05-16,20190516,2019,Q2,5,May,2019-05,20,Thu
2019-05-17,20190517,2019,Q2,5,May,2019-05,20,Fri
2019-05-18,20190518,2019,Q2,5,May,2019-05,20,Sat
2019-05-19,20190519,2019,Q2,5,May,2019-05,20,Sun
2019-05-20,20190520,2019,Q2,5,May,2019-05,21,Mon
2019-05-21,20190521,2019,Q2,5,May,2019-05,21,Tue
2019-05-22,20190522,2019,Q2,5,May,2019-05,21,Wed
2019-05-23,20190523,2019,Q2,5,May,2019-05,21,Thu
2019-05-24,20190524,2019,Q2,5,May,2019-05,21,Fri
2019-05-25,20190525,2019,Q2,5,May,2019-05,21,Sat
2019-05-26,20190526,2019,Q2,5,May,2019-05,21,Sun
2019-05-27,20190527,2019,Q2,5,May,2019-05,22,Mon
2019-05-28,20190528,2019,Q2,5,May,2019-05,22,Tue
2019-05-29,20190529,2019,Q2,5,May,2019-05,22,Wed
2019-05-30,20190530,2019,Q2,5,May,2019-05,22,Thu
2019-05-31,20190531,2019,Q2,5,May,2019-05,22,Fri
2019-06-01,20190601,2019,Q2,6,Jun,2019-06,22,Sat
2019-06-02,20190602,2019,Q2,6,Jun,2019-06,22,Sun
2019-06-03,20190603,2019,Q2,6,Jun,2019-06,23,Mon
2019-06-04,20190604,2019,Q2,6,Jun,2019-06,23,Tue
2019-06-05,20190605,2019,Q2,6,Jun,2019-06,23,Wed
2019-06-06,20190606,2019,Q2,6,Jun,2019-06,23,Thu
2019-06-07,20190607,2019,Q2,6,Jun,2019-06,23,Fri
2019-06-08,20190608,2019,Q2,6,Jun,2019-06,23,Sat
2019-06-09,20190609,2019,Q2,6,Jun,2019-06,23,Sun
2019-06-10,20190610,2019,Q2,6,Jun,2019-06,24,Mon
2019-06-11,20190611,2019,Q2,6,Jun,2019-06,24,Tue
2019-06-12,20190612,2019,Q2,6,Jun,2019-06,24,Wed
2019-06-13,20190613,2019,Q2,6,Jun,2019-06,24,Thu
2019-06-14,20190614,2019,Q2,6,Jun,2019-06,24,Fri
2019-06-15,20190615,2019,Q2,6,Jun,2019-06,24,Sat
2019-06-16,20190616,2019,Q2,6,Jun,2019-06,24,Sun
2019-06-17,20190617,2019,Q2,6,Jun,2019-06,25,Mon
2019-06-18,20190618,2019,Q2,6,Jun,2019-06,25,Tue
2019-06-19,20190619,2019,Q2,6,Jun,2019-06,25,Wed
2019-06-20,20190620,2019,Q2,6,Jun,2019-06,25,Thu
2019-06-21,20190621,2019,Q2,6,Jun,2019-06,25,Fri
2019-06-22,20190622,2019,Q2,6,Jun,2019-06,25,Sat
2019-06-23,20190623,2019,Q2,6,Jun,2019-06,25,Sun
2019-06-24,20190624,2019,Q2,6,Jun,2019-06,26,Mon
2019-06-25,20190625,2019,Q2,6,Jun,2019-06,26,Tue
2019-06-26,20190626,2019,Q2,6,Jun,2019-06,26,Wed
2019-06-27,20190627,2019,Q2,6,Jun,2019-06,26,Thu
2019-06-28,20190628,2019,Q2,6,Jun,2019-06,26,Fri
2019-06-29,20190629,2019,Q2,6,Jun,2019-06,26,Sat
2019-06-30,20190630,2019,Q2,6,Jun,2019-06,26,Sun
2019-07-01,20190701,2019,Q3,7,Jul,2019-07,27,Mon
2019-07-02,20190702,2019,Q3,7,Jul,2019-07,27,Tue
2019-07-03,20190703,2019,Q3,7,Jul,2019-07,27,Wed
2019-07-04,20190704,2019,Q3,7,Jul,2019-07,27,Thu
2019-07-05,20190705,2019,Q3,7,Jul,2019-07,27,Fri
2019-07-06,20190706,2019,Q3,7,Jul,2019-07,27,Sat
2019-07-07,20190707,2019,Q3,7,Jul,2019-07,27,Sun
2019-07-08,20190708,2019,Q3,7,Jul,2019-07,28,Mon
2019-07-09,20190709,2019,Q3,7,Jul,2019-07,28,Tue
2019-07-10,20190710,2019,Q3,7,Jul,2019-07,28,Wed
2019-07-11,20190711,2019,Q3,7,Jul,2019-07,28,Thu
2019-07-12,20190712,2019,Q3,7,Jul,2019-07,28,Fri
2019-07-13,20190713,2019,Q3,7,Jul,2019-07,28,Sat
2019-07-14,20190714,2019,Q3,7,Jul,2019-07,28,Sun
2019-07-15,20190715,2019,Q3,7,Jul,2019-07,29,Mon
2019-07-16,20190716,2019,Q3,7,Jul,2019-07,29,Tue
2019-07-17,20190717,2019,Q3,7,Jul,2019-07,29,Wed
2019-07-18,20190718,2019,Q3,7,Jul,2019-07,29,Thu
2019-07-19,20190719,2019,Q3,7,Jul,2019-07,29,Fri
2019-07-20,20190720,2019,Q3,7,Jul,2019-07,29,Sat
2019-07-21,20190721,2019,Q3,7,Jul,2019-07,29,Sun
2019-07-22,20190722,2019,Q3,7,Jul,2019-07,30,Mon
2019-07-23,20190723,2019,Q3,7,Jul,2019-07,30,Tue
2019-07-24,20190724,2019,Q3,7,Jul,2019-07,30,Wed
2019-07-25,20190725,2019,Q3,7,Jul,2019-07,30,Thu
2019-07-26,20190726,2019,Q3,7,Jul,2019-07,30,Fri
2019-07-27,20190727,2019,Q3,7,Jul,2019-07,30,Sat
2019-07-28,20190728,2019,Q3,7,Jul,2019-07,30,Sun
2019-07-29,20190729,2019,Q3,7,Jul,2019-07,31,Mon
2019-07-30,20190730,2019,Q3,7,Jul,2019-07,31,Tue
2019-07-31,20190731,2019,Q3,7,Jul,2019-07,31,Wed
2019-08-01,20190801,2019,Q3,8,Aug,2019-08,31,Thu
2019-08-02,20190802,2019,Q3,8,Aug,2019-08,31,Fri
2019-08-03,20190803,2019,Q3,8,Aug,2019-08,31,Sat
2019-08-04,20190804,2019,Q3,8,Aug,2019-08,31,Sun
2019-08-05,20190805,2019,Q3,8,Aug,2019-08,32,Mon
2019-08-06,20190806,2019,Q3,8,Aug,2019-08,32,Tue
2019-08-07,20190807,2019,Q3,8,Aug,2019-08,32,Wed
2019-08-08,20190808,2019,Q3,8,Aug,2019-08,32,Thu
2019-08-09,20190809,2019,Q3,8,Aug,2019-08,32,Fri
2019-08-10,20190810,2019,Q3,8,Aug,2019-08,32,Sat
2019-08-11,20190811,2019,Q3,8,Aug,2019-08,32,Sun
2019-08-12,20190812,2019,Q3,8,Aug,2019-08,33,Mon
2019-08-13,20190813,2019,Q3,8,Aug,2019-08,33,Tue
2019-08-14,20190814,2019,Q3,8,Aug,2019-08,33,Wed
2019-08-15,20190815,2019,Q3,8,Aug,2019-08,33,Thu
2019-08-16,20190816,2019,Q3,8,Aug,2019-08,33,Fri
2019-08-17,20190817,2019,Q3,8,Aug,2019-08,33,Sat
2019-08-18,20190818,2019,Q3,8,Aug,2019-08,33,Sun
2019-08-19,20190819,2019,Q3,8,Aug,2019-08,34,Mon
2019-08-20,20190820,2019,Q3,8,Aug,2019-08,34,Tue
2019-08-21,20190821,2019,Q3,8,Aug,2019-08,34,Wed
2019-08-22,20190822,2019,Q3,8,Aug,2019-08,34,Thu
2019-08-23,20190823,2019,Q3,8,Aug,2019-08,34,Fri
2019-08-24,20190824,2019,Q3,8,Aug,2019-08,34,Sat
2019-08-25,20190825,2019,Q3,8,Aug,2019-08,34,Sun
2019-08-26,20190826,2019,Q3,8,Aug,2019-08,35,Mon
2019-08-27,20190827,2019,Q3,8,Aug,2019-08,35,Tue
2019-08-28,20190828,2019,Q3,8,Aug,2019-08,35,Wed
2019-08-29,20190829,2019,Q3,8,Aug,2019-08,35,Thu
2019-08-30,20190830,2019,Q3,8,Aug,2019-08,35,Fri
2019-08-31,20190831,2019,Q3,8,Aug,2019-08,35,Sat
2019-09-01,20190901,2019,Q3,9,Sep,2019-09,35,Sun
2019-09-02,20190902,2019,Q3,9,Sep,2019-09,36,Mon
2019-09-03,20190903,2019,Q3,9,Sep,2019-09,36,Tue
2019-09-04,20190904,2019,Q3,9,Sep,2019-09,36,Wed
2019-09-05,20190905,2019,Q3,9,Sep,2019-09,36,Thu
2019-09-06,20190906,2019,Q3,9,Sep,2019-09,36,Fri
2019-09-07,20190907,2019,Q3,9,Sep,2019-09,36,Sat
2019-09-08,20190908,2019,Q3,9,Sep,2019-09,36,Sun
2019-09-09,20190909,2019,Q3,9,Sep,2019-09,37,Mon
2019-09-10,20190910,2019,Q3,9,Sep,2019-09,37,Tue
2019-09-11,20190911,2019,Q3,9,Sep,2019-09,37,Wed
2019-09-12,20190912,2019,Q3,9,Sep,2019-09,37,Thu
2019-09-13,20190913,2019,Q3,9,Sep,2019-09,37,Fri
2019-09-14,20190914,2019,Q3,9,Sep,2019-09,37,Sat
2019-09-15,20190915,2019,Q3,9,Sep,2019-09,37,Sun
2019-09-16,20190916,2019,Q3,9,Sep,2019-09,38,Mon
2019-09-17,20190917,2019,Q3,9,Sep,2019-09,38,Tue
2019-09-18,20190918,2019,Q3,9,Sep,2019-09,38,Wed
2019-09-19,20190919,2019,Q3,9,Sep,2019-09,38,Thu
2019-09-20,20190920,2019,Q3,9,Sep,2019-09,38,Fri
2019-09-21,20190921,2019,Q3,9,Sep,2019-09,38,Sat
2019-09-22,20190922,2019,Q3,9,Sep,2019-09,38,Sun
2019-09-23,20190923,2019,Q3,9,Sep,2019-09,39,Mon
2019-09-24,20190924,2019,Q3,9,Sep,2019-09,39,Tue
2019-09-25,20190925,2019,Q3,9,Sep,2019-09,39,Wed
2019-09-26,20190926,2019,Q3,9,Sep,2019-09,39,Thu
2019-09-27,20190927,2019,Q3,9,Sep,2019-09,39,Fri
2019-09-28,20190928,2019,Q3,9,Sep,2019-09,39,Sat
2019-09-29,20190929,2019,Q3,9,Sep,2019-09,39,Sun
2019-09-30,20190930,2019,Q3,9,Sep,2019-09,40,Mon
2019-10-01,20191001,2019,Q4,10,Oct,2019-10,40,Tue
2019-10-02,20191002,2019,Q4,10,Oct,2019-10,40,Wed
2019-10-03,20191003,2019,Q4,10,Oct,2019-10,40,Thu
2019-10-04,20191004,2019,Q4,10,Oct,2019-10,40,Fri
2019-10-05,20191005,2019,Q4,10,Oct,2019-10,40,Sat
2019-10-06,20191006,2019,Q4,10,Oct,2019-10,40,Sun
2019-10-07,20191007,2019,Q4,10,Oct,2019-10,41,Mon
2019-10-08,20191008,2019,Q4,10,Oct,2019-10,41,Tue
2019-10-09,20191009,2019,Q4,10,Oct,2019-10,41,Wed
2019-10-10,20191010,2019,Q4,10,Oct,2019-10,41,Thu
2019-10-11,20191011,2019,Q4,10,Oct,2019-10,41,Fri
2019-10-12,20191012,2019,Q4,10,Oct,2019-10,41,Sat
2019-10-13,20191013,2019,Q4,10,Oct,2019-10,41,Sun
2019-10-14,20191014,2019,Q4,10,Oct,2019-10,42,Mon
2019-10-15,20191015,2019,Q4,10,Oct,2019-10,42,Tue
2019-10-16,20191016,2019,Q4,10,Oct,2019-10,42,Wed
2019-10-17,20191017,2019,Q4,10,Oct,2019-10,42,Thu
2019-10-18,20191018,2019,Q4,10,Oct,2019-10,42,Fri
2019-10-19,20191019,2019,Q4,10,Oct,2019-10,42,Sat
2019-10-20,20191020,2019,Q4,10,Oct,2019-10,42,Sun
2019-10-21,20191021,2019,Q4,10,Oct,2019-10,43,Mon
2019-10-22,20191022,2019,Q4,10,Oct,2019-10,43,Tue
2019-10-23,20191023,2019,Q4,10,Oct,2019-10,43,Wed
2019-10-24,20191024,2019,Q4,10,Oct,2019-10,43,Thu
2019-10-25,20191025,2019,Q4,10,Oct,2019-10,43,Fri
2019-10-26,20191026,2019,Q4,10,Oct,2019-10,43,Sat
2019-10-27,20191027,2019,Q4,10,Oct,2019-10,43,Sun
2019-10-28,20191028,2019,Q4,10,Oct,2019-10,44,Mon
2019-10-29,20191029,2019,Q4,10,Oct,2019-10,44,Tue
2019-10-30,20191030,2019,Q4,10,Oct,2019-10,44,Wed
2019-10-31,20191031,2019,Q4,10,Oct,2019-10,44,Thu
2019-11-01,20191101,2019,Q4,11,Nov,2019-11,44,Fri
2019-11-02,20191102,2019,Q4,11,Nov,2019-11,44,Sat
2019-11-03,20191103,2019,Q4,11,Nov,2019-11,44,Sun
2019-11-04,20191104,2019,Q4,11,Nov,2019-11,45,Mon
2019-11-05,20191105,2019,Q4,11,Nov,2019-11,45,Tue
2019-11-06,20191106,2019,Q4,11,Nov,2019-11,45,Wed
2019-11-07,20191107,2019,Q4,11,Nov,2019-11,45,Thu
2019-11-08,20191108,2019,Q4,11,Nov,2019-11,45,Fri
2019-11-09,20191109,2019,Q4,11,Nov,2019-11,45,Sat
2019-11-10,20191110,2019,Q4,11,Nov,2019-11,45,Sun
2019-11-11,20191111,2019,Q4,11,Nov,2019-11,46,Mon
2019-11-12,20191112,2019,Q4,11,Nov,2019-11,46,Tue
2019-11-13,20191113,2019,Q4,11,Nov,2019-11,46,Wed
2019-11-14,20191114,2019,Q4,11,Nov,2019-11,46,Thu
2019-11-15,20191115,2019,Q4,11,Nov,2019-11,46,Fri
2019-11-16,20191116,2019,Q4,11,Nov,2019-11,46,Sat
2019-11-17,20191117,2019,Q4,11,Nov,2019-11,46,Sun
2019-11-18,20191118,2019,Q4,11,Nov,2019-11,47,Mon
2019-11-19,20191119,2019,Q4,11,Nov,2019-11,47,Tue
2019-11-20,20191120,2019,Q4,11,Nov,2019-11,47,Wed
2019-11-21,20191121,2019,Q4,11,Nov,2019-11,47,Thu
2019-11-22,20191122,2019,Q4,11,Nov,2019-11,47,Fri
2019-11-23,20191123,2019,Q4,11,Nov,2019-11,47,Sat
2019-11-24,20191124,2019,Q4,11,Nov,2019-11,47,Sun
2019-11-25,20191125,2019,Q4,11,Nov,2019-11,48,Mon
2019-11-26,20191126,2019,Q4,11,Nov,2019-11,48,Tue
2019-11-27,20191127,2019,Q4,11,Nov,2019-11,48,Wed
2019-11-28,20191128,2019,Q4,11,Nov,2019-11,48,Thu
2019-11-29,20191129,2019,Q4,11,Nov,2019-11,48,Fri
2019-11-30,20191130,2019,Q4,11,Nov,2019-11,48,Sat
2019-12-01,20191201,2019,Q4,12,Dec,2019-12,48,Sun
2019-12-02,20191202,2019,Q4,12,Dec,2019-12,49,Mon
2019-12-03,20191203,2019,Q4,12,Dec,2019-12,49,Tue
2019-12-04,20191204,2019,Q4,12,Dec,2019-12,49,Wed
2019-12-05,20191205,2019,Q4,12,Dec,2019-12,49,Thu
2019-12-06,20191206,2019,Q4,12,Dec,2019-12,49,Fri
2019-12-07,20191207,2019,Q4,12,Dec,2019-12,49,Sat
2019-12-08,20191208,2019,Q4,12,Dec,2019-12,49,Sun
2019-12-09,20191209,2019,Q4,12,Dec,2019-12,50,Mon
2019-12-10,20191210,2019,Q4,12,Dec,2019-12,50,Tue
2019-12-11,20191211,2019,Q4,12,Dec,2019-12,50,Wed
2019-12-12,20191212,2019,Q4,12,Dec,2019-12,50,Thu
2019-12-13,20191213,2019,Q4,12,Dec,2019-12,50,Fri
2019-12-14,20191214,2019,Q4,12,Dec,2019-12,50,Sat
2019-12-15,20191215,2019,Q4,12,Dec,2019-12,50,Sun
2019-12-16,20191216,2019,Q4,12,Dec,2019-12,51,Mon
2019-12-17,20191217,2019,Q4,12,Dec,2019-12,51,Tue
2019-12-18,20191218,2019,Q4,12,Dec,2019-12,51,Wed
2019-12-19,20191219,2019,Q4,12,Dec,2019-12,51,Thu
2019-12-20,20191220,2019,Q4,12,Dec,2019-12,51,Fri
2019-12-21,20191221,2019,Q4,12,Dec,2019-12,51,Sat
2019-12-22,20191222,2019,Q4,12,Dec,2019-12,51,Sun
2019-12-23,20191223,2019,Q4,12,Dec,2019-12,52,Mon
2019-12-24,20191224,2019,Q4,12,Dec,2019-12,52,Tue
2019-12-25,20191225,2019,Q4,12,Dec,2019-12,52,Wed
2019-12-26,20191226,2019,Q4,12,Dec,2019-12,52,Thu
2019-12-27,20191227,2019,Q4,12,Dec,2019-12,52,Fri
2019-12-28,20191228,2019,Q4,12,Dec,2019-12,52,Sat
2019-12-29,20191229,2019,Q4,12,Dec,2019-12,52,Sun
2019-12-30,20191230,2019,Q4,12,Dec,2019-12,1,Mon
2019-12-31,20191231,2019,Q4,12,Dec,2019-12,1,Tue
2020-01-01,20200101,2020,Q1,1,Jan,2020-01,1,Wed
2020-01-02,20200102,2020,Q1,1,Jan,2020-01,1,Thu
2020-01-03,20200103,2020,Q1,1,Jan,2020-01,1,Fri
2020-01-04,20200104,2020,Q1,1,Jan,2020-01,1,Sat
2020-01-05,20200105,2020,Q1,1,Jan,2020-01,1,Sun
2020-01-06,20200106,2020,Q1,1,Jan,2020-01,2,Mon
2020-01-07,20200107,2020,Q1,1,Jan,2020-01,2,Tue
2020-01-08,20200108,2020,Q1,1,Jan,2020-01,2,Wed
2020-01-09,20200109,2020,Q1,1,Jan,2020-01,2,Thu
2020-01-10,20200110,2020,Q1,1,Jan,2020-01,2,Fri
2020-01-11,20200111,2020,Q1,1,Jan,2020-01,2,Sat
2020-01-12,20200112,2020,Q1,1,Jan,2020-01,2,Sun
2020-01-13,20200113,2020,Q1,1,Jan,2020-01,3,Mon
2020-01-14,20200114,2020,Q1,1,Jan,2020-01,3,Tue
2020-01-15,20200115,2020,Q1,1,Jan,2020-01,3,Wed
2020-01-16,20200116,2020,Q1,1,Jan,2020-01,3,Thu
2020-01-17,20200117,2020,Q1,1,Jan,2020-01,3,Fri
2020-01-18,20200118,2020,Q1,1,Jan,2020-01,3,Sat
2020-01-19,20200119,2020,Q1,1,Jan,2020-01,3,Sun
2020-01-20,20200120,2020,Q1,1,Jan,2020-01,4,Mon
2020-01-21,20200121,2020,Q1,1,Jan,2020-01,4,Tue
2020-01-22,20200122,2020,Q1,1,Jan,2020-01,4,Wed
2020-01-23,20200123,2020,Q1,1,Jan,2020-01,4,Thu
2020-01-24,20200124,2020,Q1,1,Jan,2020-01,4,Fri
2020-01-25,20200125,2020,Q1,1,Jan,2020-01,4,Sat
2020-01-26,20200126,2020,Q1,1,Jan,2020-01,4,Sun
2020-01-27,20200127,2020,Q1,1,Jan,2020-01,5,Mon
2020-01-28,20200128,2020,Q1,1,Jan,2020-01,5,Tue
2020-01-29,20200129,2020,Q1,1,Jan,2020-01,5,Wed
2020-01-30,20200130,2020,Q1,1,Jan,2020-01,5,Thu
2020-01-31,20200131,2020,Q1,1,Jan,2020-01,5,Fri
2020-02-01,20200201,2020,Q1,2,Feb,2020-02,5,Sat
2020-02-02,20200202,2020,Q1,2,Feb,2020-02,5,Sun
2020-02-03,20200203,2020,Q1,2,Feb,2020-02,6,Mon
2020-02-04,20200204,2020,Q1,2,Feb,2020-02,6,Tue
2020-02-05,20200205,2020,Q1,2,Feb,2020-02,6,Wed
2020-02-06,20200206,2020,Q1,2,Feb,2020-02,6,Thu
2020-02-07,20200207,2020,Q1,2,Feb,2020-02,6,Fri
2020-02-08,20200208,2020,Q1,2,Feb,2020-02,6,Sat
2020-02-09,20200209,2020,Q1,2,Feb,2020-02,6,Sun
2020-02-10,20200210,2020,Q1,2,Feb,2020-02,7,Mon
2020-02-11,20200211,2020,Q1,2,Feb,2020-02,7,Tue
2020-02-12,20200212,2020,Q1,2,Feb,2020-02,7,Wed
2020-02-13,20200213,2020,Q1,2,Feb,2020-02,7,Thu
2020-02-14,20200214,2020,Q1,2,Feb,2020-02,7,Fri
2020-02-15,20200215,2020,Q1,2,Feb,2020-02,7,Sat
2020-02-16,20200216,2020,Q1,2,Feb,2020-02,7,Sun
2020-02-17,20200217,2020,Q1,2,Feb,2020-02,8,Mon
2020-02-18,20200218,2020,Q1,2,Feb,2020-02,8,Tue
2020-02-19,20200219,2020,Q1,2,Feb,2020-02,8,Wed
2020-02-20,20200220,2020,Q1,2,Feb,2020-02,8,Thu
2020-02-21,20200221,2020,Q1,2,Feb,2020-02,8,Fri
2020-02-22,20200222,2020,Q1,2,Feb,2020-02,8,Sat
2020-02-23,20200223,2020,Q1,2,Feb,2020-02,8,Sun
2020-02-24,20200224,2020,Q1,2,Feb,2020-02,9,Mon
2020-02-25,20200225,2020,Q1,2,Feb,2020-02,9,Tue
2020-02-26,20200226,2020,Q1,2,Feb,2020-02,9,Wed
2020-02-27,20200227,2020,Q1,2,Feb,2020-02,9,Thu
2020-02-28,20200228,2020,Q1,2,Feb,2020-02,9,Fri
2020-02-29,20200229,2020,Q1,2,Feb,2020-02,9,Sat
2020-03-01,20200301,2020,Q1,3,Mar,2020-03,9,Sun
2020-03-02,20200302,2020,Q1,3,Mar,2020-03,10,Mon
2020-03-03,20200303,2020,Q1,3,Mar,2020-03,10,Tue
2020-03-04,20200304,2020,Q1,3,Mar,2020-03,10,Wed
2020-03-05,20200305,2020,Q1,3,Mar,2020-03,10,Thu
2020-03-06,20200306,2020,Q1,3,Mar,2020-03,10,Fri
2020-03-07,20200307,2020,Q1,3,Mar,2020-03,10,Sat
2020-03-08,20200308,2020,Q1,3,Mar,2020-03,10,Sun
2020-03-09,20200309,2020,Q1,3,Mar,2020-03,11,Mon
2020-03-10,20200310,2020,Q1,3,Mar,2020-03,11,Tue
2020-03-11,20200311,2020,Q1,3,Mar,2020-03,11,Wed
2020-03-12,20200312,2020,Q1,3,Mar,2020-03,11,Thu
2020-03-13,20200313,2020,Q1,3,Mar,2020-03,11,Fri
2020-03-14,20200314,2020,Q1,3,Mar,2020-03,11,Sat
2020-03-15,20200315,2020,Q1,3,Mar,2020-03,11,Sun
2020-03-16,20200316,2020,Q1,3,Mar,2020-03,12,Mon
2020-03-17,20200317,2020,Q1,3,Mar,2020-03,12,Tue
2020-03-18,20200318,2020,Q1,3,Mar,2020-03,12,Wed
2020-03-19,20200319,2020,Q1,3,Mar,2020-03,12,Thu
2020-03-20,20200320,2020,Q1,3,Mar,2020-03,12,Fri
2020-03-21,20200321,2020,Q1,3,Mar,2020-03,12,Sat
2020-03-22,20200322,2020,Q1,3,Mar,2020-03,12,Sun
2020-03-23,20200323,2020,Q1,3,Mar,2020-03,13,Mon
2020-03-24,20200324,2020,Q1,3,Mar,2020-03,13,Tue
2020-03-25,20200325,2020,Q1,3,Mar,2020-03,13,Wed
2020-03-26,20200326,2020,Q1,3,Mar,2020-03,13,Thu
2020-03-27,20200327,2020,Q1,3,Mar,2020-03,13,Fri
2020-03-28,20200328,2020,Q1,3,Mar,2020-03,13,Sat
2020-03-29,20200329,2020,Q1,3,Mar,2020-03,13,Sun
2020-03-30,20200330,2020,Q1,3,Mar,2020-03,14,Mon
2020-03-31,20200331,2020,Q1,3,Mar,2020-03,14,Tue
2020-04-01,20200401,2020,Q2,4,Apr,2020-04,14,Wed
2020-04-02,20200402,2020,Q2,4,Apr,2020-04,14,Thu
2020-04-03,20200403,2020,Q2,4,Apr,2020-04,14,Fri
2020-04-04,20200404,2020,Q2,4,Apr,2020-04,14,Sat
2020-04-05,20200405,2020,Q2,4,Apr,2020-04,14,Sun
2020-04-06,20200406,2020,Q2,4,Apr,2020-04,15,Mon
2020-04-07,20200407,2020,Q2,4,Apr,2020-04,15,Tue
2020-04-08,20200408,2020,Q2,4,Apr,2020-04,15,Wed
2020-04-09,20200409,2020,Q2,4,Apr,2020-04,15,Thu
2020-04-10,20200410,2020,Q2,4,Apr,2020-04,15,Fri
2020-04-11,20200411,2020,Q2,4,Apr,2020-04,15,Sat
2020-04-12,20200412,2020,Q2,4,Apr,2020-04,15,Sun
2020-04-13,20200413,2020,Q2,4,Apr,2020-04,16,Mon
2020-04-14,20200414,2020,Q2,4,Apr,2020-04,16,Tue
2020-04-15,20200415,2020,Q2,4,Apr,2020-04,16,Wed
2020-04-16,20200416,2020,Q2,4,Apr,2020-04,16,Thu
2020-04-17,20200417,2020,Q2,4,Apr,2020-04,16,Fri
2020-04-18,20200418,2020,Q2,4,Apr,2020-04,16,Sat
2020-04-19,20200419,2020,Q2,4,Apr,2020-04,16,Sun
2020-04-20,20200420,2020,Q2,4,Apr,2020-04,17,Mon
2020-04-21,20200421,2020,Q2,4,Apr,2020-04,17,Tue
2020-04-22,20200422,2020,Q2,4,Apr,2020-04,17,Wed
2020-04-23,20200423,2020,Q2,4,Apr,2020-04,17,Thu
2020-04-24,20200424,2020,Q2,4,Apr,2020-04,17,Fri
2020-04-25,20200425,2020,Q2,4,Apr,2020-04,17,Sat
2020-04-26,20200426,2020,Q2,4,Apr,2020-04,17,Sun
2020-04-27,20200427,2020,Q2,4,Apr,2020-04,18,Mon
2020-04-28,20200428,2020,Q2,4,Apr,2020-04,18,Tue
2020-04-29,20200429,2020,Q2,4,Apr,2020-04,18,Wed
2020-04-30,20200430,2020,Q2,4,Apr,2020-04,18,Thu
2020-05-01,20200501,2020,Q2,5,May,2020-05,18,Fri
2020-05-02,20200502,2020,Q2,5,May,2020-05,18,Sat
2020-05-03,20200503,2020,Q2,5,May,2020-05,18,Sun
2020-05-04,20200504,2020,Q2,5,May,2020-05,19,Mon
2020-05-05,20200505,2020,Q2,5,May,2020-05,19,Tue
2020-05-06,20200506,2020,Q2,5,May,2020-05,19,Wed
2020-05-07,20200507,2020,Q2,5,May,2020-05,19,Thu
2020-05-08,20200508,2020,Q2,5,May,2020-05,19,Fri
2020-05-09,20200509,2020,Q2,5,May,2020-05,19,Sat
2020-05-10,20200510,2020,Q2,5,May,2020-05,19,Sun
2020-05-11,20200511,2020,Q2,5,May,2020-05,20,Mon
2020-05-12,20200512,2020,Q2,5,May,2020-05,20,Tue
2020-05-13,20200513,2020,Q2,5,May,2020-05,20,Wed
2020-05-14,20200514,2020,Q2,5,May,2020-05,20,Thu
2020-05-15,20200515,2020,Q2,5,May,2020-05,20,Fri
2020-05-16,20200516,2020,Q2,5,May,2020-05,20,Sat
2020-05-17,20200517,2020,Q2,5,May,2020-05,20,Sun
2020-05-18,20200518,2020,Q2,5,May,2020-05,21,Mon
2020-05-19,20200519,2020,Q2,5,May,2020-05,21,Tue
2020-05-20,20200520,2020,Q2,5,May,2020-05,21,Wed
2020-05-21,20200521,2020,Q2,5,May,2020-05,21,Thu
2020-05-22,20200522,2020,Q2,5,May,2020-05,21,Fri
2020-05-23,20200523,2020,Q2,5,May,2020-05,21,Sat
2020-05-24,20200524,2020,Q2,5,May,2020-05,21,Sun
2020-05-25,20200525,2020,Q2,5,May,2020-05,22,Mon
2020-05-26,20200526,2020,Q2,5,May,2020-05,22,Tue
2020-05-27,20200527,2020,Q2,5,May,2020-05,22,Wed
2020-05-28,20200528,2020,Q2,5,May,2020-05,22,Thu
2020-05-29,20200529,2020,Q2,5,May,2020-05,22,Fri
2020-05-30,20200530,2020,Q2,5,May,2020-05,22,Sat
2020-05-31,20200531,2020,Q2,5,May,2020-05,22,Sun
2020-06-01,20200601,2020,Q2,6,Jun,2020-06,23,Mon
2020-06-02,20200602,2020,Q2,6,Jun,2020-06,23,Tue
2020-06-03,20200603,2020,Q2,6,Jun,2020-06,23,Wed
2020-06-04,20200604,2020,Q2,6,Jun,2020-06,23,Thu
2020-06-05,20200605,2020,Q2,6,Jun,2020-06,23,Fri
2020-06-06,20200606,2020,Q2,6,Jun,2020-06,23,Sat
2020-06-07,20200607,2020,Q2,6,Jun,2020-06,23,Sun
2020-06-08,20200608,2020,Q2,6,Jun,2020-06,24,Mon
2020-06-09,20200609,2020,Q2,6,Jun,2020-06,24,Tue
2020-06-10,20200610,2020,Q2,6,Jun,2020-06,24,Wed
2020-06-11,20200611,2020,Q2,6,Jun,2020-06,24,Thu
2020-06-12,20200612,2020,Q2,6,Jun,2020-06,24,Fri
2020-06-13,20200613,2020,Q2,6,Jun,2020-06,24,Sat
2020-06-14,20200614,2020,Q2,6,Jun,2020-06,24,Sun
2020-06-15,20200615,2020,Q2,6,Jun,2020-06,25,Mon
2020-06-16,20200616,2020,Q2,6,Jun,2020-06,25,Tue
2020-06-17,20200617,2020,Q2,6,Jun,2020-06,25,Wed
2020-06-18,20200618,2020,Q2,6,Jun,2020-06,25,Thu
2020-06-19,20200619,2020,Q2,6,Jun,2020-06,25,Fri
2020-06-20,20200620,2020,Q2,6,Jun,2020-06,25,Sat
2020-06-21,20200621,2020,Q2,6,Jun,2020-06,25,Sun
2020-06-22,20200622,2020,Q2,6,Jun,2020-06,26,Mon
2020-06-23,20200623,2020,Q2,6,Jun,2020-06,26,Tue
2020-06-24,20200624,2020,Q2,6,Jun,2020-06,26,Wed
2020-06-25,20200625,2020,Q2,6,Jun,2020-06,26,Thu
2020-06-26,20200626,2020,Q2,6,Jun,2020-06,26,Fri
2020-06-27,20200627,2020,Q2,6,Jun,2020-06,26,Sat
2020-06-28,20200628,2020,Q2,6,Jun,2020-06,26,Sun
2020-06-29,20200629,2020,Q2,6,Jun,2020-06,27,Mon
2020-06-30,20200630,2020,Q2,6,Jun,2020-06,27,Tue
2020-07-01,20200701,2020,Q3,7,Jul,2020-07,27,Wed
2020-07-02,20200702,2020,Q3,7,Jul,2020-07,27,Thu
2020-07-03,20200703,2020,Q3,7,Jul,2020-07,27,Fri
2020-07-04,20200704,2020,Q3,7,Jul,2020-07,27,Sat
2020-07-05,20200705,2020,Q3,7,Jul,2020-07,27,Sun
2020-07-06,20200706,2020,Q3,7,Jul,2020-07,28,Mon
2020-07-07,20200707,2020,Q3,7,Jul,2020-07,28,Tue
2020-07-08,20200708,2020,Q3,7,Jul,2020-07,28,Wed
2020-07-09,20200709,2020,Q3,7,Jul,2020-07,28,Thu
2020-07-10,20200710,2020,Q3,7,Jul,2020-07,28,Fri
2020-07-11,20200711,2020,Q3,7,Jul,2020-07,28,Sat
2020-07-12,20200712,2020,Q3,7,Jul,2020-07,28,Sun
2020-07-13,20200713,2020,Q3,7,Jul,2020-07,29,Mon
2020-07-14,20200714,2020,Q3,7,Jul,2020-07,29,Tue
2020-07-15,20200715,2020,Q3,7,Jul,2020-07,29,Wed
2020-07-16,20200716,2020,Q3,7,Jul,2020-07,29,Thu
2020-07-17,20200717,2020,Q3,7,Jul,2020-07,29,Fri
2020-07-18,20200718,2020,Q3,7,Jul,2020-07,29,Sat
2020-07-19,20200719,2020,Q3,7,Jul,2020-07,29,Sun
2020-07-20,20200720,2020,Q3,7,Jul,2020-07,30,Mon
2020-07-21,20200721,2020,Q3,7,Jul,2020-07,30,Tue
2020-07-22,20200722,2020,Q3,7,Jul,2020-07,30,Wed
2020-07-23,20200723,2020,Q3,7,Jul,2020-07,30,Thu
2020-07-24,20200724,2020,Q3,7,Jul,2020-07,30,Fri
2020-07-25,20200725,2020,Q3,7,Jul,2020-07,30,Sat
2020-07-26,20200726,2020,Q3,7,Jul,2020-07,30,Sun
2020-07-27,20200727,2020,Q3,7,Jul,2020-07,31,Mon
2020-07-28,20200728,2020,Q3,7,Jul,2020-07,31,Tue
2020-07-29,20200729,2020,Q3,7,Jul,2020-07,31,Wed
2020-07-30,20200730,2020,Q3,7,Jul,2020-07,31,Thu
2020-07-31,20200731,2020,Q3,7,Jul,2020-07,31,Fri
2020-08-01,20200801,2020,Q3,8,Aug,2020-08,31,Sat
2020-08-02,20200802,2020,Q3,8,Aug,2020-08,31,Sun
2020-08-03,20200803,2020,Q3,8,Aug,2020-08,32,Mon
2020-08-04,20200804,2020,Q3,8,Aug,2020-08,32,Tue
2020-08-05,20200805,2020,Q3,8,Aug,2020-08,32,Wed
2020-08-06,20200806,2020,Q3,8,Aug,2020-08,32,Thu
2020-08-07,20200807,2020,Q3,8,Aug,2020-08,32,Fri
2020-08-08,20200808,2020,Q3,8,Aug,2020-08,32,Sat
2020-08-09,20200809,2020,Q3,8,Aug,2020-08,32,Sun
2020-08-10,20200810,2020,Q3,8,Aug,2020-08,33,Mon
2020-08-11,20200811,2020,Q3,8,Aug,2020-08,33,Tue
2020-08-12,20200812,2020,Q3,8,Aug,2020-08,33,Wed
2020-08-13,20200813,2020,Q3,8,Aug,2020-08,33,Thu
2020-08-14,20200814,2020,Q3,8,Aug,2020-08,33,Fri
2020-08-15,20200815,2020,Q3,8,Aug,2020-08,33,Sat
2020-08-16,20200816,2020,Q3,8,Aug,2020-08,33,Sun
2020-08-17,20200817,2020,Q3,8,Aug,2020-08,34,Mon
2020-08-18,20200818,2020,Q3,8,Aug,2020-08,34,Tue
2020-08-19,20200819,2020,Q3,8,Aug,2020-08,34,Wed
2020-08-20,20200820,2020,Q3,8,Aug,2020-08,34,Thu
2020-08-21,20200821,2020,Q3,8,Aug,2020-08,34,Fri
2020-08-22,20200822,2020,Q3,8,Aug,2020-08,34,Sat
2020-08-23,20200823,2020,Q3,8,Aug,2020-08,34,Sun
2020-08-24,20200824,2020,Q3,8,Aug,2020-08,35,Mon
2020-08-25,20200825,2020,Q3,8,Aug,2020-08,35,Tue
2020-08-26,20200826,2020,Q3,8,Aug,2020-08,35,Wed
2020-08-27,20200827,2020,Q3,8,Aug,2020-08,35,Thu
2020-08-28,20200828,2020,Q3,8,Aug,2020-08,35,Fri
2020-08-29,20200829,2020,Q3,8,Aug,2020-08,35,Sat
2020-08-30,20200830,2020,Q3,8,Aug,2020-08,35,Sun
2020-08-31,20200831,2020,Q3,8,Aug,2020-08,36,Mon
2020-09-01,20200901,2020,Q3,9,Sep,2020-09,36,Tue
2020-09-02,20200902,2020,Q3,9,Sep,2020-09,36,Wed
2020-09-03,20200903,2020,Q3,9,Sep,2020-09,36,Thu
2020-09-04,20200904,2020,Q3,9,Sep,2020-09,36,Fri
2020-09-05,20200905,2020,Q3,9,Sep,2020-09,36,Sat
2020-09-06,20200906,2020,Q3,9,Sep,2020-09,36,Sun
2020-09-07,20200907,2020,Q3,9,Sep,2020-09,37,Mon
2020-09-08,20200908,2020,Q3,9,Sep,2020-09,37,Tue
2020-09-09,20200909,2020,Q3,9,Sep,2020-09,37,Wed
2020-09-10,20200910,2020,Q3,9,Sep,2020-09,37,Thu
2020-09-11,20200911,2020,Q3,9,Sep,2020-09,37,Fri
2020-09-12,20200912,2020,Q3,9,Sep,2020-09,37,Sat
2020-09-13,20200913,2020,Q3,9,Sep,2020-09,37,Sun
2020-09-14,20200914,2020,Q3,9,Sep,2020-09,38,Mon
2020-09-15,20200915,2020,Q3,9,Sep,2020-09,38,Tue
2020-09-16,20200916,2020,Q3,9,Sep,2020-09,38,Wed
2020-09-17,20200917,2020,Q3,9,Sep,2020-09,38,Thu
2020-09-18,20200918,2020,Q3,9,Sep,2020-09,38,Fri
2020-09-19,20200919,2020,Q3,9,Sep,2020-09,38,Sat
2020-09-20,20200920,2020,Q3,9,Sep,2020-09,38,Sun
2020-09-21,20200921,2020,Q3,9,Sep,2020-09,39,Mon
2020-09-22,20200922,2020,Q3,9,Sep,2020-09,39,Tue
2020-09-23,20200923,2020,Q3,9,Sep,2020-09,39,Wed
2020-09-24,20200924,2020,Q3,9,Sep,2020-09,39,Thu
2020-09-25,20200925,2020,Q3,9,Sep,2020-09,39,Fri
2020-09-26,20200926,2020,Q3,9,Sep,2020-09,39,Sat
2020-09-27,20200927,2020,Q3,9,Sep,2020-09,39,Sun
2020-09-28,20200928,2020,Q3,9,Sep,2020-09,40,Mon
2020-09-29,20200929,2020,Q3,9,Sep,2020-09,40,Tue
2020-09-30,20200930,2020,Q3,9,Sep,2020-09,40,Wed
2020-10-01,20201001,2020,Q4,10,Oct,2020-10,40,Thu
2020-10-02,20201002,2020,Q4,10,Oct,2020-10,40,Fri
2020-10-03,20201003,2020,Q4,10,Oct,2020-10,40,Sat
2020-10-04,20201004,2020,Q4,10,Oct,2020-10,40,Sun
2020-10-05,20201005,2020,Q4,10,Oct,2020-10,41,Mon
2020-10-06,20201006,2020,Q4,10,Oct,2020-10,41,Tue
2020-10-07,20201007,2020,Q4,10,Oct,2020-10,41,Wed
2020-10-08,20201008,2020,Q4,10,Oct,2020-10,41,Thu
2020-10-09,20201009,2020,Q4,10,Oct,2020-10,41,Fri
2020-10-10,20201010,2020,Q4,10,Oct,2020-10,41,Sat
2020-10-11,20201011,2020,Q4,10,Oct,2020-10,41,Sun
2020-10-12,20201012,2020,Q4,10,Oct,2020-10,42,Mon
2020-10-13,20201013,2020,Q4,10,Oct,2020-10,42,Tue
2020-10-14,20201014,2020,Q4,10,Oct,2020-10,42,Wed
2020-10-15,20201015,2020,Q4,10,Oct,2020-10,42,Thu
2020-10-16,20201016,2020,Q4,10,Oct,2020-10,42,Fri
2020-10-17,20201017,2020,Q4,10,Oct,2020-10,42,Sat
2020-10-18,20201018,2020,Q4,10,Oct,2020-10,42,Sun
2020-10-19,20201019,2020,Q4,10,Oct,2020-10,43,Mon
2020-10-20,20201020,2020,Q4,10,Oct,2020-10,43,Tue
2020-10-21,20201021,2020,Q4,10,Oct,2020-10,43,Wed
2020-10-22,20201022,2020,Q4,10,Oct,2020-10,43,Thu
2020-10-23,20201023,2020,Q4,10,Oct,2020-10,43,Fri
2020-10-24,20201024,2020,Q4,10,Oct,2020-10,43,Sat
2020-10-25,20201025,2020,Q4,10,Oct,2020-10,43,Sun
2020-10-26,20201026,2020,Q4,10,Oct,2020-10,44,Mon
2020-10-27,20201027,2020,Q4,10,Oct,2020-10,44,Tue
2020-10-28,20201028,2020,Q4,10,Oct,2020-10,44,Wed
2020-10-29,20201029,2020,Q4,10,Oct,2020-10,44,Thu
2020-10-30,20201030,2020,Q4,10,Oct,2020-10,44,Fri
2020-10-31,20201031,2020,Q4,10,Oct,2020-10,44,Sat
2020-11-01,20201101,2020,Q4,11,Nov,2020-11,44,Sun
2020-11-02,20201102,2020,Q4,11,Nov,2020-11,45,Mon
2020-11-03,20201103,2020,Q4,11,Nov,2020-11,45,Tue
2020-11-04,20201104,2020,Q4,11,Nov,2020-11,45,Wed
2020-11-05,20201105,2020,Q4,11,Nov,2020-11,45,Thu
2020-11-06,20201106,2020,Q4,11,Nov,2020-11,45,Fri
2020-11-07,20201107,2020,Q4,11,Nov,2020-11,45,Sat
2020-11-08,20201108,2020,Q4,11,Nov,2020-11,45,Sun
2020-11-09,20201109,2020,Q4,11,Nov,2020-11,46,Mon
2020-11-10,20201110,2020,Q4,11,Nov,2020-11,46,Tue
2020-11-11,20201111,2020,Q4,11,Nov,2020-11,46,Wed
2020-11-12,20201112,2020,Q4,11,Nov,2020-11,46,Thu
2020-11-13,20201113,2020,Q4,11,Nov,2020-11,46,Fri
2020-11-14,20201114,2020,Q4,11,Nov,2020-11,46,Sat
2020-11-15,20201115,2020,Q4,11,Nov,2020-11,46,Sun
2020-11-16,20201116,2020,Q4,11,Nov,2020-11,47,Mon
2020-11-17,20201117,2020,Q4,11,Nov,2020-11,47,Tue
2020-11-18,20201118,2020,Q4,11,Nov,2020-11,47,Wed
2020-11-19,20201119,2020,Q4,11,Nov,2020-11,47,Thu
2020-11-20,20201120,2020,Q4,11,Nov,2020-11,47,Fri
2020-11-21,20201121,2020,Q4,11,Nov,2020-11,47,Sat
2020-11-22,20201122,2020,Q4,11,Nov,2020-11,47,Sun
2020-11-23,20201123,2020,Q4,11,Nov,2020-11,48,Mon
2020-11-24,20201124,2020,Q4,11,Nov,2020-11,48,Tue
2020-11-25,20201125,2020,Q4,11,Nov,2020-11,48,Wed
2020-11-26,20201126,2020,Q4,11,Nov,2020-11,48,Thu
2020-11-27,20201127,2020,Q4,11,Nov,2020-11,48,Fri
2020-11-28,20201128,2020,Q4,11,Nov,2020-11,48,Sat
2020-11-29,20201129,2020,Q4,11,Nov,2020-11,48,Sun
2020-11-30,20201130,2020,Q4,11,Nov,2020-11,49,Mon
2020-12-01,20201201,2020,Q4,12,Dec,2020-12,49,Tue
2020-12-02,20201202,2020,Q4,12,Dec,2020-12,49,Wed
2020-12-03,20201203,2020,Q4,12,Dec,2020-12,49,Thu
2020-12-04,20201204,2020,Q4,12,Dec,2020-12,49,Fri
2020-12-05,20201205,2020,Q4,12,Dec,2020-12,49,Sat
2020-12-06,20201206,2020,Q4,12,Dec,2020-12,49,Sun
2020-12-07,20201207,2020,Q4,12,Dec,2020-12,50,Mon
2020-12-08,20201208,2020,Q4,12,Dec,2020-12,50,Tue
2020-12-09,20201209,2020,Q4,12,Dec,2020-12,50,Wed
2020-12-10,20201210,2020,Q4,12,Dec,2020-12,50,Thu
2020-12-11,20201211,2020,Q4,12,Dec,2020-12,50,Fri
2020-12-12,20201212,2020,Q4,12,Dec,2020-12,50,Sat
2020-12-13,20201213,2020,Q4,12,Dec,2020-12,50,Sun
2020-12-14,20201214,2020,Q4,12,Dec,2020-12,51,Mon
2020-12-15,20201215,2020,Q4,12,Dec,2020-12,51,Tue
2020-12-16,20201216,2020,Q4,12,Dec,2020-12,51,Wed
2020-12-17,20201217,2020,Q4,12,Dec,2020-12,51,Thu
2020-12-18,20201218,2020,Q4,12,Dec,2020-12,51,Fri
2020-12-19,20201219,2020,Q4,12,Dec,2020-12,51,Sat
2020-12-20,20201220,2020,Q4,12,Dec,2020-12,51,Sun
2020-12-21,20201221,2020,Q4,12,Dec,2020-12,52,Mon
2020-12-22,20201222,2020,Q4,12,Dec,2020-12,52,Tue
2020-12-23,20201223,2020,Q4,12,Dec,2020-12,52,Wed
2020-12-24,20201224,2020,Q4,12,Dec,2020-12,52,Thu
2020-12-25,20201225,2020,Q4,12,Dec,2020-12,52,Fri
2020-12-26,20201226,2020,Q4,12,Dec,2020-12,52,Sat
2020-12-27,20201227,2020,Q4,12,Dec,2020-12,52,Sun
2020-12-28,20201228,2020,Q4,12,Dec,2020-12,53,Mon
2020-12-29,20201229,2020,Q4,12,Dec,2020-12,53,Tue
2020-12-30,20201230,2020,Q4,12,Dec,2020-12,53,Wed
2020-12-31,20201231,2020,Q4,12,Dec,2020-12,53,Thu
2021-01-01,20210101,2021,Q1,1,Jan,2021-01,53,Fri
2021-01-02,20210102,2021,Q1,1,Jan,2021-01,53,Sat
2021-01-03,20210103,2021,Q1,1,Jan,2021-01,53,Sun
2021-01-04,20210104,2021,Q1,1,Jan,2021-01,1,Mon
2021-01-05,20210105,2021,Q1,1,Jan,2021-01,1,Tue
2021-01-06,20210106,2021,Q1,1,Jan,2021-01,1,Wed
2021-01-07,20210107,2021,Q1,1,Jan,2021-01,1,Thu
2021-01-08,20210108,2021,Q1,1,Jan,2021-01,1,Fri
2021-01-09,20210109,2021,Q1,1,Jan,2021-01,1,Sat
2021-01-10,20210110,2021,Q1,1,Jan,2021-01,1,Sun
2021-01-11,20210111,2021,Q1,1,Jan,2021-01,2,Mon
2021-01-12,20210112,2021,Q1,1,Jan,2021-01,2,Tue
2021-01-13,20210113,2021,Q1,1,Jan,2021-01,2,Wed
2021-01-14,20210114,2021,Q1,1,Jan,2021-01,2,Thu
2021-01-15,20210115,2021,Q1,1,Jan,2021-01,2,Fri
2021-01-16,20210116,2021,Q1,1,Jan,2021-01,2,Sat
2021-01-17,20210117,2021,Q1,1,Jan,2021-01,2,Sun
2021-01-18,20210118,2021,Q1,1,Jan,2021-01,3,Mon
2021-01-19,20210119,2021,Q1,1,Jan,2021-01,3,Tue
2021-01-20,20210120,2021,Q1,1,Jan,2021-01,3,Wed
2021-01-21,20210121,2021,Q1,1,Jan,2021-01,3,Thu
2021-01-22,20210122,2021,Q1,1,Jan,2021-01,3,Fri
2021-01-23,20210123,2021,Q1,1,Jan,2021-01,3,Sat
2021-01-24,20210124,2021,Q1,1,Jan,2021-01,3,Sun
2021-01-25,20210125,2021,Q1,1,Jan,2021-01,4,Mon
2021-01-26,20210126,2021,Q1,1,Jan,2021-01,4,Tue
2021-01-27,20210127,2021,Q1,1,Jan,2021-01,4,Wed
2021-01-28,20210128,2021,Q1,1,Jan,2021-01,4,Thu
2021-01-29,20210129,2021,Q1,1,Jan,2021-01,4,Fri
2021-01-30,20210130,2021,Q1,1,Jan,2021-01,4,Sat
2021-01-31,20210131,2021,Q1,1,Jan,2021-01,4,Sun
2021-02-01,20210201,2021,Q1,2,Feb,2021-02,5,Mon
2021-02-02,20210202,2021,Q1,2,Feb,2021-02,5,Tue
2021-02-03,20210203,2021,Q1,2,Feb,2021-02,5,Wed
2021-02-04,20210204,2021,Q1,2,Feb,2021-02,5,Thu
2021-02-05,20210205,2021,Q1,2,Feb,2021-02,5,Fri
2021-02-06,20210206,2021,Q1,2,Feb,2021-02,5,Sat
2021-02-07,20210207,2021,Q1,2,Feb,2021-02,5,Sun
2021-02-08,20210208,2021,Q1,2,Feb,2021-02,6,Mon
2021-02-09,20210209,2021,Q1,2,Feb,2021-02,6,Tue
2021-02-10,20210210,2021,Q1,2,Feb,2021-02,6,Wed
2021-02-11,20210211,2021,Q1,2,Feb,2021-02,6,Thu
2021-02-12,20210212,2021,Q1,2,Feb,2021-02,6,Fri
2021-02-13,20210213,2021,Q1,2,Feb,2021-02,6,Sat
2021-02-14,20210214,2021,Q1,2,Feb,2021-02,6,Sun
2021-02-15,20210215,2021,Q1,2,Feb,2021-02,7,Mon
2021-02-16,20210216,2021,Q1,2,Feb,2021-02,7,Tue
2021-02-17,20210217,2021,Q1,2,Feb,2021-02,7,Wed
2021-02-18,20210218,2021,Q1,2,Feb,2021-02,7,Thu
2021-02-19,20210219,2021,Q1,2,Feb,2021-02,7,Fri
2021-02-20,20210220,2021,Q1,2,Feb,2021-02,7,Sat
2021-02-21,20210221,2021,Q1,2,Feb,2021-02,7,Sun
2021-02-22,20210222,2021,Q1,2,Feb,2021-02,8,Mon
2021-02-23,20210223,2021,Q1,2,Feb,2021-02,8,Tue
2021-02-24,20210224,2021,Q1,2,Feb,2021-02,8,Wed
2021-02-25,20210225,2021,Q1,2,Feb,2021-02,8,Thu
2021-02-26,20210226,2021,Q1,2,Feb,2021-02,8,Fri
2021-02-27,20210227,2021,Q1,2,Feb,2021-02,8,Sat
2021-02-28,20210228,2021,Q1,2,Feb,2021-02,8,Sun
2021-03-01,20210301,2021,Q1,3,Mar,2021-03,9,Mon
2021-03-02,20210302,2021,Q1,3,Mar,2021-03,9,Tue
2021-03-03,20210303,2021,Q1,3,Mar,2021-03,9,Wed
2021-03-04,20210304,2021,Q1,3,Mar,2021-03,9,Thu
2021-03-05,20210305,2021,Q1,3,Mar,2021-03,9,Fri
2021-03-06,20210306,2021,Q1,3,Mar,2021-03,9,Sat
2021-03-07,20210307,2021,Q1,3,Mar,2021-03,9,Sun
2021-03-08,20210308,2021,Q1,3,Mar,2021-03,10,Mon
2021-03-09,20210309,2021,Q1,3,Mar,2021-03,10,Tue
2021-03-10,20210310,2021,Q1,3,Mar,2021-03,10,Wed
2021-03-11,20210311,2021,Q1,3,Mar,2021-03,10,Thu
2021-03-12,20210312,2021,Q1,3,Mar,2021-03,10,Fri
2021-03-13,20210313,2021,Q1,3,Mar,2021-03,10,Sat
2021-03-14,20210314,2021,Q1,3,Mar,2021-03,10,Sun
2021-03-15,20210315,2021,Q1,3,Mar,2021-03,11,Mon
2021-03-16,20210316,2021,Q1,3,Mar,2021-03,11,Tue
2021-03-17,20210317,2021,Q1,3,Mar,2021-03,11,Wed
2021-03-18,20210318,2021,Q1,3,Mar,2021-03,11,Thu
2021-03-19,20210319,2021,Q1,3,Mar,2021-03,11,Fri
2021-03-20,20210320,2021,Q1,3,Mar,2021-03,11,Sat
2021-03-21,20210321,2021,Q1,3,Mar,2021-03,11,Sun
2021-03-22,20210322,2021,Q1,3,Mar,2021-03,12,Mon
2021-03-23,20210323,2021,Q1,3,Mar,2021-03,12,Tue
2021-03-24,20210324,2021,Q1,3,Mar,2021-03,12,Wed
2021-03-25,20210325,2021,Q1,3,Mar,2021-03,12,Thu
2021-03-26,20210326,2021,Q1,3,Mar,2021-03,12,Fri
2021-03-27,20210327,2021,Q1,3,Mar,2021-03,12,Sat
2021-03-28,20210328,2021,Q1,3,Mar,2021-03,12,Sun
2021-03-29,20210329,2021,Q1,3,Mar,2021-03,13,Mon
2021-03-30,20210330,2021,Q1,3,Mar,2021-03,13,Tue
2021-03-31,20210331,2021,Q1,3,Mar,2021-03,13,Wed
2021-04-01,20210401,2021,Q2,4,Apr,2021-04,13,Thu
2021-04-02,20210402,2021,Q2,4,Apr,2021-04,13,Fri
2021-04-03,20210403,2021,Q2,4,Apr,2021-04,13,Sat
2021-04-04,20210404,2021,Q2,4,Apr,2021-04,13,Sun
2021-04-05,20210405,2021,Q2,4,Apr,2021-04,14,Mon
2021-04-06,20210406,2021,Q2,4,Apr,2021-04,14,Tue
2021-04-07,20210407,2021,Q2,4,Apr,2021-04,14,Wed
2021-04-08,20210408,2021,Q2,4,Apr,2021-04,14,Thu
2021-04-09,20210409,2021,Q2,4,Apr,2021-04,14,Fri
2021-04-10,20210410,2021,Q2,4,Apr,2021-04,14,Sat
2021-04-11,20210411,2021,Q2,4,Apr,2021-04,14,Sun
2021-04-12,20210412,2021,Q2,4,Apr,2021-04,15,Mon
2021-04-13,20210413,2021,Q2,4,Apr,2021-04,15,Tue
2021-04-14,20210414,2021,Q2,4,Apr,2021-04,15,Wed
2021-04-15,20210415,2021,Q2,4,Apr,2021-04,15,Thu
2021-04-16,20210416,2021,Q2,4,Apr,2021-04,15,Fri
2021-04-17,20210417,2021,Q2,4,Apr,2021-04,15,Sat
2021-04-18,20210418,2021,Q2,4,Apr,2021-04,15,Sun
2021-04-19,20210419,2021,Q2,4,Apr,2021-04,16,Mon
2021-04-20,20210420,2021,Q2,4,Apr,2021-04,16,Tue
2021-04-21,20210421,2021,Q2,4,Apr,2021-04,16,Wed
2021-04-22,20210422,2021,Q2,4,Apr,2021-04,16,Thu
2021-04-23,20210423,2021,Q2,4,Apr,2021-04,16,Fri
2021-04-24,20210424,2021,Q2,4,Apr,2021-04,16,Sat
2021-04-25,20210425,2021,Q2,4,Apr,2021-04,16,Sun
2021-04-26,20210426,2021,Q2,4,Apr,2021-04,17,Mon
2021-04-27,20210427,2021,Q2,4,Apr,2021-04,17,Tue
2021-04-28,20210428,2021,Q2,4,Apr,2021-04,17,Wed
2021-04-29,20210429,2021,Q2,4,Apr,2021-04,17,Thu
2021-04-30,20210430,2021,Q2,4,Apr,2021-04,17,Fri
2021-05-01,20210501,2021,Q2,5,May,2021-05,17,Sat
2021-05-02,20210502,2021,Q2,5,May,2021-05,17,Sun
2021-05-03,20210503,2021,Q2,5,May,2021-05,18,Mon
2021-05-04,20210504,2021,Q2,5,May,2021-05,18,Tue
2021-05-05,20210505,2021,Q2,5,May,2021-05,18,Wed
2021-05-06,20210506,2021,Q2,5,May,2021-05,18,Thu
2021-05-07,20210507,2021,Q2,5,May,2021-05,18,Fri
2021-05-08,20210508,2021,Q2,5,May,2021-05,18,Sat
2021-05-09,20210509,2021,Q2,5,May,2021-05,18,Sun
2021-05-10,20210510,2021,Q2,5,May,2021-05,19,Mon
2021-05-11,20210511,2021,Q2,5,May,2021-05,19,Tue
2021-05-12,20210512,2021,Q2,5,May,2021-05,19,Wed
2021-05-13,20210513,2021,Q2,5,May,2021-05,19,Thu
2021-05-14,20210514,2021,Q2,5,May,2021-05,19,Fri
2021-05-15,20210515,2021,Q2,5,May,2021-05,19,Sat
2021-05-16,20210516,2021,Q2,5,May,2021-05,19,Sun
2021-05-17,20210517,2021,Q2,5,May,2021-05,20,Mon
2021-05-18,20210518,2021,Q2,5,May,2021-05,20,Tue
2021-05-19,20210519,2021,Q2,5,May,2021-05,20,Wed
2021-05-20,20210520,2021,Q2,5,May,2021-05,20,Thu
2021-05-21,20210521,2021,Q2,5,May,2021-05,20,Fri
2021-05-22,20210522,2021,Q2,5,May,2021-05,20,Sat
2021-05-23,20210523,2021,Q2,5,May,2021-05,20,Sun
2021-05-24,20210524,2021,Q2,5,May,2021-05,21,Mon
2021-05-25,20210525,2021,Q2,5,May,2021-05,21,Tue
2021-05-26,20210526,2021,Q2,5,May,2021-05,21,Wed
2021-05-27,20210527,2021,Q2,5,May,2021-05,21,Thu
2021-05-28,20210528,2021,Q2,5,May,2021-05,21,Fri
2021-05-29,20210529,2021,Q2,5,May,2021-05,21,Sat
2021-05-30,20210530,2021,Q2,5,May,2021-05,21,Sun
2021-05-31,20210531,2021,Q2,5,May,2021-05,22,Mon
2021-06-01,20210601,2021,Q2,6,Jun,2021-06,22,Tue
2021-06-02,20210602,2021,Q2,6,Jun,2021-06,22,Wed
2021-06-03,20210603,2021,Q2,6,Jun,2021-06,22,Thu
2021-06-04,20210604,2021,Q2,6,Jun,2021-06,22,Fri
2021-06-05,20210605,2021,Q2,6,Jun,2021-06,22,Sat
2021-06-06,20210606,2021,Q2,6,Jun,2021-06,22,Sun
2021-06-07,20210607,2021,Q2,6,Jun,2021-06,23,Mon
2021-06-08,20210608,2021,Q2,6,Jun,2021-06,23,Tue
2021-06-09,20210609,2021,Q2,6,Jun,2021-06,23,Wed
2021-06-10,20210610,2021,Q2,6,Jun,2021-06,23,Thu
2021-06-11,20210611,2021,Q2,6,Jun,2021-06,23,Fri
2021-06-12,20210612,2021,Q2,6,Jun,2021-06,23,Sat
2021-06-13,20210613,2021,Q2,6,Jun,2021-06,23,Sun
2021-06-14,20210614,2021,Q2,6,Jun,2021-06,24,Mon
2021-06-15,20210615,2021,Q2,6,Jun,2021-06,24,Tue
2021-06-16,20210616,2021,Q2,6,Jun,2021-06,24,Wed
2021-06-17,20210617,2021,Q2,6,Jun,2021-06,24,Thu
2021-06-18,20210618,2021,Q2,6,Jun,2021-06,24,Fri
2021-06-19,20210619,2021,Q2,6,Jun,2021-06,24,Sat
2021-06-20,20210620,2021,Q2,6,Jun,2021-06,24,Sun
2021-06-21,20210621,2021,Q2,6,Jun,2021-06,25,Mon
2021-06-22,20210622,2021,Q2,6,Jun,2021-06,25,Tue
2021-06-23,20210623,2021,Q2,6,Jun,2021-06,25,Wed
2021-06-24,20210624,2021,Q2,6,Jun,2021-06,25,Thu
2021-06-25,20210625,2021,Q2,6,Jun,2021-06,25,Fri
2021-06-26,20210626,2021,Q2,6,Jun,2021-06,25,Sat
2021-06-27,20210627,2021,Q2,6,Jun,2021-06,25,Sun
2021-06-28,20210628,2021,Q2,6,Jun,2021-06,26,Mon
2021-06-29,20210629,2021,Q2,6,Jun,2021-06,26,Tue
2021-06-30,20210630,2021,Q2,6,Jun,2021-06,26,Wed
2021-07-01,20210701,2021,Q3,7,Jul,2021-07,26,Thu
2021-07-02,20210702,2021,Q3,7,Jul,2021-07,26,Fri
2021-07-03,20210703,2021,Q3,7,Jul,2021-07,26,Sat
2021-07-04,20210704,2021,Q3,7,Jul,2021-07,26,Sun
2021-07-05,20210705,2021,Q3,7,Jul,2021-07,27,Mon
2021-07-06,20210706,2021,Q3,7,Jul,2021-07,27,Tue
2021-07-07,20210707,2021,Q3,7,Jul,2021-07,27,Wed
2021-07-08,20210708,2021,Q3,7,Jul,2021-07,27,Thu
2021-07-09,20210709,2021,Q3,7,Jul,2021-07,27,Fri
2021-07-10,20210710,2021,Q3,7,Jul,2021-07,27,Sat
2021-07-11,20210711,2021,Q3,7,Jul,2021-07,27,Sun
2021-07-12,20210712,2021,Q3,7,Jul,2021-07,28,Mon
2021-07-13,20210713,2021,Q3,7,Jul,2021-07,28,Tue
2021-07-14,20210714,2021,Q3,7,Jul,2021-07,28,Wed
2021-07-15,20210715,2021,Q3,7,Jul,2021-07,28,Thu
2021-07-16,20210716,2021,Q3,7,Jul,2021-07,28,Fri
2021-07-17,20210717,2021,Q3,7,Jul,2021-07,28,Sat
2021-07-18,20210718,2021,Q3,7,Jul,2021-07,28,Sun
2021-07-19,20210719,2021,Q3,7,Jul,2021-07,29,Mon
2021-07-20,20210720,2021,Q3,7,Jul,2021-07,29,Tue
2021-07-21,20210721,2021,Q3,7,Jul,2021-07,29,Wed
2021-07-22,20210722,2021,Q3,7,Jul,2021-07,29,Thu
2021-07-23,20210723,2021,Q3,7,Jul,2021-07,29,Fri
2021-07-24,20210724,2021,Q3,7,Jul,2021-07,29,Sat
2021-07-25,20210725,2021,Q3,7,Jul,2021-07,29,Sun
2021-07-26,20210726,2021,Q3,7,Jul,2021-07,30,Mon
2021-07-27,20210727,2021,Q3,7,Jul,2021-07,30,Tue
2021-07-28,20210728,2021,Q3,7,Jul,2021-07,30,Wed
2021-07-29,20210729,2021,Q3,7,Jul,2021-07,30,Thu
2021-07-30,20210730,2021,Q3,7,Jul,2021-07,30,Fri
2021-07-31,20210731,2021,Q3,7,Jul,2021-07,30,Sat
2021-08-01,20210801,2021,Q3,8,Aug,2021-08,30,Sun
2021-08-02,20210802,2021,Q3,8,Aug,2021-08,31,Mon
2021-08-03,20210803,2021,Q3,8,Aug,2021-08,31,Tue
2021-08-04,20210804,2021,Q3,8,Aug,2021-08,31,Wed
2021-08-05,20210805,2021,Q3,8,Aug,2021-08,31,Thu
2021-08-06,20210806,2021,Q3,8,Aug,2021-08,31,Fri
2021-08-07,20210807,2021,Q3,8,Aug,2021-08,31,Sat
2021-08-08,20210808,2021,Q3,8,Aug,2021-08,31,Sun
2021-08-09,20210809,2021,Q3,8,Aug,2021-08,32,Mon
2021-08-10,20210810,2021,Q3,8,Aug,2021-08,32,Tue
2021-08-11,20210811,2021,Q3,8,Aug,2021-08,32,Wed
2021-08-12,20210812,2021,Q3,8,Aug,2021-08,32,Thu
2021-08-13,20210813,2021,Q3,8,Aug,2021-08,32,Fri
2021-08-14,20210814,2021,Q3,8,Aug,2021-08,32,Sat
2021-08-15,20210815,2021,Q3,8,Aug,2021-08,32,Sun
2021-08-16,20210816,2021,Q3,8,Aug,2021-08,33,Mon
2021-08-17,20210817,2021,Q3,8,Aug,2021-08,33,Tue
2021-08-18,20210818,2021,Q3,8,Aug,2021-08,33,Wed
2021-08-19,20210819,2021,Q3,8,Aug,2021-08,33,Thu
2021-08-20,20210820,2021,Q3,8,Aug,2021-08,33,Fri
2021-08-21,20210821,2021,Q3,8,Aug,2021-08,33,Sat
2021-08-22,20210822,2021,Q3,8,Aug,2021-08,33,Sun
2021-08-23,20210823,2021,Q3,8,Aug,2021-08,34,Mon
2021-08-24,20210824,2021,Q3,8,Aug,2021-08,34,Tue
2021-08-25,20210825,2021,Q3,8,Aug,2021-08,34,Wed
2021-08-26,20210826,2021,Q3,8,Aug,2021-08,34,Thu
2021-08-27,20210827,2021,Q3,8,Aug,2021-08,34,Fri
2021-08-28,20210828,2021,Q3,8,Aug,2021-08,34,Sat
2021-08-29,20210829,2021,Q3,8,Aug,2021-08,34,Sun
2021-08-30,20210830,2021,Q3,8,Aug,2021-08,35,Mon
2021-08-31,20210831,2021,Q3,8,Aug,2021-08,35,Tue
2021-09-01,20210901,2021,Q3,9,Sep,2021-09,35,Wed
2021-09-02,20210902,2021,Q3,9,Sep,2021-09,35,Thu
2021-09-03,20210903,2021,Q3,9,Sep,2021-09,35,Fri
2021-09-04,20210904,2021,Q3,9,Sep,2021-09,35,Sat
2021-09-05,20210905,2021,Q3,9,Sep,2021-09,35,Sun
2021-09-06,20210906,2021,Q3,9,Sep,2021-09,36,Mon
2021-09-07,20210907,2021,Q3,9,Sep,2021-09,36,Tue
2021-09-08,20210908,2021,Q3,9,Sep,2021-09,36,Wed
2021-09-09,20210909,2021,Q3,9,Sep,2021-09,36,Thu
2021-09-10,20210910,2021,Q3,9,Sep,2021-09,36,Fri
2021-09-11,20210911,2021,Q3,9,Sep,2021-09,36,Sat
2021-09-12,20210912,2021,Q3,9,Sep,2021-09,36,Sun
2021-09-13,20210913,2021,Q3,9,Sep,2021-09,37,Mon
2021-09-14,20210914,2021,Q3,9,Sep,2021-09,37,Tue
2021-09-15,20210915,2021,Q3,9,Sep,2021-09,37,Wed
2021-09-16,20210916,2021,Q3,9,Sep,2021-09,37,Thu
2021-09-17,20210917,2021,Q3,9,Sep,2021-09,37,Fri
2021-09-18,20210918,2021,Q3,9,Sep,2021-09,37,Sat
2021-09-19,20210919,2021,Q3,9,Sep,2021-09,37,Sun
2021-09-20,20210920,2021,Q3,9,Sep,2021-09,38,Mon
2021-09-21,20210921,2021,Q3,9,Sep,2021-09,38,Tue
2021-09-22,20210922,2021,Q3,9,Sep,2021-09,38,Wed
2021-09-23,20210923,2021,Q3,9,Sep,2021-09,38,Thu
2021-09-24,20210924,2021,Q3,9,Sep,2021-09,38,Fri
2021-09-25,20210925,2021,Q3,9,Sep,2021-09,38,Sat
2021-09-26,20210926,2021,Q3,9,Sep,2021-09,38,Sun
2021-09-27,20210927,2021,Q3,9,Sep,2021-09,39,Mon
2021-09-28,20210928,2021,Q3,9,Sep,2021-09,39,Tue
2021-09-29,20210929,2021,Q3,9,Sep,2021-09,39,Wed
2021-09-30,20210930,2021,Q3,9,Sep,2021-09,39,Thu
2021-10-01,20211001,2021,Q4,10,Oct,2021-10,39,Fri
2021-10-02,20211002,2021,Q4,10,Oct,2021-10,39,Sat
2021-10-03,20211003,2021,Q4,10,Oct,2021-10,39,Sun
2021-10-04,20211004,2021,Q4,10,Oct,2021-10,40,Mon
2021-10-05,20211005,2021,Q4,10,Oct,2021-10,40,Tue
2021-10-06,20211006,2021,Q4,10,Oct,2021-10,40,Wed
2021-10-07,20211007,2021,Q4,10,Oct,2021-10,40,Thu
2021-10-08,20211008,2021,Q4,10,Oct,2021-10,40,Fri
2021-10-09,20211009,2021,Q4,10,Oct,2021-10,40,Sat
2021-10-10,20211010,2021,Q4,10,Oct,2021-10,40,Sun
2021-10-11,20211011,2021,Q4,10,Oct,2021-10,41,Mon
2021-10-12,20211012,2021,Q4,10,Oct,2021-10,41,Tue
2021-10-13,20211013,2021,Q4,10,Oct,2021-10,41,Wed
2021-10-14,20211014,2021,Q4,10,Oct,2021-10,41,Thu
2021-10-15,20211015,2021,Q4,10,Oct,2021-10,41,Fri
2021-10-16,20211016,2021,Q4,10,Oct,2021-10,41,Sat
2021-10-17,20211017,2021,Q4,10,Oct,2021-10,41,Sun
2021-10-18,20211018,2021,Q4,10,Oct,2021-10,42,Mon
2021-10-19,20211019,2021,Q4,10,Oct,2021-10,42,Tue
2021-10-20,20211020,2021,Q4,10,Oct,2021-10,42,Wed
2021-10-21,20211021,2021,Q4,10,Oct,2021-10,42,Thu
2021-10-22,20211022,2021,Q4,10,Oct,2021-10,42,Fri
2021-10-23,20211023,2021,Q4,10,Oct,2021-10,42,Sat
2021-10-24,20211024,2021,Q4,10,Oct,2021-10,42,Sun
2021-10-25,20211025,2021,Q4,10,Oct,2021-10,43,Mon
2021-10-26,20211026,2021,Q4,10,Oct,2021-10,43,Tue
2021-10-27,20211027,2021,Q4,10,Oct,2021-10,43,Wed
2021-10-28,20211028,2021,Q4,10,Oct,2021-10,43,Thu
2021-10-29,20211029,2021,Q4,10,Oct,2021-10,43,Fri
2021-10-30,20211030,2021,Q4,10,Oct,2021-10,43,Sat
2021-10-31,20211031,2021,Q4,10,Oct,2021-10,43,Sun
2021-11-01,20211101,2021,Q4,11,Nov,2021-11,44,Mon
2021-11-02,20211102,2021,Q4,11,Nov,2021-11,44,Tue
2021-11-03,20211103,2021,Q4,11,Nov,2021-11,44,Wed
2021-11-04,20211104,2021,Q4,11,Nov,2021-11,44,Thu
2021-11-05,20211105,2021,Q4,11,Nov,2021-11,44,Fri
2021-11-06,20211106,2021,Q4,11,Nov,2021-11,44,Sat
2021-11-07,20211107,2021,Q4,11,Nov,2021-11,44,Sun
2021-11-08,20211108,2021,Q4,11,Nov,2021-11,45,Mon
2021-11-09,20211109,2021,Q4,11,Nov,2021-11,45,Tue
2021-11-10,20211110,2021,Q4,11,Nov,2021-11,45,Wed
2021-11-11,20211111,2021,Q4,11,Nov,2021-11,45,Thu
2021-11-12,20211112,2021,Q4,11,Nov,2021-11,45,Fri
2021-11-13,20211113,2021,Q4,11,Nov,2021-11,45,Sat
2021-11-14,20211114,2021,Q4,11,Nov,2021-11,45,Sun
2021-11-15,20211115,2021,Q4,11,Nov,2021-11,46,Mon
2021-11-16,20211116,2021,Q4,11,Nov,2021-11,46,Tue
2021-11-17,20211117,2021,Q4,11,Nov,2021-11,46,Wed
2021-11-18,20211118,2021,Q4,11,Nov,2021-11,46,Thu
2021-11-19,20211119,2021,Q4,11,Nov,2021-11,46,Fri
2021-11-20,20211120,2021,Q4,11,Nov,2021-11,46,Sat
2021-11-21,20211121,2021,Q4,11,Nov,2021-11,46,Sun
2021-11-22,20211122,2021,Q4,11,Nov,2021-11,47,Mon
2021-11-23,20211123,2021,Q4,11,Nov,2021-11,47,Tue
2021-11-24,20211124,2021,Q4,11,Nov,2021-11,47,Wed
2021-11-25,20211125,2021,Q4,11,Nov,2021-11,47,Thu
2021-11-26,20211126,2021,Q4,11,Nov,2021-11,47,Fri
2021-11-27,20211127,2021,Q4,11,Nov,2021-11,47,Sat
2021-11-28,20211128,2021,Q4,11,Nov,2021-11,47,Sun
2021-11-29,20211129,2021,Q4,11,Nov,2021-11,48,Mon
2021-11-30,20211130,2021,Q4,11,Nov,2021-11,48,Tue
2021-12-01,20211201,2021,Q4,12,Dec,2021-12,48,Wed
2021-12-02,20211202,2021,Q4,12,Dec,2021-12,48,Thu
2021-12-03,20211203,2021,Q4,12,Dec,2021-12,48,Fri
2021-12-04,20211204,2021,Q4,12,Dec,2021-12,48,Sat
2021-12-05,20211205,2021,Q4,12,Dec,2021-12,48,Sun
2021-12-06,20211206,2021,Q4,12,Dec,2021-12,49,Mon
2021-12-07,20211207,2021,Q4,12,Dec,2021-12,49,Tue
2021-12-08,20211208,2021,Q4,12,Dec,2021-12,49,Wed
2021-12-09,20211209,2021,Q4,12,Dec,2021-12,49,Thu
2021-12-10,20211210,2021,Q4,12,Dec,2021-12,49,Fri
2021-12-11,20211211,2021,Q4,12,Dec,2021-12,49,Sat
2021-12-12,20211212,2021,Q4,12,Dec,2021-12,49,Sun
2021-12-13,20211213,2021,Q4,12,Dec,2021-12,50,Mon
2021-12-14,20211214,2021,Q4,12,Dec,2021-12,50,Tue
2021-12-15,20211215,2021,Q4,12,Dec,2021-12,50,Wed
2021-12-16,20211216,2021,Q4,12,Dec,2021-12,50,Thu
2021-12-17,20211217,2021,Q4,12,Dec,2021-12,50,Fri
2021-12-18,20211218,2021,Q4,12,Dec,2021-12,50,Sat
2021-12-19,20211219,2021,Q4,12,Dec,2021-12,50,Sun
2021-12-20,20211220,2021,Q4,12,Dec,2021-12,51,Mon
2021-12-21,20211221,2021,Q4,12,Dec,2021-12,51,Tue
2021-12-22,20211222,2021,Q4,12,Dec,2021-12,51,Wed
2021-12-23,20211223,2021,Q4,12,Dec,2021-12,51,Thu
2021-12-24,20211224,2021,Q4,12,Dec,2021-12,51,Fri
2021-12-25,20211225,2021,Q4,12,Dec,2021-12,51,Sat
2021-12-26,20211226,2021,Q4,12,Dec,2021-12,51,Sun
2021-12-27,20211227,2021,Q4,12,Dec,2021-12,52,Mon
2021-12-28,20211228,2021,Q4,12,Dec,2021-12,52,Tue
2021-12-29,20211229,2021,Q4,12,Dec,2021-12,52,Wed
2021-12-30,20211230,2021,Q4,12,Dec,2021-12,52,Thu
2021-12-31,20211231,2021,Q4,12,Dec,2021-12,52,Fri
2022-01-01,20220101,2022,Q1,1,Jan,2022-01,52,Sat
2022-01-02,20220102,2022,Q1,1,Jan,2022-01,52,Sun
2022-01-03,20220103,2022,Q1,1,Jan,2022-01,1,Mon
2022-01-04,20220104,2022,Q1,1,Jan,2022-01,1,Tue
2022-01-05,20220105,2022,Q1,1,Jan,2022-01,1,Wed
2022-01-06,20220106,2022,Q1,1,Jan,2022-01,1,Thu
2022-01-07,20220107,2022,Q1,1,Jan,2022-01,1,Fri
2022-01-08,20220108,2022,Q1,1,Jan,2022-01,1,Sat
2022-01-09,20220109,2022,Q1,1,Jan,2022-01,1,Sun
2022-01-10,20220110,2022,Q1,1,Jan,2022-01,2,Mon
2022-01-11,20220111,2022,Q1,1,Jan,2022-01,2,Tue
2022-01-12,20220112,2022,Q1,1,Jan,2022-01,2,Wed
2022-01-13,20220113,2022,Q1,1,Jan,2022-01,2,Thu
2022-01-14,20220114,2022,Q1,1,Jan,2022-01,2,Fri
2022-01-15,20220115,2022,Q1,1,Jan,2022-01,2,Sat
2022-01-16,20220116,2022,Q1,1,Jan,2022-01,2,Sun
2022-01-17,20220117,2022,Q1,1,Jan,2022-01,3,Mon
2022-01-18,20220118,2022,Q1,1,Jan,2022-01,3,Tue
2022-01-19,20220119,2022,Q1,1,Jan,2022-01,3,Wed
2022-01-20,20220120,2022,Q1,1,Jan,2022-01,3,Thu
2022-01-21,20220121,2022,Q1,1,Jan,2022-01,3,Fri
2022-01-22,20220122,2022,Q1,1,Jan,2022-01,3,Sat
2022-01-23,20220123,2022,Q1,1,Jan,2022-01,3,Sun
2022-01-24,20220124,2022,Q1,1,Jan,2022-01,4,Mon
2022-01-25,20220125,2022,Q1,1,Jan,2022-01,4,Tue
2022-01-26,20220126,2022,Q1,1,Jan,2022-01,4,Wed
2022-01-27,20220127,2022,Q1,1,Jan,2022-01,4,Thu
2022-01-28,20220128,2022,Q1,1,Jan,2022-01,4,Fri
2022-01-29,20220129,2022,Q1,1,Jan,2022-01,4,Sat
2022-01-30,20220130,2022,Q1,1,Jan,2022-01,4,Sun
2022-01-31,20220131,2022,Q1,1,Jan,2022-01,5,Mon
2022-02-01,20220201,2022,Q1,2,Feb,2022-02,5,Tue
2022-02-02,20220202,2022,Q1,2,Feb,2022-02,5,Wed
2022-02-03,20220203,2022,Q1,2,Feb,2022-02,5,Thu
2022-02-04,20220204,2022,Q1,2,Feb,2022-02,5,Fri
2022-02-05,20220205,2022,Q1,2,Feb,2022-02,5,Sat
2022-02-06,20220206,2022,Q1,2,Feb,2022-02,5,Sun
2022-02-07,20220207,2022,Q1,2,Feb,2022-02,6,Mon
2022-02-08,20220208,2022,Q1,2,Feb,2022-02,6,Tue
2022-02-09,20220209,2022,Q1,2,Feb,2022-02,6,Wed
2022-02-10,20220210,2022,Q1,2,Feb,2022-02,6,Thu
2022-02-11,20220211,2022,Q1,2,Feb,2022-02,6,Fri
2022-02-12,20220212,2022,Q1,2,Feb,2022-02,6,Sat
2022-02-13,20220213,2022,Q1,2,Feb,2022-02,6,Sun
2022-02-14,20220214,2022,Q1,2,Feb,2022-02,7,Mon
2022-02-15,20220215,2022,Q1,2,Feb,2022-02,7,Tue
2022-02-16,20220216,2022,Q1,2,Feb,2022-02,7,Wed
2022-02-17,20220217,2022,Q1,2,Feb,2022-02,7,Thu
2022-02-18,20220218,2022,Q1,2,Feb,2022-02,7,Fri
2022-02-19,20220219,2022,Q1,2,Feb,2022-02,7,Sat
2022-02-20,20220220,2022,Q1,2,Feb,2022-02,7,Sun
2022-02-21,20220221,2022,Q1,2,Feb,2022-02,8,Mon
2022-02-22,20220222,2022,Q1,2,Feb,2022-02,8,Tue
2022-02-23,20220223,2022,Q1,2,Feb,2022-02,8,Wed
2022-02-24,20220224,2022,Q1,2,Feb,2022-02,8,Thu
2022-02-25,20220225,2022,Q1,2,Feb,2022-02,8,Fri
2022-02-26,20220226,2022,Q1,2,Feb,2022-02,8,Sat
2022-02-27,20220227,2022,Q1,2,Feb,2022-02,8,Sun
2022-02-28,20220228,2022,Q1,2,Feb,2022-02,9,Mon
2022-03-01,20220301,2022,Q1,3,Mar,2022-03,9,Tue
2022-03-02,20220302,2022,Q1,3,Mar,2022-03,9,Wed
2022-03-03,20220303,2022,Q1,3,Mar,2022-03,9,Thu
2022-03-04,20220304,2022,Q1,3,Mar,2022-03,9,Fri
2022-03-05,20220305,2022,Q1,3,Mar,2022-03,9,Sat
2022-03-06,20220306,2022,Q1,3,Mar,2022-03,9,Sun
2022-03-07,20220307,2022,Q1,3,Mar,2022-03,10,Mon
2022-03-08,20220308,2022,Q1,3,Mar,2022-03,10,Tue
2022-03-09,20220309,2022,Q1,3,Mar,2022-03,10,Wed
2022-03-10,20220310,2022,Q1,3,Mar,2022-03,10,Thu
2022-03-11,20220311,2022,Q1,3,Mar,2022-03,10,Fri
2022-03-12,20220312,2022,Q1,3,Mar,2022-03,10,Sat
2022-03-13,20220313,2022,Q1,3,Mar,2022-03,10,Sun
2022-03-14,20220314,2022,Q1,3,Mar,2022-03,11,Mon
2022-03-15,20220315,2022,Q1,3,Mar,2022-03,11,Tue
2022-03-16,20220316,2022,Q1,3,Mar,2022-03,11,Wed
2022-03-17,20220317,2022,Q1,3,Mar,2022-03,11,Thu
2022-03-18,20220318,2022,Q1,3,Mar,2022-03,11,Fri
2022-03-19,20220319,2022,Q1,3,Mar,2022-03,11,Sat
2022-03-20,20220320,2022,Q1,3,Mar,2022-03,11,Sun
2022-03-21,20220321,2022,Q1,3,Mar,2022-03,12,Mon
2022-03-22,20220322,2022,Q1,3,Mar,2022-03,12,Tue
2022-03-23,20220323,2022,Q1,3,Mar,2022-03,12,Wed
2022-03-24,20220324,2022,Q1,3,Mar,2022-03,12,Thu
2022-03-25,20220325,2022,Q1,3,Mar,2022-03,12,Fri
2022-03-26,20220326,2022,Q1,3,Mar,2022-03,12,Sat
2022-03-27,20220327,2022,Q1,3,Mar,2022-03,12,Sun
2022-03-28,20220328,2022,Q1,3,Mar,2022-03,13,Mon
2022-03-29,20220329,2022,Q1,3,Mar,2022-03,13,Tue
2022-03-30,20220330,2022,Q1,3,Mar,2022-03,13,Wed
2022-03-31,20220331,2022,Q1,3,Mar,2022-03,13,Thu
2022-04-01,20220401,2022,Q2,4,Apr,2022-04,13,Fri
2022-04-02,20220402,2022,Q2,4,Apr,2022-04,13,Sat
2022-04-03,20220403,2022,Q2,4,Apr,2022-04,13,Sun
2022-04-04,20220404,2022,Q2,4,Apr,2022-04,14,Mon
2022-04-05,20220405,2022,Q2,4,Apr,2022-04,14,Tue
2022-04-06,20220406,2022,Q2,4,Apr,2022-04,14,Wed
2022-04-07,20220407,2022,Q2,4,Apr,2022-04,14,Thu
2022-04-08,20220408,2022,Q2,4,Apr,2022-04,14,Fri
2022-04-09,20220409,2022,Q2,4,Apr,2022-04,14,Sat
2022-04-10,20220410,2022,Q2,4,Apr,2022-04,14,Sun
2022-04-11,20220411,2022,Q2,4,Apr,2022-04,15,Mon
2022-04-12,20220412,2022,Q2,4,Apr,2022-04,15,Tue
2022-04-13,20220413,2022,Q2,4,Apr,2022-04,15,Wed
2022-04-14,20220414,2022,Q2,4,Apr,2022-04,15,Thu
2022-04-15,20220415,2022,Q2,4,Apr,2022-04,15,Fri
2022-04-16,20220416,2022,Q2,4,Apr,2022-04,15,Sat
2022-04-17,20220417,2022,Q2,4,Apr,2022-04,15,Sun
2022-04-18,20220418,2022,Q2,4,Apr,2022-04,16,Mon
2022-04-19,20220419,2022,Q2,4,Apr,2022-04,16,Tue
2022-04-20,20220420,2022,Q2,4,Apr,2022-04,16,Wed
2022-04-21,20220421,2022,Q2,4,Apr,2022-04,16,Thu
2022-04-22,20220422,2022,Q2,4,Apr,2022-04,16,Fri
2022-04-23,20220423,2022,Q2,4,Apr,2022-04,16,Sat
2022-04-24,20220424,2022,Q2,4,Apr,2022-04,16,Sun
2022-04-25,20220425,2022,Q2,4,Apr,2022-04,17,Mon
2022-04-26,20220426,2022,Q2,4,Apr,2022-04,17,Tue
2022-04-27,20220427,2022,Q2,4,Apr,2022-04,17,Wed
2022-04-28,20220428,2022,Q2,4,Apr,2022-04,17,Thu
2022-04-29,20220429,2022,Q2,4,Apr,2022-04,17,Fri
2022-04-30,20220430,2022,Q2,4,Apr,2022-04,17,Sat
2022-05-01,20220501,2022,Q2,5,May,2022-05,17,Sun
2022-05-02,20220502,2022,Q2,5,May,2022-05,18,Mon
2022-05-03,20220503,2022,Q2,5,May,2022-05,18,Tue
2022-05-04,20220504,2022,Q2,5,May,2022-05,18,Wed
2022-05-05,20220505,2022,Q2,5,May,2022-05,18,Thu
2022-05-06,20220506,2022,Q2,5,May,2022-05,18,Fri
2022-05-07,20220507,2022,Q2,5,May,2022-05,18,Sat
2022-05-08,20220508,2022,Q2,5,May,2022-05,18,Sun
2022-05-09,20220509,2022,Q2,5,May,2022-05,19,Mon
2022-05-10,20220510,2022,Q2,5,May,2022-05,19,Tue
2022-05-11,20220511,2022,Q2,5,May,2022-05,19,Wed
2022-05-12,20220512,2022,Q2,5,May,2022-05,19,Thu
2022-05-13,20220513,2022,Q2,5,May,2022-05,19,Fri
2022-05-14,20220514,2022,Q2,5,May,2022-05,19,Sat
2022-05-15,20220515,2022,Q2,5,May,2022-05,19,Sun
2022-05-16,20220516,2022,Q2,5,May,2022-05,20,Mon
2022-05-17,20220517,2022,Q2,5,May,2022-05,20,Tue
2022-05-18,20220518,2022,Q2,5,May,2022-05,20,Wed
2022-05-19,20220519,2022,Q2,5,May,2022-05,20,Thu
2022-05-20,20220520,2022,Q2,5,May,2022-05,20,Fri
2022-05-21,20220521,2022,Q2,5,May,2022-05,20,Sat
2022-05-22,20220522,2022,Q2,5,May,2022-05,20,Sun
2022-05-23,20220523,2022,Q2,5,May,2022-05,21,Mon
2022-05-24,20220524,2022,Q2,5,May,2022-05,21,Tue
2022-05-25,20220525,2022,Q2,5,May,2022-05,21,Wed
2022-05-26,20220526,2022,Q2,5,May,2022-05,21,Thu
2022-05-27,20220527,2022,Q2,5,May,2022-05,21,Fri
2022-05-28,20220528,2022,Q2,5,May,2022-05,21,Sat
2022-05-29,20220529,2022,Q2,5,May,2022-05,21,Sun
2022-05-30,20220530,2022,Q2,5,May,2022-05,22,Mon
2022-05-31,20220531,2022,Q2,5,May,2022-05,22,Tue
2022-06-01,20220601,2022,Q2,6,Jun,2022-06,22,Wed
2022-06-02,20220602,2022,Q2,6,Jun,2022-06,22,Thu
2022-06-03,20220603,2022,Q2,6,Jun,2022-06,22,Fri
2022-06-04,20220604,2022,Q2,6,Jun,2022-06,22,Sat
2022-06-05,20220605,2022,Q2,6,Jun,2022-06,22,Sun
2022-06-06,20220606,2022,Q2,6,Jun,2022-06,23,Mon
2022-06-07,20220607,2022,Q2,6,Jun,2022-06,23,Tue
2022-06-08,20220608,2022,Q2,6,Jun,2022-06,23,Wed
2022-06-09,20220609,2022,Q2,6,Jun,2022-06,23,Thu
2022-06-10,20220610,2022,Q2,6,Jun,2022-06,23,Fri
2022-06-11,20220611,2022,Q2,6,Jun,2022-06,23,Sat
2022-06-12,20220612,2022,Q2,6,Jun,2022-06,23,Sun
2022-06-13,20220613,2022,Q2,6,Jun,2022-06,24,Mon
2022-06-14,20220614,2022,Q2,6,Jun,2022-06,24,Tue
2022-06-15,20220615,2022,Q2,6,Jun,2022-06,24,Wed
2022-06-16,20220616,2022,Q2,6,Jun,2022-06,24,Thu
2022-06-17,20220617,2022,Q2,6,Jun,2022-06,24,Fri
2022-06-18,20220618,2022,Q2,6,Jun,2022-06,24,Sat
2022-06-19,20220619,2022,Q2,6,Jun,2022-06,24,Sun
2022-06-20,20220620,2022,Q2,6,Jun,2022-06,25,Mon
2022-06-21,20220621,2022,Q2,6,Jun,2022-06,25,Tue
2022-06-22,20220622,2022,Q2,6,Jun,2022-06,25,Wed
2022-06-23,20220623,2022,Q2,6,Jun,2022-06,25,Thu
2022-06-24,20220624,2022,Q2,6,Jun,2022-06,25,Fri
2022-06-25,20220625,2022,Q2,6,Jun,2022-06,25,Sat
2022-06-26,20220626,2022,Q2,6,Jun,2022-06,25,Sun
2022-06-27,20220627,2022,Q2,6,Jun,2022-06,26,Mon
2022-06-28,20220628,2022,Q2,6,Jun,2022-06,26,Tue
2022-06-29,20220629,2022,Q2,6,Jun,2022-06,26,Wed
2022-06-30,20220630,2022,Q2,6,Jun,2022-06,26,Thu
2022-07-01,20220701,2022,Q3,7,Jul,2022-07,26,Fri
2022-07-02,20220702,2022,Q3,7,Jul,2022-07,26,Sat
2022-07-03,20220703,2022,Q3,7,Jul,2022-07,26,Sun
2022-07-04,20220704,2022,Q3,7,Jul,2022-07,27,Mon
2022-07-05,20220705,2022,Q3,7,Jul,2022-07,27,Tue
2022-07-06,20220706,2022,Q3,7,Jul,2022-07,27,Wed
2022-07-07,20220707,2022,Q3,7,Jul,2022-07,27,Thu
2022-07-08,20220708,2022,Q3,7,Jul,2022-07,27,Fri
2022-07-09,20220709,2022,Q3,7,Jul,2022-07,27,Sat
2022-07-10,20220710,2022,Q3,7,Jul,2022-07,27,Sun
2022-07-11,20220711,2022,Q3,7,Jul,2022-07,28,Mon
2022-07-12,20220712,2022,Q3,7,Jul,2022-07,28,Tue
2022-07-13,20220713,2022,Q3,7,Jul,2022-07,28,Wed
2022-07-14,20220714,2022,Q3,7,Jul,2022-07,28,Thu
2022-07-15,20220715,2022,Q3,7,Jul,2022-07,28,Fri
2022-07-16,20220716,2022,Q3,7,Jul,2022-07,28,Sat
2022-07-17,20220717,2022,Q3,7,Jul,2022-07,28,Sun
2022-07-18,20220718,2022,Q3,7,Jul,2022-07,29,Mon
2022-07-19,20220719,2022,Q3,7,Jul,2022-07,29,Tue
2022-07-20,20220720,2022,Q3,7,Jul,2022-07,29,Wed
2022-07-21,20220721,2022,Q3,7,Jul,2022-07,29,Thu
2022-07-22,20220722,2022,Q3,7,Jul,2022-07,29,Fri
2022-07-23,20220723,2022,Q3,7,Jul,2022-07,29,Sat
2022-07-24,20220724,2022,Q3,7,Jul,2022-07,29,Sun
2022-07-25,20220725,2022,Q3,7,Jul,2022-07,30,Mon
2022-07-26,20220726,2022,Q3,7,Jul,2022-07,30,Tue
2022-07-27,20220727,2022,Q3,7,Jul,2022-07,30,Wed
2022-07-28,20220728,2022,Q3,7,Jul,2022-07,30,Thu
2022-07-29,20220729,2022,Q3,7,Jul,2022-07,30,Fri
2022-07-30,20220730,2022,Q3,7,Jul,2022-07,30,Sat
2022-07-31,20220731,2022,Q3,7,Jul,2022-07,30,Sun
2022-08-01,20220801,2022,Q3,8,Aug,2022-08,31,Mon
2022-08-02,20220802,2022,Q3,8,Aug,2022-08,31,Tue
2022-08-03,20220803,2022,Q3,8,Aug,2022-08,31,Wed
2022-08-04,20220804,2022,Q3,8,Aug,2022-08,31,Thu
2022-08-05,20220805,2022,Q3,8,Aug,2022-08,31,Fri
2022-08-06,20220806,2022,Q3,8,Aug,2022-08,31,Sat
2022-08-07,20220807,2022,Q3,8,Aug,2022-08,31,Sun
2022-08-08,20220808,2022,Q3,8,Aug,2022-08,32,Mon
2022-08-09,20220809,2022,Q3,8,Aug,2022-08,32,Tue
2022-08-10,20220810,2022,Q3,8,Aug,2022-08,32,Wed
2022-08-11,20220811,2022,Q3,8,Aug,2022-08,32,Thu
2022-08-12,20220812,2022,Q3,8,Aug,2022-08,32,Fri
2022-08-13,20220813,2022,Q3,8,Aug,2022-08,32,Sat
2022-08-14,20220814,2022,Q3,8,Aug,2022-08,32,Sun
2022-08-15,20220815,2022,Q3,8,Aug,2022-08,33,Mon
2022-08-16,20220816,2022,Q3,8,Aug,2022-08,33,Tue
2022-08-17,20220817,2022,Q3,8,Aug,2022-08,33,Wed
2022-08-18,20220818,2022,Q3,8,Aug,2022-08,33,Thu
2022-08-19,20220819,2022,Q3,8,Aug,2022-08,33,Fri
2022-08-20,20220820,2022,Q3,8,Aug,2022-08,33,Sat
2022-08-21,20220821,2022,Q3,8,Aug,2022-08,33,Sun
2022-08-22,20220822,2022,Q3,8,Aug,2022-08,34,Mon
2022-08-23,20220823,2022,Q3,8,Aug,2022-08,34,Tue
2022-08-24,20220824,2022,Q3,8,Aug,2022-08,34,Wed
2022-08-25,20220825,2022,Q3,8,Aug,2022-08,34,Thu
2022-08-26,20220826,2022,Q3,8,Aug,2022-08,34,Fri
2022-08-27,20220827,2022,Q3,8,Aug,2022-08,34,Sat
2022-08-28,20220828,2022,Q3,8,Aug,2022-08,34,Sun
2022-08-29,20220829,2022,Q3,8,Aug,2022-08,35,Mon
2022-08-30,20220830,2022,Q3,8,Aug,2022-08,35,Tue
2022-08-31,20220831,2022,Q3,8,Aug,2022-08,35,Wed
2022-09-01,20220901,2022,Q3,9,Sep,2022-09,35,Thu
2022-09-02,20220902,2022,Q3,9,Sep,2022-09,35,Fri
2022-09-03,20220903,2022,Q3,9,Sep,2022-09,35,Sat
2022-09-04,20220904,2022,Q3,9,Sep,2022-09,35,Sun
2022-09-05,20220905,2022,Q3,9,Sep,2022-09,36,Mon
2022-09-06,20220906,2022,Q3,9,Sep,2022-09,36,Tue
2022-09-07,20220907,2022,Q3,9,Sep,2022-09,36,Wed
2022-09-08,20220908,2022,Q3,9,Sep,2022-09,36,Thu
2022-09-09,20220909,2022,Q3,9,Sep,2022-09,36,Fri
2022-09-10,20220910,2022,Q3,9,Sep,2022-09,36,Sat
2022-09-11,20220911,2022,Q3,9,Sep,2022-09,36,Sun
2022-09-12,20220912,2022,Q3,9,Sep,2022-09,37,Mon
2022-09-13,20220913,2022,Q3,9,Sep,2022-09,37,Tue
2022-09-14,20220914,2022,Q3,9,Sep,2022-09,37,Wed
2022-09-15,20220915,2022,Q3,9,Sep,2022-09,37,Thu
2022-09-16,20220916,2022,Q3,9,Sep,2022-09,37,Fri
2022-09-17,20220917,2022,Q3,9,Sep,2022-09,37,Sat
2022-09-18,20220918,2022,Q3,9,Sep,2022-09,37,Sun
2022-09-19,20220919,2022,Q3,9,Sep,2022-09,38,Mon
2022-09-20,20220920,2022,Q3,9,Sep,2022-09,38,Tue
2022-09-21,20220921,2022,Q3,9,Sep,2022-09,38,Wed
2022-09-22,20220922,2022,Q3,9,Sep,2022-09,38,Thu
2022-09-23,20220923,2022,Q3,9,Sep,2022-09,38,Fri
2022-09-24,20220924,2022,Q3,9,Sep,2022-09,38,Sat
2022-09-25,20220925,2022,Q3,9,Sep,2022-09,38,Sun
2022-09-26,20220926,2022,Q3,9,Sep,2022-09,39,Mon
2022-09-27,20220927,2022,Q3,9,Sep,2022-09,39,Tue
2022-09-28,20220928,2022,Q3,9,Sep,2022-09,39,Wed
2022-09-29,20220929,2022,Q3,9,Sep,2022-09,39,Thu
2022-09-30,20220930,2022,Q3,9,Sep,2022-09,39,Fri
2022-10-01,20221001,2022,Q4,10,Oct,2022-10,39,Sat
2022-10-02,20221002,2022,Q4,10,Oct,2022-10,39,Sun
2022-10-03,20221003,2022,Q4,10,Oct,2022-10,40,Mon
2022-10-04,20221004,2022,Q4,10,Oct,2022-10,40,Tue
2022-10-05,20221005,2022,Q4,10,Oct,2022-10,40,Wed
2022-10-06,20221006,2022,Q4,10,Oct,2022-10,40,Thu
2022-10-07,20221007,2022,Q4,10,Oct,2022-10,40,Fri
2022-10-08,20221008,2022,Q4,10,Oct,2022-10,40,Sat
2022-10-09,20221009,2022,Q4,10,Oct,2022-10,40,Sun
2022-10-10,20221010,2022,Q4,10,Oct,2022-10,41,Mon
2022-10-11,20221011,2022,Q4,10,Oct,2022-10,41,Tue
2022-10-12,20221012,2022,Q4,10,Oct,2022-10,41,Wed
2022-10-13,20221013,2022,Q4,10,Oct,2022-10,41,Thu
2022-10-14,20221014,2022,Q4,10,Oct,2022-10,41,Fri
2022-10-15,20221015,2022,Q4,10,Oct,2022-10,41,Sat
2022-10-16,20221016,2022,Q4,10,Oct,2022-10,41,Sun
2022-10-17,20221017,2022,Q4,10,Oct,2022-10,42,Mon
2022-10-18,20221018,2022,Q4,10,Oct,2022-10,42,Tue
2022-10-19,20221019,2022,Q4,10,Oct,2022-10,42,Wed
2022-10-20,20221020,2022,Q4,10,Oct,2022-10,42,Thu
2022-10-21,20221021,2022,Q4,10,Oct,2022-10,42,Fri
2022-10-22,20221022,2022,Q4,10,Oct,2022-10,42,Sat
2022-10-23,20221023,2022,Q4,10,Oct,2022-10,42,Sun
2022-10-24,20221024,2022,Q4,10,Oct,2022-10,43,Mon
2022-10-25,20221025,2022,Q4,10,Oct,2022-10,43,Tue
2022-10-26,20221026,2022,Q4,10,Oct,2022-10,43,Wed
2022-10-27,20221027,2022,Q4,10,Oct,2022-10,43,Thu
2022-10-28,20221028,2022,Q4,10,Oct,2022-10,43,Fri
2022-10-29,20221029,2022,Q4,10,Oct,2022-10,43,Sat
2022-10-30,20221030,2022,Q4,10,Oct,2022-10,43,Sun
2022-10-31,20221031,2022,Q4,10,Oct,2022-10,44,Mon
2022-11-01,20221101,2022,Q4,11,Nov,2022-11,44,Tue
