risk_id,assessment_date_key,event_count,total_net_loss,avg_net_loss,impact_score,probability_score_1_5,control_effectiveness,inherent_risk_score,residual_risk_score
RISK-001,20190101,2,36788.329999999994,18394.164999999997,2,2,0.618,4,2.33
RISK-001,20190201,4,81877.35,20469.3375,3,3,0.618,9,5.24
RISK-001,20190301,1,9828.8,9828.8,2,1,0.618,2,1.16
RISK-001,20190401,3,87217.0,29072.333333333332,3,3,0.618,9,5.24
RISK-001,20190501,3,138501.55,46167.18333333333,3,3,0.618,9,5.24
RISK-001,20190601,5,692080.4199999999,138416.08399999997,3,4,0.618,12,6.98
RISK-001,20190701,3,66448.44,22149.48,3,3,0.618,9,5.24
RISK-001,20190801,3,68871.75,22957.25,3,3,0.618,9,5.24
RISK-001,20190901,3,21150.54,7050.18,2,3,0.618,6,3.49
RISK-001,20191001,2,56622.01,28311.005,3,2,0.618,6,3.49
RISK-001,20191101,2,34840.380000000005,17420.190000000002,2,2,0.618,4,2.33
RISK-001,20191201,4,48171.19,12042.7975,2,3,0.618,6,3.49
RISK-001,20200101,5,890712.35,178142.47,3,4,0.618,12,6.98
RISK-001,20200201,2,28875.629999999997,14437.814999999999,2,2,0.618,4,2.33
RISK-001,20200301,6,234866.44,39144.40666666667,3,4,0.618,12,6.98
RISK-001,20200401,6,106397.73999999999,17732.956666666665,2,4,0.618,8,4.66
RISK-001,20200501,5,85992.79000000001,17198.558,2,4,0.618,8,4.66
RISK-001,20200601,2,389268.64999999997,194634.32499999998,3,2,0.618,6,3.49
RISK-001,20200701,2,13294.58,6647.29,2,2,0.618,4,2.33
RISK-001,20200801,2,41240.560000000005,20620.280000000002,3,2,0.618,6,3.49
RISK-001,20200901,2,12246.17,6123.085,2,2,0.618,4,2.33
RISK-001,20201001,4,55397.36,13849.34,2,3,0.618,6,3.49
RISK-001,20201101,4,54288.81,13572.2025,2,3,0.618,6,3.49
RISK-001,20201201,4,1217175.66,304293.915,4,3,0.618,12,6.98
RISK-001,20210101,3,896382.19,298794.0633333333,4,3,0.618,12,6.98
RISK-001,20210201,3,73551.64,24517.213333333333,3,3,0.618,9,5.24
RISK-001,20210301,2,99559.73999999999,49779.869999999995,3,2,0.618,6,3.49
RISK-001,20210401,3,20703.14,6901.046666666666,2,3,0.618,6,3.49
RISK-001,20210501,2,16488.15,8244.075,2,2,0.618,4,2.33
RISK-001,20210601,2,489366.7,244683.35,4,2,0.618,8,4.66
RISK-001,20210701,3,15170.36,5056.786666666667,2,3,0.618,6,3.49
RISK-001,20210801,2,1777778.2,888889.1,4,2,0.618,8,4.66
RISK-001,20210901,3,196819.45,65606.48333333334,3,3,0.618,9,5.24
RISK-001,20211001,2,62390.030000000006,31195.015000000003,3,2,0.618,6,3.49
RISK-001,20211101,3,96259.84,32086.61333333333,3,3,0.618,9,5.24
RISK-001,20211201,4,23991.09,5997.7725,2,3,0.618,6,3.49
RISK-001,20220101,5,201727.51,40345.502,3,4,0.618,12,6.98
RISK-001,20220201,1,371159.46,371159.46,4,1,0.618,4,2.33
RISK-001,20220301,2,87603.81999999999,43801.909999999996,3,2,0.618,6,3.49
RISK-001,20220401,2,152788.93,76394.465,3,2,0.618,6,3.49
RISK-001,20220501,3,9441.04,3147.013333333334,2,3,0.618,6,3.49
RISK-001,20220601,5,728812.76,145762.552,3,4,0.618,12,6.98
RISK-001,20220701,3,28306.36,9435.453333333333,2,3,0.618,6,3.49
RISK-001,20220801,3,814196.96,271398.98666666663,4,3,0.618,12,6.98
RISK-001,20220901,2,10760.14,5380.07,2,2,0.618,4,2.33
RISK-001,20221001,4,188809.97,47202.4925,3,3,0.618,9,5.24
RISK-001,20221101,2,38369.72,19184.86,2,2,0.618,4,2.33
RISK-001,20221201,2,337598.9,168799.45,3,2,0.618,6,3.49
RISK-001,20230101,4,173200.55,43300.1375,3,3,0.618,9,5.24
RISK-001,20230201,2,15663.11,7831.555,2,2,0.618,4,2.33
RISK-001,20230301,5,92259.20999999999,18451.841999999997,2,4,0.618,8,4.66
RISK-001,20230401,4,68671.56999999999,17167.892499999998,2,3,0.618,6,3.49
RISK-001,20230501,3,502306.95,167435.65,3,3,0.618,9,5.24
RISK-001,20230601,3,31764.74,10588.246666666668,2,3,0.618,6,3.49
RISK-001,20230801,3,85768.62000000001,28589.540000000005,3,3,0.618,9,5.24
RISK-001,20230901,2,19415.829999999998,9707.914999999999,2,2,0.618,4,2.33
RISK-001,20231001,4,3010019.61,752504.9025,4,3,0.618,12,6.98
RISK-001,20231101,6,1251047.44,208507.90666666665,3,4,0.618,12,6.98
RISK-001,20231201,5,167497.17,33499.434,3,4,0.618,12,6.98
RISK-001,20240101,2,192951.42,96475.71,3,2,0.618,6,3.49
RISK-001,20240201,1,6085.59,6085.59,2,1,0.618,2,1.16
RISK-001,20240301,2,487891.26,243945.63,4,2,0.618,8,4.66
RISK-001,20240401,4,374745.14999999997,93686.28749999999,3,3,0.618,9,5.24
RISK-001,20240501,3,28464.67,9488.223333333333,2,3,0.618,6,3.49
RISK-001,20240601,2,20669.39,10334.695,2,2,0.618,4,2.33
RISK-002,20190101,4,150206.66,37551.665,3,3,0.574384236453202,9,5.63
RISK-002,20190201,5,56338.32,11267.664,2,4,0.574384236453202,8,5.0
RISK-002,20190301,4,36518.86,9129.715,2,3,0.574384236453202,6,3.75
RISK-002,20190401,5,51361.48,10272.296,2,4,0.574384236453202,8,5.0
RISK-002,20190501,1,17606.28,17606.28,2,1,0.574384236453202,2,1.25
RISK-002,20190601,2,17680.36,8840.18,2,2,0.574384236453202,4,2.5
RISK-002,20190701,3,791394.99,263798.33,4,3,0.574384236453202,12,7.51
RISK-002,20190801,5,1070156.2000000002,214031.24000000005,3,4,0.574384236453202,12,7.51
RISK-002,20190901,3,169778.14,56592.71333333334,3,3,0.574384236453202,9,5.63
RISK-002,20191001,2,16727.72,8363.86,2,2,0.574384236453202,4,2.5
RISK-002,20191101,4,340303.72,85075.93,3,3,0.574384236453202,9,5.63
RISK-002,20191201,2,226446.72,113223.36,3,2,0.574384236453202,6,3.75
RISK-002,20200101,4,66138.68,16534.67,2,3,0.574384236453202,6,3.75
RISK-002,20200201,1,148139.39,148139.39,3,1,0.574384236453202,3,1.88
RISK-002,20200301,3,65359.479999999996,21786.493333333332,3,3,0.574384236453202,9,5.63
RISK-002,20200401,3,37767.82,12589.273333333333,2,3,0.574384236453202,6,3.75
RISK-002,20200501,4,641834.22,160458.555,3,3,0.574384236453202,9,5.63
RISK-002,20200601,1,29932.18,29932.18,3,1,0.574384236453202,3,1.88
RISK-002,20200701,2,1444827.3199999998,722413.6599999999,4,2,0.574384236453202,8,5.0
RISK-002,20200801,4,832244.1900000001,208061.04750000002,3,3,0.574384236453202,9,5.63
RISK-002,20200901,4,58364.89,14591.2225,2,3,0.574384236453202,6,3.75
RISK-002,20201001,1,11779.24,11779.24,2,1,0.574384236453202,2,1.25
RISK-002,20201101,5,267176.37,53435.274,3,4,0.574384236453202,12,7.51
RISK-002,20201201,4,1255319.68,313829.92,4,3,0.574384236453202,12,7.51
RISK-002,20210101,2,16546.059999999998,8273.029999999999,2,2,0.574384236453202,4,2.5
RISK-002,20210201,3,427522.44,142507.48,3,3,0.574384236453202,9,5.63
RISK-002,20210301,4,35136.04,8784.01,2,3,0.574384236453202,6,3.75
RISK-002,20210401,2,30535.4,15267.7,2,2,0.574384236453202,4,2.5
RISK-002,20210501,4,32344.059999999998,8086.014999999999,2,3,0.574384236453202,6,3.75
RISK-002,20210601,1,12578.27,12578.27,2,1,0.574384236453202,2,1.25
RISK-002,20210701,2,18560.89,9280.445,2,2,0.574384236453202,4,2.5
RISK-002,20210801,2,600476.48,300238.24,4,2,0.574384236453202,8,5.0
RISK-002,20210901,4,689516.53,172379.1325,3,3,0.574384236453202,9,5.63
RISK-002,20211001,2,120434.28,60217.14,3,2,0.574384236453202,6,3.75
RISK-002,20211101,6,111343.87,18557.311666666665,2,4,0.574384236453202,8,5.0
RISK-002,20211201,5,87882.48999999999,17576.498,2,4,0.574384236453202,8,5.0
RISK-002,20220101,4,34146.41,8536.6025,2,3,0.574384236453202,6,3.75
RISK-002,20220201,4,291934.56999999995,72983.64249999999,3,3,0.574384236453202,9,5.63
RISK-002,20220301,3,405446.20999999996,135148.73666666666,3,3,0.574384236453202,9,5.63
RISK-002,20220401,6,728016.94,121336.15666666666,3,4,0.574384236453202,12,7.51
RISK-002,20220501,3,579212.89,193070.96333333335,3,3,0.574384236453202,9,5.63
RISK-002,20220601,3,44936.28,14978.76,2,3,0.574384236453202,6,3.75
RISK-002,20220701,1,5750.75,5750.75,2,1,0.574384236453202,2,1.25
RISK-002,20220801,3,190942.62,63647.54,3,3,0.574384236453202,9,5.63
RISK-002,20221001,3,60642.9,20214.3,3,3,0.574384236453202,9,5.63
RISK-002,20221101,2,6277.42,3138.71,2,2,0.574384236453202,4,2.5
RISK-002,20221201,5,109634.3,21926.86,3,4,0.574384236453202,12,7.51
RISK-002,20230101,3,20254.12,6751.373333333333,2,3,0.574384236453202,6,3.75
RISK-002,20230201,3,1480768.94,493589.64666666667,4,3,0.574384236453202,12,7.51
RISK-002,20230301,5,43330.89,8666.178,2,4,0.574384236453202,8,5.0
RISK-002,20230401,1,242836.86,242836.86,4,1,0.574384236453202,4,2.5
RISK-002,20230501,1,20510.01,20510.01,3,1,0.574384236453202,3,1.88
RISK-002,20230601,5,172086.84,34417.368,3,4,0.574384236453202,12,7.51
RISK-002,20230701,5,617775.2100000001,123555.04200000002,3,4,0.574384236453202,12,7.51
RISK-002,20230801,2,136288.35,68144.175,3,2,0.574384236453202,6,3.75
RISK-002,20231001,4,147099.69,36774.9225,3,3,0.574384236453202,9,5.63
RISK-002,20231101,3,22041.09,7347.03,2,3,0.574384236453202,6,3.75
RISK-002,20231201,5,81547.14,16309.428,2,4,0.574384236453202,8,5.0
RISK-002,20240101,8,137970.88999999998,17246.361249999998,2,5,0.574384236453202,10,6.26
RISK-002,20240301,2,26799.58,13399.79,2,2,0.574384236453202,4,2.5
RISK-002,20240401,2,6828.42,3414.21,2,2,0.574384236453202,4,2.5
RISK-002,20240501,4,364821.87,91205.4675,3,3,0.574384236453202,9,5.63
RISK-003,20190101,4,69835.59,17458.8975,2,3,0.5623762376237624,6,3.83
RISK-003,20190201,2,15145.05,7572.525,2,2,0.5623762376237624,4,2.55
RISK-003,20190301,6,1299677.27,216612.87833333333,3,4,0.5623762376237624,12,7.65
RISK-003,20190401,5,131344.97,26268.994,3,4,0.5623762376237624,12,7.65
RISK-003,20190501,4,140354.88,35088.72,3,3,0.5623762376237624,9,5.74
RISK-003,20190601,3,374196.02999999997,124732.01,3,3,0.5623762376237624,9,5.74
RISK-003,20190701,3,124965.70000000001,41655.23333333334,3,3,0.5623762376237624,9,5.74
RISK-003,20190801,4,33609.31,8402.3275,2,3,0.5623762376237624,6,3.83
RISK-003,20190901,1,8418.74,8418.74,2,1,0.5623762376237624,2,1.28
RISK-003,20191001,3,149030.69,49676.89666666667,3,3,0.5623762376237624,9,5.74
RISK-003,20191101,5,47954.93,9590.986,2,4,0.5623762376237624,8,5.1
RISK-003,20191201,6,1019927.2,169987.86666666667,3,4,0.5623762376237624,12,7.65
RISK-003,20200101,3,16907.8,5635.933333333333,2,3,0.5623762376237624,6,3.83
RISK-003,20200201,1,34916.22,34916.22,3,1,0.5623762376237624,3,1.91
RISK-003,20200301,2,74134.02,37067.01,3,2,0.5623762376237624,6,3.83
RISK-003,20200401,2,54938.31,27469.155,3,2,0.5623762376237624,6,3.83
RISK-003,20200501,2,1595077.15,797538.575,4,2,0.5623762376237624,8,5.1
RISK-003,20200601,1,28322.23,28322.23,3,1,0.5623762376237624,3,1.91
RISK-003,20200701,2,22962.219999999998,11481.109999999999,2,2,0.5623762376237624,4,2.55
RISK-003,20200901,2,127338.68,63669.34,3,2,0.5623762376237624,6,3.83
RISK-003,20201001,1,37792.95,37792.95,3,1,0.5623762376237624,3,1.91
RISK-003,20201101,4,211808.5,52952.125,3,3,0.5623762376237624,9,5.74
RISK-003,20201201,4,841060.33,210265.0825,3,3,0.5623762376237624,9,5.74
RISK-003,20210101,6,137650.52,22941.75333333333,3,4,0.5623762376237624,12,7.65
RISK-003,20210201,4,118483.35,29620.8375,3,3,0.5623762376237624,9,5.74
RISK-003,20210301,3,39634.94,13211.646666666667,2,3,0.5623762376237624,6,3.83
RISK-003,20210401,5,679121.9199999999,135824.384,3,4,0.5623762376237624,12,7.65
RISK-003,20210501,5,246095.78000000003,49219.156,3,4,0.5623762376237624,12,7.65
RISK-003,20210601,2,776635.0700000001,388317.53500000003,4,2,0.5623762376237624,8,5.1
RISK-003,20210701,5,697825.9800000001,139565.19600000003,3,4,0.5623762376237624,12,7.65
RISK-003,20210801,4,26241.46,6560.365,2,3,0.5623762376237624,6,3.83
RISK-003,20210901,3,537472.69,179157.56333333332,3,3,0.5623762376237624,9,5.74
RISK-003,20211001,2,9905.240000000002,4952.620000000001,2,2,0.5623762376237624,4,2.55
RISK-003,20211101,3,160257.09,53419.03,3,3,0.5623762376237624,9,5.74
RISK-003,20211201,6,1958003.04,326333.84,4,4,0.5623762376237624,16,10.2
RISK-003,20220101,3,193722.02,64574.00666666666,3,3,0.5623762376237624,9,5.74
RISK-003,20220201,2,766875.3099999999,383437.65499999997,4,2,0.5623762376237624,8,5.1
RISK-003,20220301,1,221609.07,221609.07,4,1,0.5623762376237624,4,2.55
RISK-003,20220401,5,550913.38,110182.676,3,4,0.5623762376237624,12,7.65
RISK-003,20220501,1,4781.9,4781.9,2,1,0.5623762376237624,2,1.28
RISK-003,20220601,1,6926.48,6926.48,2,1,0.5623762376237624,2,1.28
RISK-003,20220701,1,2358.23,2358.23,2,1,0.5623762376237624,2,1.28
RISK-003,20220801,1,5724.57,5724.57,2,1,0.5623762376237624,2,1.28
RISK-003,20220901,2,115565.01000000001,57782.505000000005,3,2,0.5623762376237624,6,3.83
RISK-003,20221001,2,55004.1,27502.05,3,2,0.5623762376237624,6,3.83
RISK-003,20221101,4,2817383.41,704345.8525,4,3,0.5623762376237624,12,7.65
RISK-003,20221201,3,50997.91,16999.303333333333,2,3,0.5623762376237624,6,3.83
RISK-003,20230101,4,32262.68,8065.67,2,3,0.5623762376237624,6,3.83
RISK-003,20230201,6,61599.78,10266.63,2,4,0.5623762376237624,8,5.1
RISK-003,20230301,6,648027.98,108004.66333333333,3,4,0.5623762376237624,12,7.65
RISK-003,20230401,2,3314.11,1657.055,1,2,0.5623762376237624,2,1.28
RISK-003,20230501,5,79243.91,15848.782000000001,2,4,0.5623762376237624,8,5.1
RISK-003,20230601,5,703894.61,140778.922,3,4,0.5623762376237624,12,7.65
RISK-003,20230701,4,663752.61,165938.1525,3,3,0.5623762376237624,9,5.74
RISK-003,20230801,2,137959.85,68979.925,3,2,0.5623762376237624,6,3.83
RISK-003,20230901,3,103681.52,34560.50666666667,3,3,0.5623762376237624,9,5.74
RISK-003,20231001,7,815169.18,116452.74,3,4,0.5623762376237624,12,7.65
RISK-003,20231101,1,3588.66,3588.66,2,1,0.5623762376237624,2,1.28
RISK-003,20231201,1,131933.16,131933.16,3,1,0.5623762376237624,3,1.91
RISK-003,20240101,1,9517.64,9517.64,2,1,0.5623762376237624,2,1.28
RISK-003,20240201,2,11101.380000000001,5550.6900000000005,2,2,0.5623762376237624,4,2.55
RISK-003,20240301,2,73067.69,36533.845,3,2,0.5623762376237624,6,3.83
RISK-003,20240401,2,9403.619999999999,4701.8099999999995,2,2,0.5623762376237624,4,2.55
RISK-003,20240501,2,27341.739999999998,13670.869999999999,2,2,0.5623762376237624,4,2.55
RISK-003,20240601,3,112051.25,37350.416666666664,3,3,0.5623762376237624,9,5.74
RISK-004,20190101,4,37827.72,9456.93,2,3,0.62,6,3.48
RISK-004,20190201,3,1151575.95,383858.64999999997,4,3,0.62,12,6.96
RISK-004,20190301,3,151764.05,50588.01666666666,3,3,0.62,9,5.22
RISK-004,20190401,1,162730.48,162730.48,3,1,0.62,3,1.74
RISK-004,20190501,4,496315.87,124078.9675,3,3,0.62,9,5.22
RISK-004,20190601,8,396423.45,49552.93125,3,5,0.62,15,8.7
RISK-004,20190701,9,1218993.5,135443.72222222222,3,5,0.62,15,8.7
RISK-004,20190801,1,4411.84,4411.84,2,1,0.62,2,1.16
RISK-004,20190901,1,104461.29,104461.29,3,1,0.62,3,1.74
RISK-004,20191001,2,20363.71,10181.855,2,2,0.62,4,2.32
RISK-004,20191101,4,63928.630000000005,15982.157500000001,2,3,0.62,6,3.48
RISK-004,20191201,4,84355.75,21088.9375,3,3,0.62,9,5.22
RISK-004,20200101,2,9513.55,4756.775,2,2,0.62,4,2.32
RISK-004,20200301,2,13230.66,6615.33,2,2,0.62,4,2.32
RISK-004,20200401,3,10637.09,3545.6966666666667,2,3,0.62,6,3.48
RISK-004,20200501,2,57461.14,28730.57,3,2,0.62,6,3.48
RISK-004,20200601,1,5884.45,5884.45,2,1,0.62,2,1.16
RISK-004,20200701,2,17918.53,8959.265,2,2,0.62,4,2.32
RISK-004,20200801,4,82844.41,20711.1025,3,3,0.62,9,5.22
RISK-004,20200901,1,3376.09,3376.09,2,1,0.62,2,1.16
RISK-004,20201001,2,46252.01,23126.005,3,2,0.62,6,3.48
RISK-004,20201101,2,12559.07,6279.535,2,2,0.62,4,2.32
RISK-004,20201201,2,19080.24,9540.12,2,2,0.62,4,2.32
RISK-004,20210101,3,189741.30999999997,63247.103333333325,3,3,0.62,9,5.22
RISK-004,20210201,2,240220.69,120110.345,3,2,0.62,6,3.48
RISK-004,20210301,2,23826.829999999998,11913.414999999999,2,2,0.62,4,2.32
RISK-004,20210401,1,19894.43,19894.43,3,1,0.62,3,1.74
RISK-004,20210501,4,98703.94,24675.985,3,3,0.62,9,5.22
RISK-004,20210601,1,4941.84,4941.84,2,1,0.62,2,1.16
RISK-004,20210701,4,14675.99,3668.9975,2,3,0.62,6,3.48
RISK-004,20210901,4,256050.44,64012.61,3,3,0.62,9,5.22
RISK-004,20211001,4,220384.69,55096.1725,3,3,0.62,9,5.22
RISK-004,20211101,3,712003.05,237334.35,4,3,0.62,12,6.96
RISK-004,20211201,6,670324.62,111720.77,3,4,0.62,12,6.96
RISK-004,20220101,3,450649.34,150216.44666666668,3,3,0.62,9,5.22
RISK-004,20220201,2,11032.48,5516.24,2,2,0.62,4,2.32
RISK-004,20220301,1,6053.31,6053.31,2,1,0.62,2,1.16
RISK-004,20220401,5,286535.24,57307.047999999995,3,4,0.62,12,6.96
RISK-004,20220501,2,194507.7,97253.85,3,2,0.62,6,3.48
RISK-004,20220601,1,45255.01,45255.01,3,1,0.62,3,1.74
RISK-004,20220701,2,305457.23,152728.615,3,2,0.62,6,3.48
RISK-004,20220801,3,68456.69,22818.896666666667,3,3,0.62,9,5.22
RISK-004,20220901,3,199758.11,66586.03666666667,3,3,0.62,9,5.22
RISK-004,20221001,5,257644.63,51528.926,3,4,0.62,12,6.96
RISK-004,20230101,3,18058.239999999998,6019.413333333333,2,3,0.62,6,3.48
RISK-004,20230301,3,23450.96,7816.986666666667,2,3,0.62,6,3.48
RISK-004,20230401,4,23035.579999999998,5758.8949999999995,2,3,0.62,6,3.48
RISK-004,20230501,2,50993.880000000005,25496.940000000002,3,2,0.62,6,3.48
RISK-004,20230601,2,215247.93,107623.965,3,2,0.62,6,3.48
RISK-004,20230701,3,172872.96000000002,57624.32000000001,3,3,0.62,9,5.22
RISK-004,20230801,3,327896.2,109298.73333333334,3,3,0.62,9,5.22
RISK-004,20230901,4,163479.44,40869.86,3,3,0.62,9,5.22
RISK-004,20231001,2,14895.4,7447.7,2,2,0.62,4,2.32
RISK-004,20231101,5,1884889.1400000001,376977.82800000004,4,4,0.62,16,9.28
RISK-004,20231201,1,10911.7,10911.7,2,1,0.62,2,1.16
RISK-004,20240101,1,5549.97,5549.97,2,1,0.62,2,1.16
RISK-004,20240201,5,89952.04,17990.408,2,4,0.62,8,4.64
RISK-004,20240301,2,5751.21,2875.605,2,2,0.62,4,2.32
RISK-004,20240401,5,49668.65,9933.73,2,4,0.62,8,4.64
RISK-004,20240501,3,83743.7,27914.566666666666,3,3,0.62,9,5.22
RISK-004,20240601,4,16763.019999999997,4190.754999999999,2,3,0.62,6,3.48
RISK-005,20190101,2,68372.37999999999,34186.189999999995,3,2,0.611049723756906,6,3.53
RISK-005,20190201,2,539783.38,269891.69,4,2,0.611049723756906,8,4.71
RISK-005,20190301,5,182605.8,36521.159999999996,3,4,0.611049723756906,12,7.07
RISK-005,20190401,2,9723.46,4861.73,2,2,0.611049723756906,4,2.36
RISK-005,20190501,3,65562.79000000001,21854.263333333336,3,3,0.611049723756906,9,5.3
RISK-005,20190601,1,619.75,619.75,1,1,0.611049723756906,1,0.59
RISK-005,20190701,1,17509.61,17509.61,2,1,0.611049723756906,2,1.18
RISK-005,20190801,3,1286880.81,428960.27,4,3,0.611049723756906,12,7.07
RISK-005,20190901,4,201920.36000000002,50480.090000000004,3,3,0.611049723756906,9,5.3
RISK-005,20191001,1,1124.86,1124.86,1,1,0.611049723756906,1,0.59
RISK-005,20191201,4,38035.56,9508.89,2,3,0.611049723756906,6,3.53
RISK-005,20200101,2,13412.7,6706.35,2,2,0.611049723756906,4,2.36
RISK-005,20200201,4,409118.72000000003,102279.68000000001,3,3,0.611049723756906,9,5.3
RISK-005,20200301,3,281996.14,93998.71333333333,3,3,0.611049723756906,9,5.3
RISK-005,20200401,5,43087.49,8617.498,2,4,0.611049723756906,8,4.71
RISK-005,20200501,4,13518.91,3379.7275,2,3,0.611049723756906,6,3.53
RISK-005,20200701,4,30540.079999999998,7635.0199999999995,2,3,0.611049723756906,6,3.53
RISK-005,20200801,4,864656.86,216164.215,3,3,0.611049723756906,9,5.3
RISK-005,20200901,4,202086.66,50521.665,3,3,0.611049723756906,9,5.3
RISK-005,20201001,1,6419.54,6419.54,2,1,0.611049723756906,2,1.18
RISK-005,20201101,3,10683.45,3561.15,2,3,0.611049723756906,6,3.53
RISK-005,20201201,4,39936.97,9984.2425,2,3,0.611049723756906,6,3.53
RISK-005,20210101,6,414821.73,69136.955,3,4,0.611049723756906,12,7.07
RISK-005,20210201,1,9784.28,9784.28,2,1,0.611049723756906,2,1.18
RISK-005,20210301,1,7900.04,7900.04,2,1,0.611049723756906,2,1.18
RISK-005,20210401,4,171140.66999999998,42785.167499999996,3,3,0.611049723756906,9,5.3
RISK-005,20210501,3,22889.2,7629.733333333334,2,3,0.611049723756906,6,3.53
RISK-005,20210601,3,22421.45,7473.816666666667,2,3,0.611049723756906,6,3.53
RISK-005,20210701,3,1778825.7900000003,592941.93,4,3,0.611049723756906,12,7.07
RISK-005,20210801,3,45732.91,15244.303333333335,2,3,0.611049723756906,6,3.53
RISK-005,20210901,2,113279.63,56639.815,3,2,0.611049723756906,6,3.53
RISK-005,20211001,4,255587.65,63896.9125,3,3,0.611049723756906,9,5.3
RISK-005,20211101,2,15071.46,7535.73,2,2,0.611049723756906,4,2.36
RISK-005,20211201,1,1706.34,1706.34,1,1,0.611049723756906,1,0.59
RISK-005,20220101,3,43620.53,14540.176666666666,2,3,0.611049723756906,6,3.53
RISK-005,20220201,4,1274988.85,318747.2125,4,3,0.611049723756906,12,7.07
RISK-005,20220301,1,14372.46,14372.46,2,1,0.611049723756906,2,1.18
RISK-005,20220401,8,136206.42,17025.8025,2,5,0.611049723756906,10,5.89
RISK-005,20220501,2,188637.63,94318.815,3,2,0.611049723756906,6,3.53
RISK-005,20220601,6,173574.65,28929.108333333334,3,4,0.611049723756906,12,7.07
RISK-005,20220701,3,27042.55,9014.183333333332,2,3,0.611049723756906,6,3.53
RISK-005,20221001,5,60974.21,12194.842,2,4,0.611049723756906,8,4.71
RISK-005,20221101,7,1460079.95,208582.85,3,4,0.611049723756906,12,7.07
RISK-005,20221201,4,89599.12,22399.78,3,3,0.611049723756906,9,5.3
RISK-005,20230101,2,60815.81,30407.905,3,2,0.611049723756906,6,3.53
RISK-005,20230201,1,21282.52,21282.52,3,1,0.611049723756906,3,1.77
RISK-005,20230301,4,252418.17,63104.5425,3,3,0.611049723756906,9,5.3
RISK-005,20230401,3,122452.04000000001,40817.34666666667,3,3,0.611049723756906,9,5.3
RISK-005,20230501,3,150510.52,50170.17333333333,3,3,0.611049723756906,9,5.3
RISK-005,20230601,1,5026.98,5026.98,2,1,0.611049723756906,2,1.18
RISK-005,20230701,4,162655.07,40663.7675,3,3,0.611049723756906,9,5.3
RISK-005,20230801,3,24871.14,8290.38,2,3,0.611049723756906,6,3.53
RISK-005,20230901,1,5776.45,5776.45,2,1,0.611049723756906,2,1.18
RISK-005,20231101,5,2315142.53,463028.50599999994,4,4,0.611049723756906,16,9.42
RISK-005,20231201,1,10040.74,10040.74,2,1,0.611049723756906,2,1.18
RISK-005,20240101,4,6237937.12,1559484.28,4,3,0.611049723756906,12,7.07
RISK-005,20240201,2,17907.23,8953.615,2,2,0.611049723756906,4,2.36
RISK-005,20240301,2,10600.27,5300.135,2,2,0.611049723756906,4,2.36
RISK-005,20240401,1,12292.27,12292.27,2,1,0.611049723756906,2,1.18
RISK-005,20240501,1,3630.53,3630.53,2,1,0.611049723756906,2,1.18
RISK-005,20240601,1,17265.37,17265.37,2,1,0.611049723756906,2,1.18
RISK-006,20190101,5,38678.18,7735.636,2,4,0.6127272727272728,8,4.7
RISK-006,20190201,3,52532.93,17510.976666666666,2,3,0.6127272727272728,6,3.52
RISK-006,20190301,2,134706.05,67353.025,3,2,0.6127272727272728,6,3.52
RISK-006,20190401,3,136950.5,45650.166666666664,3,3,0.6127272727272728,9,5.29
RISK-006,20190501,5,1855610.16,371122.032,4,4,0.6127272727272728,16,9.4
RISK-006,20190601,4,41784.15,10446.0375,2,3,0.6127272727272728,6,3.52
RISK-006,20190701,3,135721.91,45240.636666666665,3,3,0.6127272727272728,9,5.29
RISK-006,20190801,4,1248952.8399999999,312238.20999999996,4,3,0.6127272727272728,12,7.05
RISK-006,20191001,3,30280.019999999997,10093.339999999998,2,3,0.6127272727272728,6,3.52
RISK-006,20191101,5,287636.9,57527.380000000005,3,4,0.6127272727272728,12,7.05
RISK-006,20191201,6,743979.39,123996.565,3,4,0.6127272727272728,12,7.05
RISK-006,20200201,6,190460.83,31743.471666666665,3,4,0.6127272727272728,12,7.05
RISK-006,20200301,6,2566107.83,427684.63833333337,4,4,0.6127272727272728,16,9.4
RISK-006,20200401,2,5678.49,2839.245,2,2,0.6127272727272728,4,2.35
RISK-006,20200501,1,725339.8,725339.8,4,1,0.6127272727272728,4,2.35
RISK-006,20200601,1,34848.53,34848.53,3,1,0.6127272727272728,3,1.76
RISK-006,20200701,3,81042.08,27014.02666666667,3,3,0.6127272727272728,9,5.29
RISK-006,20200801,2,19823.48,9911.74,2,2,0.6127272727272728,4,2.35
RISK-006,20200901,5,20104.489999999998,4020.8979999999997,2,4,0.6127272727272728,8,4.7
RISK-006,20201001,2,19583.07,9791.535,2,2,0.6127272727272728,4,2.35
RISK-006,20201101,2,18854.510000000002,9427.255000000001,2,2,0.6127272727272728,4,2.35
RISK-006,20201201,7,391721.66,55960.23714285714,3,4,0.6127272727272728,12,7.05
RISK-006,20210101,6,103754.47,17292.411666666667,2,4,0.6127272727272728,8,4.7
RISK-006,20210201,2,39146.7,19573.35,3,2,0.6127272727272728,6,3.52
RISK-006,20210301,2,3349146.92,1674573.46,4,2,0.6127272727272728,8,4.7
RISK-006,20210401,4,45905.649999999994,11476.412499999999,2,3,0.6127272727272728,6,3.52
RISK-006,20210501,5,3272920.25,654584.05,4,4,0.6127272727272728,16,9.4
RISK-006,20210601,2,183867.22,91933.61,3,2,0.6127272727272728,6,3.52
RISK-006,20210701,5,51326.89,10265.378,2,4,0.6127272727272728,8,4.7
RISK-006,20210801,1,33100.74,33100.74,3,1,0.6127272727272728,3,1.76
RISK-006,20210901,6,37882.52,6313.753333333333,2,4,0.6127272727272728,8,4.7
RISK-006,20211001,4,62575.46,15643.865,2,3,0.6127272727272728,6,3.52
RISK-006,20211101,3,23908.54,7969.513333333333,2,3,0.6127272727272728,6,3.52
RISK-006,20211201,1,26287.94,26287.94,3,1,0.6127272727272728,3,1.76
RISK-006,20220101,4,47465.43,11866.3575,2,3,0.6127272727272728,6,3.52
RISK-006,20220201,6,42963.11,7160.518333333333,2,4,0.6127272727272728,8,4.7
RISK-006,20220301,3,44338.59,14779.529999999999,2,3,0.6127272727272728,6,3.52
RISK-006,20220401,2,267259.45,133629.725,3,2,0.6127272727272728,6,3.52
RISK-006,20220501,1,67479.91,67479.91,3,1,0.6127272727272728,3,1.76
RISK-006,20220601,4,65371.52,16342.88,2,3,0.6127272727272728,6,3.52
RISK-006,20220701,8,56920.2,7115.025,2,5,0.6127272727272728,10,5.87
RISK-006,20220801,3,19632.22,6544.073333333334,2,3,0.6127272727272728,6,3.52
RISK-006,20220901,1,7759.86,7759.86,2,1,0.6127272727272728,2,1.17
RISK-006,20221101,1,32620.45,32620.45,3,1,0.6127272727272728,3,1.76
RISK-006,20221201,3,158251.72,52750.573333333334,3,3,0.6127272727272728,9,5.29
RISK-006,20230101,4,699583.9199999999,174895.97999999998,3,3,0.6127272727272728,9,5.29
RISK-006,20230201,1,1534435.0,1534435.0,4,1,0.6127272727272728,4,2.35
RISK-006,20230301,4,35594.020000000004,8898.505000000001,2,3,0.6127272727272728,6,3.52
RISK-006,20230401,2,80211.03,40105.515,3,2,0.6127272727272728,6,3.52
RISK-006,20230501,4,86105.67000000001,21526.417500000003,3,3,0.6127272727272728,9,5.29
RISK-006,20230601,3,63618.95,21206.316666666666,3,3,0.6127272727272728,9,5.29
RISK-006,20230701,4,32939.2,8234.8,2,3,0.6127272727272728,6,3.52
RISK-006,20230801,4,206284.29,51571.0725,3,3,0.6127272727272728,9,5.29
RISK-006,20230901,4,604016.01,151004.0025,3,3,0.6127272727272728,9,5.29
RISK-006,20231001,4,152886.92,38221.73,3,3,0.6127272727272728,9,5.29
RISK-006,20231101,6,2470180.57,411696.76166666666,4,4,0.6127272727272728,16,9.4
RISK-006,20231201,7,147203.94999999998,21029.135714285712,3,4,0.6127272727272728,12,7.05
RISK-006,20240101,1,241142.56,241142.56,4,1,0.6127272727272728,4,2.35
RISK-006,20240201,4,112586.33000000002,28146.582500000004,3,3,0.6127272727272728,9,5.29
RISK-006,20240301,3,307788.17,102596.05666666666,3,3,0.6127272727272728,9,5.29
RISK-006,20240401,4,66116.16,16529.04,2,3,0.6127272727272728,6,3.52
RISK-006,20240501,2,14928.439999999999,7464.219999999999,2,2,0.6127272727272728,4,2.35
RISK-006,20240601,2,303443.01,151721.505,3,2,0.6127272727272728,6,3.52
RISK-007,20190101,1,12144.94,12144.94,2,1,0.5958762886597938,2,1.21
RISK-007,20190201,1,2429.04,2429.04,2,1,0.5958762886597938,2,1.21
RISK-007,20190301,2,361448.79,180724.395,3,2,0.5958762886597938,6,3.62
RISK-007,20190401,4,96491.92,24122.98,3,3,0.5958762886597938,9,5.44
RISK-007,20190501,1,369908.86,369908.86,4,1,0.5958762886597938,4,2.42
RISK-007,20190601,4,1504493.95,376123.4875,4,3,0.5958762886597938,12,7.25
RISK-007,20190701,2,363930.43,181965.215,3,2,0.5958762886597938,6,3.62
RISK-007,20190801,2,47283.950000000004,23641.975000000002,3,2,0.5958762886597938,6,3.62
RISK-007,20190901,2,152576.56,76288.28,3,2,0.5958762886597938,6,3.62
RISK-007,20191001,4,52036.03,13009.0075,2,3,0.5958762886597938,6,3.62
RISK-007,20191101,7,168984.33,24140.61857142857,3,4,0.5958762886597938,12,7.25
RISK-007,20191201,5,1294945.6300000001,258989.12600000002,4,4,0.5958762886597938,16,9.67
RISK-007,20200101,3,2244474.55,748158.1833333332,4,3,0.5958762886597938,12,7.25
RISK-007,20200201,4,694627.72,173656.93,3,3,0.5958762886597938,9,5.44
RISK-007,20200301,4,173257.66,43314.415,3,3,0.5958762886597938,9,5.44
RISK-007,20200401,4,539021.86,134755.465,3,3,0.5958762886597938,9,5.44
RISK-007,20200501,4,1804857.34,451214.335,4,3,0.5958762886597938,12,7.25
RISK-007,20200601,2,55218.189999999995,27609.094999999998,3,2,0.5958762886597938,6,3.62
RISK-007,20200701,2,30789.25,15394.625,2,2,0.5958762886597938,4,2.42
RISK-007,20200801,4,379685.63,94921.4075,3,3,0.5958762886597938,9,5.44
RISK-007,20200901,2,30890.350000000002,15445.175000000001,2,2,0.5958762886597938,4,2.42
RISK-007,20201001,3,282746.17000000004,94248.72333333334,3,3,0.5958762886597938,9,5.44
RISK-007,20201101,3,143515.14,47838.380000000005,3,3,0.5958762886597938,9,5.44
RISK-007,20201201,4,1029582.49,257395.6225,4,3,0.5958762886597938,12,7.25
RISK-007,20210101,3,17767.51,5922.503333333333,2,3,0.5958762886597938,6,3.62
RISK-007,20210201,3,135306.03999999998,45102.01333333333,3,3,0.5958762886597938,9,5.44
RISK-007,20210301,2,105595.59,52797.795,3,2,0.5958762886597938,6,3.62
RISK-007,20210401,2,210175.75999999998,105087.87999999999,3,2,0.5958762886597938,6,3.62
RISK-007,20210501,1,15685.4,15685.4,2,1,0.5958762886597938,2,1.21
RISK-007,20210601,5,54627.22,10925.444,2,4,0.5958762886597938,8,4.83
RISK-007,20210701,2,540819.0399999999,270409.51999999996,4,2,0.5958762886597938,8,4.83
RISK-007,20210801,2,38955.19,19477.595,2,2,0.5958762886597938,4,2.42
RISK-007,20210901,4,1222799.31,305699.8275,4,3,0.5958762886597938,12,7.25
RISK-007,20211001,2,327516.77999999997,163758.38999999998,3,2,0.5958762886597938,6,3.62
RISK-007,20211101,2,57097.32,28548.66,3,2,0.5958762886597938,6,3.62
RISK-007,20211201,5,1195685.22,239137.044,4,4,0.5958762886597938,16,9.67
RISK-007,20220101,1,9924.25,9924.25,2,1,0.5958762886597938,2,1.21
RISK-007,20220201,3,27474.079999999998,9158.026666666667,2,3,0.5958762886597938,6,3.62
RISK-007,20220301,7,707325.98,101046.56857142856,3,4,0.5958762886597938,12,7.25
RISK-007,20220401,2,7509.12,3754.56,2,2,0.5958762886597938,4,2.42
RISK-007,20220501,2,40568.71,20284.355,3,2,0.5958762886597938,6,3.62
RISK-007,20220601,3,55878.02,18626.006666666664,2,3,0.5958762886597938,6,3.62
RISK-007,20220701,3,33495.37,11165.123333333335,2,3,0.5958762886597938,6,3.62
RISK-007,20220801,2,12104.939999999999,6052.469999999999,2,2,0.5958762886597938,4,2.42
RISK-007,20220901,3,889064.57,296354.85666666663,4,3,0.5958762886597938,12,7.25
RISK-007,20221001,2,597243.72,298621.86,4,2,0.5958762886597938,8,4.83
RISK-007,20221101,3,117312.32,39104.10666666667,3,3,0.5958762886597938,9,5.44
RISK-007,20221201,1,3787.45,3787.45,2,1,0.5958762886597938,2,1.21
RISK-007,20230101,4,97634.11,24408.5275,3,3,0.5958762886597938,9,5.44
RISK-007,20230201,3,32874.03,10958.01,2,3,0.5958762886597938,6,3.62
RISK-007,20230301,3,817724.59,272574.86333333334,4,3,0.5958762886597938,12,7.25
RISK-007,20230401,2,304402.33999999997,152201.16999999998,3,2,0.5958762886597938,6,3.62
RISK-007,20230601,4,169846.21000000002,42461.552500000005,3,3,0.5958762886597938,9,5.44
RISK-007,20230701,4,527866.89,131966.7225,3,3,0.5958762886597938,9,5.44
RISK-007,20230801,4,226709.15999999997,56677.28999999999,3,3,0.5958762886597938,9,5.44
RISK-007,20230901,6,97605.25,16267.541666666666,2,4,0.5958762886597938,8,4.83
RISK-007,20231001,6,3168842.52,528140.42,4,4,0.5958762886597938,16,9.67
RISK-007,20231101,2,76806.86,38403.43,3,2,0.5958762886597938,6,3.62
RISK-007,20231201,2,53020.340000000004,26510.170000000002,3,2,0.5958762886597938,6,3.62
RISK-007,20240101,1,1254.82,1254.82,1,1,0.5958762886597938,1,0.6
RISK-007,20240201,4,244340.5,61085.125,3,3,0.5958762886597938,9,5.44
RISK-007,20240301,1,4266078.59,4266078.59,5,1,0.5958762886597938,5,3.02
RISK-007,20240401,2,6114.889999999999,3057.4449999999997,2,2,0.5958762886597938,4,2.42
RISK-007,20240501,6,935509.42,155918.23666666666,3,4,0.5958762886597938,12,7.25
RISK-007,20240601,1,131242.03,131242.03,3,1,0.5958762886597938,3,1.81
RISK-008,20190101,4,381831.61,95457.9025,3,3,0.5765690376569037,9,5.61
RISK-008,20190201,1,3339.1,3339.1,2,1,0.5765690376569037,2,1.25
RISK-008,20190301,2,4906926.69,2453463.345,4,2,0.5765690376569037,8,4.99
RISK-008,20190401,1,4281.35,4281.35,2,1,0.5765690376569037,2,1.25
RISK-008,20190501,6,190409.56000000003,31734.92666666667,3,4,0.5765690376569037,12,7.48
RISK-008,20190601,8,317795.06,39724.3825,3,5,0.5765690376569037,15,9.35
RISK-008,20190701,6,394767.93,65794.655,3,4,0.5765690376569037,12,7.48
RISK-008,20190801,2,10525.869999999999,5262.9349999999995,2,2,0.5765690376569037,4,2.49
RISK-008,20190901,2,24991.81,12495.905,2,2,0.5765690376569037,4,2.49
RISK-008,20191001,4,3387786.8400000003,846946.7100000001,4,3,0.5765690376569037,12,7.48
RISK-008,20191201,4,62729.42,15682.355,2,3,0.5765690376569037,6,3.74
RISK-008,20200101,3,37886.62,12628.873333333335,2,3,0.5765690376569037,6,3.74
RISK-008,20200201,3,21260.73,7086.91,2,3,0.5765690376569037,6,3.74
RISK-008,20200301,8,3917639.33,489704.91625,4,5,0.5765690376569037,20,12.47
RISK-008,20200401,3,148505.56,49501.85333333333,3,3,0.5765690376569037,9,5.61
RISK-008,20200501,1,421472.18,421472.18,4,1,0.5765690376569037,4,2.49
RISK-008,20200701,6,1502163.31,250360.55166666667,4,4,0.5765690376569037,16,9.97
RISK-008,20200801,2,23858.57,11929.285,2,2,0.5765690376569037,4,2.49
RISK-008,20200901,7,1476664.9300000002,210952.1328571429,3,4,0.5765690376569037,12,7.48
RISK-008,20201001,2,788941.39,394470.695,4,2,0.5765690376569037,8,4.99
RISK-008,20201101,5,1030433.12,206086.624,3,4,0.5765690376569037,12,7.48
RISK-008,20210101,3,16165.810000000001,5388.6033333333335,2,3,0.5765690376569037,6,3.74
RISK-008,20210201,4,396196.70999999996,99049.17749999999,3,3,0.5765690376569037,9,5.61
RISK-008,20210301,4,1391106.0199999998,347776.50499999995,4,3,0.5765690376569037,12,7.48
RISK-008,20210401,2,937036.15,468518.075,4,2,0.5765690376569037,8,4.99
RISK-008,20210501,1,2768.09,2768.09,2,1,0.5765690376569037,2,1.25
RISK-008,20210601,1,4395.15,4395.15,2,1,0.5765690376569037,2,1.25
RISK-008,20210701,4,497694.73,124423.6825,3,3,0.5765690376569037,9,5.61
RISK-008,20210801,1,4850.06,4850.06,2,1,0.5765690376569037,2,1.25
RISK-008,20210901,4,215717.77,53929.4425,3,3,0.5765690376569037,9,5.61
RISK-008,20211001,3,6983.35,2327.7833333333333,2,3,0.5765690376569037,6,3.74
RISK-008,20211101,6,144605.44,24100.906666666666,3,4,0.5765690376569037,12,7.48
RISK-008,20211201,6,781459.5199999999,130243.25333333331,3,4,0.5765690376569037,12,7.48
RISK-008,20220101,4,641140.3500000001,160285.08750000002,3,3,0.5765690376569037,9,5.61
RISK-008,20220201,5,1431635.3399999999,286327.06799999997,4,4,0.5765690376569037,16,9.97
RISK-008,20220301,3,110300.95999999999,36766.986666666664,3,3,0.5765690376569037,9,5.61
RISK-008,20220401,3,14672.56,4890.8533333333335,2,3,0.5765690376569037,6,3.74
RISK-008,20220501,4,234755.95,58688.9875,3,3,0.5765690376569037,9,5.61
RISK-008,20220601,3,43746.36,14582.12,2,3,0.5765690376569037,6,3.74
RISK-008,20220701,3,32752.0,10917.333333333334,2,3,0.5765690376569037,6,3.74
RISK-008,20220801,6,490130.91,81688.485,3,4,0.5765690376569037,12,7.48
RISK-008,20220901,8,274643.33999999997,34330.417499999996,3,5,0.5765690376569037,15,9.35
RISK-008,20221001,4,73440.77,18360.1925,2,3,0.5765690376569037,6,3.74
RISK-008,20221101,5,575824.74,115164.948,3,4,0.5765690376569037,12,7.48
RISK-008,20221201,4,911004.38,227751.095,4,3,0.5765690376569037,12,7.48
RISK-008,20230101,3,11758.54,3919.513333333334,2,3,0.5765690376569037,6,3.74
RISK-008,20230201,4,303144.97,75786.2425,3,3,0.5765690376569037,9,5.61
RISK-008,20230301,2,292983.21,146491.605,3,2,0.5765690376569037,6,3.74
RISK-008,20230401,2,90035.97,45017.985,3,2,0.5765690376569037,6,3.74
RISK-008,20230501,4,298724.14999999997,74681.03749999999,3,3,0.5765690376569037,9,5.61
RISK-008,20230601,4,247186.32,61796.58,3,3,0.5765690376569037,9,5.61
RISK-008,20230701,5,962304.86,192460.972,3,4,0.5765690376569037,12,7.48
RISK-008,20230801,4,64327.39,16081.8475,2,3,0.5765690376569037,6,3.74
RISK-008,20230901,3,17939.79,5979.93,2,3,0.5765690376569037,6,3.74
RISK-008,20231001,6,765621.2,127603.53333333333,3,4,0.5765690376569037,12,7.48
RISK-008,20231101,4,1785877.75,446469.4375,4,3,0.5765690376569037,12,7.48
RISK-008,20231201,3,310018.32999999996,103339.44333333331,3,3,0.5765690376569037,9,5.61
RISK-008,20240101,1,11735.16,11735.16,2,1,0.5765690376569037,2,1.25
RISK-008,20240201,4,37963.47,9490.8675,2,3,0.5765690376569037,6,3.74
RISK-008,20240301,7,229866.91,32838.13,3,4,0.5765690376569037,12,7.48
RISK-008,20240401,4,453510.86,113377.715,3,3,0.5765690376569037,9,5.61
RISK-008,20240501,2,180989.91999999998,90494.95999999999,3,2,0.5765690376569037,6,3.74
RISK-008,20240601,6,459581.79000000004,76596.96500000001,3,4,0.5765690376569037,12,7.48
RISK-009,20190101,5,62635.729999999996,12527.145999999999,2,4,0.5638095238095238,8,5.09
RISK-009,20190201,1,8589.33,8589.33,2,1,0.5638095238095238,2,1.27
RISK-009,20190301,1,202326.15,202326.15,3,1,0.5638095238095238,3,1.91
RISK-009,20190401,2,1086195.8199999998,543097.9099999999,4,2,0.5638095238095238,8,5.09
RISK-009,20190601,3,1196454.33,398818.11000000004,4,3,0.5638095238095238,12,7.63
RISK-009,20190701,1,28455.01,28455.01,3,1,0.5638095238095238,3,1.91
RISK-009,20190801,4,516443.23,129110.8075,3,3,0.5638095238095238,9,5.73
RISK-009,20190901,1,19450.4,19450.4,2,1,0.5638095238095238,2,1.27
RISK-009,20191001,2,8721.3,4360.65,2,2,0.5638095238095238,4,2.54
RISK-009,20191101,4,82570.91,20642.7275,3,3,0.5638095238095238,9,5.73
RISK-009,20191201,1,72744.6,72744.6,3,1,0.5638095238095238,3,1.91
RISK-009,20200101,1,270969.81,270969.81,4,1,0.5638095238095238,4,2.54
RISK-009,20200201,3,50036.66,16678.88666666667,2,3,0.5638095238095238,6,3.82
RISK-009,20200301,4,32035.37,8008.8425,2,3,0.5638095238095238,6,3.82
RISK-009,20200401,1,31156.06,31156.06,3,1,0.5638095238095238,3,1.91
RISK-009,20200501,4,102596.33,25649.0825,3,3,0.5638095238095238,9,5.73
RISK-009,20200601,2,17477.79,8738.895,2,2,0.5638095238095238,4,2.54
RISK-009,20200701,5,268702.43,53740.486,3,4,0.5638095238095238,12,7.63
RISK-009,20200801,8,1182695.46,147836.9325,3,5,0.5638095238095238,15,9.54
RISK-009,20200901,6,174239.6,29039.933333333334,3,4,0.5638095238095238,12,7.63
RISK-009,20201001,3,658630.75,219543.58333333334,3,3,0.5638095238095238,9,5.73
RISK-009,20201101,1,1984.45,1984.45,2,1,0.5638095238095238,2,1.27
RISK-009,20201201,1,3090.99,3090.99,2,1,0.5638095238095238,2,1.27
RISK-009,20210101,1,1735.41,1735.41,2,1,0.5638095238095238,2,1.27
RISK-009,20210201,3,809376.15,269792.05,4,3,0.5638095238095238,12,7.63
RISK-009,20210301,6,256843.02000000002,42807.170000000006,3,4,0.5638095238095238,12,7.63
RISK-009,20210401,5,974259.97,194851.994,3,4,0.5638095238095238,12,7.63
RISK-009,20210501,5,34586.96,6917.392,2,4,0.5638095238095238,8,5.09
RISK-009,20210601,5,163808.26,32761.652000000002,3,4,0.5638095238095238,12,7.63
RISK-009,20210701,4,370059.91,92514.9775,3,3,0.5638095238095238,9,5.73
RISK-009,20210801,6,298261.52999999997,49710.255,3,4,0.5638095238095238,12,7.63
RISK-009,20210901,5,481858.91000000003,96371.782,3,4,0.5638095238095238,12,7.63
RISK-009,20211001,1,5590.86,5590.86,2,1,0.5638095238095238,2,1.27
RISK-009,20211101,4,16460.96,4115.24,2,3,0.5638095238095238,6,3.82
RISK-009,20211201,3,16129.06,5376.3533333333335,2,3,0.5638095238095238,6,3.82
RISK-009,20220101,1,8591.44,8591.44,2,1,0.5638095238095238,2,1.27
RISK-009,20220201,3,380689.89999999997,126896.63333333332,3,3,0.5638095238095238,9,5.73
RISK-009,20220301,6,409986.57,68331.095,3,4,0.5638095238095238,12,7.63
RISK-009,20220401,3,113393.46,37797.82,3,3,0.5638095238095238,9,5.73
RISK-009,20220501,3,468896.75,156298.91666666666,3,3,0.5638095238095238,9,5.73
RISK-009,20220601,1,977.15,977.15,1,1,0.5638095238095238,1,0.64
RISK-009,20220701,2,31653.13,15826.565,2,2,0.5638095238095238,4,2.54
RISK-009,20220801,2,14941.41,7470.705,2,2,0.5638095238095238,4,2.54
RISK-009,20220901,6,2256349.76,376058.2933333333,4,4,0.5638095238095238,16,10.18
RISK-009,20221101,5,2603060.7800000003,520612.1560000001,4,4,0.5638095238095238,16,10.18
RISK-009,20221201,2,11351.48,5675.74,2,2,0.5638095238095238,4,2.54
RISK-009,20230101,3,111812.11,37270.70333333333,3,3,0.5638095238095238,9,5.73
RISK-009,20230201,3,363850.34,121283.44666666667,3,3,0.5638095238095238,9,5.73
RISK-009,20230401,6,190783.5,31797.25,3,4,0.5638095238095238,12,7.63
RISK-009,20230501,4,611124.34,152781.085,3,3,0.5638095238095238,9,5.73
RISK-009,20230601,6,9302995.559999999,1550499.2599999998,4,4,0.5638095238095238,16,10.18
RISK-009,20230701,6,872799.94,145466.65666666665,3,4,0.5638095238095238,12,7.63
RISK-009,20230801,1,5170.85,5170.85,2,1,0.5638095238095238,2,1.27
RISK-009,20230901,3,225344.82,75114.94,3,3,0.5638095238095238,9,5.73
RISK-009,20231001,1,962631.99,962631.99,4,1,0.5638095238095238,4,2.54
RISK-009,20231101,2,108027.03,54013.515,3,2,0.5638095238095238,6,3.82
RISK-009,20231201,6,574245.7000000001,95707.61666666668,3,4,0.5638095238095238,12,7.63
RISK-009,20240101,5,31396.2,6279.24,2,4,0.5638095238095238,8,5.09
RISK-009,20240201,6,95833.86,15972.31,2,4,0.5638095238095238,8,5.09
RISK-009,20240301,6,1330862.9200000002,221810.4866666667,4,4,0.5638095238095238,16,10.18
RISK-009,20240401,3,319055.01,106351.67,3,3,0.5638095238095238,9,5.73
RISK-009,20240501,3,36971.32,12323.773333333333,2,3,0.5638095238095238,6,3.82
RISK-010,20190101,5,377072.96,75414.592,3,4,0.5708333333333333,12,7.55
RISK-010,20190201,3,58320.03,19440.01,2,3,0.5708333333333333,6,3.78
RISK-010,20190301,2,6522.21,3261.105,2,2,0.5708333333333333,4,2.52
RISK-010,20190401,1,330429.88,330429.88,4,1,0.5708333333333333,4,2.52
RISK-010,20190501,2,16189.3,8094.65,2,2,0.5708333333333333,4,2.52
RISK-010,20190601,3,10831.8,3610.6,2,3,0.5708333333333333,6,3.78
RISK-010,20190701,2,36359.21,18179.605,2,2,0.5708333333333333,4,2.52
RISK-010,20190801,6,415486.42,69247.73666666666,3,4,0.5708333333333333,12,7.55
RISK-010,20191001,2,47723.18,23861.59,3,2,0.5708333333333333,6,3.78
RISK-010,20191101,5,87211.95,17442.39,2,4,0.5708333333333333,8,5.03
RISK-010,20191201,1,16280.49,16280.49,2,1,0.5708333333333333,2,1.26
RISK-010,20200101,2,14420.2,7210.1,2,2,0.5708333333333333,4,2.52
RISK-010,20200201,4,441981.62,110495.405,3,3,0.5708333333333333,9,5.66
RISK-010,20200301,4,16413.82,4103.455,2,3,0.5708333333333333,6,3.78
RISK-010,20200401,2,6566.29,3283.145,2,2,0.5708333333333333,4,2.52
RISK-010,20200501,3,70414.45,23471.483333333334,3,3,0.5708333333333333,9,5.66
RISK-010,20200601,3,33450.21,11150.07,2,3,0.5708333333333333,6,3.78
RISK-010,20200701,6,415850.63,69308.43833333334,3,4,0.5708333333333333,12,7.55
RISK-010,20200801,3,18364.05,6121.349999999999,2,3,0.5708333333333333,6,3.78
RISK-010,20200901,1,1155.6,1155.6,1,1,0.5708333333333333,1,0.63
RISK-010,20201001,5,323371.43,64674.286,3,4,0.5708333333333333,12,7.55
RISK-010,20201101,3,138425.72,46141.90666666667,3,3,0.5708333333333333,9,5.66
RISK-010,20201201,3,328219.94,109406.64666666667,3,3,0.5708333333333333,9,5.66
RISK-010,20210101,3,49737.66,16579.22,2,3,0.5708333333333333,6,3.78
RISK-010,20210201,5,128099.29000000001,25619.858,3,4,0.5708333333333333,12,7.55
RISK-010,20210301,5,32522.14,6504.428,2,4,0.5708333333333333,8,5.03
RISK-010,20210401,2,19112.15,9556.075,2,2,0.5708333333333333,4,2.52
RISK-010,20210501,2,29371.79,14685.895,2,2,0.5708333333333333,4,2.52
RISK-010,20210601,3,21145.78,7048.593333333333,2,3,0.5708333333333333,6,3.78
RISK-010,20210701,3,114311.79000000001,38103.93,3,3,0.5708333333333333,9,5.66
RISK-010,20210801,2,520637.64,260318.82,4,2,0.5708333333333333,8,5.03
RISK-010,20210901,3,330448.76999999996,110149.58999999998,3,3,0.5708333333333333,9,5.66
RISK-010,20211001,3,6010672.76,2003557.5866666667,4,3,0.5708333333333333,12,7.55
RISK-010,20211101,2,12476.070000000002,6238.035000000001,2,2,0.5708333333333333,4,2.52
RISK-010,20211201,5,29563.82,5912.764,2,4,0.5708333333333333,8,5.03
RISK-010,20220101,5,102938.13,20587.626,3,4,0.5708333333333333,12,7.55
RISK-010,20220201,3,143649.65000000002,47883.216666666674,3,3,0.5708333333333333,9,5.66
RISK-010,20220301,1,17458.54,17458.54,2,1,0.5708333333333333,2,1.26
RISK-010,20220401,2,25235.420000000002,12617.710000000001,2,2,0.5708333333333333,4,2.52
RISK-010,20220501,2,459972.22000000003,229986.11000000002,4,2,0.5708333333333333,8,5.03
RISK-010,20220601,2,2007.3000000000002,1003.6500000000001,1,2,0.5708333333333333,2,1.26
RISK-010,20220801,3,19522.519999999997,6507.506666666665,2,3,0.5708333333333333,6,3.78
RISK-010,20220901,3,30096.64,10032.213333333333,2,3,0.5708333333333333,6,3.78
RISK-010,20221001,5,810033.68,162006.736,3,4,0.5708333333333333,12,7.55
RISK-010,20221101,1,7525.09,7525.09,2,1,0.5708333333333333,2,1.26
RISK-010,20221201,3,14283.37,4761.123333333334,2,3,0.5708333333333333,6,3.78
RISK-010,20230101,7,225268.4,32181.2,3,4,0.5708333333333333,12,7.55
RISK-010,20230201,3,460392.22000000003,153464.07333333333,3,3,0.5708333333333333,9,5.66
RISK-010,20230301,4,6172729.9,1543182.475,4,3,0.5708333333333333,12,7.55
RISK-010,20230401,3,207510.26,69170.08666666667,3,3,0.5708333333333333,9,5.66
RISK-010,20230501,2,44131.549999999996,22065.774999999998,3,2,0.5708333333333333,6,3.78
RISK-010,20230601,3,380152.81,126717.60333333333,3,3,0.5708333333333333,9,5.66
RISK-010,20230701,1,98953.7,98953.7,3,1,0.5708333333333333,3,1.89
RISK-010,20230801,1,6054.36,6054.36,2,1,0.5708333333333333,2,1.26
RISK-010,20230901,2,9323.41,4661.705,2,2,0.5708333333333333,4,2.52
RISK-010,20231001,2,14993.779999999999,7496.889999999999,2,2,0.5708333333333333,4,2.52
RISK-010,20231101,3,2491482.39,830494.13,4,3,0.5708333333333333,12,7.55
RISK-010,20231201,3,94258.73,31419.576666666664,3,3,0.5708333333333333,9,5.66
RISK-010,20240101,2,8213.9,4106.95,2,2,0.5708333333333333,4,2.52
RISK-010,20240201,2,13429.1,6714.55,2,2,0.5708333333333333,4,2.52
RISK-010,20240301,2,11978.92,5989.46,2,2,0.5708333333333333,4,2.52
RISK-010,20240401,4,185050.72999999998,46262.682499999995,3,3,0.5708333333333333,9,5.66
RISK-010,20240501,6,49310.76,8218.460000000001,2,4,0.5708333333333333,8,5.03
RISK-010,20240601,3,185485.13,61828.37666666667,3,3,0.5708333333333333,9,5.66
RISK-011,20190101,1,2718.59,2718.59,2,1,0.5932203389830508,2,1.21
RISK-011,20190201,5,106862.01999999999,21372.404,3,4,0.5932203389830508,12,7.28
RISK-011,20190301,3,35343.03,11781.01,2,3,0.5932203389830508,6,3.64
RISK-011,20190401,6,110845.76,18474.29333333333,2,4,0.5932203389830508,8,4.85
RISK-011,20190501,5,300222.27,60044.454000000005,3,4,0.5932203389830508,12,7.28
RISK-011,20190601,2,242012.32,121006.16,3,2,0.5932203389830508,6,3.64
RISK-011,20190701,1,126504.55,126504.55,3,1,0.5932203389830508,3,1.82
RISK-011,20190801,4,527323.91,131830.9775,3,3,0.5932203389830508,9,5.46
RISK-011,20190901,3,216554.75,72184.91666666667,3,3,0.5932203389830508,9,5.46
RISK-011,20191001,3,25214.129999999997,8404.71,2,3,0.5932203389830508,6,3.64
RISK-011,20191101,3,21832.82,7277.606666666667,2,3,0.5932203389830508,6,3.64
RISK-011,20191201,1,42559.75,42559.75,3,1,0.5932203389830508,3,1.82
RISK-011,20200201,1,14430.02,14430.02,2,1,0.5932203389830508,2,1.21
RISK-011,20200301,2,11643.970000000001,5821.985000000001,2,2,0.5932203389830508,4,2.43
RISK-011,20200401,2,42796.96,21398.48,3,2,0.5932203389830508,6,3.64
RISK-011,20200501,1,2237998.43,2237998.43,4,1,0.5932203389830508,4,2.43
RISK-011,20200601,1,21779.55,21779.55,3,1,0.5932203389830508,3,1.82
RISK-011,20200701,5,30096.68,6019.336,2,4,0.5932203389830508,8,4.85
RISK-011,20200801,6,922233.47,153705.57833333334,3,4,0.5932203389830508,12,7.28
RISK-011,20200901,3,1528569.6,509523.2,4,3,0.5932203389830508,12,7.28
RISK-011,20201001,2,407538.94,203769.47,3,2,0.5932203389830508,6,3.64
RISK-011,20201101,4,17053.14,4263.285,2,3,0.5932203389830508,6,3.64
RISK-011,20201201,1,22764.63,22764.63,3,1,0.5932203389830508,3,1.82
RISK-011,20210101,2,103018.18,51509.09,3,2,0.5932203389830508,6,3.64
RISK-011,20210201,3,494838.05,164946.01666666666,3,3,0.5932203389830508,9,5.46
RISK-011,20210301,2,14851.84,7425.92,2,2,0.5932203389830508,4,2.43
RISK-011,20210401,3,325429.86,108476.62,3,3,0.5932203389830508,9,5.46
RISK-011,20210501,1,10893.66,10893.66,2,1,0.5932203389830508,2,1.21
RISK-011,20210601,3,2429682.6,809894.2000000001,4,3,0.5932203389830508,12,7.28
RISK-011,20210701,1,22008.39,22008.39,3,1,0.5932203389830508,3,1.82
RISK-011,20210801,3,41050.729999999996,13683.576666666666,2,3,0.5932203389830508,6,3.64
RISK-011,20210901,4,2955617.9,738904.475,4,3,0.5932203389830508,12,7.28
RISK-011,20211001,8,1528108.55,191013.56875,3,5,0.5932203389830508,15,9.1
RISK-011,20211101,3,88588.57,29529.523333333334,3,3,0.5932203389830508,9,5.46
RISK-011,20211201,3,263217.14,87739.04666666668,3,3,0.5932203389830508,9,5.46
RISK-011,20220101,4,30754.28,7688.57,2,3,0.5932203389830508,6,3.64
RISK-011,20220201,2,192054.78000000003,96027.39000000001,3,2,0.5932203389830508,6,3.64
RISK-011,20220301,5,4956538.399999999,991307.6799999999,4,4,0.5932203389830508,16,9.71
RISK-011,20220501,1,12781.56,12781.56,2,1,0.5932203389830508,2,1.21
RISK-011,20220601,2,21357.37,10678.685,2,2,0.5932203389830508,4,2.43
RISK-011,20220701,4,1599738.3599999999,399934.58999999997,4,3,0.5932203389830508,12,7.28
RISK-011,20220801,2,28354.03,14177.015,2,2,0.5932203389830508,4,2.43
RISK-011,20220901,2,23690.010000000002,11845.005000000001,2,2,0.5932203389830508,4,2.43
RISK-011,20221001,1,4222.46,4222.46,2,1,0.5932203389830508,2,1.21
RISK-011,20221101,3,2291941.49,763980.4966666667,4,3,0.5932203389830508,12,7.28
RISK-011,20221201,3,31028.480000000003,10342.826666666668,2,3,0.5932203389830508,6,3.64
RISK-011,20230101,3,618138.12,206046.04,3,3,0.5932203389830508,9,5.46
RISK-011,20230201,3,189238.56,63079.52,3,3,0.5932203389830508,9,5.46
RISK-011,20230301,4,1095337.21,273834.3025,4,3,0.5932203389830508,12,7.28
RISK-011,20230401,3,19024.03,6341.343333333333,2,3,0.5932203389830508,6,3.64
RISK-011,20230501,5,184464.6,36892.92,3,4,0.5932203389830508,12,7.28
RISK-011,20230601,1,3880.15,3880.15,2,1,0.5932203389830508,2,1.21
RISK-011,20230701,2,317857.83,158928.915,3,2,0.5932203389830508,6,3.64
RISK-011,20230801,5,122072.54,24414.507999999998,3,4,0.5932203389830508,12,7.28
RISK-011,20230901,1,16628.39,16628.39,2,1,0.5932203389830508,2,1.21
RISK-011,20231001,3,127211.75,42403.916666666664,3,3,0.5932203389830508,9,5.46
RISK-011,20231101,3,10849.55,3616.5166666666664,2,3,0.5932203389830508,6,3.64
RISK-011,20231201,2,49709.84,24854.92,3,2,0.5932203389830508,6,3.64
RISK-011,20240101,3,58509.72,19503.24,3,3,0.5932203389830508,9,5.46
RISK-011,20240201,4,1534901.6199999999,383725.40499999997,4,3,0.5932203389830508,12,7.28
RISK-011,20240401,1,6485.44,6485.44,2,1,0.5932203389830508,2,1.21
RISK-011,20240501,2,4252500.859999999,2126250.4299999997,4,2,0.5932203389830508,8,4.85
RISK-011,20240601,2,15951.64,7975.82,2,2,0.5932203389830508,4,2.43
RISK-012,20190101,2,9460.19,4730.095,2,2,0.583756345177665,4,2.46
RISK-012,20190201,6,310952.41000000003,51825.40166666667,3,4,0.583756345177665,12,7.39
RISK-012,20190301,2,73008.37,36504.185,3,2,0.583756345177665,6,3.7
RISK-012,20190401,2,22554.62,11277.31,2,2,0.583756345177665,4,2.46
RISK-012,20190501,4,952044.99,238011.2475,4,3,0.583756345177665,12,7.39
RISK-012,20190601,3,135221.03,45073.676666666666,3,3,0.583756345177665,9,5.55
RISK-012,20190701,1,5629.28,5629.28,2,1,0.583756345177665,2,1.23
RISK-012,20190801,2,14699.12,7349.56,2,2,0.583756345177665,4,2.46
RISK-012,20190901,3,53044.67,17681.556666666667,2,3,0.583756345177665,6,3.7
RISK-012,20191001,5,60156.26,12031.252,2,4,0.583756345177665,8,4.93
RISK-012,20191101,7,1919422.7599999998,274203.2514285714,4,4,0.583756345177665,16,9.86
RISK-012,20191201,5,975905.34,195181.068,3,4,0.583756345177665,12,7.39
RISK-012,20200101,1,5753.84,5753.84,2,1,0.583756345177665,2,1.23
RISK-012,20200201,4,15120.8,3780.2,2,3,0.583756345177665,6,3.7
RISK-012,20200301,1,535140.75,535140.75,4,1,0.583756345177665,4,2.46
RISK-012,20200401,2,25316.26,12658.13,2,2,0.583756345177665,4,2.46
RISK-012,20200501,3,239947.69,79982.56333333334,3,3,0.583756345177665,9,5.55
RISK-012,20200601,1,6163.17,6163.17,2,1,0.583756345177665,2,1.23
RISK-012,20200701,1,65757.23,65757.23,3,1,0.583756345177665,3,1.85
RISK-012,20200801,2,226592.02,113296.01,3,2,0.583756345177665,6,3.7
RISK-012,20200901,3,124785.22,41595.073333333334,3,3,0.583756345177665,9,5.55
RISK-012,20201001,3,17867.8,5955.933333333333,2,3,0.583756345177665,6,3.7
RISK-012,20201101,4,15173.64,3793.41,2,3,0.583756345177665,6,3.7
RISK-012,20201201,2,1595246.6,797623.3,4,2,0.583756345177665,8,4.93
RISK-012,20210101,1,48194.59,48194.59,3,1,0.583756345177665,3,1.85
RISK-012,20210201,4,379431.8,94857.95,3,3,0.583756345177665,9,5.55
RISK-012,20210301,1,13204.99,13204.99,2,1,0.583756345177665,2,1.23
RISK-012,20210401,4,87489.22,21872.305,3,3,0.583756345177665,9,5.55
RISK-012,20210501,2,29580.53,14790.265,2,2,0.583756345177665,4,2.46
RISK-012,20210601,7,186108.28,26586.897142857142,3,4,0.583756345177665,12,7.39
RISK-012,20210701,5,986353.45,197270.69,3,4,0.583756345177665,12,7.39
RISK-012,20210801,3,3338929.91,1112976.6366666667,4,3,0.583756345177665,12,7.39
RISK-012,20210901,2,71564.42,35782.21,3,2,0.583756345177665,6,3.7
RISK-012,20211001,2,150570.2,75285.1,3,2,0.583756345177665,6,3.7
RISK-012,20211101,8,393842.09,49230.26125,3,5,0.583756345177665,15,9.24
RISK-012,20220101,5,214541.49,42908.297999999995,3,4,0.583756345177665,12,7.39
RISK-012,20220201,1,565474.59,565474.59,4,1,0.583756345177665,4,2.46
RISK-012,20220301,1,5873.16,5873.16,2,1,0.583756345177665,2,1.23
RISK-012,20220401,3,426601.78,142200.59333333335,3,3,0.583756345177665,9,5.55
RISK-012,20220501,6,619495.6699999999,103249.27833333332,3,4,0.583756345177665,12,7.39
RISK-012,20220601,1,11088.79,11088.79,2,1,0.583756345177665,2,1.23
RISK-012,20220701,6,160421.8,26736.966666666664,3,4,0.583756345177665,12,7.39
RISK-012,20220801,1,3123.28,3123.28,2,1,0.583756345177665,2,1.23
RISK-012,20220901,2,18508.73,9254.365,2,2,0.583756345177665,4,2.46
RISK-012,20221001,3,27900.989999999998,9300.33,2,3,0.583756345177665,6,3.7
RISK-012,20221101,2,56869.509999999995,28434.754999999997,3,2,0.583756345177665,6,3.7
RISK-012,20221201,4,87893.58000000002,21973.395000000004,3,3,0.583756345177665,9,5.55
RISK-012,20230101,1,854.05,854.05,1,1,0.583756345177665,1,0.62
RISK-012,20230201,2,8470.380000000001,4235.1900000000005,2,2,0.583756345177665,4,2.46
RISK-012,20230301,3,1473397.46,491132.48666666663,4,3,0.583756345177665,12,7.39
RISK-012,20230401,2,18085.79,9042.895,2,2,0.583756345177665,4,2.46
RISK-012,20230501,1,7415.23,7415.23,2,1,0.583756345177665,2,1.23
RISK-012,20230601,3,16261.41,5420.47,2,3,0.583756345177665,6,3.7
RISK-012,20230701,5,145925.35,29185.07,3,4,0.583756345177665,12,7.39
RISK-012,20230801,6,60403.94,10067.323333333334,2,4,0.583756345177665,8,4.93
RISK-012,20230901,3,19478.15,6492.716666666667,2,3,0.583756345177665,6,3.7
RISK-012,20231001,5,92827.93,18565.586,2,4,0.583756345177665,8,4.93
RISK-012,20231101,6,65132.98,10855.496666666668,2,4,0.583756345177665,8,4.93
RISK-012,20231201,1,8888.16,8888.16,2,1,0.583756345177665,2,1.23
RISK-012,20240101,2,48735.67,24367.835,3,2,0.583756345177665,6,3.7
RISK-012,20240201,2,15836.33,7918.165,2,2,0.583756345177665,4,2.46
RISK-012,20240301,4,109676.18000000001,27419.045000000002,3,3,0.583756345177665,9,5.55
RISK-012,20240401,3,40623.6,13541.199999999999,2,3,0.583756345177665,6,3.7
RISK-012,20240501,4,15199.17,3799.7925,2,3,0.583756345177665,6,3.7
RISK-012,20240601,1,3419.09,3419.09,2,1,0.583756345177665,2,1.23
RISK-013,20190101,1,716101.98,716101.98,4,1,0.5692307692307692,4,2.52
RISK-013,20190201,3,17035.96,5678.653333333333,2,3,0.5692307692307692,6,3.78
RISK-013,20190301,5,28609.23,5721.846,2,4,0.5692307692307692,8,5.05
RISK-013,20190401,4,96052.59,24013.1475,3,3,0.5692307692307692,9,5.68
RISK-013,20190501,2,233349.19,116674.595,3,2,0.5692307692307692,6,3.78
RISK-013,20190601,3,608439.8999999999,202813.29999999996,3,3,0.5692307692307692,9,5.68
RISK-013,20190701,7,834631.13,119233.01857142858,3,4,0.5692307692307692,12,7.57
RISK-013,20190801,8,885254.67,110656.83375,3,5,0.5692307692307692,15,9.46
RISK-013,20191001,3,1473328.15,491109.3833333333,4,3,0.5692307692307692,12,7.57
RISK-013,20191101,1,9670.44,9670.44,2,1,0.5692307692307692,2,1.26
RISK-013,20191201,1,54228.08,54228.08,3,1,0.5692307692307692,3,1.89
RISK-013,20200101,2,34871.33,17435.665,2,2,0.5692307692307692,4,2.52
RISK-013,20200201,3,54815.6,18271.866666666665,2,3,0.5692307692307692,6,3.78
RISK-013,20200301,2,34986.06,17493.03,2,2,0.5692307692307692,4,2.52
RISK-013,20200401,5,66747.17,13349.434,2,4,0.5692307692307692,8,5.05
RISK-013,20200501,3,184186.72999999998,61395.57666666666,3,3,0.5692307692307692,9,5.68
RISK-013,20200601,4,1450447.3800000001,362611.84500000003,4,3,0.5692307692307692,12,7.57
RISK-013,20200701,2,15674.86,7837.43,2,2,0.5692307692307692,4,2.52
RISK-013,20200801,3,11915.87,3971.956666666667,2,3,0.5692307692307692,6,3.78
RISK-013,20200901,1,10653.93,10653.93,2,1,0.5692307692307692,2,1.26
RISK-013,20201001,3,30794.1,10264.699999999999,2,3,0.5692307692307692,6,3.78
RISK-013,20201101,4,411058.2,102764.55,3,3,0.5692307692307692,9,5.68
RISK-013,20201201,1,5019.6,5019.6,2,1,0.5692307692307692,2,1.26
RISK-013,20210101,8,130171.33,16271.41625,2,5,0.5692307692307692,10,6.31
RISK-013,20210201,1,21359.3,21359.3,3,1,0.5692307692307692,3,1.89
RISK-013,20210301,4,117162.0,29290.5,3,3,0.5692307692307692,9,5.68
RISK-013,20210401,4,1473832.91,368458.2275,4,3,0.5692307692307692,12,7.57
RISK-013,20210601,5,6844796.279999999,1368959.2559999998,4,4,0.5692307692307692,16,10.09
RISK-013,20210701,3,369531.67,123177.22333333333,3,3,0.5692307692307692,9,5.68
RISK-013,20210801,4,1699668.67,424917.1675,4,3,0.5692307692307692,12,7.57
RISK-013,20211001,1,320547.86,320547.86,4,1,0.5692307692307692,4,2.52
RISK-013,20211101,2,12747.0,6373.5,2,2,0.5692307692307692,4,2.52
RISK-013,20211201,3,108138.18000000001,36046.060000000005,3,3,0.5692307692307692,9,5.68
RISK-013,20220101,4,319087.05000000005,79771.76250000001,3,3,0.5692307692307692,9,5.68
RISK-013,20220301,1,17372.07,17372.07,2,1,0.5692307692307692,2,1.26
RISK-013,20220401,5,295843.52,59168.704000000005,3,4,0.5692307692307692,12,7.57
RISK-013,20220501,3,95062.08,31687.36,3,3,0.5692307692307692,9,5.68
RISK-013,20220701,1,3434.09,3434.09,2,1,0.5692307692307692,2,1.26
RISK-013,20220801,2,30680.26,15340.13,2,2,0.5692307692307692,4,2.52
RISK-013,20220901,2,10845.42,5422.71,2,2,0.5692307692307692,4,2.52
RISK-013,20221001,2,51669.09,25834.545,3,2,0.5692307692307692,6,3.78
RISK-013,20221101,6,141339.81999999998,23556.63666666666,3,4,0.5692307692307692,12,7.57
RISK-013,20221201,2,13856.75,6928.375,2,2,0.5692307692307692,4,2.52
RISK-013,20230101,1,6180.89,6180.89,2,1,0.5692307692307692,2,1.26
RISK-013,20230201,2,6781.52,3390.76,2,2,0.5692307692307692,4,2.52
RISK-013,20230301,4,1361457.02,340364.255,4,3,0.5692307692307692,12,7.57
RISK-013,20230401,2,99083.78,49541.89,3,2,0.5692307692307692,6,3.78
RISK-013,20230501,3,406133.31,135377.77,3,3,0.5692307692307692,9,5.68
RISK-013,20230601,4,41583.119999999995,10395.779999999999,2,3,0.5692307692307692,6,3.78
RISK-013,20230701,2,12593.150000000001,6296.575000000001,2,2,0.5692307692307692,4,2.52
RISK-013,20230801,3,14536.380000000001,4845.46,2,3,0.5692307692307692,6,3.78
RISK-013,20230901,2,21411.670000000002,10705.835000000001,2,2,0.5692307692307692,4,2.52
RISK-013,20231001,3,52894.03,17631.343333333334,2,3,0.5692307692307692,6,3.78
RISK-013,20231101,6,2852120.16,475353.36000000004,4,4,0.5692307692307692,16,10.09
RISK-013,20231201,1,3302.94,3302.94,2,1,0.5692307692307692,2,1.26
RISK-013,20240101,6,92671.27,15445.211666666668,2,4,0.5692307692307692,8,5.05
RISK-013,20240301,4,647770.9899999999,161942.74749999997,3,3,0.5692307692307692,9,5.68
RISK-013,20240401,3,44727.96,14909.32,2,3,0.5692307692307692,6,3.78
RISK-013,20240501,1,6243.47,6243.47,2,1,0.5692307692307692,2,1.26
RISK-013,20240601,1,3118.25,3118.25,2,1,0.5692307692307692,2,1.26
RISK-014,20190101,5,160450.96,32090.192,3,4,0.610362694300518,12,7.08
RISK-014,20190201,1,27037.03,27037.03,3,1,0.610362694300518,3,1.77
RISK-014,20190301,4,208637.44,52159.36,3,3,0.610362694300518,9,5.31
RISK-014,20190401,4,609646.4199999999,152411.60499999998,3,3,0.610362694300518,9,5.31
RISK-014,20190501,4,248096.22,62024.055,3,3,0.610362694300518,9,5.31
RISK-014,20190601,2,541659.46,270829.73,4,2,0.610362694300518,8,4.72
RISK-014,20190701,1,1185962.95,1185962.95,4,1,0.610362694300518,4,2.36
RISK-014,20190801,1,263524.99,263524.99,4,1,0.610362694300518,4,2.36
RISK-014,20190901,4,1034717.8099999999,258679.45249999998,4,3,0.610362694300518,12,7.08
RISK-014,20191001,4,949626.1199999999,237406.52999999997,4,3,0.610362694300518,12,7.08
RISK-014,20191101,2,25396.149999999998,12698.074999999999,2,2,0.610362694300518,4,2.36
RISK-014,20191201,5,393112.94,78622.588,3,4,0.610362694300518,12,7.08
RISK-014,20200101,3,23182.37,7727.456666666666,2,3,0.610362694300518,6,3.54
RISK-014,20200201,2,194757.71,97378.855,3,2,0.610362694300518,6,3.54
RISK-014,20200301,1,14295.63,14295.63,2,1,0.610362694300518,2,1.18
RISK-014,20200401,4,50881.340000000004,12720.335000000001,2,3,0.610362694300518,6,3.54
RISK-014,20200501,2,62524.26,31262.13,3,2,0.610362694300518,6,3.54
RISK-014,20200601,8,1438113.34,179764.1675,3,5,0.610362694300518,15,8.84
RISK-014,20200801,2,252072.04,126036.02,3,2,0.610362694300518,6,3.54
RISK-014,20200901,1,676849.12,676849.12,4,1,0.610362694300518,4,2.36
RISK-014,20201001,1,10204.91,10204.91,2,1,0.610362694300518,2,1.18
RISK-014,20201101,5,204513.75,40902.75,3,4,0.610362694300518,12,7.08
RISK-014,20201201,5,2385498.42,477099.684,4,4,0.610362694300518,16,9.43
RISK-014,20210101,5,151917.48,30383.496000000003,3,4,0.610362694300518,12,7.08
RISK-014,20210301,1,11566.65,11566.65,2,1,0.610362694300518,2,1.18
RISK-014,20210401,2,2151499.69,1075749.845,4,2,0.610362694300518,8,4.72
RISK-014,20210501,3,18185.23,6061.743333333333,2,3,0.610362694300518,6,3.54
RISK-014,20210601,1,7047.76,7047.76,2,1,0.610362694300518,2,1.18
RISK-014,20210701,4,68632.83,17158.2075,2,3,0.610362694300518,6,3.54
RISK-014,20210801,2,3040808.84,1520404.42,4,2,0.610362694300518,8,4.72
RISK-014,20210901,1,13484.94,13484.94,2,1,0.610362694300518,2,1.18
RISK-014,20211001,4,1404204.32,351051.08,4,3,0.610362694300518,12,7.08
RISK-014,20211101,7,2503974.51,357710.64428571425,4,4,0.610362694300518,16,9.43
RISK-014,20211201,5,722063.93,144412.78600000002,3,4,0.610362694300518,12,7.08
RISK-014,20220101,2,1891975.82,945987.91,4,2,0.610362694300518,8,4.72
RISK-014,20220201,2,1302353.25,651176.625,4,2,0.610362694300518,8,4.72
RISK-014,20220301,4,162430.25,40607.5625,3,3,0.610362694300518,9,5.31
RISK-014,20220401,4,13251.380000000001,3312.8450000000003,2,3,0.610362694300518,6,3.54
RISK-014,20220501,4,981493.7799999999,245373.44499999998,4,3,0.610362694300518,12,7.08
RISK-014,20220601,1,5601.2,5601.2,2,1,0.610362694300518,2,1.18
RISK-014,20220701,2,340560.27999999997,170280.13999999998,3,2,0.610362694300518,6,3.54
RISK-014,20220801,6,2229248.25,371541.375,4,4,0.610362694300518,16,9.43
RISK-014,20220901,1,4603143.2,4603143.2,5,1,0.610362694300518,5,2.95
RISK-014,20221001,2,15782.91,7891.455,2,2,0.610362694300518,4,2.36
RISK-014,20221101,5,238516.29,47703.258,3,4,0.610362694300518,12,7.08
RISK-014,20221201,2,383161.17000000004,191580.58500000002,3,2,0.610362694300518,6,3.54
RISK-014,20230101,2,5151.31,2575.655,2,2,0.610362694300518,4,2.36
RISK-014,20230201,3,967484.17,322494.7233333333,4,3,0.610362694300518,12,7.08
RISK-014,20230301,3,170655.42,56885.14000000001,3,3,0.610362694300518,9,5.31
RISK-014,20230401,3,108913.29,36304.43,3,3,0.610362694300518,9,5.31
RISK-014,20230601,2,83235.87,41617.935,3,2,0.610362694300518,6,3.54
RISK-014,20230701,3,18605.739999999998,6201.913333333333,2,3,0.610362694300518,6,3.54
RISK-014,20230801,4,1480119.12,370029.78,4,3,0.610362694300518,12,7.08
RISK-014,20230901,4,242602.29,60650.5725,3,3,0.610362694300518,9,5.31
RISK-014,20231001,1,278955.96,278955.96,4,1,0.610362694300518,4,2.36
RISK-014,20231101,4,393292.07,98323.0175,3,3,0.610362694300518,9,5.31
RISK-014,20231201,5,2378871.54,475774.308,4,4,0.610362694300518,16,9.43
RISK-014,20240101,4,271421.92,67855.48,3,3,0.610362694300518,9,5.31
RISK-014,20240201,1,9854.22,9854.22,2,1,0.610362694300518,2,1.18
RISK-014,20240301,2,1423984.4,711992.2,4,2,0.610362694300518,8,4.72
RISK-014,20240401,4,102087.93,25521.9825,3,3,0.610362694300518,9,5.31
RISK-014,20240501,6,991460.39,165243.39833333335,3,4,0.610362694300518,12,7.08
RISK-014,20240601,1,465204.26,465204.26,4,1,0.610362694300518,4,2.36
RISK-015,20190201,3,95572.87,31857.623333333333,3,3,0.5958974358974358,9,5.44
RISK-015,20190301,3,660217.2200000001,220072.4066666667,3,3,0.5958974358974358,9,5.44
RISK-015,20190401,2,288235.29000000004,144117.64500000002,3,2,0.5958974358974358,6,3.62
RISK-015,20190501,2,4018017.58,2009008.79,4,2,0.5958974358974358,8,4.83
RISK-015,20190601,4,3984568.8800000004,996142.2200000001,4,3,0.5958974358974358,12,7.25
RISK-015,20190701,4,661313.96,165328.49,3,3,0.5958974358974358,9,5.44
RISK-015,20190801,7,153802.83,21971.832857142854,3,4,0.5958974358974358,12,7.25
RISK-015,20190901,2,33519.83,16759.915,2,2,0.5958974358974358,4,2.42
RISK-015,20191001,4,270723.17,67680.7925,3,3,0.5958974358974358,9,5.44
RISK-015,20191101,7,1394520.3699999999,199217.19571428568,3,4,0.5958974358974358,12,7.25
RISK-015,20191201,5,223898.77000000002,44779.754,3,4,0.5958974358974358,12,7.25
RISK-015,20200101,1,37789.4,37789.4,3,1,0.5958974358974358,3,1.81
RISK-015,20200201,4,182785.47999999998,45696.369999999995,3,3,0.5958974358974358,9,5.44
RISK-015,20200301,1,6630.55,6630.55,2,1,0.5958974358974358,2,1.21
RISK-015,20200401,1,372962.99,372962.99,4,1,0.5958974358974358,4,2.42
RISK-015,20200501,1,4203.52,4203.52,2,1,0.5958974358974358,2,1.21
RISK-015,20200601,3,124138.29000000001,41379.43,3,3,0.5958974358974358,9,5.44
RISK-015,20200801,4,139684.39,34921.0975,3,3,0.5958974358974358,9,5.44
RISK-015,20200901,3,608342.6699999999,202780.88999999998,3,3,0.5958974358974358,9,5.44
RISK-015,20201001,4,815496.06,203874.015,3,3,0.5958974358974358,9,5.44
RISK-015,20201101,2,10927.48,5463.74,2,2,0.5958974358974358,4,2.42
RISK-015,20201201,2,21717.72,10858.86,2,2,0.5958974358974358,4,2.42
RISK-015,20210101,1,6529.79,6529.79,2,1,0.5958974358974358,2,1.21
RISK-015,20210201,3,11359.81,3786.603333333333,2,3,0.5958974358974358,6,3.62
RISK-015,20210301,2,46694.55,23347.275,3,2,0.5958974358974358,6,3.62
RISK-015,20210401,4,637502.9,159375.725,3,3,0.5958974358974358,9,5.44
RISK-015,20210501,3,88438.21,29479.403333333335,3,3,0.5958974358974358,9,5.44
RISK-015,20210601,3,284862.25,94954.08333333333,3,3,0.5958974358974358,9,5.44
RISK-015,20210701,2,1511295.94,755647.97,4,2,0.5958974358974358,8,4.83
RISK-015,20210801,4,25252.809999999998,6313.202499999999,2,3,0.5958974358974358,6,3.62
RISK-015,20210901,2,506861.65,253430.825,4,2,0.5958974358974358,8,4.83
RISK-015,20211001,1,5554.12,5554.12,2,1,0.5958974358974358,2,1.21
RISK-015,20211101,2,8641.97,4320.985,2,2,0.5958974358974358,4,2.42
RISK-015,20211201,3,124206.70000000001,41402.23333333334,3,3,0.5958974358974358,9,5.44
RISK-015,20220201,6,2697624.96,449604.16,4,4,0.5958974358974358,16,9.67
RISK-015,20220301,2,127740.31,63870.155,3,2,0.5958974358974358,6,3.62
RISK-015,20220401,5,4006315.3200000003,801263.064,4,4,0.5958974358974358,16,9.67
RISK-015,20220501,5,377488.94999999995,75497.79,3,4,0.5958974358974358,12,7.25
RISK-015,20220601,4,629177.4400000001,157294.36000000002,3,3,0.5958974358974358,9,5.44
RISK-015,20220701,3,331483.88,110494.62666666666,3,3,0.5958974358974358,9,5.44
RISK-015,20220801,3,26771.370000000003,8923.79,2,3,0.5958974358974358,6,3.62
RISK-015,20220901,2,908708.91,454354.455,4,2,0.5958974358974358,8,4.83
RISK-015,20221001,5,77980.03,15596.006,2,4,0.5958974358974358,8,4.83
RISK-015,20221101,2,119762.99,59881.495,3,2,0.5958974358974358,6,3.62
RISK-015,20221201,3,21809.63,7269.876666666667,2,3,0.5958974358974358,6,3.62
RISK-015,20230101,2,194491.86,97245.93,3,2,0.5958974358974358,6,3.62
RISK-015,20230201,3,17695.129999999997,5898.376666666666,2,3,0.5958974358974358,6,3.62
RISK-015,20230301,3,176258.86,58752.95333333333,3,3,0.5958974358974358,9,5.44
RISK-015,20230401,2,1273588.67,636794.335,4,2,0.5958974358974358,8,4.83
RISK-015,20230501,3,16789.65,5596.55,2,3,0.5958974358974358,6,3.62
RISK-015,20230601,4,719222.8,179805.7,3,3,0.5958974358974358,9,5.44
RISK-015,20230701,5,109552.17,21910.434,3,4,0.5958974358974358,12,7.25
RISK-015,20230801,6,691450.3200000001,115241.72000000002,3,4,0.5958974358974358,12,7.25
RISK-015,20230901,3,56489.05,18829.683333333334,2,3,0.5958974358974358,6,3.62
RISK-015,20231001,2,2954861.71,1477430.855,4,2,0.5958974358974358,8,4.83
RISK-015,20231101,2,226899.33000000002,113449.66500000001,3,2,0.5958974358974358,6,3.62
RISK-015,20231201,5,376707.02,75341.40400000001,3,4,0.5958974358974358,12,7.25
RISK-015,20240101,2,47853.83,23926.915,3,2,0.5958974358974358,6,3.62
RISK-015,20240201,4,224602.93,56150.7325,3,3,0.5958974358974358,9,5.44
RISK-015,20240301,3,198842.14,66280.71333333333,3,3,0.5958974358974358,9,5.44
RISK-015,20240401,4,61772.84,15443.21,2,3,0.5958974358974358,6,3.62
RISK-015,20240501,1,10099.0,10099.0,2,1,0.5958974358974358,2,1.21
RISK-015,20240601,2,17193.9,8596.95,2,2,0.5958974358974358,4,2.42
RISK-016,20190101,2,326560.51,163280.255,3,2,0.5926267281105991,6,3.64
RISK-016,20190201,4,25069.08,6267.27,2,3,0.5926267281105991,6,3.64
RISK-016,20190301,1,2547.54,2547.54,2,1,0.5926267281105991,2,1.21
RISK-016,20190401,4,458002.83999999997,114500.70999999999,3,3,0.5926267281105991,9,5.47
RISK-016,20190501,4,143166.98,35791.745,3,3,0.5926267281105991,9,5.47
RISK-016,20190601,4,112584.70000000001,28146.175000000003,3,3,0.5926267281105991,9,5.47
RISK-016,20190701,3,353126.02,117708.67333333334,3,3,0.5926267281105991,9,5.47
RISK-016,20190801,3,59519.79,19839.93,3,3,0.5926267281105991,9,5.47
RISK-016,20190901,8,194500.97999999998,24312.622499999998,3,5,0.5926267281105991,15,9.11
RISK-016,20191001,3,90050.67000000001,30016.890000000003,3,3,0.5926267281105991,9,5.47
RISK-016,20191101,2,22391.879999999997,11195.939999999999,2,2,0.5926267281105991,4,2.43
RISK-016,20191201,2,129582.20999999999,64791.104999999996,3,2,0.5926267281105991,6,3.64
RISK-016,20200101,3,52124.67,17374.89,2,3,0.5926267281105991,6,3.64
RISK-016,20200201,5,87060.79000000001,17412.158000000003,2,4,0.5926267281105991,8,4.86
RISK-016,20200301,5,135065.08,27013.015999999996,3,4,0.5926267281105991,12,7.29
RISK-016,20200401,2,8727.96,4363.98,2,2,0.5926267281105991,4,2.43
RISK-016,20200501,3,11830.42,3943.4733333333334,2,3,0.5926267281105991,6,3.64
RISK-016,20200601,3,436899.33,145633.11000000002,3,3,0.5926267281105991,9,5.47
RISK-016,20200701,3,201826.37,67275.45666666667,3,3,0.5926267281105991,9,5.47
RISK-016,20200801,4,1867404.0699999998,466851.01749999996,4,3,0.5926267281105991,12,7.29
RISK-016,20200901,3,62904.11,20968.036666666667,3,3,0.5926267281105991,9,5.47
RISK-016,20201001,2,57235.67,28617.835,3,2,0.5926267281105991,6,3.64
RISK-016,20201101,4,496601.13,124150.2825,3,3,0.5926267281105991,9,5.47
RISK-016,20201201,6,413196.04,68866.00666666667,3,4,0.5926267281105991,12,7.29
RISK-016,20210101,1,18845.14,18845.14,2,1,0.5926267281105991,2,1.21
RISK-016,20210201,1,52846.12,52846.12,3,1,0.5926267281105991,3,1.82
RISK-016,20210301,1,3625.66,3625.66,2,1,0.5926267281105991,2,1.21
RISK-016,20210401,2,51219.32,25609.66,3,2,0.5926267281105991,6,3.64
RISK-016,20210501,1,1060.67,1060.67,1,1,0.5926267281105991,1,0.61
RISK-016,20210601,4,114996.01999999999,28749.004999999997,3,3,0.5926267281105991,9,5.47
RISK-016,20210701,7,380630.26999999996,54375.75285714285,3,4,0.5926267281105991,12,7.29
RISK-016,20210801,5,1159511.46,231902.292,4,4,0.5926267281105991,16,9.72
RISK-016,20210901,5,297133.08,59426.616,3,4,0.5926267281105991,12,7.29
RISK-016,20211001,5,22334.27,4466.854,2,4,0.5926267281105991,8,4.86
RISK-016,20211101,4,21047.85,5261.9625,2,3,0.5926267281105991,6,3.64
RISK-016,20211201,2,2981950.1,1490975.05,4,2,0.5926267281105991,8,4.86
RISK-016,20220101,3,505233.49000000005,168411.16333333336,3,3,0.5926267281105991,9,5.47
RISK-016,20220201,7,129643.65000000001,18520.52142857143,2,4,0.5926267281105991,8,4.86
RISK-016,20220301,2,34072.54,17036.27,2,2,0.5926267281105991,4,2.43
RISK-016,20220401,4,498532.7,124633.175,3,3,0.5926267281105991,9,5.47
RISK-016,20220501,4,2264481.86,566120.465,4,3,0.5926267281105991,12,7.29
RISK-016,20220601,4,318154.24,79538.56,3,3,0.5926267281105991,9,5.47
RISK-016,20220701,3,374017.56999999995,124672.52333333332,3,3,0.5926267281105991,9,5.47
RISK-016,20220801,1,251847.81,251847.81,4,1,0.5926267281105991,4,2.43
RISK-016,20220901,3,2705183.2399999998,901727.7466666666,4,3,0.5926267281105991,12,7.29
RISK-016,20221001,2,47544.05,23772.025,3,2,0.5926267281105991,6,3.64
RISK-016,20221101,3,30922.35,10307.449999999999,2,3,0.5926267281105991,6,3.64
RISK-016,20221201,2,59427.04,29713.52,3,2,0.5926267281105991,6,3.64
RISK-016,20230101,2,7761.91,3880.955,2,2,0.5926267281105991,4,2.43
RISK-016,20230201,5,217390.15,43478.03,3,4,0.5926267281105991,12,7.29
RISK-016,20230301,6,183759.1,30626.516666666666,3,4,0.5926267281105991,12,7.29
RISK-016,20230401,2,45347.04,22673.52,3,2,0.5926267281105991,6,3.64
RISK-016,20230501,7,448575.39,64082.19857142858,3,4,0.5926267281105991,12,7.29
RISK-016,20230601,2,38638.72,19319.36,2,2,0.5926267281105991,4,2.43
RISK-016,20230701,6,169599.49,28266.581666666665,3,4,0.5926267281105991,12,7.29
RISK-016,20230901,5,70206.13,14041.226,2,4,0.5926267281105991,8,4.86
RISK-016,20231101,6,201228.49,33538.081666666665,3,4,0.5926267281105991,12,7.29
RISK-016,20240101,4,47822.35,11955.5875,2,3,0.5926267281105991,6,3.64
RISK-016,20240201,2,8474.57,4237.285,2,2,0.5926267281105991,4,2.43
RISK-016,20240301,2,16569.03,8284.515,2,2,0.5926267281105991,4,2.43
RISK-016,20240401,4,418922.72,104730.68,3,3,0.5926267281105991,9,5.47
RISK-016,20240501,2,192904.71,96452.355,3,2,0.5926267281105991,6,3.64
RISK-016,20240601,3,278741.0,92913.66666666667,3,3,0.5926267281105991,9,5.47
RISK-017,20190101,6,89567.15,14927.858333333332,2,4,0.6000000000000001,8,4.8
RISK-017,20190201,2,11922.529999999999,5961.264999999999,2,2,0.6000000000000001,4,2.4
RISK-017,20190301,6,430266.12,71711.02,3,4,0.6000000000000001,12,7.2
RISK-017,20190401,1,3337.79,3337.79,2,1,0.6000000000000001,2,1.2
RISK-017,20190501,3,462378.19999999995,154126.06666666665,3,3,0.6000000000000001,9,5.4
RISK-017,20190601,4,91991.46,22997.865,3,3,0.6000000000000001,9,5.4
RISK-017,20190701,5,389732.69,77946.538,3,4,0.6000000000000001,12,7.2
RISK-017,20190801,3,559074.3,186358.1,3,3,0.6000000000000001,9,5.4
RISK-017,20190901,3,525808.56,175269.52000000002,3,3,0.6000000000000001,9,5.4
RISK-017,20191001,4,53388.14,13347.035,2,3,0.6000000000000001,6,3.6
RISK-017,20191101,1,6681.6,6681.6,2,1,0.6000000000000001,2,1.2
RISK-017,20191201,4,278085.19,69521.2975,3,3,0.6000000000000001,9,5.4
RISK-017,20200101,6,1849462.34,308243.7233333333,4,4,0.6000000000000001,16,9.6
RISK-017,20200201,7,633983.96,90569.13714285714,3,4,0.6000000000000001,12,7.2
RISK-017,20200301,2,626106.02,313053.01,4,2,0.6000000000000001,8,4.8
RISK-017,20200401,3,166966.89,55655.630000000005,3,3,0.6000000000000001,9,5.4
RISK-017,20200501,1,911035.93,911035.93,4,1,0.6000000000000001,4,2.4
RISK-017,20200601,3,761970.1799999999,253990.05999999997,4,3,0.6000000000000001,12,7.2
RISK-017,20200701,6,190770.19,31795.031666666666,3,4,0.6000000000000001,12,7.2
RISK-017,20200801,3,1173390.77,391130.25666666665,4,3,0.6000000000000001,12,7.2
RISK-017,20200901,2,15367.939999999999,7683.969999999999,2,2,0.6000000000000001,4,2.4
RISK-017,20201001,5,34929.9,6985.9800000000005,2,4,0.6000000000000001,8,4.8
RISK-017,20201101,2,114098.09,57049.045,3,2,0.6000000000000001,6,3.6
RISK-017,20201201,2,19909.22,9954.61,2,2,0.6000000000000001,4,2.4
RISK-017,20210101,1,33307.76,33307.76,3,1,0.6000000000000001,3,1.8
RISK-017,20210201,4,1131154.62,282788.655,4,3,0.6000000000000001,12,7.2
RISK-017,20210401,2,2624825.2199999997,1312412.6099999999,4,2,0.6000000000000001,8,4.8
RISK-017,20210501,3,11869.380000000001,3956.4600000000005,2,3,0.6000000000000001,6,3.6
RISK-017,20210601,3,223876.24,74625.41333333333,3,3,0.6000000000000001,9,5.4
RISK-017,20210701,3,15009.46,5003.153333333333,2,3,0.6000000000000001,6,3.6
RISK-017,20210801,2,203411.64,101705.82,3,2,0.6000000000000001,6,3.6
RISK-017,20210901,2,44136.72,22068.36,3,2,0.6000000000000001,6,3.6
RISK-017,20211001,5,1418533.4100000001,283706.68200000003,4,4,0.6000000000000001,16,9.6
RISK-017,20211101,5,2262812.9699999997,452562.5939999999,4,4,0.6000000000000001,16,9.6
RISK-017,20211201,1,886827.07,886827.07,4,1,0.6000000000000001,4,2.4
RISK-017,20220101,8,592403.23,74050.40375,3,5,0.6000000000000001,15,9.0
RISK-017,20220201,2,96385.15,48192.575,3,2,0.6000000000000001,6,3.6
RISK-017,20220301,3,13080.25,4360.083333333333,2,3,0.6000000000000001,6,3.6
RISK-017,20220401,2,6772.49,3386.245,2,2,0.6000000000000001,4,2.4
RISK-017,20220501,5,1753892.1600000001,350778.43200000003,4,4,0.6000000000000001,16,9.6
RISK-017,20220601,4,808216.71,202054.1775,3,3,0.6000000000000001,9,5.4
RISK-017,20220701,7,758927.61,108418.23,3,4,0.6000000000000001,12,7.2
RISK-017,20220801,6,151285.44,25214.24,3,4,0.6000000000000001,12,7.2
RISK-017,20220901,2,31419.059999999998,15709.529999999999,2,2,0.6000000000000001,4,2.4
RISK-017,20221001,5,1770559.95,354111.99,4,4,0.6000000000000001,16,9.6
RISK-017,20221101,7,665866.53,95123.79000000001,3,4,0.6000000000000001,12,7.2
RISK-017,20221201,4,3547416.9899999998,886854.2474999999,4,3,0.6000000000000001,12,7.2
RISK-017,20230101,3,713080.17,237693.39,4,3,0.6000000000000001,12,7.2
RISK-017,20230201,5,244842.93,48968.585999999996,3,4,0.6000000000000001,12,7.2
RISK-017,20230301,2,77016.48000000001,38508.240000000005,3,2,0.6000000000000001,6,3.6
RISK-017,20230501,6,752017.8200000001,125336.30333333334,3,4,0.6000000000000001,12,7.2
RISK-017,20230601,2,193957.37,96978.685,3,2,0.6000000000000001,6,3.6
RISK-017,20230701,1,3612.57,3612.57,2,1,0.6000000000000001,2,1.2
RISK-017,20230801,3,56171.71000000001,18723.903333333335,2,3,0.6000000000000001,6,3.6
RISK-017,20230901,7,208194.42,29742.06,3,4,0.6000000000000001,12,7.2
RISK-017,20231001,6,62155.91,10359.318333333335,2,4,0.6000000000000001,8,4.8
RISK-017,20231101,5,235374.72,47074.944,3,4,0.6000000000000001,12,7.2
RISK-017,20231201,3,2970300.2399999998,990100.08,4,3,0.6000000000000001,12,7.2
RISK-017,20240101,4,8819381.46,2204845.365,4,3,0.6000000000000001,12,7.2
RISK-017,20240201,4,31999.12,7999.78,2,3,0.6000000000000001,6,3.6
RISK-017,20240301,5,72993.9,14598.779999999999,2,4,0.6000000000000001,8,4.8
RISK-017,20240501,5,1929837.19,385967.43799999997,4,4,0.6000000000000001,16,9.6
RISK-017,20240601,3,68097.83,22699.27666666667,3,3,0.6000000000000001,9,5.4
RISK-018,20190101,5,446703.91000000003,89340.782,3,4,0.5527093596059114,12,7.77
RISK-018,20190201,4,93982.31,23495.5775,3,3,0.5527093596059114,9,5.83
RISK-018,20190301,1,16270.58,16270.58,2,1,0.5527093596059114,2,1.29
RISK-018,20190401,3,197542.27,65847.42333333332,3,3,0.5527093596059114,9,5.83
RISK-018,20190501,1,6642.74,6642.74,2,1,0.5527093596059114,2,1.29
RISK-018,20190601,4,85161.29000000001,21290.322500000002,3,3,0.5527093596059114,9,5.83
RISK-018,20190701,3,1579589.9300000002,526529.9766666667,4,3,0.5527093596059114,12,7.77
RISK-018,20190801,2,2293.1099999999997,1146.5549999999998,1,2,0.5527093596059114,2,1.29
RISK-018,20190901,1,2708.2,2708.2,2,1,0.5527093596059114,2,1.29
RISK-018,20191001,1,541908.52,541908.52,4,1,0.5527093596059114,4,2.59
RISK-018,20191101,3,56410.520000000004,18803.506666666668,2,3,0.5527093596059114,6,3.88
RISK-018,20191201,4,113626.29,28406.5725,3,3,0.5527093596059114,9,5.83
RISK-018,20200101,1,2553.51,2553.51,2,1,0.5527093596059114,2,1.29
RISK-018,20200201,1,263801.46,263801.46,4,1,0.5527093596059114,4,2.59
RISK-018,20200301,4,308030.27999999997,77007.56999999999,3,3,0.5527093596059114,9,5.83
RISK-018,20200401,3,245448.7,81816.23333333334,3,3,0.5527093596059114,9,5.83
RISK-018,20200501,4,601203.7,150300.925,3,3,0.5527093596059114,9,5.83
RISK-018,20200601,5,41459.76,8291.952000000001,2,4,0.5527093596059114,8,5.18
RISK-018,20200701,2,16012.220000000001,8006.110000000001,2,2,0.5527093596059114,4,2.59
RISK-018,20200801,1,6938.26,6938.26,2,1,0.5527093596059114,2,1.29
RISK-018,20200901,7,129141.58,18448.797142857144,2,4,0.5527093596059114,8,5.18
RISK-018,20201001,4,4290382.94,1072595.735,4,3,0.5527093596059114,12,7.77
RISK-018,20201101,2,47981.97,23990.985,3,2,0.5527093596059114,6,3.88
RISK-018,20201201,2,100306.15,50153.075,3,2,0.5527093596059114,6,3.88
RISK-018,20210101,2,125505.58,62752.79,3,2,0.5527093596059114,6,3.88
RISK-018,20210201,7,165191.64,23598.805714285718,3,4,0.5527093596059114,12,7.77
RISK-018,20210301,6,359965.46,59994.24333333334,3,4,0.5527093596059114,12,7.77
RISK-018,20210401,2,54119.08,27059.54,3,2,0.5527093596059114,6,3.88
RISK-018,20210501,6,1713926.55,285654.425,4,4,0.5527093596059114,16,10.36
RISK-018,20210601,4,2731675.21,682918.8025,4,3,0.5527093596059114,12,7.77
RISK-018,20210701,1,6219.57,6219.57,2,1,0.5527093596059114,2,1.29
RISK-018,20210801,2,28425.71,14212.855,2,2,0.5527093596059114,4,2.59
RISK-018,20210901,7,741167.65,105881.09285714287,3,4,0.5527093596059114,12,7.77
RISK-018,20211001,2,10971.880000000001,5485.9400000000005,2,2,0.5527093596059114,4,2.59
RISK-018,20211101,5,77041.87,15408.374,2,4,0.5527093596059114,8,5.18
RISK-018,20211201,2,173283.62,86641.81,3,2,0.5527093596059114,6,3.88
RISK-018,20220101,3,11246.34,3748.78,2,3,0.5527093596059114,6,3.88
RISK-018,20220201,1,17573.56,17573.56,2,1,0.5527093596059114,2,1.29
RISK-018,20220301,3,65863.0,21954.333333333332,3,3,0.5527093596059114,9,5.83
RISK-018,20220401,4,302143.29000000004,75535.82250000001,3,3,0.5527093596059114,9,5.83
RISK-018,20220501,4,84484.65,21121.1625,3,3,0.5527093596059114,9,5.83
RISK-018,20220601,5,301157.8,60231.56,3,4,0.5527093596059114,12,7.77
RISK-018,20220701,5,317913.1,63582.619999999995,3,4,0.5527093596059114,12,7.77
RISK-018,20220801,3,30302.16,10100.72,2,3,0.5527093596059114,6,3.88
RISK-018,20220901,1,777.45,777.45,1,1,0.5527093596059114,1,0.65
RISK-018,20221001,5,1450783.24,290156.648,4,4,0.5527093596059114,16,10.36
RISK-018,20221101,4,913400.8600000001,228350.21500000003,4,3,0.5527093596059114,12,7.77
RISK-018,20221201,4,69413.87,17353.4675,2,3,0.5527093596059114,6,3.88
RISK-018,20230101,2,1216858.36,608429.18,4,2,0.5527093596059114,8,5.18
RISK-018,20230301,2,129914.66,64957.33,3,2,0.5527093596059114,6,3.88
RISK-018,20230401,3,58595.17,19531.72333333333,3,3,0.5527093596059114,9,5.83
RISK-018,20230601,2,14148.89,7074.445,2,2,0.5527093596059114,4,2.59
RISK-018,20230701,3,1346425.5799999998,448808.5266666666,4,3,0.5527093596059114,12,7.77
RISK-018,20230801,5,82774.14,16554.828,2,4,0.5527093596059114,8,5.18
RISK-018,20230901,2,424481.31,212240.655,3,2,0.5527093596059114,6,3.88
RISK-018,20231001,3,1499479.51,499826.50333333336,4,3,0.5527093596059114,12,7.77
RISK-018,20231101,1,354173.19,354173.19,4,1,0.5527093596059114,4,2.59
RISK-018,20231201,4,28538.210000000003,7134.552500000001,2,3,0.5527093596059114,6,3.88
RISK-018,20240101,3,58567.46000000001,19522.486666666668,3,3,0.5527093596059114,9,5.83
RISK-018,20240201,7,123815.0,17687.85714285714,2,4,0.5527093596059114,8,5.18
RISK-018,20240301,1,9236.73,9236.73,2,1,0.5527093596059114,2,1.29
RISK-018,20240401,7,1896906.02,270986.5742857143,4,4,0.5527093596059114,16,10.36
RISK-018,20240501,1,19413.79,19413.79,2,1,0.5527093596059114,2,1.29
RISK-018,20240601,1,4110.15,4110.15,2,1,0.5527093596059114,2,1.29
RISK-019,20190101,2,1553755.2,776877.6,4,2,0.5945701357466064,8,4.84
RISK-019,20190201,4,786243.53,196560.8825,3,3,0.5945701357466064,9,5.45
RISK-019,20190301,3,315184.34,105061.44666666667,3,3,0.5945701357466064,9,5.45
RISK-019,20190401,2,26368.52,13184.26,2,2,0.5945701357466064,4,2.42
RISK-019,20190501,3,399077.30000000005,133025.7666666667,3,3,0.5945701357466064,9,5.45
RISK-019,20190601,3,127505.4,42501.799999999996,3,3,0.5945701357466064,9,5.45
RISK-019,20190701,4,12512.96,3128.24,2,3,0.5945701357466064,6,3.63
RISK-019,20190801,1,17548.12,17548.12,2,1,0.5945701357466064,2,1.21
RISK-019,20190901,2,21140.079999999998,10570.039999999999,2,2,0.5945701357466064,4,2.42
RISK-019,20191001,3,156325.67,52108.55666666667,3,3,0.5945701357466064,9,5.45
RISK-019,20191101,4,110888.69,27722.1725,3,3,0.5945701357466064,9,5.45
RISK-019,20191201,4,2720681.99,680170.4975,4,3,0.5945701357466064,12,7.27
RISK-019,20200201,6,4393947.97,732324.6616666666,4,4,0.5945701357466064,16,9.69
RISK-019,20200301,4,967509.11,241877.2775,4,3,0.5945701357466064,12,7.27
RISK-019,20200401,4,14918.369999999999,3729.5924999999997,2,3,0.5945701357466064,6,3.63
RISK-019,20200501,5,34487.91,6897.582,2,4,0.5945701357466064,8,4.84
RISK-019,20200601,9,910025.76,101113.97333333333,3,5,0.5945701357466064,15,9.08
RISK-019,20200701,3,193907.86000000002,64635.95333333334,3,3,0.5945701357466064,9,5.45
RISK-019,20200801,2,949707.58,474853.79,4,2,0.5945701357466064,8,4.84
RISK-019,20200901,4,54289.4,13572.35,2,3,0.5945701357466064,6,3.63
RISK-019,20201001,4,242002.88,60500.72,3,3,0.5945701357466064,9,5.45
RISK-019,20201101,4,426782.73,106695.6825,3,3,0.5945701357466064,9,5.45
RISK-019,20201201,2,24755.58,12377.79,2,2,0.5945701357466064,4,2.42
RISK-019,20210101,5,541912.5499999999,108382.50999999998,3,4,0.5945701357466064,12,7.27
RISK-019,20210201,2,20527.15,10263.575,2,2,0.5945701357466064,4,2.42
RISK-019,20210301,2,95158.16,47579.08,3,2,0.5945701357466064,6,3.63
RISK-019,20210401,2,8596.78,4298.39,2,2,0.5945701357466064,4,2.42
RISK-019,20210501,5,3821073.8000000003,764214.76,4,4,0.5945701357466064,16,9.69
RISK-019,20210601,2,416359.78,208179.89,3,2,0.5945701357466064,6,3.63
RISK-019,20210701,1,10028.27,10028.27,2,1,0.5945701357466064,2,1.21
RISK-019,20210801,3,8075.9,2691.9666666666667,2,3,0.5945701357466064,6,3.63
RISK-019,20210901,9,1231694.43,136854.93666666665,3,5,0.5945701357466064,15,9.08
RISK-019,20211001,6,1777399.7,296233.2833333333,4,4,0.5945701357466064,16,9.69
RISK-019,20211101,8,3635220.3699999996,454402.54624999996,4,5,0.5945701357466064,20,12.11
RISK-019,20211201,4,250466.88,62616.72,3,3,0.5945701357466064,9,5.45
RISK-019,20220101,6,309089.03,51514.83833333334,3,4,0.5945701357466064,12,7.27
RISK-019,20220201,3,28590.639999999996,9530.213333333331,2,3,0.5945701357466064,6,3.63
RISK-019,20220301,3,641954.8400000001,213984.94666666668,3,3,0.5945701357466064,9,5.45
RISK-019,20220401,2,8951.380000000001,4475.6900000000005,2,2,0.5945701357466064,4,2.42
RISK-019,20220501,1,323738.32,323738.32,4,1,0.5945701357466064,4,2.42
RISK-019,20220601,4,538653.1900000001,134663.29750000002,3,3,0.5945701357466064,9,5.45
RISK-019,20220701,1,2951.44,2951.44,2,1,0.5945701357466064,2,1.21
RISK-019,20220801,2,15611.73,7805.865,2,2,0.5945701357466064,4,2.42
RISK-019,20220901,2,77657.34999999999,38828.674999999996,3,2,0.5945701357466064,6,3.63
RISK-019,20221001,3,138697.74,46232.579999999994,3,3,0.5945701357466064,9,5.45
RISK-019,20221101,4,233326.22,58331.555,3,3,0.5945701357466064,9,5.45
RISK-019,20221201,4,3609097.84,902274.46,4,3,0.5945701357466064,12,7.27
RISK-019,20230101,3,13634.42,4544.806666666666,2,3,0.5945701357466064,6,3.63
RISK-019,20230201,2,5107611.05,2553805.525,5,2,0.5945701357466064,10,6.05
RISK-019,20230301,2,3912659.51,1956329.755,4,2,0.5945701357466064,8,4.84
RISK-019,20230401,2,145945.88,72972.94,3,2,0.5945701357466064,6,3.63
RISK-019,20230501,2,993113.59,496556.795,4,2,0.5945701357466064,8,4.84
RISK-019,20230601,3,549275.47,183091.82333333333,3,3,0.5945701357466064,9,5.45
RISK-019,20230701,4,14892.35,3723.0875,2,3,0.5945701357466064,6,3.63
RISK-019,20230801,4,14614.380000000001,3653.5950000000003,2,3,0.5945701357466064,6,3.63
RISK-019,20230901,3,32268.510000000002,10756.17,2,3,0.5945701357466064,6,3.63
RISK-019,20231001,2,1167940.46,583970.23,4,2,0.5945701357466064,8,4.84
RISK-019,20231101,5,271378.43,54275.686,3,4,0.5945701357466064,12,7.27
RISK-019,20231201,1,326234.67,326234.67,4,1,0.5945701357466064,4,2.42
RISK-019,20240101,3,28762.510000000002,9587.503333333334,2,3,0.5945701357466064,6,3.63
RISK-019,20240201,3,24768.63,8256.210000000001,2,3,0.5945701357466064,6,3.63
RISK-019,20240301,4,531799.24,132949.81,3,3,0.5945701357466064,9,5.45
RISK-019,20240401,6,3308231.08,551371.8466666667,4,4,0.5945701357466064,16,9.69
RISK-019,20240601,6,2420843.9499999997,403473.99166666664,4,4,0.5945701357466064,16,9.69
RISK-020,20190101,6,81617.17,13602.861666666666,2,4,0.5571428571428572,8,5.14
RISK-020,20190201,4,370634.04,92658.51,3,3,0.5571428571428572,9,5.79
RISK-020,20190401,6,240800.59999999998,40133.43333333333,3,4,0.5571428571428572,12,7.71
RISK-020,20190501,1,562608.91,562608.91,4,1,0.5571428571428572,4,2.57
RISK-020,20190601,3,58057.729999999996,19352.576666666664,2,3,0.5571428571428572,6,3.86
RISK-020,20190701,4,539490.95,134872.7375,3,3,0.5571428571428572,9,5.79
RISK-020,20190801,2,229515.86,114757.93,3,2,0.5571428571428572,6,3.86
RISK-020,20190901,3,75906.25,25302.083333333332,3,3,0.5571428571428572,9,5.79
RISK-020,20191001,3,142037.91,47345.97,3,3,0.5571428571428572,9,5.79
RISK-020,20191101,4,63714.130000000005,15928.532500000001,2,3,0.5571428571428572,6,3.86
RISK-020,20191201,1,504608.55,504608.55,4,1,0.5571428571428572,4,2.57
RISK-020,20200101,3,807660.1499999999,269220.05,4,3,0.5571428571428572,12,7.71
RISK-020,20200201,2,216926.51,108463.255,3,2,0.5571428571428572,6,3.86
RISK-020,20200301,2,8397.4,4198.7,2,2,0.5571428571428572,4,2.57
RISK-020,20200401,3,21666.49,7222.163333333334,2,3,0.5571428571428572,6,3.86
RISK-020,20200501,3,54954.409999999996,18318.136666666665,2,3,0.5571428571428572,6,3.86
RISK-020,20200601,3,40113.01,13371.003333333334,2,3,0.5571428571428572,6,3.86
RISK-020,20200701,1,3787.31,3787.31,2,1,0.5571428571428572,2,1.29
RISK-020,20200801,4,483859.22,120964.805,3,3,0.5571428571428572,9,5.79
RISK-020,20200901,1,12898.16,12898.16,2,1,0.5571428571428572,2,1.29
RISK-020,20201001,3,50092.92,16697.64,2,3,0.5571428571428572,6,3.86
RISK-020,20201101,1,18418.46,18418.46,2,1,0.5571428571428572,2,1.29
RISK-020,20201201,6,505188.42,84198.06999999999,3,4,0.5571428571428572,12,7.71
RISK-020,20210101,5,422645.13,84529.026,3,4,0.5571428571428572,12,7.71
RISK-020,20210201,3,12009.55,4003.183333333333,2,3,0.5571428571428572,6,3.86
RISK-020,20210301,4,1265115.93,316278.9825,4,3,0.5571428571428572,12,7.71
RISK-020,20210401,3,160221.59999999998,53407.19999999999,3,3,0.5571428571428572,9,5.79
RISK-020,20210501,2,18172.75,9086.375,2,2,0.5571428571428572,4,2.57
RISK-020,20210601,1,2495.13,2495.13,2,1,0.5571428571428572,2,1.29
RISK-020,20210701,6,95970.4,15995.066666666666,2,4,0.5571428571428572,8,5.14
RISK-020,20210801,1,11729.81,11729.81,2,1,0.5571428571428572,2,1.29
RISK-020,20210901,4,1977737.98,494434.495,4,3,0.5571428571428572,12,7.71
RISK-020,20211001,7,830351.37,118621.62428571428,3,4,0.5571428571428572,12,7.71
RISK-020,20211101,1,612032.43,612032.43,4,1,0.5571428571428572,4,2.57
RISK-020,20211201,6,2968656.8,494776.1333333333,4,4,0.5571428571428572,16,10.29
RISK-020,20220101,2,430908.23,215454.115,3,2,0.5571428571428572,6,3.86
RISK-020,20220201,1,47311.25,47311.25,3,1,0.5571428571428572,3,1.93
RISK-020,20220301,3,2083921.9700000002,694640.6566666667,4,3,0.5571428571428572,12,7.71
RISK-020,20220401,2,41338.97,20669.485,3,2,0.5571428571428572,6,3.86
RISK-020,20220501,2,254500.34,127250.17,3,2,0.5571428571428572,6,3.86
RISK-020,20220601,4,120425.58,30106.395,3,3,0.5571428571428572,9,5.79
RISK-020,20220701,3,210198.09,70066.03,3,3,0.5571428571428572,9,5.79
RISK-020,20220801,3,43638.759999999995,14546.253333333332,2,3,0.5571428571428572,6,3.86
RISK-020,20220901,2,111390.84,55695.42,3,2,0.5571428571428572,6,3.86
RISK-020,20221001,2,13705.369999999999,6852.6849999999995,2,2,0.5571428571428572,4,2.57
RISK-020,20221101,3,566846.3099999999,188948.77,3,3,0.5571428571428572,9,5.79
RISK-020,20221201,6,130663.67000000001,21777.278333333335,3,4,0.5571428571428572,12,7.71
RISK-020,20230101,2,6232.0,3116.0,2,2,0.5571428571428572,4,2.57
RISK-020,20230201,2,1986396.96,993198.48,4,2,0.5571428571428572,8,5.14
RISK-020,20230301,3,1264926.7100000002,421642.23666666675,4,3,0.5571428571428572,12,7.71
RISK-020,20230401,2,151892.55,75946.275,3,2,0.5571428571428572,6,3.86
RISK-020,20230501,7,1715105.79,245015.11285714287,4,4,0.5571428571428572,16,10.29
RISK-020,20230601,2,16303.52,8151.76,2,2,0.5571428571428572,4,2.57
RISK-020,20230701,2,978022.92,489011.46,4,2,0.5571428571428572,8,5.14
RISK-020,20230801,2,34140.93,17070.465,2,2,0.5571428571428572,4,2.57
RISK-020,20230901,2,23627.789999999997,11813.894999999999,2,2,0.5571428571428572,4,2.57
RISK-020,20231001,2,15572.1,7786.05,2,2,0.5571428571428572,4,2.57
RISK-020,20231101,5,68226.45000000001,13645.290000000003,2,4,0.5571428571428572,8,5.14
RISK-020,20231201,1,13193.94,13193.94,2,1,0.5571428571428572,2,1.29
RISK-020,20240101,1,6352.75,6352.75,2,1,0.5571428571428572,2,1.29
RISK-020,20240201,3,1930986.3200000003,643662.1066666668,4,3,0.5571428571428572,12,7.71
RISK-020,20240301,1,15669.32,15669.32,2,1,0.5571428571428572,2,1.29
RISK-020,20240401,2,239373.44999999998,119686.72499999999,3,2,0.5571428571428572,6,3.86
RISK-020,20240501,6,63526.979999999996,10587.83,2,4,0.5571428571428572,8,5.14
RISK-020,20240601,6,260717.67,43452.945,3,4,0.5571428571428572,12,7.71
RISK-021,20190101,1,3489.4,3489.4,2,1,0.5955307262569832,2,1.21
RISK-021,20190201,7,351282.11,50183.15857142857,3,4,0.5955307262569832,12,7.25
RISK-021,20190301,4,701188.94,175297.235,3,3,0.5955307262569832,9,5.44
RISK-021,20190501,3,602282.05,200760.68333333335,3,3,0.5955307262569832,9,5.44
RISK-021,20190601,4,263912.2,65978.05,3,3,0.5955307262569832,9,5.44
RISK-021,20190701,3,59546.03,19848.676666666666,3,3,0.5955307262569832,9,5.44
RISK-021,20190801,7,551128.81,78732.68714285715,3,4,0.5955307262569832,12,7.25
RISK-021,20190901,2,15698.57,7849.285,2,2,0.5955307262569832,4,2.42
RISK-021,20191001,3,330400.73,110133.57666666666,3,3,0.5955307262569832,9,5.44
RISK-021,20191101,3,387892.42,129297.47333333333,3,3,0.5955307262569832,9,5.44
RISK-021,20191201,5,232437.16999999998,46487.433999999994,3,4,0.5955307262569832,12,7.25
RISK-021,20200101,2,221971.27,110985.635,3,2,0.5955307262569832,6,3.63
RISK-021,20200201,2,7838.71,3919.355,2,2,0.5955307262569832,4,2.42
RISK-021,20200301,1,7315.44,7315.44,2,1,0.5955307262569832,2,1.21
RISK-021,20200401,3,26035.59,8678.53,2,3,0.5955307262569832,6,3.63
RISK-021,20200501,4,46851.97,11712.9925,2,3,0.5955307262569832,6,3.63
RISK-021,20200601,1,109892.25,109892.25,3,1,0.5955307262569832,3,1.81
RISK-021,20200701,3,35857.14,11952.38,2,3,0.5955307262569832,6,3.63
RISK-021,20200801,4,29408.94,7352.235,2,3,0.5955307262569832,6,3.63
RISK-021,20201001,5,1148317.98,229663.596,4,4,0.5955307262569832,16,9.67
RISK-021,20201101,3,1108839.53,369613.1766666667,4,3,0.5955307262569832,12,7.25
RISK-021,20201201,5,1024632.81,204926.562,3,4,0.5955307262569832,12,7.25
RISK-021,20210101,1,4204.79,4204.79,2,1,0.5955307262569832,2,1.21
RISK-021,20210201,3,152222.72,50740.90666666667,3,3,0.5955307262569832,9,5.44
RISK-021,20210301,2,3261.8,1630.9,1,2,0.5955307262569832,2,1.21
RISK-021,20210401,3,646759.3400000001,215586.44666666668,3,3,0.5955307262569832,9,5.44
RISK-021,20210501,2,398883.67000000004,199441.83500000002,3,2,0.5955307262569832,6,3.63
RISK-021,20210601,2,6429.38,3214.69,2,2,0.5955307262569832,4,2.42
RISK-021,20210701,4,111777.91,27944.4775,3,3,0.5955307262569832,9,5.44
RISK-021,20210801,2,112933.62,56466.81,3,2,0.5955307262569832,6,3.63
RISK-021,20211001,2,280261.58,140130.79,3,2,0.5955307262569832,6,3.63
RISK-021,20211101,3,1066646.81,355548.9366666667,4,3,0.5955307262569832,12,7.25
RISK-021,20211201,2,33319.39,16659.695,2,2,0.5955307262569832,4,2.42
RISK-021,20220101,3,623467.9,207822.63333333333,3,3,0.5955307262569832,9,5.44
RISK-021,20220201,3,195450.97,65150.323333333334,3,3,0.5955307262569832,9,5.44
RISK-021,20220301,1,1085.5,1085.5,1,1,0.5955307262569832,1,0.6
RISK-021,20220401,3,110859.84,36953.28,3,3,0.5955307262569832,9,5.44
RISK-021,20220501,2,215887.0,107943.5,3,2,0.5955307262569832,6,3.63
RISK-021,20220601,1,13522.12,13522.12,2,1,0.5955307262569832,2,1.21
RISK-021,20220701,1,17833.31,17833.31,2,1,0.5955307262569832,2,1.21
RISK-021,20220801,2,83335.0,41667.5,3,2,0.5955307262569832,6,3.63
RISK-021,20220901,3,2084629.28,694876.4266666666,4,3,0.5955307262569832,12,7.25
RISK-021,20221001,4,635856.01,158964.0025,3,3,0.5955307262569832,9,5.44
RISK-021,20221101,4,758764.1599999999,189691.03999999998,3,3,0.5955307262569832,9,5.44
RISK-021,20221201,3,92992.84,30997.61333333333,3,3,0.5955307262569832,9,5.44
RISK-021,20230101,2,1022067.24,511033.62,4,2,0.5955307262569832,8,4.84
RISK-021,20230201,1,5916.68,5916.68,2,1,0.5955307262569832,2,1.21
RISK-021,20230301,5,263887.17,52777.433999999994,3,4,0.5955307262569832,12,7.25
RISK-021,20230401,4,37521.7,9380.425,2,3,0.5955307262569832,6,3.63
RISK-021,20230501,5,140718.71,28143.742,3,4,0.5955307262569832,12,7.25
RISK-021,20230601,6,129951.07,21658.51166666667,3,4,0.5955307262569832,12,7.25
RISK-021,20230701,3,501713.35,167237.78333333333,3,3,0.5955307262569832,9,5.44
RISK-021,20230801,2,271340.35,135670.175,3,2,0.5955307262569832,6,3.63
RISK-021,20230901,1,2793.65,2793.65,2,1,0.5955307262569832,2,1.21
RISK-021,20231001,1,9165.81,9165.81,2,1,0.5955307262569832,2,1.21
RISK-021,20231101,2,61411.29,30705.645,3,2,0.5955307262569832,6,3.63
RISK-021,20231201,2,11027.470000000001,5513.735000000001,2,2,0.5955307262569832,4,2.42
RISK-021,20240101,2,1759472.71,879736.355,4,2,0.5955307262569832,8,4.84
RISK-021,20240201,2,35565.39,17782.695,2,2,0.5955307262569832,4,2.42
RISK-021,20240301,3,75779.94,25259.98,3,3,0.5955307262569832,9,5.44
RISK-021,20240401,1,3690.24,3690.24,2,1,0.5955307262569832,2,1.21
RISK-021,20240501,5,1055380.0699999998,211076.01399999997,3,4,0.5955307262569832,12,7.25
RISK-021,20240601,1,956957.81,956957.81,4,1,0.5955307262569832,4,2.42
RISK-022,20190101,3,52741.93,17580.643333333333,2,3,0.5677725118483412,6,3.79
RISK-022,20190201,5,1241550.18,248310.036,4,4,0.5677725118483412,16,10.12
RISK-022,20190301,3,70778.43,23592.809999999998,3,3,0.5677725118483412,9,5.69
RISK-022,20190401,1,16938.86,16938.86,2,1,0.5677725118483412,2,1.26
RISK-022,20190501,4,74244.48000000001,18561.120000000003,2,3,0.5677725118483412,6,3.79
RISK-022,20190601,3,166336.12,55445.37333333333,3,3,0.5677725118483412,9,5.69
RISK-022,20190701,4,52432.32,13108.08,2,3,0.5677725118483412,6,3.79
RISK-022,20190801,10,211807.28,21180.728,3,5,0.5677725118483412,15,9.48
RISK-022,20190901,3,1606213.8199999998,535404.6066666666,4,3,0.5677725118483412,12,7.59
RISK-022,20191001,3,309080.62,103026.87333333334,3,3,0.5677725118483412,9,5.69
RISK-022,20191101,5,27363.96,5472.7919999999995,2,4,0.5677725118483412,8,5.06
RISK-022,20191201,4,44674.8,11168.7,2,3,0.5677725118483412,6,3.79
RISK-022,20200101,1,15154.94,15154.94,2,1,0.5677725118483412,2,1.26
RISK-022,20200201,2,13900.689999999999,6950.344999999999,2,2,0.5677725118483412,4,2.53
RISK-022,20200301,9,1224373.1400000001,136041.46000000002,3,5,0.5677725118483412,15,9.48
RISK-022,20200401,2,22028.93,11014.465,2,2,0.5677725118483412,4,2.53
RISK-022,20200501,3,14098.12,4699.373333333334,2,3,0.5677725118483412,6,3.79
RISK-022,20200601,6,258458.06,43076.34333333333,3,4,0.5677725118483412,12,7.59
RISK-022,20200701,3,108615.64,36205.21333333333,3,3,0.5677725118483412,9,5.69
RISK-022,20200801,3,69217.26000000001,23072.420000000002,3,3,0.5677725118483412,9,5.69
RISK-022,20200901,3,63228.93000000001,21076.31,3,3,0.5677725118483412,9,5.69
RISK-022,20201001,1,7189.32,7189.32,2,1,0.5677725118483412,2,1.26
RISK-022,20201101,3,104475.6,34825.200000000004,3,3,0.5677725118483412,9,5.69
RISK-022,20201201,1,39638.51,39638.51,3,1,0.5677725118483412,3,1.9
RISK-022,20210101,2,52945.94,26472.97,3,2,0.5677725118483412,6,3.79
RISK-022,20210201,2,132917.08000000002,66458.54000000001,3,2,0.5677725118483412,6,3.79
RISK-022,20210301,3,37453.7,12484.566666666666,2,3,0.5677725118483412,6,3.79
RISK-022,20210501,3,35115.25,11705.083333333334,2,3,0.5677725118483412,6,3.79
RISK-022,20210601,3,16000.329999999998,5333.443333333333,2,3,0.5677725118483412,6,3.79
RISK-022,20210701,2,4053.47,2026.735,2,2,0.5677725118483412,4,2.53
RISK-022,20210801,5,101150.95,20230.19,3,4,0.5677725118483412,12,7.59
RISK-022,20210901,4,2500134.61,625033.6525,4,3,0.5677725118483412,12,7.59
RISK-022,20211001,3,53540.04,17846.68,2,3,0.5677725118483412,6,3.79
RISK-022,20211101,2,48785.57,24392.785,3,2,0.5677725118483412,6,3.79
RISK-022,20211201,8,157728.34999999998,19716.043749999997,3,5,0.5677725118483412,15,9.48
RISK-022,20220101,6,149688.84,24948.14,3,4,0.5677725118483412,12,7.59
RISK-022,20220201,4,35878.35,8969.5875,2,3,0.5677725118483412,6,3.79
RISK-022,20220301,4,95505.57,23876.3925,3,3,0.5677725118483412,9,5.69
RISK-022,20220401,2,10190.73,5095.365,2,2,0.5677725118483412,4,2.53
RISK-022,20220501,3,1567087.81,522362.60333333333,4,3,0.5677725118483412,12,7.59
RISK-022,20220601,2,25651.260000000002,12825.630000000001,2,2,0.5677725118483412,4,2.53
RISK-022,20220701,2,42614.11,21307.055,3,2,0.5677725118483412,6,3.79
RISK-022,20220801,3,24669.45,8223.15,2,3,0.5677725118483412,6,3.79
RISK-022,20221101,1,82232.67,82232.67,3,1,0.5677725118483412,3,1.9
RISK-022,20221201,6,75679.63,12613.271666666667,2,4,0.5677725118483412,8,5.06
RISK-022,20230101,6,204785.26,34130.87666666667,3,4,0.5677725118483412,12,7.59
RISK-022,20230201,2,63739.71,31869.855,3,2,0.5677725118483412,6,3.79
RISK-022,20230401,3,38184.49,12728.163333333332,2,3,0.5677725118483412,6,3.79
RISK-022,20230501,4,36002.57,9000.6425,2,3,0.5677725118483412,6,3.79
RISK-022,20230601,4,51372.87,12843.2175,2,3,0.5677725118483412,6,3.79
RISK-022,20230701,2,27328.84,13664.42,2,2,0.5677725118483412,4,2.53
RISK-022,20230801,8,65267.14,8158.3925,2,5,0.5677725118483412,10,6.32
RISK-022,20230901,2,190178.73,95089.365,3,2,0.5677725118483412,6,3.79
RISK-022,20231001,2,14794.189999999999,7397.094999999999,2,2,0.5677725118483412,4,2.53
RISK-022,20231101,3,1378177.36,459392.45333333337,4,3,0.5677725118483412,12,7.59
RISK-022,20231201,5,50485.13,10097.026,2,4,0.5677725118483412,8,5.06
RISK-022,20240101,3,14585.3,4861.766666666666,2,3,0.5677725118483412,6,3.79
RISK-022,20240301,3,32373.16,10791.053333333333,2,3,0.5677725118483412,6,3.79
RISK-022,20240401,2,29339.210000000003,14669.605000000001,2,2,0.5677725118483412,4,2.53
RISK-022,20240501,4,73100.59999999999,18275.149999999998,2,3,0.5677725118483412,6,3.79
RISK-022,20240601,3,137360.03999999998,45786.67999999999,3,3,0.5677725118483412,9,5.69
RISK-023,20190101,4,220021.96000000002,55005.490000000005,3,3,0.5731958762886598,9,5.64
RISK-023,20190201,1,114539.68,114539.68,3,1,0.5731958762886598,3,1.88
RISK-023,20190301,3,49638.57,16546.19,2,3,0.5731958762886598,6,3.76
RISK-023,20190401,1,14386.83,14386.83,2,1,0.5731958762886598,2,1.25
RISK-023,20190501,2,48070.520000000004,24035.260000000002,3,2,0.5731958762886598,6,3.76
RISK-023,20190601,3,583131.98,194377.32666666666,3,3,0.5731958762886598,9,5.64
RISK-023,20190701,5,508248.48,101649.696,3,4,0.5731958762886598,12,7.52
RISK-023,20190801,2,221817.54,110908.77,3,2,0.5731958762886598,6,3.76
RISK-023,20190901,7,107115.15000000001,15302.164285714287,2,4,0.5731958762886598,8,5.01
RISK-023,20191001,3,147724.59,49241.53,3,3,0.5731958762886598,9,5.64
RISK-023,20191101,4,158489.43,39622.3575,3,3,0.5731958762886598,9,5.64
RISK-023,20191201,2,41955.75,20977.875,3,2,0.5731958762886598,6,3.76
RISK-023,20200101,2,10399.52,5199.76,2,2,0.5731958762886598,4,2.51
RISK-023,20200201,1,510.98,510.98,1,1,0.5731958762886598,1,0.63
RISK-023,20200301,5,189844.56,37968.912,3,4,0.5731958762886598,12,7.52
RISK-023,20200401,1,19076.43,19076.43,2,1,0.5731958762886598,2,1.25
RISK-023,20200501,2,27114.690000000002,13557.345000000001,2,2,0.5731958762886598,4,2.51
RISK-023,20200601,5,33097.42,6619.4839999999995,2,4,0.5731958762886598,8,5.01
RISK-023,20200701,3,191819.51,63939.83666666667,3,3,0.5731958762886598,9,5.64
RISK-023,20200801,5,308091.12,61618.224,3,4,0.5731958762886598,12,7.52
RISK-023,20200901,1,9225.75,9225.75,2,1,0.5731958762886598,2,1.25
RISK-023,20201001,4,969318.68,242329.67,4,3,0.5731958762886598,12,7.52
RISK-023,20201101,5,36253.74,7250.748,2,4,0.5731958762886598,8,5.01
RISK-023,20201201,1,4250.08,4250.08,2,1,0.5731958762886598,2,1.25
RISK-023,20210101,5,79000.76,15800.151999999998,2,4,0.5731958762886598,8,5.01
RISK-023,20210201,1,346579.08,346579.08,4,1,0.5731958762886598,4,2.51
RISK-023,20210301,4,129485.01999999999,32371.254999999997,3,3,0.5731958762886598,9,5.64
RISK-023,20210401,4,115847.93000000001,28961.982500000002,3,3,0.5731958762886598,9,5.64
RISK-023,20210501,2,76167.14,38083.57,3,2,0.5731958762886598,6,3.76
RISK-023,20210601,3,11235.09,3745.03,2,3,0.5731958762886598,6,3.76
RISK-023,20210701,4,5594341.1,1398585.275,4,3,0.5731958762886598,12,7.52
RISK-023,20210801,3,23347.11,7782.37,2,3,0.5731958762886598,6,3.76
RISK-023,20210901,2,122197.41,61098.705,3,2,0.5731958762886598,6,3.76
RISK-023,20211001,6,25300.56,4216.76,2,4,0.5731958762886598,8,5.01
RISK-023,20211101,2,443467.26999999996,221733.63499999998,4,2,0.5731958762886598,8,5.01
RISK-023,20220101,2,1633235.05,816617.525,4,2,0.5731958762886598,8,5.01
RISK-023,20220201,3,73116.03,24372.01,3,3,0.5731958762886598,9,5.64
RISK-023,20220301,3,938138.04,312712.68,4,3,0.5731958762886598,12,7.52
RISK-023,20220501,2,121941.08,60970.54,3,2,0.5731958762886598,6,3.76
RISK-023,20220601,1,47737.67,47737.67,3,1,0.5731958762886598,3,1.88
RISK-023,20220701,4,2341155.6799999997,585288.9199999999,4,3,0.5731958762886598,12,7.52
RISK-023,20220801,4,498894.16,124723.54,3,3,0.5731958762886598,9,5.64
RISK-023,20220901,2,896902.3200000001,448451.16000000003,4,2,0.5731958762886598,8,5.01
RISK-023,20221001,5,76794.70999999999,15358.942,2,4,0.5731958762886598,8,5.01
RISK-023,20221101,3,71759.22,23919.74,3,3,0.5731958762886598,9,5.64
RISK-023,20221201,5,541275.0900000001,108255.01800000001,3,4,0.5731958762886598,12,7.52
RISK-023,20230101,4,40033.270000000004,10008.317500000001,2,3,0.5731958762886598,6,3.76
RISK-023,20230201,3,771712.17,257237.39,4,3,0.5731958762886598,12,7.52
RISK-023,20230301,2,522663.25,261331.625,4,2,0.5731958762886598,8,5.01
RISK-023,20230501,7,1096304.22,156614.88857142857,3,4,0.5731958762886598,12,7.52
RISK-023,20230601,6,176279.68,29379.946666666667,3,4,0.5731958762886598,12,7.52
RISK-023,20230801,2,8095.37,4047.685,2,2,0.5731958762886598,4,2.51
RISK-023,20230901,3,113026.10999999999,37675.369999999995,3,3,0.5731958762886598,9,5.64
RISK-023,20231001,4,784072.9299999999,196018.23249999998,3,3,0.5731958762886598,9,5.64
RISK-023,20231101,3,25995.41,8665.136666666667,2,3,0.5731958762886598,6,3.76
RISK-023,20231201,3,70782.65,23594.216666666664,3,3,0.5731958762886598,9,5.64
RISK-023,20240101,3,1189870.3900000001,396623.4633333334,4,3,0.5731958762886598,12,7.52
RISK-023,20240201,3,532115.44,177371.81333333332,3,3,0.5731958762886598,9,5.64
RISK-023,20240301,3,90969.20000000001,30323.06666666667,3,3,0.5731958762886598,9,5.64
RISK-023,20240401,5,218602.91,43720.582,3,4,0.5731958762886598,12,7.52
RISK-023,20240601,1,2411.64,2411.64,2,1,0.5731958762886598,2,1.25
RISK-024,20190101,4,37602.39,9400.5975,2,3,0.5757575757575757,6,3.75
RISK-024,20190201,3,135746.21,45248.736666666664,3,3,0.5757575757575757,9,5.62
RISK-024,20190301,4,199358.07,49839.5175,3,3,0.5757575757575757,9,5.62
RISK-024,20190401,3,40330.93,13443.643333333333,2,3,0.5757575757575757,6,3.75
RISK-024,20190701,1,7183.84,7183.84,2,1,0.5757575757575757,2,1.25
RISK-024,20190801,4,176229.07,44057.2675,3,3,0.5757575757575757,9,5.62
RISK-024,20190901,3,91130.83,30376.943333333333,3,3,0.5757575757575757,9,5.62
RISK-024,20191001,5,33312.18,6662.436,2,4,0.5757575757575757,8,4.99
RISK-024,20191101,1,7181.09,7181.09,2,1,0.5757575757575757,2,1.25
RISK-024,20191201,1,948348.24,948348.24,4,1,0.5757575757575757,4,2.5
RISK-024,20200101,3,16670.98,5556.993333333333,2,3,0.5757575757575757,6,3.75
RISK-024,20200201,1,140409.44,140409.44,3,1,0.5757575757575757,3,1.87
RISK-024,20200301,3,12835.86,4278.62,2,3,0.5757575757575757,6,3.75
RISK-024,20200401,2,1046714.76,523357.38,4,2,0.5757575757575757,8,4.99
RISK-024,20200501,1,33556.05,33556.05,3,1,0.5757575757575757,3,1.87
RISK-024,20200601,3,28112.28,9370.76,2,3,0.5757575757575757,6,3.75
RISK-024,20200701,2,12770.46,6385.23,2,2,0.5757575757575757,4,2.5
RISK-024,20200801,3,1888397.6,629465.8666666667,4,3,0.5757575757575757,12,7.49
RISK-024,20200901,4,77489.65000000001,19372.412500000002,2,3,0.5757575757575757,6,3.75
RISK-024,20201001,3,532492.36,177497.45333333334,3,3,0.5757575757575757,9,5.62
RISK-024,20201101,2,23343.64,11671.82,2,2,0.5757575757575757,4,2.5
RISK-024,20201201,4,1144306.41,286076.6025,4,3,0.5757575757575757,12,7.49
RISK-024,20210101,2,21560.43,10780.215,2,2,0.5757575757575757,4,2.5
RISK-024,20210201,1,57079.78,57079.78,3,1,0.5757575757575757,3,1.87
RISK-024,20210301,2,137126.06,68563.03,3,2,0.5757575757575757,6,3.75
RISK-024,20210401,5,166013.28000000003,33202.656,3,4,0.5757575757575757,12,7.49
RISK-024,20210501,2,47910.5,23955.25,3,2,0.5757575757575757,6,3.75
RISK-024,20210601,1,456550.06,456550.06,4,1,0.5757575757575757,4,2.5
RISK-024,20210701,6,2627296.41,437882.73500000004,4,4,0.5757575757575757,16,9.99
RISK-024,20210801,2,1204042.84,602021.42,4,2,0.5757575757575757,8,4.99
RISK-024,20210901,4,1080652.9700000002,270163.24250000005,4,3,0.5757575757575757,12,7.49
RISK-024,20211001,5,1086869.72,217373.944,3,4,0.5757575757575757,12,7.49
RISK-024,20211101,6,1656421.29,276070.215,4,4,0.5757575757575757,16,9.99
RISK-024,20211201,3,30705.39,10235.13,2,3,0.5757575757575757,6,3.75
RISK-024,20220101,3,999638.6,333212.86666666664,4,3,0.5757575757575757,12,7.49
RISK-024,20220201,2,26584.780000000002,13292.390000000001,2,2,0.5757575757575757,4,2.5
RISK-024,20220301,3,4404856.319999999,1468285.4399999997,4,3,0.5757575757575757,12,7.49
RISK-024,20220401,4,140829.86,35207.465,3,3,0.5757575757575757,9,5.62
RISK-024,20220501,4,30189.82,7547.455,2,3,0.5757575757575757,6,3.75
RISK-024,20220701,4,63808.28,15952.07,2,3,0.5757575757575757,6,3.75
RISK-024,20220801,1,4304.45,4304.45,2,1,0.5757575757575757,2,1.25
RISK-024,20220901,6,244302.16,40717.026666666665,3,4,0.5757575757575757,12,7.49
RISK-024,20221001,2,61098.64,30549.32,3,2,0.5757575757575757,6,3.75
RISK-024,20221101,4,1379519.96,344879.99,4,3,0.5757575757575757,12,7.49
RISK-024,20221201,1,10119.28,10119.28,2,1,0.5757575757575757,2,1.25
RISK-024,20230101,4,610022.5000000001,152505.62500000003,3,3,0.5757575757575757,9,5.62
RISK-024,20230201,4,277410.86,69352.715,3,3,0.5757575757575757,9,5.62
RISK-024,20230301,6,469257.3,78209.55,3,4,0.5757575757575757,12,7.49
RISK-024,20230401,3,143577.33,47859.10999999999,3,3,0.5757575757575757,9,5.62
RISK-024,20230501,4,104949.57,26237.3925,3,3,0.5757575757575757,9,5.62
RISK-024,20230601,5,1969090.3399999999,393818.06799999997,4,4,0.5757575757575757,16,9.99
RISK-024,20230701,4,115154.61,28788.6525,3,3,0.5757575757575757,9,5.62
RISK-024,20230801,3,206857.87999999998,68952.62666666666,3,3,0.5757575757575757,9,5.62
RISK-024,20230901,1,4569.87,4569.87,2,1,0.5757575757575757,2,1.25
RISK-024,20231001,4,63890.380000000005,15972.595000000001,2,3,0.5757575757575757,6,3.75
RISK-024,20231101,2,84744.85,42372.425,3,2,0.5757575757575757,6,3.75
RISK-024,20231201,4,884509.55,221127.3875,4,3,0.5757575757575757,12,7.49
RISK-024,20240101,4,1561672.31,390418.0775,4,3,0.5757575757575757,12,7.49
RISK-024,20240201,3,237542.30000000002,79180.76666666668,3,3,0.5757575757575757,9,5.62
RISK-024,20240301,3,90778.91,30259.63666666667,3,3,0.5757575757575757,9,5.62
RISK-024,20240401,3,163065.37,54355.12333333333,3,3,0.5757575757575757,9,5.62
RISK-024,20240501,3,73562.51999999999,24520.839999999997,3,3,0.5757575757575757,9,5.62
RISK-024,20240601,5,103823.9,20764.78,3,4,0.5757575757575757,12,7.49
RISK-025,20190201,3,47128.27,15709.423333333332,2,3,0.578021978021978,6,3.73
RISK-025,20190301,3,59906.83,19968.943333333333,3,3,0.578021978021978,9,5.6
RISK-025,20190401,6,2607412.46,434568.74333333335,4,4,0.578021978021978,16,9.95
RISK-025,20190501,5,323392.36,64678.471999999994,3,4,0.578021978021978,12,7.46
RISK-025,20190601,5,528261.15,105652.23000000001,3,4,0.578021978021978,12,7.46
RISK-025,20190901,4,123300.46999999999,30825.117499999997,3,3,0.578021978021978,9,5.6
RISK-025,20191001,5,1915705.55,383141.11,4,4,0.578021978021978,16,9.95
RISK-025,20191101,3,25553.7,8517.9,2,3,0.578021978021978,6,3.73
RISK-025,20191201,2,79691.88,39845.94,3,2,0.578021978021978,6,3.73
RISK-025,20200101,4,349129.32,87282.33,3,3,0.578021978021978,9,5.6
RISK-025,20200201,2,967419.3500000001,483709.67500000005,4,2,0.578021978021978,8,4.98
RISK-025,20200301,1,5321.0,5321.0,2,1,0.578021978021978,2,1.24
RISK-025,20200401,5,1291279.4300000002,258255.88600000003,4,4,0.578021978021978,16,9.95
RISK-025,20200501,2,4521.88,2260.94,2,2,0.578021978021978,4,2.49
RISK-025,20200601,3,9546.92,3182.306666666667,2,3,0.578021978021978,6,3.73
RISK-025,20200701,3,533502.96,177834.31999999998,3,3,0.578021978021978,9,5.6
RISK-025,20200801,5,24645.58,4929.116,2,4,0.578021978021978,8,4.98
RISK-025,20200901,1,15357.58,15357.58,2,1,0.578021978021978,2,1.24
RISK-025,20201001,5,43522.61,8704.522,2,4,0.578021978021978,8,4.98
RISK-025,20201201,1,672034.82,672034.82,4,1,0.578021978021978,4,2.49
RISK-025,20210101,2,2847028.0300000003,1423514.0150000001,4,2,0.578021978021978,8,4.98
RISK-025,20210201,3,1830103.36,610034.4533333334,4,3,0.578021978021978,12,7.46
RISK-025,20210301,1,418034.42,418034.42,4,1,0.578021978021978,4,2.49
RISK-025,20210401,3,341652.15,113884.05,3,3,0.578021978021978,9,5.6
RISK-025,20210501,2,296355.56,148177.78,3,2,0.578021978021978,6,3.73
RISK-025,20210601,9,394903.62,43878.18,3,5,0.578021978021978,15,9.33
RISK-025,20210701,3,12891.79,4297.263333333333,2,3,0.578021978021978,6,3.73
RISK-025,20210801,4,84542.14,21135.535,3,3,0.578021978021978,9,5.6
RISK-025,20210901,4,40147.08,10036.77,2,3,0.578021978021978,6,3.73
RISK-025,20211001,1,2365.16,2365.16,2,1,0.578021978021978,2,1.24
RISK-025,20211101,3,38946.52,12982.173333333332,2,3,0.578021978021978,6,3.73
RISK-025,20211201,1,5945.3,5945.3,2,1,0.578021978021978,2,1.24
RISK-025,20220101,3,54254.67,18084.89,2,3,0.578021978021978,6,3.73
RISK-025,20220201,1,50617.27,50617.27,3,1,0.578021978021978,3,1.87
RISK-025,20220301,1,8645.1,8645.1,2,1,0.578021978021978,2,1.24
RISK-025,20220501,3,24362.51,8120.836666666666,2,3,0.578021978021978,6,3.73
RISK-025,20220601,5,212834.94,42566.988,3,4,0.578021978021978,12,7.46
RISK-025,20220701,3,840808.1,280269.36666666664,4,3,0.578021978021978,12,7.46
RISK-025,20220801,2,748926.74,374463.37,4,2,0.578021978021978,8,4.98
RISK-025,20220901,2,467599.12,233799.56,4,2,0.578021978021978,8,4.98
RISK-025,20221001,5,146109.65,29221.93,3,4,0.578021978021978,12,7.46
RISK-025,20221101,3,187524.50999999998,62508.16999999999,3,3,0.578021978021978,9,5.6
RISK-025,20221201,1,3926.99,3926.99,2,1,0.578021978021978,2,1.24
RISK-025,20230101,2,53193.03999999999,26596.519999999997,3,2,0.578021978021978,6,3.73
RISK-025,20230201,4,72900.37,18225.0925,2,3,0.578021978021978,6,3.73
RISK-025,20230301,4,54204.2,13551.05,2,3,0.578021978021978,6,3.73
RISK-025,20230401,2,6445.75,3222.875,2,2,0.578021978021978,4,2.49
RISK-025,20230501,5,448237.26000000007,89647.45200000002,3,4,0.578021978021978,12,7.46
RISK-025,20230601,4,74108.54,18527.135,2,3,0.578021978021978,6,3.73
RISK-025,20230701,1,372011.67,372011.67,4,1,0.578021978021978,4,2.49
RISK-025,20230801,3,6864.11,2288.0366666666664,2,3,0.578021978021978,6,3.73
RISK-025,20230901,1,54809.95,54809.95,3,1,0.578021978021978,3,1.87
RISK-025,20231001,2,163459.07,81729.535,3,2,0.578021978021978,6,3.73
RISK-025,20231101,1,9524.16,9524.16,2,1,0.578021978021978,2,1.24
RISK-025,20231201,5,77452.76000000001,15490.552000000001,2,4,0.578021978021978,8,4.98
RISK-025,20240101,3,250369.00999999998,83456.33666666666,3,3,0.578021978021978,9,5.6
RISK-025,20240201,1,166530.2,166530.2,3,1,0.578021978021978,3,1.87
RISK-025,20240301,3,163462.06,54487.35333333333,3,3,0.578021978021978,9,5.6
RISK-025,20240401,6,1046656.77,174442.795,3,4,0.578021978021978,12,7.46
RISK-025,20240501,2,16768261.85,8384130.925,5,2,0.578021978021978,10,6.22
