event_id,risk_id,business_unit_id,event_date_key,due_date_key,gross_loss,recovery_amount,net_loss,impact_level,probability_score,expected_loss,mitigation_status,description
1,RISK-0001,3.0,19990801,,102000000.0,0.0,102000000.0,Critical,,102000000.0,Unknown,"Operational risk event: Internal fraud caused by People in Commercial banking located in Shaanxi, Xi'an."
2,RISK-0002,5.0,19981201,,4200000.0,0.0,4200000.0,Critical,,4200000.0,Unknown,"Operational risk event: Internal fraud caused by People in No business line located in Guangdong, Dongguan."
3,RISK-0003,6.0,19970701,,3320000.0,0.0,3320000.0,Critical,,3320000.0,Unknown,"Operational risk event: Internal fraud caused by People in Payment and settlement located in Guangdong, Shenzhen."
4,RISK-0003,6.0,20000201,,21020000.0,0.0,21020000.0,Critical,,21020000.0,Unknown,"Operational risk event: Internal fraud caused by People in Payment and settlement located in Tianjin, Unknown city."
5,RISK-0002,5.0,19950201,,15800000.0,0.0,15800000.0,Critical,,15800000.0,Unknown,"Operational risk event: Internal fraud caused by People in No business line located in Beijing, Beijing."
6,RISK-0001,3.0,19950501,,48430000.0,0.0,48430000.0,Critical,,48430000.0,Unknown,"Operational risk event: Internal fraud caused by People in Commercial banking located in Chongqing, Chongqing."
7,RISK-0001,3.0,20000301,,56000000.0,0.0,56000000.0,Critical,,56000000.0,Unknown,"Operational risk event: Internal fraud caused by People in Commercial banking located in Tianjin, Tianjin."
8,RISK-0002,5.0,19980201,,3710000.0,0.0,3710000.0,Critical,,3710000.0,Unknown,"Operational risk event: Internal fraud caused by People in No business line located in Ningxia, Wuzhong."
9,RISK-0002,5.0,,,140000000.0,0.0,140000000.0,Critical,,140000000.0,Unknown,"Operational risk event: Internal fraud caused by People in No business line located in Guangdong, Unknown city."
10,RISK-0003,6.0,20000901,,49000000.0,0.0,49000000.0,Critical,,49000000.0,Unknown,"Operational risk event: Internal fraud caused by People in Payment and settlement located in Heilongjiang, Daqing."
11,RISK-0004,7.0,20001101,,17000.0,0.0,17000.0,Low,,17000.0,Unknown,"Operational risk event: Clients, products & business practices caused by People in Retail banking located in Beijing, Beijing."
12,RISK-0005,7.0,20000301,,666500.0,0.0,666500.0,High,,666500.0,Unknown,"Operational risk event: Internal fraud caused by People in Retail banking located in Yunnan, Chuxiong."
13,RISK-0005,7.0,,,1960572.0,0.0,1960572.0,Critical,,1960572.0,Unknown,"Operational risk event: Internal fraud caused by People in Retail banking located in Henan, Kaifeng."
14,RISK-0001,3.0,,,100000000.0,0.0,100000000.0,Critical,,100000000.0,Unknown,"Operational risk event: Internal fraud caused by People in Commercial banking located in Beijing, Beijing."
15,RISK-0002,5.0,20000901,,667366.0,0.0,667366.0,High,,667366.0,Unknown,"Operational risk event: Internal fraud caused by People in No business line located in Anhui, Bengbu."
16,RISK-0002,5.0,19971101,,14670000.0,0.0,14670000.0,Critical,,14670000.0,Unknown,"Operational risk event: Internal fraud caused by People in No business line located in Shaanxi, Weinan."
17,RISK-0001,3.0,19970901,,484440000.0,0.0,484440000.0,Critical,,484440000.0,Unknown,"Operational risk event: Internal fraud caused by People in Commercial banking located in Shaanxi, Xi'an."
18,RISK-0002,5.0,19970301,,11760000.0,0.0,11760000.0,Critical,,11760000.0,Unknown,"Operational risk event: Internal fraud caused by People in No business line located in Shaanxi, Weinan."
19,RISK-0002,5.0,19981201,,38600000.0,0.0,38600000.0,Critical,,38600000.0,Unknown,"Operational risk event: Internal fraud caused by People in No business line located in Guangdong, Shenzhen."
20,RISK-0003,6.0,20001001,,89500000.0,0.0,89500000.0,Critical,,89500000.0,Unknown,"Operational risk event: Internal fraud caused by People in Payment and settlement located in Shandong, Jinan."
21,RISK-0002,5.0,19990401,,13329000.0,0.0,13329000.0,Critical,,13329000.0,Unknown,"Operational risk event: Internal fraud caused by People in No business line located in Shanghai, Shanghai."
22,RISK-0003,6.0,19981001,,280000000.0,0.0,280000000.0,Critical,,280000000.0,Unknown,"Operational risk event: Internal fraud caused by People in Payment and settlement located in Guangdong, Heyuan."
23,RISK-0005,7.0,20000101,,385000.0,0.0,385000.0,High,,385000.0,Unknown,"Operational risk event: Internal fraud caused by People in Retail banking located in Henan, Zhengzhou."
24,RISK-0005,7.0,20000801,,190000.0,0.0,190000.0,Medium,,190000.0,Unknown,"Operational risk event: Internal fraud caused by People in Retail banking located in Shandong, Unknown city."
25,RISK-0005,7.0,19960801,,800000.0,0.0,800000.0,High,,800000.0,Unknown,"Operational risk event: Internal fraud caused by People in Retail banking located in Anhui, Unknown city."
26,RISK-0005,7.0,20000101,,825300.0,0.0,825300.0,High,,825300.0,Unknown,"Operational risk event: Internal fraud caused by People in Retail banking located in Yunnan, Dehong."
27,RISK-0003,6.0,20000601,,3690000.0,0.0,3690000.0,Critical,,3690000.0,Unknown,"Operational risk event: Internal fraud caused by People in Payment and settlement located in Chongqing, Chongqing."
28,RISK-0002,5.0,19880601,,2862799.9999999995,0.0,2862799.9999999995,Critical,,2862799.9999999995,Unknown,"Operational risk event: Internal fraud caused by People in No business line located in Fujian, Nanping."
29,RISK-0002,5.0,19951101,,2399000.0,0.0,2399000.0,Critical,,2399000.0,Unknown,"Operational risk event: Internal fraud caused by People in No business line located in Shaanxi, Yan'an."
30,RISK-0002,5.0,19990401,,110000.0,0.0,110000.0,Medium,,110000.0,Unknown,"Operational risk event: Internal fraud caused by People in No business line located in Henan, Anyang."
31,RISK-0002,5.0,,,4078000.0,0.0,4078000.0,Critical,,4078000.0,Unknown,"Operational risk event: Internal fraud caused by People in No business line located in Yunnan, Kunming."
32,RISK-0006,6.0,20000701,,12000000.0,0.0,12000000.0,Critical,,12000000.0,Unknown,"Operational risk event: Execution, delivery & process management caused by People in Payment and settlement located in Inner mongolia, Baotou."
33,RISK-0002,5.0,19980201,,30650000.0,0.0,30650000.0,Critical,,30650000.0,Unknown,"Operational risk event: Internal fraud caused by People in No business line located in Sichuan, Yibin."
34,RISK-0003,6.0,19990501,,44400000.0,0.0,44400000.0,Critical,,44400000.0,Unknown,"Operational risk event: Internal fraud caused by People in Payment and settlement located in Gansu, Jiayuguan."
35,RISK-0003,6.0,19971101,,518000000.0,0.0,518000000.0,Critical,,518000000.0,Unknown,"Operational risk event: Internal fraud caused by People in Payment and settlement located in Inner mongolia, Ulanqab."
36,RISK-0003,6.0,19960901,,370950000.0,0.0,370950000.0,Critical,,370950000.0,Unknown,"Operational risk event: Internal fraud caused by People in Payment and settlement located in Inner mongolia, Hohhot."
37,RISK-0005,7.0,,,100000.0,0.0,100000.0,Medium,,100000.0,Unknown,"Operational risk event: Internal fraud caused by People in Retail banking located in Henan, Zhoukou."
38,RISK-0001,3.0,20000401,,4500000.0,0.0,4500000.0,Critical,,4500000.0,Unknown,"Operational risk event: Internal fraud caused by People in Commercial banking located in Hainan, Sanya."
39,RISK-0001,3.0,19940601,,50000000.0,0.0,50000000.0,Critical,,50000000.0,Unknown,"Operational risk event: Internal fraud caused by People in Commercial banking located in Sichuan, Chengdu."
40,RISK-0003,6.0,20000501,,9000000.0,0.0,9000000.0,Critical,,9000000.0,Unknown,"Operational risk event: Internal fraud caused by People in Payment and settlement located in Inner mongolia, Baotou."
41,RISK-0002,5.0,19990501,,7590000.0,0.0,7590000.0,Critical,,7590000.0,Unknown,"Operational risk event: Internal fraud caused by People in No business line located in Shaanxi, Xi'an."
42,RISK-0002,5.0,19960301,,14395000.0,0.0,14395000.0,Critical,,14395000.0,Unknown,"Operational risk event: Internal fraud caused by People in No business line located in Henan, Xuchang."
43,RISK-0001,3.0,19991001,,56000000.0,0.0,56000000.0,Critical,,56000000.0,Unknown,"Operational risk event: Internal fraud caused by People in Commercial banking located in Tianjin, Tianjin."
44,RISK-0005,7.0,19941101,,303487.0,0.0,303487.0,High,,303487.0,Unknown,"Operational risk event: Internal fraud caused by People in Retail banking located in Beijing, Unknown city."
45,RISK-0003,6.0,20000101,,9000000.0,0.0,9000000.0,Critical,,9000000.0,Unknown,"Operational risk event: Internal fraud caused by People in Payment and settlement located in Inner mongolia, Hohhot."
46,RISK-0001,3.0,19991101,,27000000.0,0.0,27000000.0,Critical,,27000000.0,Unknown,"Operational risk event: Internal fraud caused by People in Commercial banking located in Jilin, Changchun."
47,RISK-0003,6.0,20000201,,30000000.0,0.0,30000000.0,Critical,,30000000.0,Unknown,"Operational risk event: Internal fraud caused by People in Payment and settlement located in Beijing, Beijing."
48,RISK-0001,3.0,19970901,,69600000.0,0.0,69600000.0,Critical,,69600000.0,Unknown,"Operational risk event: Internal fraud caused by People in Commercial banking located in Beijing, Beijing."
49,RISK-0002,5.0,,,202300000.0,0.0,202300000.0,Critical,,202300000.0,Unknown,"Operational risk event: Internal fraud caused by People in No business line located in Beijing, Beijing."
50,RISK-0001,3.0,,,3569000.0,0.0,3569000.0,Critical,,3569000.0,Unknown,"Operational risk event: Internal fraud caused by People in Commercial banking located in Beijing, Beijing."
51,RISK-0003,6.0,20001201,,5000000.0,0.0,5000000.0,Critical,,5000000.0,Unknown,"Operational risk event: Internal fraud caused by People in Payment and settlement located in Tianjin, Tianjin."
52,RISK-0001,3.0,19990701,,10000000.0,0.0,10000000.0,Critical,,10000000.0,Unknown,"Operational risk event: Internal fraud caused by People in Commercial banking located in Tianjin, Tianjin."
53,RISK-0002,5.0,20001001,,5000000.0,0.0,5000000.0,Critical,,5000000.0,Unknown,"Operational risk event: Internal fraud caused by People in No business line located in Shanxi, Unknown city."
54,RISK-0002,5.0,19970101,,5000000.0,0.0,5000000.0,Critical,,5000000.0,Unknown,"Operational risk event: Internal fraud caused by People in No business line located in Guangdong, Shantou."
55,RISK-0002,5.0,20000301,,2400000.0,0.0,2400000.0,Critical,,2400000.0,Unknown,"Operational risk event: Internal fraud caused by People in No business line located in Guangdong, Shantou."
56,RISK-0003,6.0,20000601,,14100000.0,0.0,14100000.0,Critical,,14100000.0,Unknown,"Operational risk event: Internal fraud caused by People in Payment and settlement located in Fujian, Fuzhou."
57,RISK-0003,6.0,19990501,,200000000.0,0.0,200000000.0,Critical,,200000000.0,Unknown,"Operational risk event: Internal fraud caused by People in Payment and settlement located in Heilongjiang, Harbin."
58,RISK-0001,3.0,19980401,,3000000.0,0.0,3000000.0,Critical,,3000000.0,Unknown,"Operational risk event: Internal fraud caused by People in Commercial banking located in Jiangsu, Nanjing."
59,RISK-0005,7.0,20001001,,360000.0,0.0,360000.0,High,,360000.0,Unknown,"Operational risk event: Internal fraud caused by People in Retail banking located in Hainan, Unknown city."
60,RISK-0005,7.0,,,70000.0,0.0,70000.0,Medium,,70000.0,Unknown,"Operational risk event: Internal fraud caused by People in Retail banking located in Anhui, Bozhou."
61,RISK-0002,5.0,19970301,,12410000.0,0.0,12410000.0,Critical,,12410000.0,Unknown,"Operational risk event: Internal fraud caused by People in No business line located in Beijing, Beijing."
62,RISK-0005,7.0,19930701,,980000.0,0.0,980000.0,High,,980000.0,Unknown,"Operational risk event: Internal fraud caused by People in Retail banking located in Guangdong, Guangzhou."
63,RISK-0001,3.0,20001201,,1400000.0,0.0,1400000.0,Critical,,1400000.0,Unknown,"Operational risk event: Internal fraud caused by People in Commercial banking located in Shandong, Yantai."
64,RISK-0007,4.0,20000201,,5000000.0,0.0,5000000.0,Critical,,5000000.0,Unknown,"Operational risk event: Internal fraud caused by People in Corporate finance located in Beijing, Beijing."
65,RISK-0001,3.0,,,1490985000.0,0.0,1490985000.0,Critical,,1490985000.0,Unknown,"Operational risk event: Internal fraud caused by People in Commercial banking located in Sichuan, Dazhou."
66,RISK-0001,3.0,19970301,,190000000.0,0.0,190000000.0,Critical,,190000000.0,Unknown,"Operational risk event: Internal fraud caused by People in Commercial banking located in Chongqing, Chongqing."
67,RISK-0005,7.0,,,18720000.0,0.0,18720000.0,Critical,,18720000.0,Unknown,"Operational risk event: Internal fraud caused by People in Retail banking located in Shaanxi, Xi'an."
68,RISK-0008,9.0,,,328000000.0,0.0,328000000.0,Critical,,328000000.0,Unknown,"Operational risk event: Internal fraud caused by People in Trading & sales located in Guangdong, Guangzhou."
69,RISK-0008,9.0,20000601,,18440000.0,0.0,18440000.0,Critical,,18440000.0,Unknown,"Operational risk event: Internal fraud caused by People in Trading & sales located in Hubei, Xiangyang."
70,RISK-0003,6.0,20000801,,620000.0,0.0,620000.0,High,,620000.0,Unknown,"Operational risk event: Internal fraud caused by People in Payment and settlement located in Yunnan, Kunming."
71,RISK-0003,6.0,20010401,,1970168.0,0.0,1970168.0,Critical,,1970168.0,Unknown,"Operational risk event: Internal fraud caused by People in Payment and settlement located in Henan, Sanmenxia."
72,RISK-0006,6.0,,,108900.0,0.0,108900.0,Medium,,108900.0,Unknown,"Operational risk event: Execution, delivery & process management caused by People in Payment and settlement located in Shanghai, Shanghai."
73,RISK-0002,5.0,20010701,,367000.0,0.0,367000.0,High,,367000.0,Unknown,"Operational risk event: Internal fraud caused by People in No business line located in Fujian, Longyan."
74,RISK-0005,7.0,,,6000.0,0.0,6000.0,Low,,6000.0,Unknown,"Operational risk event: Internal fraud caused by People in Retail banking located in Shanghai, Shanghai."
75,RISK-0009,7.0,20011001,,31900.0,0.0,31900.0,Low,,31900.0,Unknown,"Operational risk event: Execution, delivery & process management caused by People in Retail banking located in Henan, Nanyang."
76,RISK-0005,7.0,20020601,,49000.0,0.0,49000.0,Low,,49000.0,Unknown,"Operational risk event: Internal fraud caused by People in Retail banking located in Sichuan, Unknown city."
77,RISK-0009,7.0,,,300000.0,0.0,300000.0,High,,300000.0,Unknown,"Operational risk event: Execution, delivery & process management caused by People in Retail banking located in Guangdong, Shenzhen."
78,RISK-0010,3.0,20000901,,54000000.0,0.0,54000000.0,Critical,,54000000.0,Unknown,"Operational risk event: External fraud caused by People in Commercial banking located in Beijing, Beijing."
79,RISK-0003,6.0,,,46438.0,0.0,46438.0,Low,,46438.0,Unknown,"Operational risk event: Internal fraud caused by People in Payment and settlement located in Shaanxi, Xianyang."
80,RISK-0002,5.0,20000401,,340000.0,0.0,340000.0,High,,340000.0,Unknown,"Operational risk event: Internal fraud caused by People in No business line located in Tianjin, Tianjin."
81,RISK-0002,5.0,20011201,,1000000.0,0.0,1000000.0,Critical,,1000000.0,Unknown,"Operational risk event: Internal fraud caused by People in No business line located in Shaanxi, Yan'an."
82,RISK-0002,5.0,19970401,,2000000.0,0.0,2000000.0,Critical,,2000000.0,Unknown,"Operational risk event: Internal fraud caused by People in No business line located in Sichuan, Meishan."
83,RISK-0003,6.0,19990401,,5000000.0,0.0,5000000.0,Critical,,5000000.0,Unknown,"Operational risk event: Internal fraud caused by People in Payment and settlement located in Liaoning, Shenyang."
84,RISK-0002,5.0,,,541940000.0,0.0,541940000.0,Critical,,541940000.0,Unknown,"Operational risk event: Internal fraud caused by People in No business line located in Jilin, Changchun."
85,RISK-0001,3.0,19991201,,328440000.0,0.0,328440000.0,Critical,,328440000.0,Unknown,"Operational risk event: Internal fraud caused by People in Commercial banking located in Jilin, Changchun."
86,RISK-0004,7.0,,,13365.0,0.0,13365.0,Low,,13365.0,Unknown,"Operational risk event: Clients, products & business practices caused by People in Retail banking located in Fujian, Ningde."
87,RISK-0002,5.0,19981201,,4130000.0,0.0,4130000.0,Critical,,4130000.0,Unknown,"Operational risk event: Internal fraud caused by People in No business line located in Sichuan, Dazhou."
88,RISK-0005,7.0,19970701,,14200000.0,0.0,14200000.0,Critical,,14200000.0,Unknown,"Operational risk event: Internal fraud caused by People in Retail banking located in Henan, Zhengzhou."
89,RISK-0003,6.0,,,146100000.0,0.0,146100000.0,Critical,,146100000.0,Unknown,"Operational risk event: Internal fraud caused by People in Payment and settlement located in Liaoning, Jinzhou."
90,RISK-0002,5.0,20001001,,116000.0,0.0,116000.0,Medium,,116000.0,Unknown,"Operational risk event: Internal fraud caused by People in No business line located in Sichuan, Dazhou."
91,RISK-0005,7.0,20010201,,870000.0,0.0,870000.0,High,,870000.0,Unknown,"Operational risk event: Internal fraud caused by People in Retail banking located in Guangdong, Foshan."
92,RISK-0005,7.0,20000501,,1137190.0,0.0,1137190.0,Critical,,1137190.0,Unknown,"Operational risk event: Internal fraud caused by People in Retail banking located in Guangdong, Maoming."
93,RISK-0002,5.0,20010201,,3760000.0,0.0,3760000.0,Critical,,3760000.0,Unknown,"Operational risk event: Internal fraud caused by People in No business line located in Guangxi, Guilin."
94,RISK-0009,7.0,20010401,,8000.0,0.0,8000.0,Low,,8000.0,Unknown,"Operational risk event: Execution, delivery & process management caused by People in Retail banking located in Beijing, Beijing."
95,RISK-0002,5.0,,,1500000.0,0.0,1500000.0,Critical,,1500000.0,Unknown,"Operational risk event: Internal fraud caused by People in No business line located in Xinjiang, Bortala."
96,RISK-0004,7.0,,,106000.0,0.0,106000.0,Medium,,106000.0,Unknown,"Operational risk event: Clients, products & business practices caused by People in Retail banking located in Shanghai, Shanghai."
97,RISK-0004,7.0,,,120000.0,0.0,120000.0,Medium,,120000.0,Unknown,"Operational risk event: Clients, products & business practices caused by People in Retail banking located in Liaoning, Jinzhou."
98,RISK-0004,7.0,20011001,,309400.0,0.0,309400.0,High,,309400.0,Unknown,"Operational risk event: Clients, products & business practices caused by People in Retail banking located in Zhejiang, Wenzhou."
99,RISK-0005,7.0,20010101,,2800000.0,0.0,2800000.0,Critical,,2800000.0,Unknown,"Operational risk event: Internal fraud caused by People in Retail banking located in Henan, Zhoukou."
100,RISK-0005,7.0,20001001,,261000.0,0.0,261000.0,High,,261000.0,Unknown,"Operational risk event: Internal fraud caused by People in Retail banking located in Unknown province, Unknown city."
101,RISK-0004,7.0,,,97000.0,0.0,97000.0,Medium,,97000.0,Unknown,"Operational risk event: Clients, products & business practices caused by People in Retail banking located in Shanghai, Shanghai."
102,RISK-0005,7.0,20010801,,26777.000000000004,0.0,26777.000000000004,Low,,26777.000000000004,Unknown,"Operational risk event: Internal fraud caused by People in Retail banking located in Jiangxi, Nanchang."
103,RISK-0002,5.0,20010701,,1477600.0,0.0,1477600.0,Critical,,1477600.0,Unknown,"Operational risk event: Internal fraud caused by People in No business line located in Yunnan, Qujing."
104,RISK-0002,5.0,,,10000000.0,0.0,10000000.0,Critical,,10000000.0,Unknown,"Operational risk event: Internal fraud caused by People in No business line located in Hubei, Wuhan."
105,RISK-0005,7.0,,,315000000.0,0.0,315000000.0,Critical,,315000000.0,Unknown,"Operational risk event: Internal fraud caused by People in Retail banking located in Sichuan, Chengdu."
106,RISK-0005,7.0,20010401,,3590000.0,0.0,3590000.0,Critical,,3590000.0,Unknown,"Operational risk event: Internal fraud caused by People in Retail banking located in Guangdong, Shenzhen."
107,RISK-0003,6.0,20010401,,280000.0,0.0,280000.0,High,,280000.0,Unknown,"Operational risk event: Internal fraud caused by People in Payment and settlement located in Heilongjiang, Daqing."
108,RISK-0002,5.0,20010901,,2400000.0,0.0,2400000.0,Critical,,2400000.0,Unknown,"Operational risk event: Internal fraud caused by People in No business line located in Guangdong, Guangzhou."
109,RISK-0002,5.0,20000201,,21260000.0,0.0,21260000.0,Critical,,21260000.0,Unknown,"Operational risk event: Internal fraud caused by People in No business line located in Guangdong, Shaoguan."
110,RISK-0001,3.0,20010401,,70000000.0,0.0,70000000.0,Critical,,70000000.0,Unknown,"Operational risk event: Internal fraud caused by People in Commercial banking located in Shanghai, Shanghai."
111,RISK-0003,6.0,20010401,,50100000.0,0.0,50100000.0,Critical,,50100000.0,Unknown,"Operational risk event: Internal fraud caused by People in Payment and settlement located in Fujian, Unknown city."
112,RISK-0001,3.0,19980101,,710000000.0,0.0,710000000.0,Critical,,710000000.0,Unknown,"Operational risk event: Internal fraud caused by People in Commercial banking located in Jiangsu, Yancheng."
113,RISK-0001,3.0,19991201,,328440000.0,0.0,328440000.0,Critical,,328440000.0,Unknown,"Operational risk event: Internal fraud caused by People in Commercial banking located in Jilin, Changchun."
114,RISK-0002,5.0,,,49760000.0,0.0,49760000.0,Critical,,49760000.0,Unknown,"Operational risk event: Internal fraud caused by People in No business line located in Guangdong, Shantou."
115,RISK-0005,7.0,,,9000000.0,0.0,9000000.0,Critical,,9000000.0,Unknown,"Operational risk event: Internal fraud caused by People in Retail banking located in Beijing, Beijing."
116,RISK-0005,7.0,19990301,,16460000.0,0.0,16460000.0,Critical,,16460000.0,Unknown,"Operational risk event: Internal fraud caused by People in Retail banking located in Shaanxi, Xi'an."
117,RISK-0005,7.0,20010301,,1800000.0,0.0,1800000.0,Critical,,1800000.0,Unknown,"Operational risk event: Internal fraud caused by People in Retail banking located in Shandong, Linyi."
118,RISK-0005,7.0,20010801,,650000.0,0.0,650000.0,High,,650000.0,Unknown,"Operational risk event: Internal fraud caused by People in Retail banking located in Fujian, Sanming."
119,RISK-0005,7.0,20010101,,800000.0,0.0,800000.0,High,,800000.0,Unknown,"Operational risk event: Internal fraud caused by People in Retail banking located in Tianjin, Tianjin."
120,RISK-0002,5.0,20010801,,1517800.0,0.0,1517800.0,Critical,,1517800.0,Unknown,"Operational risk event: Internal fraud caused by People in No business line located in Jiangsu, Nanjing."
121,RISK-0005,7.0,19991101,,20000000.0,0.0,20000000.0,Critical,,20000000.0,Unknown,"Operational risk event: Internal fraud caused by People in Retail banking located in Shandong, Qingdao."
122,RISK-0005,7.0,20010701,,9000.0,0.0,9000.0,Low,,9000.0,Unknown,"Operational risk event: Internal fraud caused by People in Retail banking located in Heilongjiang, Yichun."
123,RISK-0001,3.0,20000801,,86000000.0,0.0,86000000.0,Critical,,86000000.0,Unknown,"Operational risk event: Internal fraud caused by People in Commercial banking located in Beijing, Beijing."
124,RISK-0002,5.0,,,4820000.0,0.0,4820000.0,Critical,,4820000.0,Unknown,"Operational risk event: Internal fraud caused by People in No business line located in Fujian, Longyan."
125,RISK-0001,3.0,19990101,,37506000.0,0.0,37506000.0,Critical,,37506000.0,Unknown,"Operational risk event: Internal fraud caused by People in Commercial banking located in Zhejiang, Taizhou."
126,RISK-0005,7.0,20010901,,404000.0,0.0,404000.0,High,,404000.0,Unknown,"Operational risk event: Internal fraud caused by People in Retail banking located in Henan, Xinyang."
127,RISK-0001,3.0,19950301,,990000000.0,0.0,990000000.0,Critical,,990000000.0,Unknown,"Operational risk event: Internal fraud caused by People in Commercial banking located in Gansu, Lanzhou."
128,RISK-0001,3.0,20010101,,910400000.0,0.0,910400000.0,Critical,,910400000.0,Unknown,"Operational risk event: Internal fraud caused by People in Commercial banking located in Shanghai, Shanghai."
129,RISK-0002,5.0,,,3600000000.0,0.0,3600000000.0,Critical,,3600000000.0,Unknown,"Operational risk event: Internal fraud caused by People in No business line located in Guangdong, Jiangmen."
130,RISK-0005,7.0,19981101,,36000000.0,0.0,36000000.0,Critical,,36000000.0,Unknown,"Operational risk event: Internal fraud caused by People in Retail banking located in Shaanxi, Xi'an."
131,RISK-0005,7.0,20020601,,640000.0,0.0,640000.0,High,,640000.0,Unknown,"Operational risk event: Internal fraud caused by People in Retail banking located in Yunnan, Baoshan."
132,RISK-0005,7.0,20020101,,5988000.0,0.0,5988000.0,Critical,,5988000.0,Unknown,"Operational risk event: Internal fraud caused by People in Retail banking located in Hunan, Unknown city."
133,RISK-0003,6.0,20021201,,306000000.0,0.0,306000000.0,Critical,,306000000.0,Unknown,"Operational risk event: Internal fraud caused by People in Payment and settlement located in Hebei, Baoding."
134,RISK-0001,3.0,20010301,,36589000.0,0.0,36589000.0,Critical,,36589000.0,Unknown,"Operational risk event: Internal fraud caused by People in Commercial banking located in Heilongjiang, Mudanjiang."
135,RISK-0009,7.0,,,325000.0,0.0,325000.0,High,,325000.0,Unknown,"Operational risk event: Execution, delivery & process management caused by People in Retail banking located in Guangdong, Unknown city."
136,RISK-0002,5.0,20000401,,106000000.0,0.0,106000000.0,Critical,,106000000.0,Unknown,"Operational risk event: Internal fraud caused by People in No business line located in Shanghai, Shanghai."
137,RISK-0001,3.0,19951101,,451460000.0,0.0,451460000.0,Critical,,451460000.0,Unknown,"Operational risk event: Internal fraud caused by People in Commercial banking located in Hainan, Haikou."
138,RISK-0002,5.0,,,100000.0,0.0,100000.0,Medium,,100000.0,Unknown,"Operational risk event: Internal fraud caused by People in No business line located in Henan, Unknown city."
139,RISK-0005,7.0,20021201,,2310000.0,0.0,2310000.0,Critical,,2310000.0,Unknown,"Operational risk event: Internal fraud caused by People in Retail banking located in Guangdong, Guangzhou."
140,RISK-0003,6.0,20020101,,10000000.0,0.0,10000000.0,Critical,,10000000.0,Unknown,"Operational risk event: Internal fraud caused by People in Payment and settlement located in Hunan, Zhuzhou."
141,RISK-0002,5.0,19961201,,8040000.0,0.0,8040000.0,Critical,,8040000.0,Unknown,"Operational risk event: Internal fraud caused by People in No business line located in Fujian, Nanping."
142,RISK-0001,3.0,20000501,,41000000.0,0.0,41000000.0,Critical,,41000000.0,Unknown,"Operational risk event: Internal fraud caused by People in Commercial banking located in Zhejiang, Jinhua."
143,RISK-0002,5.0,19951101,,887300.0,0.0,887300.0,High,,887300.0,Unknown,"Operational risk event: Internal fraud caused by People in No business line located in Guangdong, Maoming."
144,RISK-0002,5.0,19980901,,7900000.0,0.0,7900000.0,Critical,,7900000.0,Unknown,"Operational risk event: Internal fraud caused by People in No business line located in Inner mongolia, Baotou."
145,RISK-0002,5.0,,,1260000.0,0.0,1260000.0,Critical,,1260000.0,Unknown,"Operational risk event: Internal fraud caused by People in No business line located in Gansu, Pingliang."
146,RISK-0003,6.0,20021101,,17674.2,0.0,17674.2,Low,,17674.2,Unknown,"Operational risk event: Internal fraud caused by People in Payment and settlement located in Fujian, Xiamen."
147,RISK-0002,5.0,,,17000000.0,0.0,17000000.0,Critical,,17000000.0,Unknown,"Operational risk event: Internal fraud caused by People in No business line located in Guangdong, Zhongshan."
148,RISK-0003,6.0,20020601,,128247000.0,0.0,128247000.0,Critical,,128247000.0,Unknown,"Operational risk event: Internal fraud caused by People in Payment and settlement located in Guangdong, Zhuhai."
149,RISK-0002,5.0,20020501,,1165000.0,0.0,1165000.0,Critical,,1165000.0,Unknown,"Operational risk event: Internal fraud caused by People in No business line located in Guangdong, Guangzhou."
150,RISK-0001,3.0,20021201,,1000000.0,0.0,1000000.0,Critical,,1000000.0,Unknown,"Operational risk event: Internal fraud caused by People in Commercial banking located in Hainan, Haikou."
151,RISK-0002,5.0,20011201,,2920000.0,0.0,2920000.0,Critical,,2920000.0,Unknown,"Operational risk event: Internal fraud caused by People in No business line located in Yunnan, Pu'er."
152,RISK-0002,5.0,20020501,,7093000.0,0.0,7093000.0,Critical,,7093000.0,Unknown,"Operational risk event: Internal fraud caused by People in No business line located in Sichuan, Chengdu."
153,RISK-0001,3.0,20020701,,35000000.0,0.0,35000000.0,Critical,,35000000.0,Unknown,"Operational risk event: Internal fraud caused by People in Commercial banking located in Tianjin, Tianjin."
154,RISK-0001,3.0,19990701,,37500000.0,0.0,37500000.0,Critical,,37500000.0,Unknown,"Operational risk event: Internal fraud caused by People in Commercial banking located in Henan, Luoyang."
155,RISK-0001,3.0,,,298000000.0,0.0,298000000.0,Critical,,298000000.0,Unknown,"Operational risk event: Internal fraud caused by People in Commercial banking located in Guizhou, Guiyang."
156,RISK-0002,5.0,20020901,,165170.0,0.0,165170.0,Medium,,165170.0,Unknown,"Operational risk event: Internal fraud caused by People in No business line located in Ningxia, Yinchuan."
157,RISK-0002,5.0,20020901,,1720000.0,0.0,1720000.0,Critical,,1720000.0,Unknown,"Operational risk event: Internal fraud caused by People in No business line located in Ningxia, Yinchuan."
158,RISK-0002,5.0,20020901,,329799.99999999994,0.0,329799.99999999994,High,,329799.99999999994,Unknown,"Operational risk event: Internal fraud caused by People in No business line located in Ningxia, Wuzhong."
159,RISK-0005,7.0,20020201,,115000.0,0.0,115000.0,Medium,,115000.0,Unknown,"Operational risk event: Internal fraud caused by People in Retail banking located in Jiangxi, Shangrao."
160,RISK-0002,5.0,19960901,,1700000.0,0.0,1700000.0,Critical,,1700000.0,Unknown,"Operational risk event: Internal fraud caused by People in No business line located in Liaoning, Dandong."
161,RISK-0003,6.0,20020801,,2360000.0,0.0,2360000.0,Critical,,2360000.0,Unknown,"Operational risk event: Internal fraud caused by People in Payment and settlement located in Zhejiang, Wenzhou."
162,RISK-0003,6.0,20020501,,61600000.0,0.0,61600000.0,Critical,,61600000.0,Unknown,"Operational risk event: Internal fraud caused by People in Payment and settlement located in Henan, Zhengzhou."
163,RISK-0001,3.0,19921201,,55790000.0,0.0,55790000.0,Critical,,55790000.0,Unknown,"Operational risk event: Internal fraud caused by People in Commercial banking located in Guangdong, Guangzhou."
164,RISK-0001,3.0,19920601,,15070000.0,0.0,15070000.0,Critical,,15070000.0,Unknown,"Operational risk event: Internal fraud caused by People in Commercial banking located in Guangdong, Foshan."
165,RISK-0008,9.0,19990801,,15070000.0,0.0,15070000.0,Critical,,15070000.0,Unknown,"Operational risk event: Internal fraud caused by People in Trading & sales located in Liaoning, Jinzhou."
166,RISK-0005,7.0,20020101,,66520000.0,0.0,66520000.0,Critical,,66520000.0,Unknown,"Operational risk event: Internal fraud caused by People in Retail banking located in Zhejiang, Huzhou."
167,RISK-0005,7.0,20001001,,3420000.0,0.0,3420000.0,Critical,,3420000.0,Unknown,"Operational risk event: Internal fraud caused by People in Retail banking located in Heilongjiang, Mudanjiang."
168,RISK-0001,3.0,,,165540000.0,0.0,165540000.0,Critical,,165540000.0,Unknown,"Operational risk event: Internal fraud caused by People in Commercial banking located in Unknown province, Unknown city."
169,RISK-0001,3.0,20011101,,1300000000.0,0.0,1300000000.0,Critical,,1300000000.0,Unknown,"Operational risk event: Internal fraud caused by People in Commercial banking located in Shanghai, Shanghai."
170,RISK-0001,3.0,20020101,,95000000.0,0.0,95000000.0,Critical,,95000000.0,Unknown,"Operational risk event: Internal fraud caused by People in Commercial banking located in Guangdong, Guangzhou."
171,RISK-0001,3.0,20020701,,100000000.0,0.0,100000000.0,Critical,,100000000.0,Unknown,"Operational risk event: Internal fraud caused by People in Commercial banking located in Liaoning, Shenyang."
172,RISK-0001,3.0,19990301,,353800000.0,0.0,353800000.0,Critical,,353800000.0,Unknown,"Operational risk event: Internal fraud caused by People in Commercial banking located in Shanghai, Shanghai."
173,RISK-0001,3.0,,,20080000.0,0.0,20080000.0,Critical,,20080000.0,Unknown,"Operational risk event: Internal fraud caused by People in Commercial banking located in Hebei, Shijiazhuang."
174,RISK-0003,6.0,20010901,,300000000.0,0.0,300000000.0,Critical,,300000000.0,Unknown,"Operational risk event: Internal fraud caused by People in Payment and settlement located in Shanghai, Shanghai."
175,RISK-0001,3.0,20010501,,177060000.0,0.0,177060000.0,Critical,,177060000.0,Unknown,"Operational risk event: Internal fraud caused by People in Commercial banking located in Shanxi, Taiyuan."
176,RISK-0005,7.0,20010501,,22500000.0,0.0,22500000.0,Critical,,22500000.0,Unknown,"Operational risk event: Internal fraud caused by People in Retail banking located in Gansu, Lanzhou."
177,RISK-0005,7.0,20020301,,498800.0,0.0,498800.0,High,,498800.0,Unknown,"Operational risk event: Internal fraud caused by People in Retail banking located in Hunan, Xiangtan."
178,RISK-0005,7.0,19970801,,828000.0,0.0,828000.0,High,,828000.0,Unknown,"Operational risk event: Internal fraud caused by People in Retail banking located in Hubei, Xianning."
179,RISK-0005,7.0,20020701,,20000.0,0.0,20000.0,Low,,20000.0,Unknown,"Operational risk event: Internal fraud caused by People in Retail banking located in Beijing, Beijing."
180,RISK-0005,7.0,20020301,,220000.0,0.0,220000.0,Medium,,220000.0,Unknown,"Operational risk event: Internal fraud caused by People in Retail banking located in Zhejiang, Zhoushan."
181,RISK-0005,7.0,,,269800.0,0.0,269800.0,High,,269800.0,Unknown,"Operational risk event: Internal fraud caused by People in Retail banking located in Yunnan, Kunming."
182,RISK-0005,7.0,,,3500000.0,0.0,3500000.0,Critical,,3500000.0,Unknown,"Operational risk event: Internal fraud caused by People in Retail banking located in Chongqing, Chongqing."
183,RISK-0005,7.0,20010801,,120000000.0,0.0,120000000.0,Critical,,120000000.0,Unknown,"Operational risk event: Internal fraud caused by People in Retail banking located in Jilin, Changchun."
184,RISK-0005,7.0,,,1730000.0,0.0,1730000.0,Critical,,1730000.0,Unknown,"Operational risk event: Internal fraud caused by People in Retail banking located in Hebei, Handan."
185,RISK-0005,7.0,,,1300000.0,0.0,1300000.0,Critical,,1300000.0,Unknown,"Operational risk event: Internal fraud caused by People in Retail banking located in Shaanxi, Xianyang."
186,RISK-0001,3.0,20020201,,400000.0,0.0,400000.0,High,,400000.0,Unknown,"Operational risk event: Internal fraud caused by People in Commercial banking located in Tianjin, Tianjin."
187,RISK-0005,7.0,19950201,,13989300.0,0.0,13989300.0,Critical,,13989300.0,Unknown,"Operational risk event: Internal fraud caused by People in Retail banking located in Guangdong, Heyuan."
188,RISK-0005,7.0,20010501,,20000000.0,0.0,20000000.0,Critical,,20000000.0,Unknown,"Operational risk event: Internal fraud caused by People in Retail banking located in Heilongjiang, Harbin."
189,RISK-0001,3.0,,,20000000.0,0.0,20000000.0,Critical,,20000000.0,Unknown,"Operational risk event: Internal fraud caused by People in Commercial banking located in Hunan, Hengyang."
190,RISK-0005,7.0,20020801,,62474.99999999999,0.0,62474.99999999999,Medium,,62474.99999999999,Unknown,"Operational risk event: Internal fraud caused by People in Retail banking located in Yunnan, Qujing."
191,RISK-0001,3.0,20011001,,21922845.000000004,0.0,21922845.000000004,Critical,,21922845.000000004,Unknown,"Operational risk event: Internal fraud caused by People in Commercial banking located in Beijing, Beijing."
192,RISK-0005,7.0,,,2601090.0,0.0,2601090.0,Critical,,2601090.0,Unknown,"Operational risk event: Internal fraud caused by People in Retail banking located in Jilin, Jilin."
193,RISK-0011,2.0,20021101,,9050000.0,0.0,9050000.0,Critical,,9050000.0,Unknown,"Operational risk event: Clients, products & business practices caused by People in Asset management located in Shanghai, Shanghai."
194,RISK-0005,7.0,20010101,,396000.0,0.0,396000.0,High,,396000.0,Unknown,"Operational risk event: Internal fraud caused by People in Retail banking located in Ningxia, Yinchuan."
195,RISK-0001,3.0,20010901,,690000.0,0.0,690000.0,High,,690000.0,Unknown,"Operational risk event: Internal fraud caused by People in Commercial banking located in Hunan, Changsha."
196,RISK-0005,7.0,19980401,,1430000.0,0.0,1430000.0,Critical,,1430000.0,Unknown,"Operational risk event: Internal fraud caused by People in Retail banking located in Beijing, Beijing."
197,RISK-0002,5.0,,,1100000.0,0.0,1100000.0,Critical,,1100000.0,Unknown,"Operational risk event: Internal fraud caused by People in No business line located in Guangdong, Guangzhou."
198,RISK-0005,7.0,20021101,,3000000.0,0.0,3000000.0,Critical,,3000000.0,Unknown,"Operational risk event: Internal fraud caused by People in Retail banking located in Liaoning, Huludao."
199,RISK-0006,6.0,,,1800000.0,0.0,1800000.0,Critical,,1800000.0,Unknown,"Operational risk event: Execution, delivery & process management caused by People in Payment and settlement located in Yunnan, Unknown city."
200,RISK-0012,5.0,20030301,,170000.0,0.0,170000.0,Medium,,170000.0,Unknown,"Operational risk event: Clients, products & business practices caused by People in No business line located in Shanghai, Shanghai."
201,RISK-0002,5.0,19981201,,16000000.0,0.0,16000000.0,Critical,,16000000.0,Unknown,"Operational risk event: Internal fraud caused by People in No business line located in Guangdong, Dongguan."
202,RISK-0001,3.0,,,3909000.0,0.0,3909000.0,Critical,,3909000.0,Unknown,"Operational risk event: Internal fraud caused by People in Commercial banking located in Shanghai, Shanghai."
203,RISK-0001,3.0,,,68708000.0,0.0,68708000.0,Critical,,68708000.0,Unknown,"Operational risk event: Internal fraud caused by People in Commercial banking located in Guangdong, Guangzhou."
204,RISK-0003,6.0,20030401,,680000.0,0.0,680000.0,High,,680000.0,Unknown,"Operational risk event: Internal fraud caused by People in Payment and settlement located in Zhejiang, Jinhua."
205,RISK-0003,6.0,20030201,,130000000.0,0.0,130000000.0,Critical,,130000000.0,Unknown,"Operational risk event: Internal fraud caused by People in Payment and settlement located in Henan, Zhengzhou."
206,RISK-0001,3.0,,,111133000.0,0.0,111133000.0,Critical,,111133000.0,Unknown,"Operational risk event: Internal fraud caused by People in Commercial banking located in Guangdong, Zhuhai."
207,RISK-0013,7.0,20001201,,254000.0,0.0,254000.0,High,,254000.0,Unknown,"Operational risk event: Execution, delivery & process management caused by Process in Retail banking located in Guangxi, Nanning."
208,RISK-0014,6.0,20001001,,107400.0,0.0,107400.0,Medium,,107400.0,Unknown,"Operational risk event: Execution, delivery & process management caused by Process in Payment and settlement located in Hubei, Wuhan."
209,RISK-0013,7.0,20040401,,237000.0,0.0,237000.0,Medium,,237000.0,Unknown,"Operational risk event: Execution, delivery & process management caused by Process in Retail banking located in Chongqing, Chongqing."
210,RISK-0014,6.0,,,356000.0,0.0,356000.0,High,,356000.0,Unknown,"Operational risk event: Execution, delivery & process management caused by Process in Payment and settlement located in Jiangsu, Wuxi."
211,RISK-0015,7.0,20000701,,70100.0,0.0,70100.0,Medium,,70100.0,Unknown,"Operational risk event: Clients, products & business practices caused by Process in Retail banking located in Guangdong, Meizhou."
212,RISK-0013,7.0,19990201,,90000.0,0.0,90000.0,Medium,,90000.0,Unknown,"Operational risk event: Execution, delivery & process management caused by Process in Retail banking located in Henan, Shangqiu."
213,RISK-0013,7.0,,,8400.0,0.0,8400.0,Low,,8400.0,Unknown,"Operational risk event: Execution, delivery & process management caused by Process in Retail banking located in Jiangxi, Jiujiang."
214,RISK-0013,7.0,20000701,,13000.0,0.0,13000.0,Low,,13000.0,Unknown,"Operational risk event: Execution, delivery & process management caused by Process in Retail banking located in Shaanxi, Xi'an."
215,RISK-0014,6.0,20000401,,2377000000.0,0.0,2377000000.0,Critical,,2377000000.0,Unknown,"Operational risk event: Execution, delivery & process management caused by Process in Payment and settlement located in Liaoning, Shenyang."
216,RISK-0016,3.0,20011001,,800000.0,0.0,800000.0,High,,800000.0,Unknown,"Operational risk event: Clients, products & business practices caused by Process in Commercial banking located in Chongqing, Chongqing."
217,RISK-0015,7.0,20010501,,54035.0,0.0,54035.0,Medium,,54035.0,Unknown,"Operational risk event: Clients, products & business practices caused by Process in Retail banking located in Shandong, Linyi."
218,RISK-0013,7.0,20011001,,100000.0,0.0,100000.0,Medium,,100000.0,Unknown,"Operational risk event: Execution, delivery & process management caused by Process in Retail banking located in Tianjin, Tianjin."
219,RISK-0013,7.0,19990301,,65500.0,0.0,65500.0,Medium,,65500.0,Unknown,"Operational risk event: Execution, delivery & process management caused by Process in Retail banking located in Anhui, Fuyang."
220,RISK-0013,7.0,20010701,,250000.0,0.0,250000.0,High,,250000.0,Unknown,"Operational risk event: Execution, delivery & process management caused by Process in Retail banking located in Hebei, Unknown city."
221,RISK-0013,7.0,20000301,,1000000.0,0.0,1000000.0,Critical,,1000000.0,Unknown,"Operational risk event: Execution, delivery & process management caused by Process in Retail banking located in Heilongjiang, Harbin."
222,RISK-0014,6.0,20020401,,750000.0,0.0,750000.0,High,,750000.0,Unknown,"Operational risk event: Execution, delivery & process management caused by Process in Payment and settlement located in Jilin, Jilin."
223,RISK-0014,6.0,20020801,,714100.0,0.0,714100.0,High,,714100.0,Unknown,"Operational risk event: Execution, delivery & process management caused by Process in Payment and settlement located in Hainan, Haikou."
224,RISK-0017,5.0,,,120000.0,0.0,120000.0,Medium,,120000.0,Unknown,"Operational risk event: Clients, products & business practices caused by Process in No business line located in Beijing, Beijing."
225,RISK-0013,7.0,20021001,,150000.0,0.0,150000.0,Medium,,150000.0,Unknown,"Operational risk event: Execution, delivery & process management caused by Process in Retail banking located in Guangdong, Jiangmen."
226,RISK-0016,3.0,20021001,,420000.0,0.0,420000.0,High,,420000.0,Unknown,"Operational risk event: Clients, products & business practices caused by Process in Commercial banking located in Jiangxi, Ji'an."
227,RISK-0014,6.0,,,137500.0,0.0,137500.0,Medium,,137500.0,Unknown,"Operational risk event: Execution, delivery & process management caused by Process in Payment and settlement located in Fujian, Xiamen."
228,RISK-0018,3.0,19910501,,1440000.0,0.0,1440000.0,Critical,,1440000.0,Unknown,"Operational risk event: Execution, delivery & process management caused by Process in Commercial banking located in Beijing, Beijing."
229,RISK-0018,3.0,20031201,,600000.0,0.0,600000.0,High,,600000.0,Unknown,"Operational risk event: Execution, delivery & process management caused by Process in Commercial banking located in Zhejiang, Jinhua."
230,RISK-0013,7.0,20031201,,10300.0,0.0,10300.0,Low,,10300.0,Unknown,"Operational risk event: Execution, delivery & process management caused by Process in Retail banking located in Hubei, Xiaogan."
231,RISK-0014,6.0,,,390000.0,0.0,390000.0,High,,390000.0,Unknown,"Operational risk event: Execution, delivery & process management caused by Process in Payment and settlement located in Henan, Xinxiang."
232,RISK-0019,7.0,20000701,,44600.0,0.0,44600.0,Low,,44600.0,Unknown,"Operational risk event: Business disruption and system failures caused by System in Retail banking located in Zhejiang, Ningbo."
233,RISK-0020,7.0,20010201,,270000.0,0.0,270000.0,High,,270000.0,Unknown,"Operational risk event: External fraud caused by System in Retail banking located in Guangdong, Guangzhou."
234,RISK-0019,7.0,20020401,,270000.0,0.0,270000.0,High,,270000.0,Unknown,"Operational risk event: Business disruption and system failures caused by System in Retail banking located in Hunan, Chenzhou."
235,RISK-0019,7.0,20020101,,660000.0,0.0,660000.0,High,,660000.0,Unknown,"Operational risk event: Business disruption and system failures caused by System in Retail banking located in Guangxi, Nanning."
236,RISK-0021,5.0,,,15000.0,0.0,15000.0,Low,,15000.0,Unknown,"Operational risk event: Business disruption and system failures caused by System in No business line located in Jiangsu, Wuxi."
237,RISK-0019,7.0,20030501,,6860000.0,0.0,6860000.0,Critical,,6860000.0,Unknown,"Operational risk event: Business disruption and system failures caused by System in Retail banking located in Guangdong, Guangzhou."
238,RISK-0022,7.0,,,71410000.0,0.0,71410000.0,Critical,,71410000.0,Unknown,"Operational risk event: Execution, delivery & process management caused by System in Retail banking located in Shanghai, Shanghai."
239,RISK-0023,3.0,20000101,,200000000.0,0.0,200000000.0,Critical,,200000000.0,Unknown,"Operational risk event: External fraud caused by External event in Commercial banking located in Henan, Zhengzhou."
240,RISK-0024,6.0,20000101,,2410000.0,0.0,2410000.0,Critical,,2410000.0,Unknown,"Operational risk event: External fraud caused by External event in Payment and settlement located in Sichuan, Zigong."
241,RISK-0025,7.0,20000901,,160000000.0,0.0,160000000.0,Critical,,160000000.0,Unknown,"Operational risk event: External fraud caused by External event in Retail banking located in Beijing, Beijing."
242,RISK-0025,7.0,,,11800.0,0.0,11800.0,Low,,11800.0,Unknown,"Operational risk event: External fraud caused by External event in Retail banking located in Xinjiang, Karamay."
243,RISK-0026,5.0,20000701,,15000.0,0.0,15000.0,Low,,15000.0,Unknown,"Operational risk event: Damage to physical assets caused by External event in No business line located in Guangdong, Huizhou."
244,RISK-0026,5.0,,,20000.0,0.0,20000.0,Low,,20000.0,Unknown,"Operational risk event: Damage to physical assets caused by External event in No business line located in Hunan, Huaihua."
245,RISK-0025,7.0,20000701,,2060000.0,0.0,2060000.0,Critical,,2060000.0,Unknown,"Operational risk event: External fraud caused by External event in Retail banking located in Tianjin, Tianjin."
246,RISK-0024,6.0,19991001,,143200000.0,0.0,143200000.0,Critical,,143200000.0,Unknown,"Operational risk event: External fraud caused by External event in Payment and settlement located in Tianjin, Tianjin."
247,RISK-0025,7.0,20001001,,48000.0,0.0,48000.0,Low,,48000.0,Unknown,"Operational risk event: External fraud caused by External event in Retail banking located in Guangdong, Shenzhen."
248,RISK-0026,5.0,20000701,,10000.0,0.0,10000.0,Low,,10000.0,Unknown,"Operational risk event: Damage to physical assets caused by External event in No business line located in Guangdong, Shaoguan."
249,RISK-0026,5.0,20000801,,32000.0,0.0,32000.0,Low,,32000.0,Unknown,"Operational risk event: Damage to physical assets caused by External event in No business line located in Guangdong, Jiangmen."
250,RISK-0026,5.0,20000801,,65000.0,0.0,65000.0,Medium,,65000.0,Unknown,"Operational risk event: Damage to physical assets caused by External event in No business line located in Guangdong, Qingyuan."
251,RISK-0025,7.0,20000901,,6600000.0,0.0,6600000.0,Critical,,6600000.0,Unknown,"Operational risk event: External fraud caused by External event in Retail banking located in Anhui, Hefei."
252,RISK-0024,6.0,20000501,,400000.0,0.0,400000.0,High,,400000.0,Unknown,"Operational risk event: External fraud caused by External event in Payment and settlement located in Shandong, Jining."
253,RISK-0024,6.0,,,5040000.0,0.0,5040000.0,Critical,,5040000.0,Unknown,"Operational risk event: External fraud caused by External event in Payment and settlement located in Jiangsu, Unknown city."
254,RISK-0023,3.0,,,450000000.0,0.0,450000000.0,Critical,,450000000.0,Unknown,"Operational risk event: External fraud caused by External event in Commercial banking located in Beijing, Beijing."
255,RISK-0025,7.0,20001101,,500000.0,0.0,500000.0,High,,500000.0,Unknown,"Operational risk event: External fraud caused by External event in Retail banking located in Jiangxi, Nanchang."
256,RISK-0023,3.0,19961001,,10000000.0,0.0,10000000.0,Critical,,10000000.0,Unknown,"Operational risk event: External fraud caused by External event in Commercial banking located in Liaoning, Anshan."
257,RISK-0026,5.0,,,10000.0,0.0,10000.0,Low,,10000.0,Unknown,"Operational risk event: Damage to physical assets caused by External event in No business line located in Shandong, Unknown city."
258,RISK-0026,5.0,,,30000.0,0.0,30000.0,Low,,30000.0,Unknown,"Operational risk event: Damage to physical assets caused by External event in No business line located in Chongqing, Unknown city."
259,RISK-0023,3.0,,,7360000.0,0.0,7360000.0,Critical,,7360000.0,Unknown,"Operational risk event: External fraud caused by External event in Commercial banking located in Henan, Luohe."
260,RISK-0024,6.0,20000101,,2000000.0,0.0,2000000.0,Critical,,2000000.0,Unknown,"Operational risk event: External fraud caused by External event in Payment and settlement located in Gansu, Lanzhou."
261,RISK-0023,3.0,19950801,,623339500.0,0.0,623339500.0,Critical,,623339500.0,Unknown,"Operational risk event: External fraud caused by External event in Commercial banking located in Hubei, Wuhan."
262,RISK-0025,7.0,20001201,,2080000.0,0.0,2080000.0,Critical,,2080000.0,Unknown,"Operational risk event: External fraud caused by External event in Retail banking located in Henan, Zhengzhou."
263,RISK-0025,7.0,20000401,,7630140.0,0.0,7630140.0,Critical,,7630140.0,Unknown,"Operational risk event: External fraud caused by External event in Retail banking located in Beijing, Beijing."
264,RISK-0023,3.0,19970101,,90000000.0,0.0,90000000.0,Critical,,90000000.0,Unknown,"Operational risk event: External fraud caused by External event in Commercial banking located in Beijing, Beijing."
265,RISK-0025,7.0,20000601,,142000.0,0.0,142000.0,Medium,,142000.0,Unknown,"Operational risk event: External fraud caused by External event in Retail banking located in Chongqing, Chongqing."
266,RISK-0025,7.0,20000201,,40000.0,0.0,40000.0,Low,,40000.0,Unknown,"Operational risk event: External fraud caused by External event in Retail banking located in Shaanxi, Xi'an."
267,RISK-0024,6.0,20000401,,3500000.0,0.0,3500000.0,Critical,,3500000.0,Unknown,"Operational risk event: External fraud caused by External event in Payment and settlement located in Unknown province, Unknown city."
268,RISK-0024,6.0,,,2000000.0,0.0,2000000.0,Critical,,2000000.0,Unknown,"Operational risk event: External fraud caused by External event in Payment and settlement located in Inner mongolia, Ordos."
269,RISK-0024,6.0,,,5500000.0,0.0,5500000.0,Critical,,5500000.0,Unknown,"Operational risk event: External fraud caused by External event in Payment and settlement located in Hebei, Baoding."
270,RISK-0024,6.0,20000101,,12940000.0,0.0,12940000.0,Critical,,12940000.0,Unknown,"Operational risk event: External fraud caused by External event in Payment and settlement located in Sichuan, Guangyuan."
271,RISK-0024,6.0,,,1200000.0,0.0,1200000.0,Critical,,1200000.0,Unknown,"Operational risk event: External fraud caused by External event in Payment and settlement located in Jiangsu, Nantong."
272,RISK-0024,6.0,,,7000000.0,0.0,7000000.0,Critical,,7000000.0,Unknown,"Operational risk event: External fraud caused by External event in Payment and settlement located in Shaanxi, Unknown city."
273,RISK-0023,3.0,20000101,,2500000.0,0.0,2500000.0,Critical,,2500000.0,Unknown,"Operational risk event: External fraud caused by External event in Commercial banking located in Shanxi, Changzhi."
274,RISK-0024,6.0,20001201,,39500000.0,0.0,39500000.0,Critical,,39500000.0,Unknown,"Operational risk event: External fraud caused by External event in Payment and settlement located in Hubei, Wuhan."
275,RISK-0024,6.0,,,49580000.0,0.0,49580000.0,Critical,,49580000.0,Unknown,"Operational risk event: External fraud caused by External event in Payment and settlement located in Heilongjiang, Unknown city."
276,RISK-0023,3.0,20000801,,29950000.0,0.0,29950000.0,Critical,,29950000.0,Unknown,"Operational risk event: External fraud caused by External event in Commercial banking located in Shaanxi, Xi'an."
277,RISK-0024,6.0,19991001,,140000000.0,0.0,140000000.0,Critical,,140000000.0,Unknown,"Operational risk event: External fraud caused by External event in Payment and settlement located in Tianjin, Tianjin."
278,RISK-0024,6.0,20000701,,98300.0,0.0,98300.0,Medium,,98300.0,Unknown,"Operational risk event: External fraud caused by External event in Payment and settlement located in Fujian, Zhangzhou."
279,RISK-0025,7.0,,,3900000.0,0.0,3900000.0,Critical,,3900000.0,Unknown,"Operational risk event: External fraud caused by External event in Retail banking located in Yunnan, Kunming."
280,RISK-0025,7.0,20000801,,2790000.0,0.0,2790000.0,Critical,,2790000.0,Unknown,"Operational risk event: External fraud caused by External event in Retail banking located in Anhui, Suzhou."
281,RISK-0025,7.0,20000801,,640000.0,0.0,640000.0,High,,640000.0,Unknown,"Operational risk event: External fraud caused by External event in Retail banking located in Liaoning, Tieling."
282,RISK-0024,6.0,20010501,,6000000.0,0.0,6000000.0,Critical,,6000000.0,Unknown,"Operational risk event: External fraud caused by External event in Payment and settlement located in Shandong, Dezhou."
283,RISK-0024,6.0,20001201,,2960800.0,0.0,2960800.0,Critical,,2960800.0,Unknown,"Operational risk event: External fraud caused by External event in Payment and settlement located in Jiangsu, Wuxi."
284,RISK-0026,5.0,,,5000.0,0.0,5000.0,Low,,5000.0,Unknown,"Operational risk event: Damage to physical assets caused by External event in No business line located in Henan, Xinyang."
285,RISK-0026,5.0,20010801,,20000.0,0.0,20000.0,Low,,20000.0,Unknown,"Operational risk event: Damage to physical assets caused by External event in No business line located in Heilongjiang, Heihe."
286,RISK-0026,5.0,20010801,,250000.0,0.0,250000.0,High,,250000.0,Unknown,"Operational risk event: Damage to physical assets caused by External event in No business line located in Heilongjiang, Heihe."
287,RISK-0025,7.0,20010601,,530000.0,0.0,530000.0,High,,530000.0,Unknown,"Operational risk event: External fraud caused by External event in Retail banking located in Tianjin, Tianjin."
288,RISK-0026,5.0,,,8500.0,0.0,8500.0,Low,,8500.0,Unknown,"Operational risk event: Damage to physical assets caused by External event in No business line located in Fujian, Zhangzhou."
289,RISK-0026,5.0,20010501,,50000.0,0.0,50000.0,Medium,,50000.0,Unknown,"Operational risk event: Damage to physical assets caused by External event in No business line located in Liaoning, Chaoyang."
290,RISK-0024,6.0,20010301,,11160000000.0,0.0,11160000000.0,Critical,,11160000000.0,Unknown,"Operational risk event: External fraud caused by External event in Payment and settlement located in Henan, Zhengzhou."
291,RISK-0024,6.0,20001001,,90900000.0,0.0,90900000.0,Critical,,90900000.0,Unknown,"Operational risk event: External fraud caused by External event in Payment and settlement located in Shandong, Jinan."
292,RISK-0024,6.0,19971001,,84490000.0,0.0,84490000.0,Critical,,84490000.0,Unknown,"Operational risk event: External fraud caused by External event in Payment and settlement located in Beijing, Beijing."
293,RISK-0023,3.0,19990901,,116600000.0,0.0,116600000.0,Critical,,116600000.0,Unknown,"Operational risk event: External fraud caused by External event in Commercial banking located in Fujian, Quanzhou."
294,RISK-0026,5.0,20010601,,20000.0,0.0,20000.0,Low,,20000.0,Unknown,"Operational risk event: Damage to physical assets caused by External event in No business line located in Inner mongolia, Tongliao."
295,RISK-0025,7.0,,,57960.0,0.0,57960.0,Medium,,57960.0,Unknown,"Operational risk event: External fraud caused by External event in Retail banking located in Unknown province, Unknown city."
296,RISK-0026,5.0,,,225000.0,0.0,225000.0,Medium,,225000.0,Unknown,"Operational risk event: Damage to physical assets caused by External event in No business line located in Fujian, Nanping."
297,RISK-0025,7.0,20011001,,120000.0,0.0,120000.0,Medium,,120000.0,Unknown,"Operational risk event: External fraud caused by External event in Retail banking located in Jiangsu, Suzhou."
298,RISK-0023,3.0,,,600000000.0,0.0,600000000.0,Critical,,600000000.0,Unknown,"Operational risk event: External fraud caused by External event in Commercial banking located in Jilin, Jilin."
299,RISK-0026,5.0,,,10000.0,0.0,10000.0,Low,,10000.0,Unknown,"Operational risk event: Damage to physical assets caused by External event in No business line located in Hubei, Xiangyang."
300,RISK-0026,5.0,,,10000.0,0.0,10000.0,Low,,10000.0,Unknown,"Operational risk event: Damage to physical assets caused by External event in No business line located in Shandong, Linyi."
301,RISK-0026,5.0,20010601,,15000.0,0.0,15000.0,Low,,15000.0,Unknown,"Operational risk event: Damage to physical assets caused by External event in No business line located in Heilongjiang, Yichun."
302,RISK-0026,5.0,20010601,,40000.0,0.0,40000.0,Low,,40000.0,Unknown,"Operational risk event: Damage to physical assets caused by External event in No business line located in Fujian, Zhangzhou."
303,RISK-0023,3.0,20010301,,30000000.0,0.0,30000000.0,Critical,,30000000.0,Unknown,"Operational risk event: External fraud caused by External event in Commercial banking located in Hubei, Wuhan."
304,RISK-0025,7.0,20011201,,240000.0,0.0,240000.0,Medium,,240000.0,Unknown,"Operational risk event: External fraud caused by External event in Retail banking located in Shaanxi, Xi'an."
305,RISK-0024,6.0,,,25900000.0,0.0,25900000.0,Critical,,25900000.0,Unknown,"Operational risk event: External fraud caused by External event in Payment and settlement located in Unknown province, Unknown city."
306,RISK-0024,6.0,19980401,,78200000.0,0.0,78200000.0,Critical,,78200000.0,Unknown,"Operational risk event: External fraud caused by External event in Payment and settlement located in Tianjin, Tianjin."
307,RISK-0025,7.0,20010401,,2668000.0,0.0,2668000.0,Critical,,2668000.0,Unknown,"Operational risk event: External fraud caused by External event in Retail banking located in Jiangsu, Unknown city."
308,RISK-0023,3.0,,,151600000.0,0.0,151600000.0,Critical,,151600000.0,Unknown,"Operational risk event: External fraud caused by External event in Commercial banking located in Fujian, Fuzhou."
309,RISK-0023,3.0,,,2806840000.0,0.0,2806840000.0,Critical,,2806840000.0,Unknown,"Operational risk event: External fraud caused by External event in Commercial banking located in Jilin, Changchun."
310,RISK-0026,5.0,,,130000.0,0.0,130000.0,Medium,,130000.0,Unknown,"Operational risk event: Damage to physical assets caused by External event in No business line located in Guangdong, Zhaoqing."
311,RISK-0024,6.0,20021201,,58000.0,0.0,58000.0,Medium,,58000.0,Unknown,"Operational risk event: External fraud caused by External event in Payment and settlement located in Beijing, Beijing."
312,RISK-0024,6.0,20021001,,29000.0,0.0,29000.0,Low,,29000.0,Unknown,"Operational risk event: External fraud caused by External event in Payment and settlement located in Sichuan, Chengdu."
313,RISK-0025,7.0,20011001,,1960000.0,0.0,1960000.0,Critical,,1960000.0,Unknown,"Operational risk event: External fraud caused by External event in Retail banking located in Inner mongolia, Xilin gol."
314,RISK-0025,7.0,20020101,,5600000.0,0.0,5600000.0,Critical,,5600000.0,Unknown,"Operational risk event: External fraud caused by External event in Retail banking located in Unknown province, Unknown city."
315,RISK-0027,7.0,20040101,,768185.0,0.0,768185.0,High,,768185.0,Unknown,"Operational risk event: Damage to physical assets caused by External event in Retail banking located in Shanghai, Shanghai."
316,RISK-0025,7.0,20020801,,1111000.0,0.0,1111000.0,Critical,,1111000.0,Unknown,"Operational risk event: External fraud caused by External event in Retail banking located in Xinjiang, Urumqi."
317,RISK-0025,7.0,20020101,,1130000.0,0.0,1130000.0,Critical,,1130000.0,Unknown,"Operational risk event: External fraud caused by External event in Retail banking located in Zhejiang, Hangzhou."
318,RISK-0025,7.0,,,1030000.0,0.0,1030000.0,Critical,,1030000.0,Unknown,"Operational risk event: External fraud caused by External event in Retail banking located in Beijing, Unknown city."
319,RISK-0025,7.0,20010701,,5850000.0,0.0,5850000.0,Critical,,5850000.0,Unknown,"Operational risk event: External fraud caused by External event in Retail banking located in Guangdong, Guangzhou."
320,RISK-0024,6.0,20010901,,13000000.0,0.0,13000000.0,Critical,,13000000.0,Unknown,"Operational risk event: External fraud caused by External event in Payment and settlement located in Shanxi, Taiyuan."
321,RISK-0024,6.0,20021001,,500000.0,0.0,500000.0,High,,500000.0,Unknown,"Operational risk event: External fraud caused by External event in Payment and settlement located in Henan, Luohe."
322,RISK-0023,3.0,19990301,,8000000.0,0.0,8000000.0,Critical,,8000000.0,Unknown,"Operational risk event: External fraud caused by External event in Commercial banking located in Shanghai, Shanghai."
323,RISK-0025,7.0,20001001,,4000000.0,0.0,4000000.0,Critical,,4000000.0,Unknown,"Operational risk event: External fraud caused by External event in Retail banking located in Guangdong, Guangzhou."
324,RISK-0023,3.0,20010401,,20000000.0,0.0,20000000.0,Critical,,20000000.0,Unknown,"Operational risk event: External fraud caused by External event in Commercial banking located in Shanghai, Shanghai."
325,RISK-0025,7.0,,,360000.0,0.0,360000.0,High,,360000.0,Unknown,"Operational risk event: External fraud caused by External event in Retail banking located in Guangdong, Shenzhen."
326,RISK-0024,6.0,20021001,,20000000.0,0.0,20000000.0,Critical,,20000000.0,Unknown,"Operational risk event: External fraud caused by External event in Payment and settlement located in Qinghai, Haixi."
327,RISK-0025,7.0,,,634000.0,0.0,634000.0,High,,634000.0,Unknown,"Operational risk event: External fraud caused by External event in Retail banking located in Hainan, Haikou."
328,RISK-0025,7.0,20021201,,473000.0,0.0,473000.0,High,,473000.0,Unknown,"Operational risk event: External fraud caused by External event in Retail banking located in Shanxi, Unknown city."
329,RISK-0025,7.0,,,160000000.0,0.0,160000000.0,Critical,,160000000.0,Unknown,"Operational risk event: External fraud caused by External event in Retail banking located in Liaoning, Shenyang."
330,RISK-0023,3.0,,,1000000.0,0.0,1000000.0,Critical,,1000000.0,Unknown,"Operational risk event: External fraud caused by External event in Commercial banking located in Heilongjiang, Harbin."
331,RISK-0023,3.0,19911001,,292820000.0,0.0,292820000.0,Critical,,292820000.0,Unknown,"Operational risk event: External fraud caused by External event in Commercial banking located in Unknown province, Unknown city."
332,RISK-0023,3.0,20041101,,83000000.0,0.0,83000000.0,Critical,,83000000.0,Unknown,"Operational risk event: External fraud caused by External event in Commercial banking located in Unknown province, Unknown city."
333,RISK-0025,7.0,20031201,,490000.0,0.0,490000.0,High,,490000.0,Unknown,"Operational risk event: External fraud caused by External event in Retail banking located in Guangdong, Meizhou."
334,RISK-0025,7.0,20030901,,348800.0,0.0,348800.0,High,,348800.0,Unknown,"Operational risk event: External fraud caused by External event in Retail banking located in Hubei, Unknown city."
335,RISK-0024,6.0,20030501,,14400000.0,0.0,14400000.0,Critical,,14400000.0,Unknown,"Operational risk event: External fraud caused by External event in Payment and settlement located in Liaoning, Panjin."
336,RISK-0025,7.0,,,10720000.0,0.0,10720000.0,Critical,,10720000.0,Unknown,"Operational risk event: External fraud caused by External event in Retail banking located in Beijing, Beijing."
337,RISK-0028,7.0,20030201,,131900.0,0.0,131900.0,Medium,,131900.0,Unknown,"Operational risk event: Employment practices and workplace safety caused by External event in Retail banking located in Yunnan, Kunming."
338,RISK-0025,7.0,20010901,,298000.0,0.0,298000.0,High,,298000.0,Unknown,"Operational risk event: External fraud caused by External event in Retail banking located in Beijing, Beijing."
339,RISK-0002,5.0,,,735000.0,0.0,735000.0,High,,735000.0,Unknown,"Operational risk event: Internal fraud caused by People in No business line located in Chongqing, Chongqing."
340,RISK-0001,3.0,,,500000000.0,0.0,500000000.0,Critical,,500000000.0,Unknown,"Operational risk event: Internal fraud caused by People in Commercial banking located in Chongqing, Chongqing."
341,RISK-0002,5.0,20021201,,47000000.0,0.0,47000000.0,Critical,,47000000.0,Unknown,"Operational risk event: Internal fraud caused by People in No business line located in Shandong, Zibo."
342,RISK-0029,3.0,20030101,,265000000.0,0.0,265000000.0,Critical,,265000000.0,Unknown,"Operational risk event: Execution, delivery & process management caused by People in Commercial banking located in Shanghai, Shanghai."
343,RISK-0002,5.0,20020801,,2730000.0,0.0,2730000.0,Critical,,2730000.0,Unknown,"Operational risk event: Internal fraud caused by People in No business line located in Jiangsu, Nanjing."
344,RISK-0005,7.0,20021201,,245000.0,0.0,245000.0,Medium,,245000.0,Unknown,"Operational risk event: Internal fraud caused by People in Retail banking located in Shandong, Qingdao."
345,RISK-0005,7.0,20030401,,440000.0,0.0,440000.0,High,,440000.0,Unknown,"Operational risk event: Internal fraud caused by People in Retail banking located in Heilongjiang, Hegang."
346,RISK-0005,7.0,20030901,,150000.0,0.0,150000.0,Medium,,150000.0,Unknown,"Operational risk event: Internal fraud caused by People in Retail banking located in Guizhou, Guiyang."
347,RISK-0005,7.0,20030801,,100000.0,0.0,100000.0,Medium,,100000.0,Unknown,"Operational risk event: Internal fraud caused by People in Retail banking located in Chongqing, Chongqing."
348,RISK-0002,5.0,20030901,,462000.0,0.0,462000.0,High,,462000.0,Unknown,"Operational risk event: Internal fraud caused by People in No business line located in Jiangsu, Suqian."
349,RISK-0002,5.0,,,1079452400.0,0.0,1079452400.0,Critical,,1079452400.0,Unknown,"Operational risk event: Internal fraud caused by People in No business line located in Fujian, Longyan."
350,RISK-0009,7.0,20020501,,2935000.0,0.0,2935000.0,Critical,,2935000.0,Unknown,"Operational risk event: Execution, delivery & process management caused by People in Retail banking located in Hainan, Haikou."
351,RISK-0005,7.0,,,2000000.0,0.0,2000000.0,Critical,,2000000.0,Unknown,"Operational risk event: Internal fraud caused by People in Retail banking located in Sichuan, Suining."
352,RISK-0002,5.0,,,1690000.0,0.0,1690000.0,Critical,,1690000.0,Unknown,"Operational risk event: Internal fraud caused by People in No business line located in Jiangxi, Fuzhou."
353,RISK-0005,7.0,20010601,,1260000.0,0.0,1260000.0,Critical,,1260000.0,Unknown,"Operational risk event: Internal fraud caused by People in Retail banking located in Jiangxi, Nanchang."
354,RISK-0003,6.0,20030401,,20700000.0,0.0,20700000.0,Critical,,20700000.0,Unknown,"Operational risk event: Internal fraud caused by People in Payment and settlement located in Henan, Anyang."
355,RISK-0001,3.0,20030401,,14100000.0,0.0,14100000.0,Critical,,14100000.0,Unknown,"Operational risk event: Internal fraud caused by People in Commercial banking located in Beijing, Beijing."
356,RISK-0001,3.0,20001101,,23750000.0,0.0,23750000.0,Critical,,23750000.0,Unknown,"Operational risk event: Internal fraud caused by People in Commercial banking located in Sichuan, Luzhou."
357,RISK-0003,6.0,19961201,,28900000.0,0.0,28900000.0,Critical,,28900000.0,Unknown,"Operational risk event: Internal fraud caused by People in Payment and settlement located in Sichuan, Yibin."
358,RISK-0005,7.0,20001201,,81100000.0,0.0,81100000.0,Critical,,81100000.0,Unknown,"Operational risk event: Internal fraud caused by People in Retail banking located in Hainan, Haikou."
359,RISK-0009,7.0,20010901,,420000000.0,0.0,420000000.0,Critical,,420000000.0,Unknown,"Operational risk event: Execution, delivery & process management caused by People in Retail banking located in Hainan, Haikou."
360,RISK-0002,5.0,,,11905000.0,0.0,11905000.0,Critical,,11905000.0,Unknown,"Operational risk event: Internal fraud caused by People in No business line located in Heilongjiang, Qitaihe."
361,RISK-0005,7.0,20021001,,150000.0,0.0,150000.0,Medium,,150000.0,Unknown,"Operational risk event: Internal fraud caused by People in Retail banking located in Gansu, Jiuquan."
362,RISK-0001,3.0,20030501,,66000000.0,0.0,66000000.0,Critical,,66000000.0,Unknown,"Operational risk event: Internal fraud caused by People in Commercial banking located in Guizhou, Guiyang."
363,RISK-0001,3.0,20031001,,60000000.0,0.0,60000000.0,Critical,,60000000.0,Unknown,"Operational risk event: Internal fraud caused by People in Commercial banking located in Tianjin, Unknown city."
364,RISK-0002,5.0,,,1630000.0,0.0,1630000.0,Critical,,1630000.0,Unknown,"Operational risk event: Internal fraud caused by People in No business line located in Inner mongolia, Baotou."
365,RISK-0005,7.0,20021201,,1181140.0,0.0,1181140.0,Critical,,1181140.0,Unknown,"Operational risk event: Internal fraud caused by People in Retail banking located in Shaanxi, Xi'an."
366,RISK-0001,3.0,20030301,,150000000.0,0.0,150000000.0,Critical,,150000000.0,Unknown,"Operational risk event: Internal fraud caused by People in Commercial banking located in Jiangsu, Nantong."
367,RISK-0002,5.0,20010801,,5580000.0,0.0,5580000.0,Critical,,5580000.0,Unknown,"Operational risk event: Internal fraud caused by People in No business line located in Henan, Zhoukou."
368,RISK-0001,3.0,20030101,,21500000.0,0.0,21500000.0,Critical,,21500000.0,Unknown,"Operational risk event: Internal fraud caused by People in Commercial banking located in Beijing, Beijing."
369,RISK-0001,3.0,20030101,,10200000.0,0.0,10200000.0,Critical,,10200000.0,Unknown,"Operational risk event: Internal fraud caused by People in Commercial banking located in Beijing, Beijing."
370,RISK-0001,3.0,20030401,,17489000.0,0.0,17489000.0,Critical,,17489000.0,Unknown,"Operational risk event: Internal fraud caused by People in Commercial banking located in Shaanxi, Xi'an."
371,RISK-0003,6.0,20030301,,10600000000.0,0.0,10600000000.0,Critical,,10600000000.0,Unknown,"Operational risk event: Internal fraud caused by People in Payment and settlement located in Shandong, Weifang."
372,RISK-0030,1.0,20030701,,1500.0,0.0,1500.0,Low,,1500.0,Unknown,"Operational risk event: Execution, delivery & process management caused by People in Agency services located in Hebei, Shijiazhuang."
373,RISK-0001,3.0,19980601,,1304000.0,0.0,1304000.0,Critical,,1304000.0,Unknown,"Operational risk event: Internal fraud caused by People in Commercial banking located in Guizhou, Guiyang."
374,RISK-0001,3.0,20030101,,10200000.0,0.0,10200000.0,Critical,,10200000.0,Unknown,"Operational risk event: Internal fraud caused by People in Commercial banking located in Beijing, Beijing."
375,RISK-0001,3.0,20030601,,15000000.0,0.0,15000000.0,Critical,,15000000.0,Unknown,"Operational risk event: Internal fraud caused by People in Commercial banking located in Chongqing, Chongqing."
376,RISK-0005,7.0,20030401,,795000.0,0.0,795000.0,High,,795000.0,Unknown,"Operational risk event: Internal fraud caused by People in Retail banking located in Guangxi, Laibin."
377,RISK-0002,5.0,20030601,,500000.0,0.0,500000.0,High,,500000.0,Unknown,"Operational risk event: Internal fraud caused by People in No business line located in Chongqing, Chongqing."
378,RISK-0002,5.0,20010401,,1560000.0,0.0,1560000.0,Critical,,1560000.0,Unknown,"Operational risk event: Internal fraud caused by People in No business line located in Jilin, Jilin."
379,RISK-0005,7.0,20010501,,2793000.0,0.0,2793000.0,Critical,,2793000.0,Unknown,"Operational risk event: Internal fraud caused by People in Retail banking located in Jiangsu, Xuzhou."
380,RISK-0005,7.0,20020101,,4000000.0,0.0,4000000.0,Critical,,4000000.0,Unknown,"Operational risk event: Internal fraud caused by People in Retail banking located in Sichuan, Chengdu."
381,RISK-0001,3.0,20010701,,2029070000.0,0.0,2029070000.0,Critical,,2029070000.0,Unknown,"Operational risk event: Internal fraud caused by People in Commercial banking located in Shaanxi, Xi'an."
382,RISK-0002,5.0,19961201,,29000000.0,0.0,29000000.0,Critical,,29000000.0,Unknown,"Operational risk event: Internal fraud caused by People in No business line located in Zhejiang, Huzhou."
383,RISK-0001,3.0,19991101,,300000000.0,0.0,300000000.0,Critical,,300000000.0,Unknown,"Operational risk event: Internal fraud caused by People in Commercial banking located in Henan, Zhengzhou."
384,RISK-0001,3.0,20000201,,121635900.0,0.0,121635900.0,Critical,,121635900.0,Unknown,"Operational risk event: Internal fraud caused by People in Commercial banking located in Jilin, Songyuan."
385,RISK-0005,7.0,20030901,,38555000.0,0.0,38555000.0,Critical,,38555000.0,Unknown,"Operational risk event: Internal fraud caused by People in Retail banking located in Beijing, Beijing."
386,RISK-0005,7.0,20030101,,22500000.0,0.0,22500000.0,Critical,,22500000.0,Unknown,"Operational risk event: Internal fraud caused by People in Retail banking located in Beijing, Beijing."
387,RISK-0001,3.0,20000601,,31750000.0,0.0,31750000.0,Critical,,31750000.0,Unknown,"Operational risk event: Internal fraud caused by People in Commercial banking located in Hubei, Xiangyang."
388,RISK-0005,7.0,20001201,,49690000.0,0.0,49690000.0,Critical,,49690000.0,Unknown,"Operational risk event: Internal fraud caused by People in Retail banking located in Guangdong, Shenzhen."
389,RISK-0005,7.0,20030801,,154200.0,0.0,154200.0,Medium,,154200.0,Unknown,"Operational risk event: Internal fraud caused by People in Retail banking located in Guangdong, Guangzhou."
390,RISK-0001,3.0,20030101,,120000000.0,0.0,120000000.0,Critical,,120000000.0,Unknown,"Operational risk event: Internal fraud caused by People in Commercial banking located in Shaanxi, Xi'an."
391,RISK-0008,9.0,,,30000000.0,0.0,30000000.0,Critical,,30000000.0,Unknown,"Operational risk event: Internal fraud caused by People in Trading & sales located in Beijing, Beijing."
392,RISK-0002,5.0,20030801,,9030000.0,0.0,9030000.0,Critical,,9030000.0,Unknown,"Operational risk event: Internal fraud caused by People in No business line located in Shandong, Dongying."
393,RISK-0005,7.0,20041001,,2500000.0,0.0,2500000.0,Critical,,2500000.0,Unknown,"Operational risk event: Internal fraud caused by People in Retail banking located in Zhejiang, Ningbo."
394,RISK-0031,2.0,20040601,,1239000.0,0.0,1239000.0,Critical,,1239000.0,Unknown,"Operational risk event: Internal fraud caused by People in Asset management located in Hunan, Xiangxi."
395,RISK-0032,1.0,20000501,,1120000.0,0.0,1120000.0,Critical,,1120000.0,Unknown,"Operational risk event: Internal fraud caused by People in Agency services located in Guizhou, Zunyi."
396,RISK-0005,7.0,20020201,,280000000.0,0.0,280000000.0,Critical,,280000000.0,Unknown,"Operational risk event: Internal fraud caused by People in Retail banking located in Beijing, Beijing."
397,RISK-0001,3.0,20030901,,560000.0,0.0,560000.0,High,,560000.0,Unknown,"Operational risk event: Internal fraud caused by People in Commercial banking located in Hunan, Huaihua."
398,RISK-0005,7.0,20010301,,1451200.0,0.0,1451200.0,Critical,,1451200.0,Unknown,"Operational risk event: Internal fraud caused by People in Retail banking located in Inner mongolia, Hulun buir."
399,RISK-0001,3.0,20030101,,141860000.0,0.0,141860000.0,Critical,,141860000.0,Unknown,"Operational risk event: Internal fraud caused by People in Commercial banking located in Beijing, Beijing."
400,RISK-0003,6.0,20021101,,10410000.0,0.0,10410000.0,Critical,,10410000.0,Unknown,"Operational risk event: Internal fraud caused by People in Payment and settlement located in Henan, Kaifeng."
401,RISK-0005,7.0,20021201,,41000000.0,0.0,41000000.0,Critical,,41000000.0,Unknown,"Operational risk event: Internal fraud caused by People in Retail banking located in Zhejiang, Huzhou."
402,RISK-0001,3.0,20020301,,9200000.0,0.0,9200000.0,Critical,,9200000.0,Unknown,"Operational risk event: Internal fraud caused by People in Commercial banking located in Zhejiang, Huzhou."
403,RISK-0005,7.0,,,2250000.0,0.0,2250000.0,Critical,,2250000.0,Unknown,"Operational risk event: Internal fraud caused by People in Retail banking located in Anhui, Huaibei."
404,RISK-0002,5.0,19980601,,5300000.0,0.0,5300000.0,Critical,,5300000.0,Unknown,"Operational risk event: Internal fraud caused by People in No business line located in Qinghai, Xining."
405,RISK-0002,5.0,,,13600000.0,0.0,13600000.0,Critical,,13600000.0,Unknown,"Operational risk event: Internal fraud caused by People in No business line located in Gansu, Jiuquan."
406,RISK-0002,5.0,,,49680000.0,0.0,49680000.0,Critical,,49680000.0,Unknown,"Operational risk event: Internal fraud caused by People in No business line located in Liaoning, Dalian."
407,RISK-0001,3.0,20031201,,100000000.0,0.0,100000000.0,Critical,,100000000.0,Unknown,"Operational risk event: Internal fraud caused by People in Commercial banking located in Henan, Unknown city."
408,RISK-0009,7.0,20030501,,7070000.0,0.0,7070000.0,Critical,,7070000.0,Unknown,"Operational risk event: Execution, delivery & process management caused by People in Retail banking located in Zhejiang, Ningbo."
409,RISK-0001,3.0,20021001,,60500000.0,0.0,60500000.0,Critical,,60500000.0,Unknown,"Operational risk event: Internal fraud caused by People in Commercial banking located in Yunnan, Kunming."
410,RISK-0029,3.0,19980701,,188000000.0,0.0,188000000.0,Critical,,188000000.0,Unknown,"Operational risk event: Execution, delivery & process management caused by People in Commercial banking located in Guangdong, Shenzhen."
411,RISK-0003,6.0,20040201,,300000000.0,0.0,300000000.0,Critical,,300000000.0,Unknown,"Operational risk event: Internal fraud caused by People in Payment and settlement located in Guangdong, Guangzhou."
412,RISK-0009,7.0,20030701,,7120000.0,0.0,7120000.0,Critical,,7120000.0,Unknown,"Operational risk event: Execution, delivery & process management caused by People in Retail banking located in Zhejiang, Ningbo."
413,RISK-0003,6.0,20040601,,90000000.0,0.0,90000000.0,Critical,,90000000.0,Unknown,"Operational risk event: Internal fraud caused by People in Payment and settlement located in Shanghai, Shanghai."
414,RISK-0001,3.0,,,97907000.0,0.0,97907000.0,Critical,,97907000.0,Unknown,"Operational risk event: Internal fraud caused by People in Commercial banking located in Shanghai, Shanghai."
415,RISK-0001,3.0,20040901,,82000000.0,0.0,82000000.0,Critical,,82000000.0,Unknown,"Operational risk event: Internal fraud caused by People in Commercial banking located in Beijing, Beijing."
416,RISK-0005,7.0,20040401,,900000.0,0.0,900000.0,High,,900000.0,Unknown,"Operational risk event: Internal fraud caused by People in Retail banking located in Guangdong, Guangzhou."
417,RISK-0001,3.0,,,19600000.0,0.0,19600000.0,Critical,,19600000.0,Unknown,"Operational risk event: Internal fraud caused by People in Commercial banking located in Shanghai, Shanghai."
418,RISK-0003,6.0,,,22460000.0,0.0,22460000.0,Critical,,22460000.0,Unknown,"Operational risk event: Internal fraud caused by People in Payment and settlement located in Shanghai, Shanghai."
419,RISK-0001,3.0,19970401,,54900000.0,0.0,54900000.0,Critical,,54900000.0,Unknown,"Operational risk event: Internal fraud caused by People in Commercial banking located in Guizhou, Guiyang."
420,RISK-0005,7.0,20030101,,23450000.0,0.0,23450000.0,Critical,,23450000.0,Unknown,"Operational risk event: Internal fraud caused by People in Retail banking located in Beijing, Beijing."
421,RISK-0005,7.0,20041201,,120000.0,0.0,120000.0,Medium,,120000.0,Unknown,"Operational risk event: Internal fraud caused by People in Retail banking located in Zhejiang, Wenzhou."
422,RISK-0009,7.0,20040501,,25000.0,0.0,25000.0,Low,,25000.0,Unknown,"Operational risk event: Execution, delivery & process management caused by People in Retail banking located in Unknown province, Unknown city."
423,RISK-0005,7.0,20040401,,40590.0,0.0,40590.0,Low,,40590.0,Unknown,"Operational risk event: Internal fraud caused by People in Retail banking located in Zhejiang, Wenzhou."
424,RISK-0005,7.0,20001001,,674116.0000000001,0.0,674116.0000000001,High,,674116.0000000001,Unknown,"Operational risk event: Internal fraud caused by People in Retail banking located in Liaoning, Dalian."
425,RISK-0002,5.0,,,380000.0,0.0,380000.0,High,,380000.0,Unknown,"Operational risk event: Internal fraud caused by People in No business line located in Henan, Nanyang."
426,RISK-0002,5.0,20001001,,281486.0,0.0,281486.0,High,,281486.0,Unknown,"Operational risk event: Internal fraud caused by People in No business line located in Anhui, Ma'anshan."
427,RISK-0002,5.0,,,250000.0,0.0,250000.0,High,,250000.0,Unknown,"Operational risk event: Internal fraud caused by People in No business line located in Unknown province, Unknown city."
428,RISK-0002,5.0,,,270000.0,0.0,270000.0,High,,270000.0,Unknown,"Operational risk event: Internal fraud caused by People in No business line located in Beijing, Beijing."
429,RISK-0005,7.0,20030401,,610000.0,0.0,610000.0,High,,610000.0,Unknown,"Operational risk event: Internal fraud caused by People in Retail banking located in Hunan, Yiyang."
430,RISK-0005,7.0,20031101,,1500000.0,0.0,1500000.0,Critical,,1500000.0,Unknown,"Operational risk event: Internal fraud caused by People in Retail banking located in Sichuan, Chengdu."
431,RISK-0001,3.0,20031101,,10000000.0,0.0,10000000.0,Critical,,10000000.0,Unknown,"Operational risk event: Internal fraud caused by People in Commercial banking located in Henan, Zhengzhou."
432,RISK-0002,5.0,20030301,,8040000.0,0.0,8040000.0,Critical,,8040000.0,Unknown,"Operational risk event: Internal fraud caused by People in No business line located in Hubei, Enshi."
433,RISK-0005,7.0,,,100000.0,0.0,100000.0,Medium,,100000.0,Unknown,"Operational risk event: Internal fraud caused by People in Retail banking located in Heilongjiang, Unknown city."
434,RISK-0001,3.0,,,6750000.0,0.0,6750000.0,Critical,,6750000.0,Unknown,"Operational risk event: Internal fraud caused by People in Commercial banking located in Gansu, Unknown city."
435,RISK-0003,6.0,,,10650000.0,0.0,10650000.0,Critical,,10650000.0,Unknown,"Operational risk event: Internal fraud caused by People in Payment and settlement located in Heilongjiang, Harbin."
436,RISK-0005,7.0,20020501,,7030000.0,0.0,7030000.0,Critical,,7030000.0,Unknown,"Operational risk event: Internal fraud caused by People in Retail banking located in Heilongjiang, Harbin."
437,RISK-0005,7.0,20020801,,2920000.0,0.0,2920000.0,Critical,,2920000.0,Unknown,"Operational risk event: Internal fraud caused by People in Retail banking located in Guangdong, Guangzhou."
438,RISK-0003,6.0,20040301,,30000000.0,0.0,30000000.0,Critical,,30000000.0,Unknown,"Operational risk event: Internal fraud caused by People in Payment and settlement located in Shandong, Zaozhuang."
439,RISK-0005,7.0,20040801,,500000.0,0.0,500000.0,High,,500000.0,Unknown,"Operational risk event: Internal fraud caused by People in Retail banking located in Heilongjiang, Harbin."
440,RISK-0005,7.0,,,26000000.0,0.0,26000000.0,Critical,,26000000.0,Unknown,"Operational risk event: Internal fraud caused by People in Retail banking located in Zhejiang, Ningbo."
441,RISK-0001,3.0,,,64000000.0,0.0,64000000.0,Critical,,64000000.0,Unknown,"Operational risk event: Internal fraud caused by People in Commercial banking located in Shanghai, Shanghai."
442,RISK-0029,3.0,,,89700.0,0.0,89700.0,Medium,,89700.0,Unknown,"Operational risk event: Execution, delivery & process management caused by People in Commercial banking located in Jiangsu, Huaian."
443,RISK-0001,3.0,,,6922000.0,0.0,6922000.0,Critical,,6922000.0,Unknown,"Operational risk event: Internal fraud caused by People in Commercial banking located in Shanxi, Yangquan."
444,RISK-0002,5.0,,,1600000.0,0.0,1600000.0,Critical,,1600000.0,Unknown,"Operational risk event: Internal fraud caused by People in No business line located in Guizhou, Zunyi."
445,RISK-0002,5.0,20040601,,1400000.0,0.0,1400000.0,Critical,,1400000.0,Unknown,"Operational risk event: Internal fraud caused by People in No business line located in Jilin, Siping."
446,RISK-0005,7.0,20040801,,13600000.0,0.0,13600000.0,Critical,,13600000.0,Unknown,"Operational risk event: Internal fraud caused by People in Retail banking located in Shandong, Linyi."
447,RISK-0002,5.0,,,145000000.0,0.0,145000000.0,Critical,,145000000.0,Unknown,"Operational risk event: Internal fraud caused by People in No business line located in Xinjiang, Hami."
448,RISK-0001,3.0,,,298000000.0,0.0,298000000.0,Critical,,298000000.0,Unknown,"Operational risk event: Internal fraud caused by People in Commercial banking located in Xinjiang, Hami."
449,RISK-0001,3.0,,,26000000.0,0.0,26000000.0,Critical,,26000000.0,Unknown,"Operational risk event: Internal fraud caused by People in Commercial banking located in Zhejiang, Hangzhou."
450,RISK-0001,3.0,20040801,,734924.74,0.0,734924.74,High,,734924.74,Unknown,"Operational risk event: Internal fraud caused by People in Commercial banking located in Anhui, Chizhou."
451,RISK-0008,9.0,20000201,,7960000.0,0.0,7960000.0,Critical,,7960000.0,Unknown,"Operational risk event: Internal fraud caused by People in Trading & sales located in Gansu, Lanzhou."
452,RISK-0005,7.0,19991001,,1222110.92,0.0,1222110.92,Critical,,1222110.92,Unknown,"Operational risk event: Internal fraud caused by People in Retail banking located in Inner mongolia, Bayannur."
453,RISK-0005,7.0,,,683940.0,0.0,683940.0,High,,683940.0,Unknown,"Operational risk event: Internal fraud caused by People in Retail banking located in Inner mongolia, Bayannur."
454,RISK-0005,7.0,,,200000.0,0.0,200000.0,Medium,,200000.0,Unknown,"Operational risk event: Internal fraud caused by People in Retail banking located in Shandong, Weifang."
455,RISK-0001,3.0,20030401,,2521700000.0,0.0,2521700000.0,Critical,,2521700000.0,Unknown,"Operational risk event: Internal fraud caused by People in Commercial banking located in Jilin, Changchun."
456,RISK-0005,7.0,,,330000.0,0.0,330000.0,High,,330000.0,Unknown,"Operational risk event: Internal fraud caused by People in Retail banking located in Chongqing, Chongqing."
457,RISK-0001,3.0,20040901,,795000.0,0.0,795000.0,High,,795000.0,Unknown,"Operational risk event: Internal fraud caused by People in Commercial banking located in Chongqing, Chongqing."
458,RISK-0005,7.0,20040701,,1000000.0,0.0,1000000.0,Critical,,1000000.0,Unknown,"Operational risk event: Internal fraud caused by People in Retail banking located in Henan, Kaifeng."
459,RISK-0001,3.0,20010601,,3500000.0,0.0,3500000.0,Critical,,3500000.0,Unknown,"Operational risk event: Internal fraud caused by People in Commercial banking located in Beijing, Beijing."
460,RISK-0005,7.0,,,750000.0,0.0,750000.0,High,,750000.0,Unknown,"Operational risk event: Internal fraud caused by People in Retail banking located in Guangdong, Shenzhen."
461,RISK-0001,3.0,,,74430000.0,0.0,74430000.0,Critical,,74430000.0,Unknown,"Operational risk event: Internal fraud caused by People in Commercial banking located in Hebei, Chengde."
462,RISK-0001,3.0,19980101,,48000000.0,0.0,48000000.0,Critical,,48000000.0,Unknown,"Operational risk event: Internal fraud caused by People in Commercial banking located in Guangdong, Guangzhou."
463,RISK-0003,6.0,20030401,,100000000.0,0.0,100000000.0,Critical,,100000000.0,Unknown,"Operational risk event: Internal fraud caused by People in Payment and settlement located in Henan, Nanyang."
464,RISK-0032,1.0,,,3361000.0,0.0,3361000.0,Critical,,3361000.0,Unknown,"Operational risk event: Internal fraud caused by People in Agency services located in Inner mongolia, Hohhot."
465,RISK-0002,5.0,20030101,,196205000.0,0.0,196205000.0,Critical,,196205000.0,Unknown,"Operational risk event: Internal fraud caused by People in No business line located in Xinjiang, Bortala."
466,RISK-0001,3.0,20040401,,7100000.0,0.0,7100000.0,Critical,,7100000.0,Unknown,"Operational risk event: Internal fraud caused by People in Commercial banking located in Gansu, Lanzhou."
467,RISK-0002,5.0,19950701,,130603400.0,0.0,130603400.0,Critical,,130603400.0,Unknown,"Operational risk event: Internal fraud caused by People in No business line located in Jiangxi, Ganzhou."
468,RISK-0005,7.0,20040601,,285000.0,0.0,285000.0,High,,285000.0,Unknown,"Operational risk event: Internal fraud caused by People in Retail banking located in Henan, Zhengzhou."
469,RISK-0001,3.0,20041101,,5000000.0,0.0,5000000.0,Critical,,5000000.0,Unknown,"Operational risk event: Internal fraud caused by People in Commercial banking located in Hunan, Shaoyang."
470,RISK-0002,5.0,,,13150000.0,0.0,13150000.0,Critical,,13150000.0,Unknown,"Operational risk event: Internal fraud caused by People in No business line located in Heilongjiang, Harbin."
471,RISK-0001,3.0,20010101,,550000000.0,0.0,550000000.0,Critical,,550000000.0,Unknown,"Operational risk event: Internal fraud caused by People in Commercial banking located in Hunan, Changsha."
472,RISK-0001,3.0,20010501,,5170000.0,0.0,5170000.0,Critical,,5170000.0,Unknown,"Operational risk event: Internal fraud caused by People in Commercial banking located in Shaanxi, Xi'an."
473,RISK-0005,7.0,,,1000000.0,0.0,1000000.0,Critical,,1000000.0,Unknown,"Operational risk event: Internal fraud caused by People in Retail banking located in Hubei, Xiangyang."
474,RISK-0005,7.0,,,9337400.0,0.0,9337400.0,Critical,,9337400.0,Unknown,"Operational risk event: Internal fraud caused by People in Retail banking located in Heilongjiang, Harbin."
475,RISK-0001,3.0,,,3600000000.0,0.0,3600000000.0,Critical,,3600000000.0,Unknown,"Operational risk event: Internal fraud caused by People in Commercial banking located in Heilongjiang, Harbin."
476,RISK-0002,5.0,20040901,,13940000.0,0.0,13940000.0,Critical,,13940000.0,Unknown,"Operational risk event: Internal fraud caused by People in No business line located in Guangdong, Dongguan."
477,RISK-0005,7.0,20001201,,44100000.0,0.0,44100000.0,Critical,,44100000.0,Unknown,"Operational risk event: Internal fraud caused by People in Retail banking located in Heilongjiang, Suihua."
478,RISK-0005,7.0,20020401,,5975000.0,0.0,5975000.0,Critical,,5975000.0,Unknown,"Operational risk event: Internal fraud caused by People in Retail banking located in Anhui, Xuancheng."
479,RISK-0005,7.0,20010101,,5600000.0,0.0,5600000.0,Critical,,5600000.0,Unknown,"Operational risk event: Internal fraud caused by People in Retail banking located in Heilongjiang, Suihua."
480,RISK-0005,7.0,,,58000.0,0.0,58000.0,Medium,,58000.0,Unknown,"Operational risk event: Internal fraud caused by People in Retail banking located in Hainan, Unknown city."
481,RISK-0005,7.0,20040201,,20000000.0,0.0,20000000.0,Critical,,20000000.0,Unknown,"Operational risk event: Internal fraud caused by People in Retail banking located in Jiangsu, Nanjing."
482,RISK-0005,7.0,20020801,,784000.0,0.0,784000.0,High,,784000.0,Unknown,"Operational risk event: Internal fraud caused by People in Retail banking located in Jiangxi, Pingxiang."
483,RISK-0005,7.0,20040301,,1140000.0,0.0,1140000.0,Critical,,1140000.0,Unknown,"Operational risk event: Internal fraud caused by People in Retail banking located in Hainan, Unknown city."
484,RISK-0005,7.0,,,142401.0,0.0,142401.0,Medium,,142401.0,Unknown,"Operational risk event: Internal fraud caused by People in Retail banking located in Guangxi, Baise."
485,RISK-0002,5.0,20050801,,3000000.0,0.0,3000000.0,Critical,,3000000.0,Unknown,"Operational risk event: Internal fraud caused by People in No business line located in Shandong, Yantai."
486,RISK-0005,7.0,19960501,,450000.0,0.0,450000.0,High,,450000.0,Unknown,"Operational risk event: Internal fraud caused by People in Retail banking located in Gansu, Wuwei."
487,RISK-0005,7.0,,,350000.0,0.0,350000.0,High,,350000.0,Unknown,"Operational risk event: Internal fraud caused by People in Retail banking located in Beijing, Beijing."
488,RISK-0005,7.0,19990401,,639880.0,0.0,639880.0,High,,639880.0,Unknown,"Operational risk event: Internal fraud caused by People in Retail banking located in Hunan, Zhuzhou."
489,RISK-0005,7.0,20050901,,300000.0,0.0,300000.0,High,,300000.0,Unknown,"Operational risk event: Internal fraud caused by People in Retail banking located in Shandong, Dezhou."
490,RISK-0001,3.0,20040501,,881124299.9999999,0.0,881124299.9999999,Critical,,881124299.9999999,Unknown,"Operational risk event: Internal fraud caused by People in Commercial banking located in Shanxi, Linfen."
491,RISK-0005,7.0,20030101,,1220000.0,0.0,1220000.0,Critical,,1220000.0,Unknown,"Operational risk event: Internal fraud caused by People in Retail banking located in Liaoning, Jinzhou."
492,RISK-0005,7.0,20051201,,2000000.0,0.0,2000000.0,Critical,,2000000.0,Unknown,"Operational risk event: Internal fraud caused by People in Retail banking located in Hebei, Cangzhou."
493,RISK-0005,7.0,,,1600000000.0,0.0,1600000000.0,Critical,,1600000000.0,Unknown,"Operational risk event: Internal fraud caused by People in Retail banking located in Beijing, Beijing."
494,RISK-0005,7.0,20050201,,2100000.0,0.0,2100000.0,Critical,,2100000.0,Unknown,"Operational risk event: Internal fraud caused by People in Retail banking located in Chongqing, Unknown city."
495,RISK-0001,3.0,20030501,,950000000.0,0.0,950000000.0,Critical,,950000000.0,Unknown,"Operational risk event: Internal fraud caused by People in Commercial banking located in Beijing, Beijing."
496,RISK-0001,3.0,20010401,,368000000.0,0.0,368000000.0,Critical,,368000000.0,Unknown,"Operational risk event: Internal fraud caused by People in Commercial banking located in Tibet, Unknown city."
497,RISK-0005,7.0,20050201,,10000000.0,0.0,10000000.0,Critical,,10000000.0,Unknown,"Operational risk event: Internal fraud caused by People in Retail banking located in Chongqing, Chongqing."
498,RISK-0005,7.0,20011201,,1151390.0,0.0,1151390.0,Critical,,1151390.0,Unknown,"Operational risk event: Internal fraud caused by People in Retail banking located in Hebei, Handan."
499,RISK-0003,6.0,,,149990000.0,0.0,149990000.0,Critical,,149990000.0,Unknown,"Operational risk event: Internal fraud caused by People in Payment and settlement located in Shanxi, Taiyuan."
500,RISK-0003,6.0,20010701,,146000000.0,0.0,146000000.0,Critical,,146000000.0,Unknown,"Operational risk event: Internal fraud caused by People in Payment and settlement located in Shanxi, Taiyuan."
501,RISK-0005,7.0,20040301,,4300000.0,0.0,4300000.0,Critical,,4300000.0,Unknown,"Operational risk event: Internal fraud caused by People in Retail banking located in Liaoning, Shenyang."
502,RISK-0003,6.0,20050901,,3000000.0,0.0,3000000.0,Critical,,3000000.0,Unknown,"Operational risk event: Internal fraud caused by People in Payment and settlement located in Hubei, Ezhou."
503,RISK-0001,3.0,20051101,,33500000.0,0.0,33500000.0,Critical,,33500000.0,Unknown,"Operational risk event: Internal fraud caused by People in Commercial banking located in Hunan, Yueyang."
504,RISK-0031,2.0,20030601,,73000000.0,0.0,73000000.0,Critical,,73000000.0,Unknown,"Operational risk event: Internal fraud caused by People in Asset management located in Jiangsu, Nanjing."
505,RISK-0009,7.0,20050101,,9000.0,0.0,9000.0,Low,,9000.0,Unknown,"Operational risk event: Execution, delivery & process management caused by People in Retail banking located in Zhejiang, Hangzhou."
506,RISK-0002,5.0,20050101,,1240000.0,0.0,1240000.0,Critical,,1240000.0,Unknown,"Operational risk event: Internal fraud caused by People in No business line located in Heilongjiang, Harbin."
507,RISK-0005,7.0,19991001,,776414982.0,0.0,776414982.0,Critical,,776414982.0,Unknown,"Operational risk event: Internal fraud caused by People in Retail banking located in Hunan, Zhuzhou."
508,RISK-0031,2.0,,,15800000.0,0.0,15800000.0,Critical,,15800000.0,Unknown,"Operational risk event: Internal fraud caused by People in Asset management located in Hunan, Changsha."
509,RISK-0005,7.0,,,325000.0,0.0,325000.0,High,,325000.0,Unknown,"Operational risk event: Internal fraud caused by People in Retail banking located in Hunan, Hengyang."
510,RISK-0005,7.0,,,580000.0,0.0,580000.0,High,,580000.0,Unknown,"Operational risk event: Internal fraud caused by People in Retail banking located in Hunan, Huaihua."
511,RISK-0002,5.0,,,120000000.0,0.0,120000000.0,Critical,,120000000.0,Unknown,"Operational risk event: Internal fraud caused by People in No business line located in Heilongjiang, Harbin."
512,RISK-0005,7.0,,,1000000.0,0.0,1000000.0,Critical,,1000000.0,Unknown,"Operational risk event: Internal fraud caused by People in Retail banking located in Henan, Pingdingshan."
513,RISK-0001,3.0,,,13100000.0,0.0,13100000.0,Critical,,13100000.0,Unknown,"Operational risk event: Internal fraud caused by People in Commercial banking located in Hainan, Haikou."
514,RISK-0003,6.0,20050601,,1400000.0,0.0,1400000.0,Critical,,1400000.0,Unknown,"Operational risk event: Internal fraud caused by People in Payment and settlement located in Hunan, Xiangtan."
515,RISK-0033,6.0,20020401,,2500000000.0,0.0,2500000000.0,Critical,,2500000000.0,Unknown,"Operational risk event: External fraud caused by People in Payment and settlement located in Liaoning, Shenyang."
516,RISK-0005,7.0,20060201,,40000.0,0.0,40000.0,Low,,40000.0,Unknown,"Operational risk event: Internal fraud caused by People in Retail banking located in Jiangsu, Yancheng."
517,RISK-0005,7.0,20050601,,108408.0,0.0,108408.0,Medium,,108408.0,Unknown,"Operational risk event: Internal fraud caused by People in Retail banking located in Fujian, Longyan."
518,RISK-0005,7.0,20060701,,256000.0,0.0,256000.0,High,,256000.0,Unknown,"Operational risk event: Internal fraud caused by People in Retail banking located in Hainan, Unknown city."
519,RISK-0005,7.0,20060701,,498000.0,0.0,498000.0,High,,498000.0,Unknown,"Operational risk event: Internal fraud caused by People in Retail banking located in Hubei, Xiangyang."
520,RISK-0005,7.0,20040801,,360000.0,0.0,360000.0,High,,360000.0,Unknown,"Operational risk event: Internal fraud caused by People in Retail banking located in Anhui, Huaibei."
521,RISK-0033,6.0,20060201,,20000000.0,0.0,20000000.0,Critical,,20000000.0,Unknown,"Operational risk event: External fraud caused by People in Payment and settlement located in Liaoning, Tieling."
522,RISK-0005,7.0,20050101,,152070000.0,0.0,152070000.0,Critical,,152070000.0,Unknown,"Operational risk event: Internal fraud caused by People in Retail banking located in Liaoning, Jinzhou."
523,RISK-0002,5.0,,,1120000.0,0.0,1120000.0,Critical,,1120000.0,Unknown,"Operational risk event: Internal fraud caused by People in No business line located in Heilongjiang, Jiamusi."
524,RISK-0001,3.0,,,95249500.0,0.0,95249500.0,Critical,,95249500.0,Unknown,"Operational risk event: Internal fraud caused by People in Commercial banking located in Hebei, Tangshan."
525,RISK-0002,5.0,20040301,,3318000000.0,0.0,3318000000.0,Critical,,3318000000.0,Unknown,"Operational risk event: Internal fraud caused by People in No business line located in Liaoning, Jinzhou."
526,RISK-0002,5.0,,,10000000.0,0.0,10000000.0,Critical,,10000000.0,Unknown,"Operational risk event: Internal fraud caused by People in No business line located in Inner mongolia, Hulun buir."
527,RISK-0005,7.0,,,2800000.0,0.0,2800000.0,Critical,,2800000.0,Unknown,"Operational risk event: Internal fraud caused by People in Retail banking located in Jiangxi, Jingdezhen."
528,RISK-0001,3.0,20040901,,570000000.0,0.0,570000000.0,Critical,,570000000.0,Unknown,"Operational risk event: Internal fraud caused by People in Commercial banking located in Jiangsu, Xuzhou."
529,RISK-0003,6.0,20030301,,914600000.0,0.0,914600000.0,Critical,,914600000.0,Unknown,"Operational risk event: Internal fraud caused by People in Payment and settlement located in Heilongjiang, Shuangyashan."
530,RISK-0009,7.0,20060101,,10000.0,0.0,10000.0,Low,,10000.0,Unknown,"Operational risk event: Execution, delivery & process management caused by People in Retail banking located in Hebei, Shijiazhuang."
531,RISK-0002,5.0,,,500000.0,0.0,500000.0,High,,500000.0,Unknown,"Operational risk event: Internal fraud caused by People in No business line located in Heilongjiang, Harbin."
532,RISK-0032,1.0,20040801,,3438500.0,0.0,3438500.0,Critical,,3438500.0,Unknown,"Operational risk event: Internal fraud caused by People in Agency services located in Guangdong, Shenzhen."
533,RISK-0001,3.0,20060601,,380000000.0,0.0,380000000.0,Critical,,380000000.0,Unknown,"Operational risk event: Internal fraud caused by People in Commercial banking located in Fujian, Fuzhou."
534,RISK-0005,7.0,,,30000.0,0.0,30000.0,Low,,30000.0,Unknown,"Operational risk event: Internal fraud caused by People in Retail banking located in Liaoning, Dalian."
535,RISK-0003,6.0,20040501,,700000.0,0.0,700000.0,High,,700000.0,Unknown,"Operational risk event: Internal fraud caused by People in Payment and settlement located in Heilongjiang, Harbin."
536,RISK-0005,7.0,20060401,,150000.0,0.0,150000.0,Medium,,150000.0,Unknown,"Operational risk event: Internal fraud caused by People in Retail banking located in Chongqing, Chongqing."
537,RISK-0002,5.0,20060501,,115050.0,0.0,115050.0,Medium,,115050.0,Unknown,"Operational risk event: Internal fraud caused by People in No business line located in Guangdong, Unknown city."
538,RISK-0002,5.0,20010501,,626900.0,0.0,626900.0,High,,626900.0,Unknown,"Operational risk event: Internal fraud caused by People in No business line located in Zhejiang, Ningbo."
539,RISK-0002,5.0,20051201,,2410000.0,0.0,2410000.0,Critical,,2410000.0,Unknown,"Operational risk event: Internal fraud caused by People in No business line located in Liaoning, Jinzhou."
540,RISK-0013,7.0,20021201,,5960000.0,0.0,5960000.0,Critical,,5960000.0,Unknown,"Operational risk event: Execution, delivery & process management caused by Process in Retail banking located in Hainan, Haikou."
541,RISK-0018,3.0,20040801,,126600.0,0.0,126600.0,Medium,,126600.0,Unknown,"Operational risk event: Execution, delivery & process management caused by Process in Commercial banking located in Jiangsu, Xuzhou."
542,RISK-0034,5.0,20041201,,30000.0,0.0,30000.0,Low,,30000.0,Unknown,"Operational risk event: Employment practices and workplace safety caused by Process in No business line located in Hubei, Jingmen."
543,RISK-0013,7.0,20051001,,129000000.0,0.0,129000000.0,Critical,,129000000.0,Unknown,"Operational risk event: Execution, delivery & process management caused by Process in Retail banking located in Shanghai, Shanghai."
544,RISK-0014,6.0,20050601,,9500000.0,0.0,9500000.0,Critical,,9500000.0,Unknown,"Operational risk event: Execution, delivery & process management caused by Process in Payment and settlement located in Beijing, Beijing."
545,RISK-0035,9.0,20050101,,2910600.0,0.0,2910600.0,Critical,,2910600.0,Unknown,"Operational risk event: Execution, delivery & process management caused by Process in Trading & sales located in Henan, Unknown city."
546,RISK-0018,3.0,20060601,,97000000.0,0.0,97000000.0,Critical,,97000000.0,Unknown,"Operational risk event: Execution, delivery & process management caused by Process in Commercial banking located in Hubei, Wuhan."
547,RISK-0036,6.0,20070301,,56828600.0,0.0,56828600.0,Critical,,56828600.0,Unknown,"Operational risk event: Internal fraud caused by Process in Payment and settlement located in Beijing, Unknown city."
548,RISK-0037,1.0,20060401,,270000.0,0.0,270000.0,High,,270000.0,Unknown,"Operational risk event: Execution, delivery & process management caused by Process in Agency services located in Shanghai, Shanghai."
549,RISK-0038,7.0,20040901,,300.0,0.0,300.0,Low,,300.0,Unknown,"Operational risk event: Clients, products & business practices caused by System in Retail banking located in Tianjin, Tianjin."
550,RISK-0019,7.0,20040401,,10900.0,0.0,10900.0,Low,,10900.0,Unknown,"Operational risk event: Business disruption and system failures caused by System in Retail banking located in Zhejiang, Hangzhou."
551,RISK-0020,7.0,20050401,,60000.0,0.0,60000.0,Medium,,60000.0,Unknown,"Operational risk event: External fraud caused by System in Retail banking located in Fujian, Xiamen."
552,RISK-0038,7.0,20050101,,160000.0,0.0,160000.0,Medium,,160000.0,Unknown,"Operational risk event: Clients, products & business practices caused by System in Retail banking located in Beijing, Beijing."
553,RISK-0039,5.0,20050701,,14000.0,0.0,14000.0,Low,,14000.0,Unknown,"Operational risk event: Employment practices and workplace safety caused by System in No business line located in Liaoning, Dandong."
554,RISK-0020,7.0,20050701,,62500.0,0.0,62500.0,Medium,,62500.0,Unknown,"Operational risk event: External fraud caused by System in Retail banking located in Fujian, Xiamen."
555,RISK-0019,7.0,20060401,,175000.0,0.0,175000.0,Medium,,175000.0,Unknown,"Operational risk event: Business disruption and system failures caused by System in Retail banking located in Guangdong, Guangzhou."
556,RISK-0025,7.0,,,3932400.0,0.0,3932400.0,Critical,,3932400.0,Unknown,"Operational risk event: External fraud caused by External event in Retail banking located in Chongqing, Chongqing."
557,RISK-0023,3.0,19991201,,110000000.0,0.0,110000000.0,Critical,,110000000.0,Unknown,"Operational risk event: External fraud caused by External event in Commercial banking located in Beijing, Beijing."
558,RISK-0027,7.0,,,90000.0,0.0,90000.0,Medium,,90000.0,Unknown,"Operational risk event: Damage to physical assets caused by External event in Retail banking located in Jilin, Changchun."
559,RISK-0028,7.0,20030201,,250000.0,0.0,250000.0,High,,250000.0,Unknown,"Operational risk event: Employment practices and workplace safety caused by External event in Retail banking located in Yunnan, Kunming."
560,RISK-0040,7.0,20030501,,3442.0,0.0,3442.0,Low,,3442.0,Unknown,"Operational risk event: Clients, products & business practices caused by External event in Retail banking located in Shanghai, Shanghai."
561,RISK-0025,7.0,20020601,,22700000.0,0.0,22700000.0,Critical,,22700000.0,Unknown,"Operational risk event: External fraud caused by External event in Retail banking located in Liaoning, Huludao."
562,RISK-0041,7.0,20030501,,10069.999999999998,0.0,10069.999999999998,Low,,10069.999999999998,Unknown,"Operational risk event: Execution, delivery & process management caused by External event in Retail banking located in Shanghai, Shanghai."
563,RISK-0025,7.0,20030401,,100000.0,0.0,100000.0,Medium,,100000.0,Unknown,"Operational risk event: External fraud caused by External event in Retail banking located in Liaoning, Jinzhou."
564,RISK-0024,6.0,20030401,,1482175.0,0.0,1482175.0,Critical,,1482175.0,Unknown,"Operational risk event: External fraud caused by External event in Payment and settlement located in Shanxi, Linfen."
565,RISK-0024,6.0,20020301,,10000000.0,0.0,10000000.0,Critical,,10000000.0,Unknown,"Operational risk event: External fraud caused by External event in Payment and settlement located in Shanxi, Linfen."
566,RISK-0025,7.0,20031201,,8000.0,0.0,8000.0,Low,,8000.0,Unknown,"Operational risk event: External fraud caused by External event in Retail banking located in Jiangsu, Wuxi."
567,RISK-0023,3.0,20000501,,3500000.0,0.0,3500000.0,Critical,,3500000.0,Unknown,"Operational risk event: External fraud caused by External event in Commercial banking located in Guizhou, Unknown city."
568,RISK-0026,5.0,,,400000.0,0.0,400000.0,High,,400000.0,Unknown,"Operational risk event: Damage to physical assets caused by External event in No business line located in Guangdong, Unknown city."
569,RISK-0025,7.0,20020801,,1423700.0,0.0,1423700.0,Critical,,1423700.0,Unknown,"Operational risk event: External fraud caused by External event in Retail banking located in Chongqing, Chongqing."
570,RISK-0025,7.0,20001001,,1990000.0,0.0,1990000.0,Critical,,1990000.0,Unknown,"Operational risk event: External fraud caused by External event in Retail banking located in Fujian, Xiamen."
571,RISK-0023,3.0,,,980000000.0,0.0,980000000.0,Critical,,980000000.0,Unknown,"Operational risk event: External fraud caused by External event in Commercial banking located in Shanghai, Shanghai."
572,RISK-0025,7.0,20030801,,7350000.0,0.0,7350000.0,Critical,,7350000.0,Unknown,"Operational risk event: External fraud caused by External event in Retail banking located in Beijing, Beijing."
573,RISK-0025,7.0,20030901,,5000000.0,0.0,5000000.0,Critical,,5000000.0,Unknown,"Operational risk event: External fraud caused by External event in Retail banking located in Beijing, Beijing."
574,RISK-0023,3.0,20020601,,89000000.0,0.0,89000000.0,Critical,,89000000.0,Unknown,"Operational risk event: External fraud caused by External event in Commercial banking located in Hongkong, Unknown city."
575,RISK-0042,3.0,,,6500000.0,0.0,6500000.0,Critical,,6500000.0,Unknown,"Operational risk event: Execution, delivery & process management caused by External event in Commercial banking located in Beijing, Beijing."
576,RISK-0025,7.0,20041201,,244800.0,0.0,244800.0,Medium,,244800.0,Unknown,"Operational risk event: External fraud caused by External event in Retail banking located in Beijing, Beijing."
577,RISK-0025,7.0,20010901,,349000.0,0.0,349000.0,High,,349000.0,Unknown,"Operational risk event: External fraud caused by External event in Retail banking located in Guangdong, Guangzhou."
578,RISK-0024,6.0,20040701,,1520000.0,0.0,1520000.0,Critical,,1520000.0,Unknown,"Operational risk event: External fraud caused by External event in Payment and settlement located in Shaanxi, Xi'an."
579,RISK-0023,3.0,20020901,,4570000.0,0.0,4570000.0,Critical,,4570000.0,Unknown,"Operational risk event: External fraud caused by External event in Commercial banking located in Fujian, Fuzhou."
580,RISK-0023,3.0,20031201,,700000000.0,0.0,700000000.0,Critical,,700000000.0,Unknown,"Operational risk event: External fraud caused by External event in Commercial banking located in Unknown province, Unknown city."
581,RISK-0025,7.0,20030801,,5461100.0,0.0,5461100.0,Critical,,5461100.0,Unknown,"Operational risk event: External fraud caused by External event in Retail banking located in Beijing, Beijing."
582,RISK-0025,7.0,20040301,,60000.0,0.0,60000.0,Medium,,60000.0,Unknown,"Operational risk event: External fraud caused by External event in Retail banking located in Liaoning, Dalian."
583,RISK-0026,5.0,,,2000.0,0.0,2000.0,Low,,2000.0,Unknown,"Operational risk event: Damage to physical assets caused by External event in No business line located in Fujian, Fuzhou."
584,RISK-0025,7.0,20040201,,50000.0,0.0,50000.0,Medium,,50000.0,Unknown,"Operational risk event: External fraud caused by External event in Retail banking located in Beijing, Beijing."
585,RISK-0025,7.0,,,6000.0,0.0,6000.0,Low,,6000.0,Unknown,"Operational risk event: External fraud caused by External event in Retail banking located in Sichuan, Leshan."
586,RISK-0025,7.0,20040301,,48000.0,0.0,48000.0,Low,,48000.0,Unknown,"Operational risk event: External fraud caused by External event in Retail banking located in Unknown province, Unknown city."
587,RISK-0024,6.0,20040101,,92640.0,0.0,92640.0,Medium,,92640.0,Unknown,"Operational risk event: External fraud caused by External event in Payment and settlement located in Shanghai, Shanghai."
588,RISK-0024,6.0,,,500000.0,0.0,500000.0,High,,500000.0,Unknown,"Operational risk event: External fraud caused by External event in Payment and settlement located in Zhejiang, Jinhua."
589,RISK-0025,7.0,20041101,,300000.0,0.0,300000.0,High,,300000.0,Unknown,"Operational risk event: External fraud caused by External event in Retail banking located in Fujian, Fuzhou."
590,RISK-0024,6.0,20030901,,2000000.0,0.0,2000000.0,Critical,,2000000.0,Unknown,"Operational risk event: External fraud caused by External event in Payment and settlement located in Jiangsu, Nanjing."
591,RISK-0025,7.0,20020501,,7380000.0,0.0,7380000.0,Critical,,7380000.0,Unknown,"Operational risk event: External fraud caused by External event in Retail banking located in Zhejiang, Unknown city."
592,RISK-0023,3.0,20010201,,17000000.0,0.0,17000000.0,Critical,,17000000.0,Unknown,"Operational risk event: External fraud caused by External event in Commercial banking located in Jiangsu, Nanjing."
593,RISK-0023,3.0,20040501,,13000000.0,0.0,13000000.0,Critical,,13000000.0,Unknown,"Operational risk event: External fraud caused by External event in Commercial banking located in Tianjin, Tianjin."
594,RISK-0023,3.0,19990901,,120000000.0,0.0,120000000.0,Critical,,120000000.0,Unknown,"Operational risk event: External fraud caused by External event in Commercial banking located in Hunan, Chenzhou."
595,RISK-0024,6.0,20040301,,275000000.0,0.0,275000000.0,Critical,,275000000.0,Unknown,"Operational risk event: External fraud caused by External event in Payment and settlement located in Shanghai, Shanghai."
596,RISK-0023,3.0,20041201,,653000000.0,0.0,653000000.0,Critical,,653000000.0,Unknown,"Operational risk event: External fraud caused by External event in Commercial banking located in Shandong, Unknown city."
597,RISK-0025,7.0,20040901,,25706.000000000004,0.0,25706.000000000004,Low,,25706.000000000004,Unknown,"Operational risk event: External fraud caused by External event in Retail banking located in Hainan, Unknown city."
598,RISK-0025,7.0,20070301,,6300.0,0.0,6300.0,Low,,6300.0,Unknown,"Operational risk event: External fraud caused by External event in Retail banking located in Anhui, Ma'anshan."
599,RISK-0025,7.0,20031201,,1000000.0,0.0,1000000.0,Critical,,1000000.0,Unknown,"Operational risk event: External fraud caused by External event in Retail banking located in Henan, Kaifeng."
600,RISK-0025,7.0,20041201,,15000.0,0.0,15000.0,Low,,15000.0,Unknown,"Operational risk event: External fraud caused by External event in Retail banking located in Hubei, Wuhan."
601,RISK-0025,7.0,20041101,,15000.0,0.0,15000.0,Low,,15000.0,Unknown,"Operational risk event: External fraud caused by External event in Retail banking located in Heilongjiang, Harbin."
602,RISK-0025,7.0,20041001,,3000000.0,0.0,3000000.0,Critical,,3000000.0,Unknown,"Operational risk event: External fraud caused by External event in Retail banking located in Guangdong, Dongguan."
603,RISK-0025,7.0,20030801,,410000.0,0.0,410000.0,High,,410000.0,Unknown,"Operational risk event: External fraud caused by External event in Retail banking located in Shanghai, Shanghai."
604,RISK-0026,5.0,20040901,,30000000.0,0.0,30000000.0,Critical,,30000000.0,Unknown,"Operational risk event: Damage to physical assets caused by External event in No business line located in Chongqing, Chongqing."
605,RISK-0025,7.0,20040201,,400000.0,0.0,400000.0,High,,400000.0,Unknown,"Operational risk event: External fraud caused by External event in Retail banking located in Tianjin, Tianjin."
606,RISK-0023,3.0,20040501,,4000000.0,0.0,4000000.0,Critical,,4000000.0,Unknown,"Operational risk event: External fraud caused by External event in Commercial banking located in Shandong, Qingdao."
607,RISK-0025,7.0,20000801,,349799.99999999994,0.0,349799.99999999994,High,,349799.99999999994,Unknown,"Operational risk event: External fraud caused by External event in Retail banking located in Guangdong, Foshan."
608,RISK-0043,2.0,20020701,,800000000.0,0.0,800000000.0,Critical,,800000000.0,Unknown,"Operational risk event: External fraud caused by External event in Asset management located in Liaoning, Huludao."
609,RISK-0025,7.0,20031001,,60000.0,0.0,60000.0,Medium,,60000.0,Unknown,"Operational risk event: External fraud caused by External event in Retail banking located in Shanghai, Shanghai."
610,RISK-0044,5.0,20050501,,1810000.0,0.0,1810000.0,Critical,,1810000.0,Unknown,"Operational risk event: External fraud caused by External event in No business line located in Jilin, Changchun."
611,RISK-0023,3.0,20040201,,5000000.0,0.0,5000000.0,Critical,,5000000.0,Unknown,"Operational risk event: External fraud caused by External event in Commercial banking located in Shaanxi, Ankang."
612,RISK-0025,7.0,20050601,,250000.0,0.0,250000.0,High,,250000.0,Unknown,"Operational risk event: External fraud caused by External event in Retail banking located in Gansu, Lanzhou."
613,RISK-0025,7.0,20050701,,20000.0,0.0,20000.0,Low,,20000.0,Unknown,"Operational risk event: External fraud caused by External event in Retail banking located in Shandong, Qingdao."
614,RISK-0023,3.0,20050301,,214530450.0,0.0,214530450.0,Critical,,214530450.0,Unknown,"Operational risk event: External fraud caused by External event in Commercial banking located in Shanghai, Shanghai."
615,RISK-0025,7.0,20050901,,840000.0,0.0,840000.0,High,,840000.0,Unknown,"Operational risk event: External fraud caused by External event in Retail banking located in Beijing, Beijing."
616,RISK-0025,7.0,20050801,,397000.0,0.0,397000.0,High,,397000.0,Unknown,"Operational risk event: External fraud caused by External event in Retail banking located in Shaanxi, Xi'an."
617,RISK-0023,3.0,,,70000000.0,0.0,70000000.0,Critical,,70000000.0,Unknown,"Operational risk event: External fraud caused by External event in Commercial banking located in Beijing, Beijing."
618,RISK-0023,3.0,20031001,,300000000.0,0.0,300000000.0,Critical,,300000000.0,Unknown,"Operational risk event: External fraud caused by External event in Commercial banking located in Hubei, Yichang."
619,RISK-0023,3.0,,,120000000.0,0.0,120000000.0,Critical,,120000000.0,Unknown,"Operational risk event: External fraud caused by External event in Commercial banking located in Sichuan, Chengdu."
620,RISK-0023,3.0,20051001,,240000000.0,0.0,240000000.0,Critical,,240000000.0,Unknown,"Operational risk event: External fraud caused by External event in Commercial banking located in Sichuan, Chengdu."
621,RISK-0023,3.0,,,5000000000.0,0.0,5000000000.0,Critical,,5000000000.0,Unknown,"Operational risk event: External fraud caused by External event in Commercial banking located in Shanghai, Shanghai."
622,RISK-0025,7.0,20060901,,12700.0,0.0,12700.0,Low,,12700.0,Unknown,"Operational risk event: External fraud caused by External event in Retail banking located in Shandong, Yantai."
623,RISK-0025,7.0,20060201,,15400.0,0.0,15400.0,Low,,15400.0,Unknown,"Operational risk event: External fraud caused by External event in Retail banking located in Jilin, Jilin."
624,RISK-0025,7.0,20060401,,7100.0,0.0,7100.0,Low,,7100.0,Unknown,"Operational risk event: External fraud caused by External event in Retail banking located in Zhejiang, Zhoushan."
625,RISK-0025,7.0,20060101,,250000.0,0.0,250000.0,High,,250000.0,Unknown,"Operational risk event: External fraud caused by External event in Retail banking located in Liaoning, Shenyang."
626,RISK-0023,3.0,20060601,,830000.0,0.0,830000.0,High,,830000.0,Unknown,"Operational risk event: External fraud caused by External event in Commercial banking located in Hubei, Wuhan."
627,RISK-0023,3.0,20060901,,990000.0,0.0,990000.0,High,,990000.0,Unknown,"Operational risk event: External fraud caused by External event in Commercial banking located in Shandong, Linyi."
628,RISK-0025,7.0,20061201,,100000.0,0.0,100000.0,Medium,,100000.0,Unknown,"Operational risk event: External fraud caused by External event in Retail banking located in Shaanxi, Xi'an."
629,RISK-0024,6.0,20051201,,860000.0,0.0,860000.0,High,,860000.0,Unknown,"Operational risk event: External fraud caused by External event in Payment and settlement located in Liaoning, Shenyang."
630,RISK-0024,6.0,20060401,,6000000.0,0.0,6000000.0,Critical,,6000000.0,Unknown,"Operational risk event: External fraud caused by External event in Payment and settlement located in Heilongjiang, Harbin."
631,RISK-0003,6.0,20060201,,19000000.0,0.0,19000000.0,Critical,,19000000.0,Unknown,"Operational risk event: Internal fraud caused by People in Payment and settlement located in Hunan, Changsha."
632,RISK-0003,6.0,20061001,,20000000.0,0.0,20000000.0,Critical,,20000000.0,Unknown,"Operational risk event: Internal fraud caused by People in Payment and settlement located in Hunan, Changsha."
633,RISK-0003,6.0,,,113000000.0,0.0,113000000.0,Critical,,113000000.0,Unknown,"Operational risk event: Internal fraud caused by People in Payment and settlement located in Shanxi, Taiyuan."
634,RISK-0003,6.0,20060901,,22000000.0,0.0,22000000.0,Critical,,22000000.0,Unknown,"Operational risk event: Internal fraud caused by People in Payment and settlement located in Shandong, Unknown city."
635,RISK-0005,7.0,,,5152720.000000001,0.0,5152720.000000001,Critical,,5152720.000000001,Unknown,"Operational risk event: Internal fraud caused by People in Retail banking located in Fujian, Quanzhou."
636,RISK-0032,1.0,20050701,,1680000.0,0.0,1680000.0,Critical,,1680000.0,Unknown,"Operational risk event: Internal fraud caused by People in Agency services located in Liaoning, Shenyang."
637,RISK-0002,5.0,20021101,,17000000.0,0.0,17000000.0,Critical,,17000000.0,Unknown,"Operational risk event: Internal fraud caused by People in No business line located in Heilongjiang, Harbin."
638,RISK-0030,1.0,,,94000.0,0.0,94000.0,Medium,,94000.0,Unknown,"Operational risk event: Execution, delivery & process management caused by People in Agency services located in Shandong, Laiwu."
639,RISK-0030,1.0,20060101,,100000.0,0.0,100000.0,Medium,,100000.0,Unknown,"Operational risk event: Execution, delivery & process management caused by People in Agency services located in Shandong, Rizhao."
640,RISK-0001,3.0,,,500000000.0,0.0,500000000.0,Critical,,500000000.0,Unknown,"Operational risk event: Internal fraud caused by People in Commercial banking located in Shandong, Yantai."
641,RISK-0003,6.0,20040401,,11100000.0,0.0,11100000.0,Critical,,11100000.0,Unknown,"Operational risk event: Internal fraud caused by People in Payment and settlement located in Zhejiang, Taizhou."
642,RISK-0005,7.0,20060701,,30000.0,0.0,30000.0,Low,,30000.0,Unknown,"Operational risk event: Internal fraud caused by People in Retail banking located in Shaanxi, Xi'an."
643,RISK-0005,7.0,20051201,,429600.0,0.0,429600.0,High,,429600.0,Unknown,"Operational risk event: Internal fraud caused by People in Retail banking located in Chongqing, Chongqing."
644,RISK-0002,5.0,20010101,,6700000.0,0.0,6700000.0,Critical,,6700000.0,Unknown,"Operational risk event: Internal fraud caused by People in No business line located in Henan, Zhengzhou."
645,RISK-0005,7.0,20050401,,42000000.0,0.0,42000000.0,Critical,,42000000.0,Unknown,"Operational risk event: Internal fraud caused by People in Retail banking located in Shanxi, Linfen."
646,RISK-0001,3.0,,,190000000.0,0.0,190000000.0,Critical,,190000000.0,Unknown,"Operational risk event: Internal fraud caused by People in Commercial banking located in Shanxi, Yuncheng."
647,RISK-0005,7.0,20020101,,5600000.0,0.0,5600000.0,Critical,,5600000.0,Unknown,"Operational risk event: Internal fraud caused by People in Retail banking located in Heilongjiang, Suihua."
648,RISK-0005,7.0,,,3200000.0,0.0,3200000.0,Critical,,3200000.0,Unknown,"Operational risk event: Internal fraud caused by People in Retail banking located in Hubei, Wuhan."
649,RISK-0002,5.0,,,22000000.0,0.0,22000000.0,Critical,,22000000.0,Unknown,"Operational risk event: Internal fraud caused by People in No business line located in Heilongjiang, Shuangyashan."
650,RISK-0002,5.0,19990301,,6000000.0,0.0,6000000.0,Critical,,6000000.0,Unknown,"Operational risk event: Internal fraud caused by People in No business line located in Heilongjiang, Harbin."
651,RISK-0005,7.0,,,9800000.0,0.0,9800000.0,Critical,,9800000.0,Unknown,"Operational risk event: Internal fraud caused by People in Retail banking located in Heilongjiang, Heihe."
652,RISK-0001,3.0,,,157250000.0,0.0,157250000.0,Critical,,157250000.0,Unknown,"Operational risk event: Internal fraud caused by People in Commercial banking located in Hebei, Baoding."
653,RISK-0009,7.0,20060601,,910000.0,0.0,910000.0,High,,910000.0,Unknown,"Operational risk event: Execution, delivery & process management caused by People in Retail banking located in Hunan, Chenzhou."
654,RISK-0005,7.0,,,1795200.0,0.0,1795200.0,Critical,,1795200.0,Unknown,"Operational risk event: Internal fraud caused by People in Retail banking located in Henan, Unknown city."
655,RISK-0005,7.0,20000401,,120000000.0,0.0,120000000.0,Critical,,120000000.0,Unknown,"Operational risk event: Internal fraud caused by People in Retail banking located in Guangdong, Foshan."
656,RISK-0001,3.0,20051201,,208000000.0,0.0,208000000.0,Critical,,208000000.0,Unknown,"Operational risk event: Internal fraud caused by People in Commercial banking located in Guangxi, Unknown city."
657,RISK-0001,3.0,,,3000000000.0,0.0,3000000000.0,Critical,,3000000000.0,Unknown,"Operational risk event: Internal fraud caused by People in Commercial banking located in Henan, Unknown city."
658,RISK-0005,7.0,,,3000000.0,0.0,3000000.0,Critical,,3000000.0,Unknown,"Operational risk event: Internal fraud caused by People in Retail banking located in Hubei, Jingmen."
659,RISK-0009,7.0,20060601,,30000.0,0.0,30000.0,Low,,30000.0,Unknown,"Operational risk event: Execution, delivery & process management caused by People in Retail banking located in Hunan, Yongzhou."
660,RISK-0005,7.0,,,500000.0,0.0,500000.0,High,,500000.0,Unknown,"Operational risk event: Internal fraud caused by People in Retail banking located in Tianjin, Tianjin."
661,RISK-0005,7.0,,,200000.0,0.0,200000.0,Medium,,200000.0,Unknown,"Operational risk event: Internal fraud caused by People in Retail banking located in Shandong, Binzhou."
662,RISK-0005,7.0,20011201,,18090000.0,0.0,18090000.0,Critical,,18090000.0,Unknown,"Operational risk event: Internal fraud caused by People in Retail banking located in Shandong, Heze."
663,RISK-0005,7.0,,,7670000.0,0.0,7670000.0,Critical,,7670000.0,Unknown,"Operational risk event: Internal fraud caused by People in Retail banking located in Henan, Zhumadian."
664,RISK-0005,7.0,20061101,,200000.0,0.0,200000.0,Medium,,200000.0,Unknown,"Operational risk event: Internal fraud caused by People in Retail banking located in Liaoning, Dalian."
665,RISK-0005,7.0,20060601,,900274.0,0.0,900274.0,High,,900274.0,Unknown,"Operational risk event: Internal fraud caused by People in Retail banking located in Hubei, Huangshi."
666,RISK-0003,6.0,20060701,,600000000.0,0.0,600000000.0,Critical,,600000000.0,Unknown,"Operational risk event: Internal fraud caused by People in Payment and settlement located in Shandong, Jinan."
667,RISK-0005,7.0,20060301,,3310000.0,0.0,3310000.0,Critical,,3310000.0,Unknown,"Operational risk event: Internal fraud caused by People in Retail banking located in Hubei, Wuhan."
668,RISK-0001,3.0,,,1796650000.0,0.0,1796650000.0,Critical,,1796650000.0,Unknown,"Operational risk event: Internal fraud caused by People in Commercial banking located in Guangdong, Foshan."
669,RISK-0003,6.0,20041101,,15570000.0,0.0,15570000.0,Critical,,15570000.0,Unknown,"Operational risk event: Internal fraud caused by People in Payment and settlement located in Guangdong, Guangzhou."
670,RISK-0005,7.0,,,2689000.0,0.0,2689000.0,Critical,,2689000.0,Unknown,"Operational risk event: Internal fraud caused by People in Retail banking located in Chongqing, Chongqing."
671,RISK-0001,3.0,20051001,,139900000.0,0.0,139900000.0,Critical,,139900000.0,Unknown,"Operational risk event: Internal fraud caused by People in Commercial banking located in Shanghai, Shanghai."
672,RISK-0009,7.0,20060901,,880000.0,0.0,880000.0,High,,880000.0,Unknown,"Operational risk event: Execution, delivery & process management caused by People in Retail banking located in Shanghai, Shanghai."
673,RISK-0005,7.0,20061001,,44000.0,0.0,44000.0,Low,,44000.0,Unknown,"Operational risk event: Internal fraud caused by People in Retail banking located in Jiangxi, Nanchang."
674,RISK-0002,5.0,20061101,,2600000.0,0.0,2600000.0,Critical,,2600000.0,Unknown,"Operational risk event: Internal fraud caused by People in No business line located in Hubei, Xiangyang."
675,RISK-0005,7.0,,,2406300.0,0.0,2406300.0,Critical,,2406300.0,Unknown,"Operational risk event: Internal fraud caused by People in Retail banking located in Henan, Shangqiu."
676,RISK-0003,6.0,20010501,,1555537.0,0.0,1555537.0,Critical,,1555537.0,Unknown,"Operational risk event: Internal fraud caused by People in Payment and settlement located in Hunan, Changsha."
677,RISK-0002,5.0,20040401,,110200000.0,0.0,110200000.0,Critical,,110200000.0,Unknown,"Operational risk event: Internal fraud caused by People in No business line located in Shanghai, Shanghai."
678,RISK-0029,3.0,20061001,,100000.0,0.0,100000.0,Medium,,100000.0,Unknown,"Operational risk event: Execution, delivery & process management caused by People in Commercial banking located in Shaanxi, Xi'an."
679,RISK-0001,3.0,20030101,,151860000.0,0.0,151860000.0,Critical,,151860000.0,Unknown,"Operational risk event: Internal fraud caused by People in Commercial banking located in Beijing, Unknown city."
680,RISK-0002,5.0,20060201,,56700000.0,0.0,56700000.0,Critical,,56700000.0,Unknown,"Operational risk event: Internal fraud caused by People in No business line located in Shandong, Jinan."
681,RISK-0006,6.0,20060701,,7740000.0,0.0,7740000.0,Critical,,7740000.0,Unknown,"Operational risk event: Execution, delivery & process management caused by People in Payment and settlement located in Zhejiang, Hangzhou."
682,RISK-0001,3.0,,,77400000.0,0.0,77400000.0,Critical,,77400000.0,Unknown,"Operational risk event: Internal fraud caused by People in Commercial banking located in Anhui, Lu'an."
683,RISK-0001,3.0,20041201,,146100000.0,0.0,146100000.0,Critical,,146100000.0,Unknown,"Operational risk event: Internal fraud caused by People in Commercial banking located in Henan, Zhoukou."
684,RISK-0003,6.0,,,200000000.0,0.0,200000000.0,Critical,,200000000.0,Unknown,"Operational risk event: Internal fraud caused by People in Payment and settlement located in Liaoning, Shenyang."
685,RISK-0005,7.0,20060301,,570000.0,0.0,570000.0,High,,570000.0,Unknown,"Operational risk event: Internal fraud caused by People in Retail banking located in Shaanxi, Yan'an."
686,RISK-0003,6.0,19980201,,30650000.0,0.0,30650000.0,Critical,,30650000.0,Unknown,"Operational risk event: Internal fraud caused by People in Payment and settlement located in Sichuan, Yibin."
687,RISK-0001,3.0,20000901,,899900000.0,0.0,899900000.0,Critical,,899900000.0,Unknown,"Operational risk event: Internal fraud caused by People in Commercial banking located in Liaoning, Dalian."
688,RISK-0001,3.0,,,865540000.0,0.0,865540000.0,Critical,,865540000.0,Unknown,"Operational risk event: Internal fraud caused by People in Commercial banking located in Heilongjiang, Harbin."
689,RISK-0002,5.0,,,262376700.0,0.0,262376700.0,Critical,,262376700.0,Unknown,"Operational risk event: Internal fraud caused by People in No business line located in Jilin, Changchun."
690,RISK-0001,3.0,,,15000000.0,0.0,15000000.0,Critical,,15000000.0,Unknown,"Operational risk event: Internal fraud caused by People in Commercial banking located in Gansu, Lanzhou."
691,RISK-0031,2.0,20061001,,50956049.99999999,0.0,50956049.99999999,Critical,,50956049.99999999,Unknown,"Operational risk event: Internal fraud caused by People in Asset management located in Hebei, Handan."
692,RISK-0001,3.0,,,30000000.0,0.0,30000000.0,Critical,,30000000.0,Unknown,"Operational risk event: Internal fraud caused by People in Commercial banking located in Beijing, Beijing."
693,RISK-0001,3.0,20071201,,40000000.0,0.0,40000000.0,Critical,,40000000.0,Unknown,"Operational risk event: Internal fraud caused by People in Commercial banking located in Guangdong, Shenzhen."
694,RISK-0003,6.0,20060501,,4750000.0,0.0,4750000.0,Critical,,4750000.0,Unknown,"Operational risk event: Internal fraud caused by People in Payment and settlement located in Hubei, Jingmen."
695,RISK-0002,5.0,20060501,,26000000.0,0.0,26000000.0,Critical,,26000000.0,Unknown,"Operational risk event: Internal fraud caused by People in No business line located in Heilongjiang, Daqing."
696,RISK-0005,7.0,20020901,,796000.0,0.0,796000.0,High,,796000.0,Unknown,"Operational risk event: Internal fraud caused by People in Retail banking located in Guizhou, Guiyang."
697,RISK-0001,3.0,20070301,,1599900.0,0.0,1599900.0,Critical,,1599900.0,Unknown,"Operational risk event: Internal fraud caused by People in Commercial banking located in Shaanxi, Yulin."
698,RISK-0005,7.0,20050801,,1200000.0,0.0,1200000.0,Critical,,1200000.0,Unknown,"Operational risk event: Internal fraud caused by People in Retail banking located in Shandong, Linyi."
699,RISK-0001,3.0,,,400000000.0,0.0,400000000.0,Critical,,400000000.0,Unknown,"Operational risk event: Internal fraud caused by People in Commercial banking located in Liaoning, Huludao."
700,RISK-0032,1.0,20070101,,2300500.0,0.0,2300500.0,Critical,,2300500.0,Unknown,"Operational risk event: Internal fraud caused by People in Agency services located in Gansu, Lanzhou."
701,RISK-0002,5.0,,,119000000.0,0.0,119000000.0,Critical,,119000000.0,Unknown,"Operational risk event: Internal fraud caused by People in No business line located in Hebei, Cangzhou."
702,RISK-0029,3.0,,,1325000000.0,0.0,1325000000.0,Critical,,1325000000.0,Unknown,"Operational risk event: Execution, delivery & process management caused by People in Commercial banking located in Shaanxi, Xi'an."
703,RISK-0005,7.0,,,910000.0,0.0,910000.0,High,,910000.0,Unknown,"Operational risk event: Internal fraud caused by People in Retail banking located in Hebei, Zhangjiakou."
704,RISK-0005,7.0,20070301,,4000000.0,0.0,4000000.0,Critical,,4000000.0,Unknown,"Operational risk event: Internal fraud caused by People in Retail banking located in Jiangsu, Nanjing."
705,RISK-0003,6.0,20051001,,292000000.0,0.0,292000000.0,Critical,,292000000.0,Unknown,"Operational risk event: Internal fraud caused by People in Payment and settlement located in Henan, Zhengzhou."
706,RISK-0002,5.0,20011201,,339425.0,0.0,339425.0,High,,339425.0,Unknown,"Operational risk event: Internal fraud caused by People in No business line located in Anhui, Huainan."
707,RISK-0005,7.0,20040401,,9139900.0,0.0,9139900.0,Critical,,9139900.0,Unknown,"Operational risk event: Internal fraud caused by People in Retail banking located in Zhejiang, Zhoushan."
708,RISK-0005,7.0,,,7097000.0,0.0,7097000.0,Critical,,7097000.0,Unknown,"Operational risk event: Internal fraud caused by People in Retail banking located in Heilongjiang, Qiqihar."
709,RISK-0005,7.0,20060401,,6150000.0,0.0,6150000.0,Critical,,6150000.0,Unknown,"Operational risk event: Internal fraud caused by People in Retail banking located in Hubei, Unknown city."
710,RISK-0005,7.0,,,850000.0,0.0,850000.0,High,,850000.0,Unknown,"Operational risk event: Internal fraud caused by People in Retail banking located in Hubei, Ezhou."
711,RISK-0005,7.0,20010501,,8502000.0,0.0,8502000.0,Critical,,8502000.0,Unknown,"Operational risk event: Internal fraud caused by People in Retail banking located in Jiangxi, Ganzhou."
712,RISK-0005,7.0,20070701,,80000.0,0.0,80000.0,Medium,,80000.0,Unknown,"Operational risk event: Internal fraud caused by People in Retail banking located in Henan, Anyang."
713,RISK-0031,2.0,,,3917939.53,0.0,3917939.53,Critical,,3917939.53,Unknown,"Operational risk event: Internal fraud caused by People in Asset management located in Yunnan, Diqing."
714,RISK-0002,5.0,20070701,,13900000.0,0.0,13900000.0,Critical,,13900000.0,Unknown,"Operational risk event: Internal fraud caused by People in No business line located in Henan, Luoyang."
715,RISK-0002,5.0,20070101,,11600000.0,0.0,11600000.0,Critical,,11600000.0,Unknown,"Operational risk event: Internal fraud caused by People in No business line located in Henan, Sanmenxia."
716,RISK-0005,7.0,,,5558700.0,0.0,5558700.0,Critical,,5558700.0,Unknown,"Operational risk event: Internal fraud caused by People in Retail banking located in Henan, Shangqiu."
717,RISK-0002,5.0,,,1180000.0,0.0,1180000.0,Critical,,1180000.0,Unknown,"Operational risk event: Internal fraud caused by People in No business line located in Henan, Zhoukou."
718,RISK-0005,7.0,,,34000000.0,0.0,34000000.0,Critical,,34000000.0,Unknown,"Operational risk event: Internal fraud caused by People in Retail banking located in Henan, Anyang."
719,RISK-0005,7.0,20071201,,40000000.0,0.0,40000000.0,Critical,,40000000.0,Unknown,"Operational risk event: Internal fraud caused by People in Retail banking located in Henan, Shangqiu."
720,RISK-0005,7.0,,,140000.0,0.0,140000.0,Medium,,140000.0,Unknown,"Operational risk event: Internal fraud caused by People in Retail banking located in Shanghai, Shanghai."
721,RISK-0005,7.0,20070601,,537000.0,0.0,537000.0,High,,537000.0,Unknown,"Operational risk event: Internal fraud caused by People in Retail banking located in Shanxi, Yuncheng."
722,RISK-0005,7.0,20050501,,73000000.0,0.0,73000000.0,Critical,,73000000.0,Unknown,"Operational risk event: Internal fraud caused by People in Retail banking located in Shanxi, Linfen."
723,RISK-0001,3.0,20060401,,285000000.0,0.0,285000000.0,Critical,,285000000.0,Unknown,"Operational risk event: Internal fraud caused by People in Commercial banking located in Inner mongolia, Xing'an league."
724,RISK-0001,3.0,20061001,,600000000.0,0.0,600000000.0,Critical,,600000000.0,Unknown,"Operational risk event: Internal fraud caused by People in Commercial banking located in Heilongjiang, Harbin."
725,RISK-0001,3.0,,,112000000.0,0.0,112000000.0,Critical,,112000000.0,Unknown,"Operational risk event: Internal fraud caused by People in Commercial banking located in Liaoning, Dandong."
726,RISK-0001,3.0,,,270000000.0,0.0,270000000.0,Critical,,270000000.0,Unknown,"Operational risk event: Internal fraud caused by People in Commercial banking located in Liaoning, Panjin."
727,RISK-0001,3.0,,,200000000.0,0.0,200000000.0,Critical,,200000000.0,Unknown,"Operational risk event: Internal fraud caused by People in Commercial banking located in Liaoning, Dandong."
728,RISK-0005,7.0,20070901,,30000.0,0.0,30000.0,Low,,30000.0,Unknown,"Operational risk event: Internal fraud caused by People in Retail banking located in Henan, Unknown city."
729,RISK-0005,7.0,20050801,,78800.0,0.0,78800.0,Medium,,78800.0,Unknown,"Operational risk event: Internal fraud caused by People in Retail banking located in Guangdong, Guangzhou."
730,RISK-0001,3.0,20060801,,2000000000.0,0.0,2000000000.0,Critical,,2000000000.0,Unknown,"Operational risk event: Internal fraud caused by People in Commercial banking located in Hongkong, Unknown city."
731,RISK-0001,3.0,20071101,,2500000.0,0.0,2500000.0,Critical,,2500000.0,Unknown,"Operational risk event: Internal fraud caused by People in Commercial banking located in Chongqing, Chongqing."
732,RISK-0005,7.0,,,1000000.0,0.0,1000000.0,Critical,,1000000.0,Unknown,"Operational risk event: Internal fraud caused by People in Retail banking located in Jiangsu, Lianyungang."
733,RISK-0005,7.0,20070301,,15000.0,0.0,15000.0,Low,,15000.0,Unknown,"Operational risk event: Internal fraud caused by People in Retail banking located in Chongqing, Unknown city."
734,RISK-0005,7.0,20060901,,12600000.0,0.0,12600000.0,Critical,,12600000.0,Unknown,"Operational risk event: Internal fraud caused by People in Retail banking located in Guangdong, Shenzhen."
735,RISK-0005,7.0,,,149000000.0,0.0,149000000.0,Critical,,149000000.0,Unknown,"Operational risk event: Internal fraud caused by People in Retail banking located in Guangdong, Shenzhen."
736,RISK-0001,3.0,,,9800000000.0,0.0,9800000000.0,Critical,,9800000000.0,Unknown,"Operational risk event: Internal fraud caused by People in Commercial banking located in Guangdong, Guangzhou."
737,RISK-0005,7.0,20040701,,15292000.0,0.0,15292000.0,Critical,,15292000.0,Unknown,"Operational risk event: Internal fraud caused by People in Retail banking located in Shanxi, Linfen."
738,RISK-0005,7.0,20071201,,7000.0,0.0,7000.0,Low,,7000.0,Unknown,"Operational risk event: Internal fraud caused by People in Retail banking located in Yunnan, Kunming."
739,RISK-0005,7.0,20071001,,12100.0,0.0,12100.0,Low,,12100.0,Unknown,"Operational risk event: Internal fraud caused by People in Retail banking located in Guangxi, Laibin."
740,RISK-0002,5.0,20071101,,1300000.0,0.0,1300000.0,Critical,,1300000.0,Unknown,"Operational risk event: Internal fraud caused by People in No business line located in Yunnan, Zhaotong."
741,RISK-0005,7.0,20050801,,40000000.0,0.0,40000000.0,Critical,,40000000.0,Unknown,"Operational risk event: Internal fraud caused by People in Retail banking located in Liaoning, Dalian."
742,RISK-0005,7.0,20060601,,2120000.0,0.0,2120000.0,Critical,,2120000.0,Unknown,"Operational risk event: Internal fraud caused by People in Retail banking located in Shanghai, Unknown city."
743,RISK-0002,5.0,20070201,,1190000.0,0.0,1190000.0,Critical,,1190000.0,Unknown,"Operational risk event: Internal fraud caused by People in No business line located in Anhui, Lu'an."
744,RISK-0005,7.0,20060901,,17000000.0,0.0,17000000.0,Critical,,17000000.0,Unknown,"Operational risk event: Internal fraud caused by People in Retail banking located in Beijing, Unknown city."
745,RISK-0005,7.0,20071101,,2300000.0,0.0,2300000.0,Critical,,2300000.0,Unknown,"Operational risk event: Internal fraud caused by People in Retail banking located in Jilin, Tonghua."
746,RISK-0002,5.0,20071001,,960000.0,0.0,960000.0,High,,960000.0,Unknown,"Operational risk event: Internal fraud caused by People in No business line located in Heilongjiang, Shuangyashan."
747,RISK-0005,7.0,20070101,,1000000.0,0.0,1000000.0,Critical,,1000000.0,Unknown,"Operational risk event: Internal fraud caused by People in Retail banking located in Shanghai, Unknown city."
748,RISK-0031,2.0,20070601,,570000.0,0.0,570000.0,High,,570000.0,Unknown,"Operational risk event: Internal fraud caused by People in Asset management located in Hubei, Jingzhou."
749,RISK-0001,3.0,20070601,,12000000.0,0.0,12000000.0,Critical,,12000000.0,Unknown,"Operational risk event: Internal fraud caused by People in Commercial banking located in Sichuan, Dazhou."
750,RISK-0005,7.0,,,30000000.0,0.0,30000000.0,Critical,,30000000.0,Unknown,"Operational risk event: Internal fraud caused by People in Retail banking located in Jiangsu, Zhenjiang."
751,RISK-0002,5.0,20080301,,2500000.0,0.0,2500000.0,Critical,,2500000.0,Unknown,"Operational risk event: Internal fraud caused by People in No business line located in Gansu, Qingyang."
752,RISK-0003,6.0,,,1000000.0,0.0,1000000.0,Critical,,1000000.0,Unknown,"Operational risk event: Internal fraud caused by People in Payment and settlement located in Heilongjiang, Jiamusi."
753,RISK-0005,7.0,20080201,,1700000.0,0.0,1700000.0,Critical,,1700000.0,Unknown,"Operational risk event: Internal fraud caused by People in Retail banking located in Heilongjiang, Harbin."
754,RISK-0001,3.0,,,53000000.0,0.0,53000000.0,Critical,,53000000.0,Unknown,"Operational risk event: Internal fraud caused by People in Commercial banking located in Hubei, Wuhan."
755,RISK-0002,5.0,,,81100000.0,0.0,81100000.0,Critical,,81100000.0,Unknown,"Operational risk event: Internal fraud caused by People in No business line located in Hebei, Tangshan."
756,RISK-0002,5.0,,,20000000.0,0.0,20000000.0,Critical,,20000000.0,Unknown,"Operational risk event: Internal fraud caused by People in No business line located in Shanghai, Unknown city."
757,RISK-0003,6.0,20040301,,33859500.0,0.0,33859500.0,Critical,,33859500.0,Unknown,"Operational risk event: Internal fraud caused by People in Payment and settlement located in Guangdong, Shenzhen."
758,RISK-0005,7.0,20050701,,2470000.0,0.0,2470000.0,Critical,,2470000.0,Unknown,"Operational risk event: Internal fraud caused by People in Retail banking located in Henan, Zhengzhou."
759,RISK-0045,2.0,20051201,,3500000.0,0.0,3500000.0,Critical,,3500000.0,Unknown,"Operational risk event: Execution, delivery & process management caused by Process in Asset management located in Shandong, Dezhou."
760,RISK-0036,6.0,20060601,,190787510.0,0.0,190787510.0,Critical,,190787510.0,Unknown,"Operational risk event: Internal fraud caused by Process in Payment and settlement located in Jiangsu, Yancheng."
761,RISK-0018,3.0,20041201,,819000000.0,0.0,819000000.0,Critical,,819000000.0,Unknown,"Operational risk event: Execution, delivery & process management caused by Process in Commercial banking located in Henan, Unknown city."
762,RISK-0018,3.0,20051201,,110000000.0,0.0,110000000.0,Critical,,110000000.0,Unknown,"Operational risk event: Execution, delivery & process management caused by Process in Commercial banking located in Shanxi, Unknown city."
763,RISK-0018,3.0,,,600000000.0,0.0,600000000.0,Critical,,600000000.0,Unknown,"Operational risk event: Execution, delivery & process management caused by Process in Commercial banking located in Yunnan, Unknown city."
764,RISK-0013,7.0,20060801,,11125.0,0.0,11125.0,Low,,11125.0,Unknown,"Operational risk event: Execution, delivery & process management caused by Process in Retail banking located in Jiangsu, Xuzhou."
765,RISK-0045,2.0,20060401,,515000.0,0.0,515000.0,High,,515000.0,Unknown,"Operational risk event: Execution, delivery & process management caused by Process in Asset management located in Guangdong, Guangzhou."
766,RISK-0037,1.0,,,300000.0,0.0,300000.0,High,,300000.0,Unknown,"Operational risk event: Execution, delivery & process management caused by Process in Agency services located in Shanghai, Unknown city."
767,RISK-0014,6.0,20071201,,557000000.0,0.0,557000000.0,Critical,,557000000.0,Unknown,"Operational risk event: Execution, delivery & process management caused by Process in Payment and settlement located in Heilongjiang, Heihe."
768,RISK-0013,7.0,20060801,,7300.0,0.0,7300.0,Low,,7300.0,Unknown,"Operational risk event: Execution, delivery & process management caused by Process in Retail banking located in Shanghai, Shanghai."
769,RISK-0013,7.0,20070901,,10000.0,0.0,10000.0,Low,,10000.0,Unknown,"Operational risk event: Execution, delivery & process management caused by Process in Retail banking located in Liaoning, Shenyang."
770,RISK-0013,7.0,20070601,,3000.0,0.0,3000.0,Low,,3000.0,Unknown,"Operational risk event: Execution, delivery & process management caused by Process in Retail banking located in Jiangsu, Xuzhou."
771,RISK-0013,7.0,20070101,,20000.0,0.0,20000.0,Low,,20000.0,Unknown,"Operational risk event: Execution, delivery & process management caused by Process in Retail banking located in Shaanxi, Xianyang."
772,RISK-0014,6.0,20060601,,300000.0,0.0,300000.0,High,,300000.0,Unknown,"Operational risk event: Execution, delivery & process management caused by Process in Payment and settlement located in Henan, Zhengzhou."
773,RISK-0013,7.0,20070301,,210000.0,0.0,210000.0,Medium,,210000.0,Unknown,"Operational risk event: Execution, delivery & process management caused by Process in Retail banking located in Beijing, Unknown city."
774,RISK-0013,7.0,20070201,,160000.0,0.0,160000.0,Medium,,160000.0,Unknown,"Operational risk event: Execution, delivery & process management caused by Process in Retail banking located in Beijing, Unknown city."
775,RISK-0014,6.0,20070801,,20000.0,0.0,20000.0,Low,,20000.0,Unknown,"Operational risk event: Execution, delivery & process management caused by Process in Payment and settlement located in Henan, Zhoukou."
776,RISK-0018,3.0,20060601,,30000000.0,0.0,30000000.0,Critical,,30000000.0,Unknown,"Operational risk event: Execution, delivery & process management caused by Process in Commercial banking located in Beijing, Unknown city."
777,RISK-0013,7.0,20070401,,100000.0,0.0,100000.0,Medium,,100000.0,Unknown,"Operational risk event: Execution, delivery & process management caused by Process in Retail banking located in Heilongjiang, Jixi."
778,RISK-0020,7.0,20070401,,99900.0,0.0,99900.0,Medium,,99900.0,Unknown,"Operational risk event: External fraud caused by System in Retail banking located in Anhui, Wuhu."
779,RISK-0020,7.0,20070101,,5000.0,0.0,5000.0,Low,,5000.0,Unknown,"Operational risk event: External fraud caused by System in Retail banking located in Guangdong, Shaoguan."
780,RISK-0020,7.0,20060401,,138500.0,0.0,138500.0,Medium,,138500.0,Unknown,"Operational risk event: External fraud caused by System in Retail banking located in Jiangsu, Suzhou."
781,RISK-0019,7.0,20070101,,579500.0,0.0,579500.0,High,,579500.0,Unknown,"Operational risk event: Business disruption and system failures caused by System in Retail banking located in Zhejiang, Ningbo."
782,RISK-0019,7.0,20070101,,5010.0,0.0,5010.0,Low,,5010.0,Unknown,"Operational risk event: Business disruption and system failures caused by System in Retail banking located in Guangdong, Shaoguan."
783,RISK-0020,7.0,20071201,,460000.0,0.0,460000.0,High,,460000.0,Unknown,"Operational risk event: External fraud caused by System in Retail banking located in Jiangsu, Nanjing."
784,RISK-0024,6.0,20060901,,2480000.0,0.0,2480000.0,Critical,,2480000.0,Unknown,"Operational risk event: External fraud caused by External event in Payment and settlement located in Ningxia, Yinchuan."
785,RISK-0025,7.0,20021201,,67000000.0,0.0,67000000.0,Critical,,67000000.0,Unknown,"Operational risk event: External fraud caused by External event in Retail banking located in Beijing, Beijing."
786,RISK-0025,7.0,20051001,,15080000.0,0.0,15080000.0,Critical,,15080000.0,Unknown,"Operational risk event: External fraud caused by External event in Retail banking located in Heilongjiang, Qiqihar."
787,RISK-0024,6.0,20060901,,600000000.0,0.0,600000000.0,Critical,,600000000.0,Unknown,"Operational risk event: External fraud caused by External event in Payment and settlement located in Shandong, Jinan."
788,RISK-0023,3.0,,,2000000000.0,0.0,2000000000.0,Critical,,2000000000.0,Unknown,"Operational risk event: External fraud caused by External event in Commercial banking located in Fujian, Xiamen."
789,RISK-0024,6.0,20060301,,11000000.0,0.0,11000000.0,Critical,,11000000.0,Unknown,"Operational risk event: External fraud caused by External event in Payment and settlement located in Sichuan, Chengdu."
790,RISK-0023,3.0,20060801,,1250000.0,0.0,1250000.0,Critical,,1250000.0,Unknown,"Operational risk event: External fraud caused by External event in Commercial banking located in Zhejiang, Wenzhou."
791,RISK-0024,6.0,20060801,,119000.0,0.0,119000.0,Medium,,119000.0,Unknown,"Operational risk event: External fraud caused by External event in Payment and settlement located in Anhui, Anqing."
792,RISK-0025,7.0,20060501,,599000.0,0.0,599000.0,High,,599000.0,Unknown,"Operational risk event: External fraud caused by External event in Retail banking located in Henan, Pingdingshan."
793,RISK-0025,7.0,20061001,,80000.0,0.0,80000.0,Medium,,80000.0,Unknown,"Operational risk event: External fraud caused by External event in Retail banking located in Beijing, Beijing."
794,RISK-0023,3.0,,,3800000000.0,0.0,3800000000.0,Critical,,3800000000.0,Unknown,"Operational risk event: External fraud caused by External event in Commercial banking located in Zhejiang, Hangzhou."
795,RISK-0025,7.0,20061201,,250000.0,0.0,250000.0,High,,250000.0,Unknown,"Operational risk event: External fraud caused by External event in Retail banking located in Hubei, Wuhan."
796,RISK-0025,7.0,20061001,,500000.0,0.0,500000.0,High,,500000.0,Unknown,"Operational risk event: External fraud caused by External event in Retail banking located in Guangdong, Guangzhou."
797,RISK-0025,7.0,,,67000.0,0.0,67000.0,Medium,,67000.0,Unknown,"Operational risk event: External fraud caused by External event in Retail banking located in Fujian, Fuzhou."
798,RISK-0041,7.0,20060401,,90000.0,0.0,90000.0,Medium,,90000.0,Unknown,"Operational risk event: Execution, delivery & process management caused by External event in Retail banking located in Beijing, Beijing."
799,RISK-0025,7.0,20040301,,126170.0,0.0,126170.0,Medium,,126170.0,Unknown,"Operational risk event: External fraud caused by External event in Retail banking located in Fujian, Quanzhou."
800,RISK-0025,7.0,20061101,,120000.0,0.0,120000.0,Medium,,120000.0,Unknown,"Operational risk event: External fraud caused by External event in Retail banking located in Xinjiang, Urumqi."
801,RISK-0025,7.0,20060201,,110000.0,0.0,110000.0,Medium,,110000.0,Unknown,"Operational risk event: External fraud caused by External event in Retail banking located in Shanghai, Shanghai."
802,RISK-0025,7.0,20060801,,132000.0,0.0,132000.0,Medium,,132000.0,Unknown,"Operational risk event: External fraud caused by External event in Retail banking located in Chongqing, Chongqing."
803,RISK-0025,7.0,20060901,,41910.0,0.0,41910.0,Low,,41910.0,Unknown,"Operational risk event: External fraud caused by External event in Retail banking located in Jiangsu, Yangzhou."
804,RISK-0025,7.0,20060201,,1190000.0,0.0,1190000.0,Critical,,1190000.0,Unknown,"Operational risk event: External fraud caused by External event in Retail banking located in Guangdong, Guangzhou."
805,RISK-0025,7.0,20070901,,349000.0,0.0,349000.0,High,,349000.0,Unknown,"Operational risk event: External fraud caused by External event in Retail banking located in Henan, Xinxiang."
806,RISK-0023,3.0,,,200000000.0,0.0,200000000.0,Critical,,200000000.0,Unknown,"Operational risk event: External fraud caused by External event in Commercial banking located in Henan, Luohe."
807,RISK-0025,7.0,20070401,,60530.0,0.0,60530.0,Medium,,60530.0,Unknown,"Operational risk event: External fraud caused by External event in Retail banking located in Beijing, Beijing."
808,RISK-0024,6.0,,,10000000.0,0.0,10000000.0,Critical,,10000000.0,Unknown,"Operational risk event: External fraud caused by External event in Payment and settlement located in Zhejiang, Hangzhou."
809,RISK-0024,6.0,20060601,,19600000.0,0.0,19600000.0,Critical,,19600000.0,Unknown,"Operational risk event: External fraud caused by External event in Payment and settlement located in Jiangsu, Changzhou."
810,RISK-0025,7.0,20070901,,118840.0,0.0,118840.0,Medium,,118840.0,Unknown,"Operational risk event: External fraud caused by External event in Retail banking located in Jiangsu, Yancheng."
811,RISK-0025,7.0,20070301,,500000.0,0.0,500000.0,High,,500000.0,Unknown,"Operational risk event: External fraud caused by External event in Retail banking located in Jiangsu, Taizhou."
812,RISK-0025,7.0,20070401,,150000.0,0.0,150000.0,Medium,,150000.0,Unknown,"Operational risk event: External fraud caused by External event in Retail banking located in Qinghai, Xining."
813,RISK-0023,3.0,20070401,,100000000.0,0.0,100000000.0,Critical,,100000000.0,Unknown,"Operational risk event: External fraud caused by External event in Commercial banking located in Henan, Unknown city."
814,RISK-0023,3.0,,,400000000.0,0.0,400000000.0,Critical,,400000000.0,Unknown,"Operational risk event: External fraud caused by External event in Commercial banking located in Inner mongolia, Tongliao."
815,RISK-0025,7.0,20060901,,1270000.0,0.0,1270000.0,Critical,,1270000.0,Unknown,"Operational risk event: External fraud caused by External event in Retail banking located in Jilin, Baishan."
816,RISK-0025,7.0,20070701,,1137000.0,0.0,1137000.0,Critical,,1137000.0,Unknown,"Operational risk event: External fraud caused by External event in Retail banking located in Tianjin, Unknown city."
817,RISK-0025,7.0,20070601,,600000.0,0.0,600000.0,High,,600000.0,Unknown,"Operational risk event: External fraud caused by External event in Retail banking located in Yunnan, Unknown city."
818,RISK-0025,7.0,,,100000.0,0.0,100000.0,Medium,,100000.0,Unknown,"Operational risk event: External fraud caused by External event in Retail banking located in Beijing, Beijing."
819,RISK-0025,7.0,20080601,,19500.0,0.0,19500.0,Low,,19500.0,Unknown,"Operational risk event: External fraud caused by External event in Retail banking located in Zhejiang, Ningbo."
820,RISK-0025,7.0,20070901,,23060.0,0.0,23060.0,Low,,23060.0,Unknown,"Operational risk event: External fraud caused by External event in Retail banking located in Shaanxi, Xi'an."
821,RISK-0025,7.0,20071101,,48000.0,0.0,48000.0,Low,,48000.0,Unknown,"Operational risk event: External fraud caused by External event in Retail banking located in Guangdong, Foshan."
822,RISK-0025,7.0,,,30000.0,0.0,30000.0,Low,,30000.0,Unknown,"Operational risk event: External fraud caused by External event in Retail banking located in Shandong, Jinan."
823,RISK-0024,6.0,20070601,,10000000.0,0.0,10000000.0,Critical,,10000000.0,Unknown,"Operational risk event: External fraud caused by External event in Payment and settlement located in Hubei, Yichang."
824,RISK-0025,7.0,20070401,,80000.0,0.0,80000.0,Medium,,80000.0,Unknown,"Operational risk event: External fraud caused by External event in Retail banking located in Fujian, Fuzhou."
825,RISK-0024,6.0,20070101,,2700000.0,0.0,2700000.0,Critical,,2700000.0,Unknown,"Operational risk event: External fraud caused by External event in Payment and settlement located in Sichuan, Chengdu."
826,RISK-0025,7.0,20071201,,460000.0,0.0,460000.0,High,,460000.0,Unknown,"Operational risk event: External fraud caused by External event in Retail banking located in Jiangsu, Nanjing."
827,RISK-0025,7.0,20071101,,188000.0,0.0,188000.0,Medium,,188000.0,Unknown,"Operational risk event: External fraud caused by External event in Retail banking located in Zhejiang, Jinhua."
828,RISK-0025,7.0,20070101,,14500.0,0.0,14500.0,Low,,14500.0,Unknown,"Operational risk event: External fraud caused by External event in Retail banking located in Guangdong, Guangzhou."
829,RISK-0024,6.0,20060801,,138000.0,0.0,138000.0,Medium,,138000.0,Unknown,"Operational risk event: External fraud caused by External event in Payment and settlement located in Fujian, Xiamen."
830,RISK-0025,7.0,20050801,,154750.0,0.0,154750.0,Medium,,154750.0,Unknown,"Operational risk event: External fraud caused by External event in Retail banking located in Shanghai, Unknown city."
831,RISK-0025,7.0,20060701,,1200000.0,0.0,1200000.0,Critical,,1200000.0,Unknown,"Operational risk event: External fraud caused by External event in Retail banking located in Jiangsu, Wuxi."
832,RISK-0025,7.0,20071201,,40130.0,0.0,40130.0,Low,,40130.0,Unknown,"Operational risk event: External fraud caused by External event in Retail banking located in Henan, Zhengzhou."
833,RISK-0025,7.0,20070901,,349000.0,0.0,349000.0,High,,349000.0,Unknown,"Operational risk event: External fraud caused by External event in Retail banking located in Henan, Xinxiang."
834,RISK-0025,7.0,20071101,,31944.0,0.0,31944.0,Low,,31944.0,Unknown,"Operational risk event: External fraud caused by External event in Retail banking located in Jiangxi, Xinyu."
835,RISK-0025,7.0,,,166000.0,0.0,166000.0,Medium,,166000.0,Unknown,"Operational risk event: External fraud caused by External event in Retail banking located in Jiangsu, Nanjing."
836,RISK-0043,2.0,20070801,,100000.0,0.0,100000.0,Medium,,100000.0,Unknown,"Operational risk event: External fraud caused by External event in Asset management located in Tianjin, Unknown city."
837,RISK-0025,7.0,,,100000000.0,0.0,100000000.0,Critical,,100000000.0,Unknown,"Operational risk event: External fraud caused by External event in Retail banking located in Guangdong, Shenzhen."
838,RISK-0025,7.0,20061201,,220000.0,0.0,220000.0,Medium,,220000.0,Unknown,"Operational risk event: External fraud caused by External event in Retail banking located in Beijing, Unknown city."
839,RISK-0025,7.0,20070701,,1520000.0,0.0,1520000.0,Critical,,1520000.0,Unknown,"Operational risk event: External fraud caused by External event in Retail banking located in Hubei, Wuhan."
840,RISK-0025,7.0,20070401,,40773.0,0.0,40773.0,Low,,40773.0,Unknown,"Operational risk event: External fraud caused by External event in Retail banking located in Beijing, Unknown city."
841,RISK-0026,5.0,20070701,,20000000.0,0.0,20000000.0,Critical,,20000000.0,Unknown,"Operational risk event: Damage to physical assets caused by External event in No business line located in Chongqing, Unknown city."
842,RISK-0025,7.0,20070401,,100000.0,0.0,100000.0,Medium,,100000.0,Unknown,"Operational risk event: External fraud caused by External event in Retail banking located in Beijing, Unknown city."
843,RISK-0025,7.0,,,3000000.0,0.0,3000000.0,Critical,,3000000.0,Unknown,"Operational risk event: External fraud caused by External event in Retail banking located in Tianjin, Unknown city."
844,RISK-0025,7.0,20070101,,603500.0,0.0,603500.0,High,,603500.0,Unknown,"Operational risk event: External fraud caused by External event in Retail banking located in Shaanxi, Yulin."
845,RISK-0025,7.0,,,147000000.0,0.0,147000000.0,Critical,,147000000.0,Unknown,"Operational risk event: External fraud caused by External event in Retail banking located in Guangdong, Zhongshan."
846,RISK-0025,7.0,20080101,,1900000.0,0.0,1900000.0,Critical,,1900000.0,Unknown,"Operational risk event: External fraud caused by External event in Retail banking located in Guangdong, Shenzhen."
847,RISK-0023,3.0,20070301,,165000000.0,0.0,165000000.0,Critical,,165000000.0,Unknown,"Operational risk event: External fraud caused by External event in Commercial banking located in Guizhou, Guiyang."
848,RISK-0023,3.0,,,140000000.0,0.0,140000000.0,Critical,,140000000.0,Unknown,"Operational risk event: External fraud caused by External event in Commercial banking located in Zhejiang, Hangzhou."
849,RISK-0023,3.0,,,400000000.0,0.0,400000000.0,Critical,,400000000.0,Unknown,"Operational risk event: External fraud caused by External event in Commercial banking located in Beijing, Unknown city."
850,RISK-0023,3.0,20080601,,293000000.0,0.0,293000000.0,Critical,,293000000.0,Unknown,"Operational risk event: External fraud caused by External event in Commercial banking located in Shanghai, Unknown city."
851,RISK-0025,7.0,,,10000000.0,0.0,10000000.0,Critical,,10000000.0,Unknown,"Operational risk event: External fraud caused by External event in Retail banking located in Zhejiang, Wenzhou."
852,RISK-0025,7.0,,,1733300.0000000002,0.0,1733300.0000000002,Critical,,1733300.0000000002,Unknown,"Operational risk event: External fraud caused by External event in Retail banking located in Beijing, Unknown city."
853,RISK-0025,7.0,20071201,,8000000.0,0.0,8000000.0,Critical,,8000000.0,Unknown,"Operational risk event: External fraud caused by External event in Retail banking located in Liaoning, Dalian."
854,RISK-0025,7.0,20081201,,25467.0,0.0,25467.0,Low,,25467.0,Unknown,"Operational risk event: External fraud caused by External event in Retail banking located in Guangdong, Zhuhai."
855,RISK-0023,3.0,20050301,,125000000.0,0.0,125000000.0,Critical,,125000000.0,Unknown,"Operational risk event: External fraud caused by External event in Commercial banking located in Liaoning, Dalian."
856,RISK-0025,7.0,20070701,,22200.000000000004,0.0,22200.000000000004,Low,,22200.000000000004,Unknown,"Operational risk event: External fraud caused by External event in Retail banking located in Chongqing, Unknown city."
857,RISK-0023,3.0,,,310000000.0,0.0,310000000.0,Critical,,310000000.0,Unknown,"Operational risk event: External fraud caused by External event in Commercial banking located in Jiangsu, Unknown city."
858,RISK-0005,7.0,20060101,,839500.0,0.0,839500.0,High,,839500.0,Unknown,"Operational risk event: Internal fraud caused by People in Retail banking located in Anhui, Bengbu."
859,RISK-0002,5.0,,,1300000.0,0.0,1300000.0,Critical,,1300000.0,Unknown,"Operational risk event: Internal fraud caused by People in No business line located in Henan, Xinxiang."
860,RISK-0002,5.0,20070401,,45000000.0,0.0,45000000.0,Critical,,45000000.0,Unknown,"Operational risk event: Internal fraud caused by People in No business line located in Henan, Xinxiang."
861,RISK-0008,9.0,,,14000000.0,0.0,14000000.0,Critical,,14000000.0,Unknown,"Operational risk event: Internal fraud caused by People in Trading & sales located in Hubei, Jingzhou."
862,RISK-0001,3.0,20080101,,370000000.0,0.0,370000000.0,Critical,,370000000.0,Unknown,"Operational risk event: Internal fraud caused by People in Commercial banking located in Guangdong, Foshan."
863,RISK-0001,3.0,,,68700000.0,0.0,68700000.0,Critical,,68700000.0,Unknown,"Operational risk event: Internal fraud caused by People in Commercial banking located in Henan, Zhoukou."
864,RISK-0005,7.0,,,5000000.0,0.0,5000000.0,Critical,,5000000.0,Unknown,"Operational risk event: Internal fraud caused by People in Retail banking located in Henan, Anyang."
865,RISK-0005,7.0,20080201,,3846100.0,0.0,3846100.0,Critical,,3846100.0,Unknown,"Operational risk event: Internal fraud caused by People in Retail banking located in Shandong, Zibo."
866,RISK-0005,7.0,20080701,,23500000.0,0.0,23500000.0,Critical,,23500000.0,Unknown,"Operational risk event: Internal fraud caused by People in Retail banking located in Shandong, Taian."
867,RISK-0001,3.0,20060901,,266000000.0,0.0,266000000.0,Critical,,266000000.0,Unknown,"Operational risk event: Internal fraud caused by People in Commercial banking located in Jilin, Siping."
868,RISK-0001,3.0,,,328000000.0,0.0,328000000.0,Critical,,328000000.0,Unknown,"Operational risk event: Internal fraud caused by People in Commercial banking located in Liaoning, Dandong."
869,RISK-0001,3.0,,,400000000.0,0.0,400000000.0,Critical,,400000000.0,Unknown,"Operational risk event: Internal fraud caused by People in Commercial banking located in Liaoning, Panjin."
870,RISK-0001,3.0,,,299000000.0,0.0,299000000.0,Critical,,299000000.0,Unknown,"Operational risk event: Internal fraud caused by People in Commercial banking located in Sichuan, Neijiang."
871,RISK-0005,7.0,20061201,,442000.0,0.0,442000.0,High,,442000.0,Unknown,"Operational risk event: Internal fraud caused by People in Retail banking located in Hunan, Changsha."
872,RISK-0005,7.0,20080401,,250000.0,0.0,250000.0,High,,250000.0,Unknown,"Operational risk event: Internal fraud caused by People in Retail banking located in Sichuan, Guang'an."
873,RISK-0005,7.0,19981101,,326000.0,0.0,326000.0,High,,326000.0,Unknown,"Operational risk event: Internal fraud caused by People in Retail banking located in Henan, Zhumadian."
874,RISK-0001,3.0,20081201,,2600000.0,0.0,2600000.0,Critical,,2600000.0,Unknown,"Operational risk event: Internal fraud caused by People in Commercial banking located in Liaoning, Jinzhou."
875,RISK-0001,3.0,20081201,,5000000.0,0.0,5000000.0,Critical,,5000000.0,Unknown,"Operational risk event: Internal fraud caused by People in Commercial banking located in Zhejiang, Jinhua."
876,RISK-0009,7.0,20080701,,29700.000000000004,0.0,29700.000000000004,Low,,29700.000000000004,Unknown,"Operational risk event: Execution, delivery & process management caused by People in Retail banking located in Shaanxi, Unknown city."
877,RISK-0005,7.0,20080601,,602000.0,0.0,602000.0,High,,602000.0,Unknown,"Operational risk event: Internal fraud caused by People in Retail banking located in Anhui, Bengbu."
878,RISK-0005,7.0,20080601,,3250000.0,0.0,3250000.0,Critical,,3250000.0,Unknown,"Operational risk event: Internal fraud caused by People in Retail banking located in Hubei, Jingmen."
879,RISK-0005,7.0,20080801,,25000.0,0.0,25000.0,Low,,25000.0,Unknown,"Operational risk event: Internal fraud caused by People in Retail banking located in Guangdong, Foshan."
880,RISK-0005,7.0,20081001,,34000.0,0.0,34000.0,Low,,34000.0,Unknown,"Operational risk event: Internal fraud caused by People in Retail banking located in Fujian, Quanzhou."
881,RISK-0005,7.0,,,410000.0,0.0,410000.0,High,,410000.0,Unknown,"Operational risk event: Internal fraud caused by People in Retail banking located in Henan, Nanyang."
882,RISK-0005,7.0,20080101,,20000.0,0.0,20000.0,Low,,20000.0,Unknown,"Operational risk event: Internal fraud caused by People in Retail banking located in Beijing, Beijing."
883,RISK-0001,3.0,20080101,,20000000.0,0.0,20000000.0,Critical,,20000000.0,Unknown,"Operational risk event: Internal fraud caused by People in Commercial banking located in Hubei, Wuhan."
884,RISK-0005,7.0,20080801,,21000.0,0.0,21000.0,Low,,21000.0,Unknown,"Operational risk event: Internal fraud caused by People in Retail banking located in Guangdong, Foshan."
885,RISK-0005,7.0,20080301,,58900.0,0.0,58900.0,Medium,,58900.0,Unknown,"Operational risk event: Internal fraud caused by People in Retail banking located in Liaoning, Shenyang."
886,RISK-0001,3.0,20070201,,100000000.0,0.0,100000000.0,Critical,,100000000.0,Unknown,"Operational risk event: Internal fraud caused by People in Commercial banking located in Unknown province, Unknown city."
887,RISK-0005,7.0,20080801,,244200.00000000003,0.0,244200.00000000003,Medium,,244200.00000000003,Unknown,"Operational risk event: Internal fraud caused by People in Retail banking located in Shaanxi, Xi'an."
888,RISK-0009,7.0,20080701,,40700.0,0.0,40700.0,Low,,40700.0,Unknown,"Operational risk event: Execution, delivery & process management caused by People in Retail banking located in Sichuan, Chengdu."
889,RISK-0001,3.0,19961201,,52500000.0,0.0,52500000.0,Critical,,52500000.0,Unknown,"Operational risk event: Internal fraud caused by People in Commercial banking located in Liaoning, Panjin."
890,RISK-0005,7.0,,,260000.0,0.0,260000.0,High,,260000.0,Unknown,"Operational risk event: Internal fraud caused by People in Retail banking located in Hainan, Haikou."
891,RISK-0029,3.0,20081201,,220000000.0,0.0,220000000.0,Critical,,220000000.0,Unknown,"Operational risk event: Execution, delivery & process management caused by People in Commercial banking located in Liaoning, Chaoyang."
892,RISK-0005,7.0,20090601,,1000000.0,0.0,1000000.0,Critical,,1000000.0,Unknown,"Operational risk event: Internal fraud caused by People in Retail banking located in Jiangsu, Nantong."
893,RISK-0002,5.0,20090101,,880000.0,0.0,880000.0,High,,880000.0,Unknown,"Operational risk event: Internal fraud caused by People in No business line located in Anhui, Bozhou."
894,RISK-0002,5.0,20080301,,5000000.0,0.0,5000000.0,Critical,,5000000.0,Unknown,"Operational risk event: Internal fraud caused by People in No business line located in Yunnan, Lijiang."
895,RISK-0001,3.0,20061101,,11120000.0,0.0,11120000.0,Critical,,11120000.0,Unknown,"Operational risk event: Internal fraud caused by People in Commercial banking located in Yunnan, Lijiang."
896,RISK-0001,3.0,,,82170000.0,0.0,82170000.0,Critical,,82170000.0,Unknown,"Operational risk event: Internal fraud caused by People in Commercial banking located in Guangdong, Guangzhou."
897,RISK-0001,3.0,20090301,,27510000.0,0.0,27510000.0,Critical,,27510000.0,Unknown,"Operational risk event: Internal fraud caused by People in Commercial banking located in Shanghai, Unknown city."
898,RISK-0001,3.0,20080401,,460000000.0,0.0,460000000.0,Critical,,460000000.0,Unknown,"Operational risk event: Internal fraud caused by People in Commercial banking located in Beijing, Beijing."
899,RISK-0003,6.0,,,61000000.0,0.0,61000000.0,Critical,,61000000.0,Unknown,"Operational risk event: Internal fraud caused by People in Payment and settlement located in Shandong, Jinan."
900,RISK-0001,3.0,,,20000000.0,0.0,20000000.0,Critical,,20000000.0,Unknown,"Operational risk event: Internal fraud caused by People in Commercial banking located in Beijing, Beijing."
901,RISK-0001,3.0,20071201,,460000000.0,0.0,460000000.0,Critical,,460000000.0,Unknown,"Operational risk event: Internal fraud caused by People in Commercial banking located in Beijing, Beijing."
902,RISK-0008,9.0,,,2000000.0,0.0,2000000.0,Critical,,2000000.0,Unknown,"Operational risk event: Internal fraud caused by People in Trading & sales located in Shandong, Qingdao."
903,RISK-0005,7.0,20050501,,5160000.0,0.0,5160000.0,Critical,,5160000.0,Unknown,"Operational risk event: Internal fraud caused by People in Retail banking located in Shandong, Dongying."
904,RISK-0005,7.0,20071001,,4800000.0,0.0,4800000.0,Critical,,4800000.0,Unknown,"Operational risk event: Internal fraud caused by People in Retail banking located in Heilongjiang, Daqing."
905,RISK-0005,7.0,,,2700000.0,0.0,2700000.0,Critical,,2700000.0,Unknown,"Operational risk event: Internal fraud caused by People in Retail banking located in Gansu, Tianshui."
906,RISK-0005,7.0,20061001,,29426700.0,0.0,29426700.0,Critical,,29426700.0,Unknown,"Operational risk event: Internal fraud caused by People in Retail banking located in Henan, Shangqiu."
907,RISK-0002,5.0,20051201,,3380000.0,0.0,3380000.0,Critical,,3380000.0,Unknown,"Operational risk event: Internal fraud caused by People in No business line located in Henan, Shangqiu."
908,RISK-0002,5.0,,,7040000.0,0.0,7040000.0,Critical,,7040000.0,Unknown,"Operational risk event: Internal fraud caused by People in No business line located in Henan, Anyang."
909,RISK-0002,5.0,,,34000000.0,0.0,34000000.0,Critical,,34000000.0,Unknown,"Operational risk event: Internal fraud caused by People in No business line located in Henan, Anyang."
910,RISK-0002,5.0,,,6000000.0,0.0,6000000.0,Critical,,6000000.0,Unknown,"Operational risk event: Internal fraud caused by People in No business line located in Henan, Luohe."
911,RISK-0003,6.0,20071101,,10640000.0,0.0,10640000.0,Critical,,10640000.0,Unknown,"Operational risk event: Internal fraud caused by People in Payment and settlement located in Shanxi, Xinzhou."
912,RISK-0005,7.0,,,1500000.0,0.0,1500000.0,Critical,,1500000.0,Unknown,"Operational risk event: Internal fraud caused by People in Retail banking located in Anhui, Huaibei."
913,RISK-0032,1.0,20080101,,102300.0,0.0,102300.0,Medium,,102300.0,Unknown,"Operational risk event: Internal fraud caused by People in Agency services located in Shandong, Jinan."
914,RISK-0002,5.0,20070401,,6100000.0,0.0,6100000.0,Critical,,6100000.0,Unknown,"Operational risk event: Internal fraud caused by People in No business line located in Shaanxi, Tongchuan."
915,RISK-0001,3.0,20050401,,122000000.0,0.0,122000000.0,Critical,,122000000.0,Unknown,"Operational risk event: Internal fraud caused by People in Commercial banking located in Hunan, Changsha."
916,RISK-0001,3.0,20081101,,20000000.0,0.0,20000000.0,Critical,,20000000.0,Unknown,"Operational risk event: Internal fraud caused by People in Commercial banking located in Shanghai, Unknown city."
917,RISK-0005,7.0,,,268110.0,0.0,268110.0,High,,268110.0,Unknown,"Operational risk event: Internal fraud caused by People in Retail banking located in Fujian, Putian."
918,RISK-0005,7.0,20090301,,180000.0,0.0,180000.0,Medium,,180000.0,Unknown,"Operational risk event: Internal fraud caused by People in Retail banking located in Fujian, Putian."
919,RISK-0005,7.0,20091001,,432269.54,0.0,432269.54,High,,432269.54,Unknown,"Operational risk event: Internal fraud caused by People in Retail banking located in Zhejiang, Unknown city."
920,RISK-0005,7.0,20080301,,470000.0,0.0,470000.0,High,,470000.0,Unknown,"Operational risk event: Internal fraud caused by People in Retail banking located in Shanghai, Shanghai."
921,RISK-0005,7.0,20090601,,68600000.0,0.0,68600000.0,Critical,,68600000.0,Unknown,"Operational risk event: Internal fraud caused by People in Retail banking located in Shanxi, Taiyuan."
922,RISK-0005,7.0,20080501,,2240000.0,0.0,2240000.0,Critical,,2240000.0,Unknown,"Operational risk event: Internal fraud caused by People in Retail banking located in Beijing, Beijing."
923,RISK-0003,6.0,,,250000000.0,0.0,250000000.0,Critical,,250000000.0,Unknown,"Operational risk event: Internal fraud caused by People in Payment and settlement located in Beijing, Beijing."
924,RISK-0005,7.0,20090301,,27090.0,0.0,27090.0,Low,,27090.0,Unknown,"Operational risk event: Internal fraud caused by People in Retail banking located in Hunan, Changsha."
925,RISK-0046,8.0,,,1989455.0,0.0,1989455.0,Critical,,1989455.0,Unknown,"Operational risk event: Internal fraud caused by People in Retail brokerage located in Guangdong, Foshan."
926,RISK-0005,7.0,20091201,,4000000.0,0.0,4000000.0,Critical,,4000000.0,Unknown,"Operational risk event: Internal fraud caused by People in Retail banking located in Chongqing, Chongqing."
927,RISK-0005,7.0,20090401,,1880000.0,0.0,1880000.0,Critical,,1880000.0,Unknown,"Operational risk event: Internal fraud caused by People in Retail banking located in Jiangxi, Ji'an."
928,RISK-0005,7.0,20081101,,110000.0,0.0,110000.0,Medium,,110000.0,Unknown,"Operational risk event: Internal fraud caused by People in Retail banking located in Guangdong, Foshan."
929,RISK-0001,3.0,20070701,,64000000.0,0.0,64000000.0,Critical,,64000000.0,Unknown,"Operational risk event: Internal fraud caused by People in Commercial banking located in Chongqing, Chongqing."
930,RISK-0005,7.0,20090201,,15957100.0,0.0,15957100.0,Critical,,15957100.0,Unknown,"Operational risk event: Internal fraud caused by People in Retail banking located in Jiangsu, Suzhou."
931,RISK-0005,7.0,20080301,,7000.0,0.0,7000.0,Low,,7000.0,Unknown,"Operational risk event: Internal fraud caused by People in Retail banking located in Shandong, Yantai."
932,RISK-0009,7.0,20090901,,15000.0,0.0,15000.0,Low,,15000.0,Unknown,"Operational risk event: Execution, delivery & process management caused by People in Retail banking located in Shandong, Jinan."
933,RISK-0005,7.0,20060901,,14830000.0,0.0,14830000.0,Critical,,14830000.0,Unknown,"Operational risk event: Internal fraud caused by People in Retail banking located in Beijing, Beijing."
934,RISK-0046,8.0,20050601,,20000000.0,0.0,20000000.0,Critical,,20000000.0,Unknown,"Operational risk event: Internal fraud caused by People in Retail brokerage located in Tianjin, Tianjin."
935,RISK-0001,3.0,20091101,,20000000.0,0.0,20000000.0,Critical,,20000000.0,Unknown,"Operational risk event: Internal fraud caused by People in Commercial banking located in Shanghai, Shanghai."
936,RISK-0002,5.0,,,3700000.0,0.0,3700000.0,Critical,,3700000.0,Unknown,"Operational risk event: Internal fraud caused by People in No business line located in Shaanxi, Baoji."
937,RISK-0005,7.0,,,160000.0,0.0,160000.0,Medium,,160000.0,Unknown,"Operational risk event: Internal fraud caused by People in Retail banking located in Yunnan, Kunming."
938,RISK-0001,3.0,20090901,,26400000.0,0.0,26400000.0,Critical,,26400000.0,Unknown,"Operational risk event: Internal fraud caused by People in Commercial banking located in Hainan, Danzhou."
939,RISK-0002,5.0,20090801,,820000.0,0.0,820000.0,High,,820000.0,Unknown,"Operational risk event: Internal fraud caused by People in No business line located in Hubei, Xiangyang."
940,RISK-0005,7.0,20090501,,90000.0,0.0,90000.0,Medium,,90000.0,Unknown,"Operational risk event: Internal fraud caused by People in Retail banking located in Beijing, Beijing."
941,RISK-0005,7.0,,,810000.0,0.0,810000.0,High,,810000.0,Unknown,"Operational risk event: Internal fraud caused by People in Retail banking located in Chongqing, Chongqing."
942,RISK-0001,3.0,20090301,,27500000.0,0.0,27500000.0,Critical,,27500000.0,Unknown,"Operational risk event: Internal fraud caused by People in Commercial banking located in Zhejiang, Ningbo."
943,RISK-0005,7.0,20090101,,100000.0,0.0,100000.0,Medium,,100000.0,Unknown,"Operational risk event: Internal fraud caused by People in Retail banking located in Guizhou, Guiyang."
944,RISK-0005,7.0,20051201,,10000000.0,0.0,10000000.0,Critical,,10000000.0,Unknown,"Operational risk event: Internal fraud caused by People in Retail banking located in Zhejiang, Wenzhou."
945,RISK-0005,7.0,20100501,,16520000.0,0.0,16520000.0,Critical,,16520000.0,Unknown,"Operational risk event: Internal fraud caused by People in Retail banking located in Zhejiang, Wenzhou."
946,RISK-0031,2.0,,,80000000.0,0.0,80000000.0,Critical,,80000000.0,Unknown,"Operational risk event: Internal fraud caused by People in Asset management located in Zhejiang, Wenzhou."
947,RISK-0001,3.0,20060901,,81900000.0,0.0,81900000.0,Critical,,81900000.0,Unknown,"Operational risk event: Internal fraud caused by People in Commercial banking located in Hubei, Wuhan."
948,RISK-0047,6.0,20090101,,8000000.0,0.0,8000000.0,Critical,,8000000.0,Unknown,"Operational risk event: Employment practices and workplace safety caused by People in Payment and settlement located in Inner mongolia, Ordos."
949,RISK-0005,7.0,,,2000000000.0,0.0,2000000000.0,Critical,,2000000000.0,Unknown,"Operational risk event: Internal fraud caused by People in Retail banking located in Henan, Anyang."
950,RISK-0005,7.0,,,10000000.0,0.0,10000000.0,Critical,,10000000.0,Unknown,"Operational risk event: Internal fraud caused by People in Retail banking located in Shandong, Jining."
951,RISK-0007,4.0,20080801,,1480000.0,0.0,1480000.0,Critical,,1480000.0,Unknown,"Operational risk event: Internal fraud caused by People in Corporate finance located in Hunan, Huaihua."
952,RISK-0005,7.0,20100401,,300000.0,0.0,300000.0,High,,300000.0,Unknown,"Operational risk event: Internal fraud caused by People in Retail banking located in Sichuan, Neijiang."
953,RISK-0005,7.0,,,5000.0,0.0,5000.0,Low,,5000.0,Unknown,"Operational risk event: Internal fraud caused by People in Retail banking located in Yunnan, Qujing."
954,RISK-0007,4.0,,,4000000.0,0.0,4000000.0,Critical,,4000000.0,Unknown,"Operational risk event: Internal fraud caused by People in Corporate finance located in Unknown province, Unknown city."
955,RISK-0018,3.0,20080201,,260000000.0,0.0,260000000.0,Critical,,260000000.0,Unknown,"Operational risk event: Execution, delivery & process management caused by Process in Commercial banking located in Hubei, Wuhan."
956,RISK-0018,3.0,,,607000000.0,0.0,607000000.0,Critical,,607000000.0,Unknown,"Operational risk event: Execution, delivery & process management caused by Process in Commercial banking located in Henan, Zhengzhou."
957,RISK-0014,6.0,20081001,,552000.0,0.0,552000.0,High,,552000.0,Unknown,"Operational risk event: Execution, delivery & process management caused by Process in Payment and settlement located in Shandong, Jinan."
958,RISK-0013,7.0,,,5000.0,0.0,5000.0,Low,,5000.0,Unknown,"Operational risk event: Execution, delivery & process management caused by Process in Retail banking located in Liaoning, Shenyang."
959,RISK-0014,6.0,20080401,,150000.0,0.0,150000.0,Medium,,150000.0,Unknown,"Operational risk event: Execution, delivery & process management caused by Process in Payment and settlement located in Sichuan, Chengdu."
960,RISK-0036,6.0,20090201,,194000000.0,0.0,194000000.0,Critical,,194000000.0,Unknown,"Operational risk event: Internal fraud caused by Process in Payment and settlement located in Anhui, Fuyang."
961,RISK-0048,8.0,19890701,,90000.0,0.0,90000.0,Medium,,90000.0,Unknown,"Operational risk event: Clients, products & business practices caused by Process in Retail brokerage located in Hebei, Cangzhou."
962,RISK-0013,7.0,20090701,,50211.13,0.0,50211.13,Medium,,50211.13,Unknown,"Operational risk event: Execution, delivery & process management caused by Process in Retail banking located in Guangdong, Guangzhou."
963,RISK-0049,3.0,20080401,,248000000.0,0.0,248000000.0,Critical,,248000000.0,Unknown,"Operational risk event: Internal fraud caused by Process in Commercial banking located in Anhui, Huangshan."
964,RISK-0013,7.0,20080901,,25000.0,0.0,25000.0,Low,,25000.0,Unknown,"Operational risk event: Execution, delivery & process management caused by Process in Retail banking located in Shandong, Dezhou."
965,RISK-0013,7.0,20090401,,4374.0,0.0,4374.0,Low,,4374.0,Unknown,"Operational risk event: Execution, delivery & process management caused by Process in Retail banking located in Jiangsu, Nanjing."
966,RISK-0013,7.0,20090901,,9900.0,0.0,9900.0,Low,,9900.0,Unknown,"Operational risk event: Execution, delivery & process management caused by Process in Retail banking located in Zhejiang, Wenzhou."
967,RISK-0013,7.0,20080501,,6000.0,0.0,6000.0,Low,,6000.0,Unknown,"Operational risk event: Execution, delivery & process management caused by Process in Retail banking located in Liaoning, Dalian."
968,RISK-0013,7.0,20091201,,2300.0,0.0,2300.0,Low,,2300.0,Unknown,"Operational risk event: Execution, delivery & process management caused by Process in Retail banking located in Beijing, Beijing."
969,RISK-0050,7.0,19971101,,32540000.0,0.0,32540000.0,Critical,,32540000.0,Unknown,"Operational risk event: Internal fraud caused by Process in Retail banking located in Zhejiang, Taizhou."
970,RISK-0051,1.0,20080201,,,0.0,,Unknown,,,Unknown,"Operational risk event: Business disruption and system failures caused by System in Agency services located in Guangdong, Huizhou."
971,RISK-0052,7.0,20091001,,15000.0,0.0,15000.0,Low,,15000.0,Unknown,"Operational risk event: Employment practices and workplace safety caused by System in Retail banking located in Sichuan, Leshan."
972,RISK-0020,7.0,20090401,,100000.0,0.0,100000.0,Medium,,100000.0,Unknown,"Operational risk event: External fraud caused by System in Retail banking located in Jiangsu, Wuxi."
973,RISK-0020,7.0,20090301,,180000.0,0.0,180000.0,Medium,,180000.0,Unknown,"Operational risk event: External fraud caused by System in Retail banking located in Zhejiang, Ningbo."
974,RISK-0020,7.0,20100301,,70000.0,0.0,70000.0,Medium,,70000.0,Unknown,"Operational risk event: External fraud caused by System in Retail banking located in Beijing, Beijing."
975,RISK-0020,7.0,,,300000.0,0.0,300000.0,High,,300000.0,Unknown,"Operational risk event: External fraud caused by System in Retail banking located in Jiangsu, Nanjing."
976,RISK-0020,7.0,,,40000.0,0.0,40000.0,Low,,40000.0,Unknown,"Operational risk event: External fraud caused by System in Retail banking located in Heilongjiang, Harbin."
977,RISK-0023,3.0,,,1172000000.0,0.0,1172000000.0,Critical,,1172000000.0,Unknown,"Operational risk event: External fraud caused by External event in Commercial banking located in Chongqing, Chongqing."
978,RISK-0023,3.0,,,200000000.0,0.0,200000000.0,Critical,,200000000.0,Unknown,"Operational risk event: External fraud caused by External event in Commercial banking located in Guangdong, Zhanjiang."
979,RISK-0023,3.0,20060301,,196000000.0,0.0,196000000.0,Critical,,196000000.0,Unknown,"Operational risk event: External fraud caused by External event in Commercial banking located in Liaoning, Anshan."
980,RISK-0023,3.0,,,200000000.0,0.0,200000000.0,Critical,,200000000.0,Unknown,"Operational risk event: External fraud caused by External event in Commercial banking located in Heilongjiang, Unknown city."
981,RISK-0023,3.0,,,290000000.0,0.0,290000000.0,Critical,,290000000.0,Unknown,"Operational risk event: External fraud caused by External event in Commercial banking located in Liaoning, Dalian."
982,RISK-0025,7.0,,,250000.0,0.0,250000.0,High,,250000.0,Unknown,"Operational risk event: External fraud caused by External event in Retail banking located in Tianjin, Unknown city."
983,RISK-0023,3.0,20081201,,6000000.0,0.0,6000000.0,Critical,,6000000.0,Unknown,"Operational risk event: External fraud caused by External event in Commercial banking located in Jiangxi, Nanchang."
984,RISK-0025,7.0,,,20000.0,0.0,20000.0,Low,,20000.0,Unknown,"Operational risk event: External fraud caused by External event in Retail banking located in Chongqing, Unknown city."
985,RISK-0023,3.0,20071201,,10000000.0,0.0,10000000.0,Critical,,10000000.0,Unknown,"Operational risk event: External fraud caused by External event in Commercial banking located in Jiangsu, Nantong."
986,RISK-0025,7.0,,,780000.0,0.0,780000.0,High,,780000.0,Unknown,"Operational risk event: External fraud caused by External event in Retail banking located in Shandong, Heze."
987,RISK-0025,7.0,20080801,,750000.0,0.0,750000.0,High,,750000.0,Unknown,"Operational risk event: External fraud caused by External event in Retail banking located in Shanghai, Shanghai."
988,RISK-0025,7.0,20080701,,7999999.0,0.0,7999999.0,Critical,,7999999.0,Unknown,"Operational risk event: External fraud caused by External event in Retail banking located in Liaoning, Dalian."
989,RISK-0025,7.0,,,150000.0,0.0,150000.0,Medium,,150000.0,Unknown,"Operational risk event: External fraud caused by External event in Retail banking located in Fujian, Unknown city."
990,RISK-0025,7.0,20070401,,1000000.0,0.0,1000000.0,Critical,,1000000.0,Unknown,"Operational risk event: External fraud caused by External event in Retail banking located in Zhejiang, Ningbo."
991,RISK-0025,7.0,20081101,,15000.0,0.0,15000.0,Low,,15000.0,Unknown,"Operational risk event: External fraud caused by External event in Retail banking located in Shandong, Unknown city."
992,RISK-0025,7.0,20060401,,720000.0,0.0,720000.0,High,,720000.0,Unknown,"Operational risk event: External fraud caused by External event in Retail banking located in Beijing, Beijing."
993,RISK-0025,7.0,20080401,,307000.0,0.0,307000.0,High,,307000.0,Unknown,"Operational risk event: External fraud caused by External event in Retail banking located in Jiangsu, Zhenjiang."
994,RISK-0025,7.0,,,230000.0,0.0,230000.0,Medium,,230000.0,Unknown,"Operational risk event: External fraud caused by External event in Retail banking located in Hubei, Wuhan."
995,RISK-0025,7.0,20071101,,900000.0,0.0,900000.0,High,,900000.0,Unknown,"Operational risk event: External fraud caused by External event in Retail banking located in Beijing, Beijing."
996,RISK-0025,7.0,20081201,,15400.0,0.0,15400.0,Low,,15400.0,Unknown,"Operational risk event: External fraud caused by External event in Retail banking located in Zhejiang, Taizhou."
997,RISK-0025,7.0,20020401,,1160000.0,0.0,1160000.0,Critical,,1160000.0,Unknown,"Operational risk event: External fraud caused by External event in Retail banking located in Shanghai, Shanghai."
998,RISK-0025,7.0,20051001,,370000.0,0.0,370000.0,High,,370000.0,Unknown,"Operational risk event: External fraud caused by External event in Retail banking located in Shaanxi, Xi'an."
999,RISK-0025,7.0,20070601,,44700.0,0.0,44700.0,Low,,44700.0,Unknown,"Operational risk event: External fraud caused by External event in Retail banking located in Hubei, Wuhan."
1000,RISK-0025,7.0,20081201,,274960.0,0.0,274960.0,High,,274960.0,Unknown,"Operational risk event: External fraud caused by External event in Retail banking located in Shaanxi, Baoji."
1001,RISK-0025,7.0,20080601,,53097.73,0.0,53097.73,Medium,,53097.73,Unknown,"Operational risk event: External fraud caused by External event in Retail banking located in Shandong, Jinan."
1002,RISK-0025,7.0,,,946000.0,0.0,946000.0,High,,946000.0,Unknown,"Operational risk event: External fraud caused by External event in Retail banking located in Beijing, Unknown city."
1003,RISK-0025,7.0,20070101,,1000000.0,0.0,1000000.0,Critical,,1000000.0,Unknown,"Operational risk event: External fraud caused by External event in Retail banking located in Liaoning, Unknown city."
1004,RISK-0025,7.0,20081101,,19000.0,0.0,19000.0,Low,,19000.0,Unknown,"Operational risk event: External fraud caused by External event in Retail banking located in Henan, Zhengzhou."
1005,RISK-0025,7.0,20080801,,90000.0,0.0,90000.0,Medium,,90000.0,Unknown,"Operational risk event: External fraud caused by External event in Retail banking located in Jiangxi, Shangrao."
1006,RISK-0025,7.0,20080701,,459000.0,0.0,459000.0,High,,459000.0,Unknown,"Operational risk event: External fraud caused by External event in Retail banking located in Zhejiang, Wenzhou."
1007,RISK-0025,7.0,,,140000.0,0.0,140000.0,Medium,,140000.0,Unknown,"Operational risk event: External fraud caused by External event in Retail banking located in Jiangsu, Nanjing."
1008,RISK-0025,7.0,20080901,,17324.0,0.0,17324.0,Low,,17324.0,Unknown,"Operational risk event: External fraud caused by External event in Retail banking located in Guangdong, Guangzhou."
1009,RISK-0025,7.0,20090301,,110000.0,0.0,110000.0,Medium,,110000.0,Unknown,"Operational risk event: External fraud caused by External event in Retail banking located in Shaanxi, Xi'an."
1010,RISK-0025,7.0,20081101,,230000.0,0.0,230000.0,Medium,,230000.0,Unknown,"Operational risk event: External fraud caused by External event in Retail banking located in Hunan, Changsha."
1011,RISK-0025,7.0,,,4550000.0,0.0,4550000.0,Critical,,4550000.0,Unknown,"Operational risk event: External fraud caused by External event in Retail banking located in Hubei, Wuhan."
1012,RISK-0025,7.0,20081001,,21000.0,0.0,21000.0,Low,,21000.0,Unknown,"Operational risk event: External fraud caused by External event in Retail banking located in Guangdong, Guangzhou."
1013,RISK-0025,7.0,20051201,,800000.0,0.0,800000.0,High,,800000.0,Unknown,"Operational risk event: External fraud caused by External event in Retail banking located in Fujian, Xiamen."
1014,RISK-0025,7.0,20070301,,160000.0,0.0,160000.0,Medium,,160000.0,Unknown,"Operational risk event: External fraud caused by External event in Retail banking located in Shanghai, Shanghai."
1015,RISK-0025,7.0,20080301,,250000.0,0.0,250000.0,High,,250000.0,Unknown,"Operational risk event: External fraud caused by External event in Retail banking located in Fujian, Fuzhou."
1016,RISK-0025,7.0,20081001,,240000.0,0.0,240000.0,Medium,,240000.0,Unknown,"Operational risk event: External fraud caused by External event in Retail banking located in Guangdong, Dongguan."
1017,RISK-0025,7.0,20080901,,119000.0,0.0,119000.0,Medium,,119000.0,Unknown,"Operational risk event: External fraud caused by External event in Retail banking located in Guangdong, Guangzhou."
1018,RISK-0025,7.0,20080401,,197000.0,0.0,197000.0,Medium,,197000.0,Unknown,"Operational risk event: External fraud caused by External event in Retail banking located in Zhejiang, Hangzhou."
1019,RISK-0026,5.0,20080501,,11517900.0,0.0,11517900.0,Critical,,11517900.0,Unknown,"Operational risk event: Damage to physical assets caused by External event in No business line located in Sichuan, Unknown city."
1020,RISK-0025,7.0,20080201,,200000.0,0.0,200000.0,Medium,,200000.0,Unknown,"Operational risk event: External fraud caused by External event in Retail banking located in Fujian, Sanming."
1021,RISK-0025,7.0,20080701,,26040.0,0.0,26040.0,Low,,26040.0,Unknown,"Operational risk event: External fraud caused by External event in Retail banking located in Guangdong, Guangzhou."
1022,RISK-0025,7.0,20090401,,795149.9099999999,0.0,795149.9099999999,High,,795149.9099999999,Unknown,"Operational risk event: External fraud caused by External event in Retail banking located in Zhejiang, Ningbo."
1023,RISK-0023,3.0,,,6100000000.0,0.0,6100000000.0,Critical,,6100000000.0,Unknown,"Operational risk event: External fraud caused by External event in Commercial banking located in Jiangsu, Nanjing."
1024,RISK-0025,7.0,20091101,,50000.0,0.0,50000.0,Medium,,50000.0,Unknown,"Operational risk event: External fraud caused by External event in Retail banking located in Shandong, Dongying."
1025,RISK-0025,7.0,20090901,,40000.0,0.0,40000.0,Low,,40000.0,Unknown,"Operational risk event: External fraud caused by External event in Retail banking located in Guizhou, Zunyi."
1026,RISK-0025,7.0,20081201,,25467.0,0.0,25467.0,Low,,25467.0,Unknown,"Operational risk event: External fraud caused by External event in Retail banking located in Guangdong, Zhuhai."
1027,RISK-0025,7.0,20100401,,74400.0,0.0,74400.0,Medium,,74400.0,Unknown,"Operational risk event: External fraud caused by External event in Retail banking located in Guangdong, Dongguan."
1028,RISK-0025,7.0,20090101,,85640.0,0.0,85640.0,Medium,,85640.0,Unknown,"Operational risk event: External fraud caused by External event in Retail banking located in Beijing, Beijing."
1029,RISK-0025,7.0,20060401,,850000.0,0.0,850000.0,High,,850000.0,Unknown,"Operational risk event: External fraud caused by External event in Retail banking located in Shandong, Qingdao."
1030,RISK-0025,7.0,20090401,,39000.0,0.0,39000.0,Low,,39000.0,Unknown,"Operational risk event: External fraud caused by External event in Retail banking located in Jiangxi, Nanchang."
1031,RISK-0023,3.0,,,1800000000.0,0.0,1800000000.0,Critical,,1800000000.0,Unknown,"Operational risk event: External fraud caused by External event in Commercial banking located in Liaoning, Dalian."
1032,RISK-0025,7.0,20090601,,31000.0,0.0,31000.0,Low,,31000.0,Unknown,"Operational risk event: External fraud caused by External event in Retail banking located in Beijing, Beijing."
1033,RISK-0025,7.0,,,274372.0,0.0,274372.0,High,,274372.0,Unknown,"Operational risk event: External fraud caused by External event in Retail banking located in Zhejiang, Hangzhou."
1034,RISK-0025,7.0,20091101,,518000.0,0.0,518000.0,High,,518000.0,Unknown,"Operational risk event: External fraud caused by External event in Retail banking located in Fujian, Fuzhou."
1035,RISK-0025,7.0,20091201,,14000.0,0.0,14000.0,Low,,14000.0,Unknown,"Operational risk event: External fraud caused by External event in Retail banking located in Guangdong, Foshan."
1036,RISK-0025,7.0,,,130000.0,0.0,130000.0,Medium,,130000.0,Unknown,"Operational risk event: External fraud caused by External event in Retail banking located in Liaoning, Dalian."
1037,RISK-0025,7.0,20091201,,49100.0,0.0,49100.0,Low,,49100.0,Unknown,"Operational risk event: External fraud caused by External event in Retail banking located in Fujian, Xiamen."
1038,RISK-0025,7.0,20091101,,120000.0,0.0,120000.0,Medium,,120000.0,Unknown,"Operational risk event: External fraud caused by External event in Retail banking located in Guangdong, Guangzhou."
1039,RISK-0025,7.0,20090401,,150000.0,0.0,150000.0,Medium,,150000.0,Unknown,"Operational risk event: External fraud caused by External event in Retail banking located in Guangxi, Guilin."
1040,RISK-0025,7.0,20091101,,185000.0,0.0,185000.0,Medium,,185000.0,Unknown,"Operational risk event: External fraud caused by External event in Retail banking located in Beijing, Beijing."
1041,RISK-0025,7.0,,,185000.0,0.0,185000.0,Medium,,185000.0,Unknown,"Operational risk event: External fraud caused by External event in Retail banking located in Beijing, Beijing."
1042,RISK-0025,7.0,20091101,,100000.0,0.0,100000.0,Medium,,100000.0,Unknown,"Operational risk event: External fraud caused by External event in Retail banking located in Hunan, Changsha."
1043,RISK-0025,7.0,20091101,,5008.0,0.0,5008.0,Low,,5008.0,Unknown,"Operational risk event: External fraud caused by External event in Retail banking located in Guangxi, Nanning."
1044,RISK-0025,7.0,20090201,,64800.00000000001,0.0,64800.00000000001,Medium,,64800.00000000001,Unknown,"Operational risk event: External fraud caused by External event in Retail banking located in Guangdong, Dongguan."
1045,RISK-0025,7.0,20090101,,140000.0,0.0,140000.0,Medium,,140000.0,Unknown,"Operational risk event: External fraud caused by External event in Retail banking located in Shandong, Jining."
1046,RISK-0025,7.0,20080601,,93000.0,0.0,93000.0,Medium,,93000.0,Unknown,"Operational risk event: External fraud caused by External event in Retail banking located in Hunan, Changsha."
1047,RISK-0025,7.0,20090201,,109600.0,0.0,109600.0,Medium,,109600.0,Unknown,"Operational risk event: External fraud caused by External event in Retail banking located in Sichuan, Mianyang."
1048,RISK-0025,7.0,20090301,,6108.0,0.0,6108.0,Low,,6108.0,Unknown,"Operational risk event: External fraud caused by External event in Retail banking located in Hubei, Enshi."
1049,RISK-0025,7.0,20051201,,530000.0,0.0,530000.0,High,,530000.0,Unknown,"Operational risk event: External fraud caused by External event in Retail banking located in Heilongjiang, Harbin."
1050,RISK-0025,7.0,20090901,,40000.0,0.0,40000.0,Low,,40000.0,Unknown,"Operational risk event: External fraud caused by External event in Retail banking located in Guizhou, Zunyi."
1051,RISK-0025,7.0,20090801,,44800.00000000001,0.0,44800.00000000001,Low,,44800.00000000001,Unknown,"Operational risk event: External fraud caused by External event in Retail banking located in Zhejiang, Wenzhou."
1052,RISK-0025,7.0,20090601,,45000.0,0.0,45000.0,Low,,45000.0,Unknown,"Operational risk event: External fraud caused by External event in Retail banking located in Henan, Jiaozuo."
1053,RISK-0025,7.0,20090201,,49698.0,0.0,49698.0,Low,,49698.0,Unknown,"Operational risk event: External fraud caused by External event in Retail banking located in Guangdong, Shaoguan."
1054,RISK-0025,7.0,20090201,,240000.0,0.0,240000.0,Medium,,240000.0,Unknown,"Operational risk event: External fraud caused by External event in Retail banking located in Shanghai, Shanghai."
1055,RISK-0025,7.0,20090401,,100000.0,0.0,100000.0,Medium,,100000.0,Unknown,"Operational risk event: External fraud caused by External event in Retail banking located in Beijing, Unknown city."
1056,RISK-0025,7.0,20071201,,1000000.0,0.0,1000000.0,Critical,,1000000.0,Unknown,"Operational risk event: External fraud caused by External event in Retail banking located in Beijing, Beijing."
1057,RISK-0025,7.0,,,34000000.0,0.0,34000000.0,Critical,,34000000.0,Unknown,"Operational risk event: External fraud caused by External event in Retail banking located in Zhejiang, Jinhua."
1058,RISK-0025,7.0,20081201,,40000.0,0.0,40000.0,Low,,40000.0,Unknown,"Operational risk event: External fraud caused by External event in Retail banking located in Guangdong, Guangzhou."
1059,RISK-0025,7.0,20091101,,19998.0,0.0,19998.0,Low,,19998.0,Unknown,"Operational risk event: External fraud caused by External event in Retail banking located in Guizhou, Zunyi."
1060,RISK-0025,7.0,20091101,,366049.0,0.0,366049.0,High,,366049.0,Unknown,"Operational risk event: External fraud caused by External event in Retail banking located in Hubei, Xiaogan."
1061,RISK-0025,7.0,20081101,,310000.0,0.0,310000.0,High,,310000.0,Unknown,"Operational risk event: External fraud caused by External event in Retail banking located in Fujian, Xiamen."
1062,RISK-0044,5.0,20090701,,100000.0,0.0,100000.0,Medium,,100000.0,Unknown,"Operational risk event: External fraud caused by External event in No business line located in Beijing, Beijing."
1063,RISK-0025,7.0,20090501,,71000.0,0.0,71000.0,Medium,,71000.0,Unknown,"Operational risk event: External fraud caused by External event in Retail banking located in Shandong, Binzhou."
1064,RISK-0025,7.0,,,480000.0,0.0,480000.0,High,,480000.0,Unknown,"Operational risk event: External fraud caused by External event in Retail banking located in Xinjiang, Urumqi."
1065,RISK-0025,7.0,20090501,,27629.0,0.0,27629.0,Low,,27629.0,Unknown,"Operational risk event: External fraud caused by External event in Retail banking located in Zhejiang, Jiaxing."
1066,RISK-0025,7.0,20090601,,1650000.0,0.0,1650000.0,Critical,,1650000.0,Unknown,"Operational risk event: External fraud caused by External event in Retail banking located in Jilin, Yanbian."
1067,RISK-0023,3.0,20090301,,100000.0,0.0,100000.0,Medium,,100000.0,Unknown,"Operational risk event: External fraud caused by External event in Commercial banking located in Shandong, Rizhao."
1068,RISK-0025,7.0,20090101,,60000.0,0.0,60000.0,Medium,,60000.0,Unknown,"Operational risk event: External fraud caused by External event in Retail banking located in Zhejiang, Hangzhou."
1069,RISK-0025,7.0,20090301,,50000.0,0.0,50000.0,Medium,,50000.0,Unknown,"Operational risk event: External fraud caused by External event in Retail banking located in Guangdong, Jiangmen."
1070,RISK-0025,7.0,20091201,,120000.0,0.0,120000.0,Medium,,120000.0,Unknown,"Operational risk event: External fraud caused by External event in Retail banking located in Henan, Zhengzhou."
1071,RISK-0025,7.0,20090501,,59251.4,0.0,59251.4,Medium,,59251.4,Unknown,"Operational risk event: External fraud caused by External event in Retail banking located in Jiangxi, Nanchang."
1072,RISK-0025,7.0,20071001,,66000.0,0.0,66000.0,Medium,,66000.0,Unknown,"Operational risk event: External fraud caused by External event in Retail banking located in Shandong, Qingdao."
1073,RISK-0025,7.0,20090601,,180000.0,0.0,180000.0,Medium,,180000.0,Unknown,"Operational risk event: External fraud caused by External event in Retail banking located in Jiangxi, Nanchang."
1074,RISK-0053,1.0,,,230000.0,0.0,230000.0,Medium,,230000.0,Unknown,"Operational risk event: External fraud caused by Process in Agency services located in Fujian, Zhangzhou."
1075,RISK-0025,7.0,20090201,,340000.0,0.0,340000.0,High,,340000.0,Unknown,"Operational risk event: External fraud caused by External event in Retail banking located in Hubei, Huanggang."
1076,RISK-0025,7.0,20090301,,89900.0,0.0,89900.0,Medium,,89900.0,Unknown,"Operational risk event: External fraud caused by External event in Retail banking located in Liaoning, Dalian."
1077,RISK-0025,7.0,20090101,,20400.0,0.0,20400.0,Low,,20400.0,Unknown,"Operational risk event: External fraud caused by External event in Retail banking located in Hubei, Wuhan."
1078,RISK-0025,7.0,20090801,,280000.0,0.0,280000.0,High,,280000.0,Unknown,"Operational risk event: External fraud caused by External event in Retail banking located in Shanghai, Shanghai."
1079,RISK-0025,7.0,20090801,,19740.0,0.0,19740.0,Low,,19740.0,Unknown,"Operational risk event: External fraud caused by External event in Retail banking located in Henan, Nanyang."
1080,RISK-0025,7.0,,,800000.0,0.0,800000.0,High,,800000.0,Unknown,"Operational risk event: External fraud caused by External event in Retail banking located in Guangdong, Shenzhen."
1081,RISK-0025,7.0,20090301,,420000.0,0.0,420000.0,High,,420000.0,Unknown,"Operational risk event: External fraud caused by External event in Retail banking located in Shanghai, Shanghai."
1082,RISK-0025,7.0,20090701,,140000.0,0.0,140000.0,Medium,,140000.0,Unknown,"Operational risk event: External fraud caused by External event in Retail banking located in Fujian, Fuzhou."
1083,RISK-0025,7.0,20090801,,62500.0,0.0,62500.0,Medium,,62500.0,Unknown,"Operational risk event: External fraud caused by External event in Retail banking located in Fujian, Fuzhou."
1084,RISK-0025,7.0,20090201,,25000.0,0.0,25000.0,Low,,25000.0,Unknown,"Operational risk event: External fraud caused by External event in Retail banking located in Guangdong, Meizhou."
1085,RISK-0025,7.0,20080701,,25000.0,0.0,25000.0,Low,,25000.0,Unknown,"Operational risk event: External fraud caused by External event in Retail banking located in Zhejiang, Hangzhou."
1086,RISK-0025,7.0,20090801,,172000.0,0.0,172000.0,Medium,,172000.0,Unknown,"Operational risk event: External fraud caused by External event in Retail banking located in Hunan, Loudi."
1087,RISK-0025,7.0,20090201,,259000.0,0.0,259000.0,High,,259000.0,Unknown,"Operational risk event: External fraud caused by External event in Retail banking located in Anhui, Hefei."
1088,RISK-0025,7.0,,,120000.0,0.0,120000.0,Medium,,120000.0,Unknown,"Operational risk event: External fraud caused by External event in Retail banking located in Beijing, Beijing."
1089,RISK-0025,7.0,20090301,,700000.0,0.0,700000.0,High,,700000.0,Unknown,"Operational risk event: External fraud caused by External event in Retail banking located in Shandong, Jinan."
1090,RISK-0025,7.0,20071201,,150000.0,0.0,150000.0,Medium,,150000.0,Unknown,"Operational risk event: External fraud caused by External event in Retail banking located in Shandong, Jinan."
1091,RISK-0025,7.0,,,2900000.0,0.0,2900000.0,Critical,,2900000.0,Unknown,"Operational risk event: External fraud caused by External event in Retail banking located in Shanxi, Taiyuan."
1092,RISK-0025,7.0,20090201,,19600.0,0.0,19600.0,Low,,19600.0,Unknown,"Operational risk event: External fraud caused by External event in Retail banking located in Zhejiang, Wenzhou."
1093,RISK-0025,7.0,20090501,,26928.0,0.0,26928.0,Low,,26928.0,Unknown,"Operational risk event: External fraud caused by External event in Retail banking located in Zhejiang, Hangzhou."
1094,RISK-0025,7.0,,,300000.0,0.0,300000.0,High,,300000.0,Unknown,"Operational risk event: External fraud caused by External event in Retail banking located in Hubei, Wuhan."
1095,RISK-0025,7.0,20090601,,10000.0,0.0,10000.0,Low,,10000.0,Unknown,"Operational risk event: External fraud caused by External event in Retail banking located in Guangdong, Guangzhou."
1096,RISK-0025,7.0,20090501,,7000000.0,0.0,7000000.0,Critical,,7000000.0,Unknown,"Operational risk event: External fraud caused by External event in Retail banking located in Beijing, Beijing."
1097,RISK-0025,7.0,20090401,,886225.0,0.0,886225.0,High,,886225.0,Unknown,"Operational risk event: External fraud caused by External event in Retail banking located in Beijing, Beijing."
1098,RISK-0025,7.0,20090601,,156101.61,0.0,156101.61,Medium,,156101.61,Unknown,"Operational risk event: External fraud caused by External event in Retail banking located in Zhejiang, Hangzhou."
1099,RISK-0025,7.0,20090201,,500000.0,0.0,500000.0,High,,500000.0,Unknown,"Operational risk event: External fraud caused by External event in Retail banking located in Zhejiang, Taizhou."
1100,RISK-0025,7.0,20050901,,50000.0,0.0,50000.0,Medium,,50000.0,Unknown,"Operational risk event: External fraud caused by External event in Retail banking located in Sichuan, Chengdu."
1101,RISK-0044,5.0,20090501,,140000.0,0.0,140000.0,Medium,,140000.0,Unknown,"Operational risk event: External fraud caused by External event in No business line located in Beijing, Beijing."
1102,RISK-0025,7.0,20090301,,165200.0,0.0,165200.0,Medium,,165200.0,Unknown,"Operational risk event: External fraud caused by External event in Retail banking located in Fujian, Quanzhou."
1103,RISK-0025,7.0,20080801,,70095.0,0.0,70095.0,Medium,,70095.0,Unknown,"Operational risk event: External fraud caused by External event in Retail banking located in Chongqing, Chongqing."
1104,RISK-0025,7.0,20080901,,35259.81,0.0,35259.81,Low,,35259.81,Unknown,"Operational risk event: External fraud caused by External event in Retail banking located in Sichuan, Chengdu."
1105,RISK-0025,7.0,20090301,,40000.0,0.0,40000.0,Low,,40000.0,Unknown,"Operational risk event: External fraud caused by External event in Retail banking located in Shanghai, Shanghai."
1106,RISK-0025,7.0,20090301,,14000.0,0.0,14000.0,Low,,14000.0,Unknown,"Operational risk event: External fraud caused by External event in Retail banking located in Hunan, Changsha."
1107,RISK-0025,7.0,,,20000.0,0.0,20000.0,Low,,20000.0,Unknown,"Operational risk event: External fraud caused by External event in Retail banking located in Hunan, Zhuzhou."
1108,RISK-0025,7.0,20090201,,64000.0,0.0,64000.0,Medium,,64000.0,Unknown,"Operational risk event: External fraud caused by External event in Retail banking located in Guangdong, Dongguan."
1109,RISK-0025,7.0,20080701,,600000.0,0.0,600000.0,High,,600000.0,Unknown,"Operational risk event: External fraud caused by External event in Retail banking located in Zhejiang, Wenzhou."
1110,RISK-0025,7.0,20101201,,1000000.0,0.0,1000000.0,Critical,,1000000.0,Unknown,"Operational risk event: External fraud caused by External event in Retail banking located in Zhejiang, Shaoxing."
1111,RISK-0025,7.0,20100101,,20600.0,0.0,20600.0,Low,,20600.0,Unknown,"Operational risk event: External fraud caused by External event in Retail banking located in Sichuan, Mianyang."
1112,RISK-0025,7.0,20100401,,810000.0,0.0,810000.0,High,,810000.0,Unknown,"Operational risk event: External fraud caused by External event in Retail banking located in Chongqing, Chongqing."
1113,RISK-0025,7.0,20101001,,215907.0,0.0,215907.0,Medium,,215907.0,Unknown,"Operational risk event: External fraud caused by External event in Retail banking located in Guangdong, Foshan."
1114,RISK-0023,3.0,,,100000000.0,0.0,100000000.0,Critical,,100000000.0,Unknown,"Operational risk event: External fraud caused by External event in Commercial banking located in Ningxia, Yinchuan."
1115,RISK-0025,7.0,,,600000.0,0.0,600000.0,High,,600000.0,Unknown,"Operational risk event: External fraud caused by External event in Retail banking located in Beijing, Unknown city."
1116,RISK-0025,7.0,20091001,,9500.0,0.0,9500.0,Low,,9500.0,Unknown,"Operational risk event: External fraud caused by External event in Retail banking located in Shanghai, Shanghai."
1117,RISK-0025,7.0,,,1000000.0,0.0,1000000.0,Critical,,1000000.0,Unknown,"Operational risk event: External fraud caused by External event in Retail banking located in Jiangsu, Suzhou."
1118,RISK-0013,7.0,,,100.0,0.0,100.0,Low,,100.0,Unknown,"Operational risk event: Execution, delivery & process management caused by Process in Retail banking located in Unknown province, Unknown city."
1119,RISK-0025,7.0,,,200000.0,0.0,200000.0,Medium,,200000.0,Unknown,"Operational risk event: External fraud caused by External event in Retail banking located in Beijing, Beijing."
1120,RISK-0054,1.0,20091001,,50000.0,0.0,50000.0,Medium,,50000.0,Unknown,"Operational risk event: Clients, products & business practices caused by People in Agency services located in Hainan, Unknown city."
1121,RISK-0005,7.0,,,35800.0,0.0,35800.0,Low,,35800.0,Unknown,"Operational risk event: Internal fraud caused by People in Retail banking located in Guizhou, Qiandongnan."
1122,RISK-0005,7.0,,,8210000.0,0.0,8210000.0,Critical,,8210000.0,Unknown,"Operational risk event: Internal fraud caused by People in Retail banking located in Jilin, Baishan."
1123,RISK-0005,7.0,,,4521400.0,0.0,4521400.0,Critical,,4521400.0,Unknown,"Operational risk event: Internal fraud caused by People in Retail banking located in Gansu, Qingyang."
1124,RISK-0005,7.0,20060101,,8910000.0,0.0,8910000.0,Critical,,8910000.0,Unknown,"Operational risk event: Internal fraud caused by People in Retail banking located in Chongqing, Chongqing."
1125,RISK-0005,7.0,20091101,,2700000.0,0.0,2700000.0,Critical,,2700000.0,Unknown,"Operational risk event: Internal fraud caused by People in Retail banking located in Anhui, Hefei."
1126,RISK-0005,7.0,,,10650000.0,0.0,10650000.0,Critical,,10650000.0,Unknown,"Operational risk event: Internal fraud caused by People in Retail banking located in Liaoning, Shenyang."
1127,RISK-0005,7.0,,,130000.0,0.0,130000.0,Medium,,130000.0,Unknown,"Operational risk event: Internal fraud caused by People in Retail banking located in Beijing, Unknown city."
1128,RISK-0005,7.0,20090801,,90000.0,0.0,90000.0,Medium,,90000.0,Unknown,"Operational risk event: Internal fraud caused by People in Retail banking located in Beijing, Beijing."
1129,RISK-0005,7.0,20100501,,75400000.0,0.0,75400000.0,Critical,,75400000.0,Unknown,"Operational risk event: Internal fraud caused by People in Retail banking located in Chongqing, Chongqing."
1130,RISK-0005,7.0,20090901,,102000.0,0.0,102000.0,Medium,,102000.0,Unknown,"Operational risk event: Internal fraud caused by People in Retail banking located in Liaoning, Tieling."
1131,RISK-0005,7.0,20100401,,1329866.0,0.0,1329866.0,Critical,,1329866.0,Unknown,"Operational risk event: Internal fraud caused by People in Retail banking located in Chongqing, Chongqing."
1132,RISK-0005,7.0,,,872500.0,0.0,872500.0,High,,872500.0,Unknown,"Operational risk event: Internal fraud caused by People in Retail banking located in Shandong, Jinan."
1133,RISK-0001,3.0,20021201,,89500000.0,0.0,89500000.0,Critical,,89500000.0,Unknown,"Operational risk event: Internal fraud caused by People in Commercial banking located in Guangdong, Guangzhou."
1134,RISK-0002,5.0,20050801,,629000.0,0.0,629000.0,High,,629000.0,Unknown,"Operational risk event: Internal fraud caused by People in No business line located in Gansu, Jiuquan."
1135,RISK-0002,5.0,20071201,,46000000.0,0.0,46000000.0,Critical,,46000000.0,Unknown,"Operational risk event: Internal fraud caused by People in No business line located in Shaanxi, Xi'an."
1136,RISK-0005,7.0,20101101,,20000000.0,0.0,20000000.0,Critical,,20000000.0,Unknown,"Operational risk event: Internal fraud caused by People in Retail banking located in Shanxi, Taiyuan."
1137,RISK-0005,7.0,,,40090000.0,0.0,40090000.0,Critical,,40090000.0,Unknown,"Operational risk event: Internal fraud caused by People in Retail banking located in Guangxi, Laibin."
1138,RISK-0005,7.0,20100601,,300000.0,0.0,300000.0,High,,300000.0,Unknown,"Operational risk event: Internal fraud caused by People in Retail banking located in Chongqing, Chongqing."
1139,RISK-0001,3.0,20100101,,24500000.0,0.0,24500000.0,Critical,,24500000.0,Unknown,"Operational risk event: Internal fraud caused by People in Commercial banking located in Shanghai, Shanghai."
1140,RISK-0005,7.0,20100301,,11000.0,0.0,11000.0,Low,,11000.0,Unknown,"Operational risk event: Internal fraud caused by People in Retail banking located in Anhui, Chuzhou."
1141,RISK-0005,7.0,20080501,,540000.0,0.0,540000.0,High,,540000.0,Unknown,"Operational risk event: Internal fraud caused by People in Retail banking located in Shanghai, Shanghai."
1142,RISK-0005,7.0,20100101,,910000.0,0.0,910000.0,High,,910000.0,Unknown,"Operational risk event: Internal fraud caused by People in Retail banking located in Shaanxi, Xi'an."
1143,RISK-0005,7.0,20071201,,6000000.0,0.0,6000000.0,Critical,,6000000.0,Unknown,"Operational risk event: Internal fraud caused by People in Retail banking located in Guangdong, Shenzhen."
1144,RISK-0005,7.0,20060101,,200000.0,0.0,200000.0,Medium,,200000.0,Unknown,"Operational risk event: Internal fraud caused by People in Retail banking located in Beijing, Beijing."
1145,RISK-0005,7.0,20090901,,300000.0,0.0,300000.0,High,,300000.0,Unknown,"Operational risk event: Internal fraud caused by People in Retail banking located in Jiangsu, Zhenjiang."
1146,RISK-0005,7.0,20100201,,82000.0,0.0,82000.0,Medium,,82000.0,Unknown,"Operational risk event: Internal fraud caused by People in Retail banking located in Beijing, Beijing."
1147,RISK-0013,7.0,20100801,,20000.0,0.0,20000.0,Low,,20000.0,Unknown,"Operational risk event: Execution, delivery & process management caused by Process in Retail banking located in Fujian, Putian."
1148,RISK-0014,6.0,20100701,,29479.06,0.0,29479.06,Low,,29479.06,Unknown,"Operational risk event: Execution, delivery & process management caused by Process in Payment and settlement located in Jiangxi, Pingxiang."
1149,RISK-0013,7.0,20100901,,4200.0,0.0,4200.0,Low,,4200.0,Unknown,"Operational risk event: Execution, delivery & process management caused by Process in Retail banking located in Xinjiang, Unknown city."
1150,RISK-0013,7.0,20100701,,20000.0,0.0,20000.0,Low,,20000.0,Unknown,"Operational risk event: Execution, delivery & process management caused by Process in Retail banking located in Xinjiang, Urumqi."
1151,RISK-0019,7.0,20100101,,19950.0,0.0,19950.0,Low,,19950.0,Unknown,"Operational risk event: Business disruption and system failures caused by System in Retail banking located in Guangdong, Zhongshan."
1152,RISK-0019,7.0,20100601,,15000.0,0.0,15000.0,Low,,15000.0,Unknown,"Operational risk event: Business disruption and system failures caused by System in Retail banking located in Hubei, Wuhan."
1153,RISK-0025,7.0,,,400000.0,0.0,400000.0,High,,400000.0,Unknown,"Operational risk event: External fraud caused by External event in Retail banking located in Sichuan, Zigong."
1154,RISK-0025,7.0,20100601,,120000.0,0.0,120000.0,Medium,,120000.0,Unknown,"Operational risk event: External fraud caused by External event in Retail banking located in Hubei, Unknown city."
1155,RISK-0025,7.0,,,125000.0,0.0,125000.0,Medium,,125000.0,Unknown,"Operational risk event: External fraud caused by External event in Retail banking located in Gansu, Qingyang."
1156,RISK-0025,7.0,20111001,,9964.11,0.0,9964.11,Low,,9964.11,Unknown,"Operational risk event: External fraud caused by External event in Retail banking located in Liaoning, Shenyang."
1157,RISK-0025,7.0,20100301,,270000.0,0.0,270000.0,High,,270000.0,Unknown,"Operational risk event: External fraud caused by External event in Retail banking located in Gansu, Lanzhou."
1158,RISK-0025,7.0,20100301,,40000.0,0.0,40000.0,Low,,40000.0,Unknown,"Operational risk event: External fraud caused by External event in Retail banking located in Hubei, Wuhan."
1159,RISK-0025,7.0,20100901,,310000.0,0.0,310000.0,High,,310000.0,Unknown,"Operational risk event: External fraud caused by External event in Retail banking located in Guangdong, Foshan."
1160,RISK-0025,7.0,,,60600000.0,0.0,60600000.0,Critical,,60600000.0,Unknown,"Operational risk event: External fraud caused by External event in Retail banking located in Shanxi, Taiyuan."
1161,RISK-0025,7.0,20070401,,350000.0,0.0,350000.0,High,,350000.0,Unknown,"Operational risk event: External fraud caused by External event in Retail banking located in Hebei, Baoding."
1162,RISK-0025,7.0,20100801,,280000.0,0.0,280000.0,High,,280000.0,Unknown,"Operational risk event: External fraud caused by External event in Retail banking located in Gansu, Zhangye."
1163,RISK-0025,7.0,,,100000.0,0.0,100000.0,Medium,,100000.0,Unknown,"Operational risk event: External fraud caused by External event in Retail banking located in Guangxi, Hechi."
1164,RISK-0025,7.0,,,13500.0,0.0,13500.0,Low,,13500.0,Unknown,"Operational risk event: External fraud caused by External event in Retail banking located in Jiangxi, Ji'an."
1165,RISK-0023,3.0,20100101,,1200000.0,0.0,1200000.0,Critical,,1200000.0,Unknown,"Operational risk event: External fraud caused by External event in Commercial banking located in Jiangsu, Unknown city."
1166,RISK-0025,7.0,20100601,,21917.0,0.0,21917.0,Low,,21917.0,Unknown,"Operational risk event: External fraud caused by External event in Retail banking located in Guangdong, Zhuhai."
1167,RISK-0025,7.0,20100201,,56150.0,0.0,56150.0,Medium,,56150.0,Unknown,"Operational risk event: External fraud caused by External event in Retail banking located in Jilin, Siping."
1168,RISK-0023,3.0,20070101,,430000000.0,0.0,430000000.0,Critical,,430000000.0,Unknown,"Operational risk event: External fraud caused by External event in Commercial banking located in Beijing, Beijing."
1169,RISK-0025,7.0,,,500000.0,0.0,500000.0,High,,500000.0,Unknown,"Operational risk event: External fraud caused by External event in Retail banking located in Shandong, Rizhao."
1170,RISK-0025,7.0,20101101,,31512.0,0.0,31512.0,Low,,31512.0,Unknown,"Operational risk event: External fraud caused by External event in Retail banking located in Zhejiang, Wenzhou."
1171,RISK-0025,7.0,20041201,,578240.0,0.0,578240.0,High,,578240.0,Unknown,"Operational risk event: External fraud caused by External event in Retail banking located in Guangdong, Guangzhou."
1172,RISK-0025,7.0,20090701,,32697.6,0.0,32697.6,Low,,32697.6,Unknown,"Operational risk event: External fraud caused by External event in Retail banking located in Guangdong, Guangzhou."
1173,RISK-0025,7.0,20101101,,70000.0,0.0,70000.0,Medium,,70000.0,Unknown,"Operational risk event: External fraud caused by External event in Retail banking located in Fujian, Xiamen."
1174,RISK-0025,7.0,20100401,,27570.0,0.0,27570.0,Low,,27570.0,Unknown,"Operational risk event: External fraud caused by External event in Retail banking located in Guangdong, Dongguan."
1175,RISK-0025,7.0,,,1395000.0,0.0,1395000.0,Critical,,1395000.0,Unknown,"Operational risk event: External fraud caused by External event in Retail banking located in Guangdong, Dongguan."
1176,RISK-0025,7.0,,,740000.0,0.0,740000.0,High,,740000.0,Unknown,"Operational risk event: External fraud caused by External event in Retail banking located in Beijing, Beijing."
1177,RISK-0025,7.0,20080501,,1130000.0,0.0,1130000.0,Critical,,1130000.0,Unknown,"Operational risk event: External fraud caused by External event in Retail banking located in Beijing, Beijing."
1178,RISK-0025,7.0,20040101,,234162.32,0.0,234162.32,Medium,,234162.32,Unknown,"Operational risk event: External fraud caused by External event in Retail banking located in Hunan, Chenzhou."
1179,RISK-0025,7.0,20080401,,127600.0,0.0,127600.0,Medium,,127600.0,Unknown,"Operational risk event: External fraud caused by External event in Retail banking located in Beijing, Beijing."
1180,RISK-0025,7.0,20100601,,60590.0,0.0,60590.0,Medium,,60590.0,Unknown,"Operational risk event: External fraud caused by External event in Retail banking located in Zhejiang, Wenzhou."
1181,RISK-0025,7.0,20100101,,14400.0,0.0,14400.0,Low,,14400.0,Unknown,"Operational risk event: External fraud caused by External event in Retail banking located in Hubei, Wuhan."
1182,RISK-0025,7.0,20090901,,400000.0,0.0,400000.0,High,,400000.0,Unknown,"Operational risk event: External fraud caused by External event in Retail banking located in Sichuan, Chengdu."
1183,RISK-0025,7.0,20101001,,58000.0,0.0,58000.0,Medium,,58000.0,Unknown,"Operational risk event: External fraud caused by External event in Retail banking located in Hunan, Xiangtan."
1184,RISK-0025,7.0,,,600000.0,0.0,600000.0,High,,600000.0,Unknown,"Operational risk event: External fraud caused by External event in Retail banking located in Zhejiang, Jiaxing."
1185,RISK-0025,7.0,20100901,,48000.0,0.0,48000.0,Low,,48000.0,Unknown,"Operational risk event: External fraud caused by External event in Retail banking located in Zhejiang, Jinhua."
1186,RISK-0025,7.0,20100201,,950000.0,0.0,950000.0,High,,950000.0,Unknown,"Operational risk event: External fraud caused by External event in Retail banking located in Hainan, Unknown city."
1187,RISK-0025,7.0,,,187700.0,0.0,187700.0,Medium,,187700.0,Unknown,"Operational risk event: External fraud caused by External event in Retail banking located in Hubei, Huanggang."
1188,RISK-0025,7.0,20080801,,110000.0,0.0,110000.0,Medium,,110000.0,Unknown,"Operational risk event: External fraud caused by External event in Retail banking located in Shandong, Zibo."
1189,RISK-0025,7.0,20090501,,100000.0,0.0,100000.0,Medium,,100000.0,Unknown,"Operational risk event: External fraud caused by External event in Retail banking located in Sichuan, Chengdu."
1190,RISK-0025,7.0,,,800000.0,0.0,800000.0,High,,800000.0,Unknown,"Operational risk event: External fraud caused by External event in Retail banking located in Beijing, Beijing."
1191,RISK-0025,7.0,20100601,,420000.0,0.0,420000.0,High,,420000.0,Unknown,"Operational risk event: External fraud caused by External event in Retail banking located in Shanxi, Changzhi."
1192,RISK-0025,7.0,20100501,,228000.0,0.0,228000.0,Medium,,228000.0,Unknown,"Operational risk event: External fraud caused by External event in Retail banking located in Shandong, Qingdao."
1193,RISK-0036,6.0,,,9675600.0,0.0,9675600.0,Critical,,9675600.0,Unknown,"Operational risk event: Internal fraud caused by Process in Payment and settlement located in Chongqing, Chongqing."
1194,RISK-0025,7.0,20080901,,335300.0,0.0,335300.0,High,,335300.0,Unknown,"Operational risk event: External fraud caused by External event in Retail banking located in Fujian, Ningde."
1195,RISK-0055,1.0,20100801,,6039.0,0.0,6039.0,Low,,6039.0,Unknown,"Operational risk event: Execution, delivery & process management caused by External event in Agency services located in Shanghai, Shanghai."
1196,RISK-0025,7.0,20101201,,100000.0,0.0,100000.0,Medium,,100000.0,Unknown,"Operational risk event: External fraud caused by External event in Retail banking located in Guangdong, Guangzhou."
1197,RISK-0025,7.0,20100301,,270000.0,0.0,270000.0,High,,270000.0,Unknown,"Operational risk event: External fraud caused by External event in Retail banking located in Zhejiang, Hangzhou."
1198,RISK-0025,7.0,20100101,,400000.0,0.0,400000.0,High,,400000.0,Unknown,"Operational risk event: External fraud caused by External event in Retail banking located in Henan, Zhengzhou."
1199,RISK-0013,7.0,20100701,,20000.0,0.0,20000.0,Low,,20000.0,Unknown,"Operational risk event: Execution, delivery & process management caused by Process in Retail banking located in Xinjiang, Urumqi."
1200,RISK-0019,7.0,20100601,,15000.0,0.0,15000.0,Low,,15000.0,Unknown,"Operational risk event: Business disruption and system failures caused by System in Retail banking located in Hubei, Wuhan."
1201,RISK-0025,7.0,20180701,,21500.0,0.0,21500.0,Low,,21500.0,Unknown,"Operational risk event: External fraud caused by External event in Retail banking located in Hubei,Chongqing,Shaanxi, Nanjing."
1202,RISK-0001,3.0,,,211000000.0,0.0,211000000.0,Critical,,211000000.0,Unknown,"Operational risk event: Internal fraud caused by People in Commercial banking located in Zhejiang, Hangzhou."
1203,RISK-0005,7.0,20140701,,1058000.0,0.0,1058000.0,Critical,,1058000.0,Unknown,"Operational risk event: Internal fraud caused by People in Retail banking located in Unknown province, Unknown city."
1204,RISK-0023,3.0,,,129000000.0,0.0,129000000.0,Critical,,129000000.0,Unknown,"Operational risk event: External fraud caused by External event in Commercial banking located in Jiangsu,Fujian, Changzhou,Quanzhou."
1205,RISK-0001,3.0,,,1020000.0,0.0,1020000.0,Critical,,1020000.0,Unknown,"Operational risk event: Internal fraud caused by People in Commercial banking located in Anhui, Unknown city."
1206,RISK-0001,3.0,20010601,,2160000.0,0.0,2160000.0,Critical,,2160000.0,Unknown,"Operational risk event: Internal fraud caused by People in Commercial banking located in Hebei, Tangshan."
1207,RISK-0001,3.0,20140301,,140000000.0,0.0,140000000.0,Critical,,140000000.0,Unknown,"Operational risk event: Internal fraud caused by People in Commercial banking located in Shanghai,Jiangsu,Zhejiang,Chongqing, Wenzhou,Ningbo,Hangzhou,Taizhou,Jiaxing,Huzhou,Shaoxing,Zhoushan,Lishui,Chengdu."
1208,RISK-0005,7.0,20130401,,188000000.0,0.0,188000000.0,Critical,,188000000.0,Unknown,"Operational risk event: Internal fraud caused by People in Retail banking located in Beijing,Shanghai,Fujian, Fuzhou,Sanming,Shenzhen,Chengdu."
1209,RISK-0001,3.0,20071001,,1700000.0,0.0,1700000.0,Critical,,1700000.0,Unknown,"Operational risk event: Internal fraud caused by People in Commercial banking located in Anhui, Unknown city."
1210,RISK-0056,9.0,20170401,,2100000.0,0.0,2100000.0,Critical,,2100000.0,Unknown,"Operational risk event: Business disruption and system failures caused by Process in Trading & sales located in Shanghai,Hongkong, Unknown city."
1211,RISK-0002,5.0,,,20056700.0,0.0,20056700.0,Critical,,20056700.0,Unknown,"Operational risk event: Internal fraud caused by People in No business line located in Shanxi, Taiyuan,Datong,Yuncheng,Jincheng."
1212,RISK-0057,2.0,20170601,,30000.0,0.0,30000.0,Low,,30000.0,Unknown,"Operational risk event: Clients, products & business practices caused by Process in Asset management located in Beijing,Gansu, Lanzhou."
1213,RISK-0025,7.0,20130901,,700000.0,0.0,700000.0,High,,700000.0,Unknown,"Operational risk event: External fraud caused by External event in Retail banking located in Henan, Dalian,Heihe,Suzhou,Nanjing,Xi'an."
1214,RISK-0001,3.0,20120701,,6658400.0,0.0,6658400.0,Critical,,6658400.0,Unknown,"Operational risk event: Internal fraud caused by People in Commercial banking located in Henan, Zhumadian."
1215,RISK-0001,3.0,20130401,,1350000.0,0.0,1350000.0,Critical,,1350000.0,Unknown,"Operational risk event: Internal fraud caused by People in Commercial banking located in Jiangsu,Qinghai, Wuxi,Xining."
1216,RISK-0002,5.0,20140501,,1370000.0,0.0,1370000.0,Critical,,1370000.0,Unknown,"Operational risk event: Internal fraud caused by People in No business line located in Sichuan, Chengdu,Guangyuan,Ya'an."
1217,RISK-0023,3.0,,,79000000.0,0.0,79000000.0,Critical,,79000000.0,Unknown,"Operational risk event: External fraud caused by External event in Commercial banking located in Jiangsu, Lianyungang,Wenzhou,Hangzhou,Huzhou."
1218,RISK-0058,9.0,20150601,,576500.0,0.0,576500.0,High,,576500.0,Unknown,"Operational risk event: Clients, products & business practices caused by Process in Trading & sales located in Beijing, Unknown city."
1219,RISK-0059,3.0,20080501,,4660000.0,0.0,4660000.0,Critical,,4660000.0,Unknown,"Operational risk event: Internal fraud caused by External event in Commercial banking located in Hubei, Unknown city."
1220,RISK-0025,7.0,20161101,,9500000.0,0.0,9500000.0,Critical,,9500000.0,Unknown,"Operational risk event: External fraud caused by External event in Retail banking located in Unknown province, Mianyang,Guangyuan."
1221,RISK-0023,3.0,20160101,,250000000.0,0.0,250000000.0,Critical,,250000000.0,Unknown,"Operational risk event: External fraud caused by External event in Commercial banking located in Shanghai,Jiangsu,Zhejiang,Guizhou, Xuzhou,Wuxi,Nanjing,Changsha."
1222,RISK-0001,3.0,20130201,,27000000.0,0.0,27000000.0,Critical,,27000000.0,Unknown,"Operational risk event: Internal fraud caused by People in Commercial banking located in Chongqing,Yunnan, Kunming,Qujing,Simao."
1223,RISK-0023,3.0,20151201,,2000000.0,0.0,2000000.0,Critical,,2000000.0,Unknown,"Operational risk event: External fraud caused by External event in Commercial banking located in Shandong, Unknown city."
1224,RISK-0005,7.0,20160301,,800000.0,0.0,800000.0,High,,800000.0,Unknown,"Operational risk event: Internal fraud caused by People in Retail banking located in Shandong, Liaocheng."
1225,RISK-0031,2.0,19961201,,14000000.0,0.0,14000000.0,Critical,,14000000.0,Unknown,"Operational risk event: Internal fraud caused by People in Asset management located in Beijing,Tianjin,Liaoning,Heilongjiang,Hubei,Hunan,Guangdong,Guangxi,Macao, Heihe,Qingdao,Zhuhai."
1226,RISK-0005,7.0,20130601,,8070000.0,0.0,8070000.0,Critical,,8070000.0,Unknown,"Operational risk event: Internal fraud caused by People in Retail banking located in Shandong, Unknown city."
1227,RISK-0023,3.0,,,17350000.0,0.0,17350000.0,Critical,,17350000.0,Unknown,"Operational risk event: External fraud caused by External event in Commercial banking located in Hunan, Changsha."
1228,RISK-0031,2.0,19961201,,13921099.999999998,0.0,13921099.999999998,Critical,,13921099.999999998,Unknown,"Operational risk event: Internal fraud caused by People in Asset management located in Beijing,Liaoning,Guangdong,Guangxi,Macao, Qingdao,Zhuhai."
1229,RISK-0023,3.0,20121001,,10785000.0,0.0,10785000.0,Critical,,10785000.0,Unknown,"Operational risk event: External fraud caused by External event in Commercial banking located in Shandong, Binzhou."
1230,RISK-0023,3.0,20131101,,9233600.0,0.0,9233600.0,Critical,,9233600.0,Unknown,"Operational risk event: External fraud caused by External event in Commercial banking located in Unknown province, Taian."
1231,RISK-0001,3.0,20020601,,587300.0,0.0,587300.0,High,,587300.0,Unknown,"Operational risk event: Internal fraud caused by People in Commercial banking located in Unknown province, Enshi."
1232,RISK-0045,2.0,20161201,,2000000.0,0.0,2000000.0,Critical,,2000000.0,Unknown,"Operational risk event: Execution, delivery & process management caused by Process in Asset management located in Shanghai, Unknown city."
1233,RISK-0005,7.0,,,5200000.0,0.0,5200000.0,Critical,,5200000.0,Unknown,"Operational risk event: Internal fraud caused by People in Retail banking located in Henan, Unknown city."
1234,RISK-0031,2.0,,,8000000.0,0.0,8000000.0,Critical,,8000000.0,Unknown,"Operational risk event: Internal fraud caused by People in Asset management located in Unknown province, Huaihua."
1235,RISK-0002,5.0,19881201,,25080000.0,0.0,25080000.0,Critical,,25080000.0,Unknown,"Operational risk event: Internal fraud caused by People in No business line located in Jilin,Heilongjiang,Jiangsu,Shandong,Henan,Hunan,Sichuan,Yunnan, Jilin,Yichun,Xuzhou,Nanjing,Nantong,Lianyungang,Yantai,Rizhao,Huaihua,Dongfang,Chengdu."
1236,RISK-0060,9.0,20130801,,80000000.0,0.0,80000000.0,Critical,,80000000.0,Unknown,"Operational risk event: Clients, products & business practices caused by External event in Trading & sales located in Inner mongolia,Fujian,Jiangxi,Inner mongolia, Quanzhou,Nanchang."
1237,RISK-0023,3.0,,,1594000000.0,0.0,1594000000.0,Critical,,1594000000.0,Unknown,"Operational risk event: External fraud caused by External event in Commercial banking located in Hunan,Guangdong,Sichuan, Hengyang,Shenzhen,Chengdu,Ziyang."
1238,RISK-0023,3.0,20070801,,110000000.0,0.0,110000000.0,Critical,,110000000.0,Unknown,"Operational risk event: External fraud caused by External event in Commercial banking located in Henan, Qingdao,Sanmenxia."
1239,RISK-0023,3.0,,,129000000.0,0.0,129000000.0,Critical,,129000000.0,Unknown,"Operational risk event: External fraud caused by External event in Commercial banking located in Beijing,Jiangsu, Yancheng,Changzhou,Ali."
1240,RISK-0031,2.0,20130901,,3103300.0,0.0,3103300.0,Critical,,3103300.0,Unknown,"Operational risk event: Internal fraud caused by People in Asset management located in Anhui, Unknown city."
1241,RISK-0023,3.0,,,126000000.0,0.0,126000000.0,Critical,,126000000.0,Unknown,"Operational risk event: External fraud caused by External event in Commercial banking located in Unknown province, Luoyang."
1242,RISK-0023,3.0,,,158887100.0,0.0,158887100.0,Critical,,158887100.0,Unknown,"Operational risk event: External fraud caused by External event in Commercial banking located in Fujian, Quanzhou."
1243,RISK-0023,3.0,,,129000000.0,0.0,129000000.0,Critical,,129000000.0,Unknown,"Operational risk event: External fraud caused by External event in Commercial banking located in Jiangsu, Changzhou."
1244,RISK-0005,7.0,,,828000.0,0.0,828000.0,High,,828000.0,Unknown,"Operational risk event: Internal fraud caused by People in Retail banking located in Sichuan, Unknown city."
1245,RISK-0001,3.0,20130801,,18650000.0,0.0,18650000.0,Critical,,18650000.0,Unknown,"Operational risk event: Internal fraud caused by People in Commercial banking located in Fujian, Quanzhou."
1246,RISK-0023,3.0,20160701,,370000000.0,0.0,370000000.0,Critical,,370000000.0,Unknown,"Operational risk event: External fraud caused by External event in Commercial banking located in Guizhou, Guiyang."
1247,RISK-0023,3.0,20160401,,114000000.0,0.0,114000000.0,Critical,,114000000.0,Unknown,"Operational risk event: External fraud caused by External event in Commercial banking located in Shanghai,Zhejiang, Jiaxing."
1248,RISK-0023,3.0,,,370000000.0,0.0,370000000.0,Critical,,370000000.0,Unknown,"Operational risk event: External fraud caused by External event in Commercial banking located in Shanghai, Unknown city."
1249,RISK-0061,2.0,20190401,,12200000000.0,0.0,12200000000.0,Critical,,12200000000.0,Unknown,"Operational risk event: Clients, products & business practices caused by External event in Asset management located in Beijing, Shenzhen."
1250,RISK-0001,3.0,20120301,,80000000.0,0.0,80000000.0,Critical,,80000000.0,Unknown,"Operational risk event: Internal fraud caused by People in Commercial banking located in Sichuan, Dalian,Chengdu,Deyang,Liangshan."
1251,RISK-0001,3.0,20130201,,223920000.0,0.0,223920000.0,Critical,,223920000.0,Unknown,"Operational risk event: Internal fraud caused by People in Commercial banking located in Hunan, Hengyang."
1252,RISK-0001,3.0,20150701,,30000000.0,0.0,30000000.0,Critical,,30000000.0,Unknown,"Operational risk event: Internal fraud caused by People in Commercial banking located in Hebei, Shijiazhuang."
1253,RISK-0023,3.0,20131001,,717000000.0,0.0,717000000.0,Critical,,717000000.0,Unknown,"Operational risk event: External fraud caused by External event in Commercial banking located in Shanxi, Taiyuan,Jincheng,Jinzhong,Sanmenxia,Xi'an."
1254,RISK-0023,3.0,20131001,,134000000.0,0.0,134000000.0,Critical,,134000000.0,Unknown,"Operational risk event: External fraud caused by External event in Commercial banking located in Hubei,Guangdong, Unknown city."
1255,RISK-0001,3.0,20140501,,140000000.0,0.0,140000000.0,Critical,,140000000.0,Unknown,"Operational risk event: Internal fraud caused by People in Commercial banking located in Sichuan, Chengdu,Meishan."
1256,RISK-0023,3.0,20140401,,140000000.0,0.0,140000000.0,Critical,,140000000.0,Unknown,"Operational risk event: External fraud caused by External event in Commercial banking located in Shandong, Qingdao,Binzhou,Dongying."
1257,RISK-0001,3.0,20150301,,3000000000.0,0.0,3000000000.0,Critical,,3000000000.0,Unknown,"Operational risk event: Internal fraud caused by People in Commercial banking located in Beijing,Shandong, Langfang,Jinan,Qingdao."
1258,RISK-0001,3.0,20160301,,218000000.0,0.0,218000000.0,Critical,,218000000.0,Unknown,"Operational risk event: Internal fraud caused by People in Commercial banking located in Shandong, Heze."
1259,RISK-0023,3.0,20121101,,12800000.0,0.0,12800000.0,Critical,,12800000.0,Unknown,"Operational risk event: External fraud caused by External event in Commercial banking located in Shandong, Jining."
1260,RISK-0031,2.0,20120301,,300000.0,0.0,300000.0,High,,300000.0,Unknown,"Operational risk event: Internal fraud caused by People in Asset management located in Unknown province, Unknown city."
1261,RISK-0023,3.0,20141001,,288475845.0,0.0,288475845.0,Critical,,288475845.0,Unknown,"Operational risk event: External fraud caused by External event in Commercial banking located in Anhui, Suzhou,Xiamen,Quanzhou,Rizhao."
1262,RISK-0031,2.0,20120901,,81384405.0,0.0,81384405.0,Critical,,81384405.0,Unknown,"Operational risk event: Internal fraud caused by People in Asset management located in Shanghai,Jiangxi, Nanchang."
1263,RISK-0062,6.0,20190201,,751000000.0,0.0,751000000.0,Critical,,751000000.0,Unknown,"Operational risk event: Clients, products & business practices caused by External event in Payment and settlement located in Shanghai, Unknown city."
1264,RISK-0058,9.0,20160301,,1800000.0,0.0,1800000.0,Critical,,1800000.0,Unknown,"Operational risk event: Clients, products & business practices caused by Process in Trading & sales located in Beijing,Tianjin,Shanghai,Hunan, Shenzhen."
1265,RISK-0059,3.0,20121101,,90000000.0,0.0,90000000.0,Critical,,90000000.0,Unknown,"Operational risk event: Internal fraud caused by External event in Commercial banking located in Heilongjiang,Shandong, Harbin."
1266,RISK-0063,9.0,20150601,,800000000.0,0.0,800000000.0,Critical,,800000000.0,Unknown,"Operational risk event: Clients, products & business practices caused by People in Trading & sales located in Shanghai,Chongqing, Xi'an."
1267,RISK-0008,9.0,,,50000000.0,0.0,50000000.0,Critical,,50000000.0,Unknown,"Operational risk event: Internal fraud caused by People in Trading & sales located in Beijing, Shangqiu."
1268,RISK-0005,7.0,20111101,,11520000.0,0.0,11520000.0,Critical,,11520000.0,Unknown,"Operational risk event: Internal fraud caused by People in Retail banking located in Jiangsu, Huaian."
1269,RISK-0031,2.0,20120301,,16923500.0,0.0,16923500.0,Critical,,16923500.0,Unknown,"Operational risk event: Internal fraud caused by People in Asset management located in Shandong, Linyi."
1270,RISK-0023,3.0,20111201,,889000000.0,0.0,889000000.0,Critical,,889000000.0,Unknown,"Operational risk event: External fraud caused by External event in Commercial banking located in Shanghai, Nanjing."
1271,RISK-0058,9.0,20171201,,500000.0,0.0,500000.0,High,,500000.0,Unknown,"Operational risk event: Clients, products & business practices caused by Process in Trading & sales located in Shanghai, Unknown city."
1272,RISK-0057,2.0,20171201,,500000.0,0.0,500000.0,High,,500000.0,Unknown,"Operational risk event: Clients, products & business practices caused by Process in Asset management located in Unknown province, Unknown city."
1273,RISK-0031,2.0,20171201,,500000.0,0.0,500000.0,High,,500000.0,Unknown,"Operational risk event: Internal fraud caused by People in Asset management located in Unknown province, Unknown city."
1274,RISK-0064,7.0,20140801,,570000.0,0.0,570000.0,High,,570000.0,Unknown,"Operational risk event: Internal fraud caused by External event in Retail banking located in Sichuan, Chengdu."
1275,RISK-0031,2.0,20061001,,640000.0,0.0,640000.0,High,,640000.0,Unknown,"Operational risk event: Internal fraud caused by People in Asset management located in Guangdong, Unknown city."
1276,RISK-0024,6.0,20150301,,5000000.0,0.0,5000000.0,Critical,,5000000.0,Unknown,"Operational risk event: External fraud caused by External event in Payment and settlement located in Beijing, Unknown city."
1277,RISK-0065,6.0,20180401,,1632605.0,0.0,1632605.0,Critical,,1632605.0,Unknown,"Operational risk event: Clients, products & business practices caused by Process in Payment and settlement located in Beijing, Quanzhou."
1278,RISK-0023,3.0,20121101,,19311900.0,0.0,19311900.0,Critical,,19311900.0,Unknown,"Operational risk event: External fraud caused by External event in Commercial banking located in Shanghai,Jiangxi, Nanchang,Zhongshan."
1279,RISK-0023,3.0,20130301,,38453897.0,0.0,38453897.0,Critical,,38453897.0,Unknown,"Operational risk event: External fraud caused by External event in Commercial banking located in Zhejiang, Unknown city."
1280,RISK-0023,3.0,20150901,,39000000.0,0.0,39000000.0,Critical,,39000000.0,Unknown,"Operational risk event: External fraud caused by External event in Commercial banking located in Unknown province, Binzhou."
1281,RISK-0066,2.0,20161201,,1215600.0,0.0,1215600.0,Critical,,1215600.0,Unknown,"Operational risk event: Internal fraud caused by Process in Asset management located in Henan, Zhengzhou."
1282,RISK-0031,2.0,20150201,,840000.0,0.0,840000.0,High,,840000.0,Unknown,"Operational risk event: Internal fraud caused by People in Asset management located in Hunan, Unknown city."
1283,RISK-0031,2.0,20040701,,5920000.0,0.0,5920000.0,Critical,,5920000.0,Unknown,"Operational risk event: Internal fraud caused by People in Asset management located in Shanxi, Linfen."
1284,RISK-0031,2.0,,,10941400.000000002,0.0,10941400.000000002,Critical,,10941400.000000002,Unknown,"Operational risk event: Internal fraud caused by People in Asset management located in Hubei, Enshi."
1285,RISK-0025,7.0,20181201,,200000.0,0.0,200000.0,Medium,,200000.0,Unknown,"Operational risk event: External fraud caused by External event in Retail banking located in Beijing,Shanghai,Yunnan, Unknown city."
1286,RISK-0023,3.0,20170301,,120000000.0,0.0,120000000.0,Critical,,120000000.0,Unknown,"Operational risk event: External fraud caused by External event in Commercial banking located in Beijing,Guangxi,Shaanxi,Xinjiang, Chongzuo,Xi'an,Bayingolin."
1287,RISK-0023,3.0,,,97000000.0,0.0,97000000.0,Critical,,97000000.0,Unknown,"Operational risk event: External fraud caused by External event in Commercial banking located in Hunan, Loudi."
1288,RISK-0008,9.0,20130601,,155130000.0,0.0,155130000.0,Critical,,155130000.0,Unknown,"Operational risk event: Internal fraud caused by People in Trading & sales located in Shanghai,Jiangxi,Guangdong, Unknown city."
1289,RISK-0005,7.0,,,109037400.0,0.0,109037400.0,Critical,,109037400.0,Unknown,"Operational risk event: Internal fraud caused by People in Retail banking located in Jiangsu,Guangxi,Chongqing, Zhenjiang."
1290,RISK-0011,2.0,20120901,,40000000.0,0.0,40000000.0,Critical,,40000000.0,Unknown,"Operational risk event: Clients, products & business practices caused by People in Asset management located in Chongqing, Unknown city."
1291,RISK-0001,3.0,20131001,,97639000000.0,0.0,97639000000.0,Critical,,97639000000.0,Unknown,"Operational risk event: Internal fraud caused by People in Commercial banking located in Liaoning,Hubei,Chongqing, Chengdu,Kunming,Qujing."
1292,RISK-0023,3.0,20050401,,52560000.0,0.0,52560000.0,Critical,,52560000.0,Unknown,"Operational risk event: External fraud caused by External event in Commercial banking located in Beijing,Hebei,Shaanxi, Taiyuan."
1293,RISK-0001,3.0,20160901,,23306200.0,0.0,23306200.0,Critical,,23306200.0,Unknown,"Operational risk event: Internal fraud caused by People in Commercial banking located in Beijing, Unknown city."
1294,RISK-0001,3.0,,,20056700.0,0.0,20056700.0,Critical,,20056700.0,Unknown,"Operational risk event: Internal fraud caused by People in Commercial banking located in Shanxi, Taiyuan,Jincheng."
1295,RISK-0031,2.0,,,80000000.0,0.0,80000000.0,Critical,,80000000.0,Unknown,"Operational risk event: Internal fraud caused by People in Asset management located in Jiangsu,Zhejiang, Suzhou,Zhenjiang,Shaoxing."
1296,RISK-0001,3.0,,,43205081.0,0.0,43205081.0,Critical,,43205081.0,Unknown,"Operational risk event: Internal fraud caused by People in Commercial banking located in Beijing,Liaoning,Heilongjiang,Shandong, Dalian,Chaoyang,Jinan."
1297,RISK-0001,3.0,20150501,,450000000.0,0.0,450000000.0,Critical,,450000000.0,Unknown,"Operational risk event: Internal fraud caused by People in Commercial banking located in Beijing,Zhejiang, Ningbo,Chengdu,Zigong."
1298,RISK-0001,3.0,20141101,,115746200.0,0.0,115746200.0,Critical,,115746200.0,Unknown,"Operational risk event: Internal fraud caused by People in Commercial banking located in Zhejiang,Henan, Zhengzhou,Xuchang."
1299,RISK-0001,3.0,20100601,,80000000.0,0.0,80000000.0,Critical,,80000000.0,Unknown,"Operational risk event: Internal fraud caused by People in Commercial banking located in Hunan, Changsha,Yiyang,Chengdu,Ziyang."
1300,RISK-0001,3.0,20140601,,87800000.0,0.0,87800000.0,Critical,,87800000.0,Unknown,"Operational risk event: Internal fraud caused by People in Commercial banking located in Sichuan,Tibet, Dazhou."
1301,RISK-0025,7.0,20190101,,90000.0,0.0,90000.0,Medium,,90000.0,Unknown,"Operational risk event: External fraud caused by External event in Retail banking located in Unknown province, Zhengzhou."
1302,RISK-0031,2.0,20120801,,5500000.0,0.0,5500000.0,Critical,,5500000.0,Unknown,"Operational risk event: Internal fraud caused by People in Asset management located in Shandong, Weifang."
1303,RISK-0001,3.0,20111101,,58256822.0,0.0,58256822.0,Critical,,58256822.0,Unknown,"Operational risk event: Internal fraud caused by People in Commercial banking located in Yunnan, Kunming."
1304,RISK-0001,3.0,20130201,,64200000.0,0.0,64200000.0,Critical,,64200000.0,Unknown,"Operational risk event: Internal fraud caused by People in Commercial banking located in Unknown province, Ganzhou,Jiujiang,Xinyu,Dongfang."
1305,RISK-0001,3.0,20140101,,7100000.0,0.0,7100000.0,Critical,,7100000.0,Unknown,"Operational risk event: Internal fraud caused by People in Commercial banking located in Beijing,Liaoning,Shandong,Guangdong,Ningxia,Xinjiang, Shijiazhuang,Baotou,Shenzhen,Yinchuan,Urumqi."
1306,RISK-0031,2.0,20131101,,200000000.0,0.0,200000000.0,Critical,,200000000.0,Unknown,"Operational risk event: Internal fraud caused by People in Asset management located in Beijing,Hebei,Shanxi, Unknown city."
1307,RISK-0031,2.0,,,7755800.0,0.0,7755800.0,Critical,,7755800.0,Unknown,"Operational risk event: Internal fraud caused by People in Asset management located in Hubei, Unknown city."
1308,RISK-0005,7.0,20110601,,11200000.0,0.0,11200000.0,Critical,,11200000.0,Unknown,"Operational risk event: Internal fraud caused by People in Retail banking located in Unknown province, Weifang."
1309,RISK-0005,7.0,20161101,,26600000.0,0.0,26600000.0,Critical,,26600000.0,Unknown,"Operational risk event: Internal fraud caused by People in Retail banking located in Beijing,Jiangsu, Nanjing."
1310,RISK-0023,3.0,20131201,,370000000.0,0.0,370000000.0,Critical,,370000000.0,Unknown,"Operational risk event: External fraud caused by External event in Commercial banking located in Unknown province, Unknown city."
1311,RISK-0031,2.0,20150401,,11600000.0,0.0,11600000.0,Critical,,11600000.0,Unknown,"Operational risk event: Internal fraud caused by People in Asset management located in Unknown province, Unknown city."
1312,RISK-0025,7.0,20131201,,140000000.0,0.0,140000000.0,Critical,,140000000.0,Unknown,"Operational risk event: External fraud caused by External event in Retail banking located in Beijing,Liaoning,Henan,Guangxi,Yunnan,Shaanxi, Shenyang,Fuxin,Sanmenxia,Guilin,Weinan,Baiyin."
1313,RISK-0023,3.0,20140401,,7507000.0,0.0,7507000.0,Critical,,7507000.0,Unknown,"Operational risk event: External fraud caused by External event in Commercial banking located in Unknown province, Unknown city."
1314,RISK-0067,2.0,20161101,,7179000.0,0.0,7179000.0,Critical,,7179000.0,Unknown,"Operational risk event: Business disruption and system failures caused by System in Asset management located in Beijing, Chaoyang."
1315,RISK-0057,2.0,20181201,,50000.0,0.0,50000.0,Medium,,50000.0,Unknown,"Operational risk event: Clients, products & business practices caused by Process in Asset management located in Hebei, Unknown city."
1316,RISK-0031,2.0,20100501,,19005343.0,0.0,19005343.0,Critical,,19005343.0,Unknown,"Operational risk event: Internal fraud caused by People in Asset management located in Zhejiang,Shandong,Henan,Guangdong,Sichuan, Huzhou,Lishui,Xiamen,Quanzhou,Zhumadian."
1317,RISK-0001,3.0,,,90336100.0,0.0,90336100.0,Critical,,90336100.0,Unknown,"Operational risk event: Internal fraud caused by People in Commercial banking located in Tianjin,Chongqing, Dalian,Dongfang."
1318,RISK-0025,7.0,20181001,,200000.0,0.0,200000.0,Medium,,200000.0,Unknown,"Operational risk event: External fraud caused by External event in Retail banking located in Fujian, Zhangzhou."
1319,RISK-0001,3.0,20140601,,60000000.0,0.0,60000000.0,Critical,,60000000.0,Unknown,"Operational risk event: Internal fraud caused by People in Commercial banking located in Hebei,Shanxi,Inner mongolia,Inner mongolia, Hohhot,Hulun buir."
1320,RISK-0001,3.0,20150101,,76000000.0,0.0,76000000.0,Critical,,76000000.0,Unknown,"Operational risk event: Internal fraud caused by People in Commercial banking located in Jiangsu, Nanjing,Huainan."
1321,RISK-0031,2.0,20120601,,3610020.0,0.0,3610020.0,Critical,,3610020.0,Unknown,"Operational risk event: Internal fraud caused by People in Asset management located in Jiangsu, Yancheng,Haidong."
1322,RISK-0005,7.0,20170901,,886000.0,0.0,886000.0,High,,886000.0,Unknown,"Operational risk event: Internal fraud caused by People in Retail banking located in Hebei,Jilin,Fujian,Hunan,Guangdong,Gansu, Handan,Jilin,Nanjing,Zhenjiang,Shaoxing,Xiamen,Quanzhou,Hengyang,Nanning,Wenchang,Wuwei."
1323,RISK-0031,2.0,20110201,,8570000.0,0.0,8570000.0,Critical,,8570000.0,Unknown,"Operational risk event: Internal fraud caused by People in Asset management located in Unknown province, Unknown city."
1324,RISK-0005,7.0,,,2472000.0,0.0,2472000.0,Critical,,2472000.0,Unknown,"Operational risk event: Internal fraud caused by People in Retail banking located in Unknown province, Unknown city."
1325,RISK-0005,7.0,20160301,,390000.0,0.0,390000.0,High,,390000.0,Unknown,"Operational risk event: Internal fraud caused by People in Retail banking located in Unknown province, Unknown city."
1326,RISK-0031,2.0,20161201,,3000000000.0,0.0,3000000000.0,Critical,,3000000000.0,Unknown,"Operational risk event: Internal fraud caused by People in Asset management located in Unknown province, Unknown city."
1327,RISK-0025,7.0,20150101,,180000000.0,0.0,180000000.0,Critical,,180000000.0,Unknown,"Operational risk event: External fraud caused by External event in Retail banking located in Hubei, Chaoyang,Shiyan."
1328,RISK-0005,7.0,20180101,,1388200.0,0.0,1388200.0,Critical,,1388200.0,Unknown,"Operational risk event: Internal fraud caused by People in Retail banking located in Shandong,Henan,Hunan,Macao, Huzhou,Xiamen,Quanzhou,Zhumadian."
1329,RISK-0003,6.0,20160201,,1098228500.0,0.0,1098228500.0,Critical,,1098228500.0,Unknown,"Operational risk event: Internal fraud caused by People in Payment and settlement located in Shandong, Linyi."
1330,RISK-0023,3.0,20160601,,1900000000.0,0.0,1900000000.0,Critical,,1900000000.0,Unknown,"Operational risk event: External fraud caused by External event in Commercial banking located in Beijing,Hebei,Shanghai, Xingtai,Langfang,Zhengzhou,Jiaozuo,Baiyin."
1331,RISK-0023,3.0,20101201,,10900000000.0,0.0,10900000000.0,Critical,,10900000000.0,Unknown,"Operational risk event: External fraud caused by External event in Commercial banking located in Guangxi, Liuzhou."
1332,RISK-0025,7.0,20181001,,4750.0,0.0,4750.0,Low,,4750.0,Unknown,"Operational risk event: External fraud caused by External event in Retail banking located in Beijing,Jilin,Shanghai,Shandong,Chongqing, Jilin,Changchun,Qingdao."
1333,RISK-0067,2.0,20161101,,7179000.0,0.0,7179000.0,Critical,,7179000.0,Unknown,"Operational risk event: Business disruption and system failures caused by System in Asset management located in Beijing, Cangzhou,Chaoyang."
1334,RISK-0001,3.0,,,3200000000.0,0.0,3200000000.0,Critical,,3200000000.0,Unknown,"Operational risk event: Internal fraud caused by People in Commercial banking located in Beijing,Inner mongolia,Shanghai,Zhejiang,Fujian,Inner mongolia, Tongliao,Putian."
1335,RISK-0031,2.0,20150701,,22808300.0,0.0,22808300.0,Critical,,22808300.0,Unknown,"Operational risk event: Internal fraud caused by People in Asset management located in Jiangsu, Suzhou."
1336,RISK-0031,2.0,,,9000000.0,0.0,9000000.0,Critical,,9000000.0,Unknown,"Operational risk event: Internal fraud caused by People in Asset management located in Unknown province, Unknown city."
1337,RISK-0023,3.0,20101201,,42000000000.0,0.0,42000000000.0,Critical,,42000000000.0,Unknown,"Operational risk event: External fraud caused by External event in Commercial banking located in Guangxi, Unknown city."
1338,RISK-0005,7.0,,,2472000.0,0.0,2472000.0,Critical,,2472000.0,Unknown,"Operational risk event: Internal fraud caused by People in Retail banking located in Hunan, Changchun."
1339,RISK-0008,9.0,20110101,,98600000.0,0.0,98600000.0,Critical,,98600000.0,Unknown,"Operational risk event: Internal fraud caused by People in Trading & sales located in Liaoning, Shenyang,Yichun,Guilin."
1340,RISK-0025,7.0,20180701,,17000.0,0.0,17000.0,Low,,17000.0,Unknown,"Operational risk event: External fraud caused by External event in Retail banking located in Fujian,Henan,Guangdong, Xiamen,Quanzhou,Zhengzhou,Shenzhen."
1341,RISK-0068,7.0,20090201,,1652660.0,0.0,1652660.0,Critical,,1652660.0,Unknown,"Operational risk event: External fraud caused by People in Retail banking located in Anhui, Unknown city."
1342,RISK-0069,5.0,,,450000.0,0.0,450000.0,High,,450000.0,Unknown,"Operational risk event: Clients, products & business practices caused by External event in No business line located in Unknown province, Unknown city."
1343,RISK-0062,6.0,20150601,,840000000.0,0.0,840000000.0,Critical,,840000000.0,Unknown,"Operational risk event: Clients, products & business practices caused by External event in Payment and settlement located in Beijing,Inner mongolia,Jilin,Zhejiang,Anhui,Jiangxi,Shandong,Guizhou,Inner mongolia, Baotou,Jilin,Harbin,Nanjing,Nantong,Wenzhou,Ningbo,Hangzhou,Shaoxing,Xuancheng,Putian,Qingdao,Yantai,Zhengzhou."
1344,RISK-0070,6.0,20160401,,310000000.0,0.0,310000000.0,Critical,,310000000.0,Unknown,"Operational risk event: Clients, products & business practices caused by People in Payment and settlement located in Beijing,Jilin,Shanghai,Anhui,Jiangxi,Guangxi,Xinjiang, Handan,Shenyang,Jilin,Ningbo,Hangzhou,Jiaxing,Xuancheng,Changsha,Shenzhen,Baiyin."
1345,RISK-0043,2.0,,,600000000.0,0.0,600000000.0,Critical,,600000000.0,Unknown,"Operational risk event: External fraud caused by External event in Asset management located in Unknown province, Unknown city."
1346,RISK-0005,7.0,20091201,,454832990.0,0.0,454832990.0,Critical,,454832990.0,Unknown,"Operational risk event: Internal fraud caused by People in Retail banking located in Unknown province, Xuzhou,Zhengzhou,Shangqiu,Chengdu."
1347,RISK-0031,2.0,20080101,,750000000.0,0.0,750000000.0,Critical,,750000000.0,Unknown,"Operational risk event: Internal fraud caused by People in Asset management located in Beijing,Jiangsu,Shandong, Yantai."
1348,RISK-0008,9.0,20130201,,29800000.0,0.0,29800000.0,Critical,,29800000.0,Unknown,"Operational risk event: Internal fraud caused by People in Trading & sales located in Beijing,Shanxi, Taiyuan."
1349,RISK-0001,3.0,20111001,,82972400.0,0.0,82972400.0,Critical,,82972400.0,Unknown,"Operational risk event: Internal fraud caused by People in Commercial banking located in Beijing,Shandong, Chaoyang,Yantai."
1350,RISK-0001,3.0,20130301,,160350900.0,0.0,160350900.0,Critical,,160350900.0,Unknown,"Operational risk event: Internal fraud caused by People in Commercial banking located in Zhejiang,Shandong, Binzhou."
1351,RISK-0005,7.0,20130301,,3902256.0,0.0,3902256.0,Critical,,3902256.0,Unknown,"Operational risk event: Internal fraud caused by People in Retail banking located in Shandong, Dezhou."
1352,RISK-0071,2.0,20160601,,35000000.0,0.0,35000000.0,Critical,,35000000.0,Unknown,"Operational risk event: Execution, delivery & process management caused by People in Asset management located in Liaoning, Dandong."
1353,RISK-0072,3.0,,,1800000000.0,0.0,1800000000.0,Critical,,1800000000.0,Unknown,"Operational risk event: External fraud caused by Process in Commercial banking located in Beijing,Hebei, Baoding."
1354,RISK-0025,7.0,20170301,,950000.0,0.0,950000.0,High,,950000.0,Unknown,"Operational risk event: External fraud caused by External event in Retail banking located in Beijing,Hebei,Shanxi,Zhejiang,Henan,Sichuan, Shijiazhuang,Linfen,Ningbo,Hangzhou,Nanyang,Changsha,Luzhou."
1355,RISK-0058,9.0,20170501,,2000000.0,0.0,2000000.0,Critical,,2000000.0,Unknown,"Operational risk event: Clients, products & business practices caused by Process in Trading & sales located in Jiangsu, Zhenjiang."
1356,RISK-0031,2.0,20080701,,484000.0,0.0,484000.0,High,,484000.0,Unknown,"Operational risk event: Internal fraud caused by People in Asset management located in Guangdong, Dongguan."
1357,RISK-0059,3.0,,,3300000000.0,0.0,3300000000.0,Critical,,3300000000.0,Unknown,"Operational risk event: Internal fraud caused by External event in Commercial banking located in Beijing,Zhejiang, Ningbo,Chengdu."
1358,RISK-0031,2.0,,,14000000.0,0.0,14000000.0,Critical,,14000000.0,Unknown,"Operational risk event: Internal fraud caused by People in Asset management located in Jiangsu, Unknown city."
1359,RISK-0060,9.0,20121101,,62885000.0,0.0,62885000.0,Critical,,62885000.0,Unknown,"Operational risk event: Clients, products & business practices caused by External event in Trading & sales located in Zhejiang, Hangzhou."
1360,RISK-0059,3.0,20150901,,500000.0,0.0,500000.0,High,,500000.0,Unknown,"Operational risk event: Internal fraud caused by External event in Commercial banking located in Zhejiang, Taizhou."
1361,RISK-0073,2.0,20100501,,19000000.0,0.0,19000000.0,Critical,,19000000.0,Unknown,"Operational risk event: Internal fraud caused by External event in Asset management located in Zhejiang,Guangdong, Wenzhou,Lishui."
1362,RISK-0003,6.0,20130301,,264730000.0,0.0,264730000.0,Critical,,264730000.0,Unknown,"Operational risk event: Internal fraud caused by People in Payment and settlement located in Shandong,Gansu, Suzhou,Hangzhou,Binzhou,Linxia."
1363,RISK-0025,7.0,20170401,,87000.0,0.0,87000.0,Medium,,87000.0,Unknown,"Operational risk event: External fraud caused by External event in Retail banking located in Shanghai,Hongkong, Unknown city."
1364,RISK-0045,2.0,20141201,,1800000.0,0.0,1800000.0,Critical,,1800000.0,Unknown,"Operational risk event: Execution, delivery & process management caused by Process in Asset management located in Henan, Xinxiang."
1365,RISK-0024,6.0,,,19000000000.0,0.0,19000000000.0,Critical,,19000000000.0,Unknown,"Operational risk event: External fraud caused by External event in Payment and settlement located in Henan,Shaanxi, Sanmenxia,Weinan."
1366,RISK-0001,3.0,,,462000000.0,0.0,462000000.0,Critical,,462000000.0,Unknown,"Operational risk event: Internal fraud caused by People in Commercial banking located in Shanghai,Sichuan, Qinhuangdao,Shenyang,Hangzhou,Zhengzhou,Chengdu,Neijiang,Xi'an."
1367,RISK-0005,7.0,20110301,,2300000.0,0.0,2300000.0,Critical,,2300000.0,Unknown,"Operational risk event: Internal fraud caused by People in Retail banking located in Jiangsu, Lianyungang."
1368,RISK-0025,7.0,20161001,,53000.0,0.0,53000.0,Medium,,53000.0,Unknown,"Operational risk event: External fraud caused by External event in Retail banking located in Chongqing, Unknown city."
1369,RISK-0025,7.0,20160701,,24000.0,0.0,24000.0,Low,,24000.0,Unknown,"Operational risk event: External fraud caused by External event in Retail banking located in Guangdong,Guangxi, Shaoguan,Hezhou."
1370,RISK-0031,2.0,20150501,,3900000000.0,0.0,3900000000.0,Critical,,3900000000.0,Unknown,"Operational risk event: Internal fraud caused by People in Asset management located in Beijing,Shanghai,Chongqing, Shijiazhuang."
1371,RISK-0001,3.0,20171201,,722000000.0,0.0,722000000.0,Critical,,722000000.0,Unknown,"Operational risk event: Internal fraud caused by People in Commercial banking located in Guangdong, Unknown city."
1372,RISK-0025,7.0,20160901,,560000.0,0.0,560000.0,High,,560000.0,Unknown,"Operational risk event: External fraud caused by External event in Retail banking located in Chongqing,Hongkong, Unknown city."
1373,RISK-0005,7.0,20150801,,70000.0,0.0,70000.0,Medium,,70000.0,Unknown,"Operational risk event: Internal fraud caused by People in Retail banking located in Hebei,Liaoning,Jiangxi, Shenyang,Ganzhou."
1374,RISK-0064,7.0,,,3000000.0,0.0,3000000.0,Critical,,3000000.0,Unknown,"Operational risk event: Internal fraud caused by External event in Retail banking located in Beijing,Zhejiang,Anhui, Changzhou,Hangzhou."
1375,RISK-0025,7.0,,,6929.999999999999,0.0,6929.999999999999,Low,,6929.999999999999,Unknown,"Operational risk event: External fraud caused by External event in Retail banking located in Beijing,Hainan, Chengdu."
1376,RISK-0025,7.0,20160901,,15000.0,0.0,15000.0,Low,,15000.0,Unknown,"Operational risk event: External fraud caused by External event in Retail banking located in Beijing, Unknown city."
1377,RISK-0005,7.0,20150301,,40000000.0,0.0,40000000.0,Critical,,40000000.0,Unknown,"Operational risk event: Internal fraud caused by People in Retail banking located in Unknown province, Unknown city."
1378,RISK-0031,2.0,20170701,,300000000.0,0.0,300000000.0,Critical,,300000000.0,Unknown,"Operational risk event: Internal fraud caused by People in Asset management located in Shanghai, Linfen,Ordos,Panjin,Nantong,Hangzhou,Jiaxing,Ningde,Qingdao,Dazhou."
1379,RISK-0001,3.0,20101201,,36000000.0,0.0,36000000.0,Critical,,36000000.0,Unknown,"Operational risk event: Internal fraud caused by People in Commercial banking located in Beijing,Guangdong, Dongguan."
1380,RISK-0023,3.0,20141201,,66677200.0,0.0,66677200.0,Critical,,66677200.0,Unknown,"Operational risk event: External fraud caused by External event in Commercial banking located in Unknown province, Unknown city."
1381,RISK-0005,7.0,20110901,,44000000.0,0.0,44000000.0,Critical,,44000000.0,Unknown,"Operational risk event: Internal fraud caused by People in Retail banking located in Beijing,Shanghai,Jiangsu, Suzhou,Nanjing,Nantong."
1382,RISK-0023,3.0,20140501,,210000000.0,0.0,210000000.0,Critical,,210000000.0,Unknown,"Operational risk event: External fraud caused by External event in Commercial banking located in Beijing,Tianjin,Jiangsu,Shandong,Henan, Nanjing,Jinan,Dezhou."
1383,RISK-0001,3.0,20140301,,350000000.0,0.0,350000000.0,Critical,,350000000.0,Unknown,"Operational risk event: Internal fraud caused by People in Commercial banking located in Jilin,Jiangsu, Jilin,Changchun,Wuxi,Zhongshan,Shenzhen."
1384,RISK-0001,3.0,,,6874480000.0,0.0,6874480000.0,Critical,,6874480000.0,Unknown,"Operational risk event: Internal fraud caused by People in Commercial banking located in Guangxi, Nanning,Liuzhou."
1385,RISK-0005,7.0,20150101,,19900000.0,0.0,19900000.0,Critical,,19900000.0,Unknown,"Operational risk event: Internal fraud caused by People in Retail banking located in Jiangsu, Nanjing."
1386,RISK-0063,9.0,,,40000000.0,0.0,40000000.0,Critical,,40000000.0,Unknown,"Operational risk event: Clients, products & business practices caused by People in Trading & sales located in Beijing, Unknown city."
1387,RISK-0073,2.0,20140301,,15600000.0,0.0,15600000.0,Critical,,15600000.0,Unknown,"Operational risk event: Internal fraud caused by External event in Asset management located in Unknown province, Zhongshan."
1388,RISK-0003,6.0,20150701,,111000000.0,0.0,111000000.0,Critical,,111000000.0,Unknown,"Operational risk event: Internal fraud caused by People in Payment and settlement located in Jilin, Jilin."
1389,RISK-0025,7.0,20150501,,220000.0,0.0,220000.0,Medium,,220000.0,Unknown,"Operational risk event: External fraud caused by External event in Retail banking located in Beijing,Shanxi,Shanghai,Zhejiang,Shaanxi, Yuncheng,Ningbo,Zhoushan,Xi'an."
1390,RISK-0043,2.0,20151001,,4000000.0,0.0,4000000.0,Critical,,4000000.0,Unknown,"Operational risk event: External fraud caused by External event in Asset management located in Hunan, Changsha."
1391,RISK-0025,7.0,20170301,,9420.0,0.0,9420.0,Low,,9420.0,Unknown,"Operational risk event: External fraud caused by External event in Retail banking located in Shanghai,Jiangsu, Unknown city."
1392,RISK-0014,6.0,20150701,,450000000.0,0.0,450000000.0,Critical,,450000000.0,Unknown,"Operational risk event: Execution, delivery & process management caused by Process in Payment and settlement located in Beijing, Ordos,Suzhou,Sanya."
1393,RISK-0001,3.0,20130801,,960000000.0,0.0,960000000.0,Critical,,960000000.0,Unknown,"Operational risk event: Internal fraud caused by People in Commercial banking located in Yunnan, Kunming."
1394,RISK-0020,7.0,20160301,,300000.0,0.0,300000.0,High,,300000.0,Unknown,"Operational risk event: External fraud caused by System in Retail banking located in Zhejiang,Guangxi, Jinhua,Nanning,Ali."
1395,RISK-0074,9.0,20110901,,400000000.0,0.0,400000000.0,Critical,,400000000.0,Unknown,"Operational risk event: External fraud caused by External event in Trading & sales located in Inner mongolia,Sichuan,Inner mongolia, Shenzhen,Chengdu."
1396,RISK-0058,9.0,20151101,,140733.0,0.0,140733.0,Medium,,140733.0,Unknown,"Operational risk event: Clients, products & business practices caused by Process in Trading & sales located in Unknown province, Nanjing."
1397,RISK-0019,7.0,20151001,,1900.0,0.0,1900.0,Low,,1900.0,Unknown,"Operational risk event: Business disruption and system failures caused by System in Retail banking located in Shaanxi, Quanzhou,Xi'an,Xianyang."
1398,RISK-0025,7.0,20140301,,2196294.0,0.0,2196294.0,Critical,,2196294.0,Unknown,"Operational risk event: External fraud caused by External event in Retail banking located in Unknown province, Changsha."
1399,RISK-0075,7.0,20160101,,1500000.0,0.0,1500000.0,Critical,,1500000.0,Unknown,"Operational risk event: External fraud caused by Process in Retail banking located in Shanghai, Unknown city."
1400,RISK-0025,7.0,20120201,,23000000.0,0.0,23000000.0,Critical,,23000000.0,Unknown,"Operational risk event: External fraud caused by External event in Retail banking located in Shanghai,Zhejiang, Anshan,Ningbo."
1401,RISK-0025,7.0,20160901,,100000.0,0.0,100000.0,Medium,,100000.0,Unknown,"Operational risk event: External fraud caused by External event in Retail banking located in Unknown province, Xiamen,Xi'an."
1402,RISK-0025,7.0,20121201,,41066.0,0.0,41066.0,Low,,41066.0,Unknown,"Operational risk event: External fraud caused by External event in Retail banking located in Unknown province, Nanjing."
1403,RISK-0031,2.0,20140501,,14473.0,0.0,14473.0,Low,,14473.0,Unknown,"Operational risk event: Internal fraud caused by People in Asset management located in Shandong,Henan, Jinan,Qingdao,Zhengzhou,Nanyang."
1404,RISK-0025,7.0,20160801,,9000.0,0.0,9000.0,Low,,9000.0,Unknown,"Operational risk event: External fraud caused by External event in Retail banking located in Unknown province, Unknown city."
1405,RISK-0073,2.0,20160901,,350000.0,0.0,350000.0,High,,350000.0,Unknown,"Operational risk event: Internal fraud caused by External event in Asset management located in Liaoning, Yingkou."
1406,RISK-0005,7.0,20080301,,3368000.0,0.0,3368000.0,Critical,,3368000.0,Unknown,"Operational risk event: Internal fraud caused by People in Retail banking located in Henan,Hainan, Nanyang."
1407,RISK-0005,7.0,20140301,,1160000.0,0.0,1160000.0,Critical,,1160000.0,Unknown,"Operational risk event: Internal fraud caused by People in Retail banking located in Beijing,Shandong, Jinan,Heze."
1408,RISK-0025,7.0,,,500000.0,0.0,500000.0,High,,500000.0,Unknown,"Operational risk event: External fraud caused by External event in Retail banking located in Hunan, Changsha,Nanning."
1409,RISK-0063,9.0,20130901,,32000000.0,0.0,32000000.0,Critical,,32000000.0,Unknown,"Operational risk event: Clients, products & business practices caused by People in Trading & sales located in Beijing, Unknown city."
1410,RISK-0073,2.0,20160701,,26000000.0,0.0,26000000.0,Critical,,26000000.0,Unknown,"Operational risk event: Internal fraud caused by External event in Asset management located in Beijing,Tianjin,Hebei, Cangzhou."
1411,RISK-0023,3.0,,,30000000.0,0.0,30000000.0,Critical,,30000000.0,Unknown,"Operational risk event: External fraud caused by External event in Commercial banking located in Beijing,Tianjin,Hebei,Shanghai,Hubei, Langfang,Ningbo,Lanzhou."
1412,RISK-0068,7.0,20090201,,30000.0,0.0,30000.0,Low,,30000.0,Unknown,"Operational risk event: External fraud caused by People in Retail banking located in Hunan,Guizhou, Yueyang."
1413,RISK-0062,6.0,20150801,,928000000.0,0.0,928000000.0,Critical,,928000000.0,Unknown,"Operational risk event: Clients, products & business practices caused by External event in Payment and settlement located in Tianjin,Shanghai, Langfang,Tonghua,Ningbo,Xinyang,Foshan."
1414,RISK-0031,2.0,,,33190000.0,0.0,33190000.0,Critical,,33190000.0,Unknown,"Operational risk event: Internal fraud caused by People in Asset management located in Hebei, Shijiazhuang,Zhangjiakou."
1415,RISK-0031,2.0,,,16000000.0,0.0,16000000.0,Critical,,16000000.0,Unknown,"Operational risk event: Internal fraud caused by People in Asset management located in Beijing,Anhui, Anshan."
1416,RISK-0001,3.0,,,20000000.0,0.0,20000000.0,Critical,,20000000.0,Unknown,"Operational risk event: Internal fraud caused by People in Commercial banking located in Shanghai, Unknown city."
1417,RISK-0025,7.0,20160801,,80000.0,0.0,80000.0,Medium,,80000.0,Unknown,"Operational risk event: External fraud caused by External event in Retail banking located in Unknown province, Unknown city."
1418,RISK-0025,7.0,20151001,,130000.0,0.0,130000.0,Medium,,130000.0,Unknown,"Operational risk event: External fraud caused by External event in Retail banking located in Hubei, Jingzhou,Jingmen."
1419,RISK-0076,3.0,20140101,,840000.0,0.0,840000.0,High,,840000.0,Unknown,"Operational risk event: Clients, products & business practices caused by People in Commercial banking located in Unknown province, Unknown city."
1420,RISK-0001,3.0,20021001,,130000000.0,0.0,130000000.0,Critical,,130000000.0,Unknown,"Operational risk event: Internal fraud caused by People in Commercial banking located in Hongkong, Shenzhen,Jiangmen."
1421,RISK-0025,7.0,20160601,,5000.0,0.0,5000.0,Low,,5000.0,Unknown,"Operational risk event: External fraud caused by External event in Retail banking located in Shandong, Jinan,Suining."
1422,RISK-0001,3.0,20110601,,50000000.0,0.0,50000000.0,Critical,,50000000.0,Unknown,"Operational risk event: Internal fraud caused by People in Commercial banking located in Beijing,Jiangsu, Changzhou."
1423,RISK-0023,3.0,,,6000000.0,0.0,6000000.0,Critical,,6000000.0,Unknown,"Operational risk event: External fraud caused by External event in Commercial banking located in Unknown province, Baoji."
1424,RISK-0023,3.0,20111201,,29980000.0,0.0,29980000.0,Critical,,29980000.0,Unknown,"Operational risk event: External fraud caused by External event in Commercial banking located in Zhejiang, Ningbo."
1425,RISK-0023,3.0,20131101,,100000000.0,0.0,100000000.0,Critical,,100000000.0,Unknown,"Operational risk event: External fraud caused by External event in Commercial banking located in Hunan, Hangzhou."
1426,RISK-0059,3.0,20130901,,200000000.0,0.0,200000000.0,Critical,,200000000.0,Unknown,"Operational risk event: Internal fraud caused by External event in Commercial banking located in Beijing,Hunan,Guangdong,Sichuan,Hongkong, Shenzhen,Chengdu,Aba,Panzhihua."
1427,RISK-0005,7.0,,,17336900.0,0.0,17336900.0,Critical,,17336900.0,Unknown,"Operational risk event: Internal fraud caused by People in Retail banking located in Unknown province, Ningbo."
1428,RISK-0025,7.0,20160401,,26500.0,0.0,26500.0,Low,,26500.0,Unknown,"Operational risk event: External fraud caused by External event in Retail banking located in Beijing,Hubei, Unknown city."
1429,RISK-0060,9.0,20160401,,786000000.0,0.0,786000000.0,Critical,,786000000.0,Unknown,"Operational risk event: Clients, products & business practices caused by External event in Trading & sales located in Tianjin,Shanghai,Zhejiang,Hongkong, Unknown city."
1430,RISK-0025,7.0,20160401,,20630.0,0.0,20630.0,Low,,20630.0,Unknown,"Operational risk event: External fraud caused by External event in Retail banking located in Chongqing, Unknown city."
1431,RISK-0004,7.0,20160301,,300000.0,0.0,300000.0,High,,300000.0,Unknown,"Operational risk event: Clients, products & business practices caused by People in Retail banking located in Shanghai, Jinhua."
1432,RISK-0001,3.0,,,1248558.0,0.0,1248558.0,Critical,,1248558.0,Unknown,"Operational risk event: Internal fraud caused by People in Commercial banking located in Jiangsu, Suzhou,Nantong."
1433,RISK-0059,3.0,20130401,,50000000.0,0.0,50000000.0,Critical,,50000000.0,Unknown,"Operational risk event: Internal fraud caused by External event in Commercial banking located in Hubei,Hunan, Hangzhou,Huangshi."
1434,RISK-0001,3.0,20110901,,44000000.0,0.0,44000000.0,Critical,,44000000.0,Unknown,"Operational risk event: Internal fraud caused by People in Commercial banking located in Shanghai,Jiangsu, Nanjing,Huaian."
1435,RISK-0024,6.0,20120101,,410000000000.0,0.0,410000000000.0,Critical,,410000000000.0,Unknown,"Operational risk event: External fraud caused by External event in Payment and settlement located in Beijing,Zhejiang,Guangdong,Hongkong, Ningbo,Hangzhou,Jinhua."
1436,RISK-0025,7.0,20150801,,100000.0,0.0,100000.0,Medium,,100000.0,Unknown,"Operational risk event: External fraud caused by External event in Retail banking located in Beijing, Unknown city."
1437,RISK-0001,3.0,,,20000000.0,0.0,20000000.0,Critical,,20000000.0,Unknown,"Operational risk event: Internal fraud caused by People in Commercial banking located in Hebei,Jilin, Jilin,Changchun."
1438,RISK-0001,3.0,,,1500000000.0,0.0,1500000000.0,Critical,,1500000000.0,Unknown,"Operational risk event: Internal fraud caused by People in Commercial banking located in Guangdong, Zhanjiang."
1439,RISK-0043,2.0,20141201,,92700.0,0.0,92700.0,Medium,,92700.0,Unknown,"Operational risk event: External fraud caused by External event in Asset management located in Unknown province, Tianshui,Dingxi,Pingliang."
1440,RISK-0005,7.0,20140501,,150000000.0,0.0,150000000.0,Critical,,150000000.0,Unknown,"Operational risk event: Internal fraud caused by People in Retail banking located in Zhejiang,Shandong, Shijiazhuang,Hangzhou,Taizhou,Shaoxing,Binzhou."
1441,RISK-0025,7.0,20151101,,200000.0,0.0,200000.0,Medium,,200000.0,Unknown,"Operational risk event: External fraud caused by External event in Retail banking located in Beijing, Taiyuan,Xi'an."
1442,RISK-0025,7.0,20150701,,614200.0,0.0,614200.0,High,,614200.0,Unknown,"Operational risk event: External fraud caused by External event in Retail banking located in Unknown province, Unknown city."
1443,RISK-0025,7.0,20151001,,200000.0,0.0,200000.0,Medium,,200000.0,Unknown,"Operational risk event: External fraud caused by External event in Retail banking located in Unknown province, Unknown city."
1444,RISK-0025,7.0,20151101,,28800000000.0,0.0,28800000000.0,Critical,,28800000000.0,Unknown,"Operational risk event: External fraud caused by External event in Retail banking located in Beijing,Jilin,Shandong,Macao, Dalian,Jilin."
1445,RISK-0005,7.0,20131201,,684990.0,0.0,684990.0,High,,684990.0,Unknown,"Operational risk event: Internal fraud caused by People in Retail banking located in Zhejiang, Nanjing,Lishui."
1446,RISK-0001,3.0,20131201,,80000000.0,0.0,80000000.0,Critical,,80000000.0,Unknown,"Operational risk event: Internal fraud caused by People in Commercial banking located in Shanghai,Zhejiang,Chongqing, Changsha,Shenzhen."
1447,RISK-0064,7.0,20130901,,3000000.0,0.0,3000000.0,Critical,,3000000.0,Unknown,"Operational risk event: Internal fraud caused by External event in Retail banking located in Shandong, Dezhou."
1448,RISK-0031,2.0,20141101,,1360000.0,0.0,1360000.0,Critical,,1360000.0,Unknown,"Operational risk event: Internal fraud caused by People in Asset management located in Unknown province, Jiuquan."
1449,RISK-0043,2.0,19991201,,2080000.0,0.0,2080000.0,Critical,,2080000.0,Unknown,"Operational risk event: External fraud caused by External event in Asset management located in Beijing,Henan,Yunnan, Zhengzhou,Xinyang,Zhoukou,Zhumadian,Luohe,Xuchang,Haidong."
1450,RISK-0023,3.0,20130401,,36650000.0,0.0,36650000.0,Critical,,36650000.0,Unknown,"Operational risk event: External fraud caused by External event in Commercial banking located in Zhejiang, Jinhua."
1451,RISK-0025,7.0,20150901,,4991.0,0.0,4991.0,Low,,4991.0,Unknown,"Operational risk event: External fraud caused by External event in Retail banking located in Beijing, Unknown city."
1452,RISK-0058,9.0,,,1580000000.0,0.0,1580000000.0,Critical,,1580000000.0,Unknown,"Operational risk event: Clients, products & business practices caused by Process in Trading & sales located in Heilongjiang, Unknown city."
1453,RISK-0005,7.0,,,288000000.0,0.0,288000000.0,Critical,,288000000.0,Unknown,"Operational risk event: Internal fraud caused by People in Retail banking located in Unknown province, Unknown city."
1454,RISK-0001,3.0,20120201,,70000000.0,0.0,70000000.0,Critical,,70000000.0,Unknown,"Operational risk event: Internal fraud caused by People in Commercial banking located in Shanghai,Zhejiang, Wenzhou,Shenzhen."
1455,RISK-0031,2.0,20080101,,416110.0,0.0,416110.0,High,,416110.0,Unknown,"Operational risk event: Internal fraud caused by People in Asset management located in Hubei, Xiaogan."
1456,RISK-0005,7.0,20110301,,300000.0,0.0,300000.0,High,,300000.0,Unknown,"Operational risk event: Internal fraud caused by People in Retail banking located in Henan, Zhengzhou."
1457,RISK-0005,7.0,20130101,,3110000.0,0.0,3110000.0,Critical,,3110000.0,Unknown,"Operational risk event: Internal fraud caused by People in Retail banking located in Beijing, Unknown city."
1458,RISK-0058,9.0,20150701,,7330000.0,0.0,7330000.0,Critical,,7330000.0,Unknown,"Operational risk event: Clients, products & business practices caused by Process in Trading & sales located in Shandong, Jinan."
1459,RISK-0005,7.0,20140701,,111400000.0,0.0,111400000.0,Critical,,111400000.0,Unknown,"Operational risk event: Internal fraud caused by People in Retail banking located in Zhejiang,Jiangxi,Henan,Hubei, Wenzhou,Hangzhou,Taizhou,Shaoxing,Pingxiang,Zhengzhou,Nanyang,Luoyang,Xinyang,Zhoukou,Shangqiu,Jiaozuo,Xuchang."
1460,RISK-0016,3.0,,,156000000.0,0.0,156000000.0,Critical,,156000000.0,Unknown,"Operational risk event: Clients, products & business practices caused by Process in Commercial banking located in Hainan,Shaanxi, Kaifeng,Xi'an."
1461,RISK-0001,3.0,20150301,,1000000000.0,0.0,1000000000.0,Critical,,1000000000.0,Unknown,"Operational risk event: Internal fraud caused by People in Commercial banking located in Guangxi, Beihai."
1462,RISK-0008,9.0,,,10800000.0,0.0,10800000.0,Critical,,10800000.0,Unknown,"Operational risk event: Internal fraud caused by People in Trading & sales located in Beijing,Hebei,Shanxi,Zhejiang,Henan,Hunan,Guangdong,Sichuan, Shijiazhuang,Hangzhou,Luzhou."
1463,RISK-0005,7.0,20141201,,1160000000.0,0.0,1160000000.0,Critical,,1160000000.0,Unknown,"Operational risk event: Internal fraud caused by People in Retail banking located in Unknown province, Beihai,Nanning."
1464,RISK-0025,7.0,,,4800000.0,0.0,4800000.0,Critical,,4800000.0,Unknown,"Operational risk event: External fraud caused by External event in Retail banking located in Hebei, Shenzhen."
1465,RISK-0025,7.0,20150301,,10000.0,0.0,10000.0,Low,,10000.0,Unknown,"Operational risk event: External fraud caused by External event in Retail banking located in Unknown province, Unknown city."
1466,RISK-0023,3.0,20150401,,295960000.0,0.0,295960000.0,Critical,,295960000.0,Unknown,"Operational risk event: External fraud caused by External event in Commercial banking located in Beijing,Tianjin,Shandong, Weihai."
1467,RISK-0002,5.0,,,1000000.0,0.0,1000000.0,Critical,,1000000.0,Unknown,"Operational risk event: Internal fraud caused by People in No business line located in Shanghai,Zhejiang, Ningbo,Taizhou,Shaoxing."
1468,RISK-0075,7.0,20141101,,399200.0,0.0,399200.0,High,,399200.0,Unknown,"Operational risk event: External fraud caused by Process in Retail banking located in Unknown province, Shenzhen."
1469,RISK-0023,3.0,20150501,,281000000.0,0.0,281000000.0,Critical,,281000000.0,Unknown,"Operational risk event: External fraud caused by External event in Commercial banking located in Shandong, Unknown city."
1470,RISK-0025,7.0,20140601,,44700.0,0.0,44700.0,Low,,44700.0,Unknown,"Operational risk event: External fraud caused by External event in Retail banking located in Shanghai,Shandong, Unknown city."
1471,RISK-0025,7.0,20150301,,49397.0,0.0,49397.0,Low,,49397.0,Unknown,"Operational risk event: External fraud caused by External event in Retail banking located in Shanghai, Unknown city."
1472,RISK-0025,7.0,,,1500000.0,0.0,1500000.0,Critical,,1500000.0,Unknown,"Operational risk event: External fraud caused by External event in Retail banking located in Beijing, Unknown city."
1473,RISK-0074,9.0,,,20000000.0,0.0,20000000.0,Critical,,20000000.0,Unknown,"Operational risk event: External fraud caused by External event in Trading & sales located in Zhejiang,Hunan, Jinhua."
1474,RISK-0025,7.0,20141201,,17850.0,0.0,17850.0,Low,,17850.0,Unknown,"Operational risk event: External fraud caused by External event in Retail banking located in Beijing,Sichuan, Chengdu."
1475,RISK-0025,7.0,20131101,,760000.0,0.0,760000.0,High,,760000.0,Unknown,"Operational risk event: External fraud caused by External event in Retail banking located in Inner mongolia,Liaoning,Jilin,Heilongjiang,Shaanxi,Inner mongolia, Hohhot,Alxa,Jilin,Xianyang."
1476,RISK-0025,7.0,,,200000000.0,0.0,200000000.0,Critical,,200000000.0,Unknown,"Operational risk event: External fraud caused by External event in Retail banking located in Zhejiang, Nanjing,Hangzhou."
1477,RISK-0031,2.0,,,630000000.0,0.0,630000000.0,Critical,,630000000.0,Unknown,"Operational risk event: Internal fraud caused by People in Asset management located in Beijing,Zhejiang,Hubei,Guangdong,Hongkong, Ningbo."
1478,RISK-0073,2.0,20131201,,45050000.0,0.0,45050000.0,Critical,,45050000.0,Unknown,"Operational risk event: Internal fraud caused by External event in Asset management located in Shanghai, Hangzhou."
1479,RISK-0023,3.0,20150101,,350000000.0,0.0,350000000.0,Critical,,350000000.0,Unknown,"Operational risk event: External fraud caused by External event in Commercial banking located in Beijing,Henan,Hunan,Sichuan, Hangzhou,Nanyang,Changsha,Luzhou."
1480,RISK-0004,7.0,20131101,,2500000.0,0.0,2500000.0,Critical,,2500000.0,Unknown,"Operational risk event: Clients, products & business practices caused by People in Retail banking located in Beijing,Zhejiang,Anhui,Henan,Hunan,Guangdong,Sichuan, Hangzhou,Nanyang,Changsha,Luzhou."
1481,RISK-0064,7.0,,,9000000.0,0.0,9000000.0,Critical,,9000000.0,Unknown,"Operational risk event: Internal fraud caused by External event in Retail banking located in Beijing,Jiangsu,Zhejiang,Anhui,Henan,Hunan,Guangdong,Sichuan, Hangzhou,Wuhu,Nanyang,Changsha,Hengyang,Baisha,Luzhou."
1482,RISK-0074,9.0,,,15000000.0,0.0,15000000.0,Critical,,15000000.0,Unknown,"Operational risk event: External fraud caused by External event in Trading & sales located in Beijing,Shanghai,Jiangsu,Zhejiang,Anhui,Henan,Hunan,Guangdong,Sichuan, Hangzhou,Wuhu,Nanyang,Changsha,Hengyang,Baisha,Luzhou."
1483,RISK-0005,7.0,,,40000000.0,0.0,40000000.0,Critical,,40000000.0,Unknown,"Operational risk event: Internal fraud caused by People in Retail banking located in Shanghai,Jiangsu,Zhejiang,Hubei,Hunan, Hangzhou,Shaoxing,Hengyang."
1484,RISK-0001,3.0,,,400000000.0,0.0,400000000.0,Critical,,400000000.0,Unknown,"Operational risk event: Internal fraud caused by People in Commercial banking located in Unknown province, Unknown city."
1485,RISK-0031,2.0,20130201,,16200000.0,0.0,16200000.0,Critical,,16200000.0,Unknown,"Operational risk event: Internal fraud caused by People in Asset management located in Unknown province, Baiyin."
1486,RISK-0001,3.0,20010501,,218990000.0,0.0,218990000.0,Critical,,218990000.0,Unknown,"Operational risk event: Internal fraud caused by People in Commercial banking located in Beijing,Heilongjiang,Hainan, Qitaihe,Qionghai,Dongfang."
1487,RISK-0025,7.0,20120801,,13500000.0,0.0,13500000.0,Critical,,13500000.0,Unknown,"Operational risk event: External fraud caused by External event in Retail banking located in Beijing,Shanghai, Unknown city."
1488,RISK-0001,3.0,,,470000000.0,0.0,470000000.0,Critical,,470000000.0,Unknown,"Operational risk event: Internal fraud caused by People in Commercial banking located in Beijing,Shandong, Qingyuan."
1489,RISK-0025,7.0,,,1020000000.0,0.0,1020000000.0,Critical,,1020000000.0,Unknown,"Operational risk event: External fraud caused by External event in Retail banking located in Shanxi,Hainan,Chongqing, Anyang,Ding'an."
1490,RISK-0005,7.0,20130601,,108000000.0,0.0,108000000.0,Critical,,108000000.0,Unknown,"Operational risk event: Internal fraud caused by People in Retail banking located in Inner mongolia,Jiangsu,Hainan,Xinjiang,Inner mongolia, Suzhou,Nanjing."
1491,RISK-0015,7.0,20060401,,100000.0,0.0,100000.0,Medium,,100000.0,Unknown,"Operational risk event: Clients, products & business practices caused by Process in Retail banking located in Jilin, Jilin,Tonghua."
1492,RISK-0005,7.0,20141101,,2400.0,0.0,2400.0,Low,,2400.0,Unknown,"Operational risk event: Internal fraud caused by People in Retail banking located in Hubei, Enshi."
1493,RISK-0031,2.0,,,18980000.0,0.0,18980000.0,Critical,,18980000.0,Unknown,"Operational risk event: Internal fraud caused by People in Asset management located in Beijing, Wuxi,Luzhou."
1494,RISK-0023,3.0,,,209880000.0,0.0,209880000.0,Critical,,209880000.0,Unknown,"Operational risk event: External fraud caused by External event in Commercial banking located in Liaoning,Heilongjiang, Shenyang,Jiamusi."
1495,RISK-0025,7.0,20070801,,372009.0,0.0,372009.0,High,,372009.0,Unknown,"Operational risk event: External fraud caused by External event in Retail banking located in Unknown province, Unknown city."
1496,RISK-0025,7.0,20140601,,500000.0,0.0,500000.0,High,,500000.0,Unknown,"Operational risk event: External fraud caused by External event in Retail banking located in Shanghai, Unknown city."
1497,RISK-0038,7.0,20141101,,90000000.0,0.0,90000000.0,Critical,,90000000.0,Unknown,"Operational risk event: Clients, products & business practices caused by System in Retail banking located in Unknown province, Xinxiang,Dongfang."
1498,RISK-0031,2.0,20131001,,10918000.0,0.0,10918000.0,Critical,,10918000.0,Unknown,"Operational risk event: Internal fraud caused by People in Asset management located in Henan,Hunan, Changsha."
1499,RISK-0005,7.0,20110301,,37000000.0,0.0,37000000.0,Critical,,37000000.0,Unknown,"Operational risk event: Internal fraud caused by People in Retail banking located in Guangxi, Guilin."
1500,RISK-0062,6.0,20131001,,49000000.0,0.0,49000000.0,Critical,,49000000.0,Unknown,"Operational risk event: Clients, products & business practices caused by External event in Payment and settlement located in Shanghai,Hunan, Changsha."
1501,RISK-0008,9.0,,,10900000000.0,0.0,10900000000.0,Critical,,10900000000.0,Unknown,"Operational risk event: Internal fraud caused by People in Trading & sales located in Beijing,Shanghai,Jiangsu,Hunan,Shaanxi, Nanjing."
1502,RISK-0075,7.0,20121201,,38000.0,0.0,38000.0,Low,,38000.0,Unknown,"Operational risk event: External fraud caused by Process in Retail banking located in Unknown province, Shenyang."
1503,RISK-0023,3.0,20100601,,185000000.0,0.0,185000000.0,Critical,,185000000.0,Unknown,"Operational risk event: External fraud caused by External event in Commercial banking located in Shanghai,Zhejiang,Guizhou, Hangzhou,Zhengzhou."
1504,RISK-0008,9.0,,,42718000.0,0.0,42718000.0,Critical,,42718000.0,Unknown,"Operational risk event: Internal fraud caused by People in Trading & sales located in Jiangsu,Henan,Hunan, Zhengzhou."
1505,RISK-0025,7.0,20131201,,7400000.0,0.0,7400000.0,Critical,,7400000.0,Unknown,"Operational risk event: External fraud caused by External event in Retail banking located in Hunan,Shaanxi, Changsha,Xi'an,Baiyin."
1506,RISK-0049,3.0,20110801,,5000000.0,0.0,5000000.0,Critical,,5000000.0,Unknown,"Operational risk event: Internal fraud caused by Process in Commercial banking located in Jiangsu, Nanjing,Ningbo."
1507,RISK-0004,7.0,20140401,,2600000.0,0.0,2600000.0,Critical,,2600000.0,Unknown,"Operational risk event: Clients, products & business practices caused by People in Retail banking located in Shandong, Jinan,Weifang."
1508,RISK-0001,3.0,20021001,,130000000.0,0.0,130000000.0,Critical,,130000000.0,Unknown,"Operational risk event: Internal fraud caused by People in Commercial banking located in Guangdong,Hongkong, Shenzhen,Jiangmen."
1509,RISK-0025,7.0,20120501,,40000.0,0.0,40000.0,Low,,40000.0,Unknown,"Operational risk event: External fraud caused by External event in Retail banking located in Beijing, Unknown city."
1510,RISK-0025,7.0,20140601,,2079500.0,0.0,2079500.0,Critical,,2079500.0,Unknown,"Operational risk event: External fraud caused by External event in Retail banking located in Zhejiang, Wenzhou,Xiamen."
1511,RISK-0001,3.0,,,286000000.0,0.0,286000000.0,Critical,,286000000.0,Unknown,"Operational risk event: Internal fraud caused by People in Commercial banking located in Heilongjiang, Harbin."
1512,RISK-0001,3.0,20110301,,621000.0,0.0,621000.0,High,,621000.0,Unknown,"Operational risk event: Internal fraud caused by People in Commercial banking located in Unknown province, Wenzhou."
1513,RISK-0023,3.0,20140801,,105310000.0,0.0,105310000.0,Critical,,105310000.0,Unknown,"Operational risk event: External fraud caused by External event in Commercial banking located in Guangdong, Shenzhen."
1514,RISK-0031,2.0,20130901,,116500000.0,0.0,116500000.0,Critical,,116500000.0,Unknown,"Operational risk event: Internal fraud caused by People in Asset management located in Beijing,Jilin,Hubei,Sichuan,Xinjiang, Jilin,Urumqi,Ili,Changji,Shihezi,Aksu,Kashgar."
1515,RISK-0001,3.0,20130901,,2000000.0,0.0,2000000.0,Critical,,2000000.0,Unknown,"Operational risk event: Internal fraud caused by People in Commercial banking located in Beijing, Nanjing,Taizhou."
1516,RISK-0023,3.0,20120301,,391000000.0,0.0,391000000.0,Critical,,391000000.0,Unknown,"Operational risk event: External fraud caused by External event in Commercial banking located in Beijing,Shandong, Qingdao,Zibo,Binzhou."
1517,RISK-0005,7.0,20140301,,28000000.0,0.0,28000000.0,Critical,,28000000.0,Unknown,"Operational risk event: Internal fraud caused by People in Retail banking located in Sichuan, Chengdu."
1518,RISK-0001,3.0,,,1740000.0,0.0,1740000.0,Critical,,1740000.0,Unknown,"Operational risk event: Internal fraud caused by People in Commercial banking located in Beijing,Inner mongolia,Shanghai,Jiangsu,Anhui,Henan,Inner mongolia, Shaoxing,Huainan,Xuchang."
1519,RISK-0025,7.0,20101201,,230000000.0,0.0,230000000.0,Critical,,230000000.0,Unknown,"Operational risk event: External fraud caused by External event in Retail banking located in Hebei,Guangdong, Shijiazhuang,Handan,Qingyuan."
1520,RISK-0040,7.0,20140601,,3800.0,0.0,3800.0,Low,,3800.0,Unknown,"Operational risk event: Clients, products & business practices caused by External event in Retail banking located in Zhejiang, Unknown city."
1521,RISK-0062,6.0,20111201,,80000000.0,0.0,80000000.0,Critical,,80000000.0,Unknown,"Operational risk event: Clients, products & business practices caused by External event in Payment and settlement located in Hebei,Liaoning,Jiangsu, Langfang,Dalian,Shenyang,Nantong."
1522,RISK-0077,2.0,,,100000000.0,0.0,100000000.0,Critical,,100000000.0,Unknown,"Operational risk event: Damage to physical assets caused by External event in Asset management located in Chongqing, Unknown city."
1523,RISK-0001,3.0,20140701,,385000000.0,0.0,385000000.0,Critical,,385000000.0,Unknown,"Operational risk event: Internal fraud caused by People in Commercial banking located in Yunnan, Shijiazhuang,Tangshan,Xingtai."
1524,RISK-0065,6.0,,,12565500.0,0.0,12565500.0,Critical,,12565500.0,Unknown,"Operational risk event: Clients, products & business practices caused by Process in Payment and settlement located in Hainan, Unknown city."
1525,RISK-0001,3.0,,,1000000000.0,0.0,1000000000.0,Critical,,1000000000.0,Unknown,"Operational risk event: Internal fraud caused by People in Commercial banking located in Zhejiang, Ningbo."
1526,RISK-0005,7.0,,,326000000.0,0.0,326000000.0,Critical,,326000000.0,Unknown,"Operational risk event: Internal fraud caused by People in Retail banking located in Zhejiang, Shaoxing,Beihai."
1527,RISK-0023,3.0,20140601,,520000000.0,0.0,520000000.0,Critical,,520000000.0,Unknown,"Operational risk event: External fraud caused by External event in Commercial banking located in Zhejiang, Hangzhou,Xiamen."
1528,RISK-0065,6.0,20111101,,1077460.0,0.0,1077460.0,Critical,,1077460.0,Unknown,"Operational risk event: Clients, products & business practices caused by Process in Payment and settlement located in Shaanxi, Baoji."
1529,RISK-0023,3.0,20140601,,200000000.0,0.0,200000000.0,Critical,,200000000.0,Unknown,"Operational risk event: External fraud caused by External event in Commercial banking located in Anhui, Unknown city."
1530,RISK-0059,3.0,20000301,,12045701.0,0.0,12045701.0,Critical,,12045701.0,Unknown,"Operational risk event: Internal fraud caused by External event in Commercial banking located in Yunnan, Unknown city."
1531,RISK-0023,3.0,20040101,,189610000.0,0.0,189610000.0,Critical,,189610000.0,Unknown,"Operational risk event: External fraud caused by External event in Commercial banking located in Zhejiang, Lishui."
1532,RISK-0002,5.0,,,30790000.0,0.0,30790000.0,Critical,,30790000.0,Unknown,"Operational risk event: Internal fraud caused by People in No business line located in Unknown province, Nanjing."
1533,RISK-0001,3.0,,,470000000.0,0.0,470000000.0,Critical,,470000000.0,Unknown,"Operational risk event: Internal fraud caused by People in Commercial banking located in Beijing, Unknown city."
1534,RISK-0016,3.0,20140301,,160000000.0,0.0,160000000.0,Critical,,160000000.0,Unknown,"Operational risk event: Clients, products & business practices caused by Process in Commercial banking located in Shanghai,Macao, Xiamen."
1535,RISK-0025,7.0,20140201,,32750000.0,0.0,32750000.0,Critical,,32750000.0,Unknown,"Operational risk event: External fraud caused by External event in Retail banking located in Hebei, Handan,Xingtai."
1536,RISK-0078,3.0,20140401,,1480000.0,0.0,1480000.0,Critical,,1480000.0,Unknown,"Operational risk event: Clients, products & business practices caused by External event in Commercial banking located in Beijing, Nanjing."
1537,RISK-0025,7.0,20140301,,19873.0,0.0,19873.0,Low,,19873.0,Unknown,"Operational risk event: External fraud caused by External event in Retail banking located in Fujian,Guangdong,Sichuan,Macao, Dongfang,Chengdu."
1538,RISK-0079,7.0,,,100.0,0.0,100.0,Low,,100.0,Unknown,"Operational risk event: Business disruption and system failures caused by External event in Retail banking located in Unknown province, Nanjing."
1539,RISK-0040,7.0,20140101,,199000.0,0.0,199000.0,Medium,,199000.0,Unknown,"Operational risk event: Clients, products & business practices caused by External event in Retail banking located in Fujian, Unknown city."
1540,RISK-0025,7.0,20130401,,5000000.0,0.0,5000000.0,Critical,,5000000.0,Unknown,"Operational risk event: External fraud caused by External event in Retail banking located in Zhejiang, Ningbo,Lanzhou."
1541,RISK-0023,3.0,20140201,,30690800.0,0.0,30690800.0,Critical,,30690800.0,Unknown,"Operational risk event: External fraud caused by External event in Commercial banking located in Unknown province, Wuxi."
1542,RISK-0023,3.0,,,300000000.0,0.0,300000000.0,Critical,,300000000.0,Unknown,"Operational risk event: External fraud caused by External event in Commercial banking located in Guangdong, Shenzhen,Foshan,Haibei."
1543,RISK-0023,3.0,20140201,,150000000.0,0.0,150000000.0,Critical,,150000000.0,Unknown,"Operational risk event: External fraud caused by External event in Commercial banking located in Zhejiang,Anhui, Wenzhou,Jinhua."
1544,RISK-0025,7.0,,,260000000.0,0.0,260000000.0,Critical,,260000000.0,Unknown,"Operational risk event: External fraud caused by External event in Retail banking located in Guangdong, Unknown city."
1545,RISK-0001,3.0,,,13180000.0,0.0,13180000.0,Critical,,13180000.0,Unknown,"Operational risk event: Internal fraud caused by People in Commercial banking located in Beijing, Unknown city."
1546,RISK-0023,3.0,20131201,,100000000.0,0.0,100000000.0,Critical,,100000000.0,Unknown,"Operational risk event: External fraud caused by External event in Commercial banking located in Zhejiang,Hunan, Hangzhou."
1547,RISK-0025,7.0,20131201,,150000.0,0.0,150000.0,Medium,,150000.0,Unknown,"Operational risk event: External fraud caused by External event in Retail banking located in Guangdong, Zhanjiang,Sanya."
1548,RISK-0023,3.0,20131201,,4701000000.0,0.0,4701000000.0,Critical,,4701000000.0,Unknown,"Operational risk event: External fraud caused by External event in Commercial banking located in Beijing,Jiangsu, Anshan,Nanjing,Ningbo,Zhuhai."
1549,RISK-0005,7.0,20131101,,247000000.0,0.0,247000000.0,Critical,,247000000.0,Unknown,"Operational risk event: Internal fraud caused by People in Retail banking located in Hebei, Tangshan."
1550,RISK-0025,7.0,20100201,,800000000.0,0.0,800000000.0,Critical,,800000000.0,Unknown,"Operational risk event: External fraud caused by External event in Retail banking located in Hainan,Hongkong, Guilin."
1551,RISK-0058,9.0,20121001,,12000000.0,0.0,12000000.0,Critical,,12000000.0,Unknown,"Operational risk event: Clients, products & business practices caused by Process in Trading & sales located in Sichuan, Chengdu,Meishan."
1552,RISK-0023,3.0,20110301,,400000.0,0.0,400000.0,High,,400000.0,Unknown,"Operational risk event: External fraud caused by External event in Commercial banking located in Unknown province, Jinan,Dongying."
1553,RISK-0025,7.0,20130901,,45000000.0,0.0,45000000.0,Critical,,45000000.0,Unknown,"Operational risk event: External fraud caused by External event in Retail banking located in Unknown province, Shijiazhuang."
1554,RISK-0061,2.0,20121101,,312000000.0,0.0,312000000.0,Critical,,312000000.0,Unknown,"Operational risk event: Clients, products & business practices caused by External event in Asset management located in Beijing,Shanghai,Jiangsu,Chongqing,Hongkong, Suzhou,Wuxi,Nanjing,Nantong,Changzhou,Huaian,Hangzhou."
1555,RISK-0005,7.0,,,1010000.0,0.0,1010000.0,Critical,,1010000.0,Unknown,"Operational risk event: Internal fraud caused by People in Retail banking located in Jiangxi, Hengshui."
1556,RISK-0023,3.0,,,450000000.0,0.0,450000000.0,Critical,,450000000.0,Unknown,"Operational risk event: External fraud caused by External event in Commercial banking located in Guangdong, Dongguan,Shenzhen,Jieyang."
1557,RISK-0001,3.0,,,19190000.0,0.0,19190000.0,Critical,,19190000.0,Unknown,"Operational risk event: Internal fraud caused by People in Commercial banking located in Beijing,Jilin, Jilin,Changchun,Yanbian."
1558,RISK-0015,7.0,,,220000.0,0.0,220000.0,Medium,,220000.0,Unknown,"Operational risk event: Clients, products & business practices caused by Process in Retail banking located in Beijing,Hubei, Unknown city."
1559,RISK-0001,3.0,,,100000000.0,0.0,100000000.0,Critical,,100000000.0,Unknown,"Operational risk event: Internal fraud caused by People in Commercial banking located in Beijing,Heilongjiang, Shenyang,Harbin."
1560,RISK-0025,7.0,,,50000000.0,0.0,50000000.0,Critical,,50000000.0,Unknown,"Operational risk event: External fraud caused by External event in Retail banking located in Beijing,Inner mongolia,Jiangsu,Fujian,Jiangxi,Shandong,Hunan,Guangdong,Shaanxi,Inner mongolia, Ordos,Wenzhou,Hangzhou."
1561,RISK-0025,7.0,,,147000000.0,0.0,147000000.0,Critical,,147000000.0,Unknown,"Operational risk event: External fraud caused by External event in Retail banking located in Guangdong, Zhongshan."
1562,RISK-0025,7.0,20120601,,1000000.0,0.0,1000000.0,Critical,,1000000.0,Unknown,"Operational risk event: External fraud caused by External event in Retail banking located in Beijing,Shanghai, Unknown city."
1563,RISK-0025,7.0,20120501,,4800.0,0.0,4800.0,Low,,4800.0,Unknown,"Operational risk event: External fraud caused by External event in Retail banking located in Tianjin,Shaanxi, Shenyang."
1564,RISK-0025,7.0,20120801,,14000000.0,0.0,14000000.0,Critical,,14000000.0,Unknown,"Operational risk event: External fraud caused by External event in Retail banking located in Shanghai,Jiangsu,Zhejiang,Hainan, Nantong,Wenzhou,Dongfang."
1565,RISK-0064,7.0,20120301,,5400000.0,0.0,5400000.0,Critical,,5400000.0,Unknown,"Operational risk event: Internal fraud caused by External event in Retail banking located in Beijing, Unknown city."
1566,RISK-0025,7.0,20130301,,16168.0,0.0,16168.0,Low,,16168.0,Unknown,"Operational risk event: External fraud caused by External event in Retail banking located in Fujian,Guangdong, Unknown city."
1567,RISK-0001,3.0,,,8910000.0,0.0,8910000.0,Critical,,8910000.0,Unknown,"Operational risk event: Internal fraud caused by People in Commercial banking located in Chongqing,Hongkong, Unknown city."
1568,RISK-0004,7.0,20130601,,120000.0,0.0,120000.0,Medium,,120000.0,Unknown,"Operational risk event: Clients, products & business practices caused by People in Retail banking located in Unknown province, Binzhou."
1569,RISK-0025,7.0,20050801,,80000.0,0.0,80000.0,Medium,,80000.0,Unknown,"Operational risk event: External fraud caused by External event in Retail banking located in Unknown province, Unknown city."
1570,RISK-0025,7.0,20120901,,210000.0,0.0,210000.0,Medium,,210000.0,Unknown,"Operational risk event: External fraud caused by External event in Retail banking located in Unknown province, Unknown city."
1571,RISK-0019,7.0,20130601,,1009.0,0.0,1009.0,Low,,1009.0,Unknown,"Operational risk event: Business disruption and system failures caused by System in Retail banking located in Unknown province, Unknown city."
1572,RISK-0040,7.0,20120701,,160000.0,0.0,160000.0,Medium,,160000.0,Unknown,"Operational risk event: Clients, products & business practices caused by External event in Retail banking located in Unknown province, Unknown city."
1573,RISK-0042,3.0,20081101,,400000000.0,0.0,400000000.0,Critical,,400000000.0,Unknown,"Operational risk event: Execution, delivery & process management caused by External event in Commercial banking located in Jiangsu, Unknown city."
1574,RISK-0005,7.0,,,32000000.0,0.0,32000000.0,Critical,,32000000.0,Unknown,"Operational risk event: Internal fraud caused by People in Retail banking located in Jiangsu, Nanjing,Dongfang."
1575,RISK-0072,3.0,,,54000000.0,0.0,54000000.0,Critical,,54000000.0,Unknown,"Operational risk event: External fraud caused by Process in Commercial banking located in Guangdong, Shenzhen,Foshan."
1576,RISK-0024,6.0,20101201,,2259000000.0,0.0,2259000000.0,Critical,,2259000000.0,Unknown,"Operational risk event: External fraud caused by External event in Payment and settlement located in Shandong, Jinan,Zibo,Jiyuan."
1577,RISK-0008,9.0,,,120000000.0,0.0,120000000.0,Critical,,120000000.0,Unknown,"Operational risk event: Internal fraud caused by People in Trading & sales located in Anhui,Shandong, Wuhu,Bengbu."
1578,RISK-0023,3.0,20130401,,1140000000.0,0.0,1140000000.0,Critical,,1140000000.0,Unknown,"Operational risk event: External fraud caused by External event in Commercial banking located in Shanghai, Qingdao."
1579,RISK-0001,3.0,20080701,,96000000.0,0.0,96000000.0,Critical,,96000000.0,Unknown,"Operational risk event: Internal fraud caused by People in Commercial banking located in Shanghai,Zhejiang,Anhui,Sichuan, Wenzhou,Xi'an."
1580,RISK-0001,3.0,20021001,,16854000.0,0.0,16854000.0,Critical,,16854000.0,Unknown,"Operational risk event: Internal fraud caused by People in Commercial banking located in Guangdong,Hongkong, Shenzhen,Jiangmen."
1581,RISK-0023,3.0,20120801,,890000000.0,0.0,890000000.0,Critical,,890000000.0,Unknown,"Operational risk event: External fraud caused by External event in Commercial banking located in Jiangsu, Wuxi,Nanjing,Zhongshan,Shannan."
1582,RISK-0013,7.0,20130301,,1.2,0.0,1.2,Low,,1.2,Unknown,"Operational risk event: Execution, delivery & process management caused by Process in Retail banking located in Shanxi, Taiyuan,Ningbo."
1583,RISK-0013,7.0,20130301,,80000000.0,0.0,80000000.0,Critical,,80000000.0,Unknown,"Operational risk event: Execution, delivery & process management caused by Process in Retail banking located in Hongkong, Dongguan."
1584,RISK-0023,3.0,20130201,,500000000.0,0.0,500000000.0,Critical,,500000000.0,Unknown,"Operational risk event: External fraud caused by External event in Commercial banking located in Shanghai,Qinghai, Jiujiang,Luoyang."
1585,RISK-0023,3.0,20120801,,12150000.0,0.0,12150000.0,Critical,,12150000.0,Unknown,"Operational risk event: External fraud caused by External event in Commercial banking located in Shanghai, Unknown city."
1586,RISK-0005,7.0,,,12800000.0,0.0,12800000.0,Critical,,12800000.0,Unknown,"Operational risk event: Internal fraud caused by People in Retail banking located in Shanghai, Wenzhou."
1587,RISK-0025,7.0,,,6000000.0,0.0,6000000.0,Critical,,6000000.0,Unknown,"Operational risk event: External fraud caused by External event in Retail banking located in Shanghai,Fujian,Shandong,Guangdong, Weihai,Zhongshan,Dongfang."
1588,RISK-0025,7.0,20111201,,1030000.0,0.0,1030000.0,Critical,,1030000.0,Unknown,"Operational risk event: External fraud caused by External event in Retail banking located in Jiangsu, Nanjing,Jingdezhen."
1589,RISK-0075,7.0,20111001,,15000.0,0.0,15000.0,Low,,15000.0,Unknown,"Operational risk event: External fraud caused by Process in Retail banking located in Unknown province, Zhongshan."
1590,RISK-0080,5.0,20120201,,247300.0,0.0,247300.0,Medium,,247300.0,Unknown,"Operational risk event: Employment practices and workplace safety caused by People in No business line located in Beijing,Jiangsu,Zhejiang,Jiangxi,Guangdong, Nanchang,Shenzhen,Zhuhai,Dongfang."
1591,RISK-0041,7.0,20040601,,2155.66,0.0,2155.66,Low,,2155.66,Unknown,"Operational risk event: Execution, delivery & process management caused by External event in Retail banking located in Beijing, Unknown city."
1592,RISK-0025,7.0,20121201,,20000000.0,0.0,20000000.0,Critical,,20000000.0,Unknown,"Operational risk event: External fraud caused by External event in Retail banking located in Jiangsu,Hongkong, Nantong."
1593,RISK-0065,6.0,20040601,,46500000.0,0.0,46500000.0,Critical,,46500000.0,Unknown,"Operational risk event: Clients, products & business practices caused by Process in Payment and settlement located in Zhejiang, Jinhua."
1594,RISK-0005,7.0,20111101,,24000000.0,0.0,24000000.0,Critical,,24000000.0,Unknown,"Operational risk event: Internal fraud caused by People in Retail banking located in Unknown province, Wenzhou."
1595,RISK-0076,3.0,20120901,,80000000.0,0.0,80000000.0,Critical,,80000000.0,Unknown,"Operational risk event: Clients, products & business practices caused by People in Commercial banking located in Zhejiang, Nantong,Jinhua."
1596,RISK-0031,2.0,20070601,,8500000.0,0.0,8500000.0,Critical,,8500000.0,Unknown,"Operational risk event: Internal fraud caused by People in Asset management located in Unknown province, Unknown city."
1597,RISK-0025,7.0,20120201,,70000.0,0.0,70000.0,Medium,,70000.0,Unknown,"Operational risk event: External fraud caused by External event in Retail banking located in Beijing,Sichuan, Chengdu,Meishan."
1598,RISK-0025,7.0,20121101,,4000.0,0.0,4000.0,Low,,4000.0,Unknown,"Operational risk event: External fraud caused by External event in Retail banking located in Unknown province, Changchun."
1599,RISK-0025,7.0,20121001,,47000.0,0.0,47000.0,Low,,47000.0,Unknown,"Operational risk event: External fraud caused by External event in Retail banking located in Guangdong, Maoming."
1600,RISK-0063,9.0,,,119000000.0,0.0,119000000.0,Critical,,119000000.0,Unknown,"Operational risk event: Clients, products & business practices caused by People in Trading & sales located in Beijing,Shanghai,Henan,Hainan, Nantong,Zhengzhou,Shangqiu."
1601,RISK-0058,9.0,20100801,,5000.0,0.0,5000.0,Low,,5000.0,Unknown,"Operational risk event: Clients, products & business practices caused by Process in Trading & sales located in Unknown province, Nanjing."
1602,RISK-0005,7.0,,,200000000.0,0.0,200000000.0,Critical,,200000000.0,Unknown,"Operational risk event: Internal fraud caused by People in Retail banking located in Guangdong, Dalian."
1603,RISK-0031,2.0,20120801,,110000000.0,0.0,110000000.0,Critical,,110000000.0,Unknown,"Operational risk event: Internal fraud caused by People in Asset management located in Jiangsu,Hongkong, Yancheng,Lianyungang."
1604,RISK-0025,7.0,20101001,,215907.0,0.0,215907.0,Medium,,215907.0,Unknown,"Operational risk event: External fraud caused by External event in Retail banking located in Shanghai, Lianyungang,Ningbo,Foshan."
1605,RISK-0026,5.0,20120201,,20000.0,0.0,20000.0,Low,,20000.0,Unknown,"Operational risk event: Damage to physical assets caused by External event in No business line located in Unknown province, Unknown city."
1606,RISK-0023,3.0,20110801,,75000000.0,0.0,75000000.0,Critical,,75000000.0,Unknown,"Operational risk event: External fraud caused by External event in Commercial banking located in Beijing,Tianjin,Shanghai, Dandong,Yingkou,Harbin."
1607,RISK-0001,3.0,20071201,,708000000.0,0.0,708000000.0,Critical,,708000000.0,Unknown,"Operational risk event: Internal fraud caused by People in Commercial banking located in Beijing, Unknown city."
1608,RISK-0025,7.0,20110101,,1400000.0,0.0,1400000.0,Critical,,1400000.0,Unknown,"Operational risk event: External fraud caused by External event in Retail banking located in Shanghai,Guangxi, Unknown city."
1609,RISK-0001,3.0,20080801,,40000000.0,0.0,40000000.0,Critical,,40000000.0,Unknown,"Operational risk event: Internal fraud caused by People in Commercial banking located in Jiangxi, Jiujiang."
1610,RISK-0058,9.0,20110101,,2790000.0,0.0,2790000.0,Critical,,2790000.0,Unknown,"Operational risk event: Clients, products & business practices caused by Process in Trading & sales located in Beijing, Nanjing,Qingdao,Shenzhen."
1611,RISK-0023,3.0,,,130000000.0,0.0,130000000.0,Critical,,130000000.0,Unknown,"Operational risk event: External fraud caused by External event in Commercial banking located in Tianjin,Heilongjiang,Shanghai, Harbin,Wenzhou."
1612,RISK-0019,7.0,20120901,,10000.0,0.0,10000.0,Low,,10000.0,Unknown,"Operational risk event: Business disruption and system failures caused by System in Retail banking located in Unknown province, Nanjing."
1613,RISK-0025,7.0,20120701,,127212.0,0.0,127212.0,Medium,,127212.0,Unknown,"Operational risk event: External fraud caused by External event in Retail banking located in Sichuan, Shenzhen,Jiangmen."
1614,RISK-0025,7.0,20110801,,170000.0,0.0,170000.0,Medium,,170000.0,Unknown,"Operational risk event: External fraud caused by External event in Retail banking located in Guangdong, Zhongshan."
1615,RISK-0025,7.0,,,30000.0,0.0,30000.0,Low,,30000.0,Unknown,"Operational risk event: External fraud caused by External event in Retail banking located in Shanghai,Hunan,Chongqing,Guizhou, Changsha,Hengyang,Dongfang,Guiyang."
1616,RISK-0023,3.0,20111001,,20000000.0,0.0,20000000.0,Critical,,20000000.0,Unknown,"Operational risk event: External fraud caused by External event in Commercial banking located in Shanghai,Zhejiang,Jiangxi,Hubei,Qinghai, Wenzhou,Hangzhou,Huzhou,Shaoxing."
1617,RISK-0025,7.0,20120801,,20000.0,0.0,20000.0,Low,,20000.0,Unknown,"Operational risk event: External fraud caused by External event in Retail banking located in Unknown province, Fuzhou."
1618,RISK-0025,7.0,20111201,,455377.0,0.0,455377.0,High,,455377.0,Unknown,"Operational risk event: External fraud caused by External event in Retail banking located in Chongqing,Macao, Baiyin."
1619,RISK-0081,6.0,20120701,,12000.0,0.0,12000.0,Low,,12000.0,Unknown,"Operational risk event: Clients, products & business practices caused by System in Payment and settlement located in Beijing,Shanghai,Jiangsu,Guangdong, Unknown city."
1620,RISK-0038,7.0,,,1600.0,0.0,1600.0,Low,,1600.0,Unknown,"Operational risk event: Clients, products & business practices caused by System in Retail banking located in Unknown province, Unknown city."
1621,RISK-0025,7.0,,,100000.0,0.0,100000.0,Medium,,100000.0,Unknown,"Operational risk event: External fraud caused by External event in Retail banking located in Hubei, Unknown city."
1622,RISK-0023,3.0,,,500000000.0,0.0,500000000.0,Critical,,500000000.0,Unknown,"Operational risk event: External fraud caused by External event in Commercial banking located in Beijing,Heilongjiang,Shanghai, Foshan."
1623,RISK-0075,7.0,20120701,,3740000.0,0.0,3740000.0,Critical,,3740000.0,Unknown,"Operational risk event: External fraud caused by Process in Retail banking located in Unknown province, Xi'an."
1624,RISK-0001,3.0,,,82170000.0,0.0,82170000.0,Critical,,82170000.0,Unknown,"Operational risk event: Internal fraud caused by People in Commercial banking located in Shanghai,Jiangsu,Jiangxi,Shandong,Guangdong, Zhenjiang,Wenzhou,Xinyu,Zhongshan."
1625,RISK-0001,3.0,,,30000000.0,0.0,30000000.0,Critical,,30000000.0,Unknown,"Operational risk event: Internal fraud caused by People in Commercial banking located in Guangdong, Qingyuan."
1626,RISK-0074,9.0,,,21000000.0,0.0,21000000.0,Critical,,21000000.0,Unknown,"Operational risk event: External fraud caused by External event in Trading & sales located in Unknown province, Jinan."
1627,RISK-0001,3.0,20070601,,44010000.0,0.0,44010000.0,Critical,,44010000.0,Unknown,"Operational risk event: Internal fraud caused by People in Commercial banking located in Zhejiang,Shandong,Xinjiang, Xuzhou,Linyi."
1628,RISK-0031,2.0,,,50000000.0,0.0,50000000.0,Critical,,50000000.0,Unknown,"Operational risk event: Internal fraud caused by People in Asset management located in Shandong,Hongkong, Yantai."
1629,RISK-0005,7.0,,,26700000.0,0.0,26700000.0,Critical,,26700000.0,Unknown,"Operational risk event: Internal fraud caused by People in Retail banking located in Beijing,Zhejiang,Hongkong, Wenzhou."
1630,RISK-0065,6.0,,,9000000.0,0.0,9000000.0,Critical,,9000000.0,Unknown,"Operational risk event: Clients, products & business practices caused by Process in Payment and settlement located in Unknown province, Zhongshan."
1631,RISK-0077,2.0,20111201,,62000.0,0.0,62000.0,Medium,,62000.0,Unknown,"Operational risk event: Damage to physical assets caused by External event in Asset management located in Unknown province, Unknown city."
1632,RISK-0015,7.0,20110501,,40000.0,0.0,40000.0,Low,,40000.0,Unknown,"Operational risk event: Clients, products & business practices caused by Process in Retail banking located in Unknown province, Nanjing."
1633,RISK-0025,7.0,20120101,,560000.0,0.0,560000.0,High,,560000.0,Unknown,"Operational risk event: External fraud caused by External event in Retail banking located in Sichuan,Hongkong,Macao, Zhuhai."
1634,RISK-0005,7.0,20110901,,100000000.0,0.0,100000000.0,Critical,,100000000.0,Unknown,"Operational risk event: Internal fraud caused by People in Retail banking located in Jiangsu, Wuxi,Zhengzhou."
1635,RISK-0025,7.0,20120801,,184000.0,0.0,184000.0,Medium,,184000.0,Unknown,"Operational risk event: External fraud caused by External event in Retail banking located in Anhui,Jiangxi,Guangdong,Hongkong, Nanchang,Dongfang,Lingao."
1636,RISK-0025,7.0,20111101,,110000.0,0.0,110000.0,Medium,,110000.0,Unknown,"Operational risk event: External fraud caused by External event in Retail banking located in Unknown province, Unknown city."
1637,RISK-0025,7.0,20090101,,33900.0,0.0,33900.0,Low,,33900.0,Unknown,"Operational risk event: External fraud caused by External event in Retail banking located in Beijing,Jilin, Jilin,Dezhou."
1638,RISK-0025,7.0,20110201,,6000.0,0.0,6000.0,Low,,6000.0,Unknown,"Operational risk event: External fraud caused by External event in Retail banking located in Unknown province, Dongguan."
1639,RISK-0025,7.0,20120301,,7000.0,0.0,7000.0,Low,,7000.0,Unknown,"Operational risk event: External fraud caused by External event in Retail banking located in Unknown province, Qingdao."
1640,RISK-0025,7.0,20070801,,190000.0,0.0,190000.0,Medium,,190000.0,Unknown,"Operational risk event: External fraud caused by External event in Retail banking located in Shanghai, Dalian."
1641,RISK-0023,3.0,20120101,,777000000.0,0.0,777000000.0,Critical,,777000000.0,Unknown,"Operational risk event: External fraud caused by External event in Commercial banking located in Tianjin,Hongkong, Nanjing,Jinan,Qingdao,Weifang,Shenzhen."
1642,RISK-0060,9.0,20110901,,343000.0,0.0,343000.0,High,,343000.0,Unknown,"Operational risk event: Clients, products & business practices caused by External event in Trading & sales located in Shanghai, Baiyin."
1643,RISK-0023,3.0,,,10000000.0,0.0,10000000.0,Critical,,10000000.0,Unknown,"Operational risk event: External fraud caused by External event in Commercial banking located in Shanghai,Zhejiang, Wenzhou."
1644,RISK-0078,3.0,,,2600000.0,0.0,2600000.0,Critical,,2600000.0,Unknown,"Operational risk event: Clients, products & business practices caused by External event in Commercial banking located in Jiangsu, Unknown city."
1645,RISK-0025,7.0,,,300000.0,0.0,300000.0,High,,300000.0,Unknown,"Operational risk event: External fraud caused by External event in Retail banking located in Unknown province, Nanjing."
1646,RISK-0074,9.0,20080201,,560000.0,0.0,560000.0,High,,560000.0,Unknown,"Operational risk event: External fraud caused by External event in Trading & sales located in Shanghai, Baiyin."
1647,RISK-0025,7.0,20060401,,16338000.0,0.0,16338000.0,Critical,,16338000.0,Unknown,"Operational risk event: External fraud caused by External event in Retail banking located in Unknown province, Nantong."
1648,RISK-0025,7.0,,,190000000.0,0.0,190000000.0,Critical,,190000000.0,Unknown,"Operational risk event: External fraud caused by External event in Retail banking located in Zhejiang, Wenzhou,Huangshan."
1649,RISK-0025,7.0,,,100000.0,0.0,100000.0,Medium,,100000.0,Unknown,"Operational risk event: External fraud caused by External event in Retail banking located in Zhejiang, Unknown city."
1650,RISK-0025,7.0,20090401,,106000.0,0.0,106000.0,Medium,,106000.0,Unknown,"Operational risk event: External fraud caused by External event in Retail banking located in Guangxi,Chongqing, Nanning,Hechi."
1651,RISK-0025,7.0,20060701,,180000.0,0.0,180000.0,Medium,,180000.0,Unknown,"Operational risk event: External fraud caused by External event in Retail banking located in Jiangsu,Zhejiang, Unknown city."
1652,RISK-0031,2.0,20061101,,4500000.0,0.0,4500000.0,Critical,,4500000.0,Unknown,"Operational risk event: Internal fraud caused by People in Asset management located in Guangxi,Yunnan, Yulin,Liuzhou,Qujing."
1653,RISK-0040,7.0,,,260.0,0.0,260.0,Low,,260.0,Unknown,"Operational risk event: Clients, products & business practices caused by External event in Retail banking located in Unknown province, Zhongshan."
1654,RISK-0023,3.0,,,70000000.0,0.0,70000000.0,Critical,,70000000.0,Unknown,"Operational risk event: External fraud caused by External event in Commercial banking located in Jiangsu, Nanjing,Lianyungang."
1655,RISK-0025,7.0,20100601,,120000.0,0.0,120000.0,Medium,,120000.0,Unknown,"Operational risk event: External fraud caused by External event in Retail banking located in Unknown province, Xiantao."
1656,RISK-0031,2.0,20111001,,987000.0,0.0,987000.0,High,,987000.0,Unknown,"Operational risk event: Internal fraud caused by People in Asset management located in Zhejiang, Wenzhou,Lishui."
1657,RISK-0025,7.0,,,130000.0,0.0,130000.0,Medium,,130000.0,Unknown,"Operational risk event: External fraud caused by External event in Retail banking located in Zhejiang,Guangxi,Chongqing, Beihai."
1658,RISK-0025,7.0,20101001,,16000000.0,0.0,16000000.0,Critical,,16000000.0,Unknown,"Operational risk event: External fraud caused by External event in Retail banking located in Jiangxi, Jingdezhen."
1659,RISK-0025,7.0,20100401,,309900.0,0.0,309900.0,High,,309900.0,Unknown,"Operational risk event: External fraud caused by External event in Retail banking located in Anhui, Huainan."
1660,RISK-0025,7.0,20111101,,20000.0,0.0,20000.0,Low,,20000.0,Unknown,"Operational risk event: External fraud caused by External event in Retail banking located in Yunnan, Dalian,Wenshan."
1661,RISK-0025,7.0,20111101,,3000.0,0.0,3000.0,Low,,3000.0,Unknown,"Operational risk event: External fraud caused by External event in Retail banking located in Unknown province, Unknown city."
1662,RISK-0073,2.0,,,1080000.0,0.0,1080000.0,Critical,,1080000.0,Unknown,"Operational risk event: Internal fraud caused by External event in Asset management located in Unknown province, Luzhou."
1663,RISK-0020,7.0,20111101,,1300.0,0.0,1300.0,Low,,1300.0,Unknown,"Operational risk event: External fraud caused by System in Retail banking located in Unknown province, Shijiazhuang,Chengdu."
1664,RISK-0025,7.0,20080501,,60000.0,0.0,60000.0,Medium,,60000.0,Unknown,"Operational risk event: External fraud caused by External event in Retail banking located in Unknown province, Nanchang."
1665,RISK-0005,7.0,20101201,,40000.0,0.0,40000.0,Low,,40000.0,Unknown,"Operational risk event: Internal fraud caused by People in Retail banking located in Shandong, Xiamen,Qingdao."
1666,RISK-0005,7.0,20100401,,5899.0,0.0,5899.0,Low,,5899.0,Unknown,"Operational risk event: Internal fraud caused by People in Retail banking located in Inner mongolia,Inner mongolia, Unknown city."
1667,RISK-0025,7.0,20111001,,40000.0,0.0,40000.0,Low,,40000.0,Unknown,"Operational risk event: External fraud caused by External event in Retail banking located in Guangdong,Guangxi, Yulin,Nanning."
1668,RISK-0031,2.0,20111001,,100000000.0,0.0,100000000.0,Critical,,100000000.0,Unknown,"Operational risk event: Internal fraud caused by People in Asset management located in Jiangsu,Zhejiang, Nanjing,Wenzhou,Hangzhou,Taizhou,Xi'an,Tianshui."
1669,RISK-0025,7.0,20111001,,16000.0,0.0,16000.0,Low,,16000.0,Unknown,"Operational risk event: External fraud caused by External event in Retail banking located in Guangxi, Guigang."
1670,RISK-0025,7.0,,,700000000.0,0.0,700000000.0,Critical,,700000000.0,Unknown,"Operational risk event: External fraud caused by External event in Retail banking located in Zhejiang, Wenzhou,Hangzhou."
1671,RISK-0005,7.0,19981001,,700000.0,0.0,700000.0,High,,700000.0,Unknown,"Operational risk event: Internal fraud caused by People in Retail banking located in Zhejiang,Fujian, Shaoxing."
1672,RISK-0025,7.0,20070701,,150000.0,0.0,150000.0,Medium,,150000.0,Unknown,"Operational risk event: External fraud caused by External event in Retail banking located in Hubei,Guangdong, Jiangmen,Yangjiang."
1673,RISK-0025,7.0,20091001,,1550.0,0.0,1550.0,Low,,1550.0,Unknown,"Operational risk event: External fraud caused by External event in Retail banking located in Hubei,Guangdong, Nanchang,Dongguan."
1674,RISK-0025,7.0,20090401,,46000.0,0.0,46000.0,Low,,46000.0,Unknown,"Operational risk event: External fraud caused by External event in Retail banking located in Zhejiang, Unknown city."
1675,RISK-0025,7.0,20110601,,100000.0,0.0,100000.0,Medium,,100000.0,Unknown,"Operational risk event: External fraud caused by External event in Retail banking located in Beijing,Shanghai,Guangdong, Zhanjiang,Nanning."
1676,RISK-0025,7.0,20100301,,87100.00000000001,0.0,87100.00000000001,Medium,,87100.00000000001,Unknown,"Operational risk event: External fraud caused by External event in Retail banking located in Zhejiang,Jiangxi, Ningbo."
1677,RISK-0001,3.0,19921001,,280000000.0,0.0,280000000.0,Critical,,280000000.0,Unknown,"Operational risk event: Internal fraud caused by People in Commercial banking located in Beijing,Tibet, Harbin,Shenzhen."
1678,RISK-0023,3.0,,,71340000.0,0.0,71340000.0,Critical,,71340000.0,Unknown,"Operational risk event: External fraud caused by External event in Commercial banking located in Zhejiang, Wenzhou,Lishui."
1679,RISK-0025,7.0,20110801,,4600.0,0.0,4600.0,Low,,4600.0,Unknown,"Operational risk event: External fraud caused by External event in Retail banking located in Beijing,Zhejiang, Jinhua."
1680,RISK-0025,7.0,,,180000.0,0.0,180000.0,Medium,,180000.0,Unknown,"Operational risk event: External fraud caused by External event in Retail banking located in Fujian, Quanzhou."
1681,RISK-0025,7.0,20111001,,361000.0,0.0,361000.0,High,,361000.0,Unknown,"Operational risk event: External fraud caused by External event in Retail banking located in Zhejiang,Hunan,Hongkong, Ningbo,Changsha,Hengyang."
1682,RISK-0005,7.0,,,45000000.0,0.0,45000000.0,Critical,,45000000.0,Unknown,"Operational risk event: Internal fraud caused by People in Retail banking located in Beijing, Dalian."
1683,RISK-0005,7.0,20080601,,9000000.0,0.0,9000000.0,Critical,,9000000.0,Unknown,"Operational risk event: Internal fraud caused by People in Retail banking located in Jiangsu,Zhejiang, Shenyang,Zhenjiang,Taizhou."
1684,RISK-0025,7.0,20071101,,25000.0,0.0,25000.0,Low,,25000.0,Unknown,"Operational risk event: External fraud caused by External event in Retail banking located in Shanghai,Zhejiang,Hunan,Shaanxi, Hangzhou,Jinan,Yiyang."
1685,RISK-0025,7.0,20111001,,55000.0,0.0,55000.0,Medium,,55000.0,Unknown,"Operational risk event: External fraud caused by External event in Retail banking located in Beijing,Hebei,Shaanxi, Shijiazhuang,Xianyang."
1686,RISK-0025,7.0,20110901,,11000.0,0.0,11000.0,Low,,11000.0,Unknown,"Operational risk event: External fraud caused by External event in Retail banking located in Hubei, Unknown city."
1687,RISK-0005,7.0,20020101,,323000.0,0.0,323000.0,High,,323000.0,Unknown,"Operational risk event: Internal fraud caused by People in Retail banking located in Henan, Zhumadian."
1688,RISK-0025,7.0,,,9900.0,0.0,9900.0,Low,,9900.0,Unknown,"Operational risk event: External fraud caused by External event in Retail banking located in Jiangxi,Henan, Ganzhou,Zhengzhou,Xuchang."
1689,RISK-0025,7.0,20100101,,230400.0,0.0,230400.0,Medium,,230400.0,Unknown,"Operational risk event: External fraud caused by External event in Retail banking located in Zhejiang, Shaoxing."
1690,RISK-0025,7.0,20111001,,2000.0,0.0,2000.0,Low,,2000.0,Unknown,"Operational risk event: External fraud caused by External event in Retail banking located in Zhejiang, Lishui."
1691,RISK-0025,7.0,20110901,,110000.0,0.0,110000.0,Medium,,110000.0,Unknown,"Operational risk event: External fraud caused by External event in Retail banking located in Unknown province, Nanjing."
1692,RISK-0025,7.0,20110901,,14000.0,0.0,14000.0,Low,,14000.0,Unknown,"Operational risk event: External fraud caused by External event in Retail banking located in Unknown province, Unknown city."
1693,RISK-0025,7.0,,,180000.0,0.0,180000.0,Medium,,180000.0,Unknown,"Operational risk event: External fraud caused by External event in Retail banking located in Shanghai,Zhejiang,Chongqing, Unknown city."
1694,RISK-0023,3.0,20100901,,80000.0,0.0,80000.0,Medium,,80000.0,Unknown,"Operational risk event: External fraud caused by External event in Commercial banking located in Unknown province, Unknown city."
1695,RISK-0040,7.0,20110501,,20000.0,0.0,20000.0,Low,,20000.0,Unknown,"Operational risk event: Clients, products & business practices caused by External event in Retail banking located in Unknown province, Unknown city."
1696,RISK-0025,7.0,20090101,,600000.0,0.0,600000.0,High,,600000.0,Unknown,"Operational risk event: External fraud caused by External event in Retail banking located in Unknown province, Wuxi."
1697,RISK-0005,7.0,20110901,,20000000.0,0.0,20000000.0,Critical,,20000000.0,Unknown,"Operational risk event: Internal fraud caused by People in Retail banking located in Beijing, Unknown city."
1698,RISK-0025,7.0,20110901,,2000.0,0.0,2000.0,Low,,2000.0,Unknown,"Operational risk event: External fraud caused by External event in Retail banking located in Zhejiang, Shaoxing."
1699,RISK-0025,7.0,,,1650000.0,0.0,1650000.0,Critical,,1650000.0,Unknown,"Operational risk event: External fraud caused by External event in Retail banking located in Shandong,Gansu, Lanzhou."
1700,RISK-0025,7.0,20110901,,300000.0,0.0,300000.0,High,,300000.0,Unknown,"Operational risk event: External fraud caused by External event in Retail banking located in Zhejiang, Hangzhou,Shenzhen."
1701,RISK-0023,3.0,20110101,,500000000.0,0.0,500000000.0,Critical,,500000000.0,Unknown,"Operational risk event: External fraud caused by External event in Commercial banking located in Unknown province, Jinan."
1702,RISK-0025,7.0,20071201,,34191900.0,0.0,34191900.0,Critical,,34191900.0,Unknown,"Operational risk event: External fraud caused by External event in Retail banking located in Unknown province, Xiantao."
1703,RISK-0025,7.0,20110701,,10000.0,0.0,10000.0,Low,,10000.0,Unknown,"Operational risk event: External fraud caused by External event in Retail banking located in Fujian, Unknown city."
1704,RISK-0025,7.0,20070801,,200000.0,0.0,200000.0,Medium,,200000.0,Unknown,"Operational risk event: External fraud caused by External event in Retail banking located in Tibet, Unknown city."
1705,RISK-0031,2.0,,,500000.0,0.0,500000.0,High,,500000.0,Unknown,"Operational risk event: Internal fraud caused by People in Asset management located in Inner mongolia,Tibet,Inner mongolia, Tongliao."
1706,RISK-0025,7.0,20081001,,3000000.0,0.0,3000000.0,Critical,,3000000.0,Unknown,"Operational risk event: External fraud caused by External event in Retail banking located in Unknown province, Fuzhou,Putian."
1707,RISK-0025,7.0,20110301,,700100.0,0.0,700100.0,High,,700100.0,Unknown,"Operational risk event: External fraud caused by External event in Retail banking located in Shanghai,Anhui,Fujian,Guangdong,Macao, Anshan,Jinan,Zhongshan."
1708,RISK-0025,7.0,20100401,,15000.0,0.0,15000.0,Low,,15000.0,Unknown,"Operational risk event: External fraud caused by External event in Retail banking located in Unknown province, Unknown city."
1709,RISK-0025,7.0,20070701,,120000.0,0.0,120000.0,Medium,,120000.0,Unknown,"Operational risk event: External fraud caused by External event in Retail banking located in Unknown province, Unknown city."
1710,RISK-0040,7.0,20100801,,6169.0,0.0,6169.0,Low,,6169.0,Unknown,"Operational risk event: Clients, products & business practices caused by External event in Retail banking located in Shanghai, Unknown city."
1711,RISK-0043,2.0,20110801,,30000.0,0.0,30000.0,Low,,30000.0,Unknown,"Operational risk event: External fraud caused by External event in Asset management located in Heilongjiang, Nanjing,Zhenjiang."
1712,RISK-0025,7.0,20110801,,5699.999999999999,0.0,5699.999999999999,Low,,5699.999999999999,Unknown,"Operational risk event: External fraud caused by External event in Retail banking located in Unknown province, Harbin."
1713,RISK-0025,7.0,20110901,,9478.0,0.0,9478.0,Low,,9478.0,Unknown,"Operational risk event: External fraud caused by External event in Retail banking located in Heilongjiang, Harbin."
1714,RISK-0025,7.0,20110301,,2000000.0,0.0,2000000.0,Critical,,2000000.0,Unknown,"Operational risk event: External fraud caused by External event in Retail banking located in Beijing,Shanghai,Zhejiang,Hongkong, Nanjing,Hangzhou,Shenzhen."
1715,RISK-0025,7.0,20110801,,1000000.0,0.0,1000000.0,Critical,,1000000.0,Unknown,"Operational risk event: External fraud caused by External event in Retail banking located in Beijing,Shanghai,Hainan,Hongkong, Nanjing,Shenzhen."
1716,RISK-0025,7.0,20110901,,2500.0,0.0,2500.0,Low,,2500.0,Unknown,"Operational risk event: External fraud caused by External event in Retail banking located in Zhejiang, Hangzhou,Jinhua."
1717,RISK-0025,7.0,20111101,,518000.0,0.0,518000.0,High,,518000.0,Unknown,"Operational risk event: External fraud caused by External event in Retail banking located in Fujian, Fuzhou."
1718,RISK-0065,6.0,20110701,,102290.0,0.0,102290.0,Medium,,102290.0,Unknown,"Operational risk event: Clients, products & business practices caused by Process in Payment and settlement located in Jiangsu, Nanjing."
1719,RISK-0065,6.0,20110701,,144300.0,0.0,144300.0,Medium,,144300.0,Unknown,"Operational risk event: Clients, products & business practices caused by Process in Payment and settlement located in Yunnan, Kunming."
1720,RISK-0005,7.0,20050801,,900000.0,0.0,900000.0,High,,900000.0,Unknown,"Operational risk event: Internal fraud caused by People in Retail banking located in Beijing,Tianjin,Shanxi, Linfen."
1721,RISK-0025,7.0,20110801,,9000.0,0.0,9000.0,Low,,9000.0,Unknown,"Operational risk event: External fraud caused by External event in Retail banking located in Hubei, Unknown city."
1722,RISK-0025,7.0,20110601,,230000.0,0.0,230000.0,Medium,,230000.0,Unknown,"Operational risk event: External fraud caused by External event in Retail banking located in Hebei, Langfang."
1723,RISK-0025,7.0,20110801,,1000.0,0.0,1000.0,Low,,1000.0,Unknown,"Operational risk event: External fraud caused by External event in Retail banking located in Unknown province, Unknown city."
1724,RISK-0025,7.0,20110801,,65000.0,0.0,65000.0,Medium,,65000.0,Unknown,"Operational risk event: External fraud caused by External event in Retail banking located in Unknown province, Zhongshan."
1725,RISK-0025,7.0,20110301,,32000.0,0.0,32000.0,Low,,32000.0,Unknown,"Operational risk event: External fraud caused by External event in Retail banking located in Zhejiang,Hunan, Ningbo,Shenzhen."
1726,RISK-0025,7.0,20110501,,500000.0,0.0,500000.0,High,,500000.0,Unknown,"Operational risk event: External fraud caused by External event in Retail banking located in Fujian,Yunnan, Ningbo."
1727,RISK-0025,7.0,,,7500.0,0.0,7500.0,Low,,7500.0,Unknown,"Operational risk event: External fraud caused by External event in Retail banking located in Xinjiang, Unknown city."
1728,RISK-0025,7.0,20071001,,9600000.0,0.0,9600000.0,Critical,,9600000.0,Unknown,"Operational risk event: External fraud caused by External event in Retail banking located in Hunan, Hengyang,Shenzhen."
1729,RISK-0025,7.0,20101001,,26000.0,0.0,26000.0,Low,,26000.0,Unknown,"Operational risk event: External fraud caused by External event in Retail banking located in Beijing,Shanghai,Hunan,Shaanxi, Hangzhou."
1730,RISK-0025,7.0,20100401,,170000.0,0.0,170000.0,Medium,,170000.0,Unknown,"Operational risk event: External fraud caused by External event in Retail banking located in Shanghai, Ningbo."
1731,RISK-0025,7.0,,,155000.0,0.0,155000.0,Medium,,155000.0,Unknown,"Operational risk event: External fraud caused by External event in Retail banking located in Hainan, Wanning."
1732,RISK-0025,7.0,20110801,,171.0,0.0,171.0,Low,,171.0,Unknown,"Operational risk event: External fraud caused by External event in Retail banking located in Unknown province, Unknown city."
1733,RISK-0023,3.0,20100601,,2000000.0,0.0,2000000.0,Critical,,2000000.0,Unknown,"Operational risk event: External fraud caused by External event in Commercial banking located in Zhejiang, Huzhou."
1734,RISK-0025,7.0,20110801,,70000.0,0.0,70000.0,Medium,,70000.0,Unknown,"Operational risk event: External fraud caused by External event in Retail banking located in Zhejiang, Nanjing,Zhoushan."
1735,RISK-0025,7.0,20110701,,53000.0,0.0,53000.0,Medium,,53000.0,Unknown,"Operational risk event: External fraud caused by External event in Retail banking located in Guangxi, Dongguan."
1736,RISK-0025,7.0,,,86000.0,0.0,86000.0,Medium,,86000.0,Unknown,"Operational risk event: External fraud caused by External event in Retail banking located in Unknown province, Xiamen."
1737,RISK-0005,7.0,,,1200000.0,0.0,1200000.0,Critical,,1200000.0,Unknown,"Operational risk event: Internal fraud caused by People in Retail banking located in Zhejiang, Wenzhou."
1738,RISK-0025,7.0,20110601,,27500.0,0.0,27500.0,Low,,27500.0,Unknown,"Operational risk event: External fraud caused by External event in Retail banking located in Unknown province, Hohhot."
1739,RISK-0025,7.0,,,29000.0,0.0,29000.0,Low,,29000.0,Unknown,"Operational risk event: External fraud caused by External event in Retail banking located in Beijing, Unknown city."
1740,RISK-0025,7.0,20110301,,5699.999999999999,0.0,5699.999999999999,Low,,5699.999999999999,Unknown,"Operational risk event: External fraud caused by External event in Retail banking located in Unknown province, Fuzhou."
1741,RISK-0023,3.0,20110501,,80000.0,0.0,80000.0,Medium,,80000.0,Unknown,"Operational risk event: External fraud caused by External event in Commercial banking located in Shanxi,Zhejiang, Taiyuan,Wenzhou."
1742,RISK-0025,7.0,20110701,,35000.0,0.0,35000.0,Low,,35000.0,Unknown,"Operational risk event: External fraud caused by External event in Retail banking located in Unknown province, Unknown city."
1743,RISK-0025,7.0,20101101,,22771.5,0.0,22771.5,Low,,22771.5,Unknown,"Operational risk event: External fraud caused by External event in Retail banking located in Shanghai, Unknown city."
1744,RISK-0025,7.0,,,20000.0,0.0,20000.0,Low,,20000.0,Unknown,"Operational risk event: External fraud caused by External event in Retail banking located in Unknown province, Suzhou."
1745,RISK-0025,7.0,20110401,,5000.0,0.0,5000.0,Low,,5000.0,Unknown,"Operational risk event: External fraud caused by External event in Retail banking located in Jiangsu,Yunnan, Nanjing."
1746,RISK-0025,7.0,20110501,,30000000.0,0.0,30000000.0,Critical,,30000000.0,Unknown,"Operational risk event: External fraud caused by External event in Retail banking located in Unknown province, Wuhu."
1747,RISK-0025,7.0,20110701,,10000.0,0.0,10000.0,Low,,10000.0,Unknown,"Operational risk event: External fraud caused by External event in Retail banking located in Unknown province, Xingtai."
1748,RISK-0025,7.0,20090401,,100000.0,0.0,100000.0,Medium,,100000.0,Unknown,"Operational risk event: External fraud caused by External event in Retail banking located in Jiangsu, Wuxi."
1749,RISK-0025,7.0,20100301,,30000.0,0.0,30000.0,Low,,30000.0,Unknown,"Operational risk event: External fraud caused by External event in Retail banking located in Guangxi, Tangshan,Nanning."
1750,RISK-0025,7.0,20100501,,281000.0,0.0,281000.0,High,,281000.0,Unknown,"Operational risk event: External fraud caused by External event in Retail banking located in Unknown province, Qiqihar."
1751,RISK-0001,3.0,20110601,,30000000.0,0.0,30000000.0,Critical,,30000000.0,Unknown,"Operational risk event: Internal fraud caused by People in Commercial banking located in Shanxi,Jiangsu,Zhejiang, Nantong,Wenzhou,Xiamen."
1752,RISK-0025,7.0,20091101,,100000.0,0.0,100000.0,Medium,,100000.0,Unknown,"Operational risk event: External fraud caused by External event in Retail banking located in Unknown province, Unknown city."
1753,RISK-0025,7.0,20090301,,40000000.0,0.0,40000000.0,Critical,,40000000.0,Unknown,"Operational risk event: External fraud caused by External event in Retail banking located in Unknown province, Hangzhou."
1754,RISK-0019,7.0,20110701,,1000.0,0.0,1000.0,Low,,1000.0,Unknown,"Operational risk event: Business disruption and system failures caused by System in Retail banking located in Unknown province, Weihai."
1755,RISK-0025,7.0,20110701,,1200000.0,0.0,1200000.0,Critical,,1200000.0,Unknown,"Operational risk event: External fraud caused by External event in Retail banking located in Henan,Guangdong,Hongkong,Macao, Unknown city."
1756,RISK-0025,7.0,20110601,,6000.0,0.0,6000.0,Low,,6000.0,Unknown,"Operational risk event: External fraud caused by External event in Retail banking located in Unknown province, Unknown city."
1757,RISK-0025,7.0,20110401,,80000.0,0.0,80000.0,Medium,,80000.0,Unknown,"Operational risk event: External fraud caused by External event in Retail banking located in Zhejiang,Jiangxi,Hubei, Hangzhou,Jiaxing."
1758,RISK-0043,2.0,,,100000.0,0.0,100000.0,Medium,,100000.0,Unknown,"Operational risk event: External fraud caused by External event in Asset management located in Unknown province, Unknown city."
1759,RISK-0025,7.0,20090701,,1199000.0,0.0,1199000.0,Critical,,1199000.0,Unknown,"Operational risk event: External fraud caused by External event in Retail banking located in Shanghai,Zhejiang,Shandong,Hunan,Hongkong, Wenzhou,Qingdao,Jining,Weifang,Zhuzhou,Shenzhen."
1760,RISK-0025,7.0,,,2036000.0,0.0,2036000.0,Critical,,2036000.0,Unknown,"Operational risk event: External fraud caused by External event in Retail banking located in Hunan, Suzhou,Lishui."
1761,RISK-0025,7.0,,,100000.0,0.0,100000.0,Medium,,100000.0,Unknown,"Operational risk event: External fraud caused by External event in Retail banking located in Shanxi,Jiangsu,Zhejiang,Fujian,Guangdong,Chongqing, Xuzhou,Wenzhou,Ningbo,Hangzhou,Huzhou."
1762,RISK-0005,7.0,,,180000.0,0.0,180000.0,Medium,,180000.0,Unknown,"Operational risk event: Internal fraud caused by People in Retail banking located in Inner mongolia,Fujian,Inner mongolia, Ningde."
1763,RISK-0025,7.0,20110601,,14300.0,0.0,14300.0,Low,,14300.0,Unknown,"Operational risk event: External fraud caused by External event in Retail banking located in Shanghai,Xinjiang, Urumqi,Karamay."
1764,RISK-0025,7.0,20080501,,330000.0,0.0,330000.0,High,,330000.0,Unknown,"Operational risk event: External fraud caused by External event in Retail banking located in Zhejiang, Wenzhou."
1765,RISK-0025,7.0,20110701,,1000.0,0.0,1000.0,Low,,1000.0,Unknown,"Operational risk event: External fraud caused by External event in Retail banking located in Unknown province, Unknown city."
1766,RISK-0025,7.0,20070401,,230000.0,0.0,230000.0,Medium,,230000.0,Unknown,"Operational risk event: External fraud caused by External event in Retail banking located in Guangxi,Xinjiang, Taiyuan,Urumqi,Wujiaqu."
1767,RISK-0025,7.0,20090601,,58442.0,0.0,58442.0,Medium,,58442.0,Unknown,"Operational risk event: External fraud caused by External event in Retail banking located in Guangdong, Nanchang."
1768,RISK-0005,7.0,20081001,,4435000.0,0.0,4435000.0,Critical,,4435000.0,Unknown,"Operational risk event: Internal fraud caused by People in Retail banking located in Anhui, Unknown city."
1769,RISK-0025,7.0,20110501,,460000.0,0.0,460000.0,High,,460000.0,Unknown,"Operational risk event: External fraud caused by External event in Retail banking located in Unknown province, Shijiazhuang,Jinan,Taian."
1770,RISK-0040,7.0,,,100.0,0.0,100.0,Low,,100.0,Unknown,"Operational risk event: Clients, products & business practices caused by External event in Retail banking located in Zhejiang, Shaoxing."
1771,RISK-0025,7.0,,,160000.0,0.0,160000.0,Medium,,160000.0,Unknown,"Operational risk event: External fraud caused by External event in Retail banking located in Zhejiang, Unknown city."
1772,RISK-0025,7.0,20080701,,30000.0,0.0,30000.0,Low,,30000.0,Unknown,"Operational risk event: External fraud caused by External event in Retail banking located in Unknown province, Unknown city."
1773,RISK-0025,7.0,,,130000.0,0.0,130000.0,Medium,,130000.0,Unknown,"Operational risk event: External fraud caused by External event in Retail banking located in Shanghai,Zhejiang, Jinhua."
1774,RISK-0025,7.0,,,1580000.0,0.0,1580000.0,Critical,,1580000.0,Unknown,"Operational risk event: External fraud caused by External event in Retail banking located in Unknown province, Tangshan,Qinhuangdao."
1775,RISK-0025,7.0,20100401,,17850000.0,0.0,17850000.0,Critical,,17850000.0,Unknown,"Operational risk event: External fraud caused by External event in Retail banking located in Shandong, Dongying."
1776,RISK-0025,7.0,20100401,,300000.0,0.0,300000.0,High,,300000.0,Unknown,"Operational risk event: External fraud caused by External event in Retail banking located in Shandong,Shaanxi, Rizhao."
1777,RISK-0025,7.0,,,120000000.0,0.0,120000000.0,Critical,,120000000.0,Unknown,"Operational risk event: External fraud caused by External event in Retail banking located in Unknown province, Xiamen,Jinan."
1778,RISK-0025,7.0,20100401,,66000000.0,0.0,66000000.0,Critical,,66000000.0,Unknown,"Operational risk event: External fraud caused by External event in Retail banking located in Unknown province, Jinan."
1779,RISK-0025,7.0,20100501,,10000.0,0.0,10000.0,Low,,10000.0,Unknown,"Operational risk event: External fraud caused by External event in Retail banking located in Qinghai, Unknown city."
1780,RISK-0025,7.0,20100701,,96500.0,0.0,96500.0,Medium,,96500.0,Unknown,"Operational risk event: External fraud caused by External event in Retail banking located in Unknown province, Unknown city."
1781,RISK-0043,2.0,20110601,,360200.00000000006,0.0,360200.00000000006,High,,360200.00000000006,Unknown,"Operational risk event: External fraud caused by External event in Asset management located in Shanxi, Taiyuan,Yangquan."
1782,RISK-0025,7.0,,,50000.0,0.0,50000.0,Medium,,50000.0,Unknown,"Operational risk event: External fraud caused by External event in Retail banking located in Shanghai,Anhui, Liuzhou."
1783,RISK-0023,3.0,20100901,,5000000.0,0.0,5000000.0,Critical,,5000000.0,Unknown,"Operational risk event: External fraud caused by External event in Commercial banking located in Unknown province, Hohhot."
1784,RISK-0025,7.0,20101201,,70000.0,0.0,70000.0,Medium,,70000.0,Unknown,"Operational risk event: External fraud caused by External event in Retail banking located in Unknown province, Nanning."
1785,RISK-0025,7.0,,,220000.0,0.0,220000.0,Medium,,220000.0,Unknown,"Operational risk event: External fraud caused by External event in Retail banking located in Shanghai, Unknown city."
1786,RISK-0077,2.0,20110301,,17000.0,0.0,17000.0,Low,,17000.0,Unknown,"Operational risk event: Damage to physical assets caused by External event in Asset management located in Anhui, Unknown city."
1787,RISK-0025,7.0,20110501,,40000.0,0.0,40000.0,Low,,40000.0,Unknown,"Operational risk event: External fraud caused by External event in Retail banking located in Guangxi, Fuxin,Jinan,Qingdao,Zibo,Weifang."
1788,RISK-0025,7.0,20110601,,10000.0,0.0,10000.0,Low,,10000.0,Unknown,"Operational risk event: External fraud caused by External event in Retail banking located in Unknown province, Sanya,Dongfang."
1789,RISK-0025,7.0,20090901,,15000.0,0.0,15000.0,Low,,15000.0,Unknown,"Operational risk event: External fraud caused by External event in Retail banking located in Unknown province, Wuxi."
1790,RISK-0025,7.0,,,81000.0,0.0,81000.0,Medium,,81000.0,Unknown,"Operational risk event: External fraud caused by External event in Retail banking located in Unknown province, Unknown city."
1791,RISK-0025,7.0,20110301,,9000.0,0.0,9000.0,Low,,9000.0,Unknown,"Operational risk event: External fraud caused by External event in Retail banking located in Zhejiang, Unknown city."
1792,RISK-0025,7.0,20100801,,7500.0,0.0,7500.0,Low,,7500.0,Unknown,"Operational risk event: External fraud caused by External event in Retail banking located in Qinghai, Huangnan."
1793,RISK-0005,7.0,,,110000.0,0.0,110000.0,Medium,,110000.0,Unknown,"Operational risk event: Internal fraud caused by People in Retail banking located in Yunnan, Unknown city."
1794,RISK-0043,2.0,20110601,,53000.0,0.0,53000.0,Medium,,53000.0,Unknown,"Operational risk event: External fraud caused by External event in Asset management located in Gansu, Lanzhou,Tianshui."
1795,RISK-0025,7.0,20091101,,125578.0,0.0,125578.0,Medium,,125578.0,Unknown,"Operational risk event: External fraud caused by External event in Retail banking located in Unknown province, Unknown city."
1796,RISK-0025,7.0,20110301,,18224.0,0.0,18224.0,Low,,18224.0,Unknown,"Operational risk event: External fraud caused by External event in Retail banking located in Unknown province, Xi'an,Xining."
1797,RISK-0038,7.0,,,30000.0,0.0,30000.0,Low,,30000.0,Unknown,"Operational risk event: Clients, products & business practices caused by System in Retail banking located in Shanghai, Nanjing,Dongfang."
1798,RISK-0025,7.0,20091001,,60000.0,0.0,60000.0,Medium,,60000.0,Unknown,"Operational risk event: External fraud caused by External event in Retail banking located in Unknown province, Nanjing."
1799,RISK-0025,7.0,20100601,,12000.0,0.0,12000.0,Low,,12000.0,Unknown,"Operational risk event: External fraud caused by External event in Retail banking located in Jiangxi, Unknown city."
1800,RISK-0031,2.0,20101101,,3000000.0,0.0,3000000.0,Critical,,3000000.0,Unknown,"Operational risk event: Internal fraud caused by People in Asset management located in Shandong, Taiyuan."
1801,RISK-0025,7.0,20070101,,78000.0,0.0,78000.0,Medium,,78000.0,Unknown,"Operational risk event: External fraud caused by External event in Retail banking located in Shanghai, Dongfang."
1802,RISK-0040,7.0,20050701,,1800000.0,0.0,1800000.0,Critical,,1800000.0,Unknown,"Operational risk event: Clients, products & business practices caused by External event in Retail banking located in Beijing, Nanjing,Zhongshan."
1803,RISK-0031,2.0,20110201,,100000.0,0.0,100000.0,Medium,,100000.0,Unknown,"Operational risk event: Internal fraud caused by People in Asset management located in Unknown province, Nanchang."
1804,RISK-0004,7.0,20110601,,2500.0,0.0,2500.0,Low,,2500.0,Unknown,"Operational risk event: Clients, products & business practices caused by People in Retail banking located in Unknown province, Dongfang."
1805,RISK-0023,3.0,20081101,,1670000.0,0.0,1670000.0,Critical,,1670000.0,Unknown,"Operational risk event: External fraud caused by External event in Commercial banking located in Fujian,Hongkong, Changzhou,Ningbo,Ding'an."
1806,RISK-0040,7.0,20101201,,10000.0,0.0,10000.0,Low,,10000.0,Unknown,"Operational risk event: Clients, products & business practices caused by External event in Retail banking located in Unknown province, Unknown city."
1807,RISK-0023,3.0,,,430000000.0,0.0,430000000.0,Critical,,430000000.0,Unknown,"Operational risk event: External fraud caused by External event in Commercial banking located in Unknown province, Chaoyang."
1808,RISK-0024,6.0,20110601,,370000000.0,0.0,370000000.0,Critical,,370000000.0,Unknown,"Operational risk event: External fraud caused by External event in Payment and settlement located in Jiangsu, Wuxi,Wenzhou."
1809,RISK-0025,7.0,20080301,,95000.0,0.0,95000.0,Medium,,95000.0,Unknown,"Operational risk event: External fraud caused by External event in Retail banking located in Chongqing, Unknown city."
1810,RISK-0025,7.0,20090501,,42000.0,0.0,42000.0,Low,,42000.0,Unknown,"Operational risk event: External fraud caused by External event in Retail banking located in Unknown province, Chengdu."
1811,RISK-0075,7.0,,,30000.0,0.0,30000.0,Low,,30000.0,Unknown,"Operational risk event: External fraud caused by Process in Retail banking located in Jiangsu, Nanjing."
1812,RISK-0025,7.0,20110601,,10000.0,0.0,10000.0,Low,,10000.0,Unknown,"Operational risk event: External fraud caused by External event in Retail banking located in Unknown province, Unknown city."
1813,RISK-0025,7.0,20110301,,34374.0,0.0,34374.0,Low,,34374.0,Unknown,"Operational risk event: External fraud caused by External event in Retail banking located in Zhejiang,Guangdong, Taizhou."
1814,RISK-0025,7.0,20110601,,26400.0,0.0,26400.0,Low,,26400.0,Unknown,"Operational risk event: External fraud caused by External event in Retail banking located in Shanghai, Suining."
1815,RISK-0025,7.0,,,110000.0,0.0,110000.0,Medium,,110000.0,Unknown,"Operational risk event: External fraud caused by External event in Retail banking located in Tibet, Unknown city."
1816,RISK-0025,7.0,20091201,,445000.0,0.0,445000.0,High,,445000.0,Unknown,"Operational risk event: External fraud caused by External event in Retail banking located in Beijing,Liaoning, Shenyang."
1817,RISK-0025,7.0,,,300000.0,0.0,300000.0,High,,300000.0,Unknown,"Operational risk event: External fraud caused by External event in Retail banking located in Jilin, Jilin,Harbin."
1818,RISK-0025,7.0,20030201,,245000.0,0.0,245000.0,Medium,,245000.0,Unknown,"Operational risk event: External fraud caused by External event in Retail banking located in Shanxi, Taiyuan."
1819,RISK-0025,7.0,20110401,,200000.0,0.0,200000.0,Medium,,200000.0,Unknown,"Operational risk event: External fraud caused by External event in Retail banking located in Hainan, Wenchang,Changjiang."
1820,RISK-0025,7.0,20100801,,20000.0,0.0,20000.0,Low,,20000.0,Unknown,"Operational risk event: External fraud caused by External event in Retail banking located in Fujian, Putian."
1821,RISK-0020,7.0,20110501,,10800.0,0.0,10800.0,Low,,10800.0,Unknown,"Operational risk event: External fraud caused by System in Retail banking located in Fujian, Unknown city."
1822,RISK-0025,7.0,20110501,,420.0,0.0,420.0,Low,,420.0,Unknown,"Operational risk event: External fraud caused by External event in Retail banking located in Beijing, Unknown city."
1823,RISK-0019,7.0,20100801,,1800.0,0.0,1800.0,Low,,1800.0,Unknown,"Operational risk event: Business disruption and system failures caused by System in Retail banking located in Unknown province, Jinan."
1824,RISK-0005,7.0,20090201,,15957100.0,0.0,15957100.0,Critical,,15957100.0,Unknown,"Operational risk event: Internal fraud caused by People in Retail banking located in Unknown province, Suzhou."
1825,RISK-0025,7.0,20081201,,5000000.0,0.0,5000000.0,Critical,,5000000.0,Unknown,"Operational risk event: External fraud caused by External event in Retail banking located in Unknown province, Unknown city."
1826,RISK-0023,3.0,19950601,,350000000.0,0.0,350000000.0,Critical,,350000000.0,Unknown,"Operational risk event: External fraud caused by External event in Commercial banking located in Zhejiang, Hangzhou."
1827,RISK-0005,7.0,20091201,,37000.0,0.0,37000.0,Low,,37000.0,Unknown,"Operational risk event: Internal fraud caused by People in Retail banking located in Heilongjiang, Harbin."
1828,RISK-0025,7.0,20110401,,100000.0,0.0,100000.0,Medium,,100000.0,Unknown,"Operational risk event: External fraud caused by External event in Retail banking located in Unknown province, Hohhot."
1829,RISK-0025,7.0,,,509000.0,0.0,509000.0,High,,509000.0,Unknown,"Operational risk event: External fraud caused by External event in Retail banking located in Guangdong, Unknown city."
1830,RISK-0025,7.0,,,3000.0,0.0,3000.0,Low,,3000.0,Unknown,"Operational risk event: External fraud caused by External event in Retail banking located in Jilin, Jilin,Wenzhou."
1831,RISK-0075,7.0,20080401,,11505.0,0.0,11505.0,Low,,11505.0,Unknown,"Operational risk event: External fraud caused by Process in Retail banking located in Hunan, Changsha."
1832,RISK-0025,7.0,20110201,,44000.0,0.0,44000.0,Low,,44000.0,Unknown,"Operational risk event: External fraud caused by External event in Retail banking located in Unknown province, Jinan,Qingdao."
1833,RISK-0025,7.0,20110501,,5000.0,0.0,5000.0,Low,,5000.0,Unknown,"Operational risk event: External fraud caused by External event in Retail banking located in Shanghai, Unknown city."
1834,RISK-0013,7.0,20110101,,32360.000000000004,0.0,32360.000000000004,Low,,32360.000000000004,Unknown,"Operational risk event: Execution, delivery & process management caused by Process in Retail banking located in Shanghai, Unknown city."
1835,RISK-0025,7.0,20101001,,29500.0,0.0,29500.0,Low,,29500.0,Unknown,"Operational risk event: External fraud caused by External event in Retail banking located in Unknown province, Yichun."
1836,RISK-0025,7.0,20110501,,140000.0,0.0,140000.0,Medium,,140000.0,Unknown,"Operational risk event: External fraud caused by External event in Retail banking located in Unknown province, Handan,Shenzhen."
1837,RISK-0025,7.0,20070301,,80000000.0,0.0,80000000.0,Critical,,80000000.0,Unknown,"Operational risk event: External fraud caused by External event in Retail banking located in Zhejiang, Wenzhou,Hangzhou."
1838,RISK-0025,7.0,20100701,,76000.0,0.0,76000.0,Medium,,76000.0,Unknown,"Operational risk event: External fraud caused by External event in Retail banking located in Jiangsu,Zhejiang,Qinghai, Suzhou,Jiaxing,Xining."
1839,RISK-0025,7.0,20110501,,13500.0,0.0,13500.0,Low,,13500.0,Unknown,"Operational risk event: External fraud caused by External event in Retail banking located in Zhejiang,Anhui, Ningbo."
1840,RISK-0025,7.0,,,388000.0,0.0,388000.0,High,,388000.0,Unknown,"Operational risk event: External fraud caused by External event in Retail banking located in Hebei, Qinhuangdao."
1841,RISK-0013,7.0,20110501,,100000.0,0.0,100000.0,Medium,,100000.0,Unknown,"Operational risk event: Execution, delivery & process management caused by Process in Retail banking located in Henan, Dezhou,Shangqiu."
1842,RISK-0025,7.0,,,159000.0,0.0,159000.0,Medium,,159000.0,Unknown,"Operational risk event: External fraud caused by External event in Retail banking located in Unknown province, Unknown city."
1843,RISK-0015,7.0,20110401,,2500.0,0.0,2500.0,Low,,2500.0,Unknown,"Operational risk event: Clients, products & business practices caused by Process in Retail banking located in Hunan, Zhuzhou."
1844,RISK-0025,7.0,20100401,,32000.0,0.0,32000.0,Low,,32000.0,Unknown,"Operational risk event: External fraud caused by External event in Retail banking located in Beijing,Henan, Unknown city."
1845,RISK-0025,7.0,20110401,,90000.0,0.0,90000.0,Medium,,90000.0,Unknown,"Operational risk event: External fraud caused by External event in Retail banking located in Shanghai, Unknown city."
1846,RISK-0025,7.0,,,500.0,0.0,500.0,Low,,500.0,Unknown,"Operational risk event: External fraud caused by External event in Retail banking located in Unknown province, Unknown city."
1847,RISK-0025,7.0,20091101,,185000.0,0.0,185000.0,Medium,,185000.0,Unknown,"Operational risk event: External fraud caused by External event in Retail banking located in Beijing,Hebei,Shandong, Unknown city."
1848,RISK-0065,6.0,20110401,,1500.0,0.0,1500.0,Low,,1500.0,Unknown,"Operational risk event: Clients, products & business practices caused by Process in Payment and settlement located in Unknown province, Unknown city."
1849,RISK-0025,7.0,20110501,,2000.0,0.0,2000.0,Low,,2000.0,Unknown,"Operational risk event: External fraud caused by External event in Retail banking located in Unknown province, Sanya."
1850,RISK-0043,2.0,20110501,,10000.0,0.0,10000.0,Low,,10000.0,Unknown,"Operational risk event: External fraud caused by External event in Asset management located in Unknown province, Unknown city."
1851,RISK-0080,5.0,20110501,,479.0,0.0,479.0,Low,,479.0,Unknown,"Operational risk event: Employment practices and workplace safety caused by People in No business line located in Unknown province, Unknown city."
1852,RISK-0025,7.0,,,70000.0,0.0,70000.0,Medium,,70000.0,Unknown,"Operational risk event: External fraud caused by External event in Retail banking located in Unknown province, Suzhou,Xuzhou,Nanjing,Nantong."
1853,RISK-0025,7.0,20101201,,110000.0,0.0,110000.0,Medium,,110000.0,Unknown,"Operational risk event: External fraud caused by External event in Retail banking located in Unknown province, Unknown city."
1854,RISK-0025,7.0,20070301,,60000.0,0.0,60000.0,Medium,,60000.0,Unknown,"Operational risk event: External fraud caused by External event in Retail banking located in Unknown province, Chengdu."
1855,RISK-0025,7.0,20110101,,80000.0,0.0,80000.0,Medium,,80000.0,Unknown,"Operational risk event: External fraud caused by External event in Retail banking located in Unknown province, Shenzhen,Chaozhou."
1856,RISK-0025,7.0,20110401,,2608350.0,0.0,2608350.0,Critical,,2608350.0,Unknown,"Operational risk event: External fraud caused by External event in Retail banking located in Beijing,Sichuan, Chengdu."
1857,RISK-0025,7.0,20110401,,18500.0,0.0,18500.0,Low,,18500.0,Unknown,"Operational risk event: External fraud caused by External event in Retail banking located in Guangdong, Shenzhen,Chaozhou."
1858,RISK-0025,7.0,20110401,,94950.0,0.0,94950.0,Medium,,94950.0,Unknown,"Operational risk event: External fraud caused by External event in Retail banking located in Unknown province, Nantong,Changsha."
1859,RISK-0025,7.0,20101101,,2560000.0,0.0,2560000.0,Critical,,2560000.0,Unknown,"Operational risk event: External fraud caused by External event in Retail banking located in Unknown province, Shenzhen."
1860,RISK-0025,7.0,20090801,,661100.0,0.0,661100.0,High,,661100.0,Unknown,"Operational risk event: External fraud caused by External event in Retail banking located in Unknown province, Qingdao."
1861,RISK-0025,7.0,20110401,,1000000.0,0.0,1000000.0,Critical,,1000000.0,Unknown,"Operational risk event: External fraud caused by External event in Retail banking located in Jiangsu,Zhejiang,Jiangxi,Chongqing,Guizhou, Wenzhou,Hangzhou,Taizhou,Shenzhen."
1862,RISK-0025,7.0,20070501,,31000000.0,0.0,31000000.0,Critical,,31000000.0,Unknown,"Operational risk event: External fraud caused by External event in Retail banking located in Liaoning, Shenyang."
1863,RISK-0001,3.0,20100501,,16520000.0,0.0,16520000.0,Critical,,16520000.0,Unknown,"Operational risk event: Internal fraud caused by People in Commercial banking located in Unknown province, Wenzhou."
1864,RISK-0025,7.0,20110401,,250000.0,0.0,250000.0,High,,250000.0,Unknown,"Operational risk event: External fraud caused by External event in Retail banking located in Jilin,Guangxi,Chongqing,Sichuan,Guizhou, Jilin,Beihai,Chengdu,Guiyang,Kunming."
1865,RISK-0025,7.0,20110401,,27000.0,0.0,27000.0,Low,,27000.0,Unknown,"Operational risk event: External fraud caused by External event in Retail banking located in Unknown province, Xingtai."
1866,RISK-0061,2.0,20110401,,37000.0,0.0,37000.0,Low,,37000.0,Unknown,"Operational risk event: Clients, products & business practices caused by External event in Asset management located in Fujian, Quanzhou."
1867,RISK-0025,7.0,20100301,,160000000.0,0.0,160000000.0,Critical,,160000000.0,Unknown,"Operational risk event: External fraud caused by External event in Retail banking located in Fujian, Fuzhou."
1868,RISK-0025,7.0,20071001,,20000.0,0.0,20000.0,Low,,20000.0,Unknown,"Operational risk event: External fraud caused by External event in Retail banking located in Unknown province, Unknown city."
1869,RISK-0025,7.0,20081101,,70000.0,0.0,70000.0,Medium,,70000.0,Unknown,"Operational risk event: External fraud caused by External event in Retail banking located in Hunan, Unknown city."
1870,RISK-0025,7.0,20101101,,33000.0,0.0,33000.0,Low,,33000.0,Unknown,"Operational risk event: External fraud caused by External event in Retail banking located in Inner mongolia,Shanghai,Zhejiang,Fujian,Hainan,Yunnan,Qinghai,Inner mongolia, Putian."
1871,RISK-0025,7.0,20090401,,13096.000000000002,0.0,13096.000000000002,Low,,13096.000000000002,Unknown,"Operational risk event: External fraud caused by External event in Retail banking located in Zhejiang, Unknown city."
1872,RISK-0025,7.0,20090201,,15250.0,0.0,15250.0,Low,,15250.0,Unknown,"Operational risk event: External fraud caused by External event in Retail banking located in Zhejiang, Jiaxing."
1873,RISK-0025,7.0,20110401,,29200.0,0.0,29200.0,Low,,29200.0,Unknown,"Operational risk event: External fraud caused by External event in Retail banking located in Unknown province, Taiyuan,Chengdu."
1874,RISK-0025,7.0,20110301,,105000.0,0.0,105000.0,Medium,,105000.0,Unknown,"Operational risk event: External fraud caused by External event in Retail banking located in Zhejiang, Wenzhou,Ningbo."
1875,RISK-0040,7.0,20101201,,100000.0,0.0,100000.0,Medium,,100000.0,Unknown,"Operational risk event: Clients, products & business practices caused by External event in Retail banking located in Shanghai,Henan, Zhengzhou."
1876,RISK-0025,7.0,20080501,,17000.0,0.0,17000.0,Low,,17000.0,Unknown,"Operational risk event: External fraud caused by External event in Retail banking located in Unknown province, Chaoyang."
1877,RISK-0025,7.0,20110101,,3000.0,0.0,3000.0,Low,,3000.0,Unknown,"Operational risk event: External fraud caused by External event in Retail banking located in Zhejiang, Nanjing,Hangzhou."
1878,RISK-0025,7.0,20050101,,580000.0,0.0,580000.0,High,,580000.0,Unknown,"Operational risk event: External fraud caused by External event in Retail banking located in Hunan, Unknown city."
1879,RISK-0025,7.0,20110101,,21000.0,0.0,21000.0,Low,,21000.0,Unknown,"Operational risk event: External fraud caused by External event in Retail banking located in Jilin,Heilongjiang, Jilin,Mudanjiang."
1880,RISK-0040,7.0,20041101,,158000.0,0.0,158000.0,Medium,,158000.0,Unknown,"Operational risk event: Clients, products & business practices caused by External event in Retail banking located in Beijing,Anhui, Anshan."
1881,RISK-0025,7.0,20110301,,105000.0,0.0,105000.0,Medium,,105000.0,Unknown,"Operational risk event: External fraud caused by External event in Retail banking located in Unknown province, Wenzhou,Ningbo."
1882,RISK-0023,3.0,20110401,,8000000.0,0.0,8000000.0,Critical,,8000000.0,Unknown,"Operational risk event: External fraud caused by External event in Commercial banking located in Beijing,Shandong,Hainan, Unknown city."
1883,RISK-0025,7.0,20110201,,10000.0,0.0,10000.0,Low,,10000.0,Unknown,"Operational risk event: External fraud caused by External event in Retail banking located in Anhui,Fujian,Hubei,Hunan,Guangdong, Xiamen,Huangshi,Loudi,Dongguan."
1884,RISK-0025,7.0,,,5000.0,0.0,5000.0,Low,,5000.0,Unknown,"Operational risk event: External fraud caused by External event in Retail banking located in Unknown province, Harbin."
1885,RISK-0025,7.0,20081101,,96600.0,0.0,96600.0,Medium,,96600.0,Unknown,"Operational risk event: External fraud caused by External event in Retail banking located in Chongqing, Unknown city."
1886,RISK-0025,7.0,20071001,,330000.0,0.0,330000.0,High,,330000.0,Unknown,"Operational risk event: External fraud caused by External event in Retail banking located in Zhejiang, Jiaxing."
1887,RISK-0025,7.0,20090401,,100000.0,0.0,100000.0,Medium,,100000.0,Unknown,"Operational risk event: External fraud caused by External event in Retail banking located in Unknown province, Wuxi."
1888,RISK-0025,7.0,20110401,,900000.0,0.0,900000.0,High,,900000.0,Unknown,"Operational risk event: External fraud caused by External event in Retail banking located in Zhejiang, Unknown city."
1889,RISK-0025,7.0,20100101,,23000.0,0.0,23000.0,Low,,23000.0,Unknown,"Operational risk event: External fraud caused by External event in Retail banking located in Unknown province, Unknown city."
1890,RISK-0025,7.0,20071201,,8000.0,0.0,8000.0,Low,,8000.0,Unknown,"Operational risk event: External fraud caused by External event in Retail banking located in Unknown province, Fuzhou."
1891,RISK-0025,7.0,20110401,,200000.0,0.0,200000.0,Medium,,200000.0,Unknown,"Operational risk event: External fraud caused by External event in Retail banking located in Unknown province, Ding'an."
1892,RISK-0025,7.0,20110401,,120000.0,0.0,120000.0,Medium,,120000.0,Unknown,"Operational risk event: External fraud caused by External event in Retail banking located in Anhui,Shandong, Unknown city."
1893,RISK-0025,7.0,20100401,,500000.0,0.0,500000.0,High,,500000.0,Unknown,"Operational risk event: External fraud caused by External event in Retail banking located in Jilin, Jilin,Dongguan."
1894,RISK-0025,7.0,20101001,,5000.0,0.0,5000.0,Low,,5000.0,Unknown,"Operational risk event: External fraud caused by External event in Retail banking located in Guangdong, Unknown city."
1895,RISK-0025,7.0,20110401,,4200.0,0.0,4200.0,Low,,4200.0,Unknown,"Operational risk event: External fraud caused by External event in Retail banking located in Unknown province, Weifang."
1896,RISK-0061,2.0,20101101,,6210.0,0.0,6210.0,Low,,6210.0,Unknown,"Operational risk event: Clients, products & business practices caused by External event in Asset management located in Unknown province, Unknown city."
1897,RISK-0025,7.0,,,530000.0,0.0,530000.0,High,,530000.0,Unknown,"Operational risk event: External fraud caused by External event in Retail banking located in Unknown province, Unknown city."
1898,RISK-0025,7.0,20090701,,3500000.0,0.0,3500000.0,Critical,,3500000.0,Unknown,"Operational risk event: External fraud caused by External event in Retail banking located in Unknown province, Unknown city."
1899,RISK-0025,7.0,20100501,,28000.0,0.0,28000.0,Low,,28000.0,Unknown,"Operational risk event: External fraud caused by External event in Retail banking located in Guangdong, Unknown city."
1900,RISK-0019,7.0,,,300000.0,0.0,300000.0,High,,300000.0,Unknown,"Operational risk event: Business disruption and system failures caused by System in Retail banking located in Anhui, Unknown city."
1901,RISK-0025,7.0,20110401,,70000.0,0.0,70000.0,Medium,,70000.0,Unknown,"Operational risk event: External fraud caused by External event in Retail banking located in Hongkong, Unknown city."
1902,RISK-0025,7.0,20090201,,65279.99999999999,0.0,65279.99999999999,Medium,,65279.99999999999,Unknown,"Operational risk event: External fraud caused by External event in Retail banking located in Unknown province, Chengdu."
1903,RISK-0025,7.0,,,400000.0,0.0,400000.0,High,,400000.0,Unknown,"Operational risk event: External fraud caused by External event in Retail banking located in Hongkong, Unknown city."
1904,RISK-0025,7.0,,,120000.0,0.0,120000.0,Medium,,120000.0,Unknown,"Operational risk event: External fraud caused by External event in Retail banking located in Unknown province, Unknown city."
1905,RISK-0031,2.0,,,1890000.0,0.0,1890000.0,Critical,,1890000.0,Unknown,"Operational risk event: Internal fraud caused by People in Asset management located in Heilongjiang, Unknown city."
1906,RISK-0025,7.0,20090601,,810000.0,0.0,810000.0,High,,810000.0,Unknown,"Operational risk event: External fraud caused by External event in Retail banking located in Zhejiang,Anhui,Jiangxi,Henan,Sichuan,Guizhou, Ningbo,Nanchang."
1907,RISK-0025,7.0,,,2700000.0,0.0,2700000.0,Critical,,2700000.0,Unknown,"Operational risk event: External fraud caused by External event in Retail banking located in Unknown province, Dalian,Zhongshan."
1908,RISK-0025,7.0,,,196000.0,0.0,196000.0,Medium,,196000.0,Unknown,"Operational risk event: External fraud caused by External event in Retail banking located in Unknown province, Unknown city."
1909,RISK-0025,7.0,20110201,,12000.0,0.0,12000.0,Low,,12000.0,Unknown,"Operational risk event: External fraud caused by External event in Retail banking located in Beijing,Shanghai,Zhejiang,Fujian,Henan,Guangdong, Xiamen,Quanzhou,Zhengzhou."
1910,RISK-0001,3.0,,,200000000.0,0.0,200000000.0,Critical,,200000000.0,Unknown,"Operational risk event: Internal fraud caused by People in Commercial banking located in Beijing, Harbin,Shenzhen."
1911,RISK-0001,3.0,,,110000000.0,0.0,110000000.0,Critical,,110000000.0,Unknown,"Operational risk event: Internal fraud caused by People in Commercial banking located in Beijing, Chaoyang."
1912,RISK-0025,7.0,20050501,,38426.0,0.0,38426.0,Low,,38426.0,Unknown,"Operational risk event: External fraud caused by External event in Retail banking located in Beijing,Zhejiang, Jinhua,Lishui."
1913,RISK-0064,7.0,20090701,,32697.0,0.0,32697.0,Low,,32697.0,Unknown,"Operational risk event: Internal fraud caused by External event in Retail banking located in Guangdong, Unknown city."
1914,RISK-0025,7.0,,,10000000.0,0.0,10000000.0,Critical,,10000000.0,Unknown,"Operational risk event: External fraud caused by External event in Retail banking located in Unknown province, Changzhou."
1915,RISK-0023,3.0,,,6300000.0,0.0,6300000.0,Critical,,6300000.0,Unknown,"Operational risk event: External fraud caused by External event in Commercial banking located in Hainan, Wenchang."
1916,RISK-0025,7.0,20101101,,15000.0,0.0,15000.0,Low,,15000.0,Unknown,"Operational risk event: External fraud caused by External event in Retail banking located in Heilongjiang, Unknown city."
1917,RISK-0005,7.0,20100601,,300000.0,0.0,300000.0,High,,300000.0,Unknown,"Operational risk event: Internal fraud caused by People in Retail banking located in Chongqing, Unknown city."
1918,RISK-0025,7.0,20110301,,112000000.0,0.0,112000000.0,Critical,,112000000.0,Unknown,"Operational risk event: External fraud caused by External event in Retail banking located in Guangdong, Unknown city."
1919,RISK-0025,7.0,20110101,,500000.0,0.0,500000.0,High,,500000.0,Unknown,"Operational risk event: External fraud caused by External event in Retail banking located in Unknown province, Lingao."
1920,RISK-0025,7.0,20100201,,180000.0,0.0,180000.0,Medium,,180000.0,Unknown,"Operational risk event: External fraud caused by External event in Retail banking located in Jiangsu,Anhui,Hunan, Loudi."
1921,RISK-0025,7.0,,,27000.0,0.0,27000.0,Low,,27000.0,Unknown,"Operational risk event: External fraud caused by External event in Retail banking located in Unknown province, Unknown city."
1922,RISK-0031,2.0,20070501,,14000000.0,0.0,14000000.0,Critical,,14000000.0,Unknown,"Operational risk event: Internal fraud caused by People in Asset management located in Hongkong, Unknown city."
1923,RISK-0025,7.0,20100301,,300000.0,0.0,300000.0,High,,300000.0,Unknown,"Operational risk event: External fraud caused by External event in Retail banking located in Unknown province, Unknown city."
1924,RISK-0025,7.0,20100201,,360000.0,0.0,360000.0,High,,360000.0,Unknown,"Operational risk event: External fraud caused by External event in Retail banking located in Unknown province, Unknown city."
1925,RISK-0005,7.0,20081101,,1000000.0,0.0,1000000.0,Critical,,1000000.0,Unknown,"Operational risk event: Internal fraud caused by People in Retail banking located in Liaoning,Hainan,Sichuan,Yunnan, Anshan."
1926,RISK-0082,6.0,20110301,,920.0,0.0,920.0,Low,,920.0,Unknown,"Operational risk event: Business disruption and system failures caused by System in Payment and settlement located in Unknown province, Changchun."
1927,RISK-0023,3.0,20081201,,814000.0,0.0,814000.0,High,,814000.0,Unknown,"Operational risk event: External fraud caused by External event in Commercial banking located in Hainan, Shenzhen."
1928,RISK-0031,2.0,20050801,,8198000.0,0.0,8198000.0,Critical,,8198000.0,Unknown,"Operational risk event: Internal fraud caused by People in Asset management located in Shaanxi, Hanzhong."
1929,RISK-0023,3.0,,,1179000000.0,0.0,1179000000.0,Critical,,1179000000.0,Unknown,"Operational risk event: External fraud caused by External event in Commercial banking located in Zhejiang, Hangzhou."
1930,RISK-0025,7.0,20081101,,77000.0,0.0,77000.0,Medium,,77000.0,Unknown,"Operational risk event: External fraud caused by External event in Retail banking located in Jiangsu,Fujian, Fuzhou."
1931,RISK-0025,7.0,20040801,,650000.0,0.0,650000.0,High,,650000.0,Unknown,"Operational risk event: External fraud caused by External event in Retail banking located in Unknown province, Unknown city."
1932,RISK-0025,7.0,20101101,,120000.0,0.0,120000.0,Medium,,120000.0,Unknown,"Operational risk event: External fraud caused by External event in Retail banking located in Jilin,Jiangsu,Hubei,Hunan,Sichuan, Jilin,Yanbian,Qianjiang."
1933,RISK-0041,7.0,20110301,,13950.0,0.0,13950.0,Low,,13950.0,Unknown,"Operational risk event: Execution, delivery & process management caused by External event in Retail banking located in Jiangsu,Hunan, Unknown city."
1934,RISK-0025,7.0,20080901,,77000.0,0.0,77000.0,Medium,,77000.0,Unknown,"Operational risk event: External fraud caused by External event in Retail banking located in Fujian, Fuzhou."
1935,RISK-0043,2.0,20110101,,590000.0,0.0,590000.0,High,,590000.0,Unknown,"Operational risk event: External fraud caused by External event in Asset management located in Jiangsu, Huaian."
1936,RISK-0025,7.0,,,180000.0,0.0,180000.0,Medium,,180000.0,Unknown,"Operational risk event: External fraud caused by External event in Retail banking located in Unknown province, Shenyang."
1937,RISK-0025,7.0,,,20000.0,0.0,20000.0,Low,,20000.0,Unknown,"Operational risk event: External fraud caused by External event in Retail banking located in Unknown province, Fuzhou."
1938,RISK-0025,7.0,20101201,,1300000.0,0.0,1300000.0,Critical,,1300000.0,Unknown,"Operational risk event: External fraud caused by External event in Retail banking located in Unknown province, Unknown city."
1939,RISK-0025,7.0,20030801,,140000.0,0.0,140000.0,Medium,,140000.0,Unknown,"Operational risk event: External fraud caused by External event in Retail banking located in Unknown province, Unknown city."
1940,RISK-0031,2.0,,,26170000.0,0.0,26170000.0,Critical,,26170000.0,Unknown,"Operational risk event: Internal fraud caused by People in Asset management located in Hunan,Tibet, Yongzhou,Liuzhou,Laibin."
1941,RISK-0025,7.0,20110201,,2000000.0,0.0,2000000.0,Critical,,2000000.0,Unknown,"Operational risk event: External fraud caused by External event in Retail banking located in Unknown province, Nanjing."
1942,RISK-0025,7.0,,,1000000.0,0.0,1000000.0,Critical,,1000000.0,Unknown,"Operational risk event: External fraud caused by External event in Retail banking located in Guangdong,Guangxi,Chongqing,Sichuan,Guizhou, Liuzhou,Hechi."
1943,RISK-0025,7.0,20110301,,200.0,0.0,200.0,Low,,200.0,Unknown,"Operational risk event: External fraud caused by External event in Retail banking located in Unknown province, Changsha."
1944,RISK-0025,7.0,20110301,,3000.0,0.0,3000.0,Low,,3000.0,Unknown,"Operational risk event: External fraud caused by External event in Retail banking located in Unknown province, Unknown city."
1945,RISK-0025,7.0,20110301,,40000.0,0.0,40000.0,Low,,40000.0,Unknown,"Operational risk event: External fraud caused by External event in Retail banking located in Guangxi, Nanning."
1946,RISK-0025,7.0,20100701,,15100.0,0.0,15100.0,Low,,15100.0,Unknown,"Operational risk event: External fraud caused by External event in Retail banking located in Unknown province, Dezhou."
1947,RISK-0023,3.0,20080401,,11000.0,0.0,11000.0,Low,,11000.0,Unknown,"Operational risk event: External fraud caused by External event in Commercial banking located in Unknown province, Unknown city."
1948,RISK-0025,7.0,20070601,,852295.0,0.0,852295.0,High,,852295.0,Unknown,"Operational risk event: External fraud caused by External event in Retail banking located in Unknown province, Zhanjiang."
1949,RISK-0001,3.0,19980701,,20940000.0,0.0,20940000.0,Critical,,20940000.0,Unknown,"Operational risk event: Internal fraud caused by People in Commercial banking located in Shanxi, Taiyuan."
1950,RISK-0023,3.0,,,180000000.0,0.0,180000000.0,Critical,,180000000.0,Unknown,"Operational risk event: External fraud caused by External event in Commercial banking located in Hongkong, Unknown city."
1951,RISK-0025,7.0,20100401,,350000.0,0.0,350000.0,High,,350000.0,Unknown,"Operational risk event: External fraud caused by External event in Retail banking located in Unknown province, Unknown city."
1952,RISK-0025,7.0,20101101,,12951.0,0.0,12951.0,Low,,12951.0,Unknown,"Operational risk event: External fraud caused by External event in Retail banking located in Unknown province, Unknown city."
1953,RISK-0025,7.0,20110201,,230000.0,0.0,230000.0,Medium,,230000.0,Unknown,"Operational risk event: External fraud caused by External event in Retail banking located in Inner mongolia,Inner mongolia, Shijiazhuang."
1954,RISK-0025,7.0,20110101,,200000.0,0.0,200000.0,Medium,,200000.0,Unknown,"Operational risk event: External fraud caused by External event in Retail banking located in Guangxi, Liuzhou,Hechi."
1955,RISK-0063,9.0,20090401,,3000.0,0.0,3000.0,Low,,3000.0,Unknown,"Operational risk event: Clients, products & business practices caused by People in Trading & sales located in Unknown province, Unknown city."
1956,RISK-0015,7.0,20100701,,29479.000000000004,0.0,29479.000000000004,Low,,29479.000000000004,Unknown,"Operational risk event: Clients, products & business practices caused by Process in Retail banking located in Jiangxi, Pingxiang."
1957,RISK-0025,7.0,20101201,,47500.0,0.0,47500.0,Low,,47500.0,Unknown,"Operational risk event: External fraud caused by External event in Retail banking located in Unknown province, Shenyang."
1958,RISK-0025,7.0,20090301,,90000.0,0.0,90000.0,Medium,,90000.0,Unknown,"Operational risk event: External fraud caused by External event in Retail banking located in Fujian, Fuzhou,Sanming."
1959,RISK-0025,7.0,20080301,,164000.0,0.0,164000.0,Medium,,164000.0,Unknown,"Operational risk event: External fraud caused by External event in Retail banking located in Unknown province, Unknown city."
1960,RISK-0025,7.0,20100801,,230000.0,0.0,230000.0,Medium,,230000.0,Unknown,"Operational risk event: External fraud caused by External event in Retail banking located in Shanghai,Zhejiang, Unknown city."
1961,RISK-0025,7.0,20110201,,11000.0,0.0,11000.0,Low,,11000.0,Unknown,"Operational risk event: External fraud caused by External event in Retail banking located in Unknown province, Unknown city."
1962,RISK-0025,7.0,,,560000000.0,0.0,560000000.0,Critical,,560000000.0,Unknown,"Operational risk event: External fraud caused by External event in Retail banking located in Hubei, Unknown city."
1963,RISK-0057,2.0,20110201,,400.0,0.0,400.0,Low,,400.0,Unknown,"Operational risk event: Clients, products & business practices caused by Process in Asset management located in Hubei, Unknown city."
1964,RISK-0025,7.0,20090601,,21000.0,0.0,21000.0,Low,,21000.0,Unknown,"Operational risk event: External fraud caused by External event in Retail banking located in Unknown province, Unknown city."
1965,RISK-0005,7.0,,,100000.0,0.0,100000.0,Medium,,100000.0,Unknown,"Operational risk event: Internal fraud caused by People in Retail banking located in Sichuan, Chengdu."
1966,RISK-0028,7.0,20110201,,80000.0,0.0,80000.0,Medium,,80000.0,Unknown,"Operational risk event: Employment practices and workplace safety caused by External event in Retail banking located in Unknown province, Dongguan."
1967,RISK-0025,7.0,20101001,,2000000.0,0.0,2000000.0,Critical,,2000000.0,Unknown,"Operational risk event: External fraud caused by External event in Retail banking located in Jiangsu,Zhejiang,Fujian,Guangdong,Guangxi, Shaoxing,Shenzhen."
1968,RISK-0025,7.0,20090401,,50000.0,0.0,50000.0,Medium,,50000.0,Unknown,"Operational risk event: External fraud caused by External event in Retail banking located in Henan,Guangdong, Dongguan."
1969,RISK-0025,7.0,20101201,,12600.0,0.0,12600.0,Low,,12600.0,Unknown,"Operational risk event: External fraud caused by External event in Retail banking located in Henan, Taizhou."
1970,RISK-0031,2.0,20060901,,20550000.0,0.0,20550000.0,Critical,,20550000.0,Unknown,"Operational risk event: Internal fraud caused by People in Asset management located in Jiangsu,Hongkong, Xuzhou,Shenzhen."
1971,RISK-0025,7.0,,,6000000.0,0.0,6000000.0,Critical,,6000000.0,Unknown,"Operational risk event: External fraud caused by External event in Retail banking located in Unknown province, Unknown city."
1972,RISK-0025,7.0,,,226000.0,0.0,226000.0,Medium,,226000.0,Unknown,"Operational risk event: External fraud caused by External event in Retail banking located in Beijing, Chaoyang."
1973,RISK-0025,7.0,20080201,,40000.0,0.0,40000.0,Low,,40000.0,Unknown,"Operational risk event: External fraud caused by External event in Retail banking located in Beijing, Unknown city."
1974,RISK-0025,7.0,20090701,,52000.0,0.0,52000.0,Medium,,52000.0,Unknown,"Operational risk event: External fraud caused by External event in Retail banking located in Shanghai,Anhui,Hongkong, Unknown city."
1975,RISK-0025,7.0,20110201,,2900.0,0.0,2900.0,Low,,2900.0,Unknown,"Operational risk event: External fraud caused by External event in Retail banking located in Tianjin, Unknown city."
1976,RISK-0063,9.0,20100401,,2000.0,0.0,2000.0,Low,,2000.0,Unknown,"Operational risk event: Clients, products & business practices caused by People in Trading & sales located in Heilongjiang, Harbin."
1977,RISK-0025,7.0,20090901,,300000.0,0.0,300000.0,High,,300000.0,Unknown,"Operational risk event: External fraud caused by External event in Retail banking located in Sichuan, Guang'an."
1978,RISK-0025,7.0,20110101,,10940.0,0.0,10940.0,Low,,10940.0,Unknown,"Operational risk event: External fraud caused by External event in Retail banking located in Beijing, Shannan."
1979,RISK-0025,7.0,20030801,,79865.0,0.0,79865.0,Medium,,79865.0,Unknown,"Operational risk event: External fraud caused by External event in Retail banking located in Unknown province, Guang'an."
1980,RISK-0015,7.0,20081001,,552000.0,0.0,552000.0,High,,552000.0,Unknown,"Operational risk event: Clients, products & business practices caused by Process in Retail banking located in Shanghai,Shandong, Jinan,Weifang,Shenzhen."
1981,RISK-0025,7.0,20100301,,8000.0,0.0,8000.0,Low,,8000.0,Unknown,"Operational risk event: External fraud caused by External event in Retail banking located in Unknown province, Beihai,Nanning,Liuzhou,Guilin,Hezhou."
1982,RISK-0025,7.0,20070401,,56000.0,0.0,56000.0,Medium,,56000.0,Unknown,"Operational risk event: External fraud caused by External event in Retail banking located in Shaanxi, Unknown city."
1983,RISK-0005,7.0,,,78000.0,0.0,78000.0,Medium,,78000.0,Unknown,"Operational risk event: Internal fraud caused by People in Retail banking located in Unknown province, Unknown city."
1984,RISK-0025,7.0,20061001,,45000.0,0.0,45000.0,Low,,45000.0,Unknown,"Operational risk event: External fraud caused by External event in Retail banking located in Unknown province, Chaoyang."
1985,RISK-0025,7.0,20110101,,7500.0,0.0,7500.0,Low,,7500.0,Unknown,"Operational risk event: External fraud caused by External event in Retail banking located in Unknown province, Unknown city."
1986,RISK-0025,7.0,20101101,,31000.0,0.0,31000.0,Low,,31000.0,Unknown,"Operational risk event: External fraud caused by External event in Retail banking located in Sichuan, Chengdu,Guang'an."
1987,RISK-0025,7.0,20100601,,57699.99999999999,0.0,57699.99999999999,Medium,,57699.99999999999,Unknown,"Operational risk event: External fraud caused by External event in Retail banking located in Liaoning, Unknown city."
1988,RISK-0025,7.0,20101101,,4000000.0,0.0,4000000.0,Critical,,4000000.0,Unknown,"Operational risk event: External fraud caused by External event in Retail banking located in Heilongjiang,Hainan,Sichuan, Nanjing,Hangzhou,Mianyang."
1989,RISK-0015,7.0,20090101,,3699.0,0.0,3699.0,Low,,3699.0,Unknown,"Operational risk event: Clients, products & business practices caused by Process in Retail banking located in Unknown province, Chaoyang."
1990,RISK-0025,7.0,,,130000.0,0.0,130000.0,Medium,,130000.0,Unknown,"Operational risk event: External fraud caused by External event in Retail banking located in Beijing,Shanghai, Chaoyang."
1991,RISK-0065,6.0,20110201,,1200.0,0.0,1200.0,Low,,1200.0,Unknown,"Operational risk event: Clients, products & business practices caused by Process in Payment and settlement located in Unknown province, Baoji."
1992,RISK-0025,7.0,20100101,,9000.0,0.0,9000.0,Low,,9000.0,Unknown,"Operational risk event: External fraud caused by External event in Retail banking located in Unknown province, Unknown city."
1993,RISK-0025,7.0,20091101,,47000.0,0.0,47000.0,Low,,47000.0,Unknown,"Operational risk event: External fraud caused by External event in Retail banking located in Heilongjiang, Shenyang,Chaoyang,Jinan,Qingdao."
1994,RISK-0025,7.0,20090401,,13000.0,0.0,13000.0,Low,,13000.0,Unknown,"Operational risk event: External fraud caused by External event in Retail banking located in Shanghai, Harbin."
1995,RISK-0025,7.0,20101201,,300000.0,0.0,300000.0,High,,300000.0,Unknown,"Operational risk event: External fraud caused by External event in Retail banking located in Unknown province, Linyi."
1996,RISK-0019,7.0,20110101,,1400.0000000000002,0.0,1400.0000000000002,Low,,1400.0000000000002,Unknown,"Operational risk event: Business disruption and system failures caused by System in Retail banking located in Unknown province, Unknown city."
1997,RISK-0025,7.0,20110101,,10400.0,0.0,10400.0,Low,,10400.0,Unknown,"Operational risk event: External fraud caused by External event in Retail banking located in Unknown province, Zhenjiang,Dongfang."
1998,RISK-0016,3.0,20080701,,8000000.0,0.0,8000000.0,Critical,,8000000.0,Unknown,"Operational risk event: Clients, products & business practices caused by Process in Commercial banking located in Unknown province, Unknown city."
1999,RISK-0082,6.0,20110101,,8000.0,0.0,8000.0,Low,,8000.0,Unknown,"Operational risk event: Business disruption and system failures caused by System in Payment and settlement located in Guangxi, Chaoyang,Nanning."
2000,RISK-0025,7.0,20110101,,300000.0,0.0,300000.0,High,,300000.0,Unknown,"Operational risk event: External fraud caused by External event in Retail banking located in Henan, Nanyang."
2001,RISK-0025,7.0,,,127600.0,0.0,127600.0,Medium,,127600.0,Unknown,"Operational risk event: External fraud caused by External event in Retail banking located in Beijing, Shenyang."
2002,RISK-0025,7.0,20081201,,1520000.0,0.0,1520000.0,Critical,,1520000.0,Unknown,"Operational risk event: External fraud caused by External event in Retail banking located in Shandong, Xiamen,Jinan,Dongguan,Shenzhen,Foshan,Qingyuan,Haidong."
2003,RISK-0082,6.0,20110101,,15000.0,0.0,15000.0,Low,,15000.0,Unknown,"Operational risk event: Business disruption and system failures caused by System in Payment and settlement located in Unknown province, Unknown city."
2004,RISK-0025,7.0,20090101,,140000.0,0.0,140000.0,Medium,,140000.0,Unknown,"Operational risk event: External fraud caused by External event in Retail banking located in Unknown province, Jining."
2005,RISK-0025,7.0,20101201,,5000.0,0.0,5000.0,Low,,5000.0,Unknown,"Operational risk event: External fraud caused by External event in Retail banking located in Unknown province, Suzhou."
2006,RISK-0025,7.0,20090101,,700000.0,0.0,700000.0,High,,700000.0,Unknown,"Operational risk event: External fraud caused by External event in Retail banking located in Fujian,Guangdong, Xiamen,Dongguan,Zhongshan,Shenzhen,Qingyuan."
2007,RISK-0025,7.0,,,10000.0,0.0,10000.0,Low,,10000.0,Unknown,"Operational risk event: External fraud caused by External event in Retail banking located in Fujian, Xiamen,Fuzhou."
2008,RISK-0025,7.0,20090401,,50000.0,0.0,50000.0,Medium,,50000.0,Unknown,"Operational risk event: External fraud caused by External event in Retail banking located in Hebei, Unknown city."
2009,RISK-0025,7.0,20110101,,1127700.0,0.0,1127700.0,Critical,,1127700.0,Unknown,"Operational risk event: External fraud caused by External event in Retail banking located in Unknown province, Shaoxing."
2010,RISK-0025,7.0,20101201,,30000.0,0.0,30000.0,Low,,30000.0,Unknown,"Operational risk event: External fraud caused by External event in Retail banking located in Unknown province, Unknown city."
2011,RISK-0025,7.0,20100101,,12000.0,0.0,12000.0,Low,,12000.0,Unknown,"Operational risk event: External fraud caused by External event in Retail banking located in Beijing,Anhui, Chaoyang."
2012,RISK-0025,7.0,20110101,,2580.0,0.0,2580.0,Low,,2580.0,Unknown,"Operational risk event: External fraud caused by External event in Retail banking located in Unknown province, Unknown city."
2013,RISK-0025,7.0,20110101,,1000.0,0.0,1000.0,Low,,1000.0,Unknown,"Operational risk event: External fraud caused by External event in Retail banking located in Unknown province, Unknown city."
2014,RISK-0025,7.0,20090301,,160000.0,0.0,160000.0,Medium,,160000.0,Unknown,"Operational risk event: External fraud caused by External event in Retail banking located in Unknown province, Unknown city."
2015,RISK-0025,7.0,20101201,,800.0,0.0,800.0,Low,,800.0,Unknown,"Operational risk event: External fraud caused by External event in Retail banking located in Jiangxi, Unknown city."
2016,RISK-0025,7.0,20071201,,60000.0,0.0,60000.0,Medium,,60000.0,Unknown,"Operational risk event: External fraud caused by External event in Retail banking located in Unknown province, Unknown city."
2017,RISK-0025,7.0,20100401,,7000.0,0.0,7000.0,Low,,7000.0,Unknown,"Operational risk event: External fraud caused by External event in Retail banking located in Unknown province, Unknown city."
2018,RISK-0025,7.0,,,3940000.0,0.0,3940000.0,Critical,,3940000.0,Unknown,"Operational risk event: External fraud caused by External event in Retail banking located in Beijing,Anhui, Suzhou."
2019,RISK-0025,7.0,20081201,,250000.0,0.0,250000.0,High,,250000.0,Unknown,"Operational risk event: External fraud caused by External event in Retail banking located in Liaoning, Dalian."
2020,RISK-0025,7.0,20110101,,100000.0,0.0,100000.0,Medium,,100000.0,Unknown,"Operational risk event: External fraud caused by External event in Retail banking located in Unknown province, Qingdao."
2021,RISK-0015,7.0,20000401,,900000.0,0.0,900000.0,High,,900000.0,Unknown,"Operational risk event: Clients, products & business practices caused by Process in Retail banking located in Guangdong, Dongguan."
2022,RISK-0070,6.0,20110101,,80000.0,0.0,80000.0,Medium,,80000.0,Unknown,"Operational risk event: Clients, products & business practices caused by People in Payment and settlement located in Unknown province, Unknown city."
2023,RISK-0025,7.0,20110101,,50000.0,0.0,50000.0,Medium,,50000.0,Unknown,"Operational risk event: External fraud caused by External event in Retail banking located in Jilin, Jilin,Changchun."
2024,RISK-0025,7.0,20110101,,300000.0,0.0,300000.0,High,,300000.0,Unknown,"Operational risk event: External fraud caused by External event in Retail banking located in Shanghai,Zhejiang,Anhui,Hongkong, Hangzhou."
2025,RISK-0025,7.0,20110101,,700000.0,0.0,700000.0,High,,700000.0,Unknown,"Operational risk event: External fraud caused by External event in Retail banking located in Unknown province, Unknown city."
2026,RISK-0025,7.0,,,40000.0,0.0,40000.0,Low,,40000.0,Unknown,"Operational risk event: External fraud caused by External event in Retail banking located in Unknown province, Jinan."
2027,RISK-0025,7.0,20070701,,25000.0,0.0,25000.0,Low,,25000.0,Unknown,"Operational risk event: External fraud caused by External event in Retail banking located in Chongqing,Sichuan, Suining."
2028,RISK-0019,7.0,20101201,,3000.0,0.0,3000.0,Low,,3000.0,Unknown,"Operational risk event: Business disruption and system failures caused by System in Retail banking located in Macao, Unknown city."
2029,RISK-0025,7.0,20101101,,830000.0,0.0,830000.0,High,,830000.0,Unknown,"Operational risk event: External fraud caused by External event in Retail banking located in Unknown province, Changsha."
2030,RISK-0025,7.0,20110101,,1700.0000000000002,0.0,1700.0000000000002,Low,,1700.0000000000002,Unknown,"Operational risk event: External fraud caused by External event in Retail banking located in Jiangxi, Unknown city."
2031,RISK-0025,7.0,20101201,,10000.0,0.0,10000.0,Low,,10000.0,Unknown,"Operational risk event: External fraud caused by External event in Retail banking located in Unknown province, Unknown city."
2032,RISK-0025,7.0,20060601,,80000.0,0.0,80000.0,Medium,,80000.0,Unknown,"Operational risk event: External fraud caused by External event in Retail banking located in Sichuan, Chengdu,Xi'an."
2033,RISK-0001,3.0,20090401,,17000000.0,0.0,17000000.0,Critical,,17000000.0,Unknown,"Operational risk event: Internal fraud caused by People in Commercial banking located in Liaoning,Jilin,Henan, Dalian,Jilin,Changchun."
2034,RISK-0025,7.0,20101201,,20000.0,0.0,20000.0,Low,,20000.0,Unknown,"Operational risk event: External fraud caused by External event in Retail banking located in Unknown province, Unknown city."
2035,RISK-0025,7.0,20101201,,30000.0,0.0,30000.0,Low,,30000.0,Unknown,"Operational risk event: External fraud caused by External event in Retail banking located in Shanghai, Unknown city."
2036,RISK-0062,6.0,20030501,,59000.0,0.0,59000.0,Medium,,59000.0,Unknown,"Operational risk event: Clients, products & business practices caused by External event in Payment and settlement located in Guangdong, Foshan."
2037,RISK-0023,3.0,20090101,,330000000.0,0.0,330000000.0,Critical,,330000000.0,Unknown,"Operational risk event: External fraud caused by External event in Commercial banking located in Shanghai, Chaoyang."
2038,RISK-0031,2.0,19970801,,60500000.0,0.0,60500000.0,Critical,,60500000.0,Unknown,"Operational risk event: Internal fraud caused by People in Asset management located in Beijing,Hebei, Unknown city."
2039,RISK-0025,7.0,20090301,,12200.0,0.0,12200.0,Low,,12200.0,Unknown,"Operational risk event: External fraud caused by External event in Retail banking located in Jiangxi, Ganzhou,Shenzhen."
2040,RISK-0023,3.0,,,260000000.0,0.0,260000000.0,Critical,,260000000.0,Unknown,"Operational risk event: External fraud caused by External event in Commercial banking located in Shanghai,Zhejiang, Shaoxing."
2041,RISK-0057,2.0,20100901,,540000.0,0.0,540000.0,High,,540000.0,Unknown,"Operational risk event: Clients, products & business practices caused by Process in Asset management located in Shanghai, Unknown city."
2042,RISK-0001,3.0,20071201,,708000000.0,0.0,708000000.0,Critical,,708000000.0,Unknown,"Operational risk event: Internal fraud caused by People in Commercial banking located in Beijing, Unknown city."
2043,RISK-0070,6.0,20100801,,5000.0,0.0,5000.0,Low,,5000.0,Unknown,"Operational risk event: Clients, products & business practices caused by People in Payment and settlement located in Unknown province, Dongguan."
2044,RISK-0010,3.0,20000901,,548000000.0,0.0,548000000.0,Critical,,548000000.0,Unknown,"Operational risk event: External fraud caused by People in Commercial banking located in Beijing,Macao, Unknown city."
2045,RISK-0025,7.0,20090601,,7161.0,0.0,7161.0,Low,,7161.0,Unknown,"Operational risk event: External fraud caused by External event in Retail banking located in Beijing,Guangdong, Unknown city."
2046,RISK-0023,3.0,20090701,,10000000.0,0.0,10000000.0,Critical,,10000000.0,Unknown,"Operational risk event: External fraud caused by External event in Commercial banking located in Zhejiang,Hunan, Unknown city."
2047,RISK-0045,2.0,20191001,,500000.0,0.0,500000.0,High,,500000.0,Unknown,"Operational risk event: Execution, delivery & process management caused by Process in Asset management located in Ningxia, Dalian,Yinchuan."
2048,RISK-0031,2.0,20191001,,600000.0,0.0,600000.0,High,,600000.0,Unknown,"Operational risk event: Internal fraud caused by People in Asset management located in Unknown province, Unknown city."
2049,RISK-0071,2.0,20191001,,300000.0,0.0,300000.0,High,,300000.0,Unknown,"Operational risk event: Execution, delivery & process management caused by People in Asset management located in Ningxia, Yinchuan."
2050,RISK-0070,6.0,20191001,,300000.0,0.0,300000.0,High,,300000.0,Unknown,"Operational risk event: Clients, products & business practices caused by People in Payment and settlement located in Unknown province, Unknown city."
2051,RISK-0031,2.0,20191001,,300000.0,0.0,300000.0,High,,300000.0,Unknown,"Operational risk event: Internal fraud caused by People in Asset management located in Unknown province, Unknown city."
2052,RISK-0071,2.0,20190601,,1300000.0,0.0,1300000.0,Critical,,1300000.0,Unknown,"Operational risk event: Execution, delivery & process management caused by People in Asset management located in Shanghai,Sichuan, Chengdu."
2053,RISK-0070,6.0,20140701,,250000.0,0.0,250000.0,High,,250000.0,Unknown,"Operational risk event: Clients, products & business practices caused by People in Payment and settlement located in Sichuan, Guang'an."
2054,RISK-0011,2.0,20191001,,500000.0,0.0,500000.0,High,,500000.0,Unknown,"Operational risk event: Clients, products & business practices caused by People in Asset management located in Unknown province, Dalian."
2055,RISK-0045,2.0,20191001,,500000.0,0.0,500000.0,High,,500000.0,Unknown,"Operational risk event: Execution, delivery & process management caused by Process in Asset management located in Unknown province, Dalian."
2056,RISK-0031,2.0,20190901,,500000.0,0.0,500000.0,High,,500000.0,Unknown,"Operational risk event: Internal fraud caused by People in Asset management located in Beijing, Jinhua."
2057,RISK-0076,3.0,20191001,,6000000.0,0.0,6000000.0,Critical,,6000000.0,Unknown,"Operational risk event: Clients, products & business practices caused by People in Commercial banking located in Beijing, Unknown city."
2058,RISK-0071,2.0,20191001,,680000.0,0.0,680000.0,High,,680000.0,Unknown,"Operational risk event: Execution, delivery & process management caused by People in Asset management located in Shandong, Zibo,Xi'an."
2059,RISK-0008,9.0,20190901,,1000000.0,0.0,1000000.0,Critical,,1000000.0,Unknown,"Operational risk event: Internal fraud caused by People in Trading & sales located in Beijing, Shaoxing,Jinan."
2060,RISK-0083,6.0,20190901,,250000.0,0.0,250000.0,High,,250000.0,Unknown,"Operational risk event: Employment practices and workplace safety caused by Process in Payment and settlement located in Beijing,Shaanxi, Hanzhong."
2061,RISK-0045,2.0,20190901,,300000.0,0.0,300000.0,High,,300000.0,Unknown,"Operational risk event: Execution, delivery & process management caused by Process in Asset management located in Unknown province, Unknown city."
2062,RISK-0076,3.0,20190901,,250000.0,0.0,250000.0,High,,250000.0,Unknown,"Operational risk event: Clients, products & business practices caused by People in Commercial banking located in Beijing,Shaanxi, Nanyang,Xi'an,Shangluo."
2063,RISK-0014,6.0,20190901,,30000.0,0.0,30000.0,Low,,30000.0,Unknown,"Operational risk event: Execution, delivery & process management caused by Process in Payment and settlement located in Unknown province, Taian."
2064,RISK-0084,5.0,20190901,,400000.0,0.0,400000.0,High,,400000.0,Unknown,"Operational risk event: Internal fraud caused by Process in No business line located in Beijing, Fuzhou."
2065,RISK-0035,9.0,20190901,,50000.0,0.0,50000.0,Medium,,50000.0,Unknown,"Operational risk event: Execution, delivery & process management caused by Process in Trading & sales located in Fujian, Fuzhou."
2066,RISK-0031,2.0,20190901,,1950000.0,0.0,1950000.0,Critical,,1950000.0,Unknown,"Operational risk event: Internal fraud caused by People in Asset management located in Zhejiang, Hangzhou."
2067,RISK-0018,3.0,20190901,,15000.0,0.0,15000.0,Low,,15000.0,Unknown,"Operational risk event: Execution, delivery & process management caused by Process in Commercial banking located in Beijing, Kunming."
2068,RISK-0031,2.0,20190901,,1500000.0,0.0,1500000.0,Critical,,1500000.0,Unknown,"Operational risk event: Internal fraud caused by People in Asset management located in Unknown province, Unknown city."
2069,RISK-0070,6.0,20191001,,80000.0,0.0,80000.0,Medium,,80000.0,Unknown,"Operational risk event: Clients, products & business practices caused by People in Payment and settlement located in Beijing,Guizhou, Guiyang."
2070,RISK-0014,6.0,20190801,,160000.0,0.0,160000.0,Medium,,160000.0,Unknown,"Operational risk event: Execution, delivery & process management caused by Process in Payment and settlement located in Beijing,Zhejiang, Unknown city."
2071,RISK-0045,2.0,20190901,,80000.0,0.0,80000.0,Medium,,80000.0,Unknown,"Operational risk event: Execution, delivery & process management caused by Process in Asset management located in Beijing,Hebei, Baoding."
2072,RISK-0071,2.0,20180801,,400000.0,0.0,400000.0,High,,400000.0,Unknown,"Operational risk event: Execution, delivery & process management caused by People in Asset management located in Beijing, Shangluo."
2073,RISK-0011,2.0,20190901,,500000.0,0.0,500000.0,High,,500000.0,Unknown,"Operational risk event: Clients, products & business practices caused by People in Asset management located in Beijing,Tianjin,Jiangsu, Nanjing."
2074,RISK-0045,2.0,20190901,,300000.0,0.0,300000.0,High,,300000.0,Unknown,"Operational risk event: Execution, delivery & process management caused by Process in Asset management located in Beijing,Jiangsu, Unknown city."
2075,RISK-0071,2.0,20190901,,2300000.0,0.0,2300000.0,Critical,,2300000.0,Unknown,"Operational risk event: Execution, delivery & process management caused by People in Asset management located in Unknown province, Unknown city."
2076,RISK-0085,4.0,20190901,,4500000.0,0.0,4500000.0,Critical,,4500000.0,Unknown,"Operational risk event: Execution, delivery & process management caused by Process in Corporate finance located in Beijing, Hohhot,Wuhai."
2077,RISK-0018,3.0,,,350000.0,0.0,350000.0,High,,350000.0,Unknown,"Operational risk event: Execution, delivery & process management caused by Process in Commercial banking located in Shandong, Rizhao."
2078,RISK-0045,2.0,20190901,,30000.0,0.0,30000.0,Low,,30000.0,Unknown,"Operational risk event: Execution, delivery & process management caused by Process in Asset management located in Beijing, Heze."
2079,RISK-0014,6.0,20190901,,420122.0,0.0,420122.0,High,,420122.0,Unknown,"Operational risk event: Execution, delivery & process management caused by Process in Payment and settlement located in Beijing,Shanghai, Unknown city."
2080,RISK-0014,6.0,20190901,,677000.0,0.0,677000.0,High,,677000.0,Unknown,"Operational risk event: Execution, delivery & process management caused by Process in Payment and settlement located in Beijing, Ili."
2081,RISK-0014,6.0,20190901,,500000.0,0.0,500000.0,High,,500000.0,Unknown,"Operational risk event: Execution, delivery & process management caused by Process in Payment and settlement located in Beijing, Ili."
2082,RISK-0045,2.0,20190901,,200000.0,0.0,200000.0,Medium,,200000.0,Unknown,"Operational risk event: Execution, delivery & process management caused by Process in Asset management located in Beijing, Unknown city."
2083,RISK-0058,9.0,20190901,,400000.0,0.0,400000.0,High,,400000.0,Unknown,"Operational risk event: Clients, products & business practices caused by Process in Trading & sales located in Unknown province, Wuxi."
2084,RISK-0071,2.0,20190901,,300000.0,0.0,300000.0,High,,300000.0,Unknown,"Operational risk event: Execution, delivery & process management caused by People in Asset management located in Anhui, Suzhou."
2085,RISK-0071,2.0,20190901,,125000.0,0.0,125000.0,Medium,,125000.0,Unknown,"Operational risk event: Execution, delivery & process management caused by People in Asset management located in Unknown province, Chengdu,Deyang."
2086,RISK-0013,7.0,20190901,,10000.0,0.0,10000.0,Low,,10000.0,Unknown,"Operational risk event: Execution, delivery & process management caused by Process in Retail banking located in Heilongjiang, Da hinggan ling."
2087,RISK-0076,3.0,20190901,,1200000.0,0.0,1200000.0,Critical,,1200000.0,Unknown,"Operational risk event: Clients, products & business practices caused by People in Commercial banking located in Beijing,Tianjin,Shanghai,Chongqing, Shijiazhuang,Qinhuangdao,Hohhot,Shenyang,Changchun,Suzhou,Xuzhou,Wuxi,Nanjing,Ningbo,Hangzhou,Xiamen,Fuzhou,Jinan,Qingdao,Zhengzhou,Luoyang,Changsha,Shenzhen,Chengdu,Guiyang,Kunming,Xi'an."
2088,RISK-0005,7.0,20190901,,1100000.0,0.0,1100000.0,Critical,,1100000.0,Unknown,"Operational risk event: Internal fraud caused by People in Retail banking located in Unknown province, Unknown city."
2089,RISK-0001,3.0,20190901,,800000.0,0.0,800000.0,High,,800000.0,Unknown,"Operational risk event: Internal fraud caused by People in Commercial banking located in Unknown province, Unknown city."
2090,RISK-0045,2.0,20190901,,400000.0,0.0,400000.0,High,,400000.0,Unknown,"Operational risk event: Execution, delivery & process management caused by Process in Asset management located in Beijing,Jiangsu, Taizhou."
2091,RISK-0045,2.0,20190901,,50000.0,0.0,50000.0,Medium,,50000.0,Unknown,"Operational risk event: Execution, delivery & process management caused by Process in Asset management located in Beijing,Henan, Xuchang."
2092,RISK-0016,3.0,20190901,,200000.0,0.0,200000.0,Medium,,200000.0,Unknown,"Operational risk event: Clients, products & business practices caused by Process in Commercial banking located in Chongqing, Unknown city."
2093,RISK-0045,2.0,20190901,,300000.0,0.0,300000.0,High,,300000.0,Unknown,"Operational risk event: Execution, delivery & process management caused by Process in Asset management located in Beijing, Taizhou."
2094,RISK-0019,7.0,20170401,,2100000.0,0.0,2100000.0,Critical,,2100000.0,Unknown,"Operational risk event: Business disruption and system failures caused by System in Retail banking located in Shanghai,Hongkong, Unknown city."
2095,RISK-0071,2.0,20190901,,300000.0,0.0,300000.0,High,,300000.0,Unknown,"Operational risk event: Execution, delivery & process management caused by People in Asset management located in Beijing, Pingxiang."
2096,RISK-0071,2.0,20190901,,200000.0,0.0,200000.0,Medium,,200000.0,Unknown,"Operational risk event: Execution, delivery & process management caused by People in Asset management located in Beijing,Jiangxi, Nanchang,Pingxiang."
2097,RISK-0065,6.0,20170601,,30000.0,0.0,30000.0,Low,,30000.0,Unknown,"Operational risk event: Clients, products & business practices caused by Process in Payment and settlement located in Beijing,Gansu, Lanzhou."
2098,RISK-0002,5.0,20190801,,300000.0,0.0,300000.0,High,,300000.0,Unknown,"Operational risk event: Internal fraud caused by People in No business line located in Zhejiang, Jinhua,Shaoxing."
2099,RISK-0001,3.0,20190801,,750000.0,0.0,750000.0,High,,750000.0,Unknown,"Operational risk event: Internal fraud caused by People in Commercial banking located in Unknown province, Jinhua."
2100,RISK-0004,7.0,20190801,,350000.0,0.0,350000.0,High,,350000.0,Unknown,"Operational risk event: Clients, products & business practices caused by People in Retail banking located in Unknown province, Yancheng."
2101,RISK-0066,2.0,20190201,,50000.0,0.0,50000.0,Medium,,50000.0,Unknown,"Operational risk event: Internal fraud caused by Process in Asset management located in Beijing,Zhejiang, Jinhua."
2102,RISK-0031,2.0,20190801,,500000.0,0.0,500000.0,High,,500000.0,Unknown,"Operational risk event: Internal fraud caused by People in Asset management located in Beijing,Heilongjiang, Dalian,Heihe."
2103,RISK-0015,7.0,20170801,,330000.0,0.0,330000.0,High,,330000.0,Unknown,"Operational risk event: Clients, products & business practices caused by Process in Retail banking located in Beijing,Shanghai,Fujian,Sichuan,Tibet, Unknown city."
2104,RISK-0031,2.0,20190801,,50000.0,0.0,50000.0,Medium,,50000.0,Unknown,"Operational risk event: Internal fraud caused by People in Asset management located in Unknown province, Jiamusi."
2105,RISK-0014,6.0,20190801,,10000.0,0.0,10000.0,Low,,10000.0,Unknown,"Operational risk event: Execution, delivery & process management caused by Process in Payment and settlement located in Beijing, Weihai."
2106,RISK-0014,6.0,20190801,,20000.0,0.0,20000.0,Low,,20000.0,Unknown,"Operational risk event: Execution, delivery & process management caused by Process in Payment and settlement located in Unknown province, Unknown city."
2107,RISK-0014,6.0,20190801,,10000.0,0.0,10000.0,Low,,10000.0,Unknown,"Operational risk event: Execution, delivery & process management caused by Process in Payment and settlement located in Unknown province, Unknown city."
2108,RISK-0014,6.0,20190801,,30000.0,0.0,30000.0,Low,,30000.0,Unknown,"Operational risk event: Execution, delivery & process management caused by Process in Payment and settlement located in Unknown province, Unknown city."
2109,RISK-0014,6.0,20190801,,15000.0,0.0,15000.0,Low,,15000.0,Unknown,"Operational risk event: Execution, delivery & process management caused by Process in Payment and settlement located in Unknown province, Unknown city."
2110,RISK-0014,6.0,20190801,,15000.0,0.0,15000.0,Low,,15000.0,Unknown,"Operational risk event: Execution, delivery & process management caused by Process in Payment and settlement located in Unknown province, Unknown city."
2111,RISK-0015,7.0,20190801,,200000.0,0.0,200000.0,Medium,,200000.0,Unknown,"Operational risk event: Clients, products & business practices caused by Process in Retail banking located in Unknown province, Unknown city."
2112,RISK-0045,2.0,20190801,,300000.0,0.0,300000.0,High,,300000.0,Unknown,"Operational risk event: Execution, delivery & process management caused by Process in Asset management located in Shanghai,Qinghai, Xining."
2113,RISK-0066,2.0,20190801,,900000.0,0.0,900000.0,High,,900000.0,Unknown,"Operational risk event: Internal fraud caused by Process in Asset management located in Qinghai, Xining."
2114,RISK-0014,6.0,20190801,,300000.0,0.0,300000.0,High,,300000.0,Unknown,"Operational risk event: Execution, delivery & process management caused by Process in Payment and settlement located in Qinghai, Xining."
2115,RISK-0031,2.0,20190801,,500000.0,0.0,500000.0,High,,500000.0,Unknown,"Operational risk event: Internal fraud caused by People in Asset management located in Qinghai, Unknown city."
2116,RISK-0045,2.0,20190801,,800000.0,0.0,800000.0,High,,800000.0,Unknown,"Operational risk event: Execution, delivery & process management caused by Process in Asset management located in Qinghai, Xining,Haixi."
2117,RISK-0058,9.0,20190801,,300000.0,0.0,300000.0,High,,300000.0,Unknown,"Operational risk event: Clients, products & business practices caused by Process in Trading & sales located in Qinghai, Unknown city."
2118,RISK-0045,2.0,20190801,,300000.0,0.0,300000.0,High,,300000.0,Unknown,"Operational risk event: Execution, delivery & process management caused by Process in Asset management located in Shanghai,Qinghai, Xining."
2119,RISK-0031,2.0,20190801,,1350000.0,0.0,1350000.0,Critical,,1350000.0,Unknown,"Operational risk event: Internal fraud caused by People in Asset management located in Beijing,Zhejiang, Huzhou."
2120,RISK-0086,5.0,20190801,,200000.0,0.0,200000.0,Medium,,200000.0,Unknown,"Operational risk event: Execution, delivery & process management caused by Process in No business line located in Beijing,Jiangxi, Nanchang."
2121,RISK-0013,7.0,20190101,,8300000.0,0.0,8300000.0,Critical,,8300000.0,Unknown,"Operational risk event: Execution, delivery & process management caused by Process in Retail banking located in Beijing,Sichuan, Unknown city."
2122,RISK-0014,6.0,20190801,,230000.0,0.0,230000.0,Medium,,230000.0,Unknown,"Operational risk event: Execution, delivery & process management caused by Process in Payment and settlement located in Beijing, Jinan,Dongying."
2123,RISK-0031,2.0,20190801,,300000.0,0.0,300000.0,High,,300000.0,Unknown,"Operational risk event: Internal fraud caused by People in Asset management located in Henan, Kaifeng."
2124,RISK-0031,2.0,20190801,,300000.0,0.0,300000.0,High,,300000.0,Unknown,"Operational risk event: Internal fraud caused by People in Asset management located in Henan, Kaifeng."
2125,RISK-0001,3.0,20190801,,200000.0,0.0,200000.0,Medium,,200000.0,Unknown,"Operational risk event: Internal fraud caused by People in Commercial banking located in Henan, Unknown city."
2126,RISK-0031,2.0,20190801,,500000.0,0.0,500000.0,High,,500000.0,Unknown,"Operational risk event: Internal fraud caused by People in Asset management located in Jiangsu, Nantong."
2127,RISK-0045,2.0,20190801,,50000.0,0.0,50000.0,Medium,,50000.0,Unknown,"Operational risk event: Execution, delivery & process management caused by Process in Asset management located in Beijing, Jingdezhen."
2128,RISK-0086,5.0,20190801,,400000.0,0.0,400000.0,High,,400000.0,Unknown,"Operational risk event: Execution, delivery & process management caused by Process in No business line located in Jiangsu, Nantong."
2129,RISK-0065,6.0,20190801,,400000.0,0.0,400000.0,High,,400000.0,Unknown,"Operational risk event: Clients, products & business practices caused by Process in Payment and settlement located in Fujian, Sanming."
2130,RISK-0031,2.0,20190801,,2291000.0,0.0,2291000.0,Critical,,2291000.0,Unknown,"Operational risk event: Internal fraud caused by People in Asset management located in Shanghai, Shenzhen."
2131,RISK-0045,2.0,20190801,,1300000.0,0.0,1300000.0,Critical,,1300000.0,Unknown,"Operational risk event: Execution, delivery & process management caused by Process in Asset management located in Shanghai,Yunnan, Ningbo,Shenzhen,Kunming."
2132,RISK-0043,2.0,20190801,,800000.0,0.0,800000.0,High,,800000.0,Unknown,"Operational risk event: External fraud caused by External event in Asset management located in Unknown province, Unknown city."
2133,RISK-0031,2.0,20190801,,555755.0,0.0,555755.0,High,,555755.0,Unknown,"Operational risk event: Internal fraud caused by People in Asset management located in Unknown province, Unknown city."
2134,RISK-0005,7.0,20190801,,3000.0,0.0,3000.0,Low,,3000.0,Unknown,"Operational risk event: Internal fraud caused by People in Retail banking located in Unknown province, Lanzhou."
2135,RISK-0045,2.0,20190701,,128000.0,0.0,128000.0,Medium,,128000.0,Unknown,"Operational risk event: Execution, delivery & process management caused by Process in Asset management located in Beijing,Xinjiang, Unknown city."
2136,RISK-0045,2.0,20190701,,250000.0,0.0,250000.0,High,,250000.0,Unknown,"Operational risk event: Execution, delivery & process management caused by Process in Asset management located in Beijing,Qinghai, Haibei."
2137,RISK-0045,2.0,20190701,,250000.0,0.0,250000.0,High,,250000.0,Unknown,"Operational risk event: Execution, delivery & process management caused by Process in Asset management located in Beijing,Qinghai, Haibei."
2138,RISK-0003,6.0,20190701,,200000.0,0.0,200000.0,Medium,,200000.0,Unknown,"Operational risk event: Internal fraud caused by People in Payment and settlement located in Beijing,Jiangxi, Nanchang,Fuzhou."
2139,RISK-0015,7.0,20170501,,200000.0,0.0,200000.0,Medium,,200000.0,Unknown,"Operational risk event: Clients, products & business practices caused by Process in Retail banking located in Shanghai, Unknown city."
2140,RISK-0015,7.0,20170601,,400000.0,0.0,400000.0,High,,400000.0,Unknown,"Operational risk event: Clients, products & business practices caused by Process in Retail banking located in Shanghai, Unknown city."
2141,RISK-0015,7.0,20180801,,350000.0,0.0,350000.0,High,,350000.0,Unknown,"Operational risk event: Clients, products & business practices caused by Process in Retail banking located in Fujian, Fuzhou."
2142,RISK-0014,6.0,20190801,,200000.0,0.0,200000.0,Medium,,200000.0,Unknown,"Operational risk event: Execution, delivery & process management caused by Process in Payment and settlement located in Jilin, Jilin."
2143,RISK-0014,6.0,20190801,,30000.0,0.0,30000.0,Low,,30000.0,Unknown,"Operational risk event: Execution, delivery & process management caused by Process in Payment and settlement located in Jilin, Jilin,Zunyi."
2144,RISK-0014,6.0,20190801,,4182600.0,0.0,4182600.0,Critical,,4182600.0,Unknown,"Operational risk event: Execution, delivery & process management caused by Process in Payment and settlement located in Beijing,Tianjin, Unknown city."
2145,RISK-0057,2.0,20190701,,50000.0,0.0,50000.0,Medium,,50000.0,Unknown,"Operational risk event: Clients, products & business practices caused by Process in Asset management located in Beijing, Ningbo."
2146,RISK-0014,6.0,20190701,,20000.0,0.0,20000.0,Low,,20000.0,Unknown,"Operational risk event: Execution, delivery & process management caused by Process in Payment and settlement located in Beijing, Hohhot,Alxa."
2147,RISK-0014,6.0,20190701,,5000.0,0.0,5000.0,Low,,5000.0,Unknown,"Operational risk event: Execution, delivery & process management caused by Process in Payment and settlement located in Beijing, Hohhot,Ulanqab."
2148,RISK-0035,9.0,20190701,,500000.0,0.0,500000.0,High,,500000.0,Unknown,"Operational risk event: Execution, delivery & process management caused by Process in Trading & sales located in Shandong,Yunnan, Dalian,Ningbo,Jinan,Qingdao,Kunming."
2149,RISK-0071,2.0,20190701,,500000.0,0.0,500000.0,High,,500000.0,Unknown,"Operational risk event: Execution, delivery & process management caused by People in Asset management located in Unknown province, Unknown city."
2150,RISK-0071,2.0,20190701,,250000.0,0.0,250000.0,High,,250000.0,Unknown,"Operational risk event: Execution, delivery & process management caused by People in Asset management located in Beijing, Yanbian."
2151,RISK-0035,9.0,20190701,,70000.0,0.0,70000.0,Medium,,70000.0,Unknown,"Operational risk event: Execution, delivery & process management caused by Process in Trading & sales located in Unknown province, Huaibei."
2152,RISK-0035,9.0,20190701,,80000.0,0.0,80000.0,Medium,,80000.0,Unknown,"Operational risk event: Execution, delivery & process management caused by Process in Trading & sales located in Unknown province, Huaibei."
2153,RISK-0065,6.0,20190701,,1000000.0,0.0,1000000.0,Critical,,1000000.0,Unknown,"Operational risk event: Clients, products & business practices caused by Process in Payment and settlement located in Unknown province, Qingdao."
2154,RISK-0045,2.0,20190701,,500000.0,0.0,500000.0,High,,500000.0,Unknown,"Operational risk event: Execution, delivery & process management caused by Process in Asset management located in Unknown province, Qingdao."
2155,RISK-0071,2.0,20190701,,500000.0,0.0,500000.0,High,,500000.0,Unknown,"Operational risk event: Execution, delivery & process management caused by People in Asset management located in Unknown province, Qingdao."
2156,RISK-0001,3.0,20190701,,501500.0,0.0,501500.0,High,,501500.0,Unknown,"Operational risk event: Internal fraud caused by People in Commercial banking located in Unknown province, Qingdao."
2157,RISK-0005,7.0,20190701,,1434023.0,0.0,1434023.0,Critical,,1434023.0,Unknown,"Operational risk event: Internal fraud caused by People in Retail banking located in Unknown province, Qingdao."
2158,RISK-0014,6.0,20190701,,500000.0,0.0,500000.0,High,,500000.0,Unknown,"Operational risk event: Execution, delivery & process management caused by Process in Payment and settlement located in Unknown province, Qingdao."
2159,RISK-0071,2.0,20190701,,500000.0,0.0,500000.0,High,,500000.0,Unknown,"Operational risk event: Execution, delivery & process management caused by People in Asset management located in Beijing, Bengbu."
2160,RISK-0057,2.0,20190701,,500000.0,0.0,500000.0,High,,500000.0,Unknown,"Operational risk event: Clients, products & business practices caused by Process in Asset management located in Beijing,Shanghai, Bengbu."
2161,RISK-0071,2.0,20190701,,200000.0,0.0,200000.0,Medium,,200000.0,Unknown,"Operational risk event: Execution, delivery & process management caused by People in Asset management located in Jiangxi, Nanchang,Yichun."
2162,RISK-0071,2.0,20190701,,300000.0,0.0,300000.0,High,,300000.0,Unknown,"Operational risk event: Execution, delivery & process management caused by People in Asset management located in Unknown province, Unknown city."
2163,RISK-0071,2.0,20190701,,200000.0,0.0,200000.0,Medium,,200000.0,Unknown,"Operational risk event: Execution, delivery & process management caused by People in Asset management located in Unknown province, Unknown city."
2164,RISK-0071,2.0,20190701,,300000.0,0.0,300000.0,High,,300000.0,Unknown,"Operational risk event: Execution, delivery & process management caused by People in Asset management located in Unknown province, Unknown city."
2165,RISK-0045,2.0,20190701,,200000.0,0.0,200000.0,Medium,,200000.0,Unknown,"Operational risk event: Execution, delivery & process management caused by Process in Asset management located in Shanxi, Yuncheng."
2166,RISK-0003,6.0,20190701,,400000.0,0.0,400000.0,High,,400000.0,Unknown,"Operational risk event: Internal fraud caused by People in Payment and settlement located in Jiangsu, Zhenjiang."
2167,RISK-0045,2.0,20190701,,300000.0,0.0,300000.0,High,,300000.0,Unknown,"Operational risk event: Execution, delivery & process management caused by Process in Asset management located in Beijing,Shanxi, Yuncheng."
2168,RISK-0071,2.0,20190701,,300000.0,0.0,300000.0,High,,300000.0,Unknown,"Operational risk event: Execution, delivery & process management caused by People in Asset management located in Beijing,Jilin, Jilin,Liaoyuan."
2169,RISK-0031,2.0,20190601,,350000.0,0.0,350000.0,High,,350000.0,Unknown,"Operational risk event: Internal fraud caused by People in Asset management located in Beijing,Yunnan, Kunming."
2170,RISK-0001,3.0,20190701,,600000.0,0.0,600000.0,High,,600000.0,Unknown,"Operational risk event: Internal fraud caused by People in Commercial banking located in Jiangsu,Hubei, Shiyan."
2171,RISK-0001,3.0,20190701,,250000.0,0.0,250000.0,High,,250000.0,Unknown,"Operational risk event: Internal fraud caused by People in Commercial banking located in Unknown province, Tongling."
2172,RISK-0014,6.0,20190701,,876517.0,0.0,876517.0,High,,876517.0,Unknown,"Operational risk event: Execution, delivery & process management caused by Process in Payment and settlement located in Beijing, Unknown city."
2173,RISK-0014,6.0,20190701,,471632.00000000006,0.0,471632.00000000006,High,,471632.00000000006,Unknown,"Operational risk event: Execution, delivery & process management caused by Process in Payment and settlement located in Beijing, Unknown city."
2174,RISK-0045,2.0,20190701,,70000.0,0.0,70000.0,Medium,,70000.0,Unknown,"Operational risk event: Execution, delivery & process management caused by Process in Asset management located in Beijing, Unknown city."
2175,RISK-0045,2.0,20190701,,150000.0,0.0,150000.0,Medium,,150000.0,Unknown,"Operational risk event: Execution, delivery & process management caused by Process in Asset management located in Shanghai, Fuzhou."
2176,RISK-0045,2.0,20190601,,200000.0,0.0,200000.0,Medium,,200000.0,Unknown,"Operational risk event: Execution, delivery & process management caused by Process in Asset management located in Hubei, Unknown city."
2177,RISK-0013,7.0,20190701,,500000.0,0.0,500000.0,High,,500000.0,Unknown,"Operational risk event: Execution, delivery & process management caused by Process in Retail banking located in Anhui,Hongkong, Suzhou,Bengbu,Huaibei,Tongling,Chizhou."
2178,RISK-0045,2.0,20190601,,200000.0,0.0,200000.0,Medium,,200000.0,Unknown,"Operational risk event: Execution, delivery & process management caused by Process in Asset management located in Hubei, Unknown city."
2179,RISK-0057,2.0,20190601,,500000.0,0.0,500000.0,High,,500000.0,Unknown,"Operational risk event: Clients, products & business practices caused by Process in Asset management located in Hubei, Unknown city."
2180,RISK-0045,2.0,20190601,,600000.0,0.0,600000.0,High,,600000.0,Unknown,"Operational risk event: Execution, delivery & process management caused by Process in Asset management located in Hubei, Unknown city."
2181,RISK-0065,6.0,20190601,,450000.0,0.0,450000.0,High,,450000.0,Unknown,"Operational risk event: Clients, products & business practices caused by Process in Payment and settlement located in Henan, Sanmenxia."
2182,RISK-0071,2.0,20190701,,3300000.0,0.0,3300000.0,Critical,,3300000.0,Unknown,"Operational risk event: Execution, delivery & process management caused by People in Asset management located in Zhejiang, Wenzhou,Ningbo,Hangzhou."
2183,RISK-0014,6.0,20190601,,300000.0,0.0,300000.0,High,,300000.0,Unknown,"Operational risk event: Execution, delivery & process management caused by Process in Payment and settlement located in Unknown province, Ningbo."
2184,RISK-0063,9.0,20190601,,600000.0,0.0,600000.0,High,,600000.0,Unknown,"Operational risk event: Clients, products & business practices caused by People in Trading & sales located in Shanghai, Ningbo."
2185,RISK-0045,2.0,20190601,,200000.0,0.0,200000.0,Medium,,200000.0,Unknown,"Operational risk event: Execution, delivery & process management caused by Process in Asset management located in Unknown province, Ningbo."
2186,RISK-0045,2.0,20190601,,300000.0,0.0,300000.0,High,,300000.0,Unknown,"Operational risk event: Execution, delivery & process management caused by Process in Asset management located in Unknown province, Ningbo."
2187,RISK-0031,2.0,20190601,,2300000.0,0.0,2300000.0,Critical,,2300000.0,Unknown,"Operational risk event: Internal fraud caused by People in Asset management located in Beijing, Ningbo."
2188,RISK-0045,2.0,20190601,,200000.0,0.0,200000.0,Medium,,200000.0,Unknown,"Operational risk event: Execution, delivery & process management caused by Process in Asset management located in Beijing,Chongqing, Unknown city."
2189,RISK-0045,2.0,20190601,,500000.0,0.0,500000.0,High,,500000.0,Unknown,"Operational risk event: Execution, delivery & process management caused by Process in Asset management located in Chongqing, Unknown city."
2190,RISK-0031,2.0,20190601,,300000.0,0.0,300000.0,High,,300000.0,Unknown,"Operational risk event: Internal fraud caused by People in Asset management located in Beijing,Anhui, Unknown city."
2191,RISK-0009,7.0,20190601,,400200.00000000006,0.0,400200.00000000006,High,,400200.00000000006,Unknown,"Operational risk event: Execution, delivery & process management caused by People in Retail banking located in Beijing,Heilongjiang, Unknown city."
2192,RISK-0057,2.0,20190601,,250000.0,0.0,250000.0,High,,250000.0,Unknown,"Operational risk event: Clients, products & business practices caused by Process in Asset management located in Shandong, Jinan,Zibo."
2193,RISK-0057,2.0,20190601,,250000.0,0.0,250000.0,High,,250000.0,Unknown,"Operational risk event: Clients, products & business practices caused by Process in Asset management located in Beijing, Jinan,Zibo."
2194,RISK-0036,6.0,20190601,,5000.0,0.0,5000.0,Low,,5000.0,Unknown,"Operational risk event: Internal fraud caused by Process in Payment and settlement located in Unknown province, Hohhot."
2195,RISK-0031,2.0,20190601,,600000.0,0.0,600000.0,High,,600000.0,Unknown,"Operational risk event: Internal fraud caused by People in Asset management located in Beijing, Wenzhou."
2196,RISK-0045,2.0,20190601,,300000.0,0.0,300000.0,High,,300000.0,Unknown,"Operational risk event: Execution, delivery & process management caused by Process in Asset management located in Guangdong, Unknown city."
2197,RISK-0065,6.0,20190701,,50000.0,0.0,50000.0,Medium,,50000.0,Unknown,"Operational risk event: Clients, products & business practices caused by Process in Payment and settlement located in Jilin,Shanghai, Jilin,Changchun."
2198,RISK-0065,6.0,20190701,,50000.0,0.0,50000.0,Medium,,50000.0,Unknown,"Operational risk event: Clients, products & business practices caused by Process in Payment and settlement located in Jilin, Jilin."
2199,RISK-0014,6.0,20190701,,200000.0,0.0,200000.0,Medium,,200000.0,Unknown,"Operational risk event: Execution, delivery & process management caused by Process in Payment and settlement located in Beijing,Jilin, Jilin,Changchun."
2200,RISK-0065,6.0,20190701,,200000.0,0.0,200000.0,Medium,,200000.0,Unknown,"Operational risk event: Clients, products & business practices caused by Process in Payment and settlement located in Unknown province, Jiyuan."
2201,RISK-0011,2.0,20190601,,84891744.99999999,0.0,84891744.99999999,Critical,,84891744.99999999,Unknown,"Operational risk event: Clients, products & business practices caused by People in Asset management located in Henan, Unknown city."
2202,RISK-0057,2.0,20190601,,500000.0,0.0,500000.0,High,,500000.0,Unknown,"Operational risk event: Clients, products & business practices caused by Process in Asset management located in Unknown province, Unknown city."
2203,RISK-0045,2.0,,,500000.0,0.0,500000.0,High,,500000.0,Unknown,"Operational risk event: Execution, delivery & process management caused by Process in Asset management located in Beijing,Shandong, Linyi."
2204,RISK-0057,2.0,20190601,,200000.0,0.0,200000.0,Medium,,200000.0,Unknown,"Operational risk event: Clients, products & business practices caused by Process in Asset management located in Liaoning, Shenyang."
2205,RISK-0071,2.0,20190601,,200000.0,0.0,200000.0,Medium,,200000.0,Unknown,"Operational risk event: Execution, delivery & process management caused by People in Asset management located in Beijing, Ganzhou."
2206,RISK-0001,3.0,20190601,,200000.0,0.0,200000.0,Medium,,200000.0,Unknown,"Operational risk event: Internal fraud caused by People in Commercial banking located in Yunnan, Unknown city."
2207,RISK-0071,2.0,20190601,,200000.0,0.0,200000.0,Medium,,200000.0,Unknown,"Operational risk event: Execution, delivery & process management caused by People in Asset management located in Beijing, Weihai."
2208,RISK-0045,2.0,20190501,,200000.0,0.0,200000.0,Medium,,200000.0,Unknown,"Operational risk event: Execution, delivery & process management caused by Process in Asset management located in Unknown province, Hulun buir."
2209,RISK-0065,6.0,20190601,,60000.0,0.0,60000.0,Medium,,60000.0,Unknown,"Operational risk event: Clients, products & business practices caused by Process in Payment and settlement located in Beijing, Jinan,Binzhou."
2210,RISK-0071,2.0,20190601,,200000.0,0.0,200000.0,Medium,,200000.0,Unknown,"Operational risk event: Execution, delivery & process management caused by People in Asset management located in Unknown province, Dalian."
2211,RISK-0037,1.0,20190601,,200000.0,0.0,200000.0,Medium,,200000.0,Unknown,"Operational risk event: Execution, delivery & process management caused by Process in Agency services located in Unknown province, Anshan."
2212,RISK-0036,6.0,20190601,,412426.00000000006,0.0,412426.00000000006,High,,412426.00000000006,Unknown,"Operational risk event: Internal fraud caused by Process in Payment and settlement located in Ningxia, Unknown city."
2213,RISK-0001,3.0,20190601,,500000.0,0.0,500000.0,High,,500000.0,Unknown,"Operational risk event: Internal fraud caused by People in Commercial banking located in Unknown province, Xuchang."
2214,RISK-0057,2.0,20190601,,4800000.0,0.0,4800000.0,Critical,,4800000.0,Unknown,"Operational risk event: Clients, products & business practices caused by Process in Asset management located in Shanxi, Taiyuan."
2215,RISK-0005,7.0,20190601,,200000.0,0.0,200000.0,Medium,,200000.0,Unknown,"Operational risk event: Internal fraud caused by People in Retail banking located in Henan, Xuchang."
2216,RISK-0031,2.0,20190601,,800000.0,0.0,800000.0,High,,800000.0,Unknown,"Operational risk event: Internal fraud caused by People in Asset management located in Zhejiang, Jinhua."
2217,RISK-0014,6.0,20190601,,200634.0,0.0,200634.0,Medium,,200634.0,Unknown,"Operational risk event: Execution, delivery & process management caused by Process in Payment and settlement located in Shanxi, Taiyuan."
2218,RISK-0016,3.0,20190601,,350000.0,0.0,350000.0,High,,350000.0,Unknown,"Operational risk event: Clients, products & business practices caused by Process in Commercial banking located in Unknown province, Ningde,Binzhou."
2219,RISK-0057,2.0,20190601,,1000000.0,0.0,1000000.0,Critical,,1000000.0,Unknown,"Operational risk event: Clients, products & business practices caused by Process in Asset management located in Unknown province, Ningde."
2220,RISK-0045,2.0,20190601,,250000.0,0.0,250000.0,High,,250000.0,Unknown,"Operational risk event: Execution, delivery & process management caused by Process in Asset management located in Unknown province, Huangnan."
2221,RISK-0011,2.0,20190601,,200000.0,0.0,200000.0,Medium,,200000.0,Unknown,"Operational risk event: Clients, products & business practices caused by People in Asset management located in Unknown province, Unknown city."
2222,RISK-0011,2.0,20190501,,300000.0,0.0,300000.0,High,,300000.0,Unknown,"Operational risk event: Clients, products & business practices caused by People in Asset management located in Unknown province, Ordos."
2223,RISK-0045,2.0,20190601,,200000.0,0.0,200000.0,Medium,,200000.0,Unknown,"Operational risk event: Execution, delivery & process management caused by Process in Asset management located in Unknown province, Shangqiu."
2224,RISK-0071,2.0,20190601,,500000.0,0.0,500000.0,High,,500000.0,Unknown,"Operational risk event: Execution, delivery & process management caused by People in Asset management located in Yunnan, Kunming."
2225,RISK-0065,6.0,20190601,,400000.0,0.0,400000.0,High,,400000.0,Unknown,"Operational risk event: Clients, products & business practices caused by Process in Payment and settlement located in Yunnan, Unknown city."
2226,RISK-0011,2.0,20190601,,750000.0,0.0,750000.0,High,,750000.0,Unknown,"Operational risk event: Clients, products & business practices caused by People in Asset management located in Yunnan, Unknown city."
2227,RISK-0087,5.0,20190401,,500000.0,0.0,500000.0,High,,500000.0,Unknown,"Operational risk event: Execution, delivery & process management caused by People in No business line located in Liaoning, Shenyang."
2228,RISK-0071,2.0,20190601,,1500000.0,0.0,1500000.0,Critical,,1500000.0,Unknown,"Operational risk event: Execution, delivery & process management caused by People in Asset management located in Zhejiang, Jiaxing."
2229,RISK-0014,6.0,20190601,,200000.0,0.0,200000.0,Medium,,200000.0,Unknown,"Operational risk event: Execution, delivery & process management caused by Process in Payment and settlement located in Liaoning, Shenyang."
2230,RISK-0013,7.0,20190601,,200000.0,0.0,200000.0,Medium,,200000.0,Unknown,"Operational risk event: Execution, delivery & process management caused by Process in Retail banking located in Liaoning, Shenyang."
2231,RISK-0014,6.0,20190601,,200000.0,0.0,200000.0,Medium,,200000.0,Unknown,"Operational risk event: Execution, delivery & process management caused by Process in Payment and settlement located in Liaoning, Unknown city."
2232,RISK-0016,3.0,20190501,,200000.0,0.0,200000.0,Medium,,200000.0,Unknown,"Operational risk event: Clients, products & business practices caused by Process in Commercial banking located in Guangxi, Nanning."
2233,RISK-0018,3.0,20190501,,200000.0,0.0,200000.0,Medium,,200000.0,Unknown,"Operational risk event: Execution, delivery & process management caused by Process in Commercial banking located in Beijing,Guangxi, Unknown city."
2234,RISK-0057,2.0,20190501,,400000.0,0.0,400000.0,High,,400000.0,Unknown,"Operational risk event: Clients, products & business practices caused by Process in Asset management located in Jiangsu, Nantong."
2235,RISK-0013,7.0,20190501,,300000.0,0.0,300000.0,High,,300000.0,Unknown,"Operational risk event: Execution, delivery & process management caused by Process in Retail banking located in Shanghai, Nantong."
2236,RISK-0011,2.0,20190501,,300000.0,0.0,300000.0,High,,300000.0,Unknown,"Operational risk event: Clients, products & business practices caused by People in Asset management located in Shanghai, Unknown city."
2237,RISK-0011,2.0,20190501,,600000.0,0.0,600000.0,High,,600000.0,Unknown,"Operational risk event: Clients, products & business practices caused by People in Asset management located in Beijing,Hubei, Jingmen."
2238,RISK-0045,2.0,20190501,,50000.0,0.0,50000.0,Medium,,50000.0,Unknown,"Operational risk event: Execution, delivery & process management caused by Process in Asset management located in Hubei, Unknown city."
2239,RISK-0076,3.0,20190501,,500000.0,0.0,500000.0,High,,500000.0,Unknown,"Operational risk event: Clients, products & business practices caused by People in Commercial banking located in Unknown province, Bengbu."
2240,RISK-0057,2.0,20190501,,400000.0,0.0,400000.0,High,,400000.0,Unknown,"Operational risk event: Clients, products & business practices caused by Process in Asset management located in Beijing, Dalian."
2241,RISK-0088,9.0,20190501,,1000000.0,0.0,1000000.0,Critical,,1000000.0,Unknown,"Operational risk event: Execution, delivery & process management caused by People in Trading & sales located in Beijing, Dalian."
2242,RISK-0058,9.0,20190601,,350000.0,0.0,350000.0,High,,350000.0,Unknown,"Operational risk event: Clients, products & business practices caused by Process in Trading & sales located in Shandong, Jinan."
2243,RISK-0031,2.0,20190501,,1700000.0,0.0,1700000.0,Critical,,1700000.0,Unknown,"Operational risk event: Internal fraud caused by People in Asset management located in Beijing,Zhejiang, Nanjing,Hangzhou."
2244,RISK-0035,9.0,20190501,,200000.0,0.0,200000.0,Medium,,200000.0,Unknown,"Operational risk event: Execution, delivery & process management caused by Process in Trading & sales located in Shandong, Dezhou."
2245,RISK-0086,5.0,20190501,,100000.0,0.0,100000.0,Medium,,100000.0,Unknown,"Operational risk event: Execution, delivery & process management caused by Process in No business line located in Unknown province, Jinan,Dezhou."
2246,RISK-0057,2.0,20190501,,200000.0,0.0,200000.0,Medium,,200000.0,Unknown,"Operational risk event: Clients, products & business practices caused by Process in Asset management located in Unknown province, Baicheng."
2247,RISK-0045,2.0,20190401,,30000.0,0.0,30000.0,Low,,30000.0,Unknown,"Operational risk event: Execution, delivery & process management caused by Process in Asset management located in Unknown province, Nanyang."
2248,RISK-0045,2.0,20190501,,500000.0,0.0,500000.0,High,,500000.0,Unknown,"Operational risk event: Execution, delivery & process management caused by Process in Asset management located in Unknown province, Suzhou."
2249,RISK-0045,2.0,20190501,,250000.0,0.0,250000.0,High,,250000.0,Unknown,"Operational risk event: Execution, delivery & process management caused by Process in Asset management located in Unknown province, Suzhou."
2250,RISK-0045,2.0,20190501,,300000.0,0.0,300000.0,High,,300000.0,Unknown,"Operational risk event: Execution, delivery & process management caused by Process in Asset management located in Beijing, Suzhou."
2251,RISK-0057,2.0,20190501,,350000.0,0.0,350000.0,High,,350000.0,Unknown,"Operational risk event: Clients, products & business practices caused by Process in Asset management located in Unknown province, Fuzhou."
2252,RISK-0057,2.0,20160301,,1800000.0,0.0,1800000.0,Critical,,1800000.0,Unknown,"Operational risk event: Clients, products & business practices caused by Process in Asset management located in Beijing,Tianjin,Shanghai,Hunan, Shenzhen."
2253,RISK-0071,2.0,20190501,,500000.0,0.0,500000.0,High,,500000.0,Unknown,"Operational risk event: Execution, delivery & process management caused by People in Asset management located in Unknown province, Qingdao."
2254,RISK-0071,2.0,20190501,,200000.0,0.0,200000.0,Medium,,200000.0,Unknown,"Operational risk event: Execution, delivery & process management caused by People in Asset management located in Unknown province, Weihai."
2255,RISK-0070,6.0,20190401,,7398000.0,0.0,7398000.0,Critical,,7398000.0,Unknown,"Operational risk event: Clients, products & business practices caused by People in Payment and settlement located in Beijing, Wenzhou."
2256,RISK-0045,2.0,20190501,,250000.0,0.0,250000.0,High,,250000.0,Unknown,"Operational risk event: Execution, delivery & process management caused by Process in Asset management located in Unknown province, Lishui."
2257,RISK-0071,2.0,20190501,,500000.0,0.0,500000.0,High,,500000.0,Unknown,"Operational risk event: Execution, delivery & process management caused by People in Asset management located in Shandong, Qingdao."
2258,RISK-0045,2.0,20190501,,200000.0,0.0,200000.0,Medium,,200000.0,Unknown,"Operational risk event: Execution, delivery & process management caused by Process in Asset management located in Unknown province, Chaoyang."
2259,RISK-0070,6.0,20190501,,1400000.0,0.0,1400000.0,Critical,,1400000.0,Unknown,"Operational risk event: Clients, products & business practices caused by People in Payment and settlement located in Unknown province, Unknown city."
2260,RISK-0065,6.0,20190501,,90000.0,0.0,90000.0,Medium,,90000.0,Unknown,"Operational risk event: Clients, products & business practices caused by Process in Payment and settlement located in Jiangxi, Nanchang."
2261,RISK-0065,6.0,20190501,,15000.0,0.0,15000.0,Low,,15000.0,Unknown,"Operational risk event: Clients, products & business practices caused by Process in Payment and settlement located in Unknown province, Nanchang."
2262,RISK-0057,2.0,20190401,,500000.0,0.0,500000.0,High,,500000.0,Unknown,"Operational risk event: Clients, products & business practices caused by Process in Asset management located in Unknown province, Bayannur."
2263,RISK-0045,2.0,20190401,,350000.0,0.0,350000.0,High,,350000.0,Unknown,"Operational risk event: Execution, delivery & process management caused by Process in Asset management located in Unknown province, Ordos."
2264,RISK-0011,2.0,20190501,,300000.0,0.0,300000.0,High,,300000.0,Unknown,"Operational risk event: Clients, products & business practices caused by People in Asset management located in Jilin, Jilin,Baicheng."
2265,RISK-0045,2.0,20190501,,30000.0,0.0,30000.0,Low,,30000.0,Unknown,"Operational risk event: Execution, delivery & process management caused by Process in Asset management located in Beijing, Meishan."
2266,RISK-0045,2.0,20190501,,400000.0,0.0,400000.0,High,,400000.0,Unknown,"Operational risk event: Execution, delivery & process management caused by Process in Asset management located in Unknown province, Xuancheng."
2267,RISK-0015,7.0,20190201,,60000.0,0.0,60000.0,Medium,,60000.0,Unknown,"Operational risk event: Clients, products & business practices caused by Process in Retail banking located in Unknown province, Qiqihar."
2268,RISK-0011,2.0,20190401,,500000.0,0.0,500000.0,High,,500000.0,Unknown,"Operational risk event: Clients, products & business practices caused by People in Asset management located in Unknown province, Baotou."
2269,RISK-0014,6.0,20190501,,1003600.0,0.0,1003600.0,Critical,,1003600.0,Unknown,"Operational risk event: Execution, delivery & process management caused by Process in Payment and settlement located in Beijing, Ningbo."
2270,RISK-0045,2.0,20190501,,50000.0,0.0,50000.0,Medium,,50000.0,Unknown,"Operational risk event: Execution, delivery & process management caused by Process in Asset management located in Beijing,Liaoning, Shenyang."
2271,RISK-0045,2.0,20190501,,136000.0,0.0,136000.0,Medium,,136000.0,Unknown,"Operational risk event: Execution, delivery & process management caused by Process in Asset management located in Beijing, Chengdu."
2272,RISK-0018,3.0,20190401,,250000.0,0.0,250000.0,High,,250000.0,Unknown,"Operational risk event: Execution, delivery & process management caused by Process in Commercial banking located in Unknown province, Ordos."
2273,RISK-0016,3.0,20190401,,3440000.0,0.0,3440000.0,Critical,,3440000.0,Unknown,"Operational risk event: Clients, products & business practices caused by Process in Commercial banking located in Unknown province, Ordos."
2274,RISK-0011,2.0,20190501,,200000.0,0.0,200000.0,Medium,,200000.0,Unknown,"Operational risk event: Clients, products & business practices caused by People in Asset management located in Henan, Xinyang."
2275,RISK-0045,2.0,20190501,,1850000.0,0.0,1850000.0,Critical,,1850000.0,Unknown,"Operational risk event: Execution, delivery & process management caused by Process in Asset management located in Shandong, Liaocheng."
2276,RISK-0045,2.0,20190501,,500000.0,0.0,500000.0,High,,500000.0,Unknown,"Operational risk event: Execution, delivery & process management caused by Process in Asset management located in Shanghai, Unknown city."
2277,RISK-0057,2.0,20151201,,500000.0,0.0,500000.0,High,,500000.0,Unknown,"Operational risk event: Clients, products & business practices caused by Process in Asset management located in Shanghai, Unknown city."
2278,RISK-0045,2.0,20160401,,300000.0,0.0,300000.0,High,,300000.0,Unknown,"Operational risk event: Execution, delivery & process management caused by Process in Asset management located in Shanghai, Unknown city."
2279,RISK-0035,9.0,20170501,,500000.0,0.0,500000.0,High,,500000.0,Unknown,"Operational risk event: Execution, delivery & process management caused by Process in Trading & sales located in Shanghai, Unknown city."
2280,RISK-0045,2.0,20171201,,500000.0,0.0,500000.0,High,,500000.0,Unknown,"Operational risk event: Execution, delivery & process management caused by Process in Asset management located in Unknown province, Unknown city."
2281,RISK-0057,2.0,20171201,,500000.0,0.0,500000.0,High,,500000.0,Unknown,"Operational risk event: Clients, products & business practices caused by Process in Asset management located in Unknown province, Unknown city."
2282,RISK-0013,7.0,20170601,,500000.0,0.0,500000.0,High,,500000.0,Unknown,"Operational risk event: Execution, delivery & process management caused by Process in Retail banking located in Shanghai, Unknown city."
2283,RISK-0057,2.0,20150201,,1000000.0,0.0,1000000.0,Critical,,1000000.0,Unknown,"Operational risk event: Clients, products & business practices caused by Process in Asset management located in Tianjin,Shanghai, Unknown city."
2284,RISK-0031,2.0,20150301,,1000000.0,0.0,1000000.0,Critical,,1000000.0,Unknown,"Operational risk event: Internal fraud caused by People in Asset management located in Shanghai, Nanjing."
2285,RISK-0011,2.0,,,2287968.0,0.0,2287968.0,Critical,,2287968.0,Unknown,"Operational risk event: Clients, products & business practices caused by People in Asset management located in Shanghai, Unknown city."
2286,RISK-0014,6.0,20190401,,250000.0,0.0,250000.0,High,,250000.0,Unknown,"Operational risk event: Execution, delivery & process management caused by Process in Payment and settlement located in Unknown province, Zhongwei."
2287,RISK-0045,2.0,20190401,,250000.0,0.0,250000.0,High,,250000.0,Unknown,"Operational risk event: Execution, delivery & process management caused by Process in Asset management located in Unknown province, Haixi."
2288,RISK-0045,2.0,20161201,,1000000.0,0.0,1000000.0,Critical,,1000000.0,Unknown,"Operational risk event: Execution, delivery & process management caused by Process in Asset management located in Beijing,Shanghai, Unknown city."
2289,RISK-0065,6.0,20190501,,500000.0,0.0,500000.0,High,,500000.0,Unknown,"Operational risk event: Clients, products & business practices caused by Process in Payment and settlement located in Beijing,Heilongjiang, Unknown city."
2290,RISK-0014,6.0,20190401,,401139.0,0.0,401139.0,High,,401139.0,Unknown,"Operational risk event: Execution, delivery & process management caused by Process in Payment and settlement located in Beijing, Quanzhou."
2291,RISK-0045,2.0,20190401,,10000.0,0.0,10000.0,Low,,10000.0,Unknown,"Operational risk event: Execution, delivery & process management caused by Process in Asset management located in Beijing, Zhengzhou,Anyang."
2292,RISK-0045,2.0,20190501,,450000.0,0.0,450000.0,High,,450000.0,Unknown,"Operational risk event: Execution, delivery & process management caused by Process in Asset management located in Hainan, Sanya."
2293,RISK-0045,2.0,20190101,,450000.0,0.0,450000.0,High,,450000.0,Unknown,"Operational risk event: Execution, delivery & process management caused by Process in Asset management located in Unknown province, Alxa."
2294,RISK-0057,2.0,20190301,,300000.0,0.0,300000.0,High,,300000.0,Unknown,"Operational risk event: Clients, products & business practices caused by Process in Asset management located in Unknown province, Ulanqab."
2295,RISK-0057,2.0,20190401,,500000.0,0.0,500000.0,High,,500000.0,Unknown,"Operational risk event: Clients, products & business practices caused by Process in Asset management located in Beijing, Nanjing."
2296,RISK-0045,2.0,20190401,,600000.0,0.0,600000.0,High,,600000.0,Unknown,"Operational risk event: Execution, delivery & process management caused by Process in Asset management located in Beijing,Shandong, Taian."
2297,RISK-0065,6.0,20190401,,300000.0,0.0,300000.0,High,,300000.0,Unknown,"Operational risk event: Clients, products & business practices caused by Process in Payment and settlement located in Chongqing, Unknown city."
2298,RISK-0031,2.0,20190401,,300000.0,0.0,300000.0,High,,300000.0,Unknown,"Operational risk event: Internal fraud caused by People in Asset management located in Henan, Zhumadian."
2299,RISK-0045,2.0,20190401,,300000.0,0.0,300000.0,High,,300000.0,Unknown,"Operational risk event: Execution, delivery & process management caused by Process in Asset management located in Henan, Zhumadian."
2300,RISK-0057,2.0,20190401,,70000.0,0.0,70000.0,Medium,,70000.0,Unknown,"Operational risk event: Clients, products & business practices caused by Process in Asset management located in Beijing,Heilongjiang, Harbin."
2301,RISK-0011,2.0,20190401,,500000.0,0.0,500000.0,High,,500000.0,Unknown,"Operational risk event: Clients, products & business practices caused by People in Asset management located in Liaoning, Shenyang."
2302,RISK-0045,2.0,20190401,,30000.0,0.0,30000.0,Low,,30000.0,Unknown,"Operational risk event: Execution, delivery & process management caused by Process in Asset management located in Beijing, Wuhu."
2303,RISK-0045,2.0,20190401,,50000.0,0.0,50000.0,Medium,,50000.0,Unknown,"Operational risk event: Execution, delivery & process management caused by Process in Asset management located in Beijing, Wuhu."
2304,RISK-0087,5.0,20190401,,500000.0,0.0,500000.0,High,,500000.0,Unknown,"Operational risk event: Execution, delivery & process management caused by People in No business line located in Liaoning, Shenyang."
2305,RISK-0004,7.0,20190401,,800000.0,0.0,800000.0,High,,800000.0,Unknown,"Operational risk event: Clients, products & business practices caused by People in Retail banking located in Liaoning, Shenyang."
2306,RISK-0063,9.0,20190401,,1600000.0,0.0,1600000.0,Critical,,1600000.0,Unknown,"Operational risk event: Clients, products & business practices caused by People in Trading & sales located in Beijing,Jilin, Jilin."
2307,RISK-0071,2.0,20190401,,500000.0,0.0,500000.0,High,,500000.0,Unknown,"Operational risk event: Execution, delivery & process management caused by People in Asset management located in Guizhou, Guiyang."
2308,RISK-0058,9.0,20190401,,200000.0,0.0,200000.0,Medium,,200000.0,Unknown,"Operational risk event: Clients, products & business practices caused by Process in Trading & sales located in Beijing,Chongqing, Unknown city."
2309,RISK-0071,2.0,20190401,,700000.0,0.0,700000.0,High,,700000.0,Unknown,"Operational risk event: Execution, delivery & process management caused by People in Asset management located in Chongqing, Unknown city."
2310,RISK-0065,6.0,20190401,,4000.0,0.0,4000.0,Low,,4000.0,Unknown,"Operational risk event: Clients, products & business practices caused by Process in Payment and settlement located in Unknown province, Chengdu,Liangshan."
2311,RISK-0045,2.0,20190401,,500000.0,0.0,500000.0,High,,500000.0,Unknown,"Operational risk event: Execution, delivery & process management caused by Process in Asset management located in Unknown province, Tangshan."
2312,RISK-0057,2.0,20190401,,500000.0,0.0,500000.0,High,,500000.0,Unknown,"Operational risk event: Clients, products & business practices caused by Process in Asset management located in Unknown province, Dalian."
2313,RISK-0057,2.0,20190401,,500000.0,0.0,500000.0,High,,500000.0,Unknown,"Operational risk event: Clients, products & business practices caused by Process in Asset management located in Liaoning, Dalian."
2314,RISK-0045,2.0,20190401,,400000.0,0.0,400000.0,High,,400000.0,Unknown,"Operational risk event: Execution, delivery & process management caused by Process in Asset management located in Beijing,Hubei, Enshi."
2315,RISK-0045,2.0,20190401,,100000.0,0.0,100000.0,Medium,,100000.0,Unknown,"Operational risk event: Execution, delivery & process management caused by Process in Asset management located in Hebei, Unknown city."
2316,RISK-0045,2.0,20190401,,500000.0,0.0,500000.0,High,,500000.0,Unknown,"Operational risk event: Execution, delivery & process management caused by Process in Asset management located in Hebei,Shanghai, Shijiazhuang."
2317,RISK-0045,2.0,20190401,,2000000.0,0.0,2000000.0,Critical,,2000000.0,Unknown,"Operational risk event: Execution, delivery & process management caused by Process in Asset management located in Hebei, Shijiazhuang."
2318,RISK-0045,2.0,20190401,,2200000.0,0.0,2200000.0,Critical,,2200000.0,Unknown,"Operational risk event: Execution, delivery & process management caused by Process in Asset management located in Hebei, Shijiazhuang."
2319,RISK-0057,2.0,20190401,,250000.0,0.0,250000.0,High,,250000.0,Unknown,"Operational risk event: Clients, products & business practices caused by Process in Asset management located in Unknown province, Huangshan."
2320,RISK-0057,2.0,20190401,,200000.0,0.0,200000.0,Medium,,200000.0,Unknown,"Operational risk event: Clients, products & business practices caused by Process in Asset management located in Beijing,Tianjin, Unknown city."
2321,RISK-0071,2.0,20190401,,30000.0,0.0,30000.0,Low,,30000.0,Unknown,"Operational risk event: Execution, delivery & process management caused by People in Asset management located in Jilin, Jilin."
2322,RISK-0058,9.0,20190401,,403908.0,0.0,403908.0,High,,403908.0,Unknown,"Operational risk event: Clients, products & business practices caused by Process in Trading & sales located in Unknown province, Unknown city."
2323,RISK-0018,3.0,20190401,,300000.0,0.0,300000.0,High,,300000.0,Unknown,"Operational risk event: Execution, delivery & process management caused by Process in Commercial banking located in Henan, Nanyang."
2324,RISK-0045,2.0,20190301,,30000.0,0.0,30000.0,Low,,30000.0,Unknown,"Operational risk event: Execution, delivery & process management caused by Process in Asset management located in Unknown province, Linfen."
2325,RISK-0057,2.0,20190401,,400000.0,0.0,400000.0,High,,400000.0,Unknown,"Operational risk event: Clients, products & business practices caused by Process in Asset management located in Chongqing, Unknown city."
2326,RISK-0045,2.0,20190401,,900000.0,0.0,900000.0,High,,900000.0,Unknown,"Operational risk event: Execution, delivery & process management caused by Process in Asset management located in Chongqing, Unknown city."
2327,RISK-0016,3.0,20190301,,400000.0,0.0,400000.0,High,,400000.0,Unknown,"Operational risk event: Clients, products & business practices caused by Process in Commercial banking located in Inner mongolia,Inner mongolia, Hohhot."
2328,RISK-0011,2.0,20190301,,300000.0,0.0,300000.0,High,,300000.0,Unknown,"Operational risk event: Clients, products & business practices caused by People in Asset management located in Inner mongolia,Inner mongolia, Unknown city."
2329,RISK-0045,2.0,20190301,,500000.0,0.0,500000.0,High,,500000.0,Unknown,"Operational risk event: Execution, delivery & process management caused by Process in Asset management located in Inner mongolia,Inner mongolia, Unknown city."
2330,RISK-0071,2.0,20190301,,200000.0,0.0,200000.0,Medium,,200000.0,Unknown,"Operational risk event: Execution, delivery & process management caused by People in Asset management located in Shanxi, Xinzhou."
2331,RISK-0003,6.0,20190301,,850000.0,0.0,850000.0,High,,850000.0,Unknown,"Operational risk event: Internal fraud caused by People in Payment and settlement located in Unknown province, Jiaxing."
2332,RISK-0057,2.0,20190401,,500000.0,0.0,500000.0,High,,500000.0,Unknown,"Operational risk event: Clients, products & business practices caused by Process in Asset management located in Guangdong, Unknown city."
2333,RISK-0057,2.0,20190401,,400000.0,0.0,400000.0,High,,400000.0,Unknown,"Operational risk event: Clients, products & business practices caused by Process in Asset management located in Guangdong, Unknown city."
2334,RISK-0035,9.0,20190301,,500000.0,0.0,500000.0,High,,500000.0,Unknown,"Operational risk event: Execution, delivery & process management caused by Process in Trading & sales located in Unknown province, Leshan."
2335,RISK-0011,2.0,20190301,,400000.0,0.0,400000.0,High,,400000.0,Unknown,"Operational risk event: Clients, products & business practices caused by People in Asset management located in Unknown province, Luzhou."
2336,RISK-0058,9.0,20190401,,60000.0,0.0,60000.0,Medium,,60000.0,Unknown,"Operational risk event: Clients, products & business practices caused by Process in Trading & sales located in Shanghai, Unknown city."
2337,RISK-0045,2.0,20190401,,30000.0,0.0,30000.0,Low,,30000.0,Unknown,"Operational risk event: Execution, delivery & process management caused by Process in Asset management located in Shaanxi, Xi'an."
2338,RISK-0011,2.0,20190301,,500000.0,0.0,500000.0,High,,500000.0,Unknown,"Operational risk event: Clients, products & business practices caused by People in Asset management located in Unknown province, Binzhou."
2339,RISK-0057,2.0,20190301,,350000.0,0.0,350000.0,High,,350000.0,Unknown,"Operational risk event: Clients, products & business practices caused by Process in Asset management located in Shandong, Binzhou."
2340,RISK-0057,2.0,20190301,,350000.0,0.0,350000.0,High,,350000.0,Unknown,"Operational risk event: Clients, products & business practices caused by Process in Asset management located in Unknown province, Binzhou."
2341,RISK-0045,2.0,20190301,,500000.0,0.0,500000.0,High,,500000.0,Unknown,"Operational risk event: Execution, delivery & process management caused by Process in Asset management located in Shandong, Qingdao,Zibo."
2342,RISK-0016,3.0,20190301,,200000.0,0.0,200000.0,Medium,,200000.0,Unknown,"Operational risk event: Clients, products & business practices caused by Process in Commercial banking located in Shandong, Unknown city."
2343,RISK-0045,2.0,20190301,,200000.0,0.0,200000.0,Medium,,200000.0,Unknown,"Operational risk event: Execution, delivery & process management caused by Process in Asset management located in Unknown province, Unknown city."
2344,RISK-0045,2.0,20190301,,500000.0,0.0,500000.0,High,,500000.0,Unknown,"Operational risk event: Execution, delivery & process management caused by Process in Asset management located in Unknown province, Unknown city."
2345,RISK-0045,2.0,20190301,,550000.0,0.0,550000.0,High,,550000.0,Unknown,"Operational risk event: Execution, delivery & process management caused by Process in Asset management located in Shandong, Taian."
2346,RISK-0045,2.0,20190301,,350000.0,0.0,350000.0,High,,350000.0,Unknown,"Operational risk event: Execution, delivery & process management caused by Process in Asset management located in Beijing,Shandong, Jinan."
2347,RISK-0045,2.0,20190301,,550000.0,0.0,550000.0,High,,550000.0,Unknown,"Operational risk event: Execution, delivery & process management caused by Process in Asset management located in Tianjin,Shandong, Jinan."
2348,RISK-0070,6.0,20190301,,200000.0,0.0,200000.0,Medium,,200000.0,Unknown,"Operational risk event: Clients, products & business practices caused by People in Payment and settlement located in Shandong, Zibo."
2349,RISK-0045,2.0,20190301,,500000.0,0.0,500000.0,High,,500000.0,Unknown,"Operational risk event: Execution, delivery & process management caused by Process in Asset management located in Tianjin, Unknown city."
2350,RISK-0045,2.0,20171201,,300000.0,0.0,300000.0,High,,300000.0,Unknown,"Operational risk event: Execution, delivery & process management caused by Process in Asset management located in Unknown province, Qingdao."
2351,RISK-0011,2.0,20171201,,300000.0,0.0,300000.0,High,,300000.0,Unknown,"Operational risk event: Clients, products & business practices caused by People in Asset management located in Unknown province, Unknown city."
2352,RISK-0015,7.0,20190101,,50000.0,0.0,50000.0,Medium,,50000.0,Unknown,"Operational risk event: Clients, products & business practices caused by Process in Retail banking located in Unknown province, Unknown city."
2353,RISK-0045,2.0,20190301,,300000.0,0.0,300000.0,High,,300000.0,Unknown,"Operational risk event: Execution, delivery & process management caused by Process in Asset management located in Unknown province, Unknown city."
2354,RISK-0071,2.0,20190301,,1200000.0,0.0,1200000.0,Critical,,1200000.0,Unknown,"Operational risk event: Execution, delivery & process management caused by People in Asset management located in Unknown province, Guigang."
2355,RISK-0065,6.0,20190301,,470450.0,0.0,470450.0,High,,470450.0,Unknown,"Operational risk event: Clients, products & business practices caused by Process in Payment and settlement located in Unknown province, Qinzhou."
2356,RISK-0071,2.0,20190301,,500000.0,0.0,500000.0,High,,500000.0,Unknown,"Operational risk event: Execution, delivery & process management caused by People in Asset management located in Guizhou, Guiyang."
2357,RISK-0045,2.0,20190401,,20000.0,0.0,20000.0,Low,,20000.0,Unknown,"Operational risk event: Execution, delivery & process management caused by Process in Asset management located in Unknown province, Zhengzhou."
2358,RISK-0015,7.0,20190301,,100000.0,0.0,100000.0,Medium,,100000.0,Unknown,"Operational risk event: Clients, products & business practices caused by Process in Retail banking located in Unknown province, Zhengzhou."
2359,RISK-0058,9.0,20190301,,300000.0,0.0,300000.0,High,,300000.0,Unknown,"Operational risk event: Clients, products & business practices caused by Process in Trading & sales located in Beijing, Qingdao."
2360,RISK-0031,2.0,20190301,,900000.0,0.0,900000.0,High,,900000.0,Unknown,"Operational risk event: Internal fraud caused by People in Asset management located in Beijing, Qingdao."
2361,RISK-0045,2.0,20190301,,100000.0,0.0,100000.0,Medium,,100000.0,Unknown,"Operational risk event: Execution, delivery & process management caused by Process in Asset management located in Beijing,Hebei, Shijiazhuang."
2362,RISK-0011,2.0,20190301,,7126000.0,0.0,7126000.0,Critical,,7126000.0,Unknown,"Operational risk event: Clients, products & business practices caused by People in Asset management located in Inner mongolia,Jiangsu,Henan,Inner mongolia, Dalian,Jinzhou,Fuxin,Lianyungang,Qingdao,Lanzhou,Baiyin."
2363,RISK-0031,2.0,20190301,,2000000.0,0.0,2000000.0,Critical,,2000000.0,Unknown,"Operational risk event: Internal fraud caused by People in Asset management located in Beijing,Liaoning,Hongkong, Dalian,Jinzhou."
2364,RISK-0034,5.0,,,200000.0,0.0,200000.0,Medium,,200000.0,Unknown,"Operational risk event: Employment practices and workplace safety caused by Process in No business line located in Beijing,Inner mongolia,Inner mongolia, Unknown city."
2365,RISK-0045,2.0,,,500000.0,0.0,500000.0,High,,500000.0,Unknown,"Operational risk event: Execution, delivery & process management caused by Process in Asset management located in Beijing,Inner mongolia,Inner mongolia, Unknown city."
2366,RISK-0045,2.0,20190401,,50000.0,0.0,50000.0,Medium,,50000.0,Unknown,"Operational risk event: Execution, delivery & process management caused by Process in Asset management located in Beijing,Fujian, Fuzhou."
2367,RISK-0045,2.0,20190401,,50000.0,0.0,50000.0,Medium,,50000.0,Unknown,"Operational risk event: Execution, delivery & process management caused by Process in Asset management located in Unknown province, Unknown city."
2368,RISK-0045,2.0,20190401,,50000.0,0.0,50000.0,Medium,,50000.0,Unknown,"Operational risk event: Execution, delivery & process management caused by Process in Asset management located in Unknown province, Unknown city."
2369,RISK-0045,2.0,20190401,,100000.0,0.0,100000.0,Medium,,100000.0,Unknown,"Operational risk event: Execution, delivery & process management caused by Process in Asset management located in Unknown province, Unknown city."
2370,RISK-0045,2.0,20190401,,150000.0,0.0,150000.0,Medium,,150000.0,Unknown,"Operational risk event: Execution, delivery & process management caused by Process in Asset management located in Unknown province, Unknown city."
2371,RISK-0057,2.0,20190301,,60000.0,0.0,60000.0,Medium,,60000.0,Unknown,"Operational risk event: Clients, products & business practices caused by Process in Asset management located in Beijing,Fujian, Fuzhou."
2372,RISK-0045,2.0,20190301,,500000.0,0.0,500000.0,High,,500000.0,Unknown,"Operational risk event: Execution, delivery & process management caused by Process in Asset management located in Beijing,Liaoning, Dalian."
2373,RISK-0045,2.0,20190301,,500000.0,0.0,500000.0,High,,500000.0,Unknown,"Operational risk event: Execution, delivery & process management caused by Process in Asset management located in Unknown province, Unknown city."
2374,RISK-0065,6.0,20190301,,500000.0,0.0,500000.0,High,,500000.0,Unknown,"Operational risk event: Clients, products & business practices caused by Process in Payment and settlement located in Unknown province, Unknown city."
2375,RISK-0057,2.0,20190301,,450000.0,0.0,450000.0,High,,450000.0,Unknown,"Operational risk event: Clients, products & business practices caused by Process in Asset management located in Beijing,Fujian, Fuzhou."
2376,RISK-0045,2.0,20190201,,480000.0,0.0,480000.0,High,,480000.0,Unknown,"Operational risk event: Execution, delivery & process management caused by Process in Asset management located in Sichuan, Guang'an."
2377,RISK-0016,3.0,20190301,,500000.0,0.0,500000.0,High,,500000.0,Unknown,"Operational risk event: Clients, products & business practices caused by Process in Commercial banking located in Unknown province, Dalian."
2378,RISK-0045,2.0,20190301,,105000.0,0.0,105000.0,Medium,,105000.0,Unknown,"Operational risk event: Execution, delivery & process management caused by Process in Asset management located in Beijing,Liaoning, Shenyang."
2379,RISK-0045,2.0,20190201,,5000.0,0.0,5000.0,Low,,5000.0,Unknown,"Operational risk event: Execution, delivery & process management caused by Process in Asset management located in Beijing,Chongqing, Unknown city."
2380,RISK-0076,3.0,20190201,,300000.0,0.0,300000.0,High,,300000.0,Unknown,"Operational risk event: Clients, products & business practices caused by People in Commercial banking located in Beijing,Hubei, Unknown city."
2381,RISK-0013,7.0,20190201,,250000.0,0.0,250000.0,High,,250000.0,Unknown,"Operational risk event: Execution, delivery & process management caused by Process in Retail banking located in Sichuan, Dazhou."
2382,RISK-0045,2.0,20190201,,500000.0,0.0,500000.0,High,,500000.0,Unknown,"Operational risk event: Execution, delivery & process management caused by Process in Asset management located in Beijing,Guangdong, Unknown city."
2383,RISK-0063,9.0,20190301,,6600000.0,0.0,6600000.0,Critical,,6600000.0,Unknown,"Operational risk event: Clients, products & business practices caused by People in Trading & sales located in Tianjin,Heilongjiang,Sichuan,Hongkong, Panzhihua."
2384,RISK-0063,9.0,20190201,,250000.0,0.0,250000.0,High,,250000.0,Unknown,"Operational risk event: Clients, products & business practices caused by People in Trading & sales located in Beijing,Zhejiang, Taizhou."
2385,RISK-0057,2.0,20190301,,800000.0,0.0,800000.0,High,,800000.0,Unknown,"Operational risk event: Clients, products & business practices caused by Process in Asset management located in Beijing, Nanjing."
2386,RISK-0005,7.0,20190301,,2000000.0,0.0,2000000.0,Critical,,2000000.0,Unknown,"Operational risk event: Internal fraud caused by People in Retail banking located in Beijing, Dalian."
2387,RISK-0045,2.0,20190201,,5000.0,0.0,5000.0,Low,,5000.0,Unknown,"Operational risk event: Execution, delivery & process management caused by Process in Asset management located in Beijing,Chongqing, Unknown city."
2388,RISK-0045,2.0,20190201,,500000.0,0.0,500000.0,High,,500000.0,Unknown,"Operational risk event: Execution, delivery & process management caused by Process in Asset management located in Unknown province, Dalian,Ali."
2389,RISK-0065,6.0,20190201,,1900000.0,0.0,1900000.0,Critical,,1900000.0,Unknown,"Operational risk event: Clients, products & business practices caused by Process in Payment and settlement located in Beijing, Unknown city."
2390,RISK-0045,2.0,20190101,,200000.0,0.0,200000.0,Medium,,200000.0,Unknown,"Operational risk event: Execution, delivery & process management caused by Process in Asset management located in Unknown province, Ulanqab."
2391,RISK-0065,6.0,20190101,,300000.0,0.0,300000.0,High,,300000.0,Unknown,"Operational risk event: Clients, products & business practices caused by Process in Payment and settlement located in Hubei, Unknown city."
2392,RISK-0016,3.0,20190201,,350000.0,0.0,350000.0,High,,350000.0,Unknown,"Operational risk event: Clients, products & business practices caused by Process in Commercial banking located in Shandong, Rizhao."
2393,RISK-0070,6.0,20190101,,1550000.0,0.0,1550000.0,Critical,,1550000.0,Unknown,"Operational risk event: Clients, products & business practices caused by People in Payment and settlement located in Unknown province, Rizhao."
2394,RISK-0045,2.0,20190101,,550000.0,0.0,550000.0,High,,550000.0,Unknown,"Operational risk event: Execution, delivery & process management caused by Process in Asset management located in Unknown province, Rizhao."
2395,RISK-0065,6.0,20190101,,129500.0,0.0,129500.0,Medium,,129500.0,Unknown,"Operational risk event: Clients, products & business practices caused by Process in Payment and settlement located in Shanghai, Unknown city."
2396,RISK-0057,2.0,20190101,,400000.0,0.0,400000.0,High,,400000.0,Unknown,"Operational risk event: Clients, products & business practices caused by Process in Asset management located in Unknown province, Yangzhou."
2397,RISK-0057,2.0,20181201,,50000.0,0.0,50000.0,Medium,,50000.0,Unknown,"Operational risk event: Clients, products & business practices caused by Process in Asset management located in Hebei, Unknown city."
2398,RISK-0045,2.0,20190101,,500000.0,0.0,500000.0,High,,500000.0,Unknown,"Operational risk event: Execution, delivery & process management caused by Process in Asset management located in Guangxi,Chongqing, Shenzhen."
2399,RISK-0070,6.0,20190101,,6100000.0,0.0,6100000.0,Critical,,6100000.0,Unknown,"Operational risk event: Clients, products & business practices caused by People in Payment and settlement located in Zhejiang, Unknown city."
2400,RISK-0031,2.0,20181201,,700000.0,0.0,700000.0,High,,700000.0,Unknown,"Operational risk event: Internal fraud caused by People in Asset management located in Beijing, Jinhua."
2401,RISK-0057,2.0,20181201,,300000.0,0.0,300000.0,High,,300000.0,Unknown,"Operational risk event: Clients, products & business practices caused by Process in Asset management located in Beijing, Jiaxing."
2402,RISK-0045,2.0,20190101,,50000.0,0.0,50000.0,Medium,,50000.0,Unknown,"Operational risk event: Execution, delivery & process management caused by Process in Asset management located in Beijing,Tibet, Lhasa."
2403,RISK-0011,2.0,20190101,,500000.0,0.0,500000.0,High,,500000.0,Unknown,"Operational risk event: Clients, products & business practices caused by People in Asset management located in Henan, Zhengzhou,Luoyang."
2404,RISK-0011,2.0,20190101,,500000.0,0.0,500000.0,High,,500000.0,Unknown,"Operational risk event: Clients, products & business practices caused by People in Asset management located in Henan, Zhengzhou."
2405,RISK-0016,3.0,20181201,,198000.0,0.0,198000.0,Medium,,198000.0,Unknown,"Operational risk event: Clients, products & business practices caused by Process in Commercial banking located in Beijing, Huangshi."
2406,RISK-0057,2.0,20181201,,250000.0,0.0,250000.0,High,,250000.0,Unknown,"Operational risk event: Clients, products & business practices caused by Process in Asset management located in Beijing, Unknown city."
2407,RISK-0045,2.0,20190101,,200000.0,0.0,200000.0,Medium,,200000.0,Unknown,"Operational risk event: Execution, delivery & process management caused by Process in Asset management located in Beijing, Baise."
2408,RISK-0070,6.0,20181201,,500000.0,0.0,500000.0,High,,500000.0,Unknown,"Operational risk event: Clients, products & business practices caused by People in Payment and settlement located in Beijing,Henan, Unknown city."
2409,RISK-0045,2.0,20190101,,500000.0,0.0,500000.0,High,,500000.0,Unknown,"Operational risk event: Execution, delivery & process management caused by Process in Asset management located in Henan, Zhengzhou."
2410,RISK-0011,2.0,20190101,,500000.0,0.0,500000.0,High,,500000.0,Unknown,"Operational risk event: Clients, products & business practices caused by People in Asset management located in Henan, Zhengzhou."
2411,RISK-0076,3.0,20190101,,500000.0,0.0,500000.0,High,,500000.0,Unknown,"Operational risk event: Clients, products & business practices caused by People in Commercial banking located in Henan, Zhengzhou."
2412,RISK-0011,2.0,20190101,,400000.0,0.0,400000.0,High,,400000.0,Unknown,"Operational risk event: Clients, products & business practices caused by People in Asset management located in Henan, Unknown city."
2413,RISK-0011,2.0,20190101,,450000.0,0.0,450000.0,High,,450000.0,Unknown,"Operational risk event: Clients, products & business practices caused by People in Asset management located in Henan, Wenzhou."
2414,RISK-0031,2.0,20190101,,800000.0,0.0,800000.0,High,,800000.0,Unknown,"Operational risk event: Internal fraud caused by People in Asset management located in Henan, Zhengzhou."
2415,RISK-0031,2.0,20190101,,250000.0,0.0,250000.0,High,,250000.0,Unknown,"Operational risk event: Internal fraud caused by People in Asset management located in Henan, Jiaozuo."
2416,RISK-0045,2.0,20181201,,200000.0,0.0,200000.0,Medium,,200000.0,Unknown,"Operational risk event: Execution, delivery & process management caused by Process in Asset management located in Henan, Zhengzhou."
2417,RISK-0045,2.0,20181201,,300000.0,0.0,300000.0,High,,300000.0,Unknown,"Operational risk event: Execution, delivery & process management caused by Process in Asset management located in Beijing,Hubei, Unknown city."
2418,RISK-0057,2.0,20181201,,1000000.0,0.0,1000000.0,Critical,,1000000.0,Unknown,"Operational risk event: Clients, products & business practices caused by Process in Asset management located in Beijing,Hubei, Unknown city."
2419,RISK-0011,2.0,20181201,,200000.0,0.0,200000.0,Medium,,200000.0,Unknown,"Operational risk event: Clients, products & business practices caused by People in Asset management located in Henan, Zhumadian."
2420,RISK-0003,6.0,20181201,,200000.0,0.0,200000.0,Medium,,200000.0,Unknown,"Operational risk event: Internal fraud caused by People in Payment and settlement located in Henan, Jiaozuo."
2421,RISK-0080,5.0,20181201,,200000.0,0.0,200000.0,Medium,,200000.0,Unknown,"Operational risk event: Employment practices and workplace safety caused by People in No business line located in Henan, Jiaozuo,Yangjiang."
2422,RISK-0065,6.0,20181201,,500000.0,0.0,500000.0,High,,500000.0,Unknown,"Operational risk event: Clients, products & business practices caused by Process in Payment and settlement located in Henan, Zhengzhou."
2423,RISK-0045,2.0,20181201,,100000.0,0.0,100000.0,Medium,,100000.0,Unknown,"Operational risk event: Execution, delivery & process management caused by Process in Asset management located in Anhui, Unknown city."
2424,RISK-0045,2.0,20181201,,100000.0,0.0,100000.0,Medium,,100000.0,Unknown,"Operational risk event: Execution, delivery & process management caused by Process in Asset management located in Unknown province, Unknown city."
2425,RISK-0011,2.0,20181201,,200000.0,0.0,200000.0,Medium,,200000.0,Unknown,"Operational risk event: Clients, products & business practices caused by People in Asset management located in Henan, Nanyang."
2426,RISK-0070,6.0,20181201,,200000.0,0.0,200000.0,Medium,,200000.0,Unknown,"Operational risk event: Clients, products & business practices caused by People in Payment and settlement located in Henan, Nanyang."
2427,RISK-0011,2.0,20181201,,200000.0,0.0,200000.0,Medium,,200000.0,Unknown,"Operational risk event: Clients, products & business practices caused by People in Asset management located in Unknown province, Unknown city."
2428,RISK-0031,2.0,20181201,,95798.0,0.0,95798.0,Medium,,95798.0,Unknown,"Operational risk event: Internal fraud caused by People in Asset management located in Anhui, Unknown city."
2429,RISK-0045,2.0,20181201,,200000.0,0.0,200000.0,Medium,,200000.0,Unknown,"Operational risk event: Execution, delivery & process management caused by Process in Asset management located in Unknown province, Ulanqab."
2430,RISK-0080,5.0,20181201,,1500000.0,0.0,1500000.0,Critical,,1500000.0,Unknown,"Operational risk event: Employment practices and workplace safety caused by People in No business line located in Beijing,Jilin, Jilin."
2431,RISK-0031,2.0,20171101,,300000.0,0.0,300000.0,High,,300000.0,Unknown,"Operational risk event: Internal fraud caused by People in Asset management located in Unknown province, Handan."
2432,RISK-0031,2.0,20171101,,300000.0,0.0,300000.0,High,,300000.0,Unknown,"Operational risk event: Internal fraud caused by People in Asset management located in Unknown province, Unknown city."
2433,RISK-0031,2.0,20171101,,300000.0,0.0,300000.0,High,,300000.0,Unknown,"Operational risk event: Internal fraud caused by People in Asset management located in Unknown province, Unknown city."
2434,RISK-0031,2.0,20171101,,300000.0,0.0,300000.0,High,,300000.0,Unknown,"Operational risk event: Internal fraud caused by People in Asset management located in Unknown province, Unknown city."
2435,RISK-0031,2.0,20171101,,300000.0,0.0,300000.0,High,,300000.0,Unknown,"Operational risk event: Internal fraud caused by People in Asset management located in Unknown province, Unknown city."
2436,RISK-0070,6.0,20181201,,500000.0,0.0,500000.0,High,,500000.0,Unknown,"Operational risk event: Clients, products & business practices caused by People in Payment and settlement located in Henan, Nanyang,Luoyang."
2437,RISK-0045,2.0,20181201,,250000.0,0.0,250000.0,High,,250000.0,Unknown,"Operational risk event: Execution, delivery & process management caused by Process in Asset management located in Zhejiang, Lishui."
2438,RISK-0065,6.0,20181201,,250000.0,0.0,250000.0,High,,250000.0,Unknown,"Operational risk event: Clients, products & business practices caused by Process in Payment and settlement located in Hubei, Unknown city."
2439,RISK-0045,2.0,20181201,,400000.0,0.0,400000.0,High,,400000.0,Unknown,"Operational risk event: Execution, delivery & process management caused by Process in Asset management located in Unknown province, Unknown city."
2440,RISK-0045,2.0,20181201,,300000.0,0.0,300000.0,High,,300000.0,Unknown,"Operational risk event: Execution, delivery & process management caused by Process in Asset management located in Zhejiang, Lishui."
2441,RISK-0011,2.0,20181201,,50000.0,0.0,50000.0,Medium,,50000.0,Unknown,"Operational risk event: Clients, products & business practices caused by People in Asset management located in Hebei, Shijiazhuang."
2442,RISK-0086,5.0,20181201,,200000.0,0.0,200000.0,Medium,,200000.0,Unknown,"Operational risk event: Execution, delivery & process management caused by Process in No business line located in Hebei, Unknown city."
2443,RISK-0071,2.0,20181201,,1500000.0,0.0,1500000.0,Critical,,1500000.0,Unknown,"Operational risk event: Execution, delivery & process management caused by People in Asset management located in Hebei, Unknown city."
2444,RISK-0057,2.0,20181201,,80000.0,0.0,80000.0,Medium,,80000.0,Unknown,"Operational risk event: Clients, products & business practices caused by Process in Asset management located in Hebei, Unknown city."
2445,RISK-0031,2.0,20181201,,750000.0,0.0,750000.0,High,,750000.0,Unknown,"Operational risk event: Internal fraud caused by People in Asset management located in Zhejiang, Lishui."
2446,RISK-0011,2.0,20181201,,300000.0,0.0,300000.0,High,,300000.0,Unknown,"Operational risk event: Clients, products & business practices caused by People in Asset management located in Unknown province, Shuozhou."
2447,RISK-0011,2.0,20181201,,300000.0,0.0,300000.0,High,,300000.0,Unknown,"Operational risk event: Clients, products & business practices caused by People in Asset management located in Unknown province, Shuozhou."
2448,RISK-0011,2.0,20181201,,450000.0,0.0,450000.0,High,,450000.0,Unknown,"Operational risk event: Clients, products & business practices caused by People in Asset management located in Henan, Unknown city."
2449,RISK-0011,2.0,20181201,,300000.0,0.0,300000.0,High,,300000.0,Unknown,"Operational risk event: Clients, products & business practices caused by People in Asset management located in Henan, Nanyang."
2450,RISK-0066,2.0,20181201,,550000.0,0.0,550000.0,High,,550000.0,Unknown,"Operational risk event: Internal fraud caused by Process in Asset management located in Zhejiang, Zhoushan."
2451,RISK-0045,2.0,20181201,,400000.0,0.0,400000.0,High,,400000.0,Unknown,"Operational risk event: Execution, delivery & process management caused by Process in Asset management located in Henan, Anyang."
2452,RISK-0011,2.0,20181201,,400000.0,0.0,400000.0,High,,400000.0,Unknown,"Operational risk event: Clients, products & business practices caused by People in Asset management located in Inner mongolia,Inner mongolia, Alxa."
2453,RISK-0070,6.0,20181201,,810815.0,0.0,810815.0,High,,810815.0,Unknown,"Operational risk event: Clients, products & business practices caused by People in Payment and settlement located in Jiangsu, Unknown city."
2454,RISK-0045,2.0,20181201,,1500000.0,0.0,1500000.0,Critical,,1500000.0,Unknown,"Operational risk event: Execution, delivery & process management caused by Process in Asset management located in Beijing,Henan, Unknown city."
2455,RISK-0045,2.0,20181201,,500000.0,0.0,500000.0,High,,500000.0,Unknown,"Operational risk event: Execution, delivery & process management caused by Process in Asset management located in Unknown province, Unknown city."
2456,RISK-0011,2.0,20181201,,200000.0,0.0,200000.0,Medium,,200000.0,Unknown,"Operational risk event: Clients, products & business practices caused by People in Asset management located in Guangxi, Chongzuo."
2457,RISK-0045,2.0,20181201,,250000.0,0.0,250000.0,High,,250000.0,Unknown,"Operational risk event: Execution, delivery & process management caused by Process in Asset management located in Beijing, Unknown city."
2458,RISK-0065,6.0,20181201,,1630000.0,0.0,1630000.0,Critical,,1630000.0,Unknown,"Operational risk event: Clients, products & business practices caused by Process in Payment and settlement located in Shanghai,Zhejiang,Chongqing, Taiyuan,Nanjing,Fuzhou,Sanming,Yantai."
2459,RISK-0065,6.0,20181201,,50000.0,0.0,50000.0,Medium,,50000.0,Unknown,"Operational risk event: Clients, products & business practices caused by Process in Payment and settlement located in Unknown province, Unknown city."
2460,RISK-0017,5.0,20180901,,500000.0,0.0,500000.0,High,,500000.0,Unknown,"Operational risk event: Clients, products & business practices caused by Process in No business line located in Unknown province, Unknown city."
2461,RISK-0057,2.0,20181201,,960000.0,0.0,960000.0,High,,960000.0,Unknown,"Operational risk event: Clients, products & business practices caused by Process in Asset management located in Unknown province, Unknown city."
2462,RISK-0057,2.0,20181201,,495000.0,0.0,495000.0,High,,495000.0,Unknown,"Operational risk event: Clients, products & business practices caused by Process in Asset management located in Beijing,Guizhou, Guiyang."
2463,RISK-0011,2.0,20181201,,50000.0,0.0,50000.0,Medium,,50000.0,Unknown,"Operational risk event: Clients, products & business practices caused by People in Asset management located in Hebei, Handan."
2464,RISK-0011,2.0,20181201,,200000.0,0.0,200000.0,Medium,,200000.0,Unknown,"Operational risk event: Clients, products & business practices caused by People in Asset management located in Shanghai, Handan."
2465,RISK-0011,2.0,20181201,,50000.0,0.0,50000.0,Medium,,50000.0,Unknown,"Operational risk event: Clients, products & business practices caused by People in Asset management located in Unknown province, Handan."
2466,RISK-0014,6.0,20181201,,30000.0,0.0,30000.0,Low,,30000.0,Unknown,"Operational risk event: Execution, delivery & process management caused by Process in Payment and settlement located in Beijing, Lanzhou,Linxia."
2467,RISK-0036,6.0,20181201,,70000.0,0.0,70000.0,Medium,,70000.0,Unknown,"Operational risk event: Internal fraud caused by Process in Payment and settlement located in Beijing,Jilin, Jilin,Changchun,Baicheng."
2468,RISK-0006,6.0,20181201,,10000.0,0.0,10000.0,Low,,10000.0,Unknown,"Operational risk event: Execution, delivery & process management caused by People in Payment and settlement located in Beijing, Changchun."
2469,RISK-0045,2.0,20181201,,250000.0,0.0,250000.0,High,,250000.0,Unknown,"Operational risk event: Execution, delivery & process management caused by Process in Asset management located in Unknown province, Mianyang."
2470,RISK-0045,2.0,20181201,,161000.0,0.0,161000.0,Medium,,161000.0,Unknown,"Operational risk event: Execution, delivery & process management caused by Process in Asset management located in Beijing, Taiyuan,Jincheng."
2471,RISK-0016,3.0,20181201,,900000.0,0.0,900000.0,High,,900000.0,Unknown,"Operational risk event: Clients, products & business practices caused by Process in Commercial banking located in Shanghai,Guizhou, Guiyang."
2472,RISK-0011,2.0,20181201,,300000.0,0.0,300000.0,High,,300000.0,Unknown,"Operational risk event: Clients, products & business practices caused by People in Asset management located in Unknown province, Unknown city."
2473,RISK-0045,2.0,20181201,,300000.0,0.0,300000.0,High,,300000.0,Unknown,"Operational risk event: Execution, delivery & process management caused by Process in Asset management located in Unknown province, Unknown city."
2474,RISK-0045,2.0,20181201,,300000.0,0.0,300000.0,High,,300000.0,Unknown,"Operational risk event: Execution, delivery & process management caused by Process in Asset management located in Beijing, Qiqihar."
2475,RISK-0065,6.0,20181201,,588300.0,0.0,588300.0,High,,588300.0,Unknown,"Operational risk event: Clients, products & business practices caused by Process in Payment and settlement located in Chongqing, Unknown city."
2476,RISK-0045,2.0,20181101,,500000.0,0.0,500000.0,High,,500000.0,Unknown,"Operational risk event: Execution, delivery & process management caused by Process in Asset management located in Unknown province, Unknown city."
2477,RISK-0011,2.0,20181201,,55500000.0,0.0,55500000.0,Critical,,55500000.0,Unknown,"Operational risk event: Clients, products & business practices caused by People in Asset management located in Unknown province, Unknown city."
2478,RISK-0011,2.0,20181201,,33600000.0,0.0,33600000.0,Critical,,33600000.0,Unknown,"Operational risk event: Clients, products & business practices caused by People in Asset management located in Unknown province, Unknown city."
2479,RISK-0011,2.0,20181201,,25300000.0,0.0,25300000.0,Critical,,25300000.0,Unknown,"Operational risk event: Clients, products & business practices caused by People in Asset management located in Unknown province, Unknown city."
2480,RISK-0011,2.0,20181201,,22800000.0,0.0,22800000.0,Critical,,22800000.0,Unknown,"Operational risk event: Clients, products & business practices caused by People in Asset management located in Unknown province, Unknown city."
2481,RISK-0065,6.0,20150701,,3073000.0,0.0,3073000.0,Critical,,3073000.0,Unknown,"Operational risk event: Clients, products & business practices caused by Process in Payment and settlement located in Unknown province, Dalian,Xiamen."
2482,RISK-0003,6.0,20150901,,2800000.0,0.0,2800000.0,Critical,,2800000.0,Unknown,"Operational risk event: Internal fraud caused by People in Payment and settlement located in Unknown province, Unknown city."
2483,RISK-0003,6.0,20151201,,800000.0,0.0,800000.0,High,,800000.0,Unknown,"Operational risk event: Internal fraud caused by People in Payment and settlement located in Unknown province, Unknown city."
2484,RISK-0070,6.0,20160201,,500000.0,0.0,500000.0,High,,500000.0,Unknown,"Operational risk event: Clients, products & business practices caused by People in Payment and settlement located in Unknown province, Unknown city."
2485,RISK-0011,2.0,20181101,,400000.0,0.0,400000.0,High,,400000.0,Unknown,"Operational risk event: Clients, products & business practices caused by People in Asset management located in Anhui, Wuhu."
2486,RISK-0013,7.0,20181101,,85000.0,0.0,85000.0,Medium,,85000.0,Unknown,"Operational risk event: Execution, delivery & process management caused by Process in Retail banking located in Sichuan, Chengdu."
2487,RISK-0045,2.0,20181101,,450000.0,0.0,450000.0,High,,450000.0,Unknown,"Operational risk event: Execution, delivery & process management caused by Process in Asset management located in Unknown province, Langfang."
2488,RISK-0057,2.0,20181101,,350000.0,0.0,350000.0,High,,350000.0,Unknown,"Operational risk event: Clients, products & business practices caused by Process in Asset management located in Beijing, Ningbo."
2489,RISK-0031,2.0,20181101,,700000.0,0.0,700000.0,High,,700000.0,Unknown,"Operational risk event: Internal fraud caused by People in Asset management located in Liaoning, Unknown city."
2490,RISK-0031,2.0,20181101,,500000.0,0.0,500000.0,High,,500000.0,Unknown,"Operational risk event: Internal fraud caused by People in Asset management located in Unknown province, Unknown city."
2491,RISK-0031,2.0,20181101,,700000.0,0.0,700000.0,High,,700000.0,Unknown,"Operational risk event: Internal fraud caused by People in Asset management located in Beijing, Shaoxing."
2492,RISK-0031,2.0,20181101,,800000.0,0.0,800000.0,High,,800000.0,Unknown,"Operational risk event: Internal fraud caused by People in Asset management located in Shanghai,Guangdong, Shenzhen."
2493,RISK-0071,2.0,20181101,,1592000.0,0.0,1592000.0,Critical,,1592000.0,Unknown,"Operational risk event: Execution, delivery & process management caused by People in Asset management located in Unknown province, Unknown city."
2494,RISK-0045,2.0,20181101,,300000.0,0.0,300000.0,High,,300000.0,Unknown,"Operational risk event: Execution, delivery & process management caused by Process in Asset management located in Xinjiang, Bortala."
2495,RISK-0045,2.0,20181101,,200000.0,0.0,200000.0,Medium,,200000.0,Unknown,"Operational risk event: Execution, delivery & process management caused by Process in Asset management located in Xinjiang, Unknown city."
2496,RISK-0057,2.0,20181101,,200000.0,0.0,200000.0,Medium,,200000.0,Unknown,"Operational risk event: Clients, products & business practices caused by Process in Asset management located in Anhui, Unknown city."
2497,RISK-0071,2.0,20181101,,250000.0,0.0,250000.0,High,,250000.0,Unknown,"Operational risk event: Execution, delivery & process management caused by People in Asset management located in Anhui, Lu'an."
2498,RISK-0057,2.0,20181101,,400000.0,0.0,400000.0,High,,400000.0,Unknown,"Operational risk event: Clients, products & business practices caused by Process in Asset management located in Unknown province, Dalian."
2499,RISK-0045,2.0,20181101,,250000.0,0.0,250000.0,High,,250000.0,Unknown,"Operational risk event: Execution, delivery & process management caused by Process in Asset management located in Beijing, Xuzhou."
2500,RISK-0031,2.0,20181101,,500000.0,0.0,500000.0,High,,500000.0,Unknown,"Operational risk event: Internal fraud caused by People in Asset management located in Guizhou, Zunyi."
2501,RISK-0003,6.0,20181101,,800000.0,0.0,800000.0,High,,800000.0,Unknown,"Operational risk event: Internal fraud caused by People in Payment and settlement located in Guizhou, Qiannan."
2502,RISK-0009,7.0,20181101,,900000.0,0.0,900000.0,High,,900000.0,Unknown,"Operational risk event: Execution, delivery & process management caused by People in Retail banking located in Jiangsu, Wuxi."
2503,RISK-0058,9.0,20181001,,800000.0,0.0,800000.0,High,,800000.0,Unknown,"Operational risk event: Clients, products & business practices caused by Process in Trading & sales located in Unknown province, Shenzhen."
2504,RISK-0045,2.0,20181001,,50000.0,0.0,50000.0,Medium,,50000.0,Unknown,"Operational risk event: Execution, delivery & process management caused by Process in Asset management located in Beijing, Wuhu."
2505,RISK-0045,2.0,20181001,,60000.0,0.0,60000.0,Medium,,60000.0,Unknown,"Operational risk event: Execution, delivery & process management caused by Process in Asset management located in Beijing, Wuhu."
2506,RISK-0037,1.0,20181001,,800000.0,0.0,800000.0,High,,800000.0,Unknown,"Operational risk event: Execution, delivery & process management caused by Process in Agency services located in Zhejiang, Shaoxing."
2507,RISK-0045,2.0,20181001,,1350000.0,0.0,1350000.0,Critical,,1350000.0,Unknown,"Operational risk event: Execution, delivery & process management caused by Process in Asset management located in Unknown province, Ningbo,Shaoxing."
2508,RISK-0057,2.0,20181001,,300000.0,0.0,300000.0,High,,300000.0,Unknown,"Operational risk event: Clients, products & business practices caused by Process in Asset management located in Jilin, Jilin,Baicheng."
2509,RISK-0045,2.0,20181001,,300000.0,0.0,300000.0,High,,300000.0,Unknown,"Operational risk event: Execution, delivery & process management caused by Process in Asset management located in Unknown province, Tonghua."
2510,RISK-0045,2.0,20181001,,750000.0,0.0,750000.0,High,,750000.0,Unknown,"Operational risk event: Execution, delivery & process management caused by Process in Asset management located in Unknown province, Shaoxing,Yan'an."
2511,RISK-0031,2.0,20181001,,300000.0,0.0,300000.0,High,,300000.0,Unknown,"Operational risk event: Internal fraud caused by People in Asset management located in Tibet, Lhasa."
2512,RISK-0071,2.0,20181001,,3600000.0,0.0,3600000.0,Critical,,3600000.0,Unknown,"Operational risk event: Execution, delivery & process management caused by People in Asset management located in Hainan, Unknown city."
2513,RISK-0071,2.0,20181001,,500000.0,0.0,500000.0,High,,500000.0,Unknown,"Operational risk event: Execution, delivery & process management caused by People in Asset management located in Tibet, Lhasa."
2514,RISK-0071,2.0,20181001,,500000.0,0.0,500000.0,High,,500000.0,Unknown,"Operational risk event: Execution, delivery & process management caused by People in Asset management located in Tibet, Lhasa."
2515,RISK-0071,2.0,20181001,,700000.0,0.0,700000.0,High,,700000.0,Unknown,"Operational risk event: Execution, delivery & process management caused by People in Asset management located in Beijing,Tibet, Lhasa."
2516,RISK-0014,6.0,20181001,,200000.0,0.0,200000.0,Medium,,200000.0,Unknown,"Operational risk event: Execution, delivery & process management caused by Process in Payment and settlement located in Tibet, Lhasa."
2517,RISK-0057,2.0,20181001,,1000000.0,0.0,1000000.0,Critical,,1000000.0,Unknown,"Operational risk event: Clients, products & business practices caused by Process in Asset management located in Hainan, Wenchang."
2518,RISK-0057,2.0,20181001,,300000.0,0.0,300000.0,High,,300000.0,Unknown,"Operational risk event: Clients, products & business practices caused by Process in Asset management located in Hainan, Qionghai,Dongfang,Danzhou,Lingao."
2519,RISK-0057,2.0,20181001,,300000.0,0.0,300000.0,High,,300000.0,Unknown,"Operational risk event: Clients, products & business practices caused by Process in Asset management located in Unknown province, Unknown city."
2520,RISK-0057,2.0,20181001,,300000.0,0.0,300000.0,High,,300000.0,Unknown,"Operational risk event: Clients, products & business practices caused by Process in Asset management located in Unknown province, Unknown city."
2521,RISK-0057,2.0,20181001,,300000.0,0.0,300000.0,High,,300000.0,Unknown,"Operational risk event: Clients, products & business practices caused by Process in Asset management located in Unknown province, Unknown city."
2522,RISK-0057,2.0,20181001,,300000.0,0.0,300000.0,High,,300000.0,Unknown,"Operational risk event: Clients, products & business practices caused by Process in Asset management located in Unknown province, Unknown city."
2523,RISK-0057,2.0,20181001,,300000.0,0.0,300000.0,High,,300000.0,Unknown,"Operational risk event: Clients, products & business practices caused by Process in Asset management located in Unknown province, Unknown city."
2524,RISK-0071,2.0,20181001,,200000.0,0.0,200000.0,Medium,,200000.0,Unknown,"Operational risk event: Execution, delivery & process management caused by People in Asset management located in Beijing, Anshan."
2525,RISK-0045,2.0,20181001,,100000.0,0.0,100000.0,Medium,,100000.0,Unknown,"Operational risk event: Execution, delivery & process management caused by Process in Asset management located in Shanghai,Anhui, Unknown city."
2526,RISK-0065,6.0,20181001,,500000.0,0.0,500000.0,High,,500000.0,Unknown,"Operational risk event: Clients, products & business practices caused by Process in Payment and settlement located in Beijing, Bengbu."
2527,RISK-0057,2.0,20181001,,200000.0,0.0,200000.0,Medium,,200000.0,Unknown,"Operational risk event: Clients, products & business practices caused by Process in Asset management located in Unknown province, Linfen."
2528,RISK-0063,9.0,20181001,,340000.0,0.0,340000.0,High,,340000.0,Unknown,"Operational risk event: Clients, products & business practices caused by People in Trading & sales located in Shanghai, Unknown city."
2529,RISK-0045,2.0,20181001,,10000.0,0.0,10000.0,Low,,10000.0,Unknown,"Operational risk event: Execution, delivery & process management caused by Process in Asset management located in Beijing, Unknown city."
2530,RISK-0045,2.0,20181001,,1000000.0,0.0,1000000.0,Critical,,1000000.0,Unknown,"Operational risk event: Execution, delivery & process management caused by Process in Asset management located in Hebei, Tangshan."
2531,RISK-0045,2.0,20181001,,300000.0,0.0,300000.0,High,,300000.0,Unknown,"Operational risk event: Execution, delivery & process management caused by Process in Asset management located in Beijing, Liuzhou."
2532,RISK-0070,6.0,20181001,,250000.0,0.0,250000.0,High,,250000.0,Unknown,"Operational risk event: Clients, products & business practices caused by People in Payment and settlement located in Beijing, Unknown city."
2533,RISK-0045,2.0,20180901,,300000.0,0.0,300000.0,High,,300000.0,Unknown,"Operational risk event: Execution, delivery & process management caused by Process in Asset management located in Unknown province, Huaibei."
2534,RISK-0057,2.0,20181001,,500000.0,0.0,500000.0,High,,500000.0,Unknown,"Operational risk event: Clients, products & business practices caused by Process in Asset management located in Liaoning, Dalian,Zhongshan."
2535,RISK-0045,2.0,20180901,,350000.0,0.0,350000.0,High,,350000.0,Unknown,"Operational risk event: Execution, delivery & process management caused by Process in Asset management located in Zhejiang, Jinhua."
2536,RISK-0045,2.0,20181001,,3100000.0,0.0,3100000.0,Critical,,3100000.0,Unknown,"Operational risk event: Execution, delivery & process management caused by Process in Asset management located in Beijing,Zhejiang, Taizhou."
2537,RISK-0086,5.0,20180901,,200000.0,0.0,200000.0,Medium,,200000.0,Unknown,"Operational risk event: Execution, delivery & process management caused by Process in No business line located in Unknown province, Hulun buir."
2538,RISK-0086,5.0,20180901,,400000.0,0.0,400000.0,High,,400000.0,Unknown,"Operational risk event: Execution, delivery & process management caused by Process in No business line located in Inner mongolia,Inner mongolia, Bayannur."
2539,RISK-0057,2.0,20180901,,800000.0,0.0,800000.0,High,,800000.0,Unknown,"Operational risk event: Clients, products & business practices caused by Process in Asset management located in Henan, Zhumadian."
2540,RISK-0057,2.0,20181001,,300000.0,0.0,300000.0,High,,300000.0,Unknown,"Operational risk event: Clients, products & business practices caused by Process in Asset management located in Shanxi, Jincheng."
2541,RISK-0045,2.0,20181001,,200000.0,0.0,200000.0,Medium,,200000.0,Unknown,"Operational risk event: Execution, delivery & process management caused by Process in Asset management located in Shanxi, Unknown city."
2542,RISK-0003,6.0,20180901,,300000.0,0.0,300000.0,High,,300000.0,Unknown,"Operational risk event: Internal fraud caused by People in Payment and settlement located in Unknown province, Unknown city."
2543,RISK-0031,2.0,20180901,,200000.0,0.0,200000.0,Medium,,200000.0,Unknown,"Operational risk event: Internal fraud caused by People in Asset management located in Unknown province, Unknown city."
2544,RISK-0057,2.0,20180901,,300000.0,0.0,300000.0,High,,300000.0,Unknown,"Operational risk event: Clients, products & business practices caused by Process in Asset management located in Unknown province, Unknown city."
2545,RISK-0004,7.0,20180901,,200000.0,0.0,200000.0,Medium,,200000.0,Unknown,"Operational risk event: Clients, products & business practices caused by People in Retail banking located in Unknown province, Unknown city."
2546,RISK-0066,2.0,20180901,,400000.0,0.0,400000.0,High,,400000.0,Unknown,"Operational risk event: Internal fraud caused by Process in Asset management located in Unknown province, Unknown city."
2547,RISK-0034,5.0,20180901,,150000.0,0.0,150000.0,Medium,,150000.0,Unknown,"Operational risk event: Employment practices and workplace safety caused by Process in No business line located in Unknown province, Unknown city."
2548,RISK-0057,2.0,20180901,,300000.0,0.0,300000.0,High,,300000.0,Unknown,"Operational risk event: Clients, products & business practices caused by Process in Asset management located in Beijing, Unknown city."
2549,RISK-0057,2.0,20180901,,200000.0,0.0,200000.0,Medium,,200000.0,Unknown,"Operational risk event: Clients, products & business practices caused by Process in Asset management located in Beijing,Shanxi, Yuncheng."
2550,RISK-0031,2.0,20180301,,30000.0,0.0,30000.0,Low,,30000.0,Unknown,"Operational risk event: Internal fraud caused by People in Asset management located in Anhui,Sichuan, Ningbo,Shenzhen,Chengdu,Mianyang,Guangyuan,Yibin."
2551,RISK-0031,2.0,20180301,,10000.0,0.0,10000.0,Low,,10000.0,Unknown,"Operational risk event: Internal fraud caused by People in Asset management located in Unknown province, Unknown city."
2552,RISK-0086,5.0,20180901,,500000.0,0.0,500000.0,High,,500000.0,Unknown,"Operational risk event: Execution, delivery & process management caused by Process in No business line located in Tianjin,Hunan, Taiyuan,Dalian,Jinan,Zibo,Weifang,Weihai."
2553,RISK-0057,2.0,20180901,,500000.0,0.0,500000.0,High,,500000.0,Unknown,"Operational risk event: Clients, products & business practices caused by Process in Asset management located in Xinjiang, Unknown city."
2554,RISK-0031,2.0,20180901,,450000.0,0.0,450000.0,High,,450000.0,Unknown,"Operational risk event: Internal fraud caused by People in Asset management located in Xinjiang, Shihezi."
2555,RISK-0045,2.0,20180901,,260000.0,0.0,260000.0,High,,260000.0,Unknown,"Operational risk event: Execution, delivery & process management caused by Process in Asset management located in Tianjin,Henan,Macao, Suzhou,Wuxi,Changzhou,Zhenjiang,Fuzhou,Jinan,Weifang,Zhengzhou,Shenzhen."
2556,RISK-0057,2.0,20180801,,300000.0,0.0,300000.0,High,,300000.0,Unknown,"Operational risk event: Clients, products & business practices caused by Process in Asset management located in Henan, Xuchang."
2557,RISK-0065,6.0,20180801,,200000.0,0.0,200000.0,Medium,,200000.0,Unknown,"Operational risk event: Clients, products & business practices caused by Process in Payment and settlement located in Jiangxi, Wenzhou."
2558,RISK-0057,2.0,20180801,,2000000.0,0.0,2000000.0,Critical,,2000000.0,Unknown,"Operational risk event: Clients, products & business practices caused by Process in Asset management located in Henan, Luoyang."
2559,RISK-0031,2.0,,,300000.0,0.0,300000.0,High,,300000.0,Unknown,"Operational risk event: Internal fraud caused by People in Asset management located in Unknown province, Unknown city."
2560,RISK-0058,9.0,20180801,,220000.0,0.0,220000.0,Medium,,220000.0,Unknown,"Operational risk event: Clients, products & business practices caused by Process in Trading & sales located in Inner mongolia,Inner mongolia, Hohhot."
2561,RISK-0045,2.0,20180901,,400000.0,0.0,400000.0,High,,400000.0,Unknown,"Operational risk event: Execution, delivery & process management caused by Process in Asset management located in Unknown province, Guigang."
2562,RISK-0045,2.0,20180901,,450000.0,0.0,450000.0,High,,450000.0,Unknown,"Operational risk event: Execution, delivery & process management caused by Process in Asset management located in Guangxi, Guigang."
2563,RISK-0045,2.0,20180801,,200000.0,0.0,200000.0,Medium,,200000.0,Unknown,"Operational risk event: Execution, delivery & process management caused by Process in Asset management located in Guangxi, Unknown city."
2564,RISK-0045,2.0,20180801,,80000.0,0.0,80000.0,Medium,,80000.0,Unknown,"Operational risk event: Execution, delivery & process management caused by Process in Asset management located in Henan, Luoyang."
2565,RISK-0057,2.0,20180901,,500000.0,0.0,500000.0,High,,500000.0,Unknown,"Operational risk event: Clients, products & business practices caused by Process in Asset management located in Beijing,Xinjiang, Changji."
2566,RISK-0045,2.0,20180901,,600000.0,0.0,600000.0,High,,600000.0,Unknown,"Operational risk event: Execution, delivery & process management caused by Process in Asset management located in Beijing,Guizhou, Zunyi."
2567,RISK-0045,2.0,20180901,,1600000.0,0.0,1600000.0,Critical,,1600000.0,Unknown,"Operational risk event: Execution, delivery & process management caused by Process in Asset management located in Hainan, Shenzhen,Sanya."
2568,RISK-0031,2.0,,,500000.0,0.0,500000.0,High,,500000.0,Unknown,"Operational risk event: Internal fraud caused by People in Asset management located in Sichuan, Shenzhen,Nanchong."
2569,RISK-0031,2.0,20180901,,300000.0,0.0,300000.0,High,,300000.0,Unknown,"Operational risk event: Internal fraud caused by People in Asset management located in Jilin,Henan, Jilin."
2570,RISK-0045,2.0,20180901,,2000000.0,0.0,2000000.0,Critical,,2000000.0,Unknown,"Operational risk event: Execution, delivery & process management caused by Process in Asset management located in Henan, Zhengzhou,Luoyang."
2571,RISK-0057,2.0,20180901,,250000.0,0.0,250000.0,High,,250000.0,Unknown,"Operational risk event: Clients, products & business practices caused by Process in Asset management located in Inner mongolia,Inner mongolia, Ordos."
2572,RISK-0057,2.0,20180901,,200000.0,0.0,200000.0,Medium,,200000.0,Unknown,"Operational risk event: Clients, products & business practices caused by Process in Asset management located in Unknown province, Unknown city."
2573,RISK-0031,2.0,20180801,,1000000.0,0.0,1000000.0,Critical,,1000000.0,Unknown,"Operational risk event: Internal fraud caused by People in Asset management located in Unknown province, Nantong,Shenzhen."
2574,RISK-0031,2.0,20180801,,250000.0,0.0,250000.0,High,,250000.0,Unknown,"Operational risk event: Internal fraud caused by People in Asset management located in Unknown province, Xinzhou."
2575,RISK-0031,2.0,20180801,,400000.0,0.0,400000.0,High,,400000.0,Unknown,"Operational risk event: Internal fraud caused by People in Asset management located in Unknown province, Xinzhou."
2576,RISK-0031,2.0,20180801,,450000.0,0.0,450000.0,High,,450000.0,Unknown,"Operational risk event: Internal fraud caused by People in Asset management located in Inner mongolia,Inner mongolia, Ordos."
2577,RISK-0031,2.0,20180801,,200000.0,0.0,200000.0,Medium,,200000.0,Unknown,"Operational risk event: Internal fraud caused by People in Asset management located in Anhui, Suzhou,Chengdu,Liangshan."
2578,RISK-0031,2.0,20180901,,200000.0,0.0,200000.0,Medium,,200000.0,Unknown,"Operational risk event: Internal fraud caused by People in Asset management located in Unknown province, Unknown city."
2579,RISK-0016,3.0,20180801,,250000.0,0.0,250000.0,High,,250000.0,Unknown,"Operational risk event: Clients, products & business practices caused by Process in Commercial banking located in Shandong, Unknown city."
2580,RISK-0003,6.0,20180801,,350000.0,0.0,350000.0,High,,350000.0,Unknown,"Operational risk event: Internal fraud caused by People in Payment and settlement located in Unknown province, Jining."
2581,RISK-0045,2.0,20180801,,800000.0,0.0,800000.0,High,,800000.0,Unknown,"Operational risk event: Execution, delivery & process management caused by Process in Asset management located in Unknown province, Zibo."
2582,RISK-0045,2.0,20180801,,500000.0,0.0,500000.0,High,,500000.0,Unknown,"Operational risk event: Execution, delivery & process management caused by Process in Asset management located in Beijing,Henan, Zhengzhou."
2583,RISK-0045,2.0,20180801,,32499.0,0.0,32499.0,Low,,32499.0,Unknown,"Operational risk event: Execution, delivery & process management caused by Process in Asset management located in Guangxi, Zhengzhou,Luohe,Shenzhen,Nanning."
2584,RISK-0045,2.0,20180801,,290000.0,0.0,290000.0,High,,290000.0,Unknown,"Operational risk event: Execution, delivery & process management caused by Process in Asset management located in Unknown province, Yueyang,Ziyang."
2585,RISK-0057,2.0,20180801,,500000.0,0.0,500000.0,High,,500000.0,Unknown,"Operational risk event: Clients, products & business practices caused by Process in Asset management located in Beijing,Henan, Zhengzhou."
2586,RISK-0087,5.0,20180801,,6000000.0,0.0,6000000.0,Critical,,6000000.0,Unknown,"Operational risk event: Execution, delivery & process management caused by People in No business line located in Beijing,Sichuan, Unknown city."
2587,RISK-0045,2.0,20180801,,500000.0,0.0,500000.0,High,,500000.0,Unknown,"Operational risk event: Execution, delivery & process management caused by Process in Asset management located in Henan, Zhengzhou."
2588,RISK-0057,2.0,20180801,,850000.0,0.0,850000.0,High,,850000.0,Unknown,"Operational risk event: Clients, products & business practices caused by Process in Asset management located in Zhejiang, Lishui."
2589,RISK-0031,2.0,20180801,,300000.0,0.0,300000.0,High,,300000.0,Unknown,"Operational risk event: Internal fraud caused by People in Asset management located in Beijing,Jiangxi, Unknown city."
2590,RISK-0031,2.0,20180801,,300000.0,0.0,300000.0,High,,300000.0,Unknown,"Operational risk event: Internal fraud caused by People in Asset management located in Beijing,Jiangxi, Nanchang."
2591,RISK-0031,2.0,20180801,,300000.0,0.0,300000.0,High,,300000.0,Unknown,"Operational risk event: Internal fraud caused by People in Asset management located in Beijing,Jiangxi, Unknown city."
2592,RISK-0045,2.0,20180801,,300000.0,0.0,300000.0,High,,300000.0,Unknown,"Operational risk event: Execution, delivery & process management caused by Process in Asset management located in Unknown province, Ulanqab."
2593,RISK-0045,2.0,20180801,,200000.0,0.0,200000.0,Medium,,200000.0,Unknown,"Operational risk event: Execution, delivery & process management caused by Process in Asset management located in Inner mongolia,Inner mongolia, Ulanqab."
2594,RISK-0070,6.0,20180801,,500000.0,0.0,500000.0,High,,500000.0,Unknown,"Operational risk event: Clients, products & business practices caused by People in Payment and settlement located in Beijing,Henan, Unknown city."
2595,RISK-0057,2.0,20180801,,300000.0,0.0,300000.0,High,,300000.0,Unknown,"Operational risk event: Clients, products & business practices caused by Process in Asset management located in Unknown province, Unknown city."
2596,RISK-0045,2.0,20180801,,300000.0,0.0,300000.0,High,,300000.0,Unknown,"Operational risk event: Execution, delivery & process management caused by Process in Asset management located in Beijing,Jiangsu, Changzhou."
2597,RISK-0045,2.0,20180801,,500000.0,0.0,500000.0,High,,500000.0,Unknown,"Operational risk event: Execution, delivery & process management caused by Process in Asset management located in Beijing,Heilongjiang, Jiamusi."
2598,RISK-0057,2.0,20180801,,300000.0,0.0,300000.0,High,,300000.0,Unknown,"Operational risk event: Clients, products & business practices caused by Process in Asset management located in Beijing, Jiamusi."
2599,RISK-0071,2.0,20180801,,450000.0,0.0,450000.0,High,,450000.0,Unknown,"Operational risk event: Execution, delivery & process management caused by People in Asset management located in Beijing,Jilin, Jilin,Changchun,Tonghua."
2600,RISK-0045,2.0,20180801,,300000.0,0.0,300000.0,High,,300000.0,Unknown,"Operational risk event: Execution, delivery & process management caused by Process in Asset management located in Beijing,Jilin, Jilin,Tonghua."
2601,RISK-0045,2.0,20180801,,400000.0,0.0,400000.0,High,,400000.0,Unknown,"Operational risk event: Execution, delivery & process management caused by Process in Asset management located in Unknown province, Tongliao."
2602,RISK-0045,2.0,20180801,,900000.0,0.0,900000.0,High,,900000.0,Unknown,"Operational risk event: Execution, delivery & process management caused by Process in Asset management located in Chongqing, Shenzhen."
2603,RISK-0016,3.0,20180801,,300000.0,0.0,300000.0,High,,300000.0,Unknown,"Operational risk event: Clients, products & business practices caused by Process in Commercial banking located in Unknown province, Unknown city."
2604,RISK-0057,2.0,20180801,,500000.0,0.0,500000.0,High,,500000.0,Unknown,"Operational risk event: Clients, products & business practices caused by Process in Asset management located in Unknown province, Unknown city."
2605,RISK-0057,2.0,20180801,,400000.0,0.0,400000.0,High,,400000.0,Unknown,"Operational risk event: Clients, products & business practices caused by Process in Asset management located in Unknown province, Unknown city."
2606,RISK-0018,3.0,20180801,,700000.0,0.0,700000.0,High,,700000.0,Unknown,"Operational risk event: Execution, delivery & process management caused by Process in Commercial banking located in Unknown province, Unknown city."
2607,RISK-0065,6.0,20180801,,500000.0,0.0,500000.0,High,,500000.0,Unknown,"Operational risk event: Clients, products & business practices caused by Process in Payment and settlement located in Beijing,Henan, Xinxiang."
2608,RISK-0045,2.0,20180701,,500000.0,0.0,500000.0,High,,500000.0,Unknown,"Operational risk event: Execution, delivery & process management caused by Process in Asset management located in Unknown province, Guangyuan."
2609,RISK-0071,2.0,20180701,,200000.0,0.0,200000.0,Medium,,200000.0,Unknown,"Operational risk event: Execution, delivery & process management caused by People in Asset management located in Beijing,Sichuan, Nanchong."
2610,RISK-0058,9.0,20180701,,2500000.0,0.0,2500000.0,Critical,,2500000.0,Unknown,"Operational risk event: Clients, products & business practices caused by Process in Trading & sales located in Henan, Zhoukou."
2611,RISK-0071,2.0,20180801,,200000.0,0.0,200000.0,Medium,,200000.0,Unknown,"Operational risk event: Execution, delivery & process management caused by People in Asset management located in Sichuan, Nanchong."
2612,RISK-0085,4.0,20180601,,1000000.0,0.0,1000000.0,Critical,,1000000.0,Unknown,"Operational risk event: Execution, delivery & process management caused by Process in Corporate finance located in Heilongjiang,Henan,Hubei, Heihe,Taian,Zhoukou."
2613,RISK-0058,9.0,20180701,,1500000.0,0.0,1500000.0,Critical,,1500000.0,Unknown,"Operational risk event: Clients, products & business practices caused by Process in Trading & sales located in Unknown province, Unknown city."
2614,RISK-0071,2.0,20180701,,800000.0,0.0,800000.0,High,,800000.0,Unknown,"Operational risk event: Execution, delivery & process management caused by People in Asset management located in Hubei, Unknown city."
2615,RISK-0016,3.0,20180701,,100000.0,0.0,100000.0,Medium,,100000.0,Unknown,"Operational risk event: Clients, products & business practices caused by Process in Commercial banking located in Hubei, Unknown city."
2616,RISK-0045,2.0,20180701,,200000.0,0.0,200000.0,Medium,,200000.0,Unknown,"Operational risk event: Execution, delivery & process management caused by Process in Asset management located in Jilin, Jilin,Changchun."
2617,RISK-0045,2.0,20180701,,2700000.0,0.0,2700000.0,Critical,,2700000.0,Unknown,"Operational risk event: Execution, delivery & process management caused by Process in Asset management located in Beijing,Tianjin, Unknown city."
2618,RISK-0011,2.0,20180701,,1000000.0,0.0,1000000.0,Critical,,1000000.0,Unknown,"Operational risk event: Clients, products & business practices caused by People in Asset management located in Henan, Unknown city."
2619,RISK-0031,2.0,20180701,,500000.0,0.0,500000.0,High,,500000.0,Unknown,"Operational risk event: Internal fraud caused by People in Asset management located in Shanghai, Unknown city."
2620,RISK-0045,2.0,20180701,,500000.0,0.0,500000.0,High,,500000.0,Unknown,"Operational risk event: Execution, delivery & process management caused by Process in Asset management located in Unknown province, Unknown city."
2621,RISK-0009,7.0,20180701,,800000.0,0.0,800000.0,High,,800000.0,Unknown,"Operational risk event: Execution, delivery & process management caused by People in Retail banking located in Beijing, Unknown city."
2622,RISK-0057,2.0,20180701,,1000000.0,0.0,1000000.0,Critical,,1000000.0,Unknown,"Operational risk event: Clients, products & business practices caused by Process in Asset management located in Jilin, Jilin,Changchun."
2623,RISK-0045,2.0,20180701,,200000.0,0.0,200000.0,Medium,,200000.0,Unknown,"Operational risk event: Execution, delivery & process management caused by Process in Asset management located in Jilin, Jilin,Changchun."
2624,RISK-0057,2.0,20180701,,356900.0,0.0,356900.0,High,,356900.0,Unknown,"Operational risk event: Clients, products & business practices caused by Process in Asset management located in Guangxi, Shenzhen,Chongzuo,Xining."
2625,RISK-0057,2.0,20180701,,5381.0,0.0,5381.0,Low,,5381.0,Unknown,"Operational risk event: Clients, products & business practices caused by Process in Asset management located in Unknown province, Unknown city."
2626,RISK-0057,2.0,20180701,,66558.0,0.0,66558.0,Medium,,66558.0,Unknown,"Operational risk event: Clients, products & business practices caused by Process in Asset management located in Unknown province, Unknown city."
2627,RISK-0003,6.0,20180701,,500000.0,0.0,500000.0,High,,500000.0,Unknown,"Operational risk event: Internal fraud caused by People in Payment and settlement located in Unknown province, Datong."
2628,RISK-0057,2.0,20180501,,1000000.0,0.0,1000000.0,Critical,,1000000.0,Unknown,"Operational risk event: Clients, products & business practices caused by Process in Asset management located in Shandong, Zibo."
2629,RISK-0045,2.0,20180601,,350000.0,0.0,350000.0,High,,350000.0,Unknown,"Operational risk event: Execution, delivery & process management caused by Process in Asset management located in Unknown province, Zibo."
2630,RISK-0065,6.0,20180601,,10000.0,0.0,10000.0,Low,,10000.0,Unknown,"Operational risk event: Clients, products & business practices caused by Process in Payment and settlement located in Beijing, Xi'an."
2631,RISK-0057,2.0,20180601,,300000.0,0.0,300000.0,High,,300000.0,Unknown,"Operational risk event: Clients, products & business practices caused by Process in Asset management located in Unknown province, Unknown city."
2632,RISK-0045,2.0,20180601,,500000.0,0.0,500000.0,High,,500000.0,Unknown,"Operational risk event: Execution, delivery & process management caused by Process in Asset management located in Beijing,Jilin, Jilin."
2633,RISK-0031,2.0,20180601,,500000.0,0.0,500000.0,High,,500000.0,Unknown,"Operational risk event: Internal fraud caused by People in Asset management located in Unknown province, Qingdao."
2634,RISK-0045,2.0,20180601,,500000.0,0.0,500000.0,High,,500000.0,Unknown,"Operational risk event: Execution, delivery & process management caused by Process in Asset management located in Unknown province, Qingdao."
2635,RISK-0031,2.0,20180701,,300000.0,0.0,300000.0,High,,300000.0,Unknown,"Operational risk event: Internal fraud caused by People in Asset management located in Unknown province, Cangzhou."
2636,RISK-0057,2.0,20180701,,200000.0,0.0,200000.0,Medium,,200000.0,Unknown,"Operational risk event: Clients, products & business practices caused by Process in Asset management located in Unknown province, Cangzhou."
2637,RISK-0057,2.0,20180701,,450000.0,0.0,450000.0,High,,450000.0,Unknown,"Operational risk event: Clients, products & business practices caused by Process in Asset management located in Unknown province, Huzhou."
2638,RISK-0031,2.0,20180701,,300000.0,0.0,300000.0,High,,300000.0,Unknown,"Operational risk event: Internal fraud caused by People in Asset management located in Zhejiang, Huzhou."
2639,RISK-0057,2.0,20180701,,250000.0,0.0,250000.0,High,,250000.0,Unknown,"Operational risk event: Clients, products & business practices caused by Process in Asset management located in Unknown province, Langfang."
2640,RISK-0011,2.0,20180701,,950000.0,0.0,950000.0,High,,950000.0,Unknown,"Operational risk event: Clients, products & business practices caused by People in Asset management located in Unknown province, Zhoushan."
2641,RISK-0031,2.0,20180701,,450000.0,0.0,450000.0,High,,450000.0,Unknown,"Operational risk event: Internal fraud caused by People in Asset management located in Unknown province, Huzhou."
2642,RISK-0031,2.0,20180701,,500000.0,0.0,500000.0,High,,500000.0,Unknown,"Operational risk event: Internal fraud caused by People in Asset management located in Beijing, Qingdao."
2643,RISK-0066,2.0,20180701,,300000.0,0.0,300000.0,High,,300000.0,Unknown,"Operational risk event: Internal fraud caused by Process in Asset management located in Unknown province, Unknown city."
2644,RISK-0065,6.0,20180701,,250000.0,0.0,250000.0,High,,250000.0,Unknown,"Operational risk event: Clients, products & business practices caused by Process in Payment and settlement located in Unknown province, Langfang."
2645,RISK-0045,2.0,20180701,,500000.0,0.0,500000.0,High,,500000.0,Unknown,"Operational risk event: Execution, delivery & process management caused by Process in Asset management located in Unknown province, Qingdao."
2646,RISK-0065,6.0,20180701,,30000.0,0.0,30000.0,Low,,30000.0,Unknown,"Operational risk event: Clients, products & business practices caused by Process in Payment and settlement located in Beijing,Tianjin, Unknown city."
2647,RISK-0045,2.0,20180701,,200000.0,0.0,200000.0,Medium,,200000.0,Unknown,"Operational risk event: Execution, delivery & process management caused by Process in Asset management located in Beijing, Nanchang,Ganzhou,Pingxiang."
2648,RISK-0014,6.0,20180701,,300000.0,0.0,300000.0,High,,300000.0,Unknown,"Operational risk event: Execution, delivery & process management caused by Process in Payment and settlement located in Anhui, Unknown city."
2649,RISK-0061,2.0,20180701,,200000.0,0.0,200000.0,Medium,,200000.0,Unknown,"Operational risk event: Clients, products & business practices caused by External event in Asset management located in Anhui, Unknown city."
2650,RISK-0057,2.0,20180701,,100000.0,0.0,100000.0,Medium,,100000.0,Unknown,"Operational risk event: Clients, products & business practices caused by Process in Asset management located in Beijing, Jinan."
2651,RISK-0057,2.0,20180701,,20000.0,0.0,20000.0,Low,,20000.0,Unknown,"Operational risk event: Clients, products & business practices caused by Process in Asset management located in Beijing, Jinan,Weihai."
2652,RISK-0045,2.0,20180701,,450000.0,0.0,450000.0,High,,450000.0,Unknown,"Operational risk event: Execution, delivery & process management caused by Process in Asset management located in Beijing,Yunnan, Kunming."
2653,RISK-0071,2.0,20180701,,250000.0,0.0,250000.0,High,,250000.0,Unknown,"Operational risk event: Execution, delivery & process management caused by People in Asset management located in Unknown province, Unknown city."
2654,RISK-0045,2.0,20180701,,450000.0,0.0,450000.0,High,,450000.0,Unknown,"Operational risk event: Execution, delivery & process management caused by Process in Asset management located in Yunnan, Kunming."
2655,RISK-0031,2.0,20180701,,250000.0,0.0,250000.0,High,,250000.0,Unknown,"Operational risk event: Internal fraud caused by People in Asset management located in Yunnan, Wenshan."
2656,RISK-0057,2.0,20180701,,300000.0,0.0,300000.0,High,,300000.0,Unknown,"Operational risk event: Clients, products & business practices caused by Process in Asset management located in Yunnan, Unknown city."
2657,RISK-0057,2.0,20180701,,200000.0,0.0,200000.0,Medium,,200000.0,Unknown,"Operational risk event: Clients, products & business practices caused by Process in Asset management located in Beijing, Chengdu,Guang'an."
2658,RISK-0065,6.0,20180701,,80000.0,0.0,80000.0,Medium,,80000.0,Unknown,"Operational risk event: Clients, products & business practices caused by Process in Payment and settlement located in Beijing, Jinan."
2659,RISK-0057,2.0,20151101,,2000000.0,0.0,2000000.0,Critical,,2000000.0,Unknown,"Operational risk event: Clients, products & business practices caused by Process in Asset management located in Beijing,Tianjin,Hebei,Shanghai,Anhui,Shandong,Hunan,Guangdong,Sichuan, Dalian,Jinzhou,Nanjing,Hangzhou,Xiamen,Quanzhou,Putian,Qingdao,Shenzhen."
2660,RISK-0065,6.0,20160101,,6000000.0,0.0,6000000.0,Critical,,6000000.0,Unknown,"Operational risk event: Clients, products & business practices caused by Process in Payment and settlement located in Unknown province, Unknown city."
2661,RISK-0065,6.0,20160301,,1310000.0,0.0,1310000.0,Critical,,1310000.0,Unknown,"Operational risk event: Clients, products & business practices caused by Process in Payment and settlement located in Unknown province, Unknown city."
2662,RISK-0065,6.0,20170701,,840000.0,0.0,840000.0,High,,840000.0,Unknown,"Operational risk event: Clients, products & business practices caused by Process in Payment and settlement located in Unknown province, Unknown city."
2663,RISK-0070,6.0,20150901,,529800.0,0.0,529800.0,High,,529800.0,Unknown,"Operational risk event: Clients, products & business practices caused by People in Payment and settlement located in Unknown province, Unknown city."
2664,RISK-0065,6.0,20160901,,400000.0,0.0,400000.0,High,,400000.0,Unknown,"Operational risk event: Clients, products & business practices caused by Process in Payment and settlement located in Unknown province, Unknown city."
2665,RISK-0014,6.0,20140801,,22400000.0,0.0,22400000.0,Critical,,22400000.0,Unknown,"Operational risk event: Execution, delivery & process management caused by Process in Payment and settlement located in Unknown province, Unknown city."
2666,RISK-0014,6.0,20150501,,2958000.0,0.0,2958000.0,Critical,,2958000.0,Unknown,"Operational risk event: Execution, delivery & process management caused by Process in Payment and settlement located in Unknown province, Unknown city."
2667,RISK-0003,6.0,20150601,,2800000.0,0.0,2800000.0,Critical,,2800000.0,Unknown,"Operational risk event: Internal fraud caused by People in Payment and settlement located in Unknown province, Unknown city."
2668,RISK-0018,3.0,20160101,,7402500.0,0.0,7402500.0,Critical,,7402500.0,Unknown,"Operational risk event: Execution, delivery & process management caused by Process in Commercial banking located in Unknown province, Unknown city."
2669,RISK-0065,6.0,20160101,,700000.0,0.0,700000.0,High,,700000.0,Unknown,"Operational risk event: Clients, products & business practices caused by Process in Payment and settlement located in Unknown province, Unknown city."
2670,RISK-0014,6.0,20171001,,430000.0,0.0,430000.0,High,,430000.0,Unknown,"Operational risk event: Execution, delivery & process management caused by Process in Payment and settlement located in Unknown province, Unknown city."
2671,RISK-0045,2.0,20180701,,2000000.0,0.0,2000000.0,Critical,,2000000.0,Unknown,"Operational risk event: Execution, delivery & process management caused by Process in Asset management located in Beijing,Henan, Luoyang."
2672,RISK-0031,2.0,20180701,,950000.0,0.0,950000.0,High,,950000.0,Unknown,"Operational risk event: Internal fraud caused by People in Asset management located in Shanghai,Zhejiang, Wenzhou,Hangzhou."
2673,RISK-0045,2.0,20180701,,500000.0,0.0,500000.0,High,,500000.0,Unknown,"Operational risk event: Execution, delivery & process management caused by Process in Asset management located in Beijing,Jilin, Jilin,Changchun."
2674,RISK-0031,2.0,20180701,,350000.0,0.0,350000.0,High,,350000.0,Unknown,"Operational risk event: Internal fraud caused by People in Asset management located in Beijing,Shanghai, Lishui."
2675,RISK-0058,9.0,20180701,,7000000.0,0.0,7000000.0,Critical,,7000000.0,Unknown,"Operational risk event: Clients, products & business practices caused by Process in Trading & sales located in Beijing,Heilongjiang, Unknown city."
2676,RISK-0058,9.0,20180701,,10000000.0,0.0,10000000.0,Critical,,10000000.0,Unknown,"Operational risk event: Clients, products & business practices caused by Process in Trading & sales located in Beijing, Unknown city."
2677,RISK-0058,9.0,20180701,,6000000.0,0.0,6000000.0,Critical,,6000000.0,Unknown,"Operational risk event: Clients, products & business practices caused by Process in Trading & sales located in Beijing,Heilongjiang, Unknown city."
2678,RISK-0057,2.0,20180701,,1000000.0,0.0,1000000.0,Critical,,1000000.0,Unknown,"Operational risk event: Clients, products & business practices caused by Process in Asset management located in Henan, Zhoukou."
2679,RISK-0045,2.0,20180701,,1000000.0,0.0,1000000.0,Critical,,1000000.0,Unknown,"Operational risk event: Execution, delivery & process management caused by Process in Asset management located in Unknown province, Benxi."
2680,RISK-0089,2.0,20180701,,250000.0,0.0,250000.0,High,,250000.0,Unknown,"Operational risk event: Execution, delivery & process management caused by External event in Asset management located in Shaanxi, Xi'an."
2681,RISK-0065,6.0,20180701,,350000.0,0.0,350000.0,High,,350000.0,Unknown,"Operational risk event: Clients, products & business practices caused by Process in Payment and settlement located in Shaanxi, Kunming,Xi'an."
2682,RISK-0057,2.0,20180701,,400000.0,0.0,400000.0,High,,400000.0,Unknown,"Operational risk event: Clients, products & business practices caused by Process in Asset management located in Tianjin, Unknown city."
2683,RISK-0001,3.0,20180701,,500000.0,0.0,500000.0,High,,500000.0,Unknown,"Operational risk event: Internal fraud caused by People in Commercial banking located in Beijing,Tianjin, Unknown city."
2684,RISK-0045,2.0,20180701,,500000.0,0.0,500000.0,High,,500000.0,Unknown,"Operational risk event: Execution, delivery & process management caused by Process in Asset management located in Beijing,Shanxi, Linfen."
2685,RISK-0045,2.0,20180601,,401000.0,0.0,401000.0,High,,401000.0,Unknown,"Operational risk event: Execution, delivery & process management caused by Process in Asset management located in Beijing, Jinan,Dezhou."
2686,RISK-0031,2.0,20180601,,750000.0,0.0,750000.0,High,,750000.0,Unknown,"Operational risk event: Internal fraud caused by People in Asset management located in Beijing,Zhejiang, Hangzhou."
2687,RISK-0031,2.0,20180601,,350000.0,0.0,350000.0,High,,350000.0,Unknown,"Operational risk event: Internal fraud caused by People in Asset management located in Beijing,Zhejiang, Hangzhou."
2688,RISK-0057,2.0,20180601,,950000.0,0.0,950000.0,High,,950000.0,Unknown,"Operational risk event: Clients, products & business practices caused by Process in Asset management located in Beijing,Zhejiang, Wenzhou,Hangzhou."
2689,RISK-0045,2.0,20180601,,60000.0,0.0,60000.0,Medium,,60000.0,Unknown,"Operational risk event: Execution, delivery & process management caused by Process in Asset management located in Beijing,Shanghai, Dalian."
2690,RISK-0058,9.0,20180601,,80000.0,0.0,80000.0,Medium,,80000.0,Unknown,"Operational risk event: Clients, products & business practices caused by Process in Trading & sales located in Beijing,Anhui, Unknown city."
2691,RISK-0045,2.0,20180601,,700000.0,0.0,700000.0,High,,700000.0,Unknown,"Operational risk event: Execution, delivery & process management caused by Process in Asset management located in Hebei,Shanxi, Unknown city."
2692,RISK-0034,5.0,20180601,,200000.0,0.0,200000.0,Medium,,200000.0,Unknown,"Operational risk event: Employment practices and workplace safety caused by Process in No business line located in Unknown province, Ningbo."
2693,RISK-0057,2.0,20180601,,550000.0,0.0,550000.0,High,,550000.0,Unknown,"Operational risk event: Clients, products & business practices caused by Process in Asset management located in Unknown province, Ningbo."
2694,RISK-0045,2.0,20180601,,400000.0,0.0,400000.0,High,,400000.0,Unknown,"Operational risk event: Execution, delivery & process management caused by Process in Asset management located in Unknown province, Ningbo."
2695,RISK-0065,6.0,20180601,,300000.0,0.0,300000.0,High,,300000.0,Unknown,"Operational risk event: Clients, products & business practices caused by Process in Payment and settlement located in Jilin, Jilin."
2696,RISK-0045,2.0,20180601,,400000.0,0.0,400000.0,High,,400000.0,Unknown,"Operational risk event: Execution, delivery & process management caused by Process in Asset management located in Beijing, Ningbo."
2697,RISK-0045,2.0,20180601,,200000.0,0.0,200000.0,Medium,,200000.0,Unknown,"Operational risk event: Execution, delivery & process management caused by Process in Asset management located in Beijing, Ningbo."
2698,RISK-0063,9.0,20180501,,350000.0,0.0,350000.0,High,,350000.0,Unknown,"Operational risk event: Clients, products & business practices caused by People in Trading & sales located in Unknown province, Unknown city."
2699,RISK-0058,9.0,20180601,,300000.0,0.0,300000.0,High,,300000.0,Unknown,"Operational risk event: Clients, products & business practices caused by Process in Trading & sales located in Shanxi, Unknown city."
2700,RISK-0045,2.0,20180501,,350000.0,0.0,350000.0,High,,350000.0,Unknown,"Operational risk event: Execution, delivery & process management caused by Process in Asset management located in Unknown province, Unknown city."
2701,RISK-0058,9.0,20180601,,500000.0,0.0,500000.0,High,,500000.0,Unknown,"Operational risk event: Clients, products & business practices caused by Process in Trading & sales located in Henan, Zhengzhou."
2702,RISK-0090,6.0,20180601,,500000.0,0.0,500000.0,High,,500000.0,Unknown,"Operational risk event: Execution, delivery & process management caused by External event in Payment and settlement located in Beijing,Shanghai,Henan, Zhengzhou."
2703,RISK-0013,7.0,20180601,,15000.0,0.0,15000.0,Low,,15000.0,Unknown,"Operational risk event: Execution, delivery & process management caused by Process in Retail banking located in Unknown province, Taiyuan."
2704,RISK-0045,2.0,20180601,,14000.0,0.0,14000.0,Low,,14000.0,Unknown,"Operational risk event: Execution, delivery & process management caused by Process in Asset management located in Shanxi, Taiyuan."
2705,RISK-0086,5.0,20180601,,1300000.0,0.0,1300000.0,Critical,,1300000.0,Unknown,"Operational risk event: Execution, delivery & process management caused by Process in No business line located in Liaoning, Benxi."
2706,RISK-0008,9.0,20180601,,500000.0,0.0,500000.0,High,,500000.0,Unknown,"Operational risk event: Internal fraud caused by People in Trading & sales located in Beijing,Shanghai,Henan, Zhengzhou."
2707,RISK-0045,2.0,20180601,,200000.0,0.0,200000.0,Medium,,200000.0,Unknown,"Operational risk event: Execution, delivery & process management caused by Process in Asset management located in Unknown province, Yuncheng."
2708,RISK-0045,2.0,20180601,,300000.0,0.0,300000.0,High,,300000.0,Unknown,"Operational risk event: Execution, delivery & process management caused by Process in Asset management located in Unknown province, Hulun buir."
2709,RISK-0065,6.0,20180601,,230000.0,0.0,230000.0,Medium,,230000.0,Unknown,"Operational risk event: Clients, products & business practices caused by Process in Payment and settlement located in Unknown province, Xi'an."
2710,RISK-0065,6.0,20180601,,430000.0,0.0,430000.0,High,,430000.0,Unknown,"Operational risk event: Clients, products & business practices caused by Process in Payment and settlement located in Shaanxi, Xi'an."
2711,RISK-0045,2.0,20180501,,10817.000000000002,0.0,10817.000000000002,Low,,10817.000000000002,Unknown,"Operational risk event: Execution, delivery & process management caused by Process in Asset management located in Shandong, Jinan."
2712,RISK-0029,3.0,20180501,,500000.0,0.0,500000.0,High,,500000.0,Unknown,"Operational risk event: Execution, delivery & process management caused by People in Commercial banking located in Tianjin,Hubei, Jinan,Shenzhen."
2713,RISK-0031,2.0,20180501,,1000000.0,0.0,1000000.0,Critical,,1000000.0,Unknown,"Operational risk event: Internal fraud caused by People in Asset management located in Hubei, Unknown city."
2714,RISK-0045,2.0,20180501,,200000.0,0.0,200000.0,Medium,,200000.0,Unknown,"Operational risk event: Execution, delivery & process management caused by Process in Asset management located in Beijing,Shaanxi, Xi'an."
2715,RISK-0013,7.0,20180501,,200000.0,0.0,200000.0,Medium,,200000.0,Unknown,"Operational risk event: Execution, delivery & process management caused by Process in Retail banking located in Henan, Luoyang."
2716,RISK-0057,2.0,20180501,,1350000.0,0.0,1350000.0,Critical,,1350000.0,Unknown,"Operational risk event: Clients, products & business practices caused by Process in Asset management located in Unknown province, Jining."
2717,RISK-0031,2.0,20180501,,500000.0,0.0,500000.0,High,,500000.0,Unknown,"Operational risk event: Internal fraud caused by People in Asset management located in Unknown province, Unknown city."
2718,RISK-0045,2.0,20180501,,250000.0,0.0,250000.0,High,,250000.0,Unknown,"Operational risk event: Execution, delivery & process management caused by Process in Asset management located in Unknown province, Shiyan."
2719,RISK-0057,2.0,20180501,,500000.0,0.0,500000.0,High,,500000.0,Unknown,"Operational risk event: Clients, products & business practices caused by Process in Asset management located in Beijing,Jilin, Jilin."
2720,RISK-0005,7.0,20180501,,385000.0,0.0,385000.0,High,,385000.0,Unknown,"Operational risk event: Internal fraud caused by People in Retail banking located in Unknown province, Unknown city."
2721,RISK-0086,5.0,20180501,,200000.0,0.0,200000.0,Medium,,200000.0,Unknown,"Operational risk event: Execution, delivery & process management caused by Process in No business line located in Unknown province, Xinyang,Hechi."
2722,RISK-0045,2.0,20180501,,200000.0,0.0,200000.0,Medium,,200000.0,Unknown,"Operational risk event: Execution, delivery & process management caused by Process in Asset management located in Unknown province, Unknown city."
2723,RISK-0014,6.0,20180501,,85000.0,0.0,85000.0,Medium,,85000.0,Unknown,"Operational risk event: Execution, delivery & process management caused by Process in Payment and settlement located in Beijing,Hunan, Changsha."
2724,RISK-0014,6.0,20180501,,3600.0,0.0,3600.0,Low,,3600.0,Unknown,"Operational risk event: Execution, delivery & process management caused by Process in Payment and settlement located in Beijing, Fuzhou."
2725,RISK-0045,2.0,20180501,,300000.0,0.0,300000.0,High,,300000.0,Unknown,"Operational risk event: Execution, delivery & process management caused by Process in Asset management located in Unknown province, Xing'an league."
2726,RISK-0031,2.0,20180501,,750000.0,0.0,750000.0,High,,750000.0,Unknown,"Operational risk event: Internal fraud caused by People in Asset management located in Anhui, Hangzhou,Jiaxing."
2727,RISK-0057,2.0,20180501,,300000.0,0.0,300000.0,High,,300000.0,Unknown,"Operational risk event: Clients, products & business practices caused by Process in Asset management located in Beijing,Jilin, Jilin."
2728,RISK-0057,2.0,20180501,,250000.0,0.0,250000.0,High,,250000.0,Unknown,"Operational risk event: Clients, products & business practices caused by Process in Asset management located in Beijing, Wenzhou,Taizhou."
2729,RISK-0031,2.0,20180501,,2050000.0,0.0,2050000.0,Critical,,2050000.0,Unknown,"Operational risk event: Internal fraud caused by People in Asset management located in Beijing,Zhejiang, Hangzhou."
2730,RISK-0031,2.0,20180501,,750000.0,0.0,750000.0,High,,750000.0,Unknown,"Operational risk event: Internal fraud caused by People in Asset management located in Beijing, Hangzhou,Jiaxing."
2731,RISK-0045,2.0,20180501,,500000.0,0.0,500000.0,High,,500000.0,Unknown,"Operational risk event: Execution, delivery & process management caused by Process in Asset management located in Beijing, Shenzhen."
2732,RISK-0045,2.0,20180501,,80000.0,0.0,80000.0,Medium,,80000.0,Unknown,"Operational risk event: Execution, delivery & process management caused by Process in Asset management located in Beijing, Jinan,Yantai."
2733,RISK-0045,2.0,20180501,,58700000.0,0.0,58700000.0,Critical,,58700000.0,Unknown,"Operational risk event: Execution, delivery & process management caused by Process in Asset management located in Beijing, Unknown city."
2734,RISK-0045,2.0,20180501,,58559270.0,0.0,58559270.0,Critical,,58559270.0,Unknown,"Operational risk event: Execution, delivery & process management caused by Process in Asset management located in Beijing,Shanghai, Unknown city."
2735,RISK-0045,2.0,20180501,,65740240.0,0.0,65740240.0,Critical,,65740240.0,Unknown,"Operational risk event: Execution, delivery & process management caused by Process in Asset management located in Beijing, Unknown city."
2736,RISK-0045,2.0,20180501,,400000.0,0.0,400000.0,High,,400000.0,Unknown,"Operational risk event: Execution, delivery & process management caused by Process in Asset management located in Beijing, Guiyang."
2737,RISK-0021,5.0,20180401,,400000.0,0.0,400000.0,High,,400000.0,Unknown,"Operational risk event: Business disruption and system failures caused by System in No business line located in Beijing,Shanghai, Unknown city."
2738,RISK-0045,2.0,20180401,,500000.0,0.0,500000.0,High,,500000.0,Unknown,"Operational risk event: Execution, delivery & process management caused by Process in Asset management located in Beijing, Unknown city."
2739,RISK-0045,2.0,20180401,,1000000.0,0.0,1000000.0,Critical,,1000000.0,Unknown,"Operational risk event: Execution, delivery & process management caused by Process in Asset management located in Beijing,Shanghai, Unknown city."
2740,RISK-0058,9.0,20180301,,500000.0,0.0,500000.0,High,,500000.0,Unknown,"Operational risk event: Clients, products & business practices caused by Process in Trading & sales located in Beijing,Shanghai, Unknown city."
2741,RISK-0045,2.0,20180401,,300000.0,0.0,300000.0,High,,300000.0,Unknown,"Operational risk event: Execution, delivery & process management caused by Process in Asset management located in Beijing,Yunnan, Unknown city."
2742,RISK-0057,2.0,20170901,,500000.0,0.0,500000.0,High,,500000.0,Unknown,"Operational risk event: Clients, products & business practices caused by Process in Asset management located in Unknown province, Unknown city."
2743,RISK-0057,2.0,20170901,,300000.0,0.0,300000.0,High,,300000.0,Unknown,"Operational risk event: Clients, products & business practices caused by Process in Asset management located in Unknown province, Unknown city."
2744,RISK-0017,5.0,20180401,,70000.0,0.0,70000.0,Medium,,70000.0,Unknown,"Operational risk event: Clients, products & business practices caused by Process in No business line located in Beijing, Ningbo."
2745,RISK-0031,2.0,20180401,,50000.0,0.0,50000.0,Medium,,50000.0,Unknown,"Operational risk event: Internal fraud caused by People in Asset management located in Beijing,Hubei, Huangshi."
2746,RISK-0058,9.0,20180401,,80000.0,0.0,80000.0,Medium,,80000.0,Unknown,"Operational risk event: Clients, products & business practices caused by Process in Trading & sales located in Beijing,Anhui, Unknown city."
2747,RISK-0063,9.0,20180401,,200000.0,0.0,200000.0,Medium,,200000.0,Unknown,"Operational risk event: Clients, products & business practices caused by People in Trading & sales located in Beijing,Anhui, Unknown city."
2748,RISK-0057,2.0,20180401,,850000.0,0.0,850000.0,High,,850000.0,Unknown,"Operational risk event: Clients, products & business practices caused by Process in Asset management located in Beijing,Shanxi, Unknown city."
2749,RISK-0011,2.0,20180401,,200000.0,0.0,200000.0,Medium,,200000.0,Unknown,"Operational risk event: Clients, products & business practices caused by People in Asset management located in Beijing, Ulanqab."
2750,RISK-0045,2.0,20180301,,200000.0,0.0,200000.0,Medium,,200000.0,Unknown,"Operational risk event: Execution, delivery & process management caused by Process in Asset management located in Beijing,Shanghai, Taian."
2751,RISK-0057,2.0,20180301,,250000.0,0.0,250000.0,High,,250000.0,Unknown,"Operational risk event: Clients, products & business practices caused by Process in Asset management located in Unknown province, Unknown city."
2752,RISK-0031,2.0,20180301,,400000.0,0.0,400000.0,High,,400000.0,Unknown,"Operational risk event: Internal fraud caused by People in Asset management located in Beijing, Guilin."
2753,RISK-0057,2.0,20180301,,1751600.0,0.0,1751600.0,Critical,,1751600.0,Unknown,"Operational risk event: Clients, products & business practices caused by Process in Asset management located in Shanghai, Unknown city."
2754,RISK-0045,2.0,20180301,,500000.0,0.0,500000.0,High,,500000.0,Unknown,"Operational risk event: Execution, delivery & process management caused by Process in Asset management located in Beijing, Shenzhen."
2755,RISK-0045,2.0,20180301,,500000.0,0.0,500000.0,High,,500000.0,Unknown,"Operational risk event: Execution, delivery & process management caused by Process in Asset management located in Beijing, Fuxin."
2756,RISK-0070,6.0,20180301,,500000.0,0.0,500000.0,High,,500000.0,Unknown,"Operational risk event: Clients, products & business practices caused by People in Payment and settlement located in Henan, Zhengzhou."
2757,RISK-0065,6.0,20180301,,200000.0,0.0,200000.0,Medium,,200000.0,Unknown,"Operational risk event: Clients, products & business practices caused by Process in Payment and settlement located in Beijing,Henan, Unknown city."
2758,RISK-0011,2.0,20180301,,250000.0,0.0,250000.0,High,,250000.0,Unknown,"Operational risk event: Clients, products & business practices caused by People in Asset management located in Yunnan, Kunming."
2759,RISK-0011,2.0,20180301,,250000.0,0.0,250000.0,High,,250000.0,Unknown,"Operational risk event: Clients, products & business practices caused by People in Asset management located in Yunnan, Kunming."
2760,RISK-0045,2.0,20180301,,1000000.0,0.0,1000000.0,Critical,,1000000.0,Unknown,"Operational risk event: Execution, delivery & process management caused by Process in Asset management located in Beijing, Wenzhou."
2761,RISK-0057,2.0,20180301,,200000.0,0.0,200000.0,Medium,,200000.0,Unknown,"Operational risk event: Clients, products & business practices caused by Process in Asset management located in Zhejiang, Wenzhou."
2762,RISK-0045,2.0,20180301,,210000.0,0.0,210000.0,Medium,,210000.0,Unknown,"Operational risk event: Execution, delivery & process management caused by Process in Asset management located in Zhejiang, Unknown city."
2763,RISK-0057,2.0,20180301,,400000.0,0.0,400000.0,High,,400000.0,Unknown,"Operational risk event: Clients, products & business practices caused by Process in Asset management located in Zhejiang, Wenzhou."
2764,RISK-0045,2.0,20180301,,50000.0,0.0,50000.0,Medium,,50000.0,Unknown,"Operational risk event: Execution, delivery & process management caused by Process in Asset management located in Shanghai,Chongqing, Unknown city."
2765,RISK-0035,9.0,20180201,,500000.0,0.0,500000.0,High,,500000.0,Unknown,"Operational risk event: Execution, delivery & process management caused by Process in Trading & sales located in Beijing,Tianjin, Unknown city."
2766,RISK-0045,2.0,20180201,,300000.0,0.0,300000.0,High,,300000.0,Unknown,"Operational risk event: Execution, delivery & process management caused by Process in Asset management located in Beijing,Tianjin, Unknown city."
2767,RISK-0031,2.0,20180201,,200000.0,0.0,200000.0,Medium,,200000.0,Unknown,"Operational risk event: Internal fraud caused by People in Asset management located in Beijing,Tianjin, Unknown city."
2768,RISK-0011,2.0,20180201,,900000.0,0.0,900000.0,High,,900000.0,Unknown,"Operational risk event: Clients, products & business practices caused by People in Asset management located in Henan, Unknown city."
2769,RISK-0045,2.0,20180201,,10000.0,0.0,10000.0,Low,,10000.0,Unknown,"Operational risk event: Execution, delivery & process management caused by Process in Asset management located in Chongqing, Unknown city."
2770,RISK-0031,2.0,20180201,,300000.0,0.0,300000.0,High,,300000.0,Unknown,"Operational risk event: Internal fraud caused by People in Asset management located in Hongkong, Dalian,Harbin."
2771,RISK-0045,2.0,20180201,,200000.0,0.0,200000.0,Medium,,200000.0,Unknown,"Operational risk event: Execution, delivery & process management caused by Process in Asset management located in Unknown province, Unknown city."
2772,RISK-0045,2.0,20180101,,300000.0,0.0,300000.0,High,,300000.0,Unknown,"Operational risk event: Execution, delivery & process management caused by Process in Asset management located in Unknown province, Unknown city."
2773,RISK-0006,6.0,20180101,,300000.0,0.0,300000.0,High,,300000.0,Unknown,"Operational risk event: Execution, delivery & process management caused by People in Payment and settlement located in Beijing, Dalian."
2774,RISK-0066,2.0,20180101,,200000.0,0.0,200000.0,Medium,,200000.0,Unknown,"Operational risk event: Internal fraud caused by Process in Asset management located in Beijing, Dalian."
2775,RISK-0058,9.0,20180101,,200000.0,0.0,200000.0,Medium,,200000.0,Unknown,"Operational risk event: Clients, products & business practices caused by Process in Trading & sales located in Shanxi, Yuncheng."
2776,RISK-0011,2.0,20180101,,400000.0,0.0,400000.0,High,,400000.0,Unknown,"Operational risk event: Clients, products & business practices caused by People in Asset management located in Beijing,Henan, Shangqiu."
2777,RISK-0011,2.0,20180101,,32300000.0,0.0,32300000.0,Critical,,32300000.0,Unknown,"Operational risk event: Clients, products & business practices caused by People in Asset management located in Beijing,Hebei,Jiangsu,Hunan,Guangdong,Gansu, Handan,Nanjing,Zhenjiang,Shaoxing,Xiamen,Hengyang,Wenchang,Wuwei."
2778,RISK-0058,9.0,20180101,,4000000.0,0.0,4000000.0,Critical,,4000000.0,Unknown,"Operational risk event: Clients, products & business practices caused by Process in Trading & sales located in Guangdong, Unknown city."
2779,RISK-0035,9.0,20180101,,500000.0,0.0,500000.0,High,,500000.0,Unknown,"Operational risk event: Execution, delivery & process management caused by Process in Trading & sales located in Beijing,Shanghai, Unknown city."
2780,RISK-0045,2.0,20180101,,200000.0,0.0,200000.0,Medium,,200000.0,Unknown,"Operational risk event: Execution, delivery & process management caused by Process in Asset management located in Beijing,Zhejiang, Hangzhou."
2781,RISK-0057,2.0,20180101,,300000.0,0.0,300000.0,High,,300000.0,Unknown,"Operational risk event: Clients, products & business practices caused by Process in Asset management located in Beijing, Jiaxing."
2782,RISK-0045,2.0,20180101,,250000.0,0.0,250000.0,High,,250000.0,Unknown,"Operational risk event: Execution, delivery & process management caused by Process in Asset management located in Unknown province, Xiamen,Quanzhou."
2783,RISK-0031,2.0,20180101,,300000.0,0.0,300000.0,High,,300000.0,Unknown,"Operational risk event: Internal fraud caused by People in Asset management located in Beijing, Xiamen."
2784,RISK-0031,2.0,20180101,,900000.0,0.0,900000.0,High,,900000.0,Unknown,"Operational risk event: Internal fraud caused by People in Asset management located in Beijing, Xiamen,Ganzhou."
2785,RISK-0071,2.0,20180101,,900000.0,0.0,900000.0,High,,900000.0,Unknown,"Operational risk event: Execution, delivery & process management caused by People in Asset management located in Beijing, Xiamen."
2786,RISK-0045,2.0,20180101,,1500000.0,0.0,1500000.0,Critical,,1500000.0,Unknown,"Operational risk event: Execution, delivery & process management caused by Process in Asset management located in Beijing, Xiamen."
2787,RISK-0031,2.0,20180101,,250000.0,0.0,250000.0,High,,250000.0,Unknown,"Operational risk event: Internal fraud caused by People in Asset management located in Beijing, Xiamen."
2788,RISK-0071,2.0,20180101,,1750000.0,0.0,1750000.0,Critical,,1750000.0,Unknown,"Operational risk event: Execution, delivery & process management caused by People in Asset management located in Beijing, Xiamen."
2789,RISK-0031,2.0,20180101,,462000000.0,0.0,462000000.0,Critical,,462000000.0,Unknown,"Operational risk event: Internal fraud caused by People in Asset management located in Sichuan, Chengdu."
2790,RISK-0065,6.0,20180101,,200000.0,0.0,200000.0,Medium,,200000.0,Unknown,"Operational risk event: Clients, products & business practices caused by Process in Payment and settlement located in Unknown province, Wuzhong."
2791,RISK-0045,2.0,20171201,,300000.0,0.0,300000.0,High,,300000.0,Unknown,"Operational risk event: Execution, delivery & process management caused by Process in Asset management located in Unknown province, Unknown city."
2792,RISK-0066,2.0,20171201,,200000.0,0.0,200000.0,Medium,,200000.0,Unknown,"Operational risk event: Internal fraud caused by Process in Asset management located in Unknown province, Unknown city."
2793,RISK-0057,2.0,20171201,,350000.0,0.0,350000.0,High,,350000.0,Unknown,"Operational risk event: Clients, products & business practices caused by Process in Asset management located in Beijing,Hubei, Unknown city."
2794,RISK-0045,2.0,20171201,,200000.0,0.0,200000.0,Medium,,200000.0,Unknown,"Operational risk event: Execution, delivery & process management caused by Process in Asset management located in Beijing,Hubei, Unknown city."
2795,RISK-0011,2.0,20171201,,500000.0,0.0,500000.0,High,,500000.0,Unknown,"Operational risk event: Clients, products & business practices caused by People in Asset management located in Beijing,Hubei, Unknown city."
2796,RISK-0011,2.0,20171201,,500000.0,0.0,500000.0,High,,500000.0,Unknown,"Operational risk event: Clients, products & business practices caused by People in Asset management located in Beijing,Hubei, Unknown city."
2797,RISK-0011,2.0,20171201,,900000.0,0.0,900000.0,High,,900000.0,Unknown,"Operational risk event: Clients, products & business practices caused by People in Asset management located in Beijing, Ningbo."
2798,RISK-0071,2.0,20171201,,2550000.0,0.0,2550000.0,Critical,,2550000.0,Unknown,"Operational risk event: Execution, delivery & process management caused by People in Asset management located in Beijing,Shandong, Jinan."
2799,RISK-0011,2.0,20171201,,800000.0,0.0,800000.0,High,,800000.0,Unknown,"Operational risk event: Clients, products & business practices caused by People in Asset management located in Sichuan, Neijiang."
2800,RISK-0045,2.0,20171201,,200000.0,0.0,200000.0,Medium,,200000.0,Unknown,"Operational risk event: Execution, delivery & process management caused by Process in Asset management located in Beijing, Jinhua."
2801,RISK-0057,2.0,20171201,,200000.0,0.0,200000.0,Medium,,200000.0,Unknown,"Operational risk event: Clients, products & business practices caused by Process in Asset management located in Beijing, Jinhua."
2802,RISK-0011,2.0,20171201,,200000.0,0.0,200000.0,Medium,,200000.0,Unknown,"Operational risk event: Clients, products & business practices caused by People in Asset management located in Shanxi, Jinzhong."
2803,RISK-0002,5.0,20171201,,250000.0,0.0,250000.0,High,,250000.0,Unknown,"Operational risk event: Internal fraud caused by People in No business line located in Beijing,Jiangsu, Suzhou."
2804,RISK-0049,3.0,20171201,,400000.0,0.0,400000.0,High,,400000.0,Unknown,"Operational risk event: Internal fraud caused by Process in Commercial banking located in Beijing,Guangxi, Nanning."
2805,RISK-0031,2.0,20171201,,200000.0,0.0,200000.0,Medium,,200000.0,Unknown,"Operational risk event: Internal fraud caused by People in Asset management located in Unknown province, Tongliao."
2806,RISK-0045,2.0,20171201,,100000.0,0.0,100000.0,Medium,,100000.0,Unknown,"Operational risk event: Execution, delivery & process management caused by Process in Asset management located in Unknown province, Unknown city."
2807,RISK-0070,6.0,20171201,,200000.0,0.0,200000.0,Medium,,200000.0,Unknown,"Operational risk event: Clients, products & business practices caused by People in Payment and settlement located in Hubei, Jingzhou."
2808,RISK-0071,2.0,20171201,,100000.0,0.0,100000.0,Medium,,100000.0,Unknown,"Operational risk event: Execution, delivery & process management caused by People in Asset management located in Unknown province, Bortala."
2809,RISK-0045,2.0,20171201,,100000.0,0.0,100000.0,Medium,,100000.0,Unknown,"Operational risk event: Execution, delivery & process management caused by Process in Asset management located in Unknown province, Bortala."
2810,RISK-0086,5.0,20171201,,815000.0,0.0,815000.0,High,,815000.0,Unknown,"Operational risk event: Execution, delivery & process management caused by Process in No business line located in Beijing,Zhejiang, Hangzhou."
2811,RISK-0057,2.0,20171201,,200000.0,0.0,200000.0,Medium,,200000.0,Unknown,"Operational risk event: Clients, products & business practices caused by Process in Asset management located in Beijing, Nantong."
2812,RISK-0017,5.0,20171201,,30000.0,0.0,30000.0,Low,,30000.0,Unknown,"Operational risk event: Clients, products & business practices caused by Process in No business line located in Unknown province, Chengdu."
2813,RISK-0086,5.0,20171201,,300000.0,0.0,300000.0,High,,300000.0,Unknown,"Operational risk event: Execution, delivery & process management caused by Process in No business line located in Unknown province, Ordos,Xilin gol."
2814,RISK-0057,2.0,20171201,,900000.0,0.0,900000.0,High,,900000.0,Unknown,"Operational risk event: Clients, products & business practices caused by Process in Asset management located in Beijing, Shizuishan."
2815,RISK-0045,2.0,20171201,,300000.0,0.0,300000.0,High,,300000.0,Unknown,"Operational risk event: Execution, delivery & process management caused by Process in Asset management located in Beijing, Dalian."
2816,RISK-0058,9.0,20171201,,521000000.0,0.0,521000000.0,Critical,,521000000.0,Unknown,"Operational risk event: Clients, products & business practices caused by Process in Trading & sales located in Beijing, Unknown city."
2817,RISK-0057,2.0,20171201,,200000.0,0.0,200000.0,Medium,,200000.0,Unknown,"Operational risk event: Clients, products & business practices caused by Process in Asset management located in Jilin, Jilin,Changchun."
2818,RISK-0058,9.0,20171201,,500000.0,0.0,500000.0,High,,500000.0,Unknown,"Operational risk event: Clients, products & business practices caused by Process in Trading & sales located in Beijing, Huzhou."
2819,RISK-0011,2.0,20171201,,1400000.0,0.0,1400000.0,Critical,,1400000.0,Unknown,"Operational risk event: Clients, products & business practices caused by People in Asset management located in Beijing,Zhejiang, Hangzhou."
2820,RISK-0057,2.0,20171201,,300000.0,0.0,300000.0,High,,300000.0,Unknown,"Operational risk event: Clients, products & business practices caused by Process in Asset management located in Beijing, Suzhou."
2821,RISK-0086,5.0,20171201,,200000.0,0.0,200000.0,Medium,,200000.0,Unknown,"Operational risk event: Execution, delivery & process management caused by Process in No business line located in Beijing, Harbin."
2822,RISK-0058,9.0,20171201,,1050000.0,0.0,1050000.0,Critical,,1050000.0,Unknown,"Operational risk event: Clients, products & business practices caused by Process in Trading & sales located in Zhejiang, Jinhua."
2823,RISK-0058,9.0,20171201,,600000.0,0.0,600000.0,High,,600000.0,Unknown,"Operational risk event: Clients, products & business practices caused by Process in Trading & sales located in Beijing,Hebei, Langfang."
2824,RISK-0065,6.0,20171201,,24000.0,0.0,24000.0,Low,,24000.0,Unknown,"Operational risk event: Clients, products & business practices caused by Process in Payment and settlement located in Beijing, Tangshan."
2825,RISK-0086,5.0,20171201,,300000.0,0.0,300000.0,High,,300000.0,Unknown,"Operational risk event: Execution, delivery & process management caused by Process in No business line located in Unknown province, Unknown city."
2826,RISK-0086,5.0,20171201,,200000.0,0.0,200000.0,Medium,,200000.0,Unknown,"Operational risk event: Execution, delivery & process management caused by Process in No business line located in Unknown province, Unknown city."
2827,RISK-0031,2.0,20171101,,50000.0,0.0,50000.0,Medium,,50000.0,Unknown,"Operational risk event: Internal fraud caused by People in Asset management located in Unknown province, Unknown city."
2828,RISK-0045,2.0,20170901,,200000.0,0.0,200000.0,Medium,,200000.0,Unknown,"Operational risk event: Execution, delivery & process management caused by Process in Asset management located in Unknown province, Unknown city."
2829,RISK-0045,2.0,20170901,,100000.0,0.0,100000.0,Medium,,100000.0,Unknown,"Operational risk event: Execution, delivery & process management caused by Process in Asset management located in Unknown province, Unknown city."
2830,RISK-0057,2.0,20171201,,300000.0,0.0,300000.0,High,,300000.0,Unknown,"Operational risk event: Clients, products & business practices caused by Process in Asset management located in Jilin, Jilin."
2831,RISK-0011,2.0,20171101,,250000.0,0.0,250000.0,High,,250000.0,Unknown,"Operational risk event: Clients, products & business practices caused by People in Asset management located in Beijing,Hubei, Unknown city."
2832,RISK-0045,2.0,20171101,,500000.0,0.0,500000.0,High,,500000.0,Unknown,"Operational risk event: Execution, delivery & process management caused by Process in Asset management located in Beijing, Unknown city."
2833,RISK-0071,2.0,20171101,,200000.0,0.0,200000.0,Medium,,200000.0,Unknown,"Operational risk event: Execution, delivery & process management caused by People in Asset management located in Beijing, Unknown city."
2834,RISK-0063,9.0,20171101,,250000.0,0.0,250000.0,High,,250000.0,Unknown,"Operational risk event: Clients, products & business practices caused by People in Trading & sales located in Beijing,Hubei, Unknown city."
2835,RISK-0045,2.0,20171101,,250000.0,0.0,250000.0,High,,250000.0,Unknown,"Operational risk event: Execution, delivery & process management caused by Process in Asset management located in Beijing, Unknown city."
2836,RISK-0071,2.0,20171101,,250000.0,0.0,250000.0,High,,250000.0,Unknown,"Operational risk event: Execution, delivery & process management caused by People in Asset management located in Beijing, Unknown city."
2837,RISK-0011,2.0,20171101,,300000.0,0.0,300000.0,High,,300000.0,Unknown,"Operational risk event: Clients, products & business practices caused by People in Asset management located in Beijing,Jilin, Jilin."
2838,RISK-0031,2.0,20171201,,300000.0,0.0,300000.0,High,,300000.0,Unknown,"Operational risk event: Internal fraud caused by People in Asset management located in Beijing,Jilin, Jilin."
2839,RISK-0045,2.0,20171201,,300000.0,0.0,300000.0,High,,300000.0,Unknown,"Operational risk event: Execution, delivery & process management caused by Process in Asset management located in Hubei, Unknown city."
2840,RISK-0045,2.0,20171201,,400000.0,0.0,400000.0,High,,400000.0,Unknown,"Operational risk event: Execution, delivery & process management caused by Process in Asset management located in Hubei, Unknown city."
2841,RISK-0057,2.0,20171201,,900000.0,0.0,900000.0,High,,900000.0,Unknown,"Operational risk event: Clients, products & business practices caused by Process in Asset management located in Zhejiang, Hangzhou."
2842,RISK-0014,6.0,20171201,,77964.0,0.0,77964.0,Medium,,77964.0,Unknown,"Operational risk event: Execution, delivery & process management caused by Process in Payment and settlement located in Fujian, Putian."
2843,RISK-0011,2.0,20171101,,1700000.0,0.0,1700000.0,Critical,,1700000.0,Unknown,"Operational risk event: Clients, products & business practices caused by People in Asset management located in Beijing,Guangxi, Nanning."
2844,RISK-0011,2.0,20171101,,400000.0,0.0,400000.0,High,,400000.0,Unknown,"Operational risk event: Clients, products & business practices caused by People in Asset management located in Beijing,Shanghai,Guangxi, Nanning."
2845,RISK-0071,2.0,20171201,,500000.0,0.0,500000.0,High,,500000.0,Unknown,"Operational risk event: Execution, delivery & process management caused by People in Asset management located in Beijing,Zhejiang, Unknown city."
2846,RISK-0031,2.0,20171101,,600000.0,0.0,600000.0,High,,600000.0,Unknown,"Operational risk event: Internal fraud caused by People in Asset management located in Zhejiang, Jiaxing."
2847,RISK-0031,2.0,20171201,,450000.0,0.0,450000.0,High,,450000.0,Unknown,"Operational risk event: Internal fraud caused by People in Asset management located in Zhejiang, Jiaxing."
2848,RISK-0070,6.0,20171201,,500000.0,0.0,500000.0,High,,500000.0,Unknown,"Operational risk event: Clients, products & business practices caused by People in Payment and settlement located in Shanghai, Jinhua."
2849,RISK-0058,9.0,20171201,,50000.0,0.0,50000.0,Medium,,50000.0,Unknown,"Operational risk event: Clients, products & business practices caused by Process in Trading & sales located in Beijing, Xi'an."
2850,RISK-0086,5.0,20171201,,10000.0,0.0,10000.0,Low,,10000.0,Unknown,"Operational risk event: Execution, delivery & process management caused by Process in No business line located in Tibet, Lhasa."
2851,RISK-0057,2.0,20171201,,210000.0,0.0,210000.0,Medium,,210000.0,Unknown,"Operational risk event: Clients, products & business practices caused by Process in Asset management located in Unknown province, Guiyang,Qiannan."
2852,RISK-0011,2.0,20171101,,300000.0,0.0,300000.0,High,,300000.0,Unknown,"Operational risk event: Clients, products & business practices caused by People in Asset management located in Heilongjiang, Da hinggan ling."
2853,RISK-0045,2.0,20171101,,400000.0,0.0,400000.0,High,,400000.0,Unknown,"Operational risk event: Execution, delivery & process management caused by Process in Asset management located in Unknown province, Unknown city."
2854,RISK-0045,2.0,20171101,,200000.0,0.0,200000.0,Medium,,200000.0,Unknown,"Operational risk event: Execution, delivery & process management caused by Process in Asset management located in Heilongjiang, Da hinggan ling."
2855,RISK-0045,2.0,20171101,,350000.0,0.0,350000.0,High,,350000.0,Unknown,"Operational risk event: Execution, delivery & process management caused by Process in Asset management located in Heilongjiang, Unknown city."
2856,RISK-0045,2.0,20171101,,300000.0,0.0,300000.0,High,,300000.0,Unknown,"Operational risk event: Execution, delivery & process management caused by Process in Asset management located in Jiangsu, Wuxi."
2857,RISK-0045,2.0,20171101,,300000.0,0.0,300000.0,High,,300000.0,Unknown,"Operational risk event: Execution, delivery & process management caused by Process in Asset management located in Xinjiang, Urumqi."
2858,RISK-0045,2.0,20171101,,600000.0,0.0,600000.0,High,,600000.0,Unknown,"Operational risk event: Execution, delivery & process management caused by Process in Asset management located in Xinjiang, Unknown city."
2859,RISK-0031,2.0,20171101,,200000.0,0.0,200000.0,Medium,,200000.0,Unknown,"Operational risk event: Internal fraud caused by People in Asset management located in Beijing,Xinjiang, Urumqi."
2860,RISK-0011,2.0,20171101,,80000.0,0.0,80000.0,Medium,,80000.0,Unknown,"Operational risk event: Clients, products & business practices caused by People in Asset management located in Beijing, Dongying."
2861,RISK-0003,6.0,20171101,,195000.0,0.0,195000.0,Medium,,195000.0,Unknown,"Operational risk event: Internal fraud caused by People in Payment and settlement located in Beijing,Shaanxi, Xi'an."
2862,RISK-0031,2.0,20171101,,150000.0,0.0,150000.0,Medium,,150000.0,Unknown,"Operational risk event: Internal fraud caused by People in Asset management located in Unknown province, Xi'an."
2863,RISK-0067,2.0,20171101,,200000.0,0.0,200000.0,Medium,,200000.0,Unknown,"Operational risk event: Business disruption and system failures caused by System in Asset management located in Henan,Guangxi, Nanning."
2864,RISK-0070,6.0,20171101,,1000000.0,0.0,1000000.0,Critical,,1000000.0,Unknown,"Operational risk event: Clients, products & business practices caused by People in Payment and settlement located in Beijing, Zhoushan."
2865,RISK-0045,2.0,20171101,,300000.0,0.0,300000.0,High,,300000.0,Unknown,"Operational risk event: Execution, delivery & process management caused by Process in Asset management located in Beijing, Unknown city."
2866,RISK-0008,9.0,20171101,,27500000.0,0.0,27500000.0,Critical,,27500000.0,Unknown,"Operational risk event: Internal fraud caused by People in Trading & sales located in Beijing, Unknown city."
2867,RISK-0045,2.0,20171101,,20000.0,0.0,20000.0,Low,,20000.0,Unknown,"Operational risk event: Execution, delivery & process management caused by Process in Asset management located in Unknown province, Handan."
2868,RISK-0045,2.0,20171101,,40000.0,0.0,40000.0,Low,,40000.0,Unknown,"Operational risk event: Execution, delivery & process management caused by Process in Asset management located in Unknown province, Handan."
2869,RISK-0045,2.0,20171101,,20000.0,0.0,20000.0,Low,,20000.0,Unknown,"Operational risk event: Execution, delivery & process management caused by Process in Asset management located in Unknown province, Handan."
2870,RISK-0031,2.0,20171101,,200000.0,0.0,200000.0,Medium,,200000.0,Unknown,"Operational risk event: Internal fraud caused by People in Asset management located in Beijing, Tangshan."
2871,RISK-0045,2.0,20171101,,17000.0,0.0,17000.0,Low,,17000.0,Unknown,"Operational risk event: Execution, delivery & process management caused by Process in Asset management located in Unknown province, Jiamusi."
2872,RISK-0045,2.0,20171101,,20000.0,0.0,20000.0,Low,,20000.0,Unknown,"Operational risk event: Execution, delivery & process management caused by Process in Asset management located in Beijing, Chengdu,Bazhong."
2873,RISK-0058,9.0,20171101,,19500000.0,0.0,19500000.0,Critical,,19500000.0,Unknown,"Operational risk event: Clients, products & business practices caused by Process in Trading & sales located in Beijing,Chongqing, Ningbo."
2874,RISK-0045,2.0,20171101,,300000.0,0.0,300000.0,High,,300000.0,Unknown,"Operational risk event: Execution, delivery & process management caused by Process in Asset management located in Beijing, Jinan,Weihai."
2875,RISK-0045,2.0,20171101,,50000.0,0.0,50000.0,Medium,,50000.0,Unknown,"Operational risk event: Execution, delivery & process management caused by Process in Asset management located in Beijing, Jinan,Binzhou."
2876,RISK-0045,2.0,20171101,,5000.0,0.0,5000.0,Low,,5000.0,Unknown,"Operational risk event: Execution, delivery & process management caused by Process in Asset management located in Inner mongolia,Inner mongolia, Ulanqab."
2877,RISK-0045,2.0,20171101,,25000.0,0.0,25000.0,Low,,25000.0,Unknown,"Operational risk event: Execution, delivery & process management caused by Process in Asset management located in Beijing, Quanzhou."
2878,RISK-0066,2.0,20171101,,140000.0,0.0,140000.0,Medium,,140000.0,Unknown,"Operational risk event: Internal fraud caused by Process in Asset management located in Beijing, Heze."
2879,RISK-0045,2.0,20171101,,5000.0,0.0,5000.0,Low,,5000.0,Unknown,"Operational risk event: Execution, delivery & process management caused by Process in Asset management located in Beijing, Quanzhou."
2880,RISK-0045,2.0,20171101,,20000.0,0.0,20000.0,Low,,20000.0,Unknown,"Operational risk event: Execution, delivery & process management caused by Process in Asset management located in Fujian, Nanping."
2881,RISK-0045,2.0,20171001,,70000.0,0.0,70000.0,Medium,,70000.0,Unknown,"Operational risk event: Execution, delivery & process management caused by Process in Asset management located in Beijing, Zhaotong."
2882,RISK-0045,2.0,20171001,,5000.0,0.0,5000.0,Low,,5000.0,Unknown,"Operational risk event: Execution, delivery & process management caused by Process in Asset management located in Beijing, Yantai."
2883,RISK-0065,6.0,20171001,,200000.0,0.0,200000.0,Medium,,200000.0,Unknown,"Operational risk event: Clients, products & business practices caused by Process in Payment and settlement located in Unknown province, Wenzhou."
2884,RISK-0065,6.0,20171001,,200000.0,0.0,200000.0,Medium,,200000.0,Unknown,"Operational risk event: Clients, products & business practices caused by Process in Payment and settlement located in Unknown province, Wenzhou,Zhongshan."
2885,RISK-0065,6.0,20171001,,200000.0,0.0,200000.0,Medium,,200000.0,Unknown,"Operational risk event: Clients, products & business practices caused by Process in Payment and settlement located in Unknown province, Wenzhou."
2886,RISK-0065,6.0,20171001,,400000.0,0.0,400000.0,High,,400000.0,Unknown,"Operational risk event: Clients, products & business practices caused by Process in Payment and settlement located in Unknown province, Wenzhou."
2887,RISK-0065,6.0,20171001,,200000.0,0.0,200000.0,Medium,,200000.0,Unknown,"Operational risk event: Clients, products & business practices caused by Process in Payment and settlement located in Unknown province, Wenzhou."
2888,RISK-0031,2.0,20171001,,400000.0,0.0,400000.0,High,,400000.0,Unknown,"Operational risk event: Internal fraud caused by People in Asset management located in Unknown province, Hangzhou,Jiaxing."
2889,RISK-0065,6.0,20171001,,200000.0,0.0,200000.0,Medium,,200000.0,Unknown,"Operational risk event: Clients, products & business practices caused by Process in Payment and settlement located in Unknown province, Linyi."
2890,RISK-0045,2.0,20171001,,30000.0,0.0,30000.0,Low,,30000.0,Unknown,"Operational risk event: Execution, delivery & process management caused by Process in Asset management located in Unknown province, Huainan."
2891,RISK-0031,2.0,20171001,,115000.0,0.0,115000.0,Medium,,115000.0,Unknown,"Operational risk event: Internal fraud caused by People in Asset management located in Anhui, Unknown city."
2892,RISK-0045,2.0,20171001,,350000.0,0.0,350000.0,High,,350000.0,Unknown,"Operational risk event: Execution, delivery & process management caused by Process in Asset management located in Unknown province, Xuancheng."
2893,RISK-0014,6.0,20171001,,30000.0,0.0,30000.0,Low,,30000.0,Unknown,"Operational risk event: Execution, delivery & process management caused by Process in Payment and settlement located in Unknown province, Xiamen,Fuzhou."
2894,RISK-0045,2.0,20171001,,10000.0,0.0,10000.0,Low,,10000.0,Unknown,"Operational risk event: Execution, delivery & process management caused by Process in Asset management located in Beijing, Huainan."
2895,RISK-0011,2.0,20171001,,200000.0,0.0,200000.0,Medium,,200000.0,Unknown,"Operational risk event: Clients, products & business practices caused by People in Asset management located in Unknown province, Qianxinan."
2896,RISK-0045,2.0,20170801,,200000.0,0.0,200000.0,Medium,,200000.0,Unknown,"Operational risk event: Execution, delivery & process management caused by Process in Asset management located in Unknown province, Unknown city."
2897,RISK-0034,5.0,20170901,,250000.0,0.0,250000.0,High,,250000.0,Unknown,"Operational risk event: Employment practices and workplace safety caused by Process in No business line located in Unknown province, Langfang."
2898,RISK-0045,2.0,20170901,,350000.0,0.0,350000.0,High,,350000.0,Unknown,"Operational risk event: Execution, delivery & process management caused by Process in Asset management located in Unknown province, Langfang."
2899,RISK-0070,6.0,20170901,,200000.0,0.0,200000.0,Medium,,200000.0,Unknown,"Operational risk event: Clients, products & business practices caused by People in Payment and settlement located in Unknown province, Langfang."
2900,RISK-0057,2.0,20170901,,250000.0,0.0,250000.0,High,,250000.0,Unknown,"Operational risk event: Clients, products & business practices caused by Process in Asset management located in Beijing, Wuxi."
2901,RISK-0031,2.0,20170901,,1950000.0,0.0,1950000.0,Critical,,1950000.0,Unknown,"Operational risk event: Internal fraud caused by People in Asset management located in Beijing, Shaoxing."
2902,RISK-0031,2.0,20170901,,550000.0,0.0,550000.0,High,,550000.0,Unknown,"Operational risk event: Internal fraud caused by People in Asset management located in Beijing, Lishui."
2903,RISK-0045,2.0,20170901,,250000.0,0.0,250000.0,High,,250000.0,Unknown,"Operational risk event: Execution, delivery & process management caused by Process in Asset management located in Beijing, Shaoxing."
2904,RISK-0071,2.0,20170901,,200000.0,0.0,200000.0,Medium,,200000.0,Unknown,"Operational risk event: Execution, delivery & process management caused by People in Asset management located in Beijing, Taizhou."
2905,RISK-0011,2.0,20170901,,400000.0,0.0,400000.0,High,,400000.0,Unknown,"Operational risk event: Clients, products & business practices caused by People in Asset management located in Jilin, Jilin."
2906,RISK-0031,2.0,20170901,,200000.0,0.0,200000.0,Medium,,200000.0,Unknown,"Operational risk event: Internal fraud caused by People in Asset management located in Unknown province, Unknown city."
2907,RISK-0063,9.0,20170901,,400000.0,0.0,400000.0,High,,400000.0,Unknown,"Operational risk event: Clients, products & business practices caused by People in Trading & sales located in Unknown province, Unknown city."
2908,RISK-0045,2.0,20170901,,200000.0,0.0,200000.0,Medium,,200000.0,Unknown,"Operational risk event: Execution, delivery & process management caused by Process in Asset management located in Unknown province, Unknown city."
2909,RISK-0016,3.0,20170901,,500000.0,0.0,500000.0,High,,500000.0,Unknown,"Operational risk event: Clients, products & business practices caused by Process in Commercial banking located in Shandong, Weifang."
2910,RISK-0071,2.0,20170901,,200000.0,0.0,200000.0,Medium,,200000.0,Unknown,"Operational risk event: Execution, delivery & process management caused by People in Asset management located in Jiangxi,Shandong, Unknown city."
2911,RISK-0011,2.0,20170901,,400000.0,0.0,400000.0,High,,400000.0,Unknown,"Operational risk event: Clients, products & business practices caused by People in Asset management located in Jiangxi, Unknown city."
2912,RISK-0065,6.0,20170901,,950000.0,0.0,950000.0,High,,950000.0,Unknown,"Operational risk event: Clients, products & business practices caused by Process in Payment and settlement located in Jiangxi, Ganzhou."
2913,RISK-0065,6.0,20170901,,200000.0,0.0,200000.0,Medium,,200000.0,Unknown,"Operational risk event: Clients, products & business practices caused by Process in Payment and settlement located in Jiangxi, Nanchang."
2914,RISK-0065,6.0,20170901,,250000.0,0.0,250000.0,High,,250000.0,Unknown,"Operational risk event: Clients, products & business practices caused by Process in Payment and settlement located in Jiangxi, Nanchang."
2915,RISK-0031,2.0,20170901,,100000.0,0.0,100000.0,Medium,,100000.0,Unknown,"Operational risk event: Internal fraud caused by People in Asset management located in Jiangxi, Ganzhou."
2916,RISK-0070,6.0,20170901,,200000.0,0.0,200000.0,Medium,,200000.0,Unknown,"Operational risk event: Clients, products & business practices caused by People in Payment and settlement located in Jiangxi, Nanchang."
2917,RISK-0031,2.0,20170901,,200000.0,0.0,200000.0,Medium,,200000.0,Unknown,"Operational risk event: Internal fraud caused by People in Asset management located in Jiangxi, Xi'an."
2918,RISK-0011,2.0,20170901,,260000.0,0.0,260000.0,High,,260000.0,Unknown,"Operational risk event: Clients, products & business practices caused by People in Asset management located in Shaanxi, Xianyang."
2919,RISK-0057,2.0,20170901,,230000.0,0.0,230000.0,Medium,,230000.0,Unknown,"Operational risk event: Clients, products & business practices caused by Process in Asset management located in Shaanxi, Xianyang."
2920,RISK-0057,2.0,20170901,,200000.0,0.0,200000.0,Medium,,200000.0,Unknown,"Operational risk event: Clients, products & business practices caused by Process in Asset management located in Beijing, Unknown city."
2921,RISK-0031,2.0,20170901,,200000.0,0.0,200000.0,Medium,,200000.0,Unknown,"Operational risk event: Internal fraud caused by People in Asset management located in Unknown province, Huangshan."
2922,RISK-0066,2.0,20170901,,300000.0,0.0,300000.0,High,,300000.0,Unknown,"Operational risk event: Internal fraud caused by Process in Asset management located in Anhui, Huangshan."
2923,RISK-0045,2.0,20170901,,50000.0,0.0,50000.0,Medium,,50000.0,Unknown,"Operational risk event: Execution, delivery & process management caused by Process in Asset management located in Beijing, Dezhou."
2924,RISK-0015,7.0,20170901,,200000.0,0.0,200000.0,Medium,,200000.0,Unknown,"Operational risk event: Clients, products & business practices caused by Process in Retail banking located in Beijing, Ningbo,Xuancheng,Panzhihua."
2925,RISK-0045,2.0,20170901,,150000.0,0.0,150000.0,Medium,,150000.0,Unknown,"Operational risk event: Execution, delivery & process management caused by Process in Asset management located in Jilin, Jilin,Changchun."
2926,RISK-0057,2.0,20170901,,400000.0,0.0,400000.0,High,,400000.0,Unknown,"Operational risk event: Clients, products & business practices caused by Process in Asset management located in Shanghai,Anhui, Unknown city."
2927,RISK-0057,2.0,20170901,,200000.0,0.0,200000.0,Medium,,200000.0,Unknown,"Operational risk event: Clients, products & business practices caused by Process in Asset management located in Jilin, Jilin,Baicheng."
2928,RISK-0045,2.0,20170901,,300000.0,0.0,300000.0,High,,300000.0,Unknown,"Operational risk event: Execution, delivery & process management caused by Process in Asset management located in Unknown province, Baicheng."
2929,RISK-0045,2.0,20170901,,70000.0,0.0,70000.0,Medium,,70000.0,Unknown,"Operational risk event: Execution, delivery & process management caused by Process in Asset management located in Unknown province, Hulun buir."
2930,RISK-0058,9.0,20170901,,100000.0,0.0,100000.0,Medium,,100000.0,Unknown,"Operational risk event: Clients, products & business practices caused by Process in Trading & sales located in Unknown province, Hulun buir."
2931,RISK-0045,2.0,20170901,,300000.0,0.0,300000.0,High,,300000.0,Unknown,"Operational risk event: Execution, delivery & process management caused by Process in Asset management located in Unknown province, Hulun buir."
2932,RISK-0066,2.0,20170901,,12000.0,0.0,12000.0,Low,,12000.0,Unknown,"Operational risk event: Internal fraud caused by Process in Asset management located in Unknown province, Zhengzhou."
2933,RISK-0045,2.0,20170901,,9000.0,0.0,9000.0,Low,,9000.0,Unknown,"Operational risk event: Execution, delivery & process management caused by Process in Asset management located in Unknown province, Sanming."
2934,RISK-0014,6.0,20170901,,5000.0,0.0,5000.0,Low,,5000.0,Unknown,"Operational risk event: Execution, delivery & process management caused by Process in Payment and settlement located in Unknown province, Xiamen,Sanming."
2935,RISK-0011,2.0,20170901,,480000.0,0.0,480000.0,High,,480000.0,Unknown,"Operational risk event: Clients, products & business practices caused by People in Asset management located in Shaanxi, Dandong,Yingkou,Wenzhou,Taizhou,Quanzhou,Fuzhou,Xi'an."
2936,RISK-0011,2.0,20170901,,800000.0,0.0,800000.0,High,,800000.0,Unknown,"Operational risk event: Clients, products & business practices caused by People in Asset management located in Chongqing, Unknown city."
2937,RISK-0071,2.0,20170901,,200000.0,0.0,200000.0,Medium,,200000.0,Unknown,"Operational risk event: Execution, delivery & process management caused by People in Asset management located in Unknown province, Fuzhou."
2938,RISK-0063,9.0,20170901,,59200.0,0.0,59200.0,Medium,,59200.0,Unknown,"Operational risk event: Clients, products & business practices caused by People in Trading & sales located in Jiangxi, Fuzhou."
2939,RISK-0063,9.0,20170901,,685200.0,0.0,685200.0,High,,685200.0,Unknown,"Operational risk event: Clients, products & business practices caused by People in Trading & sales located in Jiangxi, Fuzhou."
2940,RISK-0045,2.0,20170901,,200000.0,0.0,200000.0,Medium,,200000.0,Unknown,"Operational risk event: Execution, delivery & process management caused by Process in Asset management located in Unknown province, Shizuishan."
2941,RISK-0045,2.0,20170901,,250000.0,0.0,250000.0,High,,250000.0,Unknown,"Operational risk event: Execution, delivery & process management caused by Process in Asset management located in Unknown province, Shizuishan."
2942,RISK-0086,5.0,20170901,,400000.0,0.0,400000.0,High,,400000.0,Unknown,"Operational risk event: Execution, delivery & process management caused by Process in No business line located in Beijing,Guizhou, Zunyi."
2943,RISK-0016,3.0,20170801,,400000.0,0.0,400000.0,High,,400000.0,Unknown,"Operational risk event: Clients, products & business practices caused by Process in Commercial banking located in Shanghai,Anhui, Wuhu."
2944,RISK-0058,9.0,20170801,,400000.0,0.0,400000.0,High,,400000.0,Unknown,"Operational risk event: Clients, products & business practices caused by Process in Trading & sales located in Shanghai,Anhui, Unknown city."
2945,RISK-0063,9.0,20170801,,500000.0,0.0,500000.0,High,,500000.0,Unknown,"Operational risk event: Clients, products & business practices caused by People in Trading & sales located in Anhui, Unknown city."
2946,RISK-0045,2.0,20170801,,400000.0,0.0,400000.0,High,,400000.0,Unknown,"Operational risk event: Execution, delivery & process management caused by Process in Asset management located in Guizhou, Zunyi."
2947,RISK-0063,9.0,20170801,,350000.0,0.0,350000.0,High,,350000.0,Unknown,"Operational risk event: Clients, products & business practices caused by People in Trading & sales located in Beijing, Yantai."
2948,RISK-0011,2.0,20170801,,200000.0,0.0,200000.0,Medium,,200000.0,Unknown,"Operational risk event: Clients, products & business practices caused by People in Asset management located in Beijing, Taizhou."
2949,RISK-0045,2.0,20170801,,174000.0,0.0,174000.0,Medium,,174000.0,Unknown,"Operational risk event: Execution, delivery & process management caused by Process in Asset management located in Unknown province, Quanzhou."
2950,RISK-0045,2.0,20170801,,200000.0,0.0,200000.0,Medium,,200000.0,Unknown,"Operational risk event: Execution, delivery & process management caused by Process in Asset management located in Shandong, Unknown city."
2951,RISK-0011,2.0,20170801,,500000.0,0.0,500000.0,High,,500000.0,Unknown,"Operational risk event: Clients, products & business practices caused by People in Asset management located in Unknown province, Unknown city."
2952,RISK-0063,9.0,20170801,,350000.0,0.0,350000.0,High,,350000.0,Unknown,"Operational risk event: Clients, products & business practices caused by People in Trading & sales located in Unknown province, Taian."
2953,RISK-0011,2.0,20170801,,200000.0,0.0,200000.0,Medium,,200000.0,Unknown,"Operational risk event: Clients, products & business practices caused by People in Asset management located in Unknown province, Taian."
2954,RISK-0063,9.0,20170801,,450000.0,0.0,450000.0,High,,450000.0,Unknown,"Operational risk event: Clients, products & business practices caused by People in Trading & sales located in Unknown province, Tonghua."
2955,RISK-0063,9.0,20170801,,450000.0,0.0,450000.0,High,,450000.0,Unknown,"Operational risk event: Clients, products & business practices caused by People in Trading & sales located in Unknown province, Tonghua."
2956,RISK-0063,9.0,20170801,,450000.0,0.0,450000.0,High,,450000.0,Unknown,"Operational risk event: Clients, products & business practices caused by People in Trading & sales located in Unknown province, Tonghua."
2957,RISK-0063,9.0,20170801,,450000.0,0.0,450000.0,High,,450000.0,Unknown,"Operational risk event: Clients, products & business practices caused by People in Trading & sales located in Unknown province, Tonghua."
2958,RISK-0045,2.0,20170801,,200000.0,0.0,200000.0,Medium,,200000.0,Unknown,"Operational risk event: Execution, delivery & process management caused by Process in Asset management located in Zhejiang, Unknown city."
2959,RISK-0063,9.0,20170801,,300000.0,0.0,300000.0,High,,300000.0,Unknown,"Operational risk event: Clients, products & business practices caused by People in Trading & sales located in Jilin, Jilin,Changchun."
2960,RISK-0070,6.0,20170801,,200000.0,0.0,200000.0,Medium,,200000.0,Unknown,"Operational risk event: Clients, products & business practices caused by People in Payment and settlement located in Guizhou, Qiandongnan."
2961,RISK-0031,2.0,20170801,,200000.0,0.0,200000.0,Medium,,200000.0,Unknown,"Operational risk event: Internal fraud caused by People in Asset management located in Beijing,Shandong,Hainan, Sanya."
2962,RISK-0045,2.0,20170801,,250000.0,0.0,250000.0,High,,250000.0,Unknown,"Operational risk event: Execution, delivery & process management caused by Process in Asset management located in Unknown province, Unknown city."
2963,RISK-0045,2.0,20170801,,250000.0,0.0,250000.0,High,,250000.0,Unknown,"Operational risk event: Execution, delivery & process management caused by Process in Asset management located in Unknown province, Unknown city."
2964,RISK-0005,7.0,20170801,,60000.0,0.0,60000.0,Medium,,60000.0,Unknown,"Operational risk event: Internal fraud caused by People in Retail banking located in Anhui, Xuancheng."
2965,RISK-0070,6.0,20170801,,450000.0,0.0,450000.0,High,,450000.0,Unknown,"Operational risk event: Clients, products & business practices caused by People in Payment and settlement located in Shandong, Weifang."
2966,RISK-0011,2.0,20170801,,200000.0,0.0,200000.0,Medium,,200000.0,Unknown,"Operational risk event: Clients, products & business practices caused by People in Asset management located in Shandong, Weifang."
2967,RISK-0070,6.0,20170801,,450000.0,0.0,450000.0,High,,450000.0,Unknown,"Operational risk event: Clients, products & business practices caused by People in Payment and settlement located in Shandong, Weifang."
2968,RISK-0011,2.0,20170801,,200000.0,0.0,200000.0,Medium,,200000.0,Unknown,"Operational risk event: Clients, products & business practices caused by People in Asset management located in Unknown province, Weifang."
2969,RISK-0076,3.0,20170801,,350000.0,0.0,350000.0,High,,350000.0,Unknown,"Operational risk event: Clients, products & business practices caused by People in Commercial banking located in Unknown province, Binzhou."
2970,RISK-0011,2.0,20170801,,250000.0,0.0,250000.0,High,,250000.0,Unknown,"Operational risk event: Clients, products & business practices caused by People in Asset management located in Shandong, Binzhou."
2971,RISK-0071,2.0,20170801,,250000.0,0.0,250000.0,High,,250000.0,Unknown,"Operational risk event: Execution, delivery & process management caused by People in Asset management located in Hainan, Unknown city."
2972,RISK-0066,2.0,20170801,,200000.0,0.0,200000.0,Medium,,200000.0,Unknown,"Operational risk event: Internal fraud caused by Process in Asset management located in Unknown province, Ganzhou."
2973,RISK-0045,2.0,20170801,,300000.0,0.0,300000.0,High,,300000.0,Unknown,"Operational risk event: Execution, delivery & process management caused by Process in Asset management located in Unknown province, Liaoyuan."
2974,RISK-0031,2.0,20170801,,300000.0,0.0,300000.0,High,,300000.0,Unknown,"Operational risk event: Internal fraud caused by People in Asset management located in Unknown province, Unknown city."
2975,RISK-0016,3.0,20170801,,250000.0,0.0,250000.0,High,,250000.0,Unknown,"Operational risk event: Clients, products & business practices caused by Process in Commercial banking located in Jiangsu, Xuzhou."
2976,RISK-0011,2.0,20170801,,250000.0,0.0,250000.0,High,,250000.0,Unknown,"Operational risk event: Clients, products & business practices caused by People in Asset management located in Jiangsu, Xuzhou."
2977,RISK-0004,7.0,20170801,,200000.0,0.0,200000.0,Medium,,200000.0,Unknown,"Operational risk event: Clients, products & business practices caused by People in Retail banking located in Shanghai, Changji."
2978,RISK-0004,7.0,20170801,,220000.0,0.0,220000.0,Medium,,220000.0,Unknown,"Operational risk event: Clients, products & business practices caused by People in Retail banking located in Unknown province, Aksu."
2979,RISK-0045,2.0,20170801,,350000.0,0.0,350000.0,High,,350000.0,Unknown,"Operational risk event: Execution, delivery & process management caused by Process in Asset management located in Unknown province, Yantai."
2980,RISK-0011,2.0,20170801,,200000.0,0.0,200000.0,Medium,,200000.0,Unknown,"Operational risk event: Clients, products & business practices caused by People in Asset management located in Shandong, Linyi."
2981,RISK-0031,2.0,20170801,,200000.0,0.0,200000.0,Medium,,200000.0,Unknown,"Operational risk event: Internal fraud caused by People in Asset management located in Chongqing, Unknown city."
2982,RISK-0071,2.0,20170801,,400000.0,0.0,400000.0,High,,400000.0,Unknown,"Operational risk event: Execution, delivery & process management caused by People in Asset management located in Unknown province, Heze."
2983,RISK-0011,2.0,20170801,,300000.0,0.0,300000.0,High,,300000.0,Unknown,"Operational risk event: Clients, products & business practices caused by People in Asset management located in Unknown province, Heze."
2984,RISK-0011,2.0,20170801,,300000.0,0.0,300000.0,High,,300000.0,Unknown,"Operational risk event: Clients, products & business practices caused by People in Asset management located in Unknown province, Heze."
2985,RISK-0011,2.0,20170801,,300000.0,0.0,300000.0,High,,300000.0,Unknown,"Operational risk event: Clients, products & business practices caused by People in Asset management located in Unknown province, Heze."
2986,RISK-0011,2.0,20170801,,300000.0,0.0,300000.0,High,,300000.0,Unknown,"Operational risk event: Clients, products & business practices caused by People in Asset management located in Shandong, Heze."
2987,RISK-0045,2.0,20170801,,350000.0,0.0,350000.0,High,,350000.0,Unknown,"Operational risk event: Execution, delivery & process management caused by Process in Asset management located in Shandong, Jining."
2988,RISK-0011,2.0,20170801,,300000.0,0.0,300000.0,High,,300000.0,Unknown,"Operational risk event: Clients, products & business practices caused by People in Asset management located in Shandong, Jining."
2989,RISK-0045,2.0,20170801,,200000.0,0.0,200000.0,Medium,,200000.0,Unknown,"Operational risk event: Execution, delivery & process management caused by Process in Asset management located in Unknown province, Liaocheng."
2990,RISK-0071,2.0,20170801,,250000.0,0.0,250000.0,High,,250000.0,Unknown,"Operational risk event: Execution, delivery & process management caused by People in Asset management located in Shandong, Liaocheng."
2991,RISK-0013,7.0,20170701,,100000.0,0.0,100000.0,Medium,,100000.0,Unknown,"Operational risk event: Execution, delivery & process management caused by Process in Retail banking located in Unknown province, Kaifeng."
2992,RISK-0091,2.0,20170701,,200000.0,0.0,200000.0,Medium,,200000.0,Unknown,"Operational risk event: Damage to physical assets caused by System in Asset management located in Anhui, Unknown city."
2993,RISK-0045,2.0,20170701,,200000.0,0.0,200000.0,Medium,,200000.0,Unknown,"Operational risk event: Execution, delivery & process management caused by Process in Asset management located in Guangxi, Yulin."
2994,RISK-0011,2.0,20170701,,250000.0,0.0,250000.0,High,,250000.0,Unknown,"Operational risk event: Clients, products & business practices caused by People in Asset management located in Guangxi, Nanning."
2995,RISK-0014,6.0,20170701,,200000.0,0.0,200000.0,Medium,,200000.0,Unknown,"Operational risk event: Execution, delivery & process management caused by Process in Payment and settlement located in Unknown province, Xuancheng."
2996,RISK-0057,2.0,20170701,,1000.0,0.0,1000.0,Low,,1000.0,Unknown,"Operational risk event: Clients, products & business practices caused by Process in Asset management located in Unknown province, Bengbu."
2997,RISK-0011,2.0,20170701,,200000.0,0.0,200000.0,Medium,,200000.0,Unknown,"Operational risk event: Clients, products & business practices caused by People in Asset management located in Jilin, Jilin,Baicheng."
2998,RISK-0031,2.0,20170701,,1300000.0,0.0,1300000.0,Critical,,1300000.0,Unknown,"Operational risk event: Internal fraud caused by People in Asset management located in Shanghai,Chongqing, Unknown city."
2999,RISK-0045,2.0,20170701,,200000.0,0.0,200000.0,Medium,,200000.0,Unknown,"Operational risk event: Execution, delivery & process management caused by Process in Asset management located in Unknown province, Dandong."
3000,RISK-0011,2.0,20170701,,500000.0,0.0,500000.0,High,,500000.0,Unknown,"Operational risk event: Clients, products & business practices caused by People in Asset management located in Unknown province, Unknown city."
3001,RISK-0063,9.0,20170701,,1372200.0,0.0,1372200.0,Critical,,1372200.0,Unknown,"Operational risk event: Clients, products & business practices caused by People in Trading & sales located in Jilin, Jilin,Yanbian."
3002,RISK-0063,9.0,20170701,,450000.0,0.0,450000.0,High,,450000.0,Unknown,"Operational risk event: Clients, products & business practices caused by People in Trading & sales located in Unknown province, Yanbian."
3003,RISK-0063,9.0,20170701,,300000.0,0.0,300000.0,High,,300000.0,Unknown,"Operational risk event: Clients, products & business practices caused by People in Trading & sales located in Unknown province, Yanbian."
3004,RISK-0045,2.0,20170701,,10000.0,0.0,10000.0,Low,,10000.0,Unknown,"Operational risk event: Execution, delivery & process management caused by Process in Asset management located in Beijing, Bengbu."
3005,RISK-0004,7.0,20170701,,950000.0,0.0,950000.0,High,,950000.0,Unknown,"Operational risk event: Clients, products & business practices caused by People in Retail banking located in Unknown province, Huzhou."
3006,RISK-0031,2.0,20170701,,600000.0,0.0,600000.0,High,,600000.0,Unknown,"Operational risk event: Internal fraud caused by People in Asset management located in Unknown province, Huzhou."
3007,RISK-0034,5.0,20170701,,50000.0,0.0,50000.0,Medium,,50000.0,Unknown,"Operational risk event: Employment practices and workplace safety caused by Process in No business line located in Beijing, Tangshan."
3008,RISK-0034,5.0,20170701,,50000.0,0.0,50000.0,Medium,,50000.0,Unknown,"Operational risk event: Employment practices and workplace safety caused by Process in No business line located in Unknown province, Unknown city."
3009,RISK-0062,6.0,20170701,,400000.0,0.0,400000.0,High,,400000.0,Unknown,"Operational risk event: Clients, products & business practices caused by External event in Payment and settlement located in Jiangsu, Yancheng."
3010,RISK-0031,2.0,20170701,,200000.0,0.0,200000.0,Medium,,200000.0,Unknown,"Operational risk event: Internal fraud caused by People in Asset management located in Unknown province, Fuxin."
3011,RISK-0070,6.0,20170701,,200000.0,0.0,200000.0,Medium,,200000.0,Unknown,"Operational risk event: Clients, products & business practices caused by People in Payment and settlement located in Unknown province, Dalian,Fuxin."
3012,RISK-0031,2.0,20170701,,300000.0,0.0,300000.0,High,,300000.0,Unknown,"Operational risk event: Internal fraud caused by People in Asset management located in Unknown province, Qingdao."
3013,RISK-0031,2.0,20170701,,200000.0,0.0,200000.0,Medium,,200000.0,Unknown,"Operational risk event: Internal fraud caused by People in Asset management located in Unknown province, Qingdao."
3014,RISK-0031,2.0,20170701,,200000.0,0.0,200000.0,Medium,,200000.0,Unknown,"Operational risk event: Internal fraud caused by People in Asset management located in Unknown province, Qingdao."
3015,RISK-0057,2.0,20170701,,200000.0,0.0,200000.0,Medium,,200000.0,Unknown,"Operational risk event: Clients, products & business practices caused by Process in Asset management located in Unknown province, Foshan."
3016,RISK-0057,2.0,20170701,,200000.0,0.0,200000.0,Medium,,200000.0,Unknown,"Operational risk event: Clients, products & business practices caused by Process in Asset management located in Unknown province, Zhuhai,Foshan."
3017,RISK-0011,2.0,20170701,,300000.0,0.0,300000.0,High,,300000.0,Unknown,"Operational risk event: Clients, products & business practices caused by People in Asset management located in Chongqing, Unknown city."
3018,RISK-0070,6.0,20170701,,200000.0,0.0,200000.0,Medium,,200000.0,Unknown,"Operational risk event: Clients, products & business practices caused by People in Payment and settlement located in Chongqing, Unknown city."
3019,RISK-0011,2.0,20170701,,300000.0,0.0,300000.0,High,,300000.0,Unknown,"Operational risk event: Clients, products & business practices caused by People in Asset management located in Chongqing, Unknown city."
3020,RISK-0004,7.0,20170701,,200000.0,0.0,200000.0,Medium,,200000.0,Unknown,"Operational risk event: Clients, products & business practices caused by People in Retail banking located in Chongqing, Unknown city."
3021,RISK-0031,2.0,20170701,,250000.0,0.0,250000.0,High,,250000.0,Unknown,"Operational risk event: Internal fraud caused by People in Asset management located in Zhejiang, Jiaxing."
3022,RISK-0034,5.0,20170701,,200000.0,0.0,200000.0,Medium,,200000.0,Unknown,"Operational risk event: Employment practices and workplace safety caused by Process in No business line located in Unknown province, Datong."
3023,RISK-0045,2.0,20170701,,200000.0,0.0,200000.0,Medium,,200000.0,Unknown,"Operational risk event: Execution, delivery & process management caused by Process in Asset management located in Unknown province, Unknown city."
3024,RISK-0034,5.0,20170701,,200000.0,0.0,200000.0,Medium,,200000.0,Unknown,"Operational risk event: Employment practices and workplace safety caused by Process in No business line located in Unknown province, Datong."
3025,RISK-0034,5.0,20170701,,200000.0,0.0,200000.0,Medium,,200000.0,Unknown,"Operational risk event: Employment practices and workplace safety caused by Process in No business line located in Unknown province, Datong."
3026,RISK-0034,5.0,20170701,,200000.0,0.0,200000.0,Medium,,200000.0,Unknown,"Operational risk event: Employment practices and workplace safety caused by Process in No business line located in Unknown province, Datong."
3027,RISK-0011,2.0,20170601,,300000.0,0.0,300000.0,High,,300000.0,Unknown,"Operational risk event: Clients, products & business practices caused by People in Asset management located in Jiangsu, Unknown city."
3028,RISK-0031,2.0,20170601,,200000.0,0.0,200000.0,Medium,,200000.0,Unknown,"Operational risk event: Internal fraud caused by People in Asset management located in Jiangsu, Unknown city."
3029,RISK-0045,2.0,20170601,,250000.0,0.0,250000.0,High,,250000.0,Unknown,"Operational risk event: Execution, delivery & process management caused by Process in Asset management located in Unknown province, Wuxi."
3030,RISK-0071,2.0,20170601,,250000.0,0.0,250000.0,High,,250000.0,Unknown,"Operational risk event: Execution, delivery & process management caused by People in Asset management located in Unknown province, Wuxi."
3031,RISK-0045,2.0,20170601,,250000.0,0.0,250000.0,High,,250000.0,Unknown,"Operational risk event: Execution, delivery & process management caused by Process in Asset management located in Unknown province, Wuxi,Ningbo."
3032,RISK-0071,2.0,20170601,,300000.0,0.0,300000.0,High,,300000.0,Unknown,"Operational risk event: Execution, delivery & process management caused by People in Asset management located in Unknown province, Wuxi."
3033,RISK-0011,2.0,20170601,,250000.0,0.0,250000.0,High,,250000.0,Unknown,"Operational risk event: Clients, products & business practices caused by People in Asset management located in Unknown province, Weifang."
3034,RISK-0070,6.0,20170601,,500000.0,0.0,500000.0,High,,500000.0,Unknown,"Operational risk event: Clients, products & business practices caused by People in Payment and settlement located in Chongqing, Unknown city."
3035,RISK-0011,2.0,20170601,,50000.0,0.0,50000.0,Medium,,50000.0,Unknown,"Operational risk event: Clients, products & business practices caused by People in Asset management located in Unknown province, Unknown city."
3036,RISK-0011,2.0,20170601,,250000.0,0.0,250000.0,High,,250000.0,Unknown,"Operational risk event: Clients, products & business practices caused by People in Asset management located in Unknown province, Unknown city."
3037,RISK-0011,2.0,20170601,,250000.0,0.0,250000.0,High,,250000.0,Unknown,"Operational risk event: Clients, products & business practices caused by People in Asset management located in Unknown province, Unknown city."
3038,RISK-0011,2.0,20170601,,300000.0,0.0,300000.0,High,,300000.0,Unknown,"Operational risk event: Clients, products & business practices caused by People in Asset management located in Unknown province, Unknown city."
3039,RISK-0011,2.0,20170601,,100000.0,0.0,100000.0,Medium,,100000.0,Unknown,"Operational risk event: Clients, products & business practices caused by People in Asset management located in Unknown province, Unknown city."
3040,RISK-0057,2.0,20170501,,200000.0,0.0,200000.0,Medium,,200000.0,Unknown,"Operational risk event: Clients, products & business practices caused by Process in Asset management located in Beijing, Unknown city."
3041,RISK-0065,6.0,20170601,,200000.0,0.0,200000.0,Medium,,200000.0,Unknown,"Operational risk event: Clients, products & business practices caused by Process in Payment and settlement located in Beijing, Unknown city."
3042,RISK-0065,6.0,20170601,,500000.0,0.0,500000.0,High,,500000.0,Unknown,"Operational risk event: Clients, products & business practices caused by Process in Payment and settlement located in Beijing, Unknown city."
3043,RISK-0066,2.0,20170601,,500000.0,0.0,500000.0,High,,500000.0,Unknown,"Operational risk event: Internal fraud caused by Process in Asset management located in Beijing, Xi'an."
3044,RISK-0071,2.0,20170601,,200000.0,0.0,200000.0,Medium,,200000.0,Unknown,"Operational risk event: Execution, delivery & process management caused by People in Asset management located in Unknown province, Taiyuan."
3045,RISK-0011,2.0,20170601,,47000000.0,0.0,47000000.0,Critical,,47000000.0,Unknown,"Operational risk event: Clients, products & business practices caused by People in Asset management located in Unknown province, Unknown city."
3046,RISK-0011,2.0,20170601,,500000.0,0.0,500000.0,High,,500000.0,Unknown,"Operational risk event: Clients, products & business practices caused by People in Asset management located in Jilin, Jilin."
3047,RISK-0063,9.0,20170601,,400000.0,0.0,400000.0,High,,400000.0,Unknown,"Operational risk event: Clients, products & business practices caused by People in Trading & sales located in Unknown province, Unknown city."
3048,RISK-0008,9.0,20170601,,100000.0,0.0,100000.0,Medium,,100000.0,Unknown,"Operational risk event: Internal fraud caused by People in Trading & sales located in Unknown province, Unknown city."
3049,RISK-0063,9.0,20170601,,480000.0,0.0,480000.0,High,,480000.0,Unknown,"Operational risk event: Clients, products & business practices caused by People in Trading & sales located in Unknown province, Unknown city."
3050,RISK-0009,7.0,20170601,,300000.0,0.0,300000.0,High,,300000.0,Unknown,"Operational risk event: Execution, delivery & process management caused by People in Retail banking located in Unknown province, Shaoxing."
3051,RISK-0011,2.0,20170601,,400000.0,0.0,400000.0,High,,400000.0,Unknown,"Operational risk event: Clients, products & business practices caused by People in Asset management located in Unknown province, Shaoxing."
3052,RISK-0071,2.0,20170601,,300000.0,0.0,300000.0,High,,300000.0,Unknown,"Operational risk event: Execution, delivery & process management caused by People in Asset management located in Beijing, Shaoxing."
3053,RISK-0057,2.0,20170601,,300000.0,0.0,300000.0,High,,300000.0,Unknown,"Operational risk event: Clients, products & business practices caused by Process in Asset management located in Beijing,Shanxi, Unknown city."
3054,RISK-0071,2.0,20170601,,200000.0,0.0,200000.0,Medium,,200000.0,Unknown,"Operational risk event: Execution, delivery & process management caused by People in Asset management located in Beijing,Shanxi, Taiyuan."
3055,RISK-0045,2.0,20170601,,300000.0,0.0,300000.0,High,,300000.0,Unknown,"Operational risk event: Execution, delivery & process management caused by Process in Asset management located in Unknown province, Unknown city."
3056,RISK-0031,2.0,20170601,,200000.0,0.0,200000.0,Medium,,200000.0,Unknown,"Operational risk event: Internal fraud caused by People in Asset management located in Unknown province, Unknown city."
3057,RISK-0045,2.0,20170601,,200000.0,0.0,200000.0,Medium,,200000.0,Unknown,"Operational risk event: Execution, delivery & process management caused by Process in Asset management located in Unknown province, Qinzhou."
3058,RISK-0057,2.0,20170601,,200000.0,0.0,200000.0,Medium,,200000.0,Unknown,"Operational risk event: Clients, products & business practices caused by Process in Asset management located in Unknown province, Unknown city."
3059,RISK-0031,2.0,20170601,,200000.0,0.0,200000.0,Medium,,200000.0,Unknown,"Operational risk event: Internal fraud caused by People in Asset management located in Guangxi, Unknown city."
3060,RISK-0066,2.0,20170601,,50000.0,0.0,50000.0,Medium,,50000.0,Unknown,"Operational risk event: Internal fraud caused by Process in Asset management located in Chongqing, Unknown city."
3061,RISK-0031,2.0,20170601,,200000.0,0.0,200000.0,Medium,,200000.0,Unknown,"Operational risk event: Internal fraud caused by People in Asset management located in Chongqing, Unknown city."
3062,RISK-0011,2.0,20170601,,500000.0,0.0,500000.0,High,,500000.0,Unknown,"Operational risk event: Clients, products & business practices caused by People in Asset management located in Chongqing, Unknown city."
3063,RISK-0071,2.0,20170601,,200000.0,0.0,200000.0,Medium,,200000.0,Unknown,"Operational risk event: Execution, delivery & process management caused by People in Asset management located in Beijing, Dalian."
3064,RISK-0071,2.0,20170601,,200000.0,0.0,200000.0,Medium,,200000.0,Unknown,"Operational risk event: Execution, delivery & process management caused by People in Asset management located in Beijing, Dalian."
3065,RISK-0031,2.0,20170501,,300000.0,0.0,300000.0,High,,300000.0,Unknown,"Operational risk event: Internal fraud caused by People in Asset management located in Unknown province, Lishui."
3066,RISK-0034,5.0,20170501,,600000.0,0.0,600000.0,High,,600000.0,Unknown,"Operational risk event: Employment practices and workplace safety caused by Process in No business line located in Beijing, Unknown city."
3067,RISK-0045,2.0,20170501,,200000.0,0.0,200000.0,Medium,,200000.0,Unknown,"Operational risk event: Execution, delivery & process management caused by Process in Asset management located in Unknown province, Unknown city."
3068,RISK-0070,6.0,20170301,,200000.0,0.0,200000.0,Medium,,200000.0,Unknown,"Operational risk event: Clients, products & business practices caused by People in Payment and settlement located in Beijing,Guangxi, Nanchang,Rizhao,Nanning."
3069,RISK-0070,6.0,20170301,,450000.0,0.0,450000.0,High,,450000.0,Unknown,"Operational risk event: Clients, products & business practices caused by People in Payment and settlement located in Unknown province, Unknown city."
3070,RISK-0011,2.0,20170101,,300000.0,0.0,300000.0,High,,300000.0,Unknown,"Operational risk event: Clients, products & business practices caused by People in Asset management located in Beijing,Tianjin,Jilin, Shuozhou,Dalian,Shenyang,Jilin,Changzhou,Wenzhou,Jinhua,Nanning."
3071,RISK-0031,2.0,20170101,,300000.0,0.0,300000.0,High,,300000.0,Unknown,"Operational risk event: Internal fraud caused by People in Asset management located in Unknown province, Unknown city."
3072,RISK-0031,2.0,20170101,,750000.0,0.0,750000.0,High,,750000.0,Unknown,"Operational risk event: Internal fraud caused by People in Asset management located in Unknown province, Unknown city."
3073,RISK-0031,2.0,20170101,,1600000.0,0.0,1600000.0,Critical,,1600000.0,Unknown,"Operational risk event: Internal fraud caused by People in Asset management located in Unknown province, Unknown city."
3074,RISK-0011,2.0,20170201,,500000.0,0.0,500000.0,High,,500000.0,Unknown,"Operational risk event: Clients, products & business practices caused by People in Asset management located in Shanghai,Jiangsu, Suzhou,Lishui,Linyi,Shenzhen."
3075,RISK-0011,2.0,20161201,,300000.0,0.0,300000.0,High,,300000.0,Unknown,"Operational risk event: Clients, products & business practices caused by People in Asset management located in Unknown province, Taizhou."
3076,RISK-0045,2.0,20161201,,250000.0,0.0,250000.0,High,,250000.0,Unknown,"Operational risk event: Execution, delivery & process management caused by Process in Asset management located in Beijing, Wuxi."
3077,RISK-0071,2.0,20161101,,500000.0,0.0,500000.0,High,,500000.0,Unknown,"Operational risk event: Execution, delivery & process management caused by People in Asset management located in Zhejiang, Shaoxing."
3078,RISK-0045,2.0,20161001,,200000.0,0.0,200000.0,Medium,,200000.0,Unknown,"Operational risk event: Execution, delivery & process management caused by Process in Asset management located in Shaanxi, Weinan."
3079,RISK-0045,2.0,20161001,,300000.0,0.0,300000.0,High,,300000.0,Unknown,"Operational risk event: Execution, delivery & process management caused by Process in Asset management located in Jiangsu, Suzhou."
3080,RISK-0071,2.0,20161001,,100000.0,0.0,100000.0,Medium,,100000.0,Unknown,"Operational risk event: Execution, delivery & process management caused by People in Asset management located in Unknown province, Chengdu."
3081,RISK-0045,2.0,20161001,,20000.0,0.0,20000.0,Low,,20000.0,Unknown,"Operational risk event: Execution, delivery & process management caused by Process in Asset management located in Unknown province, Jiuquan."
3082,RISK-0009,7.0,20161001,,210000.0,0.0,210000.0,Medium,,210000.0,Unknown,"Operational risk event: Execution, delivery & process management caused by People in Retail banking located in Unknown province, Unknown city."
3083,RISK-0071,2.0,20160801,,300000.0,0.0,300000.0,High,,300000.0,Unknown,"Operational risk event: Execution, delivery & process management caused by People in Asset management located in Sichuan, Chengdu."
3084,RISK-0015,7.0,20160701,,300000.0,0.0,300000.0,High,,300000.0,Unknown,"Operational risk event: Clients, products & business practices caused by Process in Retail banking located in Guangdong, Shenzhen."
3085,RISK-0086,5.0,20160601,,1500000.0,0.0,1500000.0,Critical,,1500000.0,Unknown,"Operational risk event: Execution, delivery & process management caused by Process in No business line located in Hunan, Changsha."
3086,RISK-0070,6.0,20160601,,600000.0,0.0,600000.0,High,,600000.0,Unknown,"Operational risk event: Clients, products & business practices caused by People in Payment and settlement located in Unknown province, Unknown city."
3087,RISK-0063,9.0,20160601,,200000.0,0.0,200000.0,Medium,,200000.0,Unknown,"Operational risk event: Clients, products & business practices caused by People in Trading & sales located in Guangxi, Unknown city."
3088,RISK-0071,2.0,20160501,,400000.0,0.0,400000.0,High,,400000.0,Unknown,"Operational risk event: Execution, delivery & process management caused by People in Asset management located in Unknown province, Dongguan."
3089,RISK-0058,9.0,20151201,,600000.0,0.0,600000.0,High,,600000.0,Unknown,"Operational risk event: Clients, products & business practices caused by Process in Trading & sales located in Beijing, Dongguan."
3090,RISK-0016,3.0,20160501,,500000.0,0.0,500000.0,High,,500000.0,Unknown,"Operational risk event: Clients, products & business practices caused by Process in Commercial banking located in Sichuan, Chengdu,Dazhou,Leshan,Meishan."
3091,RISK-0034,5.0,20160401,,200000.0,0.0,200000.0,Medium,,200000.0,Unknown,"Operational risk event: Employment practices and workplace safety caused by Process in No business line located in Tianjin,Jilin,Shanghai,Hubei, Jilin,Wenzhou,Huangshi."
3092,RISK-0003,6.0,,,27980.0,0.0,27980.0,Low,,27980.0,Unknown,"Operational risk event: Internal fraud caused by People in Payment and settlement located in Unknown province, Unknown city."
3093,RISK-0012,5.0,20160401,,205000.0,0.0,205000.0,Medium,,205000.0,Unknown,"Operational risk event: Clients, products & business practices caused by People in No business line located in Shanghai,Zhejiang,Guizhou,Inner mongolia, Wenzhou,Hangzhou,Guiyang."
3094,RISK-0031,2.0,20151201,,200000.0,0.0,200000.0,Medium,,200000.0,Unknown,"Operational risk event: Internal fraud caused by People in Asset management located in Unknown province, Zhuhai."
3095,RISK-0031,2.0,20151201,,200000.0,0.0,200000.0,Medium,,200000.0,Unknown,"Operational risk event: Internal fraud caused by People in Asset management located in Unknown province, Unknown city."
3096,RISK-0011,2.0,20151201,,400000.0,0.0,400000.0,High,,400000.0,Unknown,"Operational risk event: Clients, products & business practices caused by People in Asset management located in Shanghai,Hunan, Changsha."
3097,RISK-0005,7.0,,,2430000.0,0.0,2430000.0,Critical,,2430000.0,Unknown,"Operational risk event: Internal fraud caused by People in Retail banking located in Unknown province, Nanjing."
3098,RISK-0001,3.0,20050301,,32297000.0,0.0,32297000.0,Critical,,32297000.0,Unknown,"Operational risk event: Internal fraud caused by People in Commercial banking located in Liaoning, Panjin."
3099,RISK-0025,7.0,,,40636.0,0.0,40636.0,Low,,40636.0,Unknown,"Operational risk event: External fraud caused by External event in Retail banking located in Unknown province, Shenzhen."
3100,RISK-0001,3.0,,,37730015.14,0.0,37730015.14,Critical,,37730015.14,Unknown,"Operational risk event: Internal fraud caused by People in Commercial banking located in Liaoning,Shaanxi,Qinghai, Xi'an,Xining."
3101,RISK-0001,3.0,,,508000000.0,0.0,508000000.0,Critical,,508000000.0,Unknown,"Operational risk event: Internal fraud caused by People in Commercial banking located in Zhejiang, Wenzhou."
3102,RISK-0025,7.0,20220301,,67715.0,0.0,67715.0,Medium,,67715.0,Unknown,"Operational risk event: External fraud caused by External event in Retail banking located in Jiangxi,Guangdong, Unknown city."
3103,RISK-0001,3.0,,,1823000000.0,0.0,1823000000.0,Critical,,1823000000.0,Unknown,"Operational risk event: Internal fraud caused by People in Commercial banking located in Beijing,Shandong,Hainan, Unknown city."
3104,RISK-0005,7.0,,,33690000.0,0.0,33690000.0,Critical,,33690000.0,Unknown,"Operational risk event: Internal fraud caused by People in Retail banking located in Beijing,Shandong,Hainan, Unknown city."
3105,RISK-0057,2.0,20190101,,11410000.0,0.0,11410000.0,Critical,,11410000.0,Unknown,"Operational risk event: Clients, products & business practices caused by Process in Asset management located in Unknown province, Guiyang."
3106,RISK-0050,7.0,20160101,,220000000.0,0.0,220000000.0,Critical,,220000000.0,Unknown,"Operational risk event: Internal fraud caused by Process in Retail banking located in Zhejiang, Huaihua."
3107,RISK-0025,7.0,,,400000.0,0.0,400000.0,High,,400000.0,Unknown,"Operational risk event: External fraud caused by External event in Retail banking located in Beijing, Unknown city."
3108,RISK-0005,7.0,20130801,,1370000.0,0.0,1370000.0,Critical,,1370000.0,Unknown,"Operational risk event: Internal fraud caused by People in Retail banking located in Heilongjiang, Sanya."
3109,RISK-0063,9.0,20121001,,1600000.0,0.0,1600000.0,Critical,,1600000.0,Unknown,"Operational risk event: Clients, products & business practices caused by People in Trading & sales located in Beijing, Unknown city."
3110,RISK-0016,3.0,20110501,,21000000.0,0.0,21000000.0,Critical,,21000000.0,Unknown,"Operational risk event: Clients, products & business practices caused by Process in Commercial banking located in Sichuan, Chengdu,Guiyang."
3111,RISK-0001,3.0,,,1043000000.0,0.0,1043000000.0,Critical,,1043000000.0,Unknown,"Operational risk event: Internal fraud caused by People in Commercial banking located in Liaoning, Unknown city."
3112,RISK-0005,7.0,20180901,,253360000.0,0.0,253360000.0,Critical,,253360000.0,Unknown,"Operational risk event: Internal fraud caused by People in Retail banking located in Shanghai,Guangxi, Shenzhen,Nanning."
3113,RISK-0054,1.0,,,34100.0,0.0,34100.0,Low,,34100.0,Unknown,"Operational risk event: Clients, products & business practices caused by People in Agency services located in Beijing,Shanghai,Chongqing, Shenyang,Shenzhen."
3114,RISK-0054,1.0,,,39000.0,0.0,39000.0,Low,,39000.0,Unknown,"Operational risk event: Clients, products & business practices caused by People in Agency services located in Beijing,Shanghai,Chongqing, Shenyang,Shenzhen."
3115,RISK-0054,1.0,,,24800.0,0.0,24800.0,Low,,24800.0,Unknown,"Operational risk event: Clients, products & business practices caused by People in Agency services located in Beijing,Shanghai,Chongqing, Shenyang,Shenzhen."
3116,RISK-0001,3.0,,,20155000.0,0.0,20155000.0,Critical,,20155000.0,Unknown,"Operational risk event: Internal fraud caused by People in Commercial banking located in Inner mongolia,Shanghai,Fujian,Guangxi,Qinghai,Inner mongolia, Xining,Haidong."
3117,RISK-0001,3.0,,,506500000.0,0.0,506500000.0,Critical,,506500000.0,Unknown,"Operational risk event: Internal fraud caused by People in Commercial banking located in Inner mongolia,Shanghai,Fujian,Guangxi,Qinghai,Inner mongolia, Xining,Haidong."
3118,RISK-0068,7.0,20130301,,356000000.0,0.0,356000000.0,Critical,,356000000.0,Unknown,"Operational risk event: External fraud caused by People in Retail banking located in Hebei,Hubei, Baoding,Dalian,Zhoukou."
3119,RISK-0005,7.0,20210101,,2600000.0,0.0,2600000.0,Critical,,2600000.0,Unknown,"Operational risk event: Internal fraud caused by People in Retail banking located in Jilin, Jilin."
3120,RISK-0031,2.0,20160101,,786000000.0,0.0,786000000.0,Critical,,786000000.0,Unknown,"Operational risk event: Internal fraud caused by People in Asset management located in Shanghai, Hangzhou."
3121,RISK-0025,7.0,20021101,,40000.0,0.0,40000.0,Low,,40000.0,Unknown,"Operational risk event: External fraud caused by External event in Retail banking located in Unknown province, Unknown city."
3122,RISK-0018,3.0,20201101,,120000000.0,0.0,120000000.0,Critical,,120000000.0,Unknown,"Operational risk event: Execution, delivery & process management caused by Process in Commercial banking located in Unknown province, Nanjing,Nantong."
3123,RISK-0005,7.0,,,2890000.0,0.0,2890000.0,Critical,,2890000.0,Unknown,"Operational risk event: Internal fraud caused by People in Retail banking located in Unknown province, Unknown city."
3124,RISK-0025,7.0,20181001,,24000000.0,0.0,24000000.0,Critical,,24000000.0,Unknown,"Operational risk event: External fraud caused by External event in Retail banking located in Shandong, Liaocheng."
3125,RISK-0065,6.0,20200501,,2997.0,0.0,2997.0,Low,,2997.0,Unknown,"Operational risk event: Clients, products & business practices caused by Process in Payment and settlement located in Tianjin,Shanghai,Jiangsu, Unknown city."
3126,RISK-0092,4.0,20180301,,23000000.0,0.0,23000000.0,Critical,,23000000.0,Unknown,"Operational risk event: Clients, products & business practices caused by Process in Corporate finance located in Tianjin,Shanghai,Jiangsu, Unknown city."
3127,RISK-0065,6.0,,,1832700.0,0.0,1832700.0,Critical,,1832700.0,Unknown,"Operational risk event: Clients, products & business practices caused by Process in Payment and settlement located in Tianjin,Shanghai,Jiangsu, Unknown city."
3128,RISK-0065,6.0,20190101,,16299.999999999998,0.0,16299.999999999998,Low,,16299.999999999998,Unknown,"Operational risk event: Clients, products & business practices caused by Process in Payment and settlement located in Tianjin,Shanghai,Jiangsu, Unknown city."
3129,RISK-0016,3.0,20201001,,78000.0,0.0,78000.0,Medium,,78000.0,Unknown,"Operational risk event: Clients, products & business practices caused by Process in Commercial banking located in Tianjin,Shanghai,Jiangsu, Unknown city."
3130,RISK-0065,6.0,20181001,,714800.0,0.0,714800.0,High,,714800.0,Unknown,"Operational risk event: Clients, products & business practices caused by Process in Payment and settlement located in Tianjin,Shanghai,Jiangsu, Unknown city."
3131,RISK-0001,3.0,20140301,,39000000.0,0.0,39000000.0,Critical,,39000000.0,Unknown,"Operational risk event: Internal fraud caused by People in Commercial banking located in Beijing,Heilongjiang, Harbin."
3132,RISK-0005,7.0,20190301,,12000000.0,0.0,12000000.0,Critical,,12000000.0,Unknown,"Operational risk event: Internal fraud caused by People in Retail banking located in Shanxi,Ningxia, Taiyuan."
3133,RISK-0005,7.0,,,12000000.0,0.0,12000000.0,Critical,,12000000.0,Unknown,"Operational risk event: Internal fraud caused by People in Retail banking located in Hunan, Unknown city."
3134,RISK-0001,3.0,20150401,,1470000000.0,0.0,1470000000.0,Critical,,1470000000.0,Unknown,"Operational risk event: Internal fraud caused by People in Commercial banking located in Tianjin,Fujian, Xiamen."
3135,RISK-0001,3.0,20140401,,2276000000.0,0.0,2276000000.0,Critical,,2276000000.0,Unknown,"Operational risk event: Internal fraud caused by People in Commercial banking located in Tianjin,Fujian, Xiamen."
3136,RISK-0041,7.0,20210901,,5000000.0,0.0,5000000.0,Critical,,5000000.0,Unknown,"Operational risk event: Execution, delivery & process management caused by External event in Retail banking located in Shanghai, Unknown city."
3137,RISK-0023,3.0,20160401,,2800000.0,0.0,2800000.0,Critical,,2800000.0,Unknown,"Operational risk event: External fraud caused by External event in Commercial banking located in Unknown province, Unknown city."
3138,RISK-0005,7.0,20141101,,12320000.0,0.0,12320000.0,Critical,,12320000.0,Unknown,"Operational risk event: Internal fraud caused by People in Retail banking located in Shanxi,Shaanxi, Yiyang,Yulin,Yan'an."
3139,RISK-0005,7.0,20141101,,2820000.0,0.0,2820000.0,Critical,,2820000.0,Unknown,"Operational risk event: Internal fraud caused by People in Retail banking located in Shanxi,Shaanxi, Yiyang,Yulin,Yan'an."
3140,RISK-0001,3.0,20150901,,2600000000.0,0.0,2600000000.0,Critical,,2600000000.0,Unknown,"Operational risk event: Internal fraud caused by People in Commercial banking located in Beijing,Hebei,Zhejiang, Shijiazhuang,Langfang,Wenzhou."
3141,RISK-0005,7.0,20150801,,3000000.0,0.0,3000000.0,Critical,,3000000.0,Unknown,"Operational risk event: Internal fraud caused by People in Retail banking located in Shanxi, Unknown city."
3142,RISK-0002,5.0,,,890000000.0,0.0,890000000.0,Critical,,890000000.0,Unknown,"Operational risk event: Internal fraud caused by People in No business line located in Shandong,Yunnan,Hongkong, Qingdao,Yantai,Dongying."
3143,RISK-0001,3.0,,,4800000000.0,0.0,4800000000.0,Critical,,4800000000.0,Unknown,"Operational risk event: Internal fraud caused by People in Commercial banking located in Shandong,Yunnan,Hongkong, Qingdao,Yantai,Dongying."
3144,RISK-0001,3.0,20170401,,3500000000.0,0.0,3500000000.0,Critical,,3500000000.0,Unknown,"Operational risk event: Internal fraud caused by People in Commercial banking located in Shandong,Yunnan,Hongkong, Qingdao,Yantai,Dongying."
3145,RISK-0001,3.0,,,10180000.0,0.0,10180000.0,Critical,,10180000.0,Unknown,"Operational risk event: Internal fraud caused by People in Commercial banking located in Shandong,Yunnan,Hongkong, Qingdao,Yantai,Dongying."
3146,RISK-0080,5.0,20190601,,415300.0,0.0,415300.0,High,,415300.0,Unknown,"Operational risk event: Employment practices and workplace safety caused by People in No business line located in Beijing,Shandong, Qingdao."
3147,RISK-0005,7.0,20200401,,12820000.0,0.0,12820000.0,Critical,,12820000.0,Unknown,"Operational risk event: Internal fraud caused by People in Retail banking located in Guizhou, Tongren."
3148,RISK-0005,7.0,,,500000.0,0.0,500000.0,High,,500000.0,Unknown,"Operational risk event: Internal fraud caused by People in Retail banking located in Shanxi,Jiangsu,Chongqing,Guizhou,Tibet, Unknown city."
3149,RISK-0036,6.0,20160301,,68591400.0,0.0,68591400.0,Critical,,68591400.0,Unknown,"Operational risk event: Internal fraud caused by Process in Payment and settlement located in Zhejiang, Ordos,Nantong,Jiaxing,Ningde,Qingdao."
3150,RISK-0089,2.0,20161201,,17490000.0,0.0,17490000.0,Critical,,17490000.0,Unknown,"Operational risk event: Execution, delivery & process management caused by External event in Asset management located in Beijing, Unknown city."
3151,RISK-0008,9.0,20150601,,20993500.0,0.0,20993500.0,Critical,,20993500.0,Unknown,"Operational risk event: Internal fraud caused by People in Trading & sales located in Hainan, Sanya,Ali."
3152,RISK-0065,6.0,20150301,,35736400.0,0.0,35736400.0,Critical,,35736400.0,Unknown,"Operational risk event: Clients, products & business practices caused by Process in Payment and settlement located in Beijing,Shanghai, Hangzhou,Jiaxing,Quanzhou,Nanchang,Dongguan,Foshan,Nanning,Kunming."
3153,RISK-0065,6.0,20190101,,23036000.0,0.0,23036000.0,Critical,,23036000.0,Unknown,"Operational risk event: Clients, products & business practices caused by Process in Payment and settlement located in Beijing,Shanghai, Hangzhou,Jiaxing,Quanzhou,Nanchang,Dongguan,Foshan,Nanning,Kunming."
3154,RISK-0065,6.0,20190301,,500000.0,0.0,500000.0,High,,500000.0,Unknown,"Operational risk event: Clients, products & business practices caused by Process in Payment and settlement located in Beijing,Shanghai, Hangzhou,Jiaxing,Quanzhou,Nanchang,Dongguan,Foshan,Nanning,Kunming."
3155,RISK-0041,7.0,20090701,,1000000.0,0.0,1000000.0,Critical,,1000000.0,Unknown,"Operational risk event: Execution, delivery & process management caused by External event in Retail banking located in Unknown province, Unknown city."
3156,RISK-0001,3.0,20091101,,1300000000.0,0.0,1300000000.0,Critical,,1300000000.0,Unknown,"Operational risk event: Internal fraud caused by People in Commercial banking located in Jilin, Jilin,Yanbian."
3157,RISK-0001,3.0,20180201,,7500000.0,0.0,7500000.0,Critical,,7500000.0,Unknown,"Operational risk event: Internal fraud caused by People in Commercial banking located in Gansu, Unknown city."
3158,RISK-0001,3.0,20091101,,700000000.0,0.0,700000000.0,Critical,,700000000.0,Unknown,"Operational risk event: Internal fraud caused by People in Commercial banking located in Unknown province, Yanbian."
3159,RISK-0001,3.0,,,14030000.0,0.0,14030000.0,Critical,,14030000.0,Unknown,"Operational risk event: Internal fraud caused by People in Commercial banking located in Unknown province, Yanbian."
3160,RISK-0025,7.0,20060201,,150000000.0,0.0,150000000.0,Critical,,150000000.0,Unknown,"Operational risk event: External fraud caused by External event in Retail banking located in Inner mongolia,Jiangsu,Inner mongolia, Hohhot,Ordos,Ali."
3161,RISK-0025,7.0,20200901,,268000.0,0.0,268000.0,High,,268000.0,Unknown,"Operational risk event: External fraud caused by External event in Retail banking located in Zhejiang, Jiaxing."
3162,RISK-0093,1.0,20190101,,47630000.0,0.0,47630000.0,Critical,,47630000.0,Unknown,"Operational risk event: Clients, products & business practices caused by Process in Agency services located in Unknown province, Unknown city."
3163,RISK-0001,3.0,20170201,,3000000.0,0.0,3000000.0,Critical,,3000000.0,Unknown,"Operational risk event: Internal fraud caused by People in Commercial banking located in Henan, Unknown city."
3164,RISK-0001,3.0,20100601,,41000000.0,0.0,41000000.0,Critical,,41000000.0,Unknown,"Operational risk event: Internal fraud caused by People in Commercial banking located in Unknown province, Huaihua."
3165,RISK-0005,7.0,20160801,,2050000.0,0.0,2050000.0,Critical,,2050000.0,Unknown,"Operational risk event: Internal fraud caused by People in Retail banking located in Tianjin, Unknown city."
3166,RISK-0008,9.0,20130501,,50000000.0,0.0,50000000.0,Critical,,50000000.0,Unknown,"Operational risk event: Internal fraud caused by People in Trading & sales located in Hunan, Changsha,Zhuzhou."
3167,RISK-0058,9.0,20150501,,160000.0,0.0,160000.0,Medium,,160000.0,Unknown,"Operational risk event: Clients, products & business practices caused by Process in Trading & sales located in Beijing, Shenyang."
3168,RISK-0025,7.0,20191001,,156344.0,0.0,156344.0,Medium,,156344.0,Unknown,"Operational risk event: External fraud caused by External event in Retail banking located in Fujian,Jiangxi,Hainan, Sanya."
3169,RISK-0025,7.0,20201201,,42246.0,0.0,42246.0,Low,,42246.0,Unknown,"Operational risk event: External fraud caused by External event in Retail banking located in Fujian,Jiangxi,Hainan, Sanya."
3170,RISK-0001,3.0,20140901,,40000000.0,0.0,40000000.0,Critical,,40000000.0,Unknown,"Operational risk event: Internal fraud caused by People in Commercial banking located in Beijing,Jiangsu, Xuzhou."
3171,RISK-0005,7.0,20200301,,22390000.0,0.0,22390000.0,Critical,,22390000.0,Unknown,"Operational risk event: Internal fraud caused by People in Retail banking located in Beijing,Jiangxi, Nanchang."
3172,RISK-0025,7.0,20191201,,218800.0,0.0,218800.0,Medium,,218800.0,Unknown,"Operational risk event: External fraud caused by External event in Retail banking located in Zhejiang, Wenzhou."
3173,RISK-0005,7.0,19980101,,599400.0,0.0,599400.0,High,,599400.0,Unknown,"Operational risk event: Internal fraud caused by People in Retail banking located in Guizhou, Unknown city."
3174,RISK-0005,7.0,20180901,,32470000.0,0.0,32470000.0,Critical,,32470000.0,Unknown,"Operational risk event: Internal fraud caused by People in Retail banking located in Tianjin, Unknown city."
3175,RISK-0005,7.0,20110701,,71140000.0,0.0,71140000.0,Critical,,71140000.0,Unknown,"Operational risk event: Internal fraud caused by People in Retail banking located in Hunan, Huaihua."
3176,RISK-0003,6.0,,,106200000.0,0.0,106200000.0,Critical,,106200000.0,Unknown,"Operational risk event: Internal fraud caused by People in Payment and settlement located in Jiangsu,Zhejiang,Sichuan, Linfen,Panjin,Hangzhou,Chengdu,Dazhou."
3177,RISK-0024,6.0,20180101,,9060000.0,0.0,9060000.0,Critical,,9060000.0,Unknown,"Operational risk event: External fraud caused by External event in Payment and settlement located in Beijing,Shanghai, Unknown city."
3178,RISK-0001,3.0,20150501,,3319000000.0,0.0,3319000000.0,Critical,,3319000000.0,Unknown,"Operational risk event: Internal fraud caused by People in Commercial banking located in Unknown province, Nanjing."
3179,RISK-0003,6.0,20140901,,180000000.0,0.0,180000000.0,Critical,,180000000.0,Unknown,"Operational risk event: Internal fraud caused by People in Payment and settlement located in Sichuan, Linfen,Panjin,Nantong,Jiaxing,Qingdao,Chengdu,Dazhou."
3180,RISK-0025,7.0,20170301,,2200000.0,0.0,2200000.0,Critical,,2200000.0,Unknown,"Operational risk event: External fraud caused by External event in Retail banking located in Unknown province, Shangqiu."
3181,RISK-0001,3.0,20150901,,582000000.0,0.0,582000000.0,Critical,,582000000.0,Unknown,"Operational risk event: Internal fraud caused by People in Commercial banking located in Chongqing,Sichuan, Chengdu,Panzhihua."
3182,RISK-0001,3.0,20150901,,470000000.0,0.0,470000000.0,Critical,,470000000.0,Unknown,"Operational risk event: Internal fraud caused by People in Commercial banking located in Chongqing,Sichuan, Chengdu,Panzhihua."
3183,RISK-0001,3.0,20150901,,470000000.0,0.0,470000000.0,Critical,,470000000.0,Unknown,"Operational risk event: Internal fraud caused by People in Commercial banking located in Chongqing,Sichuan, Chengdu,Panzhihua."
3184,RISK-0001,3.0,20170601,,8000000.0,0.0,8000000.0,Critical,,8000000.0,Unknown,"Operational risk event: Internal fraud caused by People in Commercial banking located in Unknown province, Binzhou."
3185,RISK-0054,1.0,20150501,,70000.0,0.0,70000.0,Medium,,70000.0,Unknown,"Operational risk event: Clients, products & business practices caused by People in Agency services located in Beijing, Unknown city."
3186,RISK-0023,3.0,20140901,,60000000.0,0.0,60000000.0,Critical,,60000000.0,Unknown,"Operational risk event: External fraud caused by External event in Commercial banking located in Jiangxi, Xiamen,Fuzhou."
3187,RISK-0023,3.0,20180301,,2600000.0,0.0,2600000.0,Critical,,2600000.0,Unknown,"Operational risk event: External fraud caused by External event in Commercial banking located in Shandong, Jining."
3188,RISK-0003,6.0,20130501,,4070000.0,0.0,4070000.0,Critical,,4070000.0,Unknown,"Operational risk event: Internal fraud caused by People in Payment and settlement located in Jilin, Jilin,Liaoyuan."
3189,RISK-0001,3.0,20130401,,12530000.0,0.0,12530000.0,Critical,,12530000.0,Unknown,"Operational risk event: Internal fraud caused by People in Commercial banking located in Jilin, Jilin,Liaoyuan."
3190,RISK-0001,3.0,20161201,,200000000.0,0.0,200000000.0,Critical,,200000000.0,Unknown,"Operational risk event: Internal fraud caused by People in Commercial banking located in Beijing,Inner mongolia,Inner mongolia, Yantai."
3191,RISK-0094,9.0,,,33970540.0,0.0,33970540.0,Critical,,33970540.0,Unknown,"Operational risk event: Internal fraud caused by Process in Trading & sales located in Shanghai,Shandong, Jinan,Liaocheng."
3192,RISK-0008,9.0,20080601,,2229000000.0,0.0,2229000000.0,Critical,,2229000000.0,Unknown,"Operational risk event: Internal fraud caused by People in Trading & sales located in Shanghai,Shandong, Jinan,Liaocheng."
3193,RISK-0008,9.0,20080601,,25369600.0,0.0,25369600.0,Critical,,25369600.0,Unknown,"Operational risk event: Internal fraud caused by People in Trading & sales located in Shanghai,Shandong, Jinan,Liaocheng."
3194,RISK-0009,7.0,20131001,,400000.0,0.0,400000.0,High,,400000.0,Unknown,"Operational risk event: Execution, delivery & process management caused by People in Retail banking located in Unknown province, Nanjing."
3195,RISK-0005,7.0,20150601,,769000.0,0.0,769000.0,High,,769000.0,Unknown,"Operational risk event: Internal fraud caused by People in Retail banking located in Hubei, Unknown city."
3196,RISK-0031,2.0,20181101,,500000000.0,0.0,500000000.0,Critical,,500000000.0,Unknown,"Operational risk event: Internal fraud caused by People in Asset management located in Shanxi, Jinzhong,Dazhou."
3197,RISK-0023,3.0,20160301,,6000000.0,0.0,6000000.0,Critical,,6000000.0,Unknown,"Operational risk event: External fraud caused by External event in Commercial banking located in Shandong, Jinan,Heze."
3198,RISK-0005,7.0,20140301,,32000000.0,0.0,32000000.0,Critical,,32000000.0,Unknown,"Operational risk event: Internal fraud caused by People in Retail banking located in Jiangxi, Nanchang."
3199,RISK-0023,3.0,20141001,,837000000.0,0.0,837000000.0,Critical,,837000000.0,Unknown,"Operational risk event: External fraud caused by External event in Commercial banking located in Shanghai, Hangzhou."
3200,RISK-0001,3.0,,,370000000.0,0.0,370000000.0,Critical,,370000000.0,Unknown,"Operational risk event: Internal fraud caused by People in Commercial banking located in Hebei,Qinghai, Xining."
3201,RISK-0023,3.0,20130201,,25000000.0,0.0,25000000.0,Critical,,25000000.0,Unknown,"Operational risk event: External fraud caused by External event in Commercial banking located in Shaanxi, Chengdu,Xi'an,Weinan."
3202,RISK-0023,3.0,20130401,,93000000.0,0.0,93000000.0,Critical,,93000000.0,Unknown,"Operational risk event: External fraud caused by External event in Commercial banking located in Sichuan, Liangshan."
3203,RISK-0005,7.0,20181201,,5160000.0,0.0,5160000.0,Critical,,5160000.0,Unknown,"Operational risk event: Internal fraud caused by People in Retail banking located in Gansu,Macao, Jiuquan."
3204,RISK-0029,3.0,,,40000000.0,0.0,40000000.0,Critical,,40000000.0,Unknown,"Operational risk event: Execution, delivery & process management caused by People in Commercial banking located in Ningxia, Unknown city."
3205,RISK-0042,3.0,,,185431627.5,0.0,185431627.5,Critical,,185431627.5,Unknown,"Operational risk event: Execution, delivery & process management caused by External event in Commercial banking located in Beijing,Shanghai,Zhejiang, Jiaxing."
3206,RISK-0001,3.0,,,2600570000.0,0.0,2600570000.0,Critical,,2600570000.0,Unknown,"Operational risk event: Internal fraud caused by People in Commercial banking located in Hebei,Zhejiang, Shijiazhuang,Wenzhou."
3207,RISK-0001,3.0,20121001,,260000000.0,0.0,260000000.0,Critical,,260000000.0,Unknown,"Operational risk event: Internal fraud caused by People in Commercial banking located in Shandong, Binzhou,Dezhou,Beihai."
3208,RISK-0008,9.0,,,2171000000.0,0.0,2171000000.0,Critical,,2171000000.0,Unknown,"Operational risk event: Internal fraud caused by People in Trading & sales located in Beijing,Hainan, Qinhuangdao,Hangzhou,Sanya."
3209,RISK-0001,3.0,20130501,,220000000.0,0.0,220000000.0,Critical,,220000000.0,Unknown,"Operational risk event: Internal fraud caused by People in Commercial banking located in Chongqing,Shaanxi, Unknown city."
3210,RISK-0001,3.0,20130701,,110000000.0,0.0,110000000.0,Critical,,110000000.0,Unknown,"Operational risk event: Internal fraud caused by People in Commercial banking located in Chongqing,Shaanxi, Unknown city."
3211,RISK-0001,3.0,20130701,,40000000.0,0.0,40000000.0,Critical,,40000000.0,Unknown,"Operational risk event: Internal fraud caused by People in Commercial banking located in Chongqing,Shaanxi, Unknown city."
3212,RISK-0001,3.0,20130701,,59500000.0,0.0,59500000.0,Critical,,59500000.0,Unknown,"Operational risk event: Internal fraud caused by People in Commercial banking located in Chongqing,Shaanxi, Unknown city."
3213,RISK-0029,3.0,20100301,,70000000.0,0.0,70000000.0,Critical,,70000000.0,Unknown,"Operational risk event: Execution, delivery & process management caused by People in Commercial banking located in Sichuan, Meishan."
3214,RISK-0001,3.0,20170601,,90000000.0,0.0,90000000.0,Critical,,90000000.0,Unknown,"Operational risk event: Internal fraud caused by People in Commercial banking located in Anhui, Huainan."
3215,RISK-0001,3.0,,,2000000.0,0.0,2000000.0,Critical,,2000000.0,Unknown,"Operational risk event: Internal fraud caused by People in Commercial banking located in Zhejiang,Yunnan, Shaoxing,Dongfang."
3216,RISK-0023,3.0,20150301,,600000000.0,0.0,600000000.0,Critical,,600000000.0,Unknown,"Operational risk event: External fraud caused by External event in Commercial banking located in Beijing,Jilin, Jilin,Changchun,Yanbian."
3217,RISK-0001,3.0,20150601,,6000000.0,0.0,6000000.0,Critical,,6000000.0,Unknown,"Operational risk event: Internal fraud caused by People in Commercial banking located in Heilongjiang, Harbin."
3218,RISK-0063,9.0,20160601,,150441.0,0.0,150441.0,Medium,,150441.0,Unknown,"Operational risk event: Clients, products & business practices caused by People in Trading & sales located in Beijing, Unknown city."
3219,RISK-0005,7.0,,,602000000.0,0.0,602000000.0,Critical,,602000000.0,Unknown,"Operational risk event: Internal fraud caused by People in Retail banking located in Guangdong, Unknown city."
3220,RISK-0005,7.0,20140101,,10500000.0,0.0,10500000.0,Critical,,10500000.0,Unknown,"Operational risk event: Internal fraud caused by People in Retail banking located in Henan, Anyang."
3221,RISK-0023,3.0,20110201,,42063700.0,0.0,42063700.0,Critical,,42063700.0,Unknown,"Operational risk event: External fraud caused by External event in Commercial banking located in Liaoning, Huludao."
3222,RISK-0005,7.0,20140701,,222000000.0,0.0,222000000.0,Critical,,222000000.0,Unknown,"Operational risk event: Internal fraud caused by People in Retail banking located in Hunan, Huaihua."
3223,RISK-0001,3.0,20141101,,19600000.0,0.0,19600000.0,Critical,,19600000.0,Unknown,"Operational risk event: Internal fraud caused by People in Commercial banking located in Inner mongolia,Inner mongolia, Xilin gol."
3224,RISK-0023,3.0,,,14150000.0,0.0,14150000.0,Critical,,14150000.0,Unknown,"Operational risk event: External fraud caused by External event in Commercial banking located in Shandong, Unknown city."
3225,RISK-0005,7.0,,,4361000.0,0.0,4361000.0,Critical,,4361000.0,Unknown,"Operational risk event: Internal fraud caused by People in Retail banking located in Heilongjiang, Jixi."
3226,RISK-0025,7.0,20161001,,4000000.0,0.0,4000000.0,Critical,,4000000.0,Unknown,"Operational risk event: External fraud caused by External event in Retail banking located in Hunan, Unknown city."
3227,RISK-0005,7.0,,,1240000.0,0.0,1240000.0,Critical,,1240000.0,Unknown,"Operational risk event: Internal fraud caused by People in Retail banking located in Unknown province, Unknown city."
3228,RISK-0005,7.0,20150601,,161200.0,0.0,161200.0,Medium,,161200.0,Unknown,"Operational risk event: Internal fraud caused by People in Retail banking located in Henan, Unknown city."
3229,RISK-0025,7.0,,,109000000.0,0.0,109000000.0,Critical,,109000000.0,Unknown,"Operational risk event: External fraud caused by External event in Retail banking located in Hunan, Changsha,Shaoyang,Yiyang."
3230,RISK-0001,3.0,,,167000000.0,0.0,167000000.0,Critical,,167000000.0,Unknown,"Operational risk event: Internal fraud caused by People in Commercial banking located in Hunan, Changsha,Shaoyang,Yiyang."
3231,RISK-0001,3.0,,,270000000.0,0.0,270000000.0,Critical,,270000000.0,Unknown,"Operational risk event: Internal fraud caused by People in Commercial banking located in Hunan, Changsha,Shaoyang,Yiyang."
3232,RISK-0005,7.0,20120301,,20313300.0,0.0,20313300.0,Critical,,20313300.0,Unknown,"Operational risk event: Internal fraud caused by People in Retail banking located in Unknown province, Unknown city."
3233,RISK-0005,7.0,20120301,,4000000.0,0.0,4000000.0,Critical,,4000000.0,Unknown,"Operational risk event: Internal fraud caused by People in Retail banking located in Unknown province, Unknown city."
3234,RISK-0005,7.0,20120301,,1660000.0,0.0,1660000.0,Critical,,1660000.0,Unknown,"Operational risk event: Internal fraud caused by People in Retail banking located in Unknown province, Unknown city."
3235,RISK-0001,3.0,20150301,,20000000.0,0.0,20000000.0,Critical,,20000000.0,Unknown,"Operational risk event: Internal fraud caused by People in Commercial banking located in Sichuan, Huzhou,Chengdu."
3236,RISK-0005,7.0,,,4144000.0,0.0,4144000.0,Critical,,4144000.0,Unknown,"Operational risk event: Internal fraud caused by People in Retail banking located in Inner mongolia,Inner mongolia, Tongliao."
3237,RISK-0001,3.0,20160601,,17600000.0,0.0,17600000.0,Critical,,17600000.0,Unknown,"Operational risk event: Internal fraud caused by People in Commercial banking located in Unknown province, Chaoyang."
3238,RISK-0005,7.0,,,300000.0,0.0,300000.0,High,,300000.0,Unknown,"Operational risk event: Internal fraud caused by People in Retail banking located in Shandong, Unknown city."
3239,RISK-0005,7.0,,,5000000.0,0.0,5000000.0,Critical,,5000000.0,Unknown,"Operational risk event: Internal fraud caused by People in Retail banking located in Shandong, Binzhou."
3240,RISK-0005,7.0,20090301,,9350000.0,0.0,9350000.0,Critical,,9350000.0,Unknown,"Operational risk event: Internal fraud caused by People in Retail banking located in Unknown province, Unknown city."
3241,RISK-0023,3.0,20161201,,40900000.0,0.0,40900000.0,Critical,,40900000.0,Unknown,"Operational risk event: External fraud caused by External event in Commercial banking located in Heilongjiang, Shuangyashan."
3242,RISK-0005,7.0,20060401,,537400.0,0.0,537400.0,High,,537400.0,Unknown,"Operational risk event: Internal fraud caused by People in Retail banking located in Shanxi, Unknown city."
3243,RISK-0005,7.0,20191101,,6658500.0,0.0,6658500.0,Critical,,6658500.0,Unknown,"Operational risk event: Internal fraud caused by People in Retail banking located in Shanxi,Shaanxi, Unknown city."
3244,RISK-0005,7.0,,,12015435.0,0.0,12015435.0,Critical,,12015435.0,Unknown,"Operational risk event: Internal fraud caused by People in Retail banking located in Yunnan, Unknown city."
3245,RISK-0090,6.0,20170901,,12803599.999999998,0.0,12803599.999999998,Critical,,12803599.999999998,Unknown,"Operational risk event: Execution, delivery & process management caused by External event in Payment and settlement located in Shanghai, Unknown city."
3246,RISK-0041,7.0,20040301,,30000.0,0.0,30000.0,Low,,30000.0,Unknown,"Operational risk event: Execution, delivery & process management caused by External event in Retail banking located in Liaoning, Shenyang,Ningde."
3247,RISK-0042,3.0,20150601,,5559415.0,0.0,5559415.0,Critical,,5559415.0,Unknown,"Operational risk event: Execution, delivery & process management caused by External event in Commercial banking located in Unknown province, Dalian,Yingkou."
3248,RISK-0001,3.0,20120601,,490000000.0,0.0,490000000.0,Critical,,490000000.0,Unknown,"Operational risk event: Internal fraud caused by People in Commercial banking located in Beijing,Shanxi,Jilin, Chaoyang,Jilin,Changchun,Yanbian,Tonghua,Shenzhen."
3249,RISK-0001,3.0,,,100000000.0,0.0,100000000.0,Critical,,100000000.0,Unknown,"Operational risk event: Internal fraud caused by People in Commercial banking located in Beijing,Shanxi,Jilin, Chaoyang,Jilin,Changchun,Yanbian,Tonghua,Shenzhen."
3250,RISK-0025,7.0,20190501,,20000.0,0.0,20000.0,Low,,20000.0,Unknown,"Operational risk event: External fraud caused by External event in Retail banking located in Guangdong,Guangxi, Unknown city."
3251,RISK-0005,7.0,20111101,,10000000.0,0.0,10000000.0,Critical,,10000000.0,Unknown,"Operational risk event: Internal fraud caused by People in Retail banking located in Zhejiang,Guangxi, Wenzhou,Guilin,Hezhou."
3252,RISK-0023,3.0,20130901,,113000000.0,0.0,113000000.0,Critical,,113000000.0,Unknown,"Operational risk event: External fraud caused by External event in Commercial banking located in Zhejiang,Anhui,Yunnan, Suzhou."
3253,RISK-0005,7.0,20111101,,10000000.0,0.0,10000000.0,Critical,,10000000.0,Unknown,"Operational risk event: Internal fraud caused by People in Retail banking located in Guangxi, Guilin,Hezhou."
3254,RISK-0023,3.0,20171101,,300000000.0,0.0,300000000.0,Critical,,300000000.0,Unknown,"Operational risk event: External fraud caused by External event in Commercial banking located in Beijing,Tianjin,Hebei,Shanghai,Anhui,Chongqing,Sichuan,Guizhou, Bengbu,Chengdu."
3255,RISK-0023,3.0,20170301,,150000000.0,0.0,150000000.0,Critical,,150000000.0,Unknown,"Operational risk event: External fraud caused by External event in Commercial banking located in Beijing,Tianjin,Hebei,Shanghai,Anhui,Chongqing,Sichuan,Guizhou, Bengbu,Chengdu."
3256,RISK-0023,3.0,20170601,,150000000.0,0.0,150000000.0,Critical,,150000000.0,Unknown,"Operational risk event: External fraud caused by External event in Commercial banking located in Beijing,Tianjin,Hebei,Shanghai,Anhui,Chongqing,Sichuan,Guizhou, Bengbu,Chengdu."
3257,RISK-0023,3.0,20170701,,2800000000.0,0.0,2800000000.0,Critical,,2800000000.0,Unknown,"Operational risk event: External fraud caused by External event in Commercial banking located in Beijing,Tianjin,Hebei,Shanghai,Anhui,Chongqing,Sichuan,Guizhou, Bengbu,Chengdu."
3258,RISK-0001,3.0,20151001,,30000000.0,0.0,30000000.0,Critical,,30000000.0,Unknown,"Operational risk event: Internal fraud caused by People in Commercial banking located in Shanxi, Taiyuan,Datong,Jinzhong."
3259,RISK-0005,7.0,,,3000000.0,0.0,3000000.0,Critical,,3000000.0,Unknown,"Operational risk event: Internal fraud caused by People in Retail banking located in Unknown province, Unknown city."
3260,RISK-0005,7.0,,,17140000.0,0.0,17140000.0,Critical,,17140000.0,Unknown,"Operational risk event: Internal fraud caused by People in Retail banking located in Unknown province, Yiyang,Ziyang."
3261,RISK-0005,7.0,,,3439500.0,0.0,3439500.0,Critical,,3439500.0,Unknown,"Operational risk event: Internal fraud caused by People in Retail banking located in Shandong, Unknown city."
3262,RISK-0005,7.0,,,14418699.999999998,0.0,14418699.999999998,Critical,,14418699.999999998,Unknown,"Operational risk event: Internal fraud caused by People in Retail banking located in Liaoning,Macao, Shenyang,Jinzhou."
3263,RISK-0005,7.0,20021101,,3000000.0,0.0,3000000.0,Critical,,3000000.0,Unknown,"Operational risk event: Internal fraud caused by People in Retail banking located in Zhejiang, Unknown city."
3264,RISK-0005,7.0,20111101,,12000000.0,0.0,12000000.0,Critical,,12000000.0,Unknown,"Operational risk event: Internal fraud caused by People in Retail banking located in Sichuan, Chengdu."
3265,RISK-0024,6.0,20190201,,12830000.0,0.0,12830000.0,Critical,,12830000.0,Unknown,"Operational risk event: External fraud caused by External event in Payment and settlement located in Zhejiang, Fuzhou."
3266,RISK-0001,3.0,20120101,,738000000.0,0.0,738000000.0,Critical,,738000000.0,Unknown,"Operational risk event: Internal fraud caused by People in Commercial banking located in Zhejiang, Hangzhou."
3267,RISK-0025,7.0,,,2600000.0,0.0,2600000.0,Critical,,2600000.0,Unknown,"Operational risk event: External fraud caused by External event in Retail banking located in Unknown province, Jinan."
3268,RISK-0001,3.0,20140701,,19000000.0,0.0,19000000.0,Critical,,19000000.0,Unknown,"Operational risk event: Internal fraud caused by People in Commercial banking located in Shanxi, Unknown city."
3269,RISK-0001,3.0,20120801,,34410000.0,0.0,34410000.0,Critical,,34410000.0,Unknown,"Operational risk event: Internal fraud caused by People in Commercial banking located in Inner mongolia,Inner mongolia, Wuhai,Hengyang."
3270,RISK-0008,9.0,20090901,,1820000.0,0.0,1820000.0,Critical,,1820000.0,Unknown,"Operational risk event: Internal fraud caused by People in Trading & sales located in Beijing,Shaanxi, Unknown city."
3271,RISK-0001,3.0,,,10223000.0,0.0,10223000.0,Critical,,10223000.0,Unknown,"Operational risk event: Internal fraud caused by People in Commercial banking located in Henan, Unknown city."
3272,RISK-0001,3.0,,,1204000.0,0.0,1204000.0,Critical,,1204000.0,Unknown,"Operational risk event: Internal fraud caused by People in Commercial banking located in Henan, Unknown city."
3273,RISK-0074,9.0,20140201,,2780000000.0,0.0,2780000000.0,Critical,,2780000000.0,Unknown,"Operational risk event: External fraud caused by External event in Trading & sales located in Beijing,Hebei,Shanxi,Heilongjiang,Shanghai, Langfang,Ningbo,Bengbu,Qingdao."
3274,RISK-0001,3.0,20120301,,80000000.0,0.0,80000000.0,Critical,,80000000.0,Unknown,"Operational risk event: Internal fraud caused by People in Commercial banking located in Sichuan, Dalian,Chengdu."
3275,RISK-0065,6.0,20151201,,5000000.0,0.0,5000000.0,Critical,,5000000.0,Unknown,"Operational risk event: Clients, products & business practices caused by Process in Payment and settlement located in Beijing, Unknown city."
3276,RISK-0029,3.0,20200301,,40000000.0,0.0,40000000.0,Critical,,40000000.0,Unknown,"Operational risk event: Execution, delivery & process management caused by People in Commercial banking located in Zhejiang, Shenzhen."
3277,RISK-0001,3.0,,,22390000.0,0.0,22390000.0,Critical,,22390000.0,Unknown,"Operational risk event: Internal fraud caused by People in Commercial banking located in Zhejiang, Shenzhen."
3278,RISK-0005,7.0,20120601,,37248400.0,0.0,37248400.0,Critical,,37248400.0,Unknown,"Operational risk event: Internal fraud caused by People in Retail banking located in Fujian, Quanzhou."
3279,RISK-0010,3.0,,,30000000.0,0.0,30000000.0,Critical,,30000000.0,Unknown,"Operational risk event: External fraud caused by People in Commercial banking located in Hunan,Guangxi, Huaihua,Liuzhou."
3280,RISK-0005,7.0,20100901,,1255000.0,0.0,1255000.0,Critical,,1255000.0,Unknown,"Operational risk event: Internal fraud caused by People in Retail banking located in Unknown province, Benxi."
3281,RISK-0001,3.0,20150801,,586000000.0,0.0,586000000.0,Critical,,586000000.0,Unknown,"Operational risk event: Internal fraud caused by People in Commercial banking located in Jilin, Jilin."
3282,RISK-0001,3.0,20120301,,80000000.0,0.0,80000000.0,Critical,,80000000.0,Unknown,"Operational risk event: Internal fraud caused by People in Commercial banking located in Sichuan, Dalian,Chengdu,Deyang,Liangshan."
3283,RISK-0001,3.0,20160101,,11660000000.0,0.0,11660000000.0,Critical,,11660000000.0,Unknown,"Operational risk event: Internal fraud caused by People in Commercial banking located in Shanghai,Sichuan, Guang'an,Panzhihua,Ya'an,Yibin."
3284,RISK-0025,7.0,20140901,,2000000.0,0.0,2000000.0,Critical,,2000000.0,Unknown,"Operational risk event: External fraud caused by External event in Retail banking located in Shanghai,Zhejiang,Fujian,Sichuan, Chengdu."
3285,RISK-0025,7.0,,,15300000.0,0.0,15300000.0,Critical,,15300000.0,Unknown,"Operational risk event: External fraud caused by External event in Retail banking located in Shanghai,Zhejiang,Fujian,Sichuan, Chengdu."
3286,RISK-0001,3.0,20121101,,560000000.0,0.0,560000000.0,Critical,,560000000.0,Unknown,"Operational risk event: Internal fraud caused by People in Commercial banking located in Unknown province, Zhengzhou,Nanyang."
3287,RISK-0008,9.0,,,6920000.0,0.0,6920000.0,Critical,,6920000.0,Unknown,"Operational risk event: Internal fraud caused by People in Trading & sales located in Inner mongolia,Inner mongolia, Unknown city."
3288,RISK-0005,7.0,,,5925000.0,0.0,5925000.0,Critical,,5925000.0,Unknown,"Operational risk event: Internal fraud caused by People in Retail banking located in Heilongjiang,Shandong, Liaocheng,Gannan."
3289,RISK-0005,7.0,20150501,,3000000.0,0.0,3000000.0,Critical,,3000000.0,Unknown,"Operational risk event: Internal fraud caused by People in Retail banking located in Heilongjiang,Shandong, Liaocheng,Gannan."
3290,RISK-0005,7.0,,,5468000.0,0.0,5468000.0,Critical,,5468000.0,Unknown,"Operational risk event: Internal fraud caused by People in Retail banking located in Heilongjiang,Shandong, Liaocheng,Gannan."
3291,RISK-0005,7.0,,,400000.0,0.0,400000.0,High,,400000.0,Unknown,"Operational risk event: Internal fraud caused by People in Retail banking located in Heilongjiang,Shandong, Liaocheng,Gannan."
3292,RISK-0005,7.0,,,20000000.0,0.0,20000000.0,Critical,,20000000.0,Unknown,"Operational risk event: Internal fraud caused by People in Retail banking located in Heilongjiang,Shandong, Liaocheng,Gannan."
3293,RISK-0001,3.0,20140401,,2000000.0,0.0,2000000.0,Critical,,2000000.0,Unknown,"Operational risk event: Internal fraud caused by People in Commercial banking located in Shandong, Unknown city."
3294,RISK-0001,3.0,20151201,,9043700.0,0.0,9043700.0,Critical,,9043700.0,Unknown,"Operational risk event: Internal fraud caused by People in Commercial banking located in Shandong, Unknown city."
3295,RISK-0001,3.0,,,201127.0,0.0,201127.0,Medium,,201127.0,Unknown,"Operational risk event: Internal fraud caused by People in Commercial banking located in Shandong, Unknown city."
3296,RISK-0001,3.0,,,18360000.0,0.0,18360000.0,Critical,,18360000.0,Unknown,"Operational risk event: Internal fraud caused by People in Commercial banking located in Shandong, Unknown city."
3297,RISK-0001,3.0,20140401,,11000000.0,0.0,11000000.0,Critical,,11000000.0,Unknown,"Operational risk event: Internal fraud caused by People in Commercial banking located in Shaanxi, Xianyang."
3298,RISK-0005,7.0,20090301,,800000.0,0.0,800000.0,High,,800000.0,Unknown,"Operational risk event: Internal fraud caused by People in Retail banking located in Shanxi, Unknown city."
3299,RISK-0005,7.0,20161201,,3319000.0,0.0,3319000.0,Critical,,3319000.0,Unknown,"Operational risk event: Internal fraud caused by People in Retail banking located in Shanxi, Unknown city."
3300,RISK-0005,7.0,20161201,,75000.0,0.0,75000.0,Medium,,75000.0,Unknown,"Operational risk event: Internal fraud caused by People in Retail banking located in Shanxi, Unknown city."
3301,RISK-0005,7.0,20160501,,3000000.0,0.0,3000000.0,Critical,,3000000.0,Unknown,"Operational risk event: Internal fraud caused by People in Retail banking located in Unknown province, Jiuquan."
3302,RISK-0019,7.0,20080901,,6000.0,0.0,6000.0,Low,,6000.0,Unknown,"Operational risk event: Business disruption and system failures caused by System in Retail banking located in Shandong,Hubei, Linyi,Shiyan."
3303,RISK-0025,7.0,20140201,,1600000.0,0.0,1600000.0,Critical,,1600000.0,Unknown,"Operational risk event: External fraud caused by External event in Retail banking located in Jiangsu,Shandong, Yangzhou."
3304,RISK-0005,7.0,,,1660000.0,0.0,1660000.0,Critical,,1660000.0,Unknown,"Operational risk event: Internal fraud caused by People in Retail banking located in Unknown province, Unknown city."
3305,RISK-0005,7.0,,,4000000.0,0.0,4000000.0,Critical,,4000000.0,Unknown,"Operational risk event: Internal fraud caused by People in Retail banking located in Unknown province, Unknown city."
3306,RISK-0023,3.0,20161201,,10000000.0,0.0,10000000.0,Critical,,10000000.0,Unknown,"Operational risk event: External fraud caused by External event in Commercial banking located in Hebei,Jiangxi,Hunan, Shijiazhuang,Fuzhou."
3307,RISK-0023,3.0,20150901,,4500000.0,0.0,4500000.0,Critical,,4500000.0,Unknown,"Operational risk event: External fraud caused by External event in Commercial banking located in Hebei,Jiangxi,Hunan, Shijiazhuang,Fuzhou."
3308,RISK-0023,3.0,20130701,,38000000.0,0.0,38000000.0,Critical,,38000000.0,Unknown,"Operational risk event: External fraud caused by External event in Commercial banking located in Hebei,Jiangxi,Hunan, Shijiazhuang,Fuzhou."
3309,RISK-0001,3.0,20140801,,4300000000.0,0.0,4300000000.0,Critical,,4300000000.0,Unknown,"Operational risk event: Internal fraud caused by People in Commercial banking located in Zhejiang, Hangzhou,Taizhou,Ali."
3310,RISK-0001,3.0,,,239000000.0,0.0,239000000.0,Critical,,239000000.0,Unknown,"Operational risk event: Internal fraud caused by People in Commercial banking located in Zhejiang, Hangzhou,Taizhou,Ali."
3311,RISK-0001,3.0,20191101,,1950000.0,0.0,1950000.0,Critical,,1950000.0,Unknown,"Operational risk event: Internal fraud caused by People in Commercial banking located in Zhejiang, Hangzhou,Taizhou,Ali."
3312,RISK-0001,3.0,20181001,,3100000.0,0.0,3100000.0,Critical,,3100000.0,Unknown,"Operational risk event: Internal fraud caused by People in Commercial banking located in Zhejiang, Hangzhou,Taizhou,Ali."
3313,RISK-0005,7.0,,,300000.0,0.0,300000.0,High,,300000.0,Unknown,"Operational risk event: Internal fraud caused by People in Retail banking located in Henan, Unknown city."
3314,RISK-0023,3.0,20151001,,137000000.0,0.0,137000000.0,Critical,,137000000.0,Unknown,"Operational risk event: External fraud caused by External event in Commercial banking located in Beijing,Jiangxi, Nanchang."
3315,RISK-0029,3.0,20150501,,22390000.0,0.0,22390000.0,Critical,,22390000.0,Unknown,"Operational risk event: Execution, delivery & process management caused by People in Commercial banking located in Unknown province, Unknown city."
3316,RISK-0005,7.0,20130401,,22000000.0,0.0,22000000.0,Critical,,22000000.0,Unknown,"Operational risk event: Internal fraud caused by People in Retail banking located in Unknown province, Yantai."
3317,RISK-0009,7.0,,,900000.0,0.0,900000.0,High,,900000.0,Unknown,"Operational risk event: Execution, delivery & process management caused by People in Retail banking located in Henan, Unknown city."
3318,RISK-0005,7.0,20041201,,4320000.0,0.0,4320000.0,Critical,,4320000.0,Unknown,"Operational risk event: Internal fraud caused by People in Retail banking located in Shanxi, Unknown city."
3319,RISK-0025,7.0,20160101,,10000000.0,0.0,10000000.0,Critical,,10000000.0,Unknown,"Operational risk event: External fraud caused by External event in Retail banking located in Henan, Zhengzhou."
3320,RISK-0005,7.0,20150401,,1800000.0,0.0,1800000.0,Critical,,1800000.0,Unknown,"Operational risk event: Internal fraud caused by People in Retail banking located in Beijing, Unknown city."
3321,RISK-0004,7.0,20190601,,21000000.0,0.0,21000000.0,Critical,,21000000.0,Unknown,"Operational risk event: Clients, products & business practices caused by People in Retail banking located in Jiangsu, Huaian."
3322,RISK-0001,3.0,,,2100000.0,0.0,2100000.0,Critical,,2100000.0,Unknown,"Operational risk event: Internal fraud caused by People in Commercial banking located in Shanghai,Jiangsu, Nanjing."
3323,RISK-0009,7.0,20151001,,2000000.0,0.0,2000000.0,Critical,,2000000.0,Unknown,"Operational risk event: Execution, delivery & process management caused by People in Retail banking located in Beijing, Changzhou."
3324,RISK-0049,3.0,20181201,,190000000.0,0.0,190000000.0,Critical,,190000000.0,Unknown,"Operational risk event: Internal fraud caused by Process in Commercial banking located in Beijing,Tianjin,Shanxi,Shanghai, Jinzhong,Zhongshan."
3325,RISK-0025,7.0,20140101,,20000000.0,0.0,20000000.0,Critical,,20000000.0,Unknown,"Operational risk event: External fraud caused by External event in Retail banking located in Jilin, Jilin."
3326,RISK-0025,7.0,20160801,,5000000.0,0.0,5000000.0,Critical,,5000000.0,Unknown,"Operational risk event: External fraud caused by External event in Retail banking located in Heilongjiang, Unknown city."
3327,RISK-0086,5.0,,,3856300.0,0.0,3856300.0,Critical,,3856300.0,Unknown,"Operational risk event: Execution, delivery & process management caused by Process in No business line located in Unknown province, Shenyang,Panjin."
3328,RISK-0087,5.0,,,18927000.0,0.0,18927000.0,Critical,,18927000.0,Unknown,"Operational risk event: Execution, delivery & process management caused by People in No business line located in Unknown province, Shenyang,Panjin."
3329,RISK-0023,3.0,20140601,,18000000.0,0.0,18000000.0,Critical,,18000000.0,Unknown,"Operational risk event: External fraud caused by External event in Commercial banking located in Zhejiang, Jinhua."
3330,RISK-0025,7.0,20120701,,1800000.0,0.0,1800000.0,Critical,,1800000.0,Unknown,"Operational risk event: External fraud caused by External event in Retail banking located in Shaanxi, Ankang."
3331,RISK-0045,2.0,20170801,,60000000.0,0.0,60000000.0,Critical,,60000000.0,Unknown,"Operational risk event: Execution, delivery & process management caused by Process in Asset management located in Qinghai, Xining."
3332,RISK-0005,7.0,,,2050000.0,0.0,2050000.0,Critical,,2050000.0,Unknown,"Operational risk event: Internal fraud caused by People in Retail banking located in Unknown province, Ningbo."
3333,RISK-0005,7.0,,,12500000.0,0.0,12500000.0,Critical,,12500000.0,Unknown,"Operational risk event: Internal fraud caused by People in Retail banking located in Unknown province, Ningbo."
3334,RISK-0005,7.0,20130401,,900000.0,0.0,900000.0,High,,900000.0,Unknown,"Operational risk event: Internal fraud caused by People in Retail banking located in Inner mongolia,Inner mongolia, Unknown city."
3335,RISK-0025,7.0,20170301,,350000.0,0.0,350000.0,High,,350000.0,Unknown,"Operational risk event: External fraud caused by External event in Retail banking located in Zhejiang,Shaanxi, Wenzhou,Xi'an."
3336,RISK-0025,7.0,20180401,,500000.0,0.0,500000.0,High,,500000.0,Unknown,"Operational risk event: External fraud caused by External event in Retail banking located in Xinjiang, Unknown city."
3337,RISK-0081,6.0,20181201,,3113600.0,0.0,3113600.0,Critical,,3113600.0,Unknown,"Operational risk event: Clients, products & business practices caused by System in Payment and settlement located in Xinjiang, Unknown city."
3338,RISK-0081,6.0,20181201,,56000.0,0.0,56000.0,Medium,,56000.0,Unknown,"Operational risk event: Clients, products & business practices caused by System in Payment and settlement located in Xinjiang, Unknown city."
3339,RISK-0005,7.0,,,19037000.0,0.0,19037000.0,Critical,,19037000.0,Unknown,"Operational risk event: Internal fraud caused by People in Retail banking located in Unknown province, Linfen."
3340,RISK-0023,3.0,20130301,,1600000.0,0.0,1600000.0,Critical,,1600000.0,Unknown,"Operational risk event: External fraud caused by External event in Commercial banking located in Sichuan, Mianyang,Liangshan."
3341,RISK-0025,7.0,20130901,,1000000.0,0.0,1000000.0,Critical,,1000000.0,Unknown,"Operational risk event: External fraud caused by External event in Retail banking located in Sichuan, Mianyang,Liangshan."
3342,RISK-0025,7.0,20131101,,1000000.0,0.0,1000000.0,Critical,,1000000.0,Unknown,"Operational risk event: External fraud caused by External event in Retail banking located in Hunan, Yueyang."
3343,RISK-0003,6.0,20151001,,1900000000.0,0.0,1900000000.0,Critical,,1900000000.0,Unknown,"Operational risk event: Internal fraud caused by People in Payment and settlement located in Tianjin,Hebei,Shanghai,Chongqing, Shuangyashan,Xi'an."
3344,RISK-0023,3.0,20130901,,10000000.0,0.0,10000000.0,Critical,,10000000.0,Unknown,"Operational risk event: External fraud caused by External event in Commercial banking located in Fujian, Sanming."
3345,RISK-0023,3.0,20141001,,20000000.0,0.0,20000000.0,Critical,,20000000.0,Unknown,"Operational risk event: External fraud caused by External event in Commercial banking located in Shanxi, Unknown city."
3346,RISK-0025,7.0,20140101,,950000.0,0.0,950000.0,High,,950000.0,Unknown,"Operational risk event: External fraud caused by External event in Retail banking located in Shandong, Unknown city."
3347,RISK-0025,7.0,,,3000000.0,0.0,3000000.0,Critical,,3000000.0,Unknown,"Operational risk event: External fraud caused by External event in Retail banking located in Shandong, Unknown city."
3348,RISK-0005,7.0,20140101,,14660000.0,0.0,14660000.0,Critical,,14660000.0,Unknown,"Operational risk event: Internal fraud caused by People in Retail banking located in Zhejiang, Ningbo."
3349,RISK-0023,3.0,20050601,,15000000.0,0.0,15000000.0,Critical,,15000000.0,Unknown,"Operational risk event: External fraud caused by External event in Commercial banking located in Chongqing,Guizhou, Qianxinan,Anshun."
3350,RISK-0009,7.0,,,56000000.0,0.0,56000000.0,Critical,,56000000.0,Unknown,"Operational risk event: Execution, delivery & process management caused by People in Retail banking located in Unknown province, Anshan."
3351,RISK-0009,7.0,,,7281000.0,0.0,7281000.0,Critical,,7281000.0,Unknown,"Operational risk event: Execution, delivery & process management caused by People in Retail banking located in Henan, Anyang."
3352,RISK-0005,7.0,,,3110000.0,0.0,3110000.0,Critical,,3110000.0,Unknown,"Operational risk event: Internal fraud caused by People in Retail banking located in Hunan, Shaoyang."
3353,RISK-0023,3.0,20180401,,900000.0,0.0,900000.0,High,,900000.0,Unknown,"Operational risk event: External fraud caused by External event in Commercial banking located in Shandong, Unknown city."
3354,RISK-0031,2.0,20180101,,4447600.0,0.0,4447600.0,Critical,,4447600.0,Unknown,"Operational risk event: Internal fraud caused by People in Asset management located in Hunan, Unknown city."
3355,RISK-0025,7.0,20150901,,7402500.0,0.0,7402500.0,Critical,,7402500.0,Unknown,"Operational risk event: External fraud caused by External event in Retail banking located in Shanxi, Unknown city."
3356,RISK-0005,7.0,20190501,,1703600.0000000002,0.0,1703600.0000000002,Critical,,1703600.0000000002,Unknown,"Operational risk event: Internal fraud caused by People in Retail banking located in Unknown province, Loudi."
3357,RISK-0005,7.0,,,2970000.0,0.0,2970000.0,Critical,,2970000.0,Unknown,"Operational risk event: Internal fraud caused by People in Retail banking located in Shandong, Unknown city."
3358,RISK-0023,3.0,,,13995000.0,0.0,13995000.0,Critical,,13995000.0,Unknown,"Operational risk event: External fraud caused by External event in Commercial banking located in Unknown province, Rizhao."
3359,RISK-0023,3.0,20130401,,12000000.0,0.0,12000000.0,Critical,,12000000.0,Unknown,"Operational risk event: External fraud caused by External event in Commercial banking located in Unknown province, Guiyang."
3360,RISK-0002,5.0,20171001,,1400000.0,0.0,1400000.0,Critical,,1400000.0,Unknown,"Operational risk event: Internal fraud caused by People in No business line located in Beijing,Chongqing, Taian."
3361,RISK-0025,7.0,20160901,,8100000.0,0.0,8100000.0,Critical,,8100000.0,Unknown,"Operational risk event: External fraud caused by External event in Retail banking located in Unknown province, Unknown city."
3362,RISK-0023,3.0,,,275000000.0,0.0,275000000.0,Critical,,275000000.0,Unknown,"Operational risk event: External fraud caused by External event in Commercial banking located in Beijing,Shanxi,Liaoning,Macao, Jinzhong,Chaoyang,Fuxin."
3363,RISK-0025,7.0,,,1000000.0,0.0,1000000.0,Critical,,1000000.0,Unknown,"Operational risk event: External fraud caused by External event in Retail banking located in Shandong, Linyi,Dezhou."
3364,RISK-0025,7.0,20140801,,2000000.0,0.0,2000000.0,Critical,,2000000.0,Unknown,"Operational risk event: External fraud caused by External event in Retail banking located in Shanghai,Zhejiang,Fujian, Nanjing,Nanping."
3365,RISK-0025,7.0,20130101,,2000000.0,0.0,2000000.0,Critical,,2000000.0,Unknown,"Operational risk event: External fraud caused by External event in Retail banking located in Guangxi, Guigang,Liuzhou."
3366,RISK-0005,7.0,20140501,,17000000.0,0.0,17000000.0,Critical,,17000000.0,Unknown,"Operational risk event: Internal fraud caused by People in Retail banking located in Unknown province, Xing'an league."
3367,RISK-0005,7.0,,,6566000.0,0.0,6566000.0,Critical,,6566000.0,Unknown,"Operational risk event: Internal fraud caused by People in Retail banking located in Henan, Sanmenxia."
3368,RISK-0025,7.0,20160901,,18100000.0,0.0,18100000.0,Critical,,18100000.0,Unknown,"Operational risk event: External fraud caused by External event in Retail banking located in Hubei,Hunan, Shiyan,Yongzhou."
3369,RISK-0005,7.0,20160501,,3000000.0,0.0,3000000.0,Critical,,3000000.0,Unknown,"Operational risk event: Internal fraud caused by People in Retail banking located in Gansu, Jiuquan."
3370,RISK-0001,3.0,,,400000000.0,0.0,400000000.0,Critical,,400000000.0,Unknown,"Operational risk event: Internal fraud caused by People in Commercial banking located in Beijing,Henan, Zhengzhou,Shangqiu,Dongfang."
3371,RISK-0001,3.0,20141201,,500000000.0,0.0,500000000.0,Critical,,500000000.0,Unknown,"Operational risk event: Internal fraud caused by People in Commercial banking located in Shandong,Hongkong, Qingdao,Zibo."
3372,RISK-0018,3.0,,,1200000000.0,0.0,1200000000.0,Critical,,1200000000.0,Unknown,"Operational risk event: Execution, delivery & process management caused by Process in Commercial banking located in Anhui, Unknown city."
3373,RISK-0005,7.0,20130801,,3000000.0,0.0,3000000.0,Critical,,3000000.0,Unknown,"Operational risk event: Internal fraud caused by People in Retail banking located in Heilongjiang, Unknown city."
3374,RISK-0008,9.0,,,63426800.0,0.0,63426800.0,Critical,,63426800.0,Unknown,"Operational risk event: Internal fraud caused by People in Trading & sales located in Zhejiang, Jinhua,Ali."
3375,RISK-0023,3.0,20130701,,26000000.0,0.0,26000000.0,Critical,,26000000.0,Unknown,"Operational risk event: External fraud caused by External event in Commercial banking located in Beijing,Henan, Xinxiang."
3376,RISK-0009,7.0,20070701,,1170000.0,0.0,1170000.0,Critical,,1170000.0,Unknown,"Operational risk event: Execution, delivery & process management caused by People in Retail banking located in Henan, Zhumadian."
3377,RISK-0009,7.0,20110701,,2283000.0,0.0,2283000.0,Critical,,2283000.0,Unknown,"Operational risk event: Execution, delivery & process management caused by People in Retail banking located in Henan, Zhumadian."
3378,RISK-0029,3.0,20150701,,10000000.0,0.0,10000000.0,Critical,,10000000.0,Unknown,"Operational risk event: Execution, delivery & process management caused by People in Commercial banking located in Hubei, Xiaogan."
3379,RISK-0005,7.0,20141001,,5000000.0,0.0,5000000.0,Critical,,5000000.0,Unknown,"Operational risk event: Internal fraud caused by People in Retail banking located in Hubei, Xiaogan."
3380,RISK-0005,7.0,20130101,,2960000.0,0.0,2960000.0,Critical,,2960000.0,Unknown,"Operational risk event: Internal fraud caused by People in Retail banking located in Shanxi, Unknown city."
3381,RISK-0005,7.0,,,1130000.0,0.0,1130000.0,Critical,,1130000.0,Unknown,"Operational risk event: Internal fraud caused by People in Retail banking located in Jilin, Jilin."
3382,RISK-0005,7.0,20180601,,254000.0,0.0,254000.0,High,,254000.0,Unknown,"Operational risk event: Internal fraud caused by People in Retail banking located in Unknown province, Unknown city."
3383,RISK-0023,3.0,20141101,,8000000.0,0.0,8000000.0,Critical,,8000000.0,Unknown,"Operational risk event: External fraud caused by External event in Commercial banking located in Hubei, Enshi."
3384,RISK-0005,7.0,,,3500000.0,0.0,3500000.0,Critical,,3500000.0,Unknown,"Operational risk event: Internal fraud caused by People in Retail banking located in Hebei, Hengshui."
3385,RISK-0005,7.0,20001001,,2865000.0,0.0,2865000.0,Critical,,2865000.0,Unknown,"Operational risk event: Internal fraud caused by People in Retail banking located in Jilin, Jilin."
3386,RISK-0024,6.0,20151101,,500000000.0,0.0,500000000.0,Critical,,500000000.0,Unknown,"Operational risk event: External fraud caused by External event in Payment and settlement located in Shanghai,Hubei, Fuzhou,Jinan,Jingzhou."
3387,RISK-0005,7.0,20150801,,6970000.0,0.0,6970000.0,Critical,,6970000.0,Unknown,"Operational risk event: Internal fraud caused by People in Retail banking located in Beijing,Hunan, Yongzhou."
3388,RISK-0005,7.0,20120501,,790000.0,0.0,790000.0,High,,790000.0,Unknown,"Operational risk event: Internal fraud caused by People in Retail banking located in Shandong, Unknown city."
3389,RISK-0009,7.0,20161201,,4000000.0,0.0,4000000.0,Critical,,4000000.0,Unknown,"Operational risk event: Execution, delivery & process management caused by People in Retail banking located in Hebei, Unknown city."
3390,RISK-0005,7.0,20120901,,21300000.0,0.0,21300000.0,Critical,,21300000.0,Unknown,"Operational risk event: Internal fraud caused by People in Retail banking located in Zhejiang,Sichuan, Chengdu."
3391,RISK-0005,7.0,20120501,,790000.0,0.0,790000.0,High,,790000.0,Unknown,"Operational risk event: Internal fraud caused by People in Retail banking located in Shandong,Yunnan, Unknown city."
3392,RISK-0023,3.0,20101201,,42000000000.0,0.0,42000000000.0,Critical,,42000000000.0,Unknown,"Operational risk event: External fraud caused by External event in Commercial banking located in Guangdong,Guangxi, Yulin,Nanning,Liuzhou,Ali."
3393,RISK-0005,7.0,20120301,,9899100.0,0.0,9899100.0,Critical,,9899100.0,Unknown,"Operational risk event: Internal fraud caused by People in Retail banking located in Sichuan, Liangshan."
3394,RISK-0005,7.0,20081201,,3090000.0,0.0,3090000.0,Critical,,3090000.0,Unknown,"Operational risk event: Internal fraud caused by People in Retail banking located in Hunan, Unknown city."
3395,RISK-0005,7.0,20180301,,7580000.0,0.0,7580000.0,Critical,,7580000.0,Unknown,"Operational risk event: Internal fraud caused by People in Retail banking located in Hunan, Unknown city."
3396,RISK-0005,7.0,20180301,,1850000.0,0.0,1850000.0,Critical,,1850000.0,Unknown,"Operational risk event: Internal fraud caused by People in Retail banking located in Hunan, Unknown city."
3397,RISK-0005,7.0,20181201,,7070000.0,0.0,7070000.0,Critical,,7070000.0,Unknown,"Operational risk event: Internal fraud caused by People in Retail banking located in Hunan, Unknown city."
3398,RISK-0005,7.0,20190701,,10103200.0,0.0,10103200.0,Critical,,10103200.0,Unknown,"Operational risk event: Internal fraud caused by People in Retail banking located in Hunan, Unknown city."
3399,RISK-0001,3.0,20140301,,32000000.0,0.0,32000000.0,Critical,,32000000.0,Unknown,"Operational risk event: Internal fraud caused by People in Commercial banking located in Henan, Xinyang."
3400,RISK-0005,7.0,20140801,,6000000.0,0.0,6000000.0,Critical,,6000000.0,Unknown,"Operational risk event: Internal fraud caused by People in Retail banking located in Chongqing, Unknown city."
3401,RISK-0003,6.0,20090101,,1200000.0,0.0,1200000.0,Critical,,1200000.0,Unknown,"Operational risk event: Internal fraud caused by People in Payment and settlement located in Unknown province, Kaifeng."
3402,RISK-0001,3.0,,,10000000.0,0.0,10000000.0,Critical,,10000000.0,Unknown,"Operational risk event: Internal fraud caused by People in Commercial banking located in Unknown province, Baotou,Hohhot."
3403,RISK-0009,7.0,,,190000000.0,0.0,190000000.0,Critical,,190000000.0,Unknown,"Operational risk event: Execution, delivery & process management caused by People in Retail banking located in Unknown province, Unknown city."
3404,RISK-0023,3.0,20150701,,8600000.0,0.0,8600000.0,Critical,,8600000.0,Unknown,"Operational risk event: External fraud caused by External event in Commercial banking located in Unknown province, Binzhou."
3405,RISK-0075,7.0,20140301,,5000000.0,0.0,5000000.0,Critical,,5000000.0,Unknown,"Operational risk event: External fraud caused by Process in Retail banking located in Unknown province, Yongzhou."
3406,RISK-0023,3.0,20140101,,80000000.0,0.0,80000000.0,Critical,,80000000.0,Unknown,"Operational risk event: External fraud caused by External event in Commercial banking located in Unknown province, Shijiazhuang,Handan."
3407,RISK-0005,7.0,,,45000000.0,0.0,45000000.0,Critical,,45000000.0,Unknown,"Operational risk event: Internal fraud caused by People in Retail banking located in Hunan, Changsha."
3408,RISK-0023,3.0,,,7000000.0,0.0,7000000.0,Critical,,7000000.0,Unknown,"Operational risk event: External fraud caused by External event in Commercial banking located in Shanxi, Yuncheng,Jincheng,Dongfang."
3409,RISK-0059,3.0,20180201,,9900000.0,0.0,9900000.0,Critical,,9900000.0,Unknown,"Operational risk event: Internal fraud caused by External event in Commercial banking located in Henan, Anyang."
3410,RISK-0001,3.0,20110401,,9000000.0,0.0,9000000.0,Critical,,9000000.0,Unknown,"Operational risk event: Internal fraud caused by People in Commercial banking located in Hebei, Handan."
3411,RISK-0025,7.0,20140301,,5000000.0,0.0,5000000.0,Critical,,5000000.0,Unknown,"Operational risk event: External fraud caused by External event in Retail banking located in Guangxi,Gansu,Macao, Putian,Lanzhou."
3412,RISK-0031,2.0,20181201,,2900000.0,0.0,2900000.0,Critical,,2900000.0,Unknown,"Operational risk event: Internal fraud caused by People in Asset management located in Hunan, Changsha."
3413,RISK-0005,7.0,20180701,,1045800.0,0.0,1045800.0,Critical,,1045800.0,Unknown,"Operational risk event: Internal fraud caused by People in Retail banking located in Hubei, Unknown city."
3414,RISK-0023,3.0,20160501,,33000000.0,0.0,33000000.0,Critical,,33000000.0,Unknown,"Operational risk event: External fraud caused by External event in Commercial banking located in Guizhou, Qiandongnan."
3415,RISK-0001,3.0,20130101,,652000000.0,0.0,652000000.0,Critical,,652000000.0,Unknown,"Operational risk event: Internal fraud caused by People in Commercial banking located in Hunan, Changsha."
3416,RISK-0005,7.0,,,20539000.0,0.0,20539000.0,Critical,,20539000.0,Unknown,"Operational risk event: Internal fraud caused by People in Retail banking located in Shandong, Unknown city."
3417,RISK-0005,7.0,20130301,,31600000.0,0.0,31600000.0,Critical,,31600000.0,Unknown,"Operational risk event: Internal fraud caused by People in Retail banking located in Fujian, Nanjing,Ningde."
3418,RISK-0001,3.0,20130501,,370000000.0,0.0,370000000.0,Critical,,370000000.0,Unknown,"Operational risk event: Internal fraud caused by People in Commercial banking located in Fujian, Nanjing,Ningde."
3419,RISK-0023,3.0,20180601,,23000000.0,0.0,23000000.0,Critical,,23000000.0,Unknown,"Operational risk event: External fraud caused by External event in Commercial banking located in Zhejiang,Anhui, Huaibei,Beihai."
3420,RISK-0023,3.0,20170801,,150000000.0,0.0,150000000.0,Critical,,150000000.0,Unknown,"Operational risk event: External fraud caused by External event in Commercial banking located in Beijing,Fujian,Guangdong, Quanzhou,Shenzhen,Dongfang."
3421,RISK-0023,3.0,20131201,,10000000.0,0.0,10000000.0,Critical,,10000000.0,Unknown,"Operational risk event: External fraud caused by External event in Commercial banking located in Unknown province, Yulin."
3422,RISK-0023,3.0,20120801,,10500000.0,0.0,10500000.0,Critical,,10500000.0,Unknown,"Operational risk event: External fraud caused by External event in Commercial banking located in Unknown province, Unknown city."
3423,RISK-0023,3.0,20151201,,51000000.0,0.0,51000000.0,Critical,,51000000.0,Unknown,"Operational risk event: External fraud caused by External event in Commercial banking located in Unknown province, Jiaxing,Huzhou."
3424,RISK-0005,7.0,,,1000000.0,0.0,1000000.0,Critical,,1000000.0,Unknown,"Operational risk event: Internal fraud caused by People in Retail banking located in Unknown province, Benxi."
3425,RISK-0001,3.0,20140601,,10000000.0,0.0,10000000.0,Critical,,10000000.0,Unknown,"Operational risk event: Internal fraud caused by People in Commercial banking located in Yunnan, Chuxiong."
3426,RISK-0001,3.0,20120101,,40000000.0,0.0,40000000.0,Critical,,40000000.0,Unknown,"Operational risk event: Internal fraud caused by People in Commercial banking located in Fujian, Quanzhou."
3427,RISK-0023,3.0,20130901,,10000000.0,0.0,10000000.0,Critical,,10000000.0,Unknown,"Operational risk event: External fraud caused by External event in Commercial banking located in Fujian, Quanzhou."
3428,RISK-0023,3.0,20130901,,19500000.0,0.0,19500000.0,Critical,,19500000.0,Unknown,"Operational risk event: External fraud caused by External event in Commercial banking located in Fujian, Quanzhou."
3429,RISK-0025,7.0,20161201,,10240000.0,0.0,10240000.0,Critical,,10240000.0,Unknown,"Operational risk event: External fraud caused by External event in Retail banking located in Hebei,Heilongjiang, Harbin,Heihe."
3430,RISK-0025,7.0,20150401,,1884500.0,0.0,1884500.0,Critical,,1884500.0,Unknown,"Operational risk event: External fraud caused by External event in Retail banking located in Hebei,Heilongjiang, Harbin,Heihe."
3431,RISK-0025,7.0,20160601,,1200000.0,0.0,1200000.0,Critical,,1200000.0,Unknown,"Operational risk event: External fraud caused by External event in Retail banking located in Hebei,Heilongjiang, Harbin,Heihe."
3432,RISK-0025,7.0,20160601,,630000.0,0.0,630000.0,High,,630000.0,Unknown,"Operational risk event: External fraud caused by External event in Retail banking located in Hebei,Heilongjiang, Harbin,Heihe."
3433,RISK-0025,7.0,,,12490000.0,0.0,12490000.0,Critical,,12490000.0,Unknown,"Operational risk event: External fraud caused by External event in Retail banking located in Hebei,Heilongjiang, Harbin,Heihe."
3434,RISK-0008,9.0,20160701,,950000.0,0.0,950000.0,High,,950000.0,Unknown,"Operational risk event: Internal fraud caused by People in Trading & sales located in Liaoning, Shenyang,Anshan,Dezhou."
3435,RISK-0023,3.0,20130801,,271000000.0,0.0,271000000.0,Critical,,271000000.0,Unknown,"Operational risk event: External fraud caused by External event in Commercial banking located in Jiangsu, Nanjing,Zhenjiang."
3436,RISK-0001,3.0,20120101,,215000000.0,0.0,215000000.0,Critical,,215000000.0,Unknown,"Operational risk event: Internal fraud caused by People in Commercial banking located in Unknown province, Hangzhou."
3437,RISK-0001,3.0,20131001,,52900000.0,0.0,52900000.0,Critical,,52900000.0,Unknown,"Operational risk event: Internal fraud caused by People in Commercial banking located in Unknown province, Hangzhou."
3438,RISK-0025,7.0,20141201,,25000000.0,0.0,25000000.0,Critical,,25000000.0,Unknown,"Operational risk event: External fraud caused by External event in Retail banking located in Unknown province, Unknown city."
3439,RISK-0023,3.0,,,116000000.0,0.0,116000000.0,Critical,,116000000.0,Unknown,"Operational risk event: External fraud caused by External event in Commercial banking located in Jiangsu, Xuzhou."
3440,RISK-0001,3.0,20110301,,2954000.0,0.0,2954000.0,Critical,,2954000.0,Unknown,"Operational risk event: Internal fraud caused by People in Commercial banking located in Shandong, Unknown city."
3441,RISK-0023,3.0,,,1407000000.0,0.0,1407000000.0,Critical,,1407000000.0,Unknown,"Operational risk event: External fraud caused by External event in Commercial banking located in Henan, Unknown city."
3442,RISK-0002,5.0,20180301,,2649000.0,0.0,2649000.0,Critical,,2649000.0,Unknown,"Operational risk event: Internal fraud caused by People in No business line located in Hunan, Yongzhou."
3443,RISK-0023,3.0,20120901,,45000000.0,0.0,45000000.0,Critical,,45000000.0,Unknown,"Operational risk event: External fraud caused by External event in Commercial banking located in Hubei, Unknown city."
3444,RISK-0001,3.0,,,90059300.0,0.0,90059300.0,Critical,,90059300.0,Unknown,"Operational risk event: Internal fraud caused by People in Commercial banking located in Shandong, Jining."
3445,RISK-0003,6.0,,,59300.0,0.0,59300.0,Medium,,59300.0,Unknown,"Operational risk event: Internal fraud caused by People in Payment and settlement located in Shandong, Jining."
3446,RISK-0025,7.0,,,9900000.0,0.0,9900000.0,Critical,,9900000.0,Unknown,"Operational risk event: External fraud caused by External event in Retail banking located in Sichuan, Nanchong,Deyang,Bazhong."
3447,RISK-0025,7.0,20150701,,2000000.0,0.0,2000000.0,Critical,,2000000.0,Unknown,"Operational risk event: External fraud caused by External event in Retail banking located in Henan, Xuchang."
3448,RISK-0005,7.0,19991101,,244000.0,0.0,244000.0,Medium,,244000.0,Unknown,"Operational risk event: Internal fraud caused by People in Retail banking located in Guizhou, Unknown city."
3449,RISK-0025,7.0,20160101,,2000000.0,0.0,2000000.0,Critical,,2000000.0,Unknown,"Operational risk event: External fraud caused by External event in Retail banking located in Unknown province, Jinan."
3450,RISK-0023,3.0,,,11000000.0,0.0,11000000.0,Critical,,11000000.0,Unknown,"Operational risk event: External fraud caused by External event in Commercial banking located in Unknown province, Zigong."
3451,RISK-0005,7.0,20140101,,3216000.0,0.0,3216000.0,Critical,,3216000.0,Unknown,"Operational risk event: Internal fraud caused by People in Retail banking located in Shandong, Jining."
3452,RISK-0001,3.0,20120101,,140000000.0,0.0,140000000.0,Critical,,140000000.0,Unknown,"Operational risk event: Internal fraud caused by People in Commercial banking located in Zhejiang, Hangzhou."
3453,RISK-0025,7.0,20160301,,5000000.0,0.0,5000000.0,Critical,,5000000.0,Unknown,"Operational risk event: External fraud caused by External event in Retail banking located in Unknown province, Unknown city."
3454,RISK-0095,7.0,20150301,,3093900.0,0.0,3093900.0,Critical,,3093900.0,Unknown,"Operational risk event: Business disruption and system failures caused by People in Retail banking located in Henan, Unknown city."
3455,RISK-0005,7.0,20150301,,4610000.0,0.0,4610000.0,Critical,,4610000.0,Unknown,"Operational risk event: Internal fraud caused by People in Retail banking located in Heilongjiang, Qiqihar."
3456,RISK-0001,3.0,20150401,,3897400.0,0.0,3897400.0,Critical,,3897400.0,Unknown,"Operational risk event: Internal fraud caused by People in Commercial banking located in Henan, Jiaozuo."
3457,RISK-0005,7.0,20141201,,5950000.0,0.0,5950000.0,Critical,,5950000.0,Unknown,"Operational risk event: Internal fraud caused by People in Retail banking located in Xinjiang, Shihezi."
3458,RISK-0005,7.0,20110301,,4921100.0,0.0,4921100.0,Critical,,4921100.0,Unknown,"Operational risk event: Internal fraud caused by People in Retail banking located in Guangxi, Dalian,Heihe,Nanning."
3459,RISK-0025,7.0,20130901,,700000.0,0.0,700000.0,High,,700000.0,Unknown,"Operational risk event: External fraud caused by External event in Retail banking located in Unknown province, Unknown city."
3460,RISK-0029,3.0,20110101,,150000000.0,0.0,150000000.0,Critical,,150000000.0,Unknown,"Operational risk event: Execution, delivery & process management caused by People in Commercial banking located in Jilin,Shanghai, Jilin."
3461,RISK-0001,3.0,20150401,,15000000.0,0.0,15000000.0,Critical,,15000000.0,Unknown,"Operational risk event: Internal fraud caused by People in Commercial banking located in Unknown province, Changzhou."
3462,RISK-0005,7.0,20091101,,10000.0,0.0,10000.0,Low,,10000.0,Unknown,"Operational risk event: Internal fraud caused by People in Retail banking located in Guangdong, Zhuhai."
3463,RISK-0005,7.0,20101201,,750000.0,0.0,750000.0,High,,750000.0,Unknown,"Operational risk event: Internal fraud caused by People in Retail banking located in Guangdong, Zhuhai."
3464,RISK-0005,7.0,,,10316000.0,0.0,10316000.0,Critical,,10316000.0,Unknown,"Operational risk event: Internal fraud caused by People in Retail banking located in Hunan, Unknown city."
3465,RISK-0023,3.0,20120301,,1000000.0,0.0,1000000.0,Critical,,1000000.0,Unknown,"Operational risk event: External fraud caused by External event in Commercial banking located in Shandong, Jinan."
3466,RISK-0025,7.0,,,16080000.0,0.0,16080000.0,Critical,,16080000.0,Unknown,"Operational risk event: External fraud caused by External event in Retail banking located in Unknown province, Quanzhou."
3467,RISK-0023,3.0,,,13350000.0,0.0,13350000.0,Critical,,13350000.0,Unknown,"Operational risk event: External fraud caused by External event in Commercial banking located in Unknown province, Quanzhou."
3468,RISK-0023,3.0,,,20600000.0,0.0,20600000.0,Critical,,20600000.0,Unknown,"Operational risk event: External fraud caused by External event in Commercial banking located in Fujian, Quanzhou."
3469,RISK-0025,7.0,20120301,,7000000.0,0.0,7000000.0,Critical,,7000000.0,Unknown,"Operational risk event: External fraud caused by External event in Retail banking located in Anhui, Anshan,Huaibei,Huangshan."
3470,RISK-0005,7.0,20170101,,3400000.0,0.0,3400000.0,Critical,,3400000.0,Unknown,"Operational risk event: Internal fraud caused by People in Retail banking located in Hubei, Taian."
3471,RISK-0005,7.0,20170601,,7000000.0,0.0,7000000.0,Critical,,7000000.0,Unknown,"Operational risk event: Internal fraud caused by People in Retail banking located in Jilin, Jilin,Changchun,Liaoyuan."
3472,RISK-0025,7.0,20100701,,965000.0,0.0,965000.0,High,,965000.0,Unknown,"Operational risk event: External fraud caused by External event in Retail banking located in Hebei,Heilongjiang, Tangshan,Harbin."
3473,RISK-0025,7.0,20131201,,3000000.0,0.0,3000000.0,Critical,,3000000.0,Unknown,"Operational risk event: External fraud caused by External event in Retail banking located in Heilongjiang, Harbin."
3474,RISK-0010,3.0,20080901,,5900000.0,0.0,5900000.0,Critical,,5900000.0,Unknown,"Operational risk event: External fraud caused by People in Commercial banking located in Inner mongolia,Inner mongolia, Yantai."
3475,RISK-0023,3.0,20120101,,134000000.0,0.0,134000000.0,Critical,,134000000.0,Unknown,"Operational risk event: External fraud caused by External event in Commercial banking located in Hubei, Unknown city."
3476,RISK-0025,7.0,20130301,,30000.0,0.0,30000.0,Low,,30000.0,Unknown,"Operational risk event: External fraud caused by External event in Retail banking located in Henan, Ningbo."
3477,RISK-0025,7.0,,,940000.0,0.0,940000.0,High,,940000.0,Unknown,"Operational risk event: External fraud caused by External event in Retail banking located in Unknown province, Harbin."
3478,RISK-0008,9.0,20150301,,1050000.0,0.0,1050000.0,Critical,,1050000.0,Unknown,"Operational risk event: Internal fraud caused by People in Trading & sales located in Unknown province, Unknown city."
3479,RISK-0008,9.0,20161101,,18200000.0,0.0,18200000.0,Critical,,18200000.0,Unknown,"Operational risk event: Internal fraud caused by People in Trading & sales located in Hebei, Cangzhou."
3480,RISK-0005,7.0,20121201,,200000.0,0.0,200000.0,Medium,,200000.0,Unknown,"Operational risk event: Internal fraud caused by People in Retail banking located in Unknown province, Unknown city."
3481,RISK-0005,7.0,20170201,,2056000.0,0.0,2056000.0,Critical,,2056000.0,Unknown,"Operational risk event: Internal fraud caused by People in Retail banking located in Anhui, Unknown city."
3482,RISK-0023,3.0,20121101,,7000000.0,0.0,7000000.0,Critical,,7000000.0,Unknown,"Operational risk event: External fraud caused by External event in Commercial banking located in Shandong, Jining."
3483,RISK-0001,3.0,20160301,,36000000.0,0.0,36000000.0,Critical,,36000000.0,Unknown,"Operational risk event: Internal fraud caused by People in Commercial banking located in Unknown province, Heze."
3484,RISK-0001,3.0,20160501,,39000000.0,0.0,39000000.0,Critical,,39000000.0,Unknown,"Operational risk event: Internal fraud caused by People in Commercial banking located in Unknown province, Heze."
3485,RISK-0001,3.0,20160501,,45000000.0,0.0,45000000.0,Critical,,45000000.0,Unknown,"Operational risk event: Internal fraud caused by People in Commercial banking located in Unknown province, Heze."
3486,RISK-0001,3.0,20170301,,34000000.0,0.0,34000000.0,Critical,,34000000.0,Unknown,"Operational risk event: Internal fraud caused by People in Commercial banking located in Unknown province, Heze."
3487,RISK-0001,3.0,20170901,,32000000.0,0.0,32000000.0,Critical,,32000000.0,Unknown,"Operational risk event: Internal fraud caused by People in Commercial banking located in Unknown province, Heze."
3488,RISK-0023,3.0,20131201,,23961000.0,0.0,23961000.0,Critical,,23961000.0,Unknown,"Operational risk event: External fraud caused by External event in Commercial banking located in Beijing,Shandong,Gansu, Heze."
3489,RISK-0008,9.0,20171101,,82000.0,0.0,82000.0,Medium,,82000.0,Unknown,"Operational risk event: Internal fraud caused by People in Trading & sales located in Unknown province, Yinchuan."
3490,RISK-0023,3.0,20141001,,498000000.0,0.0,498000000.0,Critical,,498000000.0,Unknown,"Operational risk event: External fraud caused by External event in Commercial banking located in Beijing, Xiamen,Quanzhou."
3491,RISK-0023,3.0,,,76243700.0,0.0,76243700.0,Critical,,76243700.0,Unknown,"Operational risk event: External fraud caused by External event in Commercial banking located in Shandong, Binzhou."
3492,RISK-0023,3.0,20150901,,186300000.0,0.0,186300000.0,Critical,,186300000.0,Unknown,"Operational risk event: External fraud caused by External event in Commercial banking located in Shandong, Binzhou."
3493,RISK-0023,3.0,20120901,,25000000.0,0.0,25000000.0,Critical,,25000000.0,Unknown,"Operational risk event: External fraud caused by External event in Commercial banking located in Shandong, Yantai."
3494,RISK-0023,3.0,20090801,,23000000.0,0.0,23000000.0,Critical,,23000000.0,Unknown,"Operational risk event: External fraud caused by External event in Commercial banking located in Shandong, Yantai."
3495,RISK-0023,3.0,20130501,,20000000.0,0.0,20000000.0,Critical,,20000000.0,Unknown,"Operational risk event: External fraud caused by External event in Commercial banking located in Shandong, Yantai."
3496,RISK-0023,3.0,,,42900000.0,0.0,42900000.0,Critical,,42900000.0,Unknown,"Operational risk event: External fraud caused by External event in Commercial banking located in Shandong, Yantai."
3497,RISK-0023,3.0,20141101,,4000000.0,0.0,4000000.0,Critical,,4000000.0,Unknown,"Operational risk event: External fraud caused by External event in Commercial banking located in Shandong, Yantai."
3498,RISK-0023,3.0,,,9500000.0,0.0,9500000.0,Critical,,9500000.0,Unknown,"Operational risk event: External fraud caused by External event in Commercial banking located in Shandong, Yantai."
3499,RISK-0075,7.0,,,3000000.0,0.0,3000000.0,Critical,,3000000.0,Unknown,"Operational risk event: External fraud caused by Process in Retail banking located in Shanxi, Unknown city."
3500,RISK-0025,7.0,20151101,,570000.0,0.0,570000.0,High,,570000.0,Unknown,"Operational risk event: External fraud caused by External event in Retail banking located in Unknown province, Zhengzhou."
3501,RISK-0005,7.0,20121101,,6030000.0,0.0,6030000.0,Critical,,6030000.0,Unknown,"Operational risk event: Internal fraud caused by People in Retail banking located in Jiangsu, Huaian."
3502,RISK-0025,7.0,20180301,,12500000.0,0.0,12500000.0,Critical,,12500000.0,Unknown,"Operational risk event: External fraud caused by External event in Retail banking located in Zhejiang, Shaoxing."
3503,RISK-0005,7.0,20140601,,9100000.0,0.0,9100000.0,Critical,,9100000.0,Unknown,"Operational risk event: Internal fraud caused by People in Retail banking located in Unknown province, Jiujiang."
3504,RISK-0023,3.0,20150201,,13214100.0,0.0,13214100.0,Critical,,13214100.0,Unknown,"Operational risk event: External fraud caused by External event in Commercial banking located in Zhejiang, Jiaxing."
3505,RISK-0025,7.0,20130801,,43800000.0,0.0,43800000.0,Critical,,43800000.0,Unknown,"Operational risk event: External fraud caused by External event in Retail banking located in Shanghai, Wenzhou."
3506,RISK-0003,6.0,20150801,,12000.0,0.0,12000.0,Low,,12000.0,Unknown,"Operational risk event: Internal fraud caused by People in Payment and settlement located in Heilongjiang, Unknown city."
3507,RISK-0025,7.0,20150901,,20000000.0,0.0,20000000.0,Critical,,20000000.0,Unknown,"Operational risk event: External fraud caused by External event in Retail banking located in Shandong, Dongying."
3508,RISK-0023,3.0,20160301,,30000000.0,0.0,30000000.0,Critical,,30000000.0,Unknown,"Operational risk event: External fraud caused by External event in Commercial banking located in Shandong, Dongying."
3509,RISK-0042,3.0,20140301,,15000000.0,0.0,15000000.0,Critical,,15000000.0,Unknown,"Operational risk event: Execution, delivery & process management caused by External event in Commercial banking located in Shandong, Dongying."
3510,RISK-0025,7.0,20101101,,900000.0,0.0,900000.0,High,,900000.0,Unknown,"Operational risk event: External fraud caused by External event in Retail banking located in Shandong, Dongying."
3511,RISK-0024,6.0,20150701,,3500000.0,0.0,3500000.0,Critical,,3500000.0,Unknown,"Operational risk event: External fraud caused by External event in Payment and settlement located in Yunnan, Kunming."
3512,RISK-0005,7.0,20111101,,600000.0,0.0,600000.0,High,,600000.0,Unknown,"Operational risk event: Internal fraud caused by People in Retail banking located in Jiangsu, Huaian."
3513,RISK-0005,7.0,20130701,,10920000.0,0.0,10920000.0,Critical,,10920000.0,Unknown,"Operational risk event: Internal fraud caused by People in Retail banking located in Jiangsu, Huaian."
3514,RISK-0005,7.0,20130701,,3900000.0,0.0,3900000.0,Critical,,3900000.0,Unknown,"Operational risk event: Internal fraud caused by People in Retail banking located in Jiangsu, Huaian."
3515,RISK-0031,2.0,20120301,,16923500.0,0.0,16923500.0,Critical,,16923500.0,Unknown,"Operational risk event: Internal fraud caused by People in Asset management located in Unknown province, Linyi."
3516,RISK-0023,3.0,,,35000000.0,0.0,35000000.0,Critical,,35000000.0,Unknown,"Operational risk event: External fraud caused by External event in Commercial banking located in Henan, Zhoukou."
3517,RISK-0031,2.0,20061001,,990000.0,0.0,990000.0,High,,990000.0,Unknown,"Operational risk event: Internal fraud caused by People in Asset management located in Guangdong, Unknown city."
3518,RISK-0023,3.0,20131101,,60000000.0,0.0,60000000.0,Critical,,60000000.0,Unknown,"Operational risk event: External fraud caused by External event in Commercial banking located in Hubei,Guizhou, Taiyuan,Xiaogan."
3519,RISK-0043,2.0,20181001,,535600.0,0.0,535600.0,High,,535600.0,Unknown,"Operational risk event: External fraud caused by External event in Asset management located in Hubei, Unknown city."
3520,RISK-0001,3.0,20131001,,843000000.0,0.0,843000000.0,Critical,,843000000.0,Unknown,"Operational risk event: Internal fraud caused by People in Commercial banking located in Guangxi, Laibin."
3521,RISK-0025,7.0,20140101,,400000.0,0.0,400000.0,High,,400000.0,Unknown,"Operational risk event: External fraud caused by External event in Retail banking located in Unknown province, Tongliao."
3522,RISK-0023,3.0,20130301,,55141200.0,0.0,55141200.0,Critical,,55141200.0,Unknown,"Operational risk event: External fraud caused by External event in Commercial banking located in Zhejiang, Unknown city."
3523,RISK-0023,3.0,20130101,,2000000.0,0.0,2000000.0,Critical,,2000000.0,Unknown,"Operational risk event: External fraud caused by External event in Commercial banking located in Zhejiang, Unknown city."
3524,RISK-0023,3.0,20140201,,10000000.0,0.0,10000000.0,Critical,,10000000.0,Unknown,"Operational risk event: External fraud caused by External event in Commercial banking located in Unknown province, Binzhou."
3525,RISK-0023,3.0,20150301,,5000000.0,0.0,5000000.0,Critical,,5000000.0,Unknown,"Operational risk event: External fraud caused by External event in Commercial banking located in Unknown province, Binzhou."
3526,RISK-0023,3.0,20160401,,18000000.0,0.0,18000000.0,Critical,,18000000.0,Unknown,"Operational risk event: External fraud caused by External event in Commercial banking located in Unknown province, Binzhou."
3527,RISK-0005,7.0,20090601,,1920000.0,0.0,1920000.0,Critical,,1920000.0,Unknown,"Operational risk event: Internal fraud caused by People in Retail banking located in Henan, Unknown city."
3528,RISK-0005,7.0,20180401,,65000.0,0.0,65000.0,Medium,,65000.0,Unknown,"Operational risk event: Internal fraud caused by People in Retail banking located in Hubei, Unknown city."
3529,RISK-0005,7.0,20180601,,300000.0,0.0,300000.0,High,,300000.0,Unknown,"Operational risk event: Internal fraud caused by People in Retail banking located in Hubei, Unknown city."
3530,RISK-0025,7.0,20010301,,3800000.0,0.0,3800000.0,Critical,,3800000.0,Unknown,"Operational risk event: External fraud caused by External event in Retail banking located in Jiangxi, Unknown city."
3531,RISK-0005,7.0,20120701,,2300000.0,0.0,2300000.0,Critical,,2300000.0,Unknown,"Operational risk event: Internal fraud caused by People in Retail banking located in Hunan, Unknown city."
3532,RISK-0008,9.0,20050901,,5820000.0,0.0,5820000.0,Critical,,5820000.0,Unknown,"Operational risk event: Internal fraud caused by People in Trading & sales located in Shanxi, Linfen."
3533,RISK-0059,3.0,20131101,,18000000.0,0.0,18000000.0,Critical,,18000000.0,Unknown,"Operational risk event: Internal fraud caused by External event in Commercial banking located in Anhui, Huainan."
3534,RISK-0023,3.0,,,42500000.0,0.0,42500000.0,Critical,,42500000.0,Unknown,"Operational risk event: External fraud caused by External event in Commercial banking located in Zhejiang,Fujian,Jiangxi, Jinhua,Quanzhou,Nanchang,Jiujiang."
3535,RISK-0023,3.0,20130701,,20000000.0,0.0,20000000.0,Critical,,20000000.0,Unknown,"Operational risk event: External fraud caused by External event in Commercial banking located in Anhui, Huainan."
3536,RISK-0005,7.0,,,40380000.0,0.0,40380000.0,Critical,,40380000.0,Unknown,"Operational risk event: Internal fraud caused by People in Retail banking located in Unknown province, Unknown city."
3537,RISK-0001,3.0,,,127000000.0,0.0,127000000.0,Critical,,127000000.0,Unknown,"Operational risk event: Internal fraud caused by People in Commercial banking located in Hunan, Loudi."
3538,RISK-0005,7.0,,,120000000.0,0.0,120000000.0,Critical,,120000000.0,Unknown,"Operational risk event: Internal fraud caused by People in Retail banking located in Chongqing, Dalian."
3539,RISK-0005,7.0,20090301,,4447000.0,0.0,4447000.0,Critical,,4447000.0,Unknown,"Operational risk event: Internal fraud caused by People in Retail banking located in Unknown province, Liaoyang."
3540,RISK-0005,7.0,20110801,,219000000.0,0.0,219000000.0,Critical,,219000000.0,Unknown,"Operational risk event: Internal fraud caused by People in Retail banking located in Unknown province, Meishan,Ganzi."
3541,RISK-0005,7.0,,,2200000.0,0.0,2200000.0,Critical,,2200000.0,Unknown,"Operational risk event: Internal fraud caused by People in Retail banking located in Unknown province, Meishan,Ganzi."
3542,RISK-0005,7.0,,,4590000.0,0.0,4590000.0,Critical,,4590000.0,Unknown,"Operational risk event: Internal fraud caused by People in Retail banking located in Unknown province, Yiyang,Ziyang."
3543,RISK-0003,6.0,20130101,,87200.0,0.0,87200.0,Medium,,87200.0,Unknown,"Operational risk event: Internal fraud caused by People in Payment and settlement located in Jilin,Shandong,Henan,Qinghai,Ningxia, Jilin,Qingdao,Zhengzhou,Luohe."
3544,RISK-0025,7.0,20221101,,1800000.0,0.0,1800000.0,Critical,,1800000.0,Unknown,"Operational risk event: External fraud caused by External event in Retail banking located in Tianjin,Zhejiang,Henan,Hubei,Guangxi,Hainan,Chongqing,Sichuan,Yunnan,Shaanxi, Zhengzhou,Meishan,Yulin."
3545,RISK-0002,5.0,20201201,,5000000.0,0.0,5000000.0,Critical,,5000000.0,Unknown,"Operational risk event: Internal fraud caused by People in No business line located in Tibet,Gansu, Ali,Xi'an,Lanzhou."
3546,RISK-0058,9.0,20150401,,1100000.0,0.0,1100000.0,Critical,,1100000.0,Unknown,"Operational risk event: Clients, products & business practices caused by Process in Trading & sales located in Unknown province, Unknown city."
3547,RISK-0003,6.0,,,32297000.0,0.0,32297000.0,Critical,,32297000.0,Unknown,"Operational risk event: Internal fraud caused by People in Payment and settlement located in Liaoning, Panjin."
3548,RISK-0015,7.0,20201201,,120000.0,0.0,120000.0,Medium,,120000.0,Unknown,"Operational risk event: Clients, products & business practices caused by Process in Retail banking located in Beijing, Chaoyang."
3549,RISK-0025,7.0,20161101,,62995600.00000001,0.0,62995600.00000001,Critical,,62995600.00000001,Unknown,"Operational risk event: External fraud caused by External event in Retail banking located in Beijing, Datong."
3550,RISK-0009,7.0,20150201,,11000000.0,0.0,11000000.0,Critical,,11000000.0,Unknown,"Operational risk event: Execution, delivery & process management caused by People in Retail banking located in Beijing, Zhenjiang,Wenzhou,Jinhua."
3551,RISK-0058,9.0,,,1300000.0,0.0,1300000.0,Critical,,1300000.0,Unknown,"Operational risk event: Clients, products & business practices caused by Process in Trading & sales located in Shanghai, Unknown city."
3552,RISK-0065,6.0,20190101,,11410000.0,0.0,11410000.0,Critical,,11410000.0,Unknown,"Operational risk event: Clients, products & business practices caused by Process in Payment and settlement located in Shanghai,Guizhou, Guiyang,Zunyi,Tongren,Anshun."
3553,RISK-0031,2.0,20030201,,1990000.0,0.0,1990000.0,Critical,,1990000.0,Unknown,"Operational risk event: Internal fraud caused by People in Asset management located in Beijing,Tianjin, Unknown city."
3554,RISK-0023,3.0,,,800000000.0,0.0,800000000.0,Critical,,800000000.0,Unknown,"Operational risk event: External fraud caused by External event in Commercial banking located in Beijing, Zhuhai."
3555,RISK-0001,3.0,,,700000000.0,0.0,700000000.0,Critical,,700000000.0,Unknown,"Operational risk event: Internal fraud caused by People in Commercial banking located in Shandong,Guangdong, Rizhao,Foshan."
3556,RISK-0065,6.0,20170201,,10000.0,0.0,10000.0,Low,,10000.0,Unknown,"Operational risk event: Clients, products & business practices caused by Process in Payment and settlement located in Unknown province, Unknown city."
3557,RISK-0025,7.0,20190101,,1015700.0,0.0,1015700.0,Critical,,1015700.0,Unknown,"Operational risk event: External fraud caused by External event in Retail banking located in Beijing,Liaoning,Shandong,Ningxia, Anshan."
3558,RISK-0025,7.0,,,10000.0,0.0,10000.0,Low,,10000.0,Unknown,"Operational risk event: External fraud caused by External event in Retail banking located in Beijing, Datong,Lingao."
3559,RISK-0005,7.0,20140401,,2050000.0,0.0,2050000.0,Critical,,2050000.0,Unknown,"Operational risk event: Internal fraud caused by People in Retail banking located in Guizhou,Gansu, Anshun."
3560,RISK-0005,7.0,20180101,,253360000.0,0.0,253360000.0,Critical,,253360000.0,Unknown,"Operational risk event: Internal fraud caused by People in Retail banking located in Guangxi, Shenzhen,Nanning."
3561,RISK-0031,2.0,19940901,,7340000.0,0.0,7340000.0,Critical,,7340000.0,Unknown,"Operational risk event: Internal fraud caused by People in Asset management located in Jiangsu,Zhejiang,Jiangxi,Hubei, Xuzhou,Wenzhou,Nanchang."
3562,RISK-0001,3.0,,,526655000.0,0.0,526655000.0,Critical,,526655000.0,Unknown,"Operational risk event: Internal fraud caused by People in Commercial banking located in Qinghai, Xining,Haidong."
3563,RISK-0025,7.0,20211101,,12500.0,0.0,12500.0,Low,,12500.0,Unknown,"Operational risk event: External fraud caused by External event in Retail banking located in Beijing, Unknown city."
3564,RISK-0029,3.0,20130301,,356000000.0,0.0,356000000.0,Critical,,356000000.0,Unknown,"Operational risk event: Execution, delivery & process management caused by People in Commercial banking located in Hebei,Hubei, Baoding,Dalian,Zhoukou."
3565,RISK-0005,7.0,,,3676900.0,0.0,3676900.0,Critical,,3676900.0,Unknown,"Operational risk event: Internal fraud caused by People in Retail banking located in Jilin,Hainan, Jilin,Changchun,Taian,Chengdu."
3566,RISK-0005,7.0,,,2820000.0,0.0,2820000.0,Critical,,2820000.0,Unknown,"Operational risk event: Internal fraud caused by People in Retail banking located in Jilin,Yunnan, Jilin,Yiyang,Qujing."
3567,RISK-0025,7.0,20211101,,370000.0,0.0,370000.0,High,,370000.0,Unknown,"Operational risk event: External fraud caused by External event in Retail banking located in Beijing,Hebei,Shanghai,Zhejiang, Hangzhou,Jinhua,Chengdu."
3568,RISK-0025,7.0,20211101,,97795.0,0.0,97795.0,Medium,,97795.0,Unknown,"Operational risk event: External fraud caused by External event in Retail banking located in Beijing,Hebei,Shanghai,Zhejiang, Hangzhou,Jinhua,Chengdu."
3569,RISK-0025,7.0,20211001,,79000.0,0.0,79000.0,Medium,,79000.0,Unknown,"Operational risk event: External fraud caused by External event in Retail banking located in Beijing,Hebei,Shanghai,Zhejiang, Hangzhou,Jinhua,Chengdu."
3570,RISK-0025,7.0,,,265000.0,0.0,265000.0,High,,265000.0,Unknown,"Operational risk event: External fraud caused by External event in Retail banking located in Beijing,Hebei,Shanghai,Zhejiang, Hangzhou,Jinhua,Chengdu."
3571,RISK-0018,3.0,20201101,,255000000.0,0.0,255000000.0,Critical,,255000000.0,Unknown,"Operational risk event: Execution, delivery & process management caused by Process in Commercial banking located in Jiangsu,Jiangxi, Wuxi,Nanjing,Nantong."
3572,RISK-0018,3.0,,,2800000000.0,0.0,2800000000.0,Critical,,2800000000.0,Unknown,"Operational risk event: Execution, delivery & process management caused by Process in Commercial banking located in Jiangsu,Jiangxi, Wuxi,Nanjing,Nantong."
3573,RISK-0025,7.0,20191201,,1000000000.0,0.0,1000000000.0,Critical,,1000000000.0,Unknown,"Operational risk event: External fraud caused by External event in Retail banking located in Hubei,Shaanxi, Yangzhou,Qianjiang,Shenzhen,Xi'an."
3574,RISK-0008,9.0,,,4000000.0,0.0,4000000.0,Critical,,4000000.0,Unknown,"Operational risk event: Internal fraud caused by People in Trading & sales located in Xinjiang, Baiyin,Urumqi,Karamay."
3575,RISK-0004,7.0,20151201,,36780.0,0.0,36780.0,Low,,36780.0,Unknown,"Operational risk event: Clients, products & business practices caused by People in Retail banking located in Hunan,Guangdong, Yongzhou,Zhanjiang."
3576,RISK-0029,3.0,20200801,,60000000.0,0.0,60000000.0,Critical,,60000000.0,Unknown,"Operational risk event: Execution, delivery & process management caused by People in Commercial banking located in Tianjin,Chongqing,Sichuan, Baotou,Dalian,Zhongshan,Dongfang,Chengdu,Deyang,Yinchuan."
3577,RISK-0029,3.0,,,80000000.0,0.0,80000000.0,Critical,,80000000.0,Unknown,"Operational risk event: Execution, delivery & process management caused by People in Commercial banking located in Tianjin,Chongqing,Sichuan, Baotou,Dalian,Zhongshan,Dongfang,Chengdu,Deyang,Yinchuan."
3578,RISK-0025,7.0,,,18685.0,0.0,18685.0,Low,,18685.0,Unknown,"Operational risk event: External fraud caused by External event in Retail banking located in Gansu, Xinyu,Zhangye."
3579,RISK-0009,7.0,20161001,,210000.0,0.0,210000.0,Medium,,210000.0,Unknown,"Operational risk event: Execution, delivery & process management caused by People in Retail banking located in Henan, Xinyang."
3580,RISK-0009,7.0,20200101,,300000.0,0.0,300000.0,High,,300000.0,Unknown,"Operational risk event: Execution, delivery & process management caused by People in Retail banking located in Henan, Xinyang."
3581,RISK-0009,7.0,20190501,,200000.0,0.0,200000.0,Medium,,200000.0,Unknown,"Operational risk event: Execution, delivery & process management caused by People in Retail banking located in Henan, Xinyang."
3582,RISK-0013,7.0,20181201,,200000.0,0.0,200000.0,Medium,,200000.0,Unknown,"Operational risk event: Execution, delivery & process management caused by Process in Retail banking located in Henan, Xinyang."
3583,RISK-0009,7.0,20130701,,2500000.0,0.0,2500000.0,Critical,,2500000.0,Unknown,"Operational risk event: Execution, delivery & process management caused by People in Retail banking located in Liaoning, Unknown city."
3584,RISK-0025,7.0,20190801,,512785.0,0.0,512785.0,High,,512785.0,Unknown,"Operational risk event: External fraud caused by External event in Retail banking located in Liaoning,Henan,Hunan,Sichuan, Luoyang,Chengdu."
3585,RISK-0001,3.0,20110701,,112580000.0,0.0,112580000.0,Critical,,112580000.0,Unknown,"Operational risk event: Internal fraud caused by People in Commercial banking located in Anhui, Unknown city."
3586,RISK-0001,3.0,20110701,,1400000.0,0.0,1400000.0,Critical,,1400000.0,Unknown,"Operational risk event: Internal fraud caused by People in Commercial banking located in Anhui, Unknown city."
3587,RISK-0005,7.0,20130601,,4806900.0,0.0,4806900.0,Critical,,4806900.0,Unknown,"Operational risk event: Internal fraud caused by People in Retail banking located in Hunan, Unknown city."
3588,RISK-0068,7.0,20090701,,1000000.0,0.0,1000000.0,Critical,,1000000.0,Unknown,"Operational risk event: External fraud caused by People in Retail banking located in Shandong, Unknown city."
3589,RISK-0009,7.0,20141001,,12000000.0,0.0,12000000.0,Critical,,12000000.0,Unknown,"Operational risk event: Execution, delivery & process management caused by People in Retail banking located in Unknown province, Liaoyang."
3590,RISK-0001,3.0,20130701,,1180000000.0,0.0,1180000000.0,Critical,,1180000000.0,Unknown,"Operational risk event: Internal fraud caused by People in Commercial banking located in Beijing,Tianjin,Inner mongolia,Gansu,Inner mongolia, Jiayuguan."
3591,RISK-0025,7.0,20150401,,2700000.0,0.0,2700000.0,Critical,,2700000.0,Unknown,"Operational risk event: External fraud caused by External event in Retail banking located in Shanxi, Unknown city."
3592,RISK-0005,7.0,20020201,,718700.0,0.0,718700.0,High,,718700.0,Unknown,"Operational risk event: Internal fraud caused by People in Retail banking located in Unknown province, Unknown city."
3593,RISK-0074,9.0,20130501,,50000000.0,0.0,50000000.0,Critical,,50000000.0,Unknown,"Operational risk event: External fraud caused by External event in Trading & sales located in Unknown province, Changsha,Zhuzhou."
3594,RISK-0031,2.0,20161201,,4896000.0,0.0,4896000.0,Critical,,4896000.0,Unknown,"Operational risk event: Internal fraud caused by People in Asset management located in Inner mongolia,Jiangxi,Henan,Inner mongolia, Hohhot,Ganzhou,Beihai."
3595,RISK-0031,2.0,20150201,,1000000.0,0.0,1000000.0,Critical,,1000000.0,Unknown,"Operational risk event: Internal fraud caused by People in Asset management located in Inner mongolia,Jiangxi,Henan,Inner mongolia, Hohhot,Ganzhou,Beihai."
3596,RISK-0031,2.0,,,7065566.0,0.0,7065566.0,Critical,,7065566.0,Unknown,"Operational risk event: Internal fraud caused by People in Asset management located in Inner mongolia,Jiangxi,Henan,Inner mongolia, Hohhot,Ganzhou,Beihai."
3597,RISK-0031,2.0,,,627000.0,0.0,627000.0,High,,627000.0,Unknown,"Operational risk event: Internal fraud caused by People in Asset management located in Inner mongolia,Jiangxi,Henan,Inner mongolia, Hohhot,Ganzhou,Beihai."
3598,RISK-0003,6.0,20190301,,7935200.0,0.0,7935200.0,Critical,,7935200.0,Unknown,"Operational risk event: Internal fraud caused by People in Payment and settlement located in Shandong, Zibo,Weifang."
3599,RISK-0005,7.0,20200201,,5960000.0,0.0,5960000.0,Critical,,5960000.0,Unknown,"Operational risk event: Internal fraud caused by People in Retail banking located in Guizhou, Guiyang,Zunyi."
3600,RISK-0025,7.0,20170601,,1869800.0,0.0,1869800.0,Critical,,1869800.0,Unknown,"Operational risk event: External fraud caused by External event in Retail banking located in Guizhou, Guiyang,Zunyi."
3601,RISK-0005,7.0,19940701,,76400000.0,0.0,76400000.0,Critical,,76400000.0,Unknown,"Operational risk event: Internal fraud caused by People in Retail banking located in Beijing,Anhui, Huaibei."
3602,RISK-0005,7.0,20170101,,28425000.0,0.0,28425000.0,Critical,,28425000.0,Unknown,"Operational risk event: Internal fraud caused by People in Retail banking located in Hunan, Yiyang."
3603,RISK-0005,7.0,,,16000000.0,0.0,16000000.0,Critical,,16000000.0,Unknown,"Operational risk event: Internal fraud caused by People in Retail banking located in Hunan, Yiyang."
3604,RISK-0005,7.0,,,19200000.0,0.0,19200000.0,Critical,,19200000.0,Unknown,"Operational risk event: Internal fraud caused by People in Retail banking located in Hunan, Yiyang."
3605,RISK-0005,7.0,,,1700000.0,0.0,1700000.0,Critical,,1700000.0,Unknown,"Operational risk event: Internal fraud caused by People in Retail banking located in Hunan, Yiyang."
3606,RISK-0005,7.0,,,9190000.0,0.0,9190000.0,Critical,,9190000.0,Unknown,"Operational risk event: Internal fraud caused by People in Retail banking located in Hunan, Yiyang."
3607,RISK-0001,3.0,20150901,,2600000000.0,0.0,2600000000.0,Critical,,2600000000.0,Unknown,"Operational risk event: Internal fraud caused by People in Commercial banking located in Hebei,Zhejiang, Shijiazhuang,Wenzhou."
3608,RISK-0023,3.0,20140501,,32170000000.0,0.0,32170000000.0,Critical,,32170000000.0,Unknown,"Operational risk event: External fraud caused by External event in Commercial banking located in Beijing,Guangxi, Yulin,Liuzhou,Dongfang,Ali."
3609,RISK-0003,6.0,20160201,,7106799.999999999,0.0,7106799.999999999,Critical,,7106799.999999999,Unknown,"Operational risk event: Internal fraud caused by People in Payment and settlement located in Shandong,Hubei,Guangdong, Xiamen,Qingdao."
3610,RISK-0008,9.0,20190101,,400000.0,0.0,400000.0,High,,400000.0,Unknown,"Operational risk event: Internal fraud caused by People in Trading & sales located in Sichuan, Dazhou."
3611,RISK-0001,3.0,20190701,,9000000.0,0.0,9000000.0,Critical,,9000000.0,Unknown,"Operational risk event: Internal fraud caused by People in Commercial banking located in Xinjiang, Shannan,Urumqi,Ili,Changji,Shihezi,Aksu,Kashgar."
3612,RISK-0096,9.0,20190301,,37000000.0,0.0,37000000.0,Critical,,37000000.0,Unknown,"Operational risk event: External fraud caused by People in Trading & sales located in Shanghai, Unknown city."
3613,RISK-0005,7.0,20120801,,1500000.0,0.0,1500000.0,Critical,,1500000.0,Unknown,"Operational risk event: Internal fraud caused by People in Retail banking located in Beijing, Unknown city."
3614,RISK-0025,7.0,20190801,,7500.0,0.0,7500.0,Low,,7500.0,Unknown,"Operational risk event: External fraud caused by External event in Retail banking located in Hubei, Unknown city."
3615,RISK-0038,7.0,20200701,,20000.0,0.0,20000.0,Low,,20000.0,Unknown,"Operational risk event: Clients, products & business practices caused by System in Retail banking located in Hebei,Hunan,Guangdong, Tangshan,Shenzhen."
3616,RISK-0015,7.0,20181001,,127000.0,0.0,127000.0,Medium,,127000.0,Unknown,"Operational risk event: Clients, products & business practices caused by Process in Retail banking located in Hebei,Hunan,Guangdong, Tangshan,Shenzhen."
3617,RISK-0001,3.0,,,94887500.0,0.0,94887500.0,Critical,,94887500.0,Unknown,"Operational risk event: Internal fraud caused by People in Commercial banking located in Beijing,Shanxi,Heilongjiang,Shanghai,Fujian,Jiangxi, Dalian,Harbin,Yantai."
3618,RISK-0001,3.0,20161201,,200000000.0,0.0,200000000.0,Critical,,200000000.0,Unknown,"Operational risk event: Internal fraud caused by People in Commercial banking located in Beijing,Shanxi,Heilongjiang,Shanghai,Fujian,Jiangxi, Dalian,Harbin,Yantai."
3619,RISK-0023,3.0,20130401,,6600000000.0,0.0,6600000000.0,Critical,,6600000000.0,Unknown,"Operational risk event: External fraud caused by External event in Commercial banking located in Shanghai,Guangdong,Hongkong, Zhongshan,Shenzhen,Foshan."
3620,RISK-0041,7.0,20160601,,6730000.0,0.0,6730000.0,Critical,,6730000.0,Unknown,"Operational risk event: Execution, delivery & process management caused by External event in Retail banking located in Unknown province, Ganzi."
3621,RISK-0005,7.0,19971001,,8130000.0,0.0,8130000.0,Critical,,8130000.0,Unknown,"Operational risk event: Internal fraud caused by People in Retail banking located in Macao, Jiangmen."
3622,RISK-0005,7.0,,,1170000.0,0.0,1170000.0,Critical,,1170000.0,Unknown,"Operational risk event: Internal fraud caused by People in Retail banking located in Guangdong, Shaoguan."
3623,RISK-0001,3.0,,,415000000.0,0.0,415000000.0,Critical,,415000000.0,Unknown,"Operational risk event: Internal fraud caused by People in Commercial banking located in Unknown province, Qingdao."
3624,RISK-0025,7.0,20170101,,3000000.0,0.0,3000000.0,Critical,,3000000.0,Unknown,"Operational risk event: External fraud caused by External event in Retail banking located in Unknown province, Ganzhou."
3625,RISK-0005,7.0,,,40300000.0,0.0,40300000.0,Critical,,40300000.0,Unknown,"Operational risk event: Internal fraud caused by People in Retail banking located in Unknown province, Unknown city."
3626,RISK-0023,3.0,20150701,,60000000.0,0.0,60000000.0,Critical,,60000000.0,Unknown,"Operational risk event: External fraud caused by External event in Commercial banking located in Liaoning, Anshan."
3627,RISK-0024,6.0,20160701,,2000000000.0,0.0,2000000000.0,Critical,,2000000000.0,Unknown,"Operational risk event: External fraud caused by External event in Payment and settlement located in Hebei,Shanghai,Henan, Xingtai,Langfang,Qingdao,Zhengzhou,Jiaozuo."
3628,RISK-0003,6.0,20150101,,4400000000.0,0.0,4400000000.0,Critical,,4400000000.0,Unknown,"Operational risk event: Internal fraud caused by People in Payment and settlement located in Hebei,Shanghai,Henan, Xingtai,Langfang,Qingdao,Zhengzhou,Jiaozuo."
3629,RISK-0023,3.0,20121201,,40500000.0,0.0,40500000.0,Critical,,40500000.0,Unknown,"Operational risk event: External fraud caused by External event in Commercial banking located in Unknown province, Handan."
3630,RISK-0005,7.0,20120701,,1200000.0,0.0,1200000.0,Critical,,1200000.0,Unknown,"Operational risk event: Internal fraud caused by People in Retail banking located in Henan, Sanmenxia."
3631,RISK-0005,7.0,,,42700000.0,0.0,42700000.0,Critical,,42700000.0,Unknown,"Operational risk event: Internal fraud caused by People in Retail banking located in Hunan, Huaihua."
3632,RISK-0023,3.0,20140601,,1142800000.0,0.0,1142800000.0,Critical,,1142800000.0,Unknown,"Operational risk event: External fraud caused by External event in Commercial banking located in Hebei,Shanxi,Jilin,Sichuan, Jincheng,Jilin,Nantong,Chengdu,Nanchong,Guang'an."
3633,RISK-0001,3.0,20091201,,70000000.0,0.0,70000000.0,Critical,,70000000.0,Unknown,"Operational risk event: Internal fraud caused by People in Commercial banking located in Sichuan, Meishan."
3634,RISK-0005,7.0,20081101,,5550000.0,0.0,5550000.0,Critical,,5550000.0,Unknown,"Operational risk event: Internal fraud caused by People in Retail banking located in Henan, Zhoukou."
3635,RISK-0005,7.0,20090401,,17620000.0,0.0,17620000.0,Critical,,17620000.0,Unknown,"Operational risk event: Internal fraud caused by People in Retail banking located in Sichuan, Unknown city."
3636,RISK-0005,7.0,20160601,,190000000.0,0.0,190000000.0,Critical,,190000000.0,Unknown,"Operational risk event: Internal fraud caused by People in Retail banking located in Heilongjiang,Shanghai,Guangdong,Hainan, Harbin,Sanya."
3637,RISK-0005,7.0,,,3183696.0,0.0,3183696.0,Critical,,3183696.0,Unknown,"Operational risk event: Internal fraud caused by People in Retail banking located in Liaoning,Henan, Dalian."
3638,RISK-0010,3.0,20161201,,3500000.0,0.0,3500000.0,Critical,,3500000.0,Unknown,"Operational risk event: External fraud caused by People in Commercial banking located in Unknown province, Rizhao."
3639,RISK-0023,3.0,20160401,,3000000.0,0.0,3000000.0,Critical,,3000000.0,Unknown,"Operational risk event: External fraud caused by External event in Commercial banking located in Jilin, Jilin."
3640,RISK-0005,7.0,20160501,,8000000.0,0.0,8000000.0,Critical,,8000000.0,Unknown,"Operational risk event: Internal fraud caused by People in Retail banking located in Hubei,Guangdong, Unknown city."
3641,RISK-0008,9.0,20140401,,3500000.0,0.0,3500000.0,Critical,,3500000.0,Unknown,"Operational risk event: Internal fraud caused by People in Trading & sales located in Beijing,Liaoning, Chaoyang."
3642,RISK-0005,7.0,,,20000000.0,0.0,20000000.0,Critical,,20000000.0,Unknown,"Operational risk event: Internal fraud caused by People in Retail banking located in Zhejiang, Unknown city."
3643,RISK-0005,7.0,,,75270000.0,0.0,75270000.0,Critical,,75270000.0,Unknown,"Operational risk event: Internal fraud caused by People in Retail banking located in Liaoning, Huludao."
3644,RISK-0068,7.0,,,10000000.0,0.0,10000000.0,Critical,,10000000.0,Unknown,"Operational risk event: External fraud caused by People in Retail banking located in Henan, Unknown city."
3645,RISK-0005,7.0,20160201,,14000000.0,0.0,14000000.0,Critical,,14000000.0,Unknown,"Operational risk event: Internal fraud caused by People in Retail banking located in Shanxi, Yuncheng."
3646,RISK-0005,7.0,20180301,,1350000.0,0.0,1350000.0,Critical,,1350000.0,Unknown,"Operational risk event: Internal fraud caused by People in Retail banking located in Guangxi,Chongqing, Baise."
3647,RISK-0005,7.0,20180101,,2383000.0,0.0,2383000.0,Critical,,2383000.0,Unknown,"Operational risk event: Internal fraud caused by People in Retail banking located in Guangxi,Chongqing, Baise."
3648,RISK-0005,7.0,20161101,,1470000.0,0.0,1470000.0,Critical,,1470000.0,Unknown,"Operational risk event: Internal fraud caused by People in Retail banking located in Hunan, Unknown city."
3649,RISK-0005,7.0,20111201,,28730000.0,0.0,28730000.0,Critical,,28730000.0,Unknown,"Operational risk event: Internal fraud caused by People in Retail banking located in Anhui, Unknown city."
3650,RISK-0005,7.0,,,602000000.0,0.0,602000000.0,Critical,,602000000.0,Unknown,"Operational risk event: Internal fraud caused by People in Retail banking located in Beijing,Guangdong,Chongqing, Unknown city."
3651,RISK-0041,7.0,20201001,,0.05,0.0,0.05,Low,,0.05,Unknown,"Operational risk event: Execution, delivery & process management caused by External event in Retail banking located in Unknown province, Unknown city."
3652,RISK-0005,7.0,20130301,,152000000.0,0.0,152000000.0,Critical,,152000000.0,Unknown,"Operational risk event: Internal fraud caused by People in Retail banking located in Shaanxi, Xianyang."
3653,RISK-0013,7.0,,,9400000.0,0.0,9400000.0,Critical,,9400000.0,Unknown,"Operational risk event: Execution, delivery & process management caused by Process in Retail banking located in Unknown province, Zhoukou."
3654,RISK-0025,7.0,20170301,,64607000.0,0.0,64607000.0,Critical,,64607000.0,Unknown,"Operational risk event: External fraud caused by External event in Retail banking located in Unknown province, Xingtai."
3655,RISK-0023,3.0,20150701,,9500000.0,0.0,9500000.0,Critical,,9500000.0,Unknown,"Operational risk event: External fraud caused by External event in Commercial banking located in Unknown province, Dehong."
3656,RISK-0024,6.0,20110601,,35000000.0,0.0,35000000.0,Critical,,35000000.0,Unknown,"Operational risk event: External fraud caused by External event in Payment and settlement located in Beijing,Shaanxi, Xi'an."
3657,RISK-0025,7.0,20051001,,1595000.0,0.0,1595000.0,Critical,,1595000.0,Unknown,"Operational risk event: External fraud caused by External event in Retail banking located in Unknown province, Huludao."
3658,RISK-0064,7.0,20171001,,36740000.0,0.0,36740000.0,Critical,,36740000.0,Unknown,"Operational risk event: Internal fraud caused by External event in Retail banking located in Zhejiang, Jiaxing,Ningde."
3659,RISK-0069,5.0,20151201,,36780.0,0.0,36780.0,Low,,36780.0,Unknown,"Operational risk event: Clients, products & business practices caused by External event in No business line located in Hunan,Guangdong, Yongzhou."
3660,RISK-0025,7.0,20150201,,10800000.0,0.0,10800000.0,Critical,,10800000.0,Unknown,"Operational risk event: External fraud caused by External event in Retail banking located in Anhui, Unknown city."
3661,RISK-0005,7.0,,,2400000.0,0.0,2400000.0,Critical,,2400000.0,Unknown,"Operational risk event: Internal fraud caused by People in Retail banking located in Hunan, Shaoyang."
3662,RISK-0024,6.0,20160401,,10000000.0,0.0,10000000.0,Critical,,10000000.0,Unknown,"Operational risk event: External fraud caused by External event in Payment and settlement located in Beijing,Hubei,Guangdong, Shenzhen."
3663,RISK-0005,7.0,20190201,,2780000.0,0.0,2780000.0,Critical,,2780000.0,Unknown,"Operational risk event: Internal fraud caused by People in Retail banking located in Anhui,Henan, Guiyang,Weinan."
3664,RISK-0005,7.0,,,8000000.0,0.0,8000000.0,Critical,,8000000.0,Unknown,"Operational risk event: Internal fraud caused by People in Retail banking located in Anhui,Henan, Guiyang,Weinan."
3665,RISK-0005,7.0,20171101,,7300000.0,0.0,7300000.0,Critical,,7300000.0,Unknown,"Operational risk event: Internal fraud caused by People in Retail banking located in Anhui, Unknown city."
3666,RISK-0005,7.0,20180901,,260000.0,0.0,260000.0,High,,260000.0,Unknown,"Operational risk event: Internal fraud caused by People in Retail banking located in Anhui, Unknown city."
3667,RISK-0025,7.0,20111101,,2780000.0,0.0,2780000.0,Critical,,2780000.0,Unknown,"Operational risk event: External fraud caused by External event in Retail banking located in Henan, Unknown city."
3668,RISK-0001,3.0,20160101,,6000000.0,0.0,6000000.0,Critical,,6000000.0,Unknown,"Operational risk event: Internal fraud caused by People in Commercial banking located in Zhejiang, Unknown city."
3669,RISK-0024,6.0,20140801,,2000000.0,0.0,2000000.0,Critical,,2000000.0,Unknown,"Operational risk event: External fraud caused by External event in Payment and settlement located in Beijing,Zhejiang, Shaoxing."
3670,RISK-0005,7.0,20160401,,1100000.0,0.0,1100000.0,Critical,,1100000.0,Unknown,"Operational risk event: Internal fraud caused by People in Retail banking located in Hunan, Huaihua."
3671,RISK-0005,7.0,20150501,,3000000.0,0.0,3000000.0,Critical,,3000000.0,Unknown,"Operational risk event: Internal fraud caused by People in Retail banking located in Hunan, Huaihua."
3672,RISK-0005,7.0,20160601,,12000000.0,0.0,12000000.0,Critical,,12000000.0,Unknown,"Operational risk event: Internal fraud caused by People in Retail banking located in Hunan, Huaihua."
3673,RISK-0001,3.0,20140201,,4000000.0,0.0,4000000.0,Critical,,4000000.0,Unknown,"Operational risk event: Internal fraud caused by People in Commercial banking located in Sichuan, Unknown city."
3674,RISK-0001,3.0,20110401,,167000000.0,0.0,167000000.0,Critical,,167000000.0,Unknown,"Operational risk event: Internal fraud caused by People in Commercial banking located in Hunan, Changsha,Shaoyang,Hengyang,Zhuzhou,Yueyang,Yiyang,Zhangjiajie."
3675,RISK-0031,2.0,20140301,,1981100.0,0.0,1981100.0,Critical,,1981100.0,Unknown,"Operational risk event: Internal fraud caused by People in Asset management located in Hunan, Weinan."
3676,RISK-0031,2.0,,,4000000.0,0.0,4000000.0,Critical,,4000000.0,Unknown,"Operational risk event: Internal fraud caused by People in Asset management located in Hunan, Weinan."
3677,RISK-0031,2.0,,,2600000.0,0.0,2600000.0,Critical,,2600000.0,Unknown,"Operational risk event: Internal fraud caused by People in Asset management located in Hunan, Weinan."
3678,RISK-0025,7.0,20171001,,1195600.0,0.0,1195600.0,Critical,,1195600.0,Unknown,"Operational risk event: External fraud caused by External event in Retail banking located in Unknown province, Unknown city."
3679,RISK-0008,9.0,20130901,,11400000.0,0.0,11400000.0,Critical,,11400000.0,Unknown,"Operational risk event: Internal fraud caused by People in Trading & sales located in Jiangsu, Nanjing."
3680,RISK-0025,7.0,20140701,,8050000.0,0.0,8050000.0,Critical,,8050000.0,Unknown,"Operational risk event: External fraud caused by External event in Retail banking located in Unknown province, Ningbo."
3681,RISK-0005,7.0,20060501,,5751559.999999999,0.0,5751559.999999999,Critical,,5751559.999999999,Unknown,"Operational risk event: Internal fraud caused by People in Retail banking located in Hunan,Guangdong, Unknown city."
3682,RISK-0001,3.0,20130301,,298940000.0,0.0,298940000.0,Critical,,298940000.0,Unknown,"Operational risk event: Internal fraud caused by People in Commercial banking located in Beijing,Hebei,Shanghai,Shandong, Shijiazhuang,Binzhou,Dongfang."
3683,RISK-0059,3.0,20161201,,300000000.0,0.0,300000000.0,Critical,,300000000.0,Unknown,"Operational risk event: Internal fraud caused by External event in Commercial banking located in Shanxi,Liaoning,Jilin,Jiangsu,Anhui,Guangdong, Jilin,Yanbian,Suzhou,Shenzhen."
3684,RISK-0005,7.0,20100301,,115000000.0,0.0,115000000.0,Critical,,115000000.0,Unknown,"Operational risk event: Internal fraud caused by People in Retail banking located in Heilongjiang, Jiamusi."
3685,RISK-0005,7.0,20111201,,136000000.0,0.0,136000000.0,Critical,,136000000.0,Unknown,"Operational risk event: Internal fraud caused by People in Retail banking located in Heilongjiang, Jiamusi."
3686,RISK-0018,3.0,20120701,,27000000.0,0.0,27000000.0,Critical,,27000000.0,Unknown,"Operational risk event: Execution, delivery & process management caused by Process in Commercial banking located in Guangxi, Baise."
3687,RISK-0023,3.0,20111201,,265000000.0,0.0,265000000.0,Critical,,265000000.0,Unknown,"Operational risk event: External fraud caused by External event in Commercial banking located in Beijing,Shanghai,Guangxi, Liuzhou,Guilin."
3688,RISK-0005,7.0,20150501,,750000000.0,0.0,750000000.0,Critical,,750000000.0,Unknown,"Operational risk event: Internal fraud caused by People in Retail banking located in Tianjin,Shanxi, Jinzhong,Shenzhen."
3689,RISK-0001,3.0,,,3000000.0,0.0,3000000.0,Critical,,3000000.0,Unknown,"Operational risk event: Internal fraud caused by People in Commercial banking located in Shanxi, Jinzhong."
3690,RISK-0008,9.0,20190201,,717000.0,0.0,717000.0,High,,717000.0,Unknown,"Operational risk event: Internal fraud caused by People in Trading & sales located in Unknown province, Qitaihe."
3691,RISK-0005,7.0,,,1374199.9999999998,0.0,1374199.9999999998,Critical,,1374199.9999999998,Unknown,"Operational risk event: Internal fraud caused by People in Retail banking located in Inner mongolia,Henan,Inner mongolia, Unknown city."
3692,RISK-0005,7.0,20120601,,1114600.0,0.0,1114600.0,Critical,,1114600.0,Unknown,"Operational risk event: Internal fraud caused by People in Retail banking located in Inner mongolia,Henan,Inner mongolia, Unknown city."
3693,RISK-0005,7.0,,,1120000.0,0.0,1120000.0,Critical,,1120000.0,Unknown,"Operational risk event: Internal fraud caused by People in Retail banking located in Jilin, Jilin."
3694,RISK-0029,3.0,20130301,,29900000.0,0.0,29900000.0,Critical,,29900000.0,Unknown,"Operational risk event: Execution, delivery & process management caused by People in Commercial banking located in Hebei, Cangzhou."
3695,RISK-0023,3.0,20130901,,113000000.0,0.0,113000000.0,Critical,,113000000.0,Unknown,"Operational risk event: External fraud caused by External event in Commercial banking located in Anhui,Yunnan, Suzhou."
3696,RISK-0032,1.0,20130701,,1250000000.0,0.0,1250000000.0,Critical,,1250000000.0,Unknown,"Operational risk event: Internal fraud caused by People in Agency services located in Yunnan,Ningxia, Kunming,Lanzhou,Yinchuan."
3697,RISK-0029,3.0,20160401,,20000000.0,0.0,20000000.0,Critical,,20000000.0,Unknown,"Operational risk event: Execution, delivery & process management caused by People in Commercial banking located in Unknown province, Huaihua."
3698,RISK-0005,7.0,,,522200000.0,0.0,522200000.0,Critical,,522200000.0,Unknown,"Operational risk event: Internal fraud caused by People in Retail banking located in Guangdong, Unknown city."
3699,RISK-0025,7.0,20131001,,101600000.0,0.0,101600000.0,Critical,,101600000.0,Unknown,"Operational risk event: External fraud caused by External event in Retail banking located in Heilongjiang, Unknown city."
3700,RISK-0005,7.0,20170501,,5000000.0,0.0,5000000.0,Critical,,5000000.0,Unknown,"Operational risk event: Internal fraud caused by People in Retail banking located in Unknown province, Hulun buir."
3701,RISK-0005,7.0,,,10000000.0,0.0,10000000.0,Critical,,10000000.0,Unknown,"Operational risk event: Internal fraud caused by People in Retail banking located in Unknown province, Hulun buir."
3702,RISK-0013,7.0,,,12000000.0,0.0,12000000.0,Critical,,12000000.0,Unknown,"Operational risk event: Execution, delivery & process management caused by Process in Retail banking located in Sichuan, Chengdu."
3703,RISK-0025,7.0,,,900000.0,0.0,900000.0,High,,900000.0,Unknown,"Operational risk event: External fraud caused by External event in Retail banking located in Guizhou, Unknown city."
3704,RISK-0031,2.0,20130301,,4710000.0,0.0,4710000.0,Critical,,4710000.0,Unknown,"Operational risk event: Internal fraud caused by People in Asset management located in Shaanxi, Xi'an."
3705,RISK-0003,6.0,20151201,,700000000.0,0.0,700000000.0,Critical,,700000000.0,Unknown,"Operational risk event: Internal fraud caused by People in Payment and settlement located in Beijing,Hebei,Henan, Handan,Xingtai,Anyang."
3706,RISK-0029,3.0,20140201,,80000000.0,0.0,80000000.0,Critical,,80000000.0,Unknown,"Operational risk event: Execution, delivery & process management caused by People in Commercial banking located in Unknown province, Harbin."
3707,RISK-0005,7.0,20151101,,8700000.0,0.0,8700000.0,Critical,,8700000.0,Unknown,"Operational risk event: Internal fraud caused by People in Retail banking located in Unknown province, Unknown city."
3708,RISK-0005,7.0,20170901,,900000.0,0.0,900000.0,High,,900000.0,Unknown,"Operational risk event: Internal fraud caused by People in Retail banking located in Unknown province, Unknown city."
3709,RISK-0005,7.0,20081001,,8700000.0,0.0,8700000.0,Critical,,8700000.0,Unknown,"Operational risk event: Internal fraud caused by People in Retail banking located in Guangdong, Jieyang."
3710,RISK-0097,4.0,20140501,,400000000.0,0.0,400000000.0,Critical,,400000000.0,Unknown,"Operational risk event: External fraud caused by External event in Corporate finance located in Beijing,Hebei,Shanxi,Shanghai, Langfang,Taiyuan,Ningbo,Bengbu,Qingdao."
3711,RISK-0097,4.0,20150401,,680000000.0,0.0,680000000.0,Critical,,680000000.0,Unknown,"Operational risk event: External fraud caused by External event in Corporate finance located in Beijing,Hebei,Shanxi,Shanghai, Langfang,Taiyuan,Ningbo,Bengbu,Qingdao."
3712,RISK-0097,4.0,20150801,,700000000.0,0.0,700000000.0,Critical,,700000000.0,Unknown,"Operational risk event: External fraud caused by External event in Corporate finance located in Beijing,Hebei,Shanxi,Shanghai, Langfang,Taiyuan,Ningbo,Bengbu,Qingdao."
3713,RISK-0097,4.0,20150901,,1000000000.0,0.0,1000000000.0,Critical,,1000000000.0,Unknown,"Operational risk event: External fraud caused by External event in Corporate finance located in Beijing,Hebei,Shanxi,Shanghai, Langfang,Taiyuan,Ningbo,Bengbu,Qingdao."
3714,RISK-0002,5.0,20111201,,562000000.0,0.0,562000000.0,Critical,,562000000.0,Unknown,"Operational risk event: Internal fraud caused by People in No business line located in Beijing, Unknown city."
3715,RISK-0025,7.0,20160901,,9690000.0,0.0,9690000.0,Critical,,9690000.0,Unknown,"Operational risk event: External fraud caused by External event in Retail banking located in Anhui, Huaibei."
3716,RISK-0009,7.0,,,40000000.0,0.0,40000000.0,Critical,,40000000.0,Unknown,"Operational risk event: Execution, delivery & process management caused by People in Retail banking located in Zhejiang, Unknown city."
3717,RISK-0001,3.0,20131101,,100000000.0,0.0,100000000.0,Critical,,100000000.0,Unknown,"Operational risk event: Internal fraud caused by People in Commercial banking located in Zhejiang,Hunan, Nanjing,Hangzhou,Changsha."
3718,RISK-0023,3.0,20160201,,41000000.0,0.0,41000000.0,Critical,,41000000.0,Unknown,"Operational risk event: External fraud caused by External event in Commercial banking located in Jiangsu,Zhejiang,Guangdong, Wuxi."
3719,RISK-0005,7.0,20170601,,317600.0,0.0,317600.0,High,,317600.0,Unknown,"Operational risk event: Internal fraud caused by People in Retail banking located in Inner mongolia,Shanghai,Jiangxi,Inner mongolia, Nanchang."
3720,RISK-0005,7.0,,,6920000.0,0.0,6920000.0,Critical,,6920000.0,Unknown,"Operational risk event: Internal fraud caused by People in Retail banking located in Inner mongolia,Shanghai,Jiangxi,Inner mongolia, Nanchang."
3721,RISK-0025,7.0,20120701,,30000000.0,0.0,30000000.0,Critical,,30000000.0,Unknown,"Operational risk event: External fraud caused by External event in Retail banking located in Unknown province, Tonghua."
3722,RISK-0005,7.0,20121201,,93000000.0,0.0,93000000.0,Critical,,93000000.0,Unknown,"Operational risk event: Internal fraud caused by People in Retail banking located in Unknown province, Liangshan."
3723,RISK-0031,2.0,,,7065566.0,0.0,7065566.0,Critical,,7065566.0,Unknown,"Operational risk event: Internal fraud caused by People in Asset management located in Henan, Unknown city."
,RISK-0098,,,,,0.0,,Unknown,,,Unknown,"Operational risk event: Unknown type caused by Unknown cause in Unknown business line located in Unknown province, Unknown city."
NOTE：All information that was not disclosed in the original operational risk event text is populated with F,RISK-0098,,,,,0.0,,Unknown,,,Unknown,"Operational risk event: Unknown type caused by Unknown cause in Unknown business line located in Unknown province, Unknown city."
