business_line,event_type,causal_factor,province_occurred,year_month,event_count,total_loss_cny,avg_loss_cny,median_loss_cny,max_loss_cny,high_loss_count,avg_banks_involved,month_start,event_count_lag_1,total_loss_lag_1,high_loss_count_lag_1,event_count_lag_2,total_loss_lag_2,high_loss_count_lag_2,event_count_lag_3,total_loss_lag_3,high_loss_count_lag_3,event_count_lag_6,total_loss_lag_6,high_loss_count_lag_6,event_count_lag_12,total_loss_lag_12,high_loss_count_lag_12,event_count_roll_3,total_loss_roll_3,high_loss_roll_3,event_count_roll_6,total_loss_roll_6,high_loss_roll_6,event_count_roll_12,total_loss_roll_12,high_loss_roll_12,loss_per_event,log_total_loss,future_window_end,future_high_loss,future_any_event,business_line_freq,event_type_freq,causal_factor_freq,province_occurred_freq,month_num,quarter_num,year_num,horizon_days,future_high_loss_pred_proba,future_high_loss_pred_flag
Agency services,Business disruption and system failures,System,Guangdong,2008-02,1,0.0,0.0,0.0,0.0,0,1.0,2008-02-01,0.0,0.0,0.0,0.0,0.0,0.0,0.0,0.0,0.0,0.0,0.0,0.0,0.0,0.0,0.0,0.0,0.0,0.0,0.0,0.0,0.0,0.0,0.0,0.0,0.0,0.0,2008-05-01,0,0,0.006269592476489,0.0094043887147335,0.0174652933273622,0.044782803403493,2,1,2008,90,0.032840834567955286,0
Agency services,"Clients, products & business practices",People,Beijing,2015-05,1,70000.0,70000.0,70000.0,70000.0,0,1.0,2015-05-01,0.0,0.0,0.0,0.0,0.0,0.0,0.0,0.0,0.0,0.0,0.0,0.0,0.0,0.0,0.0,0.0,0.0,0.0,0.0,0.0,0.0,0.0,0.0,0.0,70000.0,11.156264806643742,2015-07-30,0,0,0.006269592476489,0.1424093148231079,0.4594715629198387,0.0940438871473354,5,2,2015,90,0.030563648522686407,0
Agency services,"Clients, products & business practices",People,Hainan,2009-10,1,50000.0,50000.0,50000.0,50000.0,0,1.0,2009-10-01,0.0,0.0,0.0,0.0,0.0,0.0,0.0,0.0,0.0,0.0,0.0,0.0,0.0,0.0,0.0,0.0,0.0,0.0,0.0,0.0,0.0,0.0,0.0,0.0,50000.0,10.819798284210286,2009-12-30,0,0,0.006269592476489,0.1424093148231079,0.4594715629198387,0.0103000447828034,10,4,2009,90,0.11525070466330377,0
Agency services,"Execution, delivery & process management",External event,Shanghai,2010-08,1,6039.0,6039.0,6039.0,6039.0,0,0.0,2010-08-01,0.0,0.0,0.0,0.0,0.0,0.0,0.0,0.0,0.0,0.0,0.0,0.0,0.0,0.0,0.0,0.0,0.0,0.0,0.0,0.0,0.0,0.0,0.0,0.0,6039.0,8.706159290928861,2010-10-30,0,0,0.006269592476489,0.1527093596059113,0.322884012539185,0.0452306314375279,8,3,2010,90,0.11536231148072379,0
Agency services,"Execution, delivery & process management",People,Hebei,2003-07,1,1500.0,1500.0,1500.0,1500.0,0,0.0,2003-07-01,0.0,0.0,0.0,0.0,0.0,0.0,0.0,0.0,0.0,0.0,0.0,0.0,0.0,0.0,0.0,0.0,0.0,0.0,0.0,0.0,0.0,0.0,0.0,0.0,1500.0,7.313886831633462,2003-09-29,0,0,0.006269592476489,0.1527093596059113,0.4594715629198387,0.0111957008508732,7,3,2003,90,0.05586321524876215,0
Agency services,"Execution, delivery & process management",People,Shandong,2006-01,1,100000.0,100000.0,100000.0,100000.0,0,0.0,2006-01-01,0.0,0.0,0.0,0.0,0.0,0.0,0.0,0.0,0.0,0.0,0.0,0.0,0.0,0.0,0.0,0.0,0.0,0.0,0.0,0.0,0.0,0.0,0.0,0.0,100000.0,11.51293546492023,2006-04-01,0,0,0.006269592476489,0.1527093596059113,0.4594715629198387,0.0501567398119122,1,1,2006,90,0.0972551930422959,0
Agency services,"Execution, delivery & process management",Process,Shanghai,2006-04,1,270000.0,270000.0,270000.0,270000.0,0,0.0,2006-04-01,0.0,0.0,0.0,0.0,0.0,0.0,0.0,0.0,0.0,0.0,0.0,0.0,0.0,0.0,0.0,0.0,0.0,0.0,0.0,0.0,0.0,0.0,0.0,0.0,270000.0,12.506180941677355,2006-06-30,0,0,0.006269592476489,0.1527093596059113,0.2001791312136139,0.0452306314375279,4,2,2006,90,0.059017520384041795,0
Agency services,"Execution, delivery & process management",Process,Zhejiang,2018-10,1,800000.0,800000.0,800000.0,800000.0,0,1.0,2018-10-01,0.0,0.0,0.0,0.0,0.0,0.0,0.0,0.0,0.0,0.0,0.0,0.0,0.0,0.0,0.0,0.0,0.0,0.0,0.0,0.0,0.0,0.0,0.0,0.0,800000.0,13.592368256649284,2018-12-30,0,0,0.006269592476489,0.1527093596059113,0.2001791312136139,0.0523958799820868,10,4,2018,90,0.02589299536813753,0
Agency services,Internal fraud,People,Gansu,2007-01,1,2300500.0,2300500.0,2300500.0,2300500.0,0,1.0,2007-01-01,0.0,0.0,0.0,0.0,0.0,0.0,0.0,0.0,0.0,0.0,0.0,0.0,0.0,0.0,0.0,0.0,0.0,0.0,0.0,0.0,0.0,0.0,0.0,0.0,2300500.0,14.648637483265675,2007-04-01,0,0,0.006269592476489,0.380653828929691,0.4594715629198387,0.0076130765785938,1,1,2007,90,0.06280110873643784,0
Agency services,Internal fraud,People,Guangdong,2004-08,1,3438500.0,3438500.0,3438500.0,3438500.0,0,1.0,2004-08-01,0.0,0.0,0.0,0.0,0.0,0.0,0.0,0.0,0.0,0.0,0.0,0.0,0.0,0.0,0.0,0.0,0.0,0.0,0.0,0.0,0.0,0.0,0.0,0.0,3438500.0,15.050546178566472,2004-10-30,0,0,0.006269592476489,0.380653828929691,0.4594715629198387,0.044782803403493,8,3,2004,90,0.04982343184997796,0
Agency services,Internal fraud,People,Guizhou,2000-05,1,1120000.0,1120000.0,1120000.0,1120000.0,0,1.0,2000-05-01,0.0,0.0,0.0,0.0,0.0,0.0,0.0,0.0,0.0,0.0,0.0,0.0,0.0,0.0,0.0,0.0,0.0,0.0,0.0,0.0,0.0,0.0,0.0,0.0,1120000.0,13.928840136128022,2000-07-30,0,0,0.006269592476489,0.380653828929691,0.4594715629198387,0.0107478728168383,5,2,2000,90,0.07456733897152393,0
Agency services,Internal fraud,People,Liaoning,2005-07,1,1680000.0,1680000.0,1680000.0,1680000.0,0,0.0,2005-07-01,0.0,0.0,0.0,0.0,0.0,0.0,0.0,0.0,0.0,0.0,0.0,0.0,0.0,0.0,0.0,0.0,0.0,0.0,0.0,0.0,0.0,0.0,0.0,0.0,1680000.0,14.33430494661736,2005-09-29,0,0,0.006269592476489,0.380653828929691,0.4594715629198387,0.0291088222122704,7,3,2005,90,0.05901400444876693,0
Agency services,Internal fraud,People,Shandong,2008-01,1,102300.0,102300.0,102300.0,102300.0,0,1.0,2008-01-01,0.0,0.0,0.0,0.0,0.0,0.0,0.0,0.0,0.0,0.0,0.0,0.0,0.0,0.0,0.0,0.0,0.0,0.0,0.0,0.0,0.0,0.0,0.0,0.0,102300.0,11.535674727063007,2008-03-31,0,0,0.006269592476489,0.380653828929691,0.4594715629198387,0.0501567398119122,1,1,2008,90,0.06689942921316731,0
Agency services,Internal fraud,People,"Yunnan,Ningxia",2013-07,1,1250000000.0,1250000000.0,1250000000.0,1250000000.0,1,1.0,2013-07-01,0.0,0.0,0.0,0.0,0.0,0.0,0.0,0.0,0.0,0.0,0.0,0.0,0.0,0.0,0.0,0.0,0.0,0.0,0.0,0.0,0.0,0.0,0.0,0.0,1250000000.0,20.94640938906062,2013-09-29,0,0,0.006269592476489,0.380653828929691,0.4594715629198387,0.0004478280340349,7,3,2013,90,0.112035800778906,0
Asset management,Business disruption and system failures,System,Beijing,2016-11,2,14358000.0,7179000.0,7179000.0,7179000.0,0,1.0,2016-11-01,0.0,0.0,0.0,0.0,0.0,0.0,0.0,0.0,0.0,0.0,0.0,0.0,0.0,0.0,0.0,0.0,0.0,0.0,0.0,0.0,0.0,0.0,0.0,0.0,7179000.0,16.479817905766147,2017-01-30,0,0,0.1943573667711598,0.0094043887147335,0.0174652933273622,0.0940438871473354,11,4,2016,90,0.022926452743031945,0
Asset management,Business disruption and system failures,System,"Henan,Guangxi",2017-11,1,200000.0,200000.0,200000.0,200000.0,0,0.0,2017-11-01,0.0,0.0,0.0,0.0,0.0,0.0,0.0,0.0,0.0,0.0,0.0,0.0,0.0,0.0,0.0,0.0,0.0,0.0,0.0,0.0,0.0,0.0,0.0,0.0,200000.0,12.206077645517674,2018-01-30,0,0,0.1943573667711598,0.0094043887147335,0.0174652933273622,0.0004478280340349,11,4,2017,90,0.014773763425677463,0
Asset management,"Clients, products & business practices",External event,Anhui,2018-07,1,200000.0,200000.0,200000.0,200000.0,0,0.0,2018-07-01,0.0,0.0,0.0,0.0,0.0,0.0,0.0,0.0,0.0,0.0,0.0,0.0,0.0,0.0,0.0,0.0,0.0,0.0,0.0,0.0,0.0,0.0,0.0,0.0,200000.0,12.206077645517674,2018-09-29,0,0,0.1943573667711598,0.1424093148231079,0.322884012539185,0.0250783699059561,7,3,2018,90,0.02206248291619392,0
Asset management,"Clients, products & business practices",External event,Beijing,2019-04,1,12200000000.0,12200000000.0,12200000000.0,12200000000.0,1,1.0,2019-04-01,0.0,0.0,0.0,0.0,0.0,0.0,0.0,0.0,0.0,0.0,0.0,0.0,0.0,0.0,0.0,0.0,0.0,0.0,0.0,0.0,0.0,0.0,0.0,0.0,12200000000.0,23.22470178876759,2019-06-30,0,0,0.1943573667711598,0.1424093148231079,0.322884012539185,0.0940438871473354,4,2,2019,90,0.0344946595235261,0
Asset management,"Clients, products & business practices",External event,"Beijing,Shanghai,Jiangsu,Chongqing,Hongkong",2012-11,1,312000000.0,312000000.0,312000000.0,312000000.0,1,7.0,2012-11-01,0.0,0.0,0.0,0.0,0.0,0.0,0.0,0.0,0.0,0.0,0.0,0.0,0.0,0.0,0.0,0.0,0.0,0.0,0.0,0.0,0.0,0.0,0.0,0.0,312000000.0,19.55851374897889,2013-01-30,0,0,0.1943573667711598,0.1424093148231079,0.322884012539185,0.0004478280340349,11,4,2012,90,0.03243561917907683,0
Asset management,"Clients, products & business practices",External event,Fujian,2011-04,1,37000.0,37000.0,37000.0,37000.0,0,0.0,2011-04-01,0.0,0.0,0.0,0.0,0.0,0.0,0.0,0.0,0.0,0.0,0.0,0.0,0.0,0.0,0.0,0.0,0.0,0.0,0.0,0.0,0.0,0.0,0.0,0.0,37000.0,10.518700218288163,2011-06-30,0,0,0.1943573667711598,0.1424093148231079,0.322884012539185,0.0237348858038513,4,2,2011,90,0.03142682670171649,0
Asset management,"Clients, products & business practices",People,Anhui,2018-11,1,400000.0,400000.0,400000.0,400000.0,0,2.0,2018-11-01,0.0,0.0,0.0,0.0,0.0,0.0,0.0,0.0,0.0,0.0,0.0,0.0,0.0,0.0,0.0,0.0,0.0,0.0,0.0,0.0,0.0,0.0,0.0,0.0,400000.0,12.899222326086994,2019-01-30,0,0,0.1943573667711598,0.1424093148231079,0.4594715629198387,0.0250783699059561,11,4,2018,90,0.016737408302917006,0
Asset management,"Clients, products & business practices",People,Beijing,2017-08,1,200000.0,200000.0,200000.0,200000.0,0,1.0,2017-08-01,0.0,0.0,0.0,0.0,0.0,0.0,0.0,0.0,0.0,0.0,0.0,0.0,0.0,0.0,0.0,0.0,0.0,0.0,0.0,0.0,0.0,0.0,0.0,0.0,200000.0,12.206077645517674,2017-10-30,0,0,0.1943573667711598,0.1424093148231079,0.4594715629198387,0.0940438871473354,8,3,2017,90,0.011131928479956522,0
Asset management,"Clients, products & business practices",People,Beijing,2017-11,1,80000.0,80000.0,80000.0,80000.0,0,1.0,2017-11-01,1.0,200000.0,0.0,0.0,0.0,0.0,0.0,0.0,0.0,0.0,0.0,0.0,0.0,0.0,0.0,1.0,200000.0,0.0,1.0,200000.0,0.0,1.0,200000.0,0.0,80000.0,11.289794413577894,2018-01-30,0,1,0.1943573667711598,0.1424093148231079,0.4594715629198387,0.0940438871473354,11,4,2017,90,0.021258418593615967,0
Asset management,"Clients, products & business practices",People,Beijing,2017-12,1,900000.0,900000.0,900000.0,900000.0,0,0.0,2017-12-01,1.0,80000.0,0.0,1.0,200000.0,0.0,0.0,0.0,0.0,0.0,0.0,0.0,0.0,0.0,0.0,2.0,280000.0,0.0,2.0,280000.0,0.0,2.0,280000.0,0.0,900000.0,13.71015115341694,2018-03-01,0,0,0.1943573667711598,0.1424093148231079,0.4594715629198387,0.0940438871473354,12,4,2017,90,0.030048561771574535,0
Asset management,"Clients, products & business practices",People,Beijing,2018-04,1,200000.0,200000.0,200000.0,200000.0,0,1.0,2018-04-01,1.0,900000.0,0.0,1.0,80000.0,0.0,1.0,200000.0,0.0,0.0,0.0,0.0,0.0,0.0,0.0,3.0,1180000.0,0.0,3.0,1180000.0,0.0,3.0,1180000.0,0.0,200000.0,12.206077645517674,2018-06-30,0,0,0.1943573667711598,0.1424093148231079,0.4594715629198387,0.0940438871473354,4,2,2018,90,0.018145159322017712,0
Asset management,"Clients, products & business practices",People,"Beijing,Guangxi",2017-11,1,1700000.0,1700000.0,1700000.0,1700000.0,0,1.0,2017-11-01,0.0,0.0,0.0,0.0,0.0,0.0,0.0,0.0,0.0,0.0,0.0,0.0,0.0,0.0,0.0,0.0,0.0,0.0,0.0,0.0,0.0,0.0,0.0,0.0,1700000.0,14.346139397261563,2018-01-30,0,0,0.1943573667711598,0.1424093148231079,0.4594715629198387,0.0022391401701746,11,4,2017,90,0.020106749797420703,0
Asset management,"Clients, products & business practices",People,"Beijing,Hebei,Jiangsu,Hunan,Guangdong,Gansu",2018-01,1,32300000.0,32300000.0,32300000.0,32300000.0,1,11.0,2018-01-01,0.0,0.0,0.0,0.0,0.0,0.0,0.0,0.0,0.0,0.0,0.0,0.0,0.0,0.0,0.0,0.0,0.0,0.0,0.0,0.0,0.0,0.0,0.0,0.0,32300000.0,17.290577819152638,2018-04-01,0,0,0.1943573667711598,0.1424093148231079,0.4594715629198387,0.0004478280340349,1,1,2018,90,0.028895469426199524,0
Asset management,"Clients, products & business practices",People,"Beijing,Henan",2018-01,1,400000.0,400000.0,400000.0,400000.0,0,1.0,2018-01-01,0.0,0.0,0.0,0.0,0.0,0.0,0.0,0.0,0.0,0.0,0.0,0.0,0.0,0.0,0.0,0.0,0.0,0.0,0.0,0.0,0.0,0.0,0.0,0.0,400000.0,12.899222326086994,2018-04-01,0,0,0.1943573667711598,0.1424093148231079,0.4594715629198387,0.0053739364084191,1,1,2018,90,0.020030951800797146,0
Asset management,"Clients, products & business practices",People,"Beijing,Hubei",2017-11,1,250000.0,250000.0,250000.0,250000.0,0,2.0,2017-11-01,0.0,0.0,0.0,0.0,0.0,0.0,0.0,0.0,0.0,0.0,0.0,0.0,0.0,0.0,0.0,0.0,0.0,0.0,0.0,0.0,0.0,0.0,0.0,0.0,250000.0,12.429220196836384,2018-01-30,0,1,0.1943573667711598,0.1424093148231079,0.4594715629198387,0.0053739364084191,11,4,2017,90,0.012569447829182767,0
Asset management,"Clients, products & business practices",People,"Beijing,Hubei",2017-12,2,1000000.0,500000.0,500000.0,500000.0,0,2.0,2017-12-01,1.0,250000.0,0.0,0.0,0.0,0.0,0.0,0.0,0.0,0.0,0.0,0.0,0.0,0.0,0.0,1.0,250000.0,0.0,1.0,250000.0,0.0,1.0,250000.0,0.0,500000.0,13.815511557963774,2018-03-01,0,0,0.1943573667711598,0.1424093148231079,0.4594715629198387,0.0053739364084191,12,4,2017,90,0.01939026774600446,0
Asset management,"Clients, products & business practices",People,"Beijing,Hubei",2019-05,1,600000.0,600000.0,600000.0,600000.0,0,1.0,2019-05-01,2.0,1000000.0,0.0,1.0,250000.0,0.0,0.0,0.0,0.0,0.0,0.0,0.0,0.0,0.0,0.0,3.0,1250000.0,0.0,3.0,1250000.0,0.0,3.0,1250000.0,0.0,600000.0,13.304686600863562,2019-07-30,0,0,0.1943573667711598,0.1424093148231079,0.4594715629198387,0.0053739364084191,5,2,2019,90,0.03547550899177336,0
Asset management,"Clients, products & business practices",People,"Beijing,Jilin",2017-11,1,300000.0,300000.0,300000.0,300000.0,0,1.0,2017-11-01,0.0,0.0,0.0,0.0,0.0,0.0,0.0,0.0,0.0,0.0,0.0,0.0,0.0,0.0,0.0,0.0,0.0,0.0,0.0,0.0,0.0,0.0,0.0,0.0,300000.0,12.611541086966117,2018-01-30,0,0,0.1943573667711598,0.1424093148231079,0.4594715629198387,0.006269592476489,11,4,2017,90,0.017282044088808735,0
Asset management,"Clients, products & business practices",People,"Beijing,Shanghai,Guangxi",2017-11,1,400000.0,400000.0,400000.0,400000.0,0,1.0,2017-11-01,0.0,0.0,0.0,0.0,0.0,0.0,0.0,0.0,0.0,0.0,0.0,0.0,0.0,0.0,0.0,0.0,0.0,0.0,0.0,0.0,0.0,0.0,0.0,0.0,400000.0,12.899222326086994,2018-01-30,0,0,0.1943573667711598,0.1424093148231079,0.4594715629198387,0.0008956560680698,11,4,2017,90,0.016849740415249122,0
Asset management,"Clients, products & business practices",People,"Beijing,Tianjin,Jiangsu",2019-09,1,500000.0,500000.0,500000.0,500000.0,0,2.0,2019-09-01,0.0,0.0,0.0,0.0,0.0,0.0,0.0,0.0,0.0,0.0,0.0,0.0,0.0,0.0,0.0,0.0,0.0,0.0,0.0,0.0,0.0,0.0,0.0,0.0,500000.0,13.122365377402328,2019-11-30,0,0,0.1943573667711598,0.1424093148231079,0.4594715629198387,0.0004478280340349,9,3,2019,90,0.013686461282457794,0
Asset management,"Clients, products & business practices",People,"Beijing,Tianjin,Jilin",2017-01,1,300000.0,300000.0,300000.0,300000.0,0,11.0,2017-01-01,0.0,0.0,0.0,0.0,0.0,0.0,0.0,0.0,0.0,0.0,0.0,0.0,0.0,0.0,0.0,0.0,0.0,0.0,0.0,0.0,0.0,0.0,0.0,0.0,300000.0,12.611541086966117,2017-04-01,0,0,0.1943573667711598,0.1424093148231079,0.4594715629198387,0.0004478280340349,1,1,2017,90,0.016119633131523127,0
Asset management,"Clients, products & business practices",People,"Beijing,Zhejiang",2017-12,1,1400000.0,1400000.0,1400000.0,1400000.0,0,1.0,2017-12-01,0.0,0.0,0.0,0.0,0.0,0.0,0.0,0.0,0.0,0.0,0.0,0.0,0.0,0.0,0.0,0.0,0.0,0.0,0.0,0.0,0.0,0.0,0.0,0.0,1400000.0,14.151983508870948,2018-03-01,0,0,0.1943573667711598,0.1424093148231079,0.4594715629198387,0.0076130765785938,12,4,2017,90,0.028070094628690062,0
Asset management,"Clients, products & business practices",People,Chongqing,2012-09,1,40000000.0,40000000.0,40000000.0,40000000.0,1,0.0,2012-09-01,0.0,0.0,0.0,0.0,0.0,0.0,0.0,0.0,0.0,0.0,0.0,0.0,0.0,0.0,0.0,0.0,0.0,0.0,0.0,0.0,0.0,0.0,0.0,0.0,40000000.0,17.50439003707821,2012-11-30,0,0,0.1943573667711598,0.1424093148231079,0.4594715629198387,0.0232870577698163,9,3,2012,90,0.047505661122586966,0
Asset management,"Clients, products & business practices",People,Chongqing,2017-06,1,500000.0,500000.0,500000.0,500000.0,0,1.0,2017-06-01,1.0,40000000.0,1.0,0.0,0.0,0.0,0.0,0.0,0.0,0.0,0.0,0.0,0.0,0.0,0.0,1.0,40000000.0,1.0,1.0,40000000.0,1.0,1.0,40000000.0,1.0,500000.0,13.122365377402328,2017-08-30,0,1,0.1943573667711598,0.1424093148231079,0.4594715629198387,0.0232870577698163,6,2,2017,90,0.03369858808972783,0
Asset management,"Clients, products & business practices",People,Chongqing,2017-07,2,600000.0,300000.0,300000.0,300000.0,0,1.0,2017-07-01,1.0,500000.0,0.0,1.0,40000000.0,1.0,0.0,0.0,0.0,0.0,0.0,0.0,0.0,0.0,0.0,2.0,40500000.0,1.0,2.0,40500000.0,1.0,2.0,40500000.0,1.0,300000.0,13.304686600863562,2017-09-29,0,1,0.1943573667711598,0.1424093148231079,0.4594715629198387,0.0232870577698163,7,3,2017,90,0.029180268867870833,0
Asset management,"Clients, products & business practices",People,Chongqing,2017-09,1,800000.0,800000.0,800000.0,800000.0,0,1.0,2017-09-01,2.0,600000.0,0.0,1.0,500000.0,0.0,1.0,40000000.0,1.0,0.0,0.0,0.0,0.0,0.0,0.0,4.0,41100000.0,1.0,4.0,41100000.0,1.0,4.0,41100000.0,1.0,800000.0,13.592368256649284,2017-11-30,0,0,0.1943573667711598,0.1424093148231079,0.4594715629198387,0.0232870577698163,9,3,2017,90,0.0785618596795019,0
Asset management,"Clients, products & business practices",People,Guangxi,2017-07,1,250000.0,250000.0,250000.0,250000.0,0,1.0,2017-07-01,0.0,0.0,0.0,0.0,0.0,0.0,0.0,0.0,0.0,0.0,0.0,0.0,0.0,0.0,0.0,0.0,0.0,0.0,0.0,0.0,0.0,0.0,0.0,0.0,250000.0,12.429220196836384,2017-09-29,0,0,0.1943573667711598,0.1424093148231079,0.4594715629198387,0.0143304970891177,7,3,2017,90,0.011131928479956522,0
Asset management,"Clients, products & business practices",People,Guangxi,2018-12,1,200000.0,200000.0,200000.0,200000.0,0,1.0,2018-12-01,1.0,250000.0,0.0,0.0,0.0,0.0,0.0,0.0,0.0,0.0,0.0,0.0,0.0,0.0,0.0,1.0,250000.0,0.0,1.0,250000.0,0.0,1.0,250000.0,0.0,200000.0,12.206077645517674,2019-03-01,0,0,0.1943573667711598,0.1424093148231079,0.4594715629198387,0.0143304970891177,12,4,2018,90,0.0038793788540216014,0
Asset management,"Clients, products & business practices",People,Hebei,2018-12,2,100000.0,50000.0,50000.0,50000.0,0,1.0,2018-12-01,0.0,0.0,0.0,0.0,0.0,0.0,0.0,0.0,0.0,0.0,0.0,0.0,0.0,0.0,0.0,0.0,0.0,0.0,0.0,0.0,0.0,0.0,0.0,0.0,50000.0,11.51293546492023,2019-03-01,0,0,0.1943573667711598,0.1424093148231079,0.4594715629198387,0.0111957008508732,12,4,2018,90,0.022724795606519244,0
Asset management,"Clients, products & business practices",People,Heilongjiang,2017-11,1,300000.0,300000.0,300000.0,300000.0,0,1.0,2017-11-01,0.0,0.0,0.0,0.0,0.0,0.0,0.0,0.0,0.0,0.0,0.0,0.0,0.0,0.0,0.0,0.0,0.0,0.0,0.0,0.0,0.0,0.0,0.0,0.0,300000.0,12.611541086966117,2018-01-30,0,0,0.1943573667711598,0.1424093148231079,0.4594715629198387,0.0228392297357814,11,4,2017,90,0.020817193691209792,0
Asset management,"Clients, products & business practices",People,Henan,2018-02,1,900000.0,900000.0,900000.0,900000.0,0,1.0,2018-02-01,0.0,0.0,0.0,0.0,0.0,0.0,0.0,0.0,0.0,0.0,0.0,0.0,0.0,0.0,0.0,0.0,0.0,0.0,0.0,0.0,0.0,0.0,0.0,0.0,900000.0,13.71015115341694,2018-05-02,0,0,0.1943573667711598,0.1424093148231079,0.4594715629198387,0.0497089117778772,2,1,2018,90,0.012796735325833858,0
Asset management,"Clients, products & business practices",People,Henan,2018-07,1,1000000.0,1000000.0,1000000.0,1000000.0,0,0.0,2018-07-01,1.0,900000.0,0.0,0.0,0.0,0.0,0.0,0.0,0.0,0.0,0.0,0.0,0.0,0.0,0.0,1.0,900000.0,0.0,1.0,900000.0,0.0,1.0,900000.0,0.0,1000000.0,13.815511557963774,2018-09-29,0,0,0.1943573667711598,0.1424093148231079,0.4594715629198387,0.0497089117778772,7,3,2018,90,0.036217763179425044,0
Asset management,"Clients, products & business practices",People,Henan,2018-12,4,1150000.0,287500.0,250000.0,450000.0,0,1.5,2018-12-01,1.0,1000000.0,0.0,1.0,900000.0,0.0,0.0,0.0,0.0,0.0,0.0,0.0,0.0,0.0,0.0,2.0,1900000.0,0.0,2.0,1900000.0,0.0,2.0,1900000.0,0.0,287500.0,13.955273369904273,2019-03-01,0,1,0.1943573667711598,0.1424093148231079,0.4594715629198387,0.0497089117778772,12,4,2018,90,0.047660564815823786,0
Asset management,"Clients, products & business practices",People,Henan,2019-01,5,2350000.0,470000.0,500000.0,500000.0,0,1.4,2019-01-01,4.0,1150000.0,0.0,1.0,1000000.0,0.0,1.0,900000.0,0.0,0.0,0.0,0.0,0.0,0.0,0.0,6.0,3050000.0,0.0,6.0,3050000.0,0.0,6.0,3050000.0,0.0,470000.0,14.669926311652166,2019-04-01,0,0,0.1943573667711598,0.1424093148231079,0.4594715629198387,0.0497089117778772,1,1,2019,90,0.12051135648073197,0
Asset management,"Clients, products & business practices",People,Henan,2019-05,1,200000.0,200000.0,200000.0,200000.0,0,1.0,2019-05-01,5.0,2350000.0,0.0,4.0,1150000.0,0.0,1.0,1000000.0,0.0,0.0,0.0,0.0,0.0,0.0,0.0,10.0,4500000.0,0.0,11.0,5400000.0,0.0,11.0,5400000.0,0.0,200000.0,12.206077645517674,2019-07-30,1,1,0.1943573667711598,0.1424093148231079,0.4594715629198387,0.0497089117778772,5,2,2019,90,0.08036336225446437,0
Asset management,"Clients, products & business practices",People,Henan,2019-06,1,84891744.99999999,84891744.99999999,84891744.99999999,84891744.99999999,1,1.0,2019-06-01,1.0,200000.0,0.0,5.0,2350000.0,0.0,4.0,1150000.0,0.0,0.0,0.0,0.0,0.0,0.0,0.0,10.0,3700000.0,0.0,12.0,5600000.0,0.0,12.0,5600000.0,0.0,84891744.99999999,18.25688742629625,2019-08-30,0,0,0.1943573667711598,0.1424093148231079,0.4594715629198387,0.0497089117778772,6,2,2019,90,0.18753735217678863,0
Asset management,"Clients, products & business practices",People,"Inner mongolia,Inner mongolia",2018-12,1,400000.0,400000.0,400000.0,400000.0,0,1.0,2018-12-01,0.0,0.0,0.0,0.0,0.0,0.0,0.0,0.0,0.0,0.0,0.0,0.0,0.0,0.0,0.0,0.0,0.0,0.0,0.0,0.0,0.0,0.0,0.0,0.0,400000.0,12.899222326086994,2019-03-01,0,1,0.1943573667711598,0.1424093148231079,0.4594715629198387,0.0071652485445588,12,4,2018,90,0.02008917703496743,0
Asset management,"Clients, products & business practices",People,"Inner mongolia,Inner mongolia",2019-03,1,300000.0,300000.0,300000.0,300000.0,0,1.0,2019-03-01,1.0,400000.0,0.0,0.0,0.0,0.0,0.0,0.0,0.0,0.0,0.0,0.0,0.0,0.0,0.0,1.0,400000.0,0.0,1.0,400000.0,0.0,1.0,400000.0,0.0,300000.0,12.611541086966117,2019-05-30,0,0,0.1943573667711598,0.1424093148231079,0.4594715629198387,0.0071652485445588,3,1,2019,90,0.005448340866507748,0
Asset management,"Clients, products & business practices",People,"Inner mongolia,Jiangsu,Henan,Inner mongolia",2019-03,1,7126000.0,7126000.0,7126000.0,7126000.0,0,12.0,2019-03-01,0.0,0.0,0.0,0.0,0.0,0.0,0.0,0.0,0.0,0.0,0.0,0.0,0.0,0.0,0.0,0.0,0.0,0.0,0.0,0.0,0.0,0.0,0.0,0.0,7126000.0,15.77926076547909,2019-05-30,0,0,0.1943573667711598,0.1424093148231079,0.4594715629198387,0.0004478280340349,3,1,2019,90,0.019678342260331213,0
Asset management,"Clients, products & business practices",People,Jiangsu,2017-06,1,300000.0,300000.0,300000.0,300000.0,0,1.0,2017-06-01,0.0,0.0,0.0,0.0,0.0,0.0,0.0,0.0,0.0,0.0,0.0,0.0,0.0,0.0,0.0,0.0,0.0,0.0,0.0,0.0,0.0,0.0,0.0,0.0,300000.0,12.611541086966117,2017-08-30,0,1,0.1943573667711598,0.1424093148231079,0.4594715629198387,0.032243618450515,6,2,2017,90,0.010351606172916658,0
Asset management,"Clients, products & business practices",People,Jiangsu,2017-08,1,250000.0,250000.0,250000.0,250000.0,0,1.0,2017-08-01,1.0,300000.0,0.0,0.0,0.0,0.0,0.0,0.0,0.0,0.0,0.0,0.0,0.0,0.0,0.0,1.0,300000.0,0.0,1.0,300000.0,0.0,1.0,300000.0,0.0,250000.0,12.429220196836384,2017-10-30,0,0,0.1943573667711598,0.1424093148231079,0.4594715629198387,0.032243618450515,8,3,2017,90,0.002253896422063303,0
Asset management,"Clients, products & business practices",People,Jiangxi,2017-09,1,400000.0,400000.0,400000.0,400000.0,0,1.0,2017-09-01,0.0,0.0,0.0,0.0,0.0,0.0,0.0,0.0,0.0,0.0,0.0,0.0,0.0,0.0,0.0,0.0,0.0,0.0,0.0,0.0,0.0,0.0,0.0,0.0,400000.0,12.899222326086994,2017-11-30,0,0,0.1943573667711598,0.1424093148231079,0.4594715629198387,0.0156739811912225,9,3,2017,90,0.013574129170125678,0
Asset management,"Clients, products & business practices",People,Jilin,2017-06,1,500000.0,500000.0,500000.0,500000.0,0,1.0,2017-06-01,0.0,0.0,0.0,0.0,0.0,0.0,0.0,0.0,0.0,0.0,0.0,0.0,0.0,0.0,0.0,0.0,0.0,0.0,0.0,0.0,0.0,0.0,0.0,0.0,500000.0,13.122365377402328,2017-08-30,0,1,0.1943573667711598,0.1424093148231079,0.4594715629198387,0.0197044334975369,6,2,2017,90,0.0182635212530849,0
Asset management,"Clients, products & business practices",People,Jilin,2017-07,1,200000.0,200000.0,200000.0,200000.0,0,1.0,2017-07-01,1.0,500000.0,0.0,0.0,0.0,0.0,0.0,0.0,0.0,0.0,0.0,0.0,0.0,0.0,0.0,1.0,500000.0,0.0,1.0,500000.0,0.0,1.0,500000.0,0.0,200000.0,12.206077645517674,2017-09-29,0,1,0.1943573667711598,0.1424093148231079,0.4594715629198387,0.0197044334975369,7,3,2017,90,0.005448340866507748,0
Asset management,"Clients, products & business practices",People,Jilin,2017-09,1,400000.0,400000.0,400000.0,400000.0,0,1.0,2017-09-01,1.0,200000.0,0.0,1.0,500000.0,0.0,0.0,0.0,0.0,0.0,0.0,0.0,0.0,0.0,0.0,2.0,700000.0,0.0,2.0,700000.0,0.0,2.0,700000.0,0.0,400000.0,12.899222326086994,2017-11-30,0,0,0.1943573667711598,0.1424093148231079,0.4594715629198387,0.0197044334975369,9,3,2017,90,0.04856577115160566,0
Asset management,"Clients, products & business practices",People,Jilin,2019-05,1,300000.0,300000.0,300000.0,300000.0,0,1.0,2019-05-01,1.0,400000.0,0.0,1.0,200000.0,0.0,1.0,500000.0,0.0,0.0,0.0,0.0,0.0,0.0,0.0,3.0,1100000.0,0.0,3.0,1100000.0,0.0,3.0,1100000.0,0.0,300000.0,12.611541086966117,2019-07-30,0,0,0.1943573667711598,0.1424093148231079,0.4594715629198387,0.0197044334975369,5,2,2019,90,0.023050833081205663,0
Asset management,"Clients, products & business practices",People,Liaoning,2019-04,1,500000.0,500000.0,500000.0,500000.0,0,1.0,2019-04-01,0.0,0.0,0.0,0.0,0.0,0.0,0.0,0.0,0.0,0.0,0.0,0.0,0.0,0.0,0.0,0.0,0.0,0.0,0.0,0.0,0.0,0.0,0.0,0.0,500000.0,13.122365377402328,2019-06-30,0,0,0.1943573667711598,0.1424093148231079,0.4594715629198387,0.0291088222122704,4,2,2019,90,0.011764435270718167,0
Asset management,"Clients, products & business practices",People,Shaanxi,2017-09,2,740000.0,370000.0,370000.0,480000.0,0,1.5,2017-09-01,0.0,0.0,0.0,0.0,0.0,0.0,0.0,0.0,0.0,0.0,0.0,0.0,0.0,0.0,0.0,0.0,0.0,0.0,0.0,0.0,0.0,0.0,0.0,0.0,370000.0,13.51440681653079,2017-11-30,0,0,0.1943573667711598,0.1424093148231079,0.4594715629198387,0.0237348858038513,9,3,2017,90,0.018343593089518627,0
Asset management,"Clients, products & business practices",People,Shandong,2017-08,5,1250000.0,250000.0,250000.0,300000.0,0,1.0,2017-08-01,0.0,0.0,0.0,0.0,0.0,0.0,0.0,0.0,0.0,0.0,0.0,0.0,0.0,0.0,0.0,0.0,0.0,0.0,0.0,0.0,0.0,0.0,0.0,0.0,250000.0,14.038654909278163,2017-10-30,0,0,0.1943573667711598,0.1424093148231079,0.4594715629198387,0.0501567398119122,8,3,2017,90,0.01915382064573626,0
Asset management,"Clients, products & business practices",People,Shanghai,2002-11,1,9050000.0,9050000.0,9050000.0,9050000.0,0,1.0,2002-11-01,0.0,0.0,0.0,0.0,0.0,0.0,0.0,0.0,0.0,0.0,0.0,0.0,0.0,0.0,0.0,0.0,0.0,0.0,0.0,0.0,0.0,0.0,0.0,0.0,9050000.0,16.01827542617334,2003-01-30,0,0,0.1943573667711598,0.1424093148231079,0.4594715629198387,0.0452306314375279,11,4,2002,90,0.029046559505069507,0
Asset management,"Clients, products & business practices",People,Shanghai,2018-12,1,200000.0,200000.0,200000.0,200000.0,0,1.0,2018-12-01,1.0,9050000.0,0.0,0.0,0.0,0.0,0.0,0.0,0.0,0.0,0.0,0.0,0.0,0.0,0.0,1.0,9050000.0,0.0,1.0,9050000.0,0.0,1.0,9050000.0,0.0,200000.0,12.206077645517674,2019-03-01,0,0,0.1943573667711598,0.1424093148231079,0.4594715629198387,0.0452306314375279,12,4,2018,90,0.0038793788540216014,0
Asset management,"Clients, products & business practices",People,Shanghai,2019-05,1,300000.0,300000.0,300000.0,300000.0,0,0.0,2019-05-01,1.0,200000.0,0.0,1.0,9050000.0,0.0,0.0,0.0,0.0,0.0,0.0,0.0,0.0,0.0,0.0,2.0,9250000.0,0.0,2.0,9250000.0,0.0,2.0,9250000.0,0.0,300000.0,12.611541086966117,2019-07-30,0,0,0.1943573667711598,0.1424093148231079,0.4594715629198387,0.0452306314375279,5,2,2019,90,0.02473480621737299,0
Asset management,"Clients, products & business practices",People,"Shanghai,Hunan",2015-12,1,400000.0,400000.0,400000.0,400000.0,0,4.0,2015-12-01,0.0,0.0,0.0,0.0,0.0,0.0,0.0,0.0,0.0,0.0,0.0,0.0,0.0,0.0,0.0,0.0,0.0,0.0,0.0,0.0,0.0,0.0,0.0,0.0,400000.0,12.899222326086994,2016-02-29,0,0,0.1943573667711598,0.1424093148231079,0.4594715629198387,0.0008956560680698,12,4,2015,90,0.016849740415249122,0
Asset management,"Clients, products & business practices",People,"Shanghai,Jiangsu",2017-02,1,500000.0,500000.0,500000.0,500000.0,0,4.0,2017-02-01,0.0,0.0,0.0,0.0,0.0,0.0,0.0,0.0,0.0,0.0,0.0,0.0,0.0,0.0,0.0,0.0,0.0,0.0,0.0,0.0,0.0,0.0,0.0,0.0,500000.0,13.122365377402328,2017-05-02,0,0,0.1943573667711598,0.1424093148231079,0.4594715629198387,0.0013434841021047,2,1,2017,90,0.012360468750032404,0
Asset management,"Clients, products & business practices",People,Shanxi,2017-12,1,200000.0,200000.0,200000.0,200000.0,0,1.0,2017-12-01,0.0,0.0,0.0,0.0,0.0,0.0,0.0,0.0,0.0,0.0,0.0,0.0,0.0,0.0,0.0,0.0,0.0,0.0,0.0,0.0,0.0,0.0,0.0,0.0,200000.0,12.206077645517674,2018-03-01,0,0,0.1943573667711598,0.1424093148231079,0.4594715629198387,0.0214957456336766,12,4,2017,90,0.01762274924676535,0
Asset management,"Clients, products & business practices",People,Sichuan,2017-12,1,800000.0,800000.0,800000.0,800000.0,0,0.0,2017-12-01,0.0,0.0,0.0,0.0,0.0,0.0,0.0,0.0,0.0,0.0,0.0,0.0,0.0,0.0,0.0,0.0,0.0,0.0,0.0,0.0,0.0,0.0,0.0,0.0,800000.0,13.592368256649284,2018-03-01,0,0,0.1943573667711598,0.1424093148231079,0.4594715629198387,0.0273175100761307,12,4,2017,90,0.023684348065695866,0
Asset management,"Clients, products & business practices",People,Yunnan,2018-03,2,500000.0,250000.0,250000.0,250000.0,0,0.0,2018-03-01,0.0,0.0,0.0,0.0,0.0,0.0,0.0,0.0,0.0,0.0,0.0,0.0,0.0,0.0,0.0,0.0,0.0,0.0,0.0,0.0,0.0,0.0,0.0,0.0,250000.0,13.122365377402328,2018-05-30,0,0,0.1943573667711598,0.1424093148231079,0.4594715629198387,0.0134348410210479,3,1,2018,90,0.021816562783831553,0
Asset management,"Clients, products & business practices",People,Yunnan,2019-06,1,750000.0,750000.0,750000.0,750000.0,0,1.0,2019-06-01,2.0,500000.0,0.0,0.0,0.0,0.0,0.0,0.0,0.0,0.0,0.0,0.0,0.0,0.0,0.0,2.0,500000.0,0.0,2.0,500000.0,0.0,2.0,500000.0,0.0,750000.0,13.527829818844936,2019-08-30,0,0,0.1943573667711598,0.1424093148231079,0.4594715629198387,0.0134348410210479,6,2,2019,90,0.015566758053950025,0
Asset management,"Clients, products & business practices",Process,Anhui,2018-11,1,200000.0,200000.0,200000.0,200000.0,0,2.0,2018-11-01,0.0,0.0,0.0,0.0,0.0,0.0,0.0,0.0,0.0,0.0,0.0,0.0,0.0,0.0,0.0,0.0,0.0,0.0,0.0,0.0,0.0,0.0,0.0,0.0,200000.0,12.206077645517674,2019-01-30,0,0,0.1943573667711598,0.1424093148231079,0.2001791312136139,0.0250783699059561,11,4,2018,90,0.005649970384769176,0
Asset management,"Clients, products & business practices",Process,Beijing,2017-05,1,200000.0,200000.0,200000.0,200000.0,0,1.0,2017-05-01,0.0,0.0,0.0,0.0,0.0,0.0,0.0,0.0,0.0,0.0,0.0,0.0,0.0,0.0,0.0,0.0,0.0,0.0,0.0,0.0,0.0,0.0,0.0,0.0,200000.0,12.206077645517674,2017-07-30,0,0,0.1943573667711598,0.1424093148231079,0.2001791312136139,0.0940438871473354,5,2,2017,90,0.004280201681807052,0
Asset management,"Clients, products & business practices",Process,Beijing,2017-09,2,450000.0,225000.0,225000.0,250000.0,0,1.5,2017-09-01,1.0,200000.0,0.0,0.0,0.0,0.0,0.0,0.0,0.0,0.0,0.0,0.0,0.0,0.0,0.0,1.0,200000.0,0.0,1.0,200000.0,0.0,1.0,200000.0,0.0,225000.0,13.017005083966255,2017-11-30,0,0,0.1943573667711598,0.1424093148231079,0.2001791312136139,0.0940438871473354,9,3,2017,90,0.009181117384827782,0
Asset management,"Clients, products & business practices",Process,Beijing,2017-12,4,1600000.0,400000.0,250000.0,900000.0,0,1.0,2017-12-01,2.0,450000.0,0.0,1.0,200000.0,0.0,0.0,0.0,0.0,0.0,0.0,0.0,0.0,0.0,0.0,3.0,650000.0,0.0,3.0,650000.0,0.0,3.0,650000.0,0.0,400000.0,14.285514812209817,2018-03-01,0,1,0.1943573667711598,0.1424093148231079,0.2001791312136139,0.0940438871473354,12,4,2017,90,0.030565996336705262,0
Asset management,"Clients, products & business practices",Process,Beijing,2018-01,1,300000.0,300000.0,300000.0,300000.0,0,1.0,2018-01-01,4.0,1600000.0,0.0,2.0,450000.0,0.0,1.0,200000.0,0.0,0.0,0.0,0.0,0.0,0.0,0.0,7.0,2250000.0,0.0,7.0,2250000.0,0.0,7.0,2250000.0,0.0,300000.0,12.611541086966117,2018-04-01,0,0,0.1943573667711598,0.1424093148231079,0.2001791312136139,0.0940438871473354,1,1,2018,90,0.041155359700176246,0
Asset management,"Clients, products & business practices",Process,Beijing,2018-05,1,250000.0,250000.0,250000.0,250000.0,0,1.0,2018-05-01,1.0,300000.0,0.0,4.0,1600000.0,0.0,2.0,450000.0,0.0,0.0,0.0,0.0,0.0,0.0,0.0,7.0,2350000.0,0.0,8.0,2550000.0,0.0,8.0,2550000.0,0.0,250000.0,12.429220196836384,2018-07-30,0,1,0.1943573667711598,0.1424093148231079,0.2001791312136139,0.0940438871473354,5,2,2018,90,0.037476654478486186,0
Asset management,"Clients, products & business practices",Process,Beijing,2018-07,3,320000.0,106666.66666666669,100000.0,200000.0,0,1.0,2018-07-01,1.0,250000.0,0.0,1.0,300000.0,0.0,4.0,1600000.0,0.0,0.0,0.0,0.0,0.0,0.0,0.0,6.0,2150000.0,0.0,9.0,2800000.0,0.0,9.0,2800000.0,0.0,106666.66666666669,12.676079399771028,2018-09-29,0,1,0.1943573667711598,0.1424093148231079,0.2001791312136139,0.0940438871473354,7,3,2018,90,0.036547262310336066,0
Asset management,"Clients, products & business practices",Process,Beijing,2018-08,1,300000.0,300000.0,300000.0,300000.0,0,1.0,2018-08-01,3.0,320000.0,0.0,1.0,250000.0,0.0,1.0,300000.0,0.0,1.0,200000.0,0.0,0.0,0.0,0.0,5.0,870000.0,0.0,12.0,3120000.0,0.0,12.0,3120000.0,0.0,300000.0,12.611541086966117,2018-10-30,0,1,0.1943573667711598,0.1424093148231079,0.2001791312136139,0.0940438871473354,8,3,2018,90,0.03585085893861319,0
Asset management,"Clients, products & business practices",Process,Beijing,2018-09,1,300000.0,300000.0,300000.0,300000.0,0,1.0,2018-09-01,1.0,300000.0,0.0,3.0,320000.0,0.0,1.0,250000.0,0.0,2.0,450000.0,0.0,0.0,0.0,0.0,5.0,870000.0,0.0,12.0,3220000.0,0.0,13.0,3420000.0,0.0,300000.0,12.611541086966117,2018-11-30,0,1,0.1943573667711598,0.1424093148231079,0.2001791312136139,0.0940438871473354,9,3,2018,90,0.04663045462397516,0
Asset management,"Clients, products & business practices",Process,Beijing,2018-11,1,350000.0,350000.0,350000.0,350000.0,0,0.0,2018-11-01,1.0,300000.0,0.0,1.0,300000.0,0.0,3.0,320000.0,0.0,4.0,1600000.0,0.0,0.0,0.0,0.0,5.0,920000.0,0.0,11.0,3070000.0,0.0,14.0,3720000.0,0.0,350000.0,12.765691290604371,2019-01-30,0,1,0.1943573667711598,0.1424093148231079,0.2001791312136139,0.0940438871473354,11,4,2018,90,0.06706768705044441,0
Asset management,"Clients, products & business practices",Process,Beijing,2018-12,2,550000.0,275000.0,275000.0,300000.0,0,1.5,2018-12-01,1.0,350000.0,0.0,1.0,300000.0,0.0,1.0,300000.0,0.0,1.0,300000.0,0.0,0.0,0.0,0.0,3.0,950000.0,0.0,8.0,1820000.0,0.0,15.0,4070000.0,0.0,275000.0,13.21767537538882,2019-03-01,0,1,0.1943573667711598,0.1424093148231079,0.2001791312136139,0.0940438871473354,12,4,2018,90,0.05510327334939113,0
Asset management,"Clients, products & business practices",Process,Beijing,2019-03,1,800000.0,800000.0,800000.0,800000.0,0,1.0,2019-03-01,2.0,550000.0,0.0,1.0,350000.0,0.0,1.0,300000.0,0.0,1.0,250000.0,0.0,0.0,0.0,0.0,4.0,1200000.0,0.0,9.0,2070000.0,0.0,17.0,4620000.0,0.0,800000.0,13.592368256649284,2019-05-30,0,1,0.1943573667711598,0.1424093148231079,0.2001791312136139,0.0940438871473354,3,1,2019,90,0.12060631302197278,0
Asset management,"Clients, products & business practices",Process,Beijing,2019-04,1,500000.0,500000.0,500000.0,500000.0,0,1.0,2019-04-01,1.0,800000.0,0.0,2.0,550000.0,0.0,1.0,350000.0,0.0,3.0,320000.0,0.0,0.0,0.0,0.0,4.0,1700000.0,0.0,9.0,2620000.0,0.0,18.0,5420000.0,0.0,500000.0,13.122365377402328,2019-06-30,0,1,0.1943573667711598,0.1424093148231079,0.2001791312136139,0.0940438871473354,4,2,2019,90,0.1326660346587836,0
Asset management,"Clients, products & business practices",Process,Beijing,2019-05,1,400000.0,400000.0,400000.0,400000.0,0,1.0,2019-05-01,1.0,500000.0,0.0,1.0,800000.0,0.0,2.0,550000.0,0.0,1.0,300000.0,0.0,1.0,200000.0,0.0,4.0,1850000.0,0.0,7.0,2800000.0,0.0,19.0,5920000.0,0.0,400000.0,12.899222326086994,2019-07-30,0,1,0.1943573667711598,0.1424093148231079,0.2001791312136139,0.0940438871473354,5,2,2019,90,0.07196284835644445,0
Asset management,"Clients, products & business practices",Process,Beijing,2019-06,1,250000.0,250000.0,250000.0,250000.0,0,1.0,2019-06-01,1.0,400000.0,0.0,1.0,500000.0,0.0,1.0,800000.0,0.0,1.0,300000.0,0.0,2.0,450000.0,0.0,3.0,1700000.0,0.0,7.0,2900000.0,0.0,19.0,6120000.0,0.0,250000.0,12.429220196836384,2019-08-30,0,1,0.1943573667711598,0.1424093148231079,0.2001791312136139,0.0940438871473354,6,2,2019,90,0.0682137935866297,0
Asset management,"Clients, products & business practices",Process,Beijing,2019-07,1,50000.0,50000.0,50000.0,50000.0,0,1.0,2019-07-01,1.0,250000.0,0.0,1.0,400000.0,0.0,1.0,500000.0,0.0,1.0,350000.0,0.0,4.0,1600000.0,0.0,3.0,1150000.0,0.0,7.0,2850000.0,0.0,18.0,5920000.0,0.0,50000.0,10.819798284210286,2019-09-29,0,0,0.1943573667711598,0.1424093148231079,0.2001791312136139,0.0940438871473354,7,3,2019,90,0.09944174520632448,0
Asset management,"Clients, products & business practices",Process,"Beijing,Fujian",2019-03,2,510000.0,255000.0,255000.0,450000.0,0,1.0,2019-03-01,0.0,0.0,0.0,0.0,0.0,0.0,0.0,0.0,0.0,0.0,0.0,0.0,0.0,0.0,0.0,0.0,0.0,0.0,0.0,0.0,0.0,0.0,0.0,0.0,255000.0,13.1421679654829,2019-05-30,0,0,0.1943573667711598,0.1424093148231079,0.2001791312136139,0.0008956560680698,3,1,2019,90,0.011106510631676432,0
Asset management,"Clients, products & business practices",Process,"Beijing,Gansu",2017-06,1,30000.0,30000.0,30000.0,30000.0,0,1.0,2017-06-01,0.0,0.0,0.0,0.0,0.0,0.0,0.0,0.0,0.0,0.0,0.0,0.0,0.0,0.0,0.0,0.0,0.0,0.0,0.0,0.0,0.0,0.0,0.0,0.0,30000.0,10.308985993422082,2017-08-30,0,0,0.1943573667711598,0.1424093148231079,0.2001791312136139,0.0008956560680698,6,2,2017,90,0.004263732252645102,0
Asset management,"Clients, products & business practices",Process,"Beijing,Guizhou",2018-12,1,495000.0,495000.0,495000.0,495000.0,0,1.0,2018-12-01,0.0,0.0,0.0,0.0,0.0,0.0,0.0,0.0,0.0,0.0,0.0,0.0,0.0,0.0,0.0,0.0,0.0,0.0,0.0,0.0,0.0,0.0,0.0,0.0,495000.0,13.112315061750808,2019-03-01,0,0,0.1943573667711598,0.1424093148231079,0.2001791312136139,0.0017913121361397,12,4,2018,90,0.008751802911972998,0
Asset management,"Clients, products & business practices",Process,"Beijing,Heilongjiang",2019-04,1,70000.0,70000.0,70000.0,70000.0,0,1.0,2019-04-01,0.0,0.0,0.0,0.0,0.0,0.0,0.0,0.0,0.0,0.0,0.0,0.0,0.0,0.0,0.0,0.0,0.0,0.0,0.0,0.0,0.0,0.0,0.0,0.0,70000.0,11.156264806643742,2019-06-30,0,0,0.1943573667711598,0.1424093148231079,0.2001791312136139,0.0031347962382445,4,2,2019,90,0.005657671646584496,0
Asset management,"Clients, products & business practices",Process,"Beijing,Henan",2018-08,1,500000.0,500000.0,500000.0,500000.0,0,1.0,2018-08-01,0.0,0.0,0.0,0.0,0.0,0.0,0.0,0.0,0.0,0.0,0.0,0.0,0.0,0.0,0.0,0.0,0.0,0.0,0.0,0.0,0.0,0.0,0.0,0.0,500000.0,13.122365377402328,2018-10-30,0,0,0.1943573667711598,0.1424093148231079,0.2001791312136139,0.0053739364084191,8,3,2018,90,0.00820613268658747,0
Asset management,"Clients, products & business practices",Process,"Beijing,Hubei",2017-12,1,350000.0,350000.0,350000.0,350000.0,0,1.0,2017-12-01,0.0,0.0,0.0,0.0,0.0,0.0,0.0,0.0,0.0,0.0,0.0,0.0,0.0,0.0,0.0,0.0,0.0,0.0,0.0,0.0,0.0,0.0,0.0,0.0,350000.0,12.765691290604371,2018-03-01,0,0,0.1943573667711598,0.1424093148231079,0.2001791312136139,0.0053739364084191,12,4,2017,90,0.020062589012467172,0
Asset management,"Clients, products & business practices",Process,"Beijing,Hubei",2018-12,1,1000000.0,1000000.0,1000000.0,1000000.0,0,2.0,2018-12-01,1.0,350000.0,0.0,0.0,0.0,0.0,0.0,0.0,0.0,0.0,0.0,0.0,0.0,0.0,0.0,1.0,350000.0,0.0,1.0,350000.0,0.0,1.0,350000.0,0.0,1000000.0,13.815511557963774,2019-03-01,0,0,0.1943573667711598,0.1424093148231079,0.2001791312136139,0.0053739364084191,12,4,2018,90,0.04674579392838597,0
Asset management,"Clients, products & business practices",Process,"Beijing,Jilin",2018-05,2,800000.0,400000.0,400000.0,500000.0,0,0.5,2018-05-01,0.0,0.0,0.0,0.0,0.0,0.0,0.0,0.0,0.0,0.0,0.0,0.0,0.0,0.0,0.0,0.0,0.0,0.0,0.0,0.0,0.0,0.0,0.0,0.0,400000.0,13.592368256649284,2018-07-30,0,0,0.1943573667711598,0.1424093148231079,0.2001791312136139,0.006269592476489,5,2,2018,90,0.012030070707827436,0
Asset management,"Clients, products & business practices",Process,"Beijing,Shanghai",2019-07,1,500000.0,500000.0,500000.0,500000.0,0,1.0,2019-07-01,0.0,0.0,0.0,0.0,0.0,0.0,0.0,0.0,0.0,0.0,0.0,0.0,0.0,0.0,0.0,0.0,0.0,0.0,0.0,0.0,0.0,0.0,0.0,0.0,500000.0,13.122365377402328,2019-09-29,0,0,0.1943573667711598,0.1424093148231079,0.2001791312136139,0.0076130765785938,7,3,2019,90,0.0712066407090457,0
Asset management,"Clients, products & business practices",Process,"Beijing,Shanxi",2017-06,1,300000.0,300000.0,300000.0,300000.0,0,1.0,2017-06-01,0.0,0.0,0.0,0.0,0.0,0.0,0.0,0.0,0.0,0.0,0.0,0.0,0.0,0.0,0.0,0.0,0.0,0.0,0.0,0.0,0.0,0.0,0.0,0.0,300000.0,12.611541086966117,2017-08-30,0,0,0.1943573667711598,0.1424093148231079,0.2001791312136139,0.0031347962382445,6,2,2017,90,0.004280201681807052,0
Asset management,"Clients, products & business practices",Process,"Beijing,Shanxi",2018-04,1,850000.0,850000.0,850000.0,850000.0,0,1.0,2018-04-01,1.0,300000.0,0.0,0.0,0.0,0.0,0.0,0.0,0.0,0.0,0.0,0.0,0.0,0.0,0.0,1.0,300000.0,0.0,1.0,300000.0,0.0,1.0,300000.0,0.0,850000.0,13.652992804936396,2018-06-30,0,0,0.1943573667711598,0.1424093148231079,0.2001791312136139,0.0031347962382445,4,2,2018,90,0.019786051021730686,0
Asset management,"Clients, products & business practices",Process,"Beijing,Shanxi",2018-09,1,200000.0,200000.0,200000.0,200000.0,0,1.0,2018-09-01,1.0,850000.0,0.0,1.0,300000.0,0.0,0.0,0.0,0.0,0.0,0.0,0.0,0.0,0.0,0.0,2.0,1150000.0,0.0,2.0,1150000.0,0.0,2.0,1150000.0,0.0,200000.0,12.206077645517674,2018-11-30,0,0,0.1943573667711598,0.1424093148231079,0.2001791312136139,0.0031347962382445,9,3,2018,90,0.018783289996412555,0
Asset management,"Clients, products & business practices",Process,"Beijing,Tianjin",2019-04,1,200000.0,200000.0,200000.0,200000.0,0,1.0,2019-04-01,0.0,0.0,0.0,0.0,0.0,0.0,0.0,0.0,0.0,0.0,0.0,0.0,0.0,0.0,0.0,0.0,0.0,0.0,0.0,0.0,0.0,0.0,0.0,0.0,200000.0,12.206077645517674,2019-06-30,0,0,0.1943573667711598,0.1424093148231079,0.2001791312136139,0.0040304523063143,4,2,2019,90,0.005674141075746446,0
Asset management,"Clients, products & business practices",Process,"Beijing,Tianjin,Hebei,Shanghai,Anhui,Shandong,Hunan,Guangdong,Sichuan",2015-11,1,2000000.0,2000000.0,2000000.0,2000000.0,0,11.0,2015-11-01,0.0,0.0,0.0,0.0,0.0,0.0,0.0,0.0,0.0,0.0,0.0,0.0,0.0,0.0,0.0,0.0,0.0,0.0,0.0,0.0,0.0,0.0,0.0,0.0,2000000.0,14.508658238524095,2016-01-30,0,0,0.1943573667711598,0.1424093148231079,0.2001791312136139,0.0004478280340349,11,4,2015,90,0.012866303250097627,0
Asset management,"Clients, products & business practices",Process,"Beijing,Tianjin,Shanghai,Hunan",2016-03,1,1800000.0,1800000.0,1800000.0,1800000.0,0,4.0,2016-03-01,0.0,0.0,0.0,0.0,0.0,0.0,0.0,0.0,0.0,0.0,0.0,0.0,0.0,0.0,0.0,0.0,0.0,0.0,0.0,0.0,0.0,0.0,0.0,0.0,1800000.0,14.403297778421797,2016-05-30,0,0,0.1943573667711598,0.1424093148231079,0.2001791312136139,0.0008956560680698,3,1,2016,90,0.011614287422194301,0
Asset management,"Clients, products & business practices",Process,"Beijing,Xinjiang",2018-09,1,500000.0,500000.0,500000.0,500000.0,0,1.0,2018-09-01,0.0,0.0,0.0,0.0,0.0,0.0,0.0,0.0,0.0,0.0,0.0,0.0,0.0,0.0,0.0,0.0,0.0,0.0,0.0,0.0,0.0,0.0,0.0,0.0,500000.0,13.122365377402328,2018-11-30,0,0,0.1943573667711598,0.1424093148231079,0.2001791312136139,0.0013434841021047,9,3,2018,90,0.008751802911972998,0
Asset management,"Clients, products & business practices",Process,"Beijing,Zhejiang",2018-06,1,950000.0,950000.0,950000.0,950000.0,0,1.0,2018-06-01,0.0,0.0,0.0,0.0,0.0,0.0,0.0,0.0,0.0,0.0,0.0,0.0,0.0,0.0,0.0,0.0,0.0,0.0,0.0,0.0,0.0,0.0,0.0,0.0,950000.0,13.76421831620775,2018-08-30,0,0,0.1943573667711598,0.1424093148231079,0.2001791312136139,0.0076130765785938,6,2,2018,90,0.019340187127533656,0
Asset management,"Clients, products & business practices",Process,Chongqing,2019-04,1,400000.0,400000.0,400000.0,400000.0,0,0.0,2019-04-01,0.0,0.0,0.0,0.0,0.0,0.0,0.0,0.0,0.0,0.0,0.0,0.0,0.0,0.0,0.0,0.0,0.0,0.0,0.0,0.0,0.0,0.0,0.0,0.0,400000.0,12.899222326086994,2019-06-30,0,0,0.1943573667711598,0.1424093148231079,0.2001791312136139,0.0232870577698163,4,2,2019,90,0.018271380256581548,0
Asset management,"Clients, products & business practices",Process,Guangdong,2019-04,2,900000.0,450000.0,450000.0,500000.0,0,1.0,2019-04-01,0.0,0.0,0.0,0.0,0.0,0.0,0.0,0.0,0.0,0.0,0.0,0.0,0.0,0.0,0.0,0.0,0.0,0.0,0.0,0.0,0.0,0.0,0.0,0.0,450000.0,13.71015115341694,2019-06-30,0,0,0.1943573667711598,0.1424093148231079,0.2001791312136139,0.044782803403493,4,2,2019,90,0.016515029336691092,0
Asset management,"Clients, products & business practices",Process,Guangxi,2018-07,1,356900.0,356900.0,356900.0,356900.0,0,1.0,2018-07-01,0.0,0.0,0.0,0.0,0.0,0.0,0.0,0.0,0.0,0.0,0.0,0.0,0.0,0.0,0.0,0.0,0.0,0.0,0.0,0.0,0.0,0.0,0.0,0.0,356900.0,12.785213711379622,2018-09-29,0,0,0.1943573667711598,0.1424093148231079,0.2001791312136139,0.0143304970891177,7,3,2018,90,0.02422611844345113,0
Asset management,"Clients, products & business practices",Process,Hainan,2018-10,2,1300000.0,650000.0,650000.0,1000000.0,0,1.0,2018-10-01,0.0,0.0,0.0,0.0,0.0,0.0,0.0,0.0,0.0,0.0,0.0,0.0,0.0,0.0,0.0,0.0,0.0,0.0,0.0,0.0,0.0,0.0,0.0,0.0,650000.0,14.077875591662238,2018-12-30,0,0,0.1943573667711598,0.1424093148231079,0.2001791312136139,0.0103000447828034,10,4,2018,90,0.06781491422500062,0
Asset management,"Clients, products & business practices",Process,Hebei,2018-12,3,180000.0,60000.0,50000.0,80000.0,0,0.0,2018-12-01,0.0,0.0,0.0,0.0,0.0,0.0,0.0,0.0,0.0,0.0,0.0,0.0,0.0,0.0,0.0,0.0,0.0,0.0,0.0,0.0,0.0,0.0,0.0,0.0,60000.0,12.100717685412471,2019-03-01,0,0,0.1943573667711598,0.1424093148231079,0.2001791312136139,0.0111957008508732,12,4,2018,90,0.023002807994514686,0
Asset management,"Clients, products & business practices",Process,Henan,2018-07,1,1000000.0,1000000.0,1000000.0,1000000.0,0,1.0,2018-07-01,0.0,0.0,0.0,0.0,0.0,0.0,0.0,0.0,0.0,0.0,0.0,0.0,0.0,0.0,0.0,0.0,0.0,0.0,0.0,0.0,0.0,0.0,0.0,0.0,1000000.0,13.815511557963774,2018-09-29,0,1,0.1943573667711598,0.1424093148231079,0.2001791312136139,0.0497089117778772,7,3,2018,90,0.04105199321018176,0
Asset management,"Clients, products & business practices",Process,Henan,2018-08,2,2300000.0,1150000.0,1150000.0,2000000.0,0,2.0,2018-08-01,1.0,1000000.0,0.0,0.0,0.0,0.0,0.0,0.0,0.0,0.0,0.0,0.0,0.0,0.0,0.0,1.0,1000000.0,0.0,1.0,1000000.0,0.0,1.0,1000000.0,0.0,1150000.0,14.648420115681892,2018-10-30,0,1,0.1943573667711598,0.1424093148231079,0.2001791312136139,0.0497089117778772,8,3,2018,90,0.013436830302424952,0
Asset management,"Clients, products & business practices",Process,Henan,2018-09,1,800000.0,800000.0,800000.0,800000.0,0,1.0,2018-09-01,2.0,2300000.0,0.0,1.0,1000000.0,0.0,0.0,0.0,0.0,0.0,0.0,0.0,0.0,0.0,0.0,3.0,3300000.0,0.0,3.0,3300000.0,0.0,3.0,3300000.0,0.0,800000.0,13.592368256649284,2018-11-30,0,0,0.1943573667711598,0.1424093148231079,0.2001791312136139,0.0497089117778772,9,3,2018,90,0.0753220622225853,0
Asset management,"Clients, products & business practices",Process,Hubei,2011-02,1,400.0,400.0,400.0,400.0,0,0.0,2011-02-01,0.0,0.0,0.0,0.0,0.0,0.0,0.0,0.0,0.0,0.0,0.0,0.0,0.0,0.0,0.0,0.0,0.0,0.0,0.0,0.0,0.0,0.0,0.0,0.0,400.0,5.993961427306569,2011-05-02,0,0,0.1943573667711598,0.1424093148231079,0.2001791312136139,0.0313479623824451,2,1,2011,90,0.03238586610808803,0
Asset management,"Clients, products & business practices",Process,Hubei,2019-06,1,500000.0,500000.0,500000.0,500000.0,0,1.0,2019-06-01,1.0,400.0,0.0,0.0,0.0,0.0,0.0,0.0,0.0,0.0,0.0,0.0,0.0,0.0,0.0,1.0,400.0,0.0,1.0,400.0,0.0,1.0,400.0,0.0,500000.0,13.122365377402328,2019-08-30,0,0,0.1943573667711598,0.1424093148231079,0.2001791312136139,0.0313479623824451,6,2,2019,90,0.007818943430801174,0
Asset management,"Clients, products & business practices",Process,"Inner mongolia,Inner mongolia",2018-09,1,250000.0,250000.0,250000.0,250000.0,0,1.0,2018-09-01,0.0,0.0,0.0,0.0,0.0,0.0,0.0,0.0,0.0,0.0,0.0,0.0,0.0,0.0,0.0,0.0,0.0,0.0,0.0,0.0,0.0,0.0,0.0,0.0,250000.0,12.429220196836384,2018-11-30,0,0,0.1943573667711598,0.1424093148231079,0.2001791312136139,0.0071652485445588,9,3,2018,90,0.005606194214232441,0
Asset management,"Clients, products & business practices",Process,Jiangsu,2019-05,1,400000.0,400000.0,400000.0,400000.0,0,1.0,2019-05-01,0.0,0.0,0.0,0.0,0.0,0.0,0.0,0.0,0.0,0.0,0.0,0.0,0.0,0.0,0.0,0.0,0.0,0.0,0.0,0.0,0.0,0.0,0.0,0.0,400000.0,12.899222326086994,2019-07-30,0,0,0.1943573667711598,0.1424093148231079,0.2001791312136139,0.032243618450515,5,2,2019,90,0.00927929023302746,0
Asset management,"Clients, products & business practices",Process,Jilin,2017-09,1,200000.0,200000.0,200000.0,200000.0,0,1.0,2017-09-01,0.0,0.0,0.0,0.0,0.0,0.0,0.0,0.0,0.0,0.0,0.0,0.0,0.0,0.0,0.0,0.0,0.0,0.0,0.0,0.0,0.0,0.0,0.0,0.0,200000.0,12.206077645517674,2017-11-30,0,0,0.1943573667711598,0.1424093148231079,0.2001791312136139,0.0197044334975369,9,3,2017,90,0.013684015863482663,0
Asset management,"Clients, products & business practices",Process,Jilin,2017-12,2,500000.0,250000.0,250000.0,300000.0,0,1.0,2017-12-01,1.0,200000.0,0.0,0.0,0.0,0.0,0.0,0.0,0.0,0.0,0.0,0.0,0.0,0.0,0.0,1.0,200000.0,0.0,1.0,200000.0,0.0,1.0,200000.0,0.0,250000.0,13.122365377402328,2018-03-01,0,0,0.1943573667711598,0.1424093148231079,0.2001791312136139,0.0197044334975369,12,4,2017,90,0.014129687333397728,0
Asset management,"Clients, products & business practices",Process,Jilin,2018-07,1,1000000.0,1000000.0,1000000.0,1000000.0,0,1.0,2018-07-01,2.0,500000.0,0.0,1.0,200000.0,0.0,0.0,0.0,0.0,0.0,0.0,0.0,0.0,0.0,0.0,3.0,700000.0,0.0,3.0,700000.0,0.0,3.0,700000.0,0.0,1000000.0,13.815511557963774,2018-09-29,0,0,0.1943573667711598,0.1424093148231079,0.2001791312136139,0.0197044334975369,7,3,2018,90,0.10268200985760341,0
Asset management,"Clients, products & business practices",Process,Jilin,2018-10,1,300000.0,300000.0,300000.0,300000.0,0,1.0,2018-10-01,1.0,1000000.0,0.0,2.0,500000.0,0.0,1.0,200000.0,0.0,0.0,0.0,0.0,0.0,0.0,0.0,4.0,1700000.0,0.0,4.0,1700000.0,0.0,4.0,1700000.0,0.0,300000.0,12.611541086966117,2018-12-30,0,0,0.1943573667711598,0.1424093148231079,0.2001791312136139,0.0197044334975369,10,4,2018,90,0.023678325280899214,0
Asset management,"Clients, products & business practices",Process,Liaoning,2018-10,1,500000.0,500000.0,500000.0,500000.0,0,1.0,2018-10-01,0.0,0.0,0.0,0.0,0.0,0.0,0.0,0.0,0.0,0.0,0.0,0.0,0.0,0.0,0.0,0.0,0.0,0.0,0.0,0.0,0.0,0.0,0.0,0.0,500000.0,13.122365377402328,2018-12-30,0,0,0.1943573667711598,0.1424093148231079,0.2001791312136139,0.0291088222122704,10,4,2018,90,0.010121581398470728,0
Asset management,"Clients, products & business practices",Process,Liaoning,2019-04,1,500000.0,500000.0,500000.0,500000.0,0,0.0,2019-04-01,1.0,500000.0,0.0,0.0,0.0,0.0,0.0,0.0,0.0,0.0,0.0,0.0,0.0,0.0,0.0,1.0,500000.0,0.0,1.0,500000.0,0.0,1.0,500000.0,0.0,500000.0,13.122365377402328,2019-06-30,0,1,0.1943573667711598,0.1424093148231079,0.2001791312136139,0.0291088222122704,4,2,2019,90,0.02004930034959912,0
Asset management,"Clients, products & business practices",Process,Liaoning,2019-06,1,200000.0,200000.0,200000.0,200000.0,0,1.0,2019-06-01,1.0,500000.0,0.0,1.0,500000.0,0.0,0.0,0.0,0.0,0.0,0.0,0.0,0.0,0.0,0.0,2.0,1000000.0,0.0,2.0,1000000.0,0.0,2.0,1000000.0,0.0,200000.0,12.206077645517674,2019-08-30,0,0,0.1943573667711598,0.1424093148231079,0.2001791312136139,0.0291088222122704,6,2,2019,90,0.025893466504697333,0
Asset management,"Clients, products & business practices",Process,Shaanxi,2017-09,1,230000.0,230000.0,230000.0,230000.0,0,1.0,2017-09-01,0.0,0.0,0.0,0.0,0.0,0.0,0.0,0.0,0.0,0.0,0.0,0.0,0.0,0.0,0.0,0.0,0.0,0.0,0.0,0.0,0.0,0.0,0.0,0.0,230000.0,12.345838935721968,2017-11-30,0,0,0.1943573667711598,0.1424093148231079,0.2001791312136139,0.0237348858038513,9,3,2017,90,0.005606194214232441,0
Asset management,"Clients, products & business practices",Process,Shandong,2018-05,1,1000000.0,1000000.0,1000000.0,1000000.0,0,1.0,2018-05-01,0.0,0.0,0.0,0.0,0.0,0.0,0.0,0.0,0.0,0.0,0.0,0.0,0.0,0.0,0.0,0.0,0.0,0.0,0.0,0.0,0.0,0.0,0.0,0.0,1000000.0,13.815511557963774,2018-07-30,0,0,0.1943573667711598,0.1424093148231079,0.2001791312136139,0.0501567398119122,5,2,2018,90,0.06111624590341832,0
Asset management,"Clients, products & business practices",Process,Shandong,2019-03,1,350000.0,350000.0,350000.0,350000.0,0,1.0,2019-03-01,1.0,1000000.0,0.0,0.0,0.0,0.0,0.0,0.0,0.0,0.0,0.0,0.0,0.0,0.0,0.0,1.0,1000000.0,0.0,1.0,1000000.0,0.0,1.0,1000000.0,0.0,350000.0,12.765691290604371,2019-05-30,0,0,0.1943573667711598,0.1424093148231079,0.2001791312136139,0.0501567398119122,3,1,2019,90,0.0056055077736746565,0
Asset management,"Clients, products & business practices",Process,Shandong,2019-06,1,250000.0,250000.0,250000.0,250000.0,0,1.0,2019-06-01,1.0,350000.0,0.0,1.0,1000000.0,0.0,0.0,0.0,0.0,0.0,0.0,0.0,0.0,0.0,0.0,2.0,1350000.0,0.0,2.0,1350000.0,0.0,2.0,1350000.0,0.0,250000.0,12.429220196836384,2019-08-30,0,0,0.1943573667711598,0.1424093148231079,0.2001791312136139,0.0501567398119122,6,2,2019,90,0.02197000864950971,0
Asset management,"Clients, products & business practices",Process,Shanghai,2010-09,1,540000.0,540000.0,540000.0,540000.0,0,0.0,2010-09-01,0.0,0.0,0.0,0.0,0.0,0.0,0.0,0.0,0.0,0.0,0.0,0.0,0.0,0.0,0.0,0.0,0.0,0.0,0.0,0.0,0.0,0.0,0.0,0.0,540000.0,13.199326270390594,2010-11-30,0,0,0.1943573667711598,0.1424093148231079,0.2001791312136139,0.0452306314375279,9,3,2010,90,0.027013716644340414,0
Asset management,"Clients, products & business practices",Process,Shanghai,2015-12,1,500000.0,500000.0,500000.0,500000.0,0,1.0,2015-12-01,1.0,540000.0,0.0,0.0,0.0,0.0,0.0,0.0,0.0,0.0,0.0,0.0,0.0,0.0,0.0,1.0,540000.0,0.0,1.0,540000.0,0.0,1.0,540000.0,0.0,500000.0,13.122365377402328,2016-02-29,0,0,0.1943573667711598,0.1424093148231079,0.2001791312136139,0.0452306314375279,12,4,2015,90,0.012167671359086675,0
Asset management,"Clients, products & business practices",Process,Shanghai,2018-03,1,1751600.0,1751600.0,1751600.0,1751600.0,0,1.0,2018-03-01,1.0,500000.0,0.0,1.0,540000.0,0.0,0.0,0.0,0.0,0.0,0.0,0.0,0.0,0.0,0.0,2.0,1040000.0,0.0,2.0,1040000.0,0.0,2.0,1040000.0,0.0,1751600.0,14.376040784815816,2018-05-30,0,0,0.1943573667711598,0.1424093148231079,0.2001791312136139,0.0452306314375279,3,1,2018,90,0.13123644023328207,0
Asset management,"Clients, products & business practices",Process,"Shanghai,Anhui",2017-09,1,400000.0,400000.0,400000.0,400000.0,0,1.0,2017-09-01,0.0,0.0,0.0,0.0,0.0,0.0,0.0,0.0,0.0,0.0,0.0,0.0,0.0,0.0,0.0,0.0,0.0,0.0,0.0,0.0,0.0,0.0,0.0,0.0,400000.0,12.899222326086994,2017-11-30,0,0,0.1943573667711598,0.1424093148231079,0.2001791312136139,0.0017913121361397,9,3,2017,90,0.008751802911972998,0
Asset management,"Clients, products & business practices",Process,Shanxi,2018-10,1,300000.0,300000.0,300000.0,300000.0,0,1.0,2018-10-01,0.0,0.0,0.0,0.0,0.0,0.0,0.0,0.0,0.0,0.0,0.0,0.0,0.0,0.0,0.0,0.0,0.0,0.0,0.0,0.0,0.0,0.0,0.0,0.0,300000.0,12.611541086966117,2018-12-30,0,0,0.1943573667711598,0.1424093148231079,0.2001791312136139,0.0214957456336766,10,4,2018,90,0.008844414829213618,0
Asset management,"Clients, products & business practices",Process,Shanxi,2019-06,1,4800000.0,4800000.0,4800000.0,4800000.0,0,1.0,2019-06-01,1.0,300000.0,0.0,0.0,0.0,0.0,0.0,0.0,0.0,0.0,0.0,0.0,0.0,0.0,0.0,1.0,300000.0,0.0,1.0,300000.0,0.0,1.0,300000.0,0.0,4800000.0,15.38412668421143,2019-08-30,0,0,0.1943573667711598,0.1424093148231079,0.2001791312136139,0.0214957456336766,6,2,2019,90,0.018451388902331806,0
Asset management,"Clients, products & business practices",Process,Tianjin,2018-07,1,400000.0,400000.0,400000.0,400000.0,0,2.0,2018-07-01,0.0,0.0,0.0,0.0,0.0,0.0,0.0,0.0,0.0,0.0,0.0,0.0,0.0,0.0,0.0,0.0,0.0,0.0,0.0,0.0,0.0,0.0,0.0,0.0,400000.0,12.899222326086994,2018-09-29,0,0,0.1943573667711598,0.1424093148231079,0.2001791312136139,0.0116435288849081,7,3,2018,90,0.010059612540067321,0
Asset management,"Clients, products & business practices",Process,"Tianjin,Shanghai",2015-02,1,1000000.0,1000000.0,1000000.0,1000000.0,0,1.0,2015-02-01,0.0,0.0,0.0,0.0,0.0,0.0,0.0,0.0,0.0,0.0,0.0,0.0,0.0,0.0,0.0,0.0,0.0,0.0,0.0,0.0,0.0,0.0,0.0,0.0,1000000.0,13.815511557963774,2015-05-02,0,0,0.1943573667711598,0.1424093148231079,0.2001791312136139,0.0008956560680698,2,1,2015,90,0.05569426153088699,0
Asset management,"Clients, products & business practices",Process,Xinjiang,2018-09,1,500000.0,500000.0,500000.0,500000.0,0,1.0,2018-09-01,0.0,0.0,0.0,0.0,0.0,0.0,0.0,0.0,0.0,0.0,0.0,0.0,0.0,0.0,0.0,0.0,0.0,0.0,0.0,0.0,0.0,0.0,0.0,0.0,500000.0,13.122365377402328,2018-11-30,0,0,0.1943573667711598,0.1424093148231079,0.2001791312136139,0.005821764442454,9,3,2018,90,0.008751802911972998,0
Asset management,"Clients, products & business practices",Process,Yunnan,2018-07,1,300000.0,300000.0,300000.0,300000.0,0,0.0,2018-07-01,0.0,0.0,0.0,0.0,0.0,0.0,0.0,0.0,0.0,0.0,0.0,0.0,0.0,0.0,0.0,0.0,0.0,0.0,0.0,0.0,0.0,0.0,0.0,0.0,300000.0,12.611541086966117,2018-09-29,0,0,0.1943573667711598,0.1424093148231079,0.2001791312136139,0.0134348410210479,7,3,2018,90,0.008811083446626131,0
Asset management,"Clients, products & business practices",Process,Zhejiang,2017-12,1,900000.0,900000.0,900000.0,900000.0,0,1.0,2017-12-01,0.0,0.0,0.0,0.0,0.0,0.0,0.0,0.0,0.0,0.0,0.0,0.0,0.0,0.0,0.0,0.0,0.0,0.0,0.0,0.0,0.0,0.0,0.0,0.0,900000.0,13.71015115341694,2018-03-01,0,1,0.1943573667711598,0.1424093148231079,0.2001791312136139,0.0523958799820868,12,4,2017,90,0.014158981564778118,0
Asset management,"Clients, products & business practices",Process,Zhejiang,2018-03,2,600000.0,300000.0,300000.0,400000.0,0,1.0,2018-03-01,1.0,900000.0,0.0,0.0,0.0,0.0,0.0,0.0,0.0,0.0,0.0,0.0,0.0,0.0,0.0,1.0,900000.0,0.0,1.0,900000.0,0.0,1.0,900000.0,0.0,300000.0,13.304686600863562,2018-05-30,0,0,0.1943573667711598,0.1424093148231079,0.2001791312136139,0.0523958799820868,3,1,2018,90,0.007968016229716246,0
Asset management,"Clients, products & business practices",Process,Zhejiang,2018-08,1,850000.0,850000.0,850000.0,850000.0,0,1.0,2018-08-01,2.0,600000.0,0.0,1.0,900000.0,0.0,0.0,0.0,0.0,0.0,0.0,0.0,0.0,0.0,0.0,3.0,1500000.0,0.0,3.0,1500000.0,0.0,3.0,1500000.0,0.0,850000.0,13.652992804936396,2018-10-30,0,0,0.1943573667711598,0.1424093148231079,0.2001791312136139,0.0523958799820868,8,3,2018,90,0.05944878941823248,0
Asset management,Damage to physical assets,External event,Anhui,2011-03,1,17000.0,17000.0,17000.0,17000.0,0,1.0,2011-03-01,0.0,0.0,0.0,0.0,0.0,0.0,0.0,0.0,0.0,0.0,0.0,0.0,0.0,0.0,0.0,0.0,0.0,0.0,0.0,0.0,0.0,0.0,0.0,0.0,17000.0,9.741027444837728,2011-05-30,0,0,0.1943573667711598,0.005821764442454,0.322884012539185,0.0250783699059561,3,1,2011,90,0.02044785336774227,0
Asset management,Damage to physical assets,System,Anhui,2017-07,1,200000.0,200000.0,200000.0,200000.0,0,1.0,2017-07-01,0.0,0.0,0.0,0.0,0.0,0.0,0.0,0.0,0.0,0.0,0.0,0.0,0.0,0.0,0.0,0.0,0.0,0.0,0.0,0.0,0.0,0.0,0.0,0.0,200000.0,12.206077645517674,2017-09-29,0,0,0.1943573667711598,0.005821764442454,0.0174652933273622,0.0250783699059561,7,3,2017,90,0.007504717420713609,0
Asset management,"Execution, delivery & process management",External event,Beijing,2016-12,1,17490000.0,17490000.0,17490000.0,17490000.0,1,1.0,2016-12-01,0.0,0.0,0.0,0.0,0.0,0.0,0.0,0.0,0.0,0.0,0.0,0.0,0.0,0.0,0.0,0.0,0.0,0.0,0.0,0.0,0.0,0.0,0.0,0.0,17490000.0,16.67713990417031,2017-03-01,0,0,0.1943573667711598,0.1527093596059113,0.322884012539185,0.0940438871473354,12,4,2016,90,0.02676153943835438,0
Asset management,"Execution, delivery & process management",External event,Shaanxi,2018-07,1,250000.0,250000.0,250000.0,250000.0,0,2.0,2018-07-01,0.0,0.0,0.0,0.0,0.0,0.0,0.0,0.0,0.0,0.0,0.0,0.0,0.0,0.0,0.0,0.0,0.0,0.0,0.0,0.0,0.0,0.0,0.0,0.0,250000.0,12.429220196836384,2018-09-29,0,0,0.1943573667711598,0.1527093596059113,0.322884012539185,0.0237348858038513,7,3,2018,90,0.01610028518676034,0
Asset management,"Execution, delivery & process management",People,Anhui,2018-11,1,250000.0,250000.0,250000.0,250000.0,0,1.0,2018-11-01,0.0,0.0,0.0,0.0,0.0,0.0,0.0,0.0,0.0,0.0,0.0,0.0,0.0,0.0,0.0,0.0,0.0,0.0,0.0,0.0,0.0,0.0,0.0,0.0,250000.0,12.429220196836384,2019-01-30,0,0,0.1943573667711598,0.1527093596059113,0.4594715629198387,0.0250783699059561,11,4,2018,90,0.01903268247614409,0
Asset management,"Execution, delivery & process management",People,Anhui,2019-09,1,300000.0,300000.0,300000.0,300000.0,0,1.0,2019-09-01,1.0,250000.0,0.0,0.0,0.0,0.0,0.0,0.0,0.0,0.0,0.0,0.0,0.0,0.0,0.0,1.0,250000.0,0.0,1.0,250000.0,0.0,1.0,250000.0,0.0,300000.0,12.611541086966117,2019-11-30,0,0,0.1943573667711598,0.1527093596059113,0.4594715629198387,0.0250783699059561,9,3,2019,90,0.006815219009264258,0
Asset management,"Execution, delivery & process management",People,Beijing,2017-06,3,700000.0,233333.3333333333,200000.0,300000.0,0,1.0,2017-06-01,0.0,0.0,0.0,0.0,0.0,0.0,0.0,0.0,0.0,0.0,0.0,0.0,0.0,0.0,0.0,0.0,0.0,0.0,0.0,0.0,0.0,0.0,0.0,0.0,233333.3333333333,13.45883704259595,2017-08-30,0,0,0.1943573667711598,0.1527093596059113,0.4594715629198387,0.0940438871473354,6,2,2017,90,0.020191630998075305,0
Asset management,"Execution, delivery & process management",People,Beijing,2017-09,1,200000.0,200000.0,200000.0,200000.0,0,1.0,2017-09-01,3.0,700000.0,0.0,0.0,0.0,0.0,0.0,0.0,0.0,0.0,0.0,0.0,0.0,0.0,0.0,3.0,700000.0,0.0,3.0,700000.0,0.0,3.0,700000.0,0.0,200000.0,12.206077645517674,2017-11-30,0,1,0.1943573667711598,0.1527093596059113,0.4594715629198387,0.0940438871473354,9,3,2017,90,0.016165268945879944,0
Asset management,"Execution, delivery & process management",People,Beijing,2017-11,2,450000.0,225000.0,225000.0,250000.0,0,2.0,2017-11-01,1.0,200000.0,0.0,3.0,700000.0,0.0,0.0,0.0,0.0,0.0,0.0,0.0,0.0,0.0,0.0,4.0,900000.0,0.0,4.0,900000.0,0.0,4.0,900000.0,0.0,225000.0,13.017005083966255,2018-01-30,0,1,0.1943573667711598,0.1527093596059113,0.4594715629198387,0.0940438871473354,11,4,2017,90,0.05295306060758856,0
Asset management,"Execution, delivery & process management",People,Beijing,2018-01,2,2650000.0,1325000.0,1325000.0,1750000.0,0,1.0,2018-01-01,2.0,450000.0,0.0,1.0,200000.0,0.0,3.0,700000.0,0.0,0.0,0.0,0.0,0.0,0.0,0.0,6.0,1350000.0,0.0,6.0,1350000.0,0.0,6.0,1350000.0,0.0,1325000.0,14.790070575320824,2018-04-01,0,0,0.1943573667711598,0.1527093596059113,0.4594715629198387,0.0940438871473354,1,1,2018,90,0.21805294655188276,0
Asset management,"Execution, delivery & process management",People,Beijing,2018-08,1,400000.0,400000.0,400000.0,400000.0,0,1.0,2018-08-01,2.0,2650000.0,0.0,2.0,450000.0,0.0,1.0,200000.0,0.0,0.0,0.0,0.0,0.0,0.0,0.0,5.0,3300000.0,0.0,8.0,4000000.0,0.0,8.0,4000000.0,0.0,400000.0,12.899222326086994,2018-10-30,0,1,0.1943573667711598,0.1527093596059113,0.4594715629198387,0.0940438871473354,8,3,2018,90,0.05738906840096553,0
Asset management,"Execution, delivery & process management",People,Beijing,2018-10,1,200000.0,200000.0,200000.0,200000.0,0,1.0,2018-10-01,1.0,400000.0,0.0,2.0,2650000.0,0.0,2.0,450000.0,0.0,0.0,0.0,0.0,0.0,0.0,0.0,5.0,3500000.0,0.0,9.0,4400000.0,0.0,9.0,4400000.0,0.0,200000.0,12.206077645517674,2018-12-30,0,0,0.1943573667711598,0.1527093596059113,0.4594715629198387,0.0940438871473354,10,4,2018,90,0.05532672971058053,0
Asset management,"Execution, delivery & process management",People,Beijing,2019-06,2,400000.0,200000.0,200000.0,200000.0,0,1.0,2019-06-01,1.0,200000.0,0.0,1.0,400000.0,0.0,2.0,2650000.0,0.0,3.0,700000.0,0.0,0.0,0.0,0.0,4.0,3250000.0,0.0,10.0,4600000.0,0.0,10.0,4600000.0,0.0,200000.0,12.899222326086994,2019-08-30,0,1,0.1943573667711598,0.1527093596059113,0.4594715629198387,0.0940438871473354,6,2,2019,90,0.08788083740276736,0
Asset management,"Execution, delivery & process management",People,Beijing,2019-07,2,750000.0,375000.0,375000.0,500000.0,0,1.0,2019-07-01,2.0,400000.0,0.0,1.0,200000.0,0.0,1.0,400000.0,0.0,1.0,200000.0,0.0,0.0,0.0,0.0,4.0,1000000.0,0.0,9.0,4300000.0,0.0,12.0,5000000.0,0.0,375000.0,13.527829818844936,2019-09-29,0,1,0.1943573667711598,0.1527093596059113,0.4594715629198387,0.0940438871473354,7,3,2019,90,0.07564055083269135,0
Asset management,"Execution, delivery & process management",People,Beijing,2019-09,1,300000.0,300000.0,300000.0,300000.0,0,1.0,2019-09-01,2.0,750000.0,0.0,2.0,400000.0,0.0,1.0,200000.0,0.0,2.0,450000.0,0.0,0.0,0.0,0.0,5.0,1350000.0,0.0,10.0,4850000.0,0.0,14.0,5750000.0,0.0,300000.0,12.611541086966117,2019-11-30,0,0,0.1943573667711598,0.1527093596059113,0.4594715629198387,0.0940438871473354,9,3,2019,90,0.08010377795457926,0
Asset management,"Execution, delivery & process management",People,"Beijing,Jiangxi",2019-09,1,200000.0,200000.0,200000.0,200000.0,0,1.0,2019-09-01,0.0,0.0,0.0,0.0,0.0,0.0,0.0,0.0,0.0,0.0,0.0,0.0,0.0,0.0,0.0,0.0,0.0,0.0,0.0,0.0,0.0,0.0,0.0,0.0,200000.0,12.206077645517674,2019-11-30,0,0,0.1943573667711598,0.1527093596059113,0.4594715629198387,0.0026869682042095,9,3,2019,90,0.012256349057369926,0
Asset management,"Execution, delivery & process management",People,"Beijing,Jilin",2018-08,1,450000.0,450000.0,450000.0,450000.0,0,1.0,2018-08-01,0.0,0.0,0.0,0.0,0.0,0.0,0.0,0.0,0.0,0.0,0.0,0.0,0.0,0.0,0.0,0.0,0.0,0.0,0.0,0.0,0.0,0.0,0.0,0.0,450000.0,13.017005083966255,2018-10-30,0,0,0.1943573667711598,0.1527093596059113,0.4594715629198387,0.006269592476489,8,3,2018,90,0.02062336639211843,0
Asset management,"Execution, delivery & process management",People,"Beijing,Jilin",2019-07,1,300000.0,300000.0,300000.0,300000.0,0,1.0,2019-07-01,1.0,450000.0,0.0,0.0,0.0,0.0,0.0,0.0,0.0,0.0,0.0,0.0,0.0,0.0,0.0,1.0,450000.0,0.0,1.0,450000.0,0.0,1.0,450000.0,0.0,300000.0,12.611541086966117,2019-09-29,0,0,0.1943573667711598,0.1527093596059113,0.4594715629198387,0.006269592476489,7,3,2019,90,0.006269548783878731,0
Asset management,"Execution, delivery & process management",People,"Beijing,Shandong",2017-12,1,2550000.0,2550000.0,2550000.0,2550000.0,0,1.0,2017-12-01,0.0,0.0,0.0,0.0,0.0,0.0,0.0,0.0,0.0,0.0,0.0,0.0,0.0,0.0,0.0,0.0,0.0,0.0,0.0,0.0,0.0,0.0,0.0,0.0,2550000.0,14.751604309291396,2018-03-01,0,0,0.1943573667711598,0.1527093596059113,0.4594715629198387,0.0035826242722794,12,4,2017,90,0.029694430365876337,0
Asset management,"Execution, delivery & process management",People,"Beijing,Shanxi",2017-06,1,200000.0,200000.0,200000.0,200000.0,0,1.0,2017-06-01,0.0,0.0,0.0,0.0,0.0,0.0,0.0,0.0,0.0,0.0,0.0,0.0,0.0,0.0,0.0,0.0,0.0,0.0,0.0,0.0,0.0,0.0,0.0,0.0,200000.0,12.206077645517674,2017-08-30,0,0,0.1943573667711598,0.1527093596059113,0.4594715629198387,0.0031347962382445,6,2,2017,90,0.012398272255003832,0
Asset management,"Execution, delivery & process management",People,"Beijing,Sichuan",2018-07,1,200000.0,200000.0,200000.0,200000.0,0,1.0,2018-07-01,0.0,0.0,0.0,0.0,0.0,0.0,0.0,0.0,0.0,0.0,0.0,0.0,0.0,0.0,0.0,0.0,0.0,0.0,0.0,0.0,0.0,0.0,0.0,0.0,200000.0,12.206077645517674,2018-09-29,0,0,0.1943573667711598,0.1527093596059113,0.4594715629198387,0.0026869682042095,7,3,2018,90,0.0117106788319844,0
Asset management,"Execution, delivery & process management",People,"Beijing,Tibet",2018-10,1,700000.0,700000.0,700000.0,700000.0,0,2.0,2018-10-01,0.0,0.0,0.0,0.0,0.0,0.0,0.0,0.0,0.0,0.0,0.0,0.0,0.0,0.0,0.0,0.0,0.0,0.0,0.0,0.0,0.0,0.0,0.0,0.0,700000.0,13.45883704259595,2018-12-30,0,0,0.1943573667711598,0.1527093596059113,0.4594715629198387,0.0013434841021047,10,4,2018,90,0.02302002044033494,0
Asset management,"Execution, delivery & process management",People,"Beijing,Zhejiang",2017-12,1,500000.0,500000.0,500000.0,500000.0,0,1.0,2017-12-01,0.0,0.0,0.0,0.0,0.0,0.0,0.0,0.0,0.0,0.0,0.0,0.0,0.0,0.0,0.0,0.0,0.0,0.0,0.0,0.0,0.0,0.0,0.0,0.0,500000.0,13.122365377402328,2018-03-01,0,0,0.1943573667711598,0.1527093596059113,0.4594715629198387,0.0076130765785938,12,4,2017,90,0.031201164431873464,0
Asset management,"Execution, delivery & process management",People,Chongqing,2019-04,1,700000.0,700000.0,700000.0,700000.0,0,1.0,2019-04-01,0.0,0.0,0.0,0.0,0.0,0.0,0.0,0.0,0.0,0.0,0.0,0.0,0.0,0.0,0.0,0.0,0.0,0.0,0.0,0.0,0.0,0.0,0.0,0.0,700000.0,13.45883704259595,2019-06-30,0,0,0.1943573667711598,0.1527093596059113,0.4594715629198387,0.0232870577698163,4,2,2019,90,0.018048440310935332,0
Asset management,"Execution, delivery & process management",People,Guizhou,2019-03,1,500000.0,500000.0,500000.0,500000.0,0,1.0,2019-03-01,0.0,0.0,0.0,0.0,0.0,0.0,0.0,0.0,0.0,0.0,0.0,0.0,0.0,0.0,0.0,0.0,0.0,0.0,0.0,0.0,0.0,0.0,0.0,0.0,500000.0,13.122365377402328,2019-05-30,0,1,0.1943573667711598,0.1527093596059113,0.4594715629198387,0.0107478728168383,3,1,2019,90,0.022997213314120857,0
Asset management,"Execution, delivery & process management",People,Guizhou,2019-04,1,500000.0,500000.0,500000.0,500000.0,0,1.0,2019-04-01,1.0,500000.0,0.0,0.0,0.0,0.0,0.0,0.0,0.0,0.0,0.0,0.0,0.0,0.0,0.0,1.0,500000.0,0.0,1.0,500000.0,0.0,1.0,500000.0,0.0,500000.0,13.122365377402328,2019-06-30,0,0,0.1943573667711598,0.1527093596059113,0.4594715629198387,0.0107478728168383,4,2,2019,90,0.019853165760946968,0
Asset management,"Execution, delivery & process management",People,Hainan,2017-08,1,250000.0,250000.0,250000.0,250000.0,0,1.0,2017-08-01,0.0,0.0,0.0,0.0,0.0,0.0,0.0,0.0,0.0,0.0,0.0,0.0,0.0,0.0,0.0,0.0,0.0,0.0,0.0,0.0,0.0,0.0,0.0,0.0,250000.0,12.429220196836384,2017-10-30,0,0,0.1943573667711598,0.1527093596059113,0.4594715629198387,0.0103000447828034,8,3,2017,90,0.06506718528953308,0
Asset management,"Execution, delivery & process management",People,Hainan,2018-10,1,3600000.0,3600000.0,3600000.0,3600000.0,0,1.0,2018-10-01,1.0,250000.0,0.0,0.0,0.0,0.0,0.0,0.0,0.0,0.0,0.0,0.0,0.0,0.0,0.0,1.0,250000.0,0.0,1.0,250000.0,0.0,1.0,250000.0,0.0,3600000.0,15.096444681204078,2018-12-30,0,0,0.1943573667711598,0.1527093596059113,0.4594715629198387,0.0103000447828034,10,4,2018,90,0.04720439047931998,0
Asset management,"Execution, delivery & process management",People,Hebei,2018-12,1,1500000.0,1500000.0,1500000.0,1500000.0,0,0.0,2018-12-01,0.0,0.0,0.0,0.0,0.0,0.0,0.0,0.0,0.0,0.0,0.0,0.0,0.0,0.0,0.0,0.0,0.0,0.0,0.0,0.0,0.0,0.0,0.0,0.0,1500000.0,14.220976332738882,2019-03-01,0,0,0.1943573667711598,0.1527093596059113,0.4594715629198387,0.0111957008508732,12,4,2018,90,0.040889299984214256,0
Asset management,"Execution, delivery & process management",People,Hubei,2018-07,1,800000.0,800000.0,800000.0,800000.0,0,1.0,2018-07-01,0.0,0.0,0.0,0.0,0.0,0.0,0.0,0.0,0.0,0.0,0.0,0.0,0.0,0.0,0.0,0.0,0.0,0.0,0.0,0.0,0.0,0.0,0.0,0.0,800000.0,13.592368256649284,2018-09-29,0,0,0.1943573667711598,0.1527093596059113,0.4594715629198387,0.0313479623824451,7,3,2018,90,0.016162149819511987,0
Asset management,"Execution, delivery & process management",People,Jiangxi,2019-07,1,200000.0,200000.0,200000.0,200000.0,0,1.0,2019-07-01,0.0,0.0,0.0,0.0,0.0,0.0,0.0,0.0,0.0,0.0,0.0,0.0,0.0,0.0,0.0,0.0,0.0,0.0,0.0,0.0,0.0,0.0,0.0,0.0,200000.0,12.206077645517674,2019-09-29,0,0,0.1943573667711598,0.1527093596059113,0.4594715629198387,0.0156739811912225,7,3,2019,90,0.013509264443299508,0
Asset management,"Execution, delivery & process management",People,"Jiangxi,Shandong",2017-09,1,200000.0,200000.0,200000.0,200000.0,0,1.0,2017-09-01,0.0,0.0,0.0,0.0,0.0,0.0,0.0,0.0,0.0,0.0,0.0,0.0,0.0,0.0,0.0,0.0,0.0,0.0,0.0,0.0,0.0,0.0,0.0,0.0,200000.0,12.206077645517674,2017-11-30,0,0,0.1943573667711598,0.1527093596059113,0.4594715629198387,0.0004478280340349,9,3,2017,90,0.011364876189152872,0
Asset management,"Execution, delivery & process management",People,Jilin,2019-04,1,30000.0,30000.0,30000.0,30000.0,0,1.0,2019-04-01,0.0,0.0,0.0,0.0,0.0,0.0,0.0,0.0,0.0,0.0,0.0,0.0,0.0,0.0,0.0,0.0,0.0,0.0,0.0,0.0,0.0,0.0,0.0,0.0,30000.0,10.308985993422082,2019-06-30,0,0,0.1943573667711598,0.1527093596059113,0.4594715629198387,0.0197044334975369,4,2,2019,90,0.024773899334254404,0
Asset management,"Execution, delivery & process management",People,Liaoning,2016-06,1,35000000.0,35000000.0,35000000.0,35000000.0,1,1.0,2016-06-01,0.0,0.0,0.0,0.0,0.0,0.0,0.0,0.0,0.0,0.0,0.0,0.0,0.0,0.0,0.0,0.0,0.0,0.0,0.0,0.0,0.0,0.0,0.0,0.0,35000000.0,17.370858648025116,2016-08-30,0,0,0.1943573667711598,0.1527093596059113,0.4594715629198387,0.0291088222122704,6,2,2016,90,0.04380345235562487,0
Asset management,"Execution, delivery & process management",People,Ningxia,2019-10,1,300000.0,300000.0,300000.0,300000.0,0,1.0,2019-10-01,0.0,0.0,0.0,0.0,0.0,0.0,0.0,0.0,0.0,0.0,0.0,0.0,0.0,0.0,0.0,0.0,0.0,0.0,0.0,0.0,0.0,0.0,0.0,0.0,300000.0,12.611541086966117,2019-12-30,0,0,0.1943573667711598,0.1527093596059113,0.4594715629198387,0.0031347962382445,10,4,2019,90,0.01543974180925766,0
Asset management,"Execution, delivery & process management",People,Shandong,2017-08,1,250000.0,250000.0,250000.0,250000.0,0,1.0,2017-08-01,0.0,0.0,0.0,0.0,0.0,0.0,0.0,0.0,0.0,0.0,0.0,0.0,0.0,0.0,0.0,0.0,0.0,0.0,0.0,0.0,0.0,0.0,0.0,0.0,250000.0,12.429220196836384,2017-10-30,0,0,0.1943573667711598,0.1527093596059113,0.4594715629198387,0.0501567398119122,8,3,2017,90,0.013509264443299508,0
Asset management,"Execution, delivery & process management",People,Shandong,2019-05,1,500000.0,500000.0,500000.0,500000.0,0,1.0,2019-05-01,1.0,250000.0,0.0,0.0,0.0,0.0,0.0,0.0,0.0,0.0,0.0,0.0,0.0,0.0,0.0,1.0,250000.0,0.0,1.0,250000.0,0.0,1.0,250000.0,0.0,500000.0,13.122365377402328,2019-07-30,0,0,0.1943573667711598,0.1527093596059113,0.4594715629198387,0.0501567398119122,5,2,2019,90,0.011546667427886905,0
Asset management,"Execution, delivery & process management",People,Shandong,2019-10,1,680000.0,680000.0,680000.0,680000.0,0,3.0,2019-10-01,1.0,500000.0,0.0,1.0,250000.0,0.0,0.0,0.0,0.0,0.0,0.0,0.0,0.0,0.0,0.0,2.0,750000.0,0.0,2.0,750000.0,0.0,2.0,750000.0,0.0,680000.0,13.429849547739444,2019-12-30,0,0,0.1943573667711598,0.1527093596059113,0.4594715629198387,0.0501567398119122,10,4,2019,90,0.03494505879191496,0
Asset management,"Execution, delivery & process management",People,"Shanghai,Sichuan",2019-06,1,1300000.0,1300000.0,1300000.0,1300000.0,0,1.0,2019-06-01,0.0,0.0,0.0,0.0,0.0,0.0,0.0,0.0,0.0,0.0,0.0,0.0,0.0,0.0,0.0,0.0,0.0,0.0,0.0,0.0,0.0,0.0,0.0,0.0,1300000.0,14.077875591662238,2019-08-30,0,0,0.1943573667711598,0.1527093596059113,0.4594715629198387,0.0008956560680698,6,2,2019,90,0.040148672613868085,0
Asset management,"Execution, delivery & process management",People,Shanxi,2019-03,1,200000.0,200000.0,200000.0,200000.0,0,1.0,2019-03-01,0.0,0.0,0.0,0.0,0.0,0.0,0.0,0.0,0.0,0.0,0.0,0.0,0.0,0.0,0.0,0.0,0.0,0.0,0.0,0.0,0.0,0.0,0.0,0.0,200000.0,12.206077645517674,2019-05-30,0,0,0.1943573667711598,0.1527093596059113,0.4594715629198387,0.0214957456336766,3,1,2019,90,0.014860660806113563,0
Asset management,"Execution, delivery & process management",People,Sichuan,2016-08,1,300000.0,300000.0,300000.0,300000.0,0,1.0,2016-08-01,0.0,0.0,0.0,0.0,0.0,0.0,0.0,0.0,0.0,0.0,0.0,0.0,0.0,0.0,0.0,0.0,0.0,0.0,0.0,0.0,0.0,0.0,0.0,0.0,300000.0,12.611541086966117,2016-10-30,0,0,0.1943573667711598,0.1527093596059113,0.4594715629198387,0.0273175100761307,8,3,2016,90,0.015129454123350051,0
Asset management,"Execution, delivery & process management",People,Sichuan,2018-08,1,200000.0,200000.0,200000.0,200000.0,0,1.0,2018-08-01,1.0,300000.0,0.0,0.0,0.0,0.0,0.0,0.0,0.0,0.0,0.0,0.0,0.0,0.0,0.0,1.0,300000.0,0.0,1.0,300000.0,0.0,1.0,300000.0,0.0,200000.0,12.206077645517674,2018-10-30,0,0,0.1943573667711598,0.1527093596059113,0.4594715629198387,0.0273175100761307,8,3,2018,90,0.008857141197893518,0
Asset management,"Execution, delivery & process management",People,Tibet,2018-10,2,1000000.0,500000.0,500000.0,500000.0,0,1.5,2018-10-01,0.0,0.0,0.0,0.0,0.0,0.0,0.0,0.0,0.0,0.0,0.0,0.0,0.0,0.0,0.0,0.0,0.0,0.0,0.0,0.0,0.0,0.0,0.0,0.0,500000.0,13.815511557963774,2018-12-30,0,0,0.1943573667711598,0.1527093596059113,0.4594715629198387,0.0026869682042095,10,4,2018,90,0.029827914277775733,0
Asset management,"Execution, delivery & process management",People,Yunnan,2019-06,1,500000.0,500000.0,500000.0,500000.0,0,0.0,2019-06-01,0.0,0.0,0.0,0.0,0.0,0.0,0.0,0.0,0.0,0.0,0.0,0.0,0.0,0.0,0.0,0.0,0.0,0.0,0.0,0.0,0.0,0.0,0.0,0.0,500000.0,13.122365377402328,2019-08-30,0,0,0.1943573667711598,0.1527093596059113,0.4594715629198387,0.0134348410210479,6,2,2019,90,0.02500873574667848,0
Asset management,"Execution, delivery & process management",People,Zhejiang,2016-11,1,500000.0,500000.0,500000.0,500000.0,0,9.0,2016-11-01,0.0,0.0,0.0,0.0,0.0,0.0,0.0,0.0,0.0,0.0,0.0,0.0,0.0,0.0,0.0,0.0,0.0,0.0,0.0,0.0,0.0,0.0,0.0,0.0,500000.0,13.122365377402328,2017-01-30,0,0,0.1943573667711598,0.1527093596059113,0.4594715629198387,0.0523958799820868,11,4,2016,90,0.020940141091656816,0
Asset management,"Execution, delivery & process management",People,Zhejiang,2019-06,1,1500000.0,1500000.0,1500000.0,1500000.0,0,1.0,2019-06-01,1.0,500000.0,0.0,0.0,0.0,0.0,0.0,0.0,0.0,0.0,0.0,0.0,0.0,0.0,0.0,1.0,500000.0,0.0,1.0,500000.0,0.0,1.0,500000.0,0.0,1500000.0,14.220976332738882,2019-08-30,0,1,0.1943573667711598,0.1527093596059113,0.4594715629198387,0.0523958799820868,6,2,2019,90,0.025243732913496277,0
Asset management,"Execution, delivery & process management",People,Zhejiang,2019-07,1,3300000.0,3300000.0,3300000.0,3300000.0,0,1.0,2019-07-01,1.0,1500000.0,0.0,1.0,500000.0,0.0,0.0,0.0,0.0,0.0,0.0,0.0,0.0,0.0,0.0,2.0,2000000.0,0.0,2.0,2000000.0,0.0,2.0,2000000.0,0.0,3300000.0,15.009433329466964,2019-09-29,0,0,0.1943573667711598,0.1527093596059113,0.4594715629198387,0.0523958799820868,7,3,2019,90,0.12071676810972663,0
Asset management,"Execution, delivery & process management",Process,Anhui,2018-12,1,100000.0,100000.0,100000.0,100000.0,0,1.0,2018-12-01,0.0,0.0,0.0,0.0,0.0,0.0,0.0,0.0,0.0,0.0,0.0,0.0,0.0,0.0,0.0,0.0,0.0,0.0,0.0,0.0,0.0,0.0,0.0,0.0,100000.0,11.51293546492023,2019-03-01,0,0,0.1943573667711598,0.1527093596059113,0.2001791312136139,0.0250783699059561,12,4,2018,90,0.016057626564080395,0
Asset management,"Execution, delivery & process management",Process,Beijing,2016-12,1,250000.0,250000.0,250000.0,250000.0,0,1.0,2016-12-01,0.0,0.0,0.0,0.0,0.0,0.0,0.0,0.0,0.0,0.0,0.0,0.0,0.0,0.0,0.0,0.0,0.0,0.0,0.0,0.0,0.0,0.0,0.0,0.0,250000.0,12.429220196836384,2017-03-01,0,0,0.1943573667711598,0.1527093596059113,0.2001791312136139,0.0940438871473354,12,4,2016,90,0.011603232068451649,0
Asset management,"Execution, delivery & process management",Process,Beijing,2017-07,1,10000.0,10000.0,10000.0,10000.0,0,1.0,2017-07-01,1.0,250000.0,0.0,0.0,0.0,0.0,0.0,0.0,0.0,0.0,0.0,0.0,0.0,0.0,0.0,1.0,250000.0,0.0,1.0,250000.0,0.0,1.0,250000.0,0.0,10000.0,9.210440366976515,2017-09-29,0,1,0.1943573667711598,0.1527093596059113,0.2001791312136139,0.0940438871473354,7,3,2017,90,0.03314862944083703,0
Asset management,"Execution, delivery & process management",Process,Beijing,2017-09,2,300000.0,150000.0,150000.0,250000.0,0,1.0,2017-09-01,1.0,10000.0,0.0,1.0,250000.0,0.0,0.0,0.0,0.0,0.0,0.0,0.0,0.0,0.0,0.0,2.0,260000.0,0.0,2.0,260000.0,0.0,2.0,260000.0,0.0,150000.0,12.611541086966117,2017-11-30,0,1,0.1943573667711598,0.1527093596059113,0.2001791312136139,0.0940438871473354,9,3,2017,90,0.034729815440543044,0
Asset management,"Execution, delivery & process management",Process,Beijing,2017-10,3,85000.0,28333.33333333333,10000.0,70000.0,0,1.0,2017-10-01,2.0,300000.0,0.0,1.0,10000.0,0.0,1.0,250000.0,0.0,0.0,0.0,0.0,0.0,0.0,0.0,4.0,560000.0,0.0,4.0,560000.0,0.0,4.0,560000.0,0.0,28333.33333333333,11.350418300109132,2017-12-30,0,1,0.1943573667711598,0.1527093596059113,0.2001791312136139,0.0940438871473354,10,4,2017,90,0.03798675675609045,0
Asset management,"Execution, delivery & process management",Process,Beijing,2017-11,8,1450000.0,181250.0,150000.0,500000.0,0,1.125,2017-11-01,3.0,85000.0,0.0,2.0,300000.0,0.0,1.0,10000.0,0.0,0.0,0.0,0.0,0.0,0.0,0.0,6.0,395000.0,0.0,7.0,645000.0,0.0,7.0,645000.0,0.0,181250.0,14.187074804051692,2018-01-30,0,1,0.1943573667711598,0.1527093596059113,0.2001791312136139,0.0940438871473354,11,4,2017,90,0.06675768018989683,0
Asset management,"Execution, delivery & process management",Process,Beijing,2017-12,2,500000.0,250000.0,250000.0,300000.0,0,0.5,2017-12-01,8.0,1450000.0,0.0,3.0,85000.0,0.0,2.0,300000.0,0.0,0.0,0.0,0.0,0.0,0.0,0.0,13.0,1835000.0,0.0,15.0,2095000.0,0.0,15.0,2095000.0,0.0,250000.0,13.122365377402328,2018-03-01,0,1,0.1943573667711598,0.1527093596059113,0.2001791312136139,0.0940438871473354,12,4,2017,90,0.10300150540364404,0
Asset management,"Execution, delivery & process management",Process,Beijing,2018-01,1,1500000.0,1500000.0,1500000.0,1500000.0,0,1.0,2018-01-01,2.0,500000.0,0.0,8.0,1450000.0,0.0,3.0,85000.0,0.0,1.0,250000.0,0.0,0.0,0.0,0.0,13.0,2035000.0,0.0,17.0,2595000.0,0.0,17.0,2595000.0,0.0,1500000.0,14.220976332738882,2018-04-01,0,1,0.1943573667711598,0.1527093596059113,0.2001791312136139,0.0940438871473354,1,1,2018,90,0.27385423294926314,0
Asset management,"Execution, delivery & process management",Process,Beijing,2018-03,3,2000000.0,666666.6666666666,500000.0,1000000.0,0,0.6666666666666666,2018-03-01,1.0,1500000.0,0.0,2.0,500000.0,0.0,8.0,1450000.0,0.0,1.0,10000.0,0.0,0.0,0.0,0.0,11.0,3450000.0,0.0,17.0,3845000.0,0.0,18.0,4095000.0,0.0,666666.6666666666,14.508658238524095,2018-05-30,1,1,0.1943573667711598,0.1527093596059113,0.2001791312136139,0.0940438871473354,3,1,2018,90,0.6647720108519531,1
Asset management,"Execution, delivery & process management",Process,Beijing,2018-04,1,500000.0,500000.0,500000.0,500000.0,0,0.0,2018-04-01,3.0,2000000.0,0.0,1.0,1500000.0,0.0,2.0,500000.0,0.0,2.0,300000.0,0.0,0.0,0.0,0.0,6.0,4000000.0,0.0,19.0,5835000.0,0.0,21.0,6095000.0,0.0,500000.0,13.122365377402328,2018-06-30,1,1,0.1943573667711598,0.1527093596059113,0.2001791312136139,0.0940438871473354,4,2,2018,90,0.6319845408999829,1
Asset management,"Execution, delivery & process management",Process,Beijing,2018-05,5,125420240.0,25084048.0,500000.0,65740240.0,2,1.0,2018-05-01,1.0,500000.0,0.0,3.0,2000000.0,0.0,1.0,1500000.0,0.0,3.0,85000.0,0.0,0.0,0.0,0.0,5.0,4000000.0,0.0,18.0,6035000.0,0.0,22.0,6595000.0,0.0,25084048.0,18.64718058462092,2018-07-30,0,1,0.1943573667711598,0.1527093596059113,0.2001791312136139,0.0940438871473354,5,2,2018,90,0.2828416388945105,0
Asset management,"Execution, delivery & process management",Process,Beijing,2018-06,3,1001000.0,333666.6666666667,400000.0,401000.0,0,1.0,2018-06-01,5.0,125420240.0,2.0,1.0,500000.0,0.0,3.0,2000000.0,0.0,8.0,1450000.0,0.0,0.0,0.0,0.0,9.0,127920240.0,2.0,20.0,131370240.0,2.0,27.0,132015240.0,2.0,333666.6666666667,13.816511057297856,2018-08-30,0,1,0.1943573667711598,0.1527093596059113,0.2001791312136139,0.0940438871473354,6,2,2018,90,0.1643796009913552,0
Asset management,"Execution, delivery & process management",Process,Beijing,2018-07,1,200000.0,200000.0,200000.0,200000.0,0,1.0,2018-07-01,3.0,1001000.0,0.0,5.0,125420240.0,2.0,1.0,500000.0,0.0,2.0,500000.0,0.0,0.0,0.0,0.0,9.0,126921240.0,2.0,15.0,130921240.0,2.0,30.0,133016240.0,2.0,200000.0,12.206077645517674,2018-09-29,0,0,0.1943573667711598,0.1527093596059113,0.2001791312136139,0.0940438871473354,7,3,2018,90,0.10608537282802157,0
Asset management,"Execution, delivery & process management",Process,Beijing,2018-10,4,420000.0,105000.0,55000.0,300000.0,0,0.75,2018-10-01,1.0,200000.0,0.0,3.0,1001000.0,0.0,5.0,125420240.0,2.0,1.0,1500000.0,0.0,1.0,250000.0,0.0,9.0,126621240.0,2.0,14.0,130621240.0,2.0,31.0,133216240.0,2.0,105000.0,12.948012371209098,2018-12-30,0,1,0.1943573667711598,0.1527093596059113,0.2001791312136139,0.0940438871473354,10,4,2018,90,0.0913340639022413,0
Asset management,"Execution, delivery & process management",Process,Beijing,2018-11,1,250000.0,250000.0,250000.0,250000.0,0,1.0,2018-11-01,4.0,420000.0,0.0,1.0,200000.0,0.0,3.0,1001000.0,0.0,3.0,2000000.0,0.0,1.0,10000.0,0.0,8.0,1621000.0,0.0,17.0,129541240.0,2.0,34.0,133386240.0,2.0,250000.0,12.429220196836384,2019-01-30,0,1,0.1943573667711598,0.1527093596059113,0.2001791312136139,0.0940438871473354,11,4,2018,90,0.08384705405100971,0
Asset management,"Execution, delivery & process management",Process,Beijing,2018-12,3,711000.0,237000.0,250000.0,300000.0,0,1.0,2018-12-01,1.0,250000.0,0.0,4.0,420000.0,0.0,1.0,200000.0,0.0,1.0,500000.0,0.0,2.0,300000.0,0.0,6.0,870000.0,0.0,15.0,127791240.0,2.0,34.0,133626240.0,2.0,237000.0,13.47442911525415,2019-03-01,0,1,0.1943573667711598,0.1527093596059113,0.2001791312136139,0.0940438871473354,12,4,2018,90,0.11222500423917021,0
Asset management,"Execution, delivery & process management",Process,Beijing,2019-01,1,200000.0,200000.0,200000.0,200000.0,0,1.0,2019-01-01,3.0,711000.0,0.0,1.0,250000.0,0.0,4.0,420000.0,0.0,5.0,125420240.0,2.0,3.0,85000.0,0.0,8.0,1381000.0,0.0,17.0,128002240.0,2.0,35.0,134037240.0,2.0,200000.0,12.206077645517674,2019-04-01,0,1,0.1943573667711598,0.1527093596059113,0.2001791312136139,0.0940438871473354,1,1,2019,90,0.12370761615321714,0
Asset management,"Execution, delivery & process management",Process,Beijing,2019-04,3,90000.0,30000.0,30000.0,50000.0,0,1.0,2019-04-01,1.0,200000.0,0.0,3.0,711000.0,0.0,1.0,250000.0,0.0,3.0,1001000.0,0.0,8.0,1450000.0,0.0,5.0,1161000.0,0.0,13.0,2782000.0,0.0,33.0,134152240.0,2.0,30000.0,11.407576060361786,2019-06-30,0,1,0.1943573667711598,0.1527093596059113,0.2001791312136139,0.0940438871473354,4,2,2019,90,0.1424954057548,0
Asset management,"Execution, delivery & process management",Process,Beijing,2019-05,3,466000.0,155333.33333333334,136000.0,300000.0,0,1.0,2019-05-01,3.0,90000.0,0.0,1.0,200000.0,0.0,3.0,711000.0,0.0,1.0,200000.0,0.0,2.0,500000.0,0.0,7.0,1001000.0,0.0,13.0,1871000.0,0.0,28.0,132792240.0,2.0,155333.33333333334,13.051943059028227,2019-07-30,0,1,0.1943573667711598,0.1527093596059113,0.2001791312136139,0.0940438871473354,5,2,2019,90,0.07452876012306876,0
Asset management,"Execution, delivery & process management",Process,Beijing,2019-07,1,70000.0,70000.0,70000.0,70000.0,0,1.0,2019-07-01,3.0,466000.0,0.0,3.0,90000.0,0.0,1.0,200000.0,0.0,4.0,420000.0,0.0,1.0,1500000.0,0.0,7.0,756000.0,0.0,15.0,2137000.0,0.0,29.0,132758240.0,2.0,70000.0,11.156264806643742,2019-09-29,0,1,0.1943573667711598,0.1527093596059113,0.2001791312136139,0.0940438871473354,7,3,2019,90,0.0667003466619693,0
Asset management,"Execution, delivery & process management",Process,Beijing,2019-08,1,50000.0,50000.0,50000.0,50000.0,0,1.0,2019-08-01,1.0,70000.0,0.0,3.0,466000.0,0.0,3.0,90000.0,0.0,1.0,250000.0,0.0,3.0,2000000.0,0.0,7.0,626000.0,0.0,12.0,1787000.0,0.0,29.0,131328240.0,2.0,50000.0,10.819798284210286,2019-10-30,0,1,0.1943573667711598,0.1527093596059113,0.2001791312136139,0.0940438871473354,8,3,2019,90,0.10866550942741092,0
Asset management,"Execution, delivery & process management",Process,Beijing,2019-09,3,530000.0,176666.66666666666,200000.0,300000.0,0,1.0,2019-09-01,1.0,50000.0,0.0,1.0,70000.0,0.0,3.0,466000.0,0.0,3.0,711000.0,0.0,1.0,500000.0,0.0,5.0,586000.0,0.0,12.0,1587000.0,0.0,27.0,129378240.0,2.0,176666.66666666666,13.180634172318978,2019-11-30,0,0,0.1943573667711598,0.1527093596059113,0.2001791312136139,0.0940438871473354,9,3,2019,90,0.07183140254281814,0
Asset management,"Execution, delivery & process management",Process,"Beijing,Chongqing",2019-02,2,10000.0,5000.0,5000.0,5000.0,0,1.0,2019-02-01,0.0,0.0,0.0,0.0,0.0,0.0,0.0,0.0,0.0,0.0,0.0,0.0,0.0,0.0,0.0,0.0,0.0,0.0,0.0,0.0,0.0,0.0,0.0,0.0,5000.0,9.210440366976515,2019-05-02,0,0,0.1943573667711598,0.1527093596059113,0.2001791312136139,0.0022391401701746,2,1,2019,90,0.019414802937050404,0
Asset management,"Execution, delivery & process management",Process,"Beijing,Chongqing",2019-06,1,200000.0,200000.0,200000.0,200000.0,0,1.0,2019-06-01,2.0,10000.0,0.0,0.0,0.0,0.0,0.0,0.0,0.0,0.0,0.0,0.0,0.0,0.0,0.0,2.0,10000.0,0.0,2.0,10000.0,0.0,2.0,10000.0,0.0,200000.0,12.206077645517674,2019-08-30,0,0,0.1943573667711598,0.1527093596059113,0.2001791312136139,0.0022391401701746,6,2,2019,90,0.02704827697716484,0
Asset management,"Execution, delivery & process management",Process,"Beijing,Fujian",2019-04,1,50000.0,50000.0,50000.0,50000.0,0,1.0,2019-04-01,0.0,0.0,0.0,0.0,0.0,0.0,0.0,0.0,0.0,0.0,0.0,0.0,0.0,0.0,0.0,0.0,0.0,0.0,0.0,0.0,0.0,0.0,0.0,0.0,50000.0,10.819798284210286,2019-06-30,0,0,0.1943573667711598,0.1527093596059113,0.2001791312136139,0.0008956560680698,4,2,2019,90,0.01088071462725027,0
Asset management,"Execution, delivery & process management",Process,"Beijing,Guangdong",2019-02,1,500000.0,500000.0,500000.0,500000.0,0,2.0,2019-02-01,0.0,0.0,0.0,0.0,0.0,0.0,0.0,0.0,0.0,0.0,0.0,0.0,0.0,0.0,0.0,0.0,0.0,0.0,0.0,0.0,0.0,0.0,0.0,0.0,500000.0,13.122365377402328,2019-05-02,0,0,0.1943573667711598,0.1527093596059113,0.2001791312136139,0.0013434841021047,2,1,2019,90,0.015130263203325353,0
Asset management,"Execution, delivery & process management",Process,"Beijing,Guizhou",2018-09,1,600000.0,600000.0,600000.0,600000.0,0,1.0,2018-09-01,0.0,0.0,0.0,0.0,0.0,0.0,0.0,0.0,0.0,0.0,0.0,0.0,0.0,0.0,0.0,0.0,0.0,0.0,0.0,0.0,0.0,0.0,0.0,0.0,600000.0,13.304686600863562,2018-11-30,0,0,0.1943573667711598,0.1527093596059113,0.2001791312136139,0.0017913121361397,9,3,2018,90,0.013594400611752053,0
Asset management,"Execution, delivery & process management",Process,"Beijing,Hebei",2019-03,1,100000.0,100000.0,100000.0,100000.0,0,1.0,2019-03-01,0.0,0.0,0.0,0.0,0.0,0.0,0.0,0.0,0.0,0.0,0.0,0.0,0.0,0.0,0.0,0.0,0.0,0.0,0.0,0.0,0.0,0.0,0.0,0.0,100000.0,11.51293546492023,2019-05-30,0,0,0.1943573667711598,0.1527093596059113,0.2001791312136139,0.0017913121361397,3,1,2019,90,0.019180918658875824,0
Asset management,"Execution, delivery & process management",Process,"Beijing,Hebei",2019-09,1,80000.0,80000.0,80000.0,80000.0,0,1.0,2019-09-01,1.0,100000.0,0.0,0.0,0.0,0.0,0.0,0.0,0.0,0.0,0.0,0.0,0.0,0.0,0.0,1.0,100000.0,0.0,1.0,100000.0,0.0,1.0,100000.0,0.0,80000.0,11.289794413577894,2019-11-30,0,0,0.1943573667711598,0.1527093596059113,0.2001791312136139,0.0017913121361397,9,3,2019,90,0.011908954599779531,0
Asset management,"Execution, delivery & process management",Process,"Beijing,Heilongjiang",2018-08,1,500000.0,500000.0,500000.0,500000.0,0,1.0,2018-08-01,0.0,0.0,0.0,0.0,0.0,0.0,0.0,0.0,0.0,0.0,0.0,0.0,0.0,0.0,0.0,0.0,0.0,0.0,0.0,0.0,0.0,0.0,0.0,0.0,500000.0,13.122365377402328,2018-10-30,0,0,0.1943573667711598,0.1527093596059113,0.2001791312136139,0.0031347962382445,8,3,2018,90,0.013048730386366524,0
Asset management,"Execution, delivery & process management",Process,"Beijing,Henan",2018-07,1,2000000.0,2000000.0,2000000.0,2000000.0,0,1.0,2018-07-01,0.0,0.0,0.0,0.0,0.0,0.0,0.0,0.0,0.0,0.0,0.0,0.0,0.0,0.0,0.0,0.0,0.0,0.0,0.0,0.0,0.0,0.0,0.0,0.0,2000000.0,14.508658238524095,2018-09-29,0,1,0.1943573667711598,0.1527093596059113,0.2001791312136139,0.0053739364084191,7,3,2018,90,0.017143928145648975,0
Asset management,"Execution, delivery & process management",Process,"Beijing,Henan",2018-08,1,500000.0,500000.0,500000.0,500000.0,0,1.0,2018-08-01,1.0,2000000.0,0.0,0.0,0.0,0.0,0.0,0.0,0.0,0.0,0.0,0.0,0.0,0.0,0.0,1.0,2000000.0,0.0,1.0,2000000.0,0.0,1.0,2000000.0,0.0,500000.0,13.122365377402328,2018-10-30,0,0,0.1943573667711598,0.1527093596059113,0.2001791312136139,0.0053739364084191,8,3,2018,90,0.02526314295231141,0
Asset management,"Execution, delivery & process management",Process,"Beijing,Henan",2018-12,1,1500000.0,1500000.0,1500000.0,1500000.0,0,0.0,2018-12-01,1.0,500000.0,0.0,1.0,2000000.0,0.0,0.0,0.0,0.0,0.0,0.0,0.0,0.0,0.0,0.0,2.0,2500000.0,0.0,2.0,2500000.0,0.0,2.0,2500000.0,0.0,1500000.0,14.220976332738882,2019-03-01,0,0,0.1943573667711598,0.1527093596059113,0.2001791312136139,0.0053739364084191,12,4,2018,90,0.20237561598122922,0
Asset management,"Execution, delivery & process management",Process,"Beijing,Henan",2019-09,1,50000.0,50000.0,50000.0,50000.0,0,0.0,2019-09-01,1.0,1500000.0,0.0,1.0,500000.0,0.0,1.0,2000000.0,0.0,0.0,0.0,0.0,0.0,0.0,0.0,3.0,4000000.0,0.0,3.0,4000000.0,0.0,3.0,4000000.0,0.0,50000.0,10.819798284210286,2019-11-30,0,0,0.1943573667711598,0.1527093596059113,0.2001791312136139,0.0053739364084191,9,3,2019,90,0.043207789456101355,0
Asset management,"Execution, delivery & process management",Process,"Beijing,Hubei",2017-12,1,200000.0,200000.0,200000.0,200000.0,0,1.0,2017-12-01,0.0,0.0,0.0,0.0,0.0,0.0,0.0,0.0,0.0,0.0,0.0,0.0,0.0,0.0,0.0,0.0,0.0,0.0,0.0,0.0,0.0,0.0,0.0,0.0,200000.0,12.206077645517674,2018-03-01,0,0,0.1943573667711598,0.1527093596059113,0.2001791312136139,0.0053739364084191,12,4,2017,90,0.012385572199774568,0
Asset management,"Execution, delivery & process management",Process,"Beijing,Hubei",2018-12,1,300000.0,300000.0,300000.0,300000.0,0,1.0,2018-12-01,1.0,200000.0,0.0,0.0,0.0,0.0,0.0,0.0,0.0,0.0,0.0,0.0,0.0,0.0,0.0,1.0,200000.0,0.0,1.0,200000.0,0.0,1.0,200000.0,0.0,300000.0,12.611541086966117,2019-03-01,0,0,0.1943573667711598,0.1527093596059113,0.2001791312136139,0.0053739364084191,12,4,2018,90,0.01847263305339693,0
Asset management,"Execution, delivery & process management",Process,"Beijing,Hubei",2019-04,1,400000.0,400000.0,400000.0,400000.0,0,2.0,2019-04-01,1.0,300000.0,0.0,1.0,200000.0,0.0,0.0,0.0,0.0,0.0,0.0,0.0,0.0,0.0,0.0,2.0,500000.0,0.0,2.0,500000.0,0.0,2.0,500000.0,0.0,400000.0,12.899222326086994,2019-06-30,0,0,0.1943573667711598,0.1527093596059113,0.2001791312136139,0.0053739364084191,4,2,2019,90,0.03980402023407158,0
Asset management,"Execution, delivery & process management",Process,"Beijing,Jiangsu",2018-08,1,300000.0,300000.0,300000.0,300000.0,0,1.0,2018-08-01,0.0,0.0,0.0,0.0,0.0,0.0,0.0,0.0,0.0,0.0,0.0,0.0,0.0,0.0,0.0,0.0,0.0,0.0,0.0,0.0,0.0,0.0,0.0,0.0,300000.0,12.611541086966117,2018-10-30,0,0,0.1943573667711598,0.1527093596059113,0.2001791312136139,0.0031347962382445,8,3,2018,90,0.009903121688625966,0
Asset management,"Execution, delivery & process management",Process,"Beijing,Jiangsu",2019-09,2,700000.0,350000.0,350000.0,400000.0,0,1.0,2019-09-01,1.0,300000.0,0.0,0.0,0.0,0.0,0.0,0.0,0.0,0.0,0.0,0.0,0.0,0.0,0.0,1.0,300000.0,0.0,1.0,300000.0,0.0,1.0,300000.0,0.0,350000.0,13.45883704259595,2019-11-30,0,0,0.1943573667711598,0.1527093596059113,0.2001791312136139,0.0031347962382445,9,3,2019,90,0.0188380906525118,0
Asset management,"Execution, delivery & process management",Process,"Beijing,Jilin",2018-06,1,500000.0,500000.0,500000.0,500000.0,0,1.0,2018-06-01,0.0,0.0,0.0,0.0,0.0,0.0,0.0,0.0,0.0,0.0,0.0,0.0,0.0,0.0,0.0,0.0,0.0,0.0,0.0,0.0,0.0,0.0,0.0,0.0,500000.0,13.122365377402328,2018-08-30,0,1,0.1943573667711598,0.1527093596059113,0.2001791312136139,0.006269592476489,6,2,2018,90,0.013736323809385957,0
Asset management,"Execution, delivery & process management",Process,"Beijing,Jilin",2018-07,1,500000.0,500000.0,500000.0,500000.0,0,1.0,2018-07-01,1.0,500000.0,0.0,0.0,0.0,0.0,0.0,0.0,0.0,0.0,0.0,0.0,0.0,0.0,0.0,1.0,500000.0,0.0,1.0,500000.0,0.0,1.0,500000.0,0.0,500000.0,13.122365377402328,2018-09-29,0,1,0.1943573667711598,0.1527093596059113,0.2001791312136139,0.006269592476489,7,3,2018,90,0.013145284753147832,0
Asset management,"Execution, delivery & process management",Process,"Beijing,Jilin",2018-08,1,300000.0,300000.0,300000.0,300000.0,0,1.0,2018-08-01,1.0,500000.0,0.0,1.0,500000.0,0.0,0.0,0.0,0.0,0.0,0.0,0.0,0.0,0.0,0.0,2.0,1000000.0,0.0,2.0,1000000.0,0.0,2.0,1000000.0,0.0,300000.0,12.611541086966117,2018-10-30,0,0,0.1943573667711598,0.1527093596059113,0.2001791312136139,0.006269592476489,8,3,2018,90,0.05053768146433001,0
Asset management,"Execution, delivery & process management",Process,"Beijing,Liaoning",2019-03,2,605000.0,302500.0,302500.0,500000.0,0,1.0,2019-03-01,0.0,0.0,0.0,0.0,0.0,0.0,0.0,0.0,0.0,0.0,0.0,0.0,0.0,0.0,0.0,0.0,0.0,0.0,0.0,0.0,0.0,0.0,0.0,0.0,302500.0,13.312985389904174,2019-05-30,0,1,0.1943573667711598,0.1527093596059113,0.2001791312136139,0.0017913121361397,3,1,2019,90,0.01793906918412193,0
Asset management,"Execution, delivery & process management",Process,"Beijing,Liaoning",2019-05,1,50000.0,50000.0,50000.0,50000.0,0,1.0,2019-05-01,2.0,605000.0,0.0,0.0,0.0,0.0,0.0,0.0,0.0,0.0,0.0,0.0,0.0,0.0,0.0,2.0,605000.0,0.0,2.0,605000.0,0.0,2.0,605000.0,0.0,50000.0,10.819798284210286,2019-07-30,0,0,0.1943573667711598,0.1527093596059113,0.2001791312136139,0.0017913121361397,5,2,2019,90,0.011893928642509152,0
Asset management,"Execution, delivery & process management",Process,"Beijing,Qinghai",2019-07,2,500000.0,250000.0,250000.0,250000.0,0,1.0,2019-07-01,0.0,0.0,0.0,0.0,0.0,0.0,0.0,0.0,0.0,0.0,0.0,0.0,0.0,0.0,0.0,0.0,0.0,0.0,0.0,0.0,0.0,0.0,0.0,0.0,250000.0,13.122365377402328,2019-09-29,0,0,0.1943573667711598,0.1527093596059113,0.2001791312136139,0.0004478280340349,7,3,2019,90,0.01116137547469857,0
Asset management,"Execution, delivery & process management",Process,"Beijing,Shaanxi",2018-05,1,200000.0,200000.0,200000.0,200000.0,0,1.0,2018-05-01,0.0,0.0,0.0,0.0,0.0,0.0,0.0,0.0,0.0,0.0,0.0,0.0,0.0,0.0,0.0,0.0,0.0,0.0,0.0,0.0,0.0,0.0,0.0,0.0,200000.0,12.206077645517674,2018-07-30,0,0,0.1943573667711598,0.1527093596059113,0.2001791312136139,0.0026869682042095,5,2,2018,90,0.010590715111645398,0
Asset management,"Execution, delivery & process management",Process,"Beijing,Shandong",2019-03,1,350000.0,350000.0,350000.0,350000.0,0,1.0,2019-03-01,0.0,0.0,0.0,0.0,0.0,0.0,0.0,0.0,0.0,0.0,0.0,0.0,0.0,0.0,0.0,0.0,0.0,0.0,0.0,0.0,0.0,0.0,0.0,0.0,350000.0,12.765691290604371,2019-05-30,0,1,0.1943573667711598,0.1527093596059113,0.2001791312136139,0.0035826242722794,3,1,2019,90,0.019811778546690598,0
Asset management,"Execution, delivery & process management",Process,"Beijing,Shandong",2019-04,1,600000.0,600000.0,600000.0,600000.0,0,1.0,2019-04-01,1.0,350000.0,0.0,0.0,0.0,0.0,0.0,0.0,0.0,0.0,0.0,0.0,0.0,0.0,0.0,1.0,350000.0,0.0,1.0,350000.0,0.0,1.0,350000.0,0.0,600000.0,13.304686600863562,2019-06-30,0,0,0.1943573667711598,0.1527093596059113,0.2001791312136139,0.0035826242722794,4,2,2019,90,0.01743230590809352,0
Asset management,"Execution, delivery & process management",Process,"Beijing,Shanghai",2016-12,1,1000000.0,1000000.0,1000000.0,1000000.0,0,1.0,2016-12-01,0.0,0.0,0.0,0.0,0.0,0.0,0.0,0.0,0.0,0.0,0.0,0.0,0.0,0.0,0.0,0.0,0.0,0.0,0.0,0.0,0.0,0.0,0.0,0.0,1000000.0,13.815511557963774,2017-03-01,0,0,0.1943573667711598,0.1527093596059113,0.2001791312136139,0.0076130765785938,12,4,2016,90,0.15274503219437877,0
Asset management,"Execution, delivery & process management",Process,"Beijing,Shanghai",2018-03,1,200000.0,200000.0,200000.0,200000.0,0,1.0,2018-03-01,1.0,1000000.0,0.0,0.0,0.0,0.0,0.0,0.0,0.0,0.0,0.0,0.0,0.0,0.0,0.0,1.0,1000000.0,0.0,1.0,1000000.0,0.0,1.0,1000000.0,0.0,200000.0,12.206077645517674,2018-05-30,1,1,0.1943573667711598,0.1527093596059113,0.2001791312136139,0.0076130765785938,3,1,2018,90,0.06791845658371794,0
Asset management,"Execution, delivery & process management",Process,"Beijing,Shanghai",2018-04,1,1000000.0,1000000.0,1000000.0,1000000.0,0,1.0,2018-04-01,1.0,200000.0,0.0,1.0,1000000.0,0.0,0.0,0.0,0.0,0.0,0.0,0.0,0.0,0.0,0.0,2.0,1200000.0,0.0,2.0,1200000.0,0.0,2.0,1200000.0,0.0,1000000.0,13.815511557963774,2018-06-30,1,1,0.1943573667711598,0.1527093596059113,0.2001791312136139,0.0076130765785938,4,2,2018,90,0.5859293068351196,1
Asset management,"Execution, delivery & process management",Process,"Beijing,Shanghai",2018-05,1,58559270.0,58559270.0,58559270.0,58559270.0,1,1.0,2018-05-01,1.0,1000000.0,0.0,1.0,200000.0,0.0,1.0,1000000.0,0.0,0.0,0.0,0.0,0.0,0.0,0.0,3.0,2200000.0,0.0,3.0,2200000.0,0.0,3.0,2200000.0,0.0,58559270.0,17.88554997876935,2018-07-30,0,1,0.1943573667711598,0.1527093596059113,0.2001791312136139,0.0076130765785938,5,2,2018,90,0.1834796250525223,0
Asset management,"Execution, delivery & process management",Process,"Beijing,Shanghai",2018-06,1,60000.0,60000.0,60000.0,60000.0,0,1.0,2018-06-01,1.0,58559270.0,1.0,1.0,1000000.0,0.0,1.0,200000.0,0.0,0.0,0.0,0.0,0.0,0.0,0.0,3.0,59759270.0,1.0,4.0,60759270.0,1.0,4.0,60759270.0,1.0,60000.0,11.002116507732016,2018-08-30,0,0,0.1943573667711598,0.1527093596059113,0.2001791312136139,0.0076130765785938,6,2,2018,90,0.05729016148816119,0
Asset management,"Execution, delivery & process management",Process,"Beijing,Shanxi",2018-07,1,500000.0,500000.0,500000.0,500000.0,0,1.0,2018-07-01,0.0,0.0,0.0,0.0,0.0,0.0,0.0,0.0,0.0,0.0,0.0,0.0,0.0,0.0,0.0,0.0,0.0,0.0,0.0,0.0,0.0,0.0,0.0,0.0,500000.0,13.122365377402328,2018-09-29,0,0,0.1943573667711598,0.1527093596059113,0.2001791312136139,0.0031347962382445,7,3,2018,90,0.013048730386366524,0
Asset management,"Execution, delivery & process management",Process,"Beijing,Shanxi",2019-07,1,300000.0,300000.0,300000.0,300000.0,0,1.0,2019-07-01,1.0,500000.0,0.0,0.0,0.0,0.0,0.0,0.0,0.0,0.0,0.0,0.0,0.0,0.0,0.0,1.0,500000.0,0.0,1.0,500000.0,0.0,1.0,500000.0,0.0,300000.0,12.611541086966117,2019-09-29,0,0,0.1943573667711598,0.1527093596059113,0.2001791312136139,0.0031347962382445,7,3,2019,90,0.010782776297106245,0
Asset management,"Execution, delivery & process management",Process,"Beijing,Tianjin",2018-02,1,300000.0,300000.0,300000.0,300000.0,0,1.0,2018-02-01,0.0,0.0,0.0,0.0,0.0,0.0,0.0,0.0,0.0,0.0,0.0,0.0,0.0,0.0,0.0,0.0,0.0,0.0,0.0,0.0,0.0,0.0,0.0,0.0,300000.0,12.611541086966117,2018-05-02,0,0,0.1943573667711598,0.1527093596059113,0.2001791312136139,0.0040304523063143,2,1,2018,90,0.01361586017934366,0
Asset management,"Execution, delivery & process management",Process,"Beijing,Tianjin",2018-07,1,2700000.0,2700000.0,2700000.0,2700000.0,0,0.0,2018-07-01,1.0,300000.0,0.0,0.0,0.0,0.0,0.0,0.0,0.0,0.0,0.0,0.0,0.0,0.0,0.0,1.0,300000.0,0.0,1.0,300000.0,0.0,1.0,300000.0,0.0,2700000.0,14.80876270134486,2018-09-29,0,0,0.1943573667711598,0.1527093596059113,0.2001791312136139,0.0040304523063143,7,3,2018,90,0.03083491403826311,0
Asset management,"Execution, delivery & process management",Process,"Beijing,Tibet",2019-01,1,50000.0,50000.0,50000.0,50000.0,0,1.0,2019-01-01,0.0,0.0,0.0,0.0,0.0,0.0,0.0,0.0,0.0,0.0,0.0,0.0,0.0,0.0,0.0,0.0,0.0,0.0,0.0,0.0,0.0,0.0,0.0,0.0,50000.0,10.819798284210286,2019-04-01,0,0,0.1943573667711598,0.1527093596059113,0.2001791312136139,0.0013434841021047,1,1,2019,90,0.034394671245769885,0
Asset management,"Execution, delivery & process management",Process,"Beijing,Xinjiang",2019-07,1,128000.0,128000.0,128000.0,128000.0,0,1.0,2019-07-01,0.0,0.0,0.0,0.0,0.0,0.0,0.0,0.0,0.0,0.0,0.0,0.0,0.0,0.0,0.0,0.0,0.0,0.0,0.0,0.0,0.0,0.0,0.0,0.0,128000.0,11.759793355371237,2019-09-29,0,0,0.1943573667711598,0.1527093596059113,0.2001791312136139,0.0013434841021047,7,3,2019,90,0.009903121688625966,0
Asset management,"Execution, delivery & process management",Process,"Beijing,Yunnan",2018-04,1,300000.0,300000.0,300000.0,300000.0,0,1.0,2018-04-01,0.0,0.0,0.0,0.0,0.0,0.0,0.0,0.0,0.0,0.0,0.0,0.0,0.0,0.0,0.0,0.0,0.0,0.0,0.0,0.0,0.0,0.0,0.0,0.0,300000.0,12.611541086966117,2018-06-30,0,0,0.1943573667711598,0.1527093596059113,0.2001791312136139,0.0013434841021047,4,2,2018,90,0.011984654505584794,0
Asset management,"Execution, delivery & process management",Process,"Beijing,Yunnan",2018-07,1,450000.0,450000.0,450000.0,450000.0,0,1.0,2018-07-01,1.0,300000.0,0.0,0.0,0.0,0.0,0.0,0.0,0.0,0.0,0.0,0.0,0.0,0.0,0.0,1.0,300000.0,0.0,1.0,300000.0,0.0,1.0,300000.0,0.0,450000.0,13.017005083966255,2018-09-29,0,0,0.1943573667711598,0.1527093596059113,0.2001791312136139,0.0013434841021047,7,3,2018,90,0.013145284753147832,0
Asset management,"Execution, delivery & process management",Process,"Beijing,Zhejiang",2018-01,1,200000.0,200000.0,200000.0,200000.0,0,1.0,2018-01-01,0.0,0.0,0.0,0.0,0.0,0.0,0.0,0.0,0.0,0.0,0.0,0.0,0.0,0.0,0.0,0.0,0.0,0.0,0.0,0.0,0.0,0.0,0.0,0.0,200000.0,12.206077645517674,2018-04-01,0,0,0.1943573667711598,0.1527093596059113,0.2001791312136139,0.0076130765785938,1,1,2018,90,0.020442739943723427,0
Asset management,"Execution, delivery & process management",Process,"Beijing,Zhejiang",2018-10,1,3100000.0,3100000.0,3100000.0,3100000.0,0,1.0,2018-10-01,1.0,200000.0,0.0,0.0,0.0,0.0,0.0,0.0,0.0,0.0,0.0,0.0,0.0,0.0,0.0,1.0,200000.0,0.0,1.0,200000.0,0.0,1.0,200000.0,0.0,3100000.0,14.946912992035967,2018-12-30,0,0,0.1943573667711598,0.1527093596059113,0.2001791312136139,0.0076130765785938,10,4,2018,90,0.039928896481390405,0
Asset management,"Execution, delivery & process management",Process,Chongqing,2018-02,1,10000.0,10000.0,10000.0,10000.0,0,0.0,2018-02-01,0.0,0.0,0.0,0.0,0.0,0.0,0.0,0.0,0.0,0.0,0.0,0.0,0.0,0.0,0.0,0.0,0.0,0.0,0.0,0.0,0.0,0.0,0.0,0.0,10000.0,9.210440366976515,2018-05-02,0,0,0.1943573667711598,0.1527093596059113,0.2001791312136139,0.0232870577698163,2,1,2018,90,0.03374524296457924,0
Asset management,"Execution, delivery & process management",Process,Chongqing,2018-08,1,900000.0,900000.0,900000.0,900000.0,0,1.0,2018-08-01,1.0,10000.0,0.0,0.0,0.0,0.0,0.0,0.0,0.0,0.0,0.0,0.0,0.0,0.0,0.0,1.0,10000.0,0.0,1.0,10000.0,0.0,1.0,10000.0,0.0,900000.0,13.71015115341694,2018-10-30,0,0,0.1943573667711598,0.1527093596059113,0.2001791312136139,0.0232870577698163,8,3,2018,90,0.022224396481025508,0
Asset management,"Execution, delivery & process management",Process,Chongqing,2019-04,1,900000.0,900000.0,900000.0,900000.0,0,1.0,2019-04-01,1.0,900000.0,0.0,1.0,10000.0,0.0,0.0,0.0,0.0,0.0,0.0,0.0,0.0,0.0,0.0,2.0,910000.0,0.0,2.0,910000.0,0.0,2.0,910000.0,0.0,900000.0,13.71015115341694,2019-06-30,0,1,0.1943573667711598,0.1527093596059113,0.2001791312136139,0.0232870577698163,4,2,2019,90,0.07642591777115706,0
Asset management,"Execution, delivery & process management",Process,Chongqing,2019-06,1,500000.0,500000.0,500000.0,500000.0,0,1.0,2019-06-01,1.0,900000.0,0.0,1.0,900000.0,0.0,1.0,10000.0,0.0,0.0,0.0,0.0,0.0,0.0,0.0,3.0,1810000.0,0.0,3.0,1810000.0,0.0,3.0,1810000.0,0.0,500000.0,13.122365377402328,2019-08-30,0,0,0.1943573667711598,0.1527093596059113,0.2001791312136139,0.0232870577698163,6,2,2019,90,0.05817456002823318,0
Asset management,"Execution, delivery & process management",Process,Fujian,2017-11,1,20000.0,20000.0,20000.0,20000.0,0,0.0,2017-11-01,0.0,0.0,0.0,0.0,0.0,0.0,0.0,0.0,0.0,0.0,0.0,0.0,0.0,0.0,0.0,0.0,0.0,0.0,0.0,0.0,0.0,0.0,0.0,0.0,20000.0,9.90353755128617,2018-01-30,0,0,0.1943573667711598,0.1527093596059113,0.2001791312136139,0.0237348858038513,11,4,2017,90,0.01778496865625279,0
Asset management,"Execution, delivery & process management",Process,Guangdong,2006-04,1,515000.0,515000.0,515000.0,515000.0,0,0.0,2006-04-01,0.0,0.0,0.0,0.0,0.0,0.0,0.0,0.0,0.0,0.0,0.0,0.0,0.0,0.0,0.0,0.0,0.0,0.0,0.0,0.0,0.0,0.0,0.0,0.0,515000.0,13.15192412139156,2006-06-30,0,0,0.1943573667711598,0.1527093596059113,0.2001791312136139,0.044782803403493,4,2,2006,90,0.04255570643334613,0
Asset management,"Execution, delivery & process management",Process,Guangdong,2019-06,1,300000.0,300000.0,300000.0,300000.0,0,1.0,2019-06-01,1.0,515000.0,0.0,0.0,0.0,0.0,0.0,0.0,0.0,0.0,0.0,0.0,0.0,0.0,0.0,1.0,515000.0,0.0,1.0,515000.0,0.0,1.0,515000.0,0.0,300000.0,12.611541086966117,2019-08-30,0,0,0.1943573667711598,0.1527093596059113,0.2001791312136139,0.044782803403493,6,2,2019,90,0.011175938690268637,0
Asset management,"Execution, delivery & process management",Process,Guangxi,2017-07,1,200000.0,200000.0,200000.0,200000.0,0,1.0,2017-07-01,0.0,0.0,0.0,0.0,0.0,0.0,0.0,0.0,0.0,0.0,0.0,0.0,0.0,0.0,0.0,0.0,0.0,0.0,0.0,0.0,0.0,0.0,0.0,0.0,200000.0,12.206077645517674,2017-09-29,0,0,0.1943573667711598,0.1527093596059113,0.2001791312136139,0.0143304970891177,7,3,2017,90,0.009903121688625966,0
Asset management,"Execution, delivery & process management",Process,Guangxi,2018-08,2,232499.0,116249.5,116249.5,200000.0,0,1.0,2018-08-01,1.0,200000.0,0.0,0.0,0.0,0.0,0.0,0.0,0.0,0.0,0.0,0.0,0.0,0.0,0.0,1.0,200000.0,0.0,1.0,200000.0,0.0,1.0,200000.0,0.0,116249.5,12.356645504009547,2018-10-30,0,1,0.1943573667711598,0.1527093596059113,0.2001791312136139,0.0143304970891177,8,3,2018,90,0.009703852856480673,0
Asset management,"Execution, delivery & process management",Process,Guangxi,2018-09,1,450000.0,450000.0,450000.0,450000.0,0,0.0,2018-09-01,2.0,232499.0,0.0,1.0,200000.0,0.0,0.0,0.0,0.0,0.0,0.0,0.0,0.0,0.0,0.0,3.0,432499.0,0.0,3.0,432499.0,0.0,3.0,432499.0,0.0,450000.0,13.017005083966255,2018-11-30,0,0,0.1943573667711598,0.1527093596059113,0.2001791312136139,0.0143304970891177,9,3,2018,90,0.04039983636375251,0
Asset management,"Execution, delivery & process management",Process,"Guangxi,Chongqing",2019-01,1,500000.0,500000.0,500000.0,500000.0,0,1.0,2019-01-01,0.0,0.0,0.0,0.0,0.0,0.0,0.0,0.0,0.0,0.0,0.0,0.0,0.0,0.0,0.0,0.0,0.0,0.0,0.0,0.0,0.0,0.0,0.0,0.0,500000.0,13.122365377402328,2019-04-01,0,0,0.1943573667711598,0.1527093596059113,0.2001791312136139,0.0017913121361397,1,1,2019,90,0.019561309634371783,0
Asset management,"Execution, delivery & process management",Process,Guizhou,2017-08,1,400000.0,400000.0,400000.0,400000.0,0,1.0,2017-08-01,0.0,0.0,0.0,0.0,0.0,0.0,0.0,0.0,0.0,0.0,0.0,0.0,0.0,0.0,0.0,0.0,0.0,0.0,0.0,0.0,0.0,0.0,0.0,0.0,400000.0,12.899222326086994,2017-10-30,0,0,0.1943573667711598,0.1527093596059113,0.2001791312136139,0.0107478728168383,8,3,2017,90,0.01759226871937854,0
Asset management,"Execution, delivery & process management",Process,Hainan,2018-09,1,1600000.0,1600000.0,1600000.0,1600000.0,0,1.0,2018-09-01,0.0,0.0,0.0,0.0,0.0,0.0,0.0,0.0,0.0,0.0,0.0,0.0,0.0,0.0,0.0,0.0,0.0,0.0,0.0,0.0,0.0,0.0,0.0,0.0,1600000.0,14.285514812209817,2018-11-30,0,0,0.1943573667711598,0.1527093596059113,0.2001791312136139,0.0103000447828034,9,3,2018,90,0.03699167545037947,0
Asset management,"Execution, delivery & process management",Process,Hainan,2019-05,1,450000.0,450000.0,450000.0,450000.0,0,1.0,2019-05-01,1.0,1600000.0,0.0,0.0,0.0,0.0,0.0,0.0,0.0,0.0,0.0,0.0,0.0,0.0,0.0,1.0,1600000.0,0.0,1.0,1600000.0,0.0,1.0,1600000.0,0.0,450000.0,13.017005083966255,2019-07-30,0,0,0.1943573667711598,0.1527093596059113,0.2001791312136139,0.0103000447828034,5,2,2019,90,0.05141127539524186,0
Asset management,"Execution, delivery & process management",Process,Hebei,2018-10,1,1000000.0,1000000.0,1000000.0,1000000.0,0,1.0,2018-10-01,0.0,0.0,0.0,0.0,0.0,0.0,0.0,0.0,0.0,0.0,0.0,0.0,0.0,0.0,0.0,0.0,0.0,0.0,0.0,0.0,0.0,0.0,0.0,0.0,1000000.0,13.815511557963774,2018-12-30,0,0,0.1943573667711598,0.1527093596059113,0.2001791312136139,0.0111957008508732,10,4,2018,90,0.0638833382159957,0
Asset management,"Execution, delivery & process management",Process,Hebei,2019-04,3,4300000.0,1433333.3333333333,2000000.0,2200000.0,0,1.0,2019-04-01,1.0,1000000.0,0.0,0.0,0.0,0.0,0.0,0.0,0.0,0.0,0.0,0.0,0.0,0.0,0.0,1.0,1000000.0,0.0,1.0,1000000.0,0.0,1.0,1000000.0,0.0,1433333.3333333333,15.274125813221904,2019-06-30,0,0,0.1943573667711598,0.1527093596059113,0.2001791312136139,0.0111957008508732,4,2,2019,90,0.03530891622231291,0
Asset management,"Execution, delivery & process management",Process,"Hebei,Shanghai",2019-04,1,500000.0,500000.0,500000.0,500000.0,0,1.0,2019-04-01,0.0,0.0,0.0,0.0,0.0,0.0,0.0,0.0,0.0,0.0,0.0,0.0,0.0,0.0,0.0,0.0,0.0,0.0,0.0,0.0,0.0,0.0,0.0,0.0,500000.0,13.122365377402328,2019-06-30,0,0,0.1943573667711598,0.1527093596059113,0.2001791312136139,0.0004478280340349,4,2,2019,90,0.01802334496433164,0
Asset management,"Execution, delivery & process management",Process,"Hebei,Shanxi",2018-06,1,700000.0,700000.0,700000.0,700000.0,0,1.0,2018-06-01,0.0,0.0,0.0,0.0,0.0,0.0,0.0,0.0,0.0,0.0,0.0,0.0,0.0,0.0,0.0,0.0,0.0,0.0,0.0,0.0,0.0,0.0,0.0,0.0,700000.0,13.45883704259595,2018-08-30,0,0,0.1943573667711598,0.1527093596059113,0.2001791312136139,0.0004478280340349,6,2,2018,90,0.020161493953411307,0
Asset management,"Execution, delivery & process management",Process,Heilongjiang,2017-11,2,550000.0,275000.0,275000.0,350000.0,0,1.0,2017-11-01,0.0,0.0,0.0,0.0,0.0,0.0,0.0,0.0,0.0,0.0,0.0,0.0,0.0,0.0,0.0,0.0,0.0,0.0,0.0,0.0,0.0,0.0,0.0,0.0,275000.0,13.21767537538882,2018-01-30,0,0,0.1943573667711598,0.1527093596059113,0.2001791312136139,0.0228392297357814,11,4,2017,90,0.014836297400764371,0
Asset management,"Execution, delivery & process management",Process,Henan,2014-12,1,1800000.0,1800000.0,1800000.0,1800000.0,0,1.0,2014-12-01,0.0,0.0,0.0,0.0,0.0,0.0,0.0,0.0,0.0,0.0,0.0,0.0,0.0,0.0,0.0,0.0,0.0,0.0,0.0,0.0,0.0,0.0,0.0,0.0,1800000.0,14.403297778421797,2015-03-01,0,0,0.1943573667711598,0.1527093596059113,0.2001791312136139,0.0497089117778772,12,4,2014,90,0.014488616709109114,0
Asset management,"Execution, delivery & process management",Process,Henan,2018-08,2,580000.0,290000.0,290000.0,500000.0,0,1.5,2018-08-01,1.0,1800000.0,0.0,0.0,0.0,0.0,0.0,0.0,0.0,0.0,0.0,0.0,0.0,0.0,0.0,1.0,1800000.0,0.0,1.0,1800000.0,0.0,1.0,1800000.0,0.0,290000.0,13.270785106659046,2018-10-30,0,1,0.1943573667711598,0.1527093596059113,0.2001791312136139,0.0497089117778772,8,3,2018,90,0.012161038535473954,0
Asset management,"Execution, delivery & process management",Process,Henan,2018-09,1,2000000.0,2000000.0,2000000.0,2000000.0,0,2.0,2018-09-01,2.0,580000.0,0.0,1.0,1800000.0,0.0,0.0,0.0,0.0,0.0,0.0,0.0,0.0,0.0,0.0,3.0,2380000.0,0.0,3.0,2380000.0,0.0,3.0,2380000.0,0.0,2000000.0,14.508658238524095,2018-11-30,0,0,0.1943573667711598,0.1527093596059113,0.2001791312136139,0.0497089117778772,9,3,2018,90,0.13728100239132762,0
Asset management,"Execution, delivery & process management",Process,Henan,2018-12,2,600000.0,300000.0,300000.0,400000.0,0,1.0,2018-12-01,1.0,2000000.0,0.0,2.0,580000.0,0.0,1.0,1800000.0,0.0,0.0,0.0,0.0,0.0,0.0,0.0,4.0,4380000.0,0.0,4.0,4380000.0,0.0,4.0,4380000.0,0.0,300000.0,13.304686600863562,2019-03-01,0,1,0.1943573667711598,0.1527093596059113,0.2001791312136139,0.0497089117778772,12,4,2018,90,0.05993751844248018,0
Asset management,"Execution, delivery & process management",Process,Henan,2019-01,1,500000.0,500000.0,500000.0,500000.0,0,1.0,2019-01-01,2.0,600000.0,0.0,1.0,2000000.0,0.0,2.0,580000.0,0.0,0.0,0.0,0.0,0.0,0.0,0.0,5.0,3180000.0,0.0,6.0,4980000.0,0.0,6.0,4980000.0,0.0,500000.0,13.122365377402328,2019-04-01,0,1,0.1943573667711598,0.1527093596059113,0.2001791312136139,0.0497089117778772,1,1,2019,90,0.1411852919235512,0
Asset management,"Execution, delivery & process management",Process,Henan,2019-04,1,300000.0,300000.0,300000.0,300000.0,0,1.0,2019-04-01,1.0,500000.0,0.0,2.0,600000.0,0.0,1.0,2000000.0,0.0,0.0,0.0,0.0,0.0,0.0,0.0,4.0,3100000.0,0.0,7.0,5480000.0,0.0,7.0,5480000.0,0.0,300000.0,12.611541086966117,2019-06-30,0,0,0.1943573667711598,0.1527093596059113,0.2001791312136139,0.0497089117778772,4,2,2019,90,0.038093274287377694,0
Asset management,"Execution, delivery & process management",Process,Hubei,2017-12,2,700000.0,350000.0,350000.0,400000.0,0,1.0,2017-12-01,0.0,0.0,0.0,0.0,0.0,0.0,0.0,0.0,0.0,0.0,0.0,0.0,0.0,0.0,0.0,0.0,0.0,0.0,0.0,0.0,0.0,0.0,0.0,0.0,350000.0,13.45883704259595,2018-03-01,0,0,0.1943573667711598,0.1527093596059113,0.2001791312136139,0.0313479623824451,12,4,2017,90,0.024568367347976006,0
Asset management,"Execution, delivery & process management",Process,Hubei,2019-05,1,50000.0,50000.0,50000.0,50000.0,0,1.0,2019-05-01,2.0,700000.0,0.0,0.0,0.0,0.0,0.0,0.0,0.0,0.0,0.0,0.0,0.0,0.0,0.0,2.0,700000.0,0.0,2.0,700000.0,0.0,2.0,700000.0,0.0,50000.0,10.819798284210286,2019-07-30,0,1,0.1943573667711598,0.1527093596059113,0.2001791312136139,0.0313479623824451,5,2,2019,90,0.010695231574105239,0
Asset management,"Execution, delivery & process management",Process,Hubei,2019-06,3,1000000.0,333333.3333333333,200000.0,600000.0,0,0.6666666666666666,2019-06-01,1.0,50000.0,0.0,2.0,700000.0,0.0,0.0,0.0,0.0,0.0,0.0,0.0,0.0,0.0,0.0,3.0,750000.0,0.0,3.0,750000.0,0.0,3.0,750000.0,0.0,333333.3333333333,13.815511557963774,2019-08-30,0,0,0.1943573667711598,0.1527093596059113,0.2001791312136139,0.0313479623824451,6,2,2019,90,0.08941360132925649,0
Asset management,"Execution, delivery & process management",Process,"Inner mongolia,Inner mongolia",2017-11,1,5000.0,5000.0,5000.0,5000.0,0,0.0,2017-11-01,0.0,0.0,0.0,0.0,0.0,0.0,0.0,0.0,0.0,0.0,0.0,0.0,0.0,0.0,0.0,0.0,0.0,0.0,0.0,0.0,0.0,0.0,0.0,0.0,5000.0,8.517393171418904,2018-01-30,0,0,0.1943573667711598,0.1527093596059113,0.2001791312136139,0.0071652485445588,11,4,2017,90,0.02534861687968438,0
Asset management,"Execution, delivery & process management",Process,"Inner mongolia,Inner mongolia",2018-08,1,200000.0,200000.0,200000.0,200000.0,0,1.0,2018-08-01,1.0,5000.0,0.0,0.0,0.0,0.0,0.0,0.0,0.0,0.0,0.0,0.0,0.0,0.0,0.0,1.0,5000.0,0.0,1.0,5000.0,0.0,1.0,5000.0,0.0,200000.0,12.206077645517674,2018-10-30,0,0,0.1943573667711598,0.1527093596059113,0.2001791312136139,0.0071652485445588,8,3,2018,90,0.008383384285607809,0
Asset management,"Execution, delivery & process management",Process,"Inner mongolia,Inner mongolia",2019-03,1,500000.0,500000.0,500000.0,500000.0,0,1.0,2019-03-01,1.0,200000.0,0.0,1.0,5000.0,0.0,0.0,0.0,0.0,0.0,0.0,0.0,0.0,0.0,0.0,2.0,205000.0,0.0,2.0,205000.0,0.0,2.0,205000.0,0.0,500000.0,13.122365377402328,2019-05-30,0,0,0.1943573667711598,0.1527093596059113,0.2001791312136139,0.0071652485445588,3,1,2019,90,0.07211321579262969,0
Asset management,"Execution, delivery & process management",Process,Jiangsu,2016-10,1,300000.0,300000.0,300000.0,300000.0,0,2.0,2016-10-01,0.0,0.0,0.0,0.0,0.0,0.0,0.0,0.0,0.0,0.0,0.0,0.0,0.0,0.0,0.0,0.0,0.0,0.0,0.0,0.0,0.0,0.0,0.0,0.0,300000.0,12.611541086966117,2016-12-30,0,0,0.1943573667711598,0.1527093596059113,0.2001791312136139,0.032243618450515,10,4,2016,90,0.00888530043954474,0
Asset management,"Execution, delivery & process management",Process,Jiangsu,2017-11,1,300000.0,300000.0,300000.0,300000.0,0,1.0,2017-11-01,1.0,300000.0,0.0,0.0,0.0,0.0,0.0,0.0,0.0,0.0,0.0,0.0,0.0,0.0,0.0,1.0,300000.0,0.0,1.0,300000.0,0.0,1.0,300000.0,0.0,300000.0,12.611541086966117,2018-01-30,0,0,0.1943573667711598,0.1527093596059113,0.2001791312136139,0.032243618450515,11,4,2017,90,0.009852703173508988,0
Asset management,"Execution, delivery & process management",Process,Jilin,2017-09,1,150000.0,150000.0,150000.0,150000.0,0,1.0,2017-09-01,0.0,0.0,0.0,0.0,0.0,0.0,0.0,0.0,0.0,0.0,0.0,0.0,0.0,0.0,0.0,0.0,0.0,0.0,0.0,0.0,0.0,0.0,0.0,0.0,150000.0,11.918397239722838,2017-11-30,0,0,0.1943573667711598,0.1527093596059113,0.2001791312136139,0.0197044334975369,9,3,2017,90,0.024604583212659938,0
Asset management,"Execution, delivery & process management",Process,Jilin,2018-07,2,400000.0,200000.0,200000.0,200000.0,0,1.5,2018-07-01,1.0,150000.0,0.0,0.0,0.0,0.0,0.0,0.0,0.0,0.0,0.0,0.0,0.0,0.0,0.0,1.0,150000.0,0.0,1.0,150000.0,0.0,1.0,150000.0,0.0,200000.0,12.899222326086994,2018-09-29,0,0,0.1943573667711598,0.1527093596059113,0.2001791312136139,0.0197044334975369,7,3,2018,90,0.017922281352323686,0
Asset management,"Execution, delivery & process management",Process,Ningxia,2019-10,1,500000.0,500000.0,500000.0,500000.0,0,1.0,2019-10-01,0.0,0.0,0.0,0.0,0.0,0.0,0.0,0.0,0.0,0.0,0.0,0.0,0.0,0.0,0.0,0.0,0.0,0.0,0.0,0.0,0.0,0.0,0.0,0.0,500000.0,13.122365377402328,2019-12-30,0,0,0.1943573667711598,0.1527093596059113,0.2001791312136139,0.0031347962382445,10,4,2019,90,0.013594400611752053,0
Asset management,"Execution, delivery & process management",Process,Qinghai,2017-08,1,60000000.0,60000000.0,60000000.0,60000000.0,1,3.0,2017-08-01,0.0,0.0,0.0,0.0,0.0,0.0,0.0,0.0,0.0,0.0,0.0,0.0,0.0,0.0,0.0,0.0,0.0,0.0,0.0,0.0,0.0,0.0,0.0,0.0,60000000.0,17.909855136853043,2017-10-30,0,0,0.1943573667711598,0.1527093596059113,0.2001791312136139,0.0049261083743842,8,3,2017,90,0.03167787093024931,0
Asset management,"Execution, delivery & process management",Process,Qinghai,2019-08,1,800000.0,800000.0,800000.0,800000.0,0,1.0,2019-08-01,1.0,60000000.0,1.0,0.0,0.0,0.0,0.0,0.0,0.0,0.0,0.0,0.0,0.0,0.0,0.0,1.0,60000000.0,1.0,1.0,60000000.0,1.0,1.0,60000000.0,1.0,800000.0,13.592368256649284,2019-10-30,0,0,0.1943573667711598,0.1527093596059113,0.2001791312136139,0.0049261083743842,8,3,2019,90,0.06958527368842833,0
Asset management,"Execution, delivery & process management",Process,Shaanxi,2016-10,1,200000.0,200000.0,200000.0,200000.0,0,1.0,2016-10-01,0.0,0.0,0.0,0.0,0.0,0.0,0.0,0.0,0.0,0.0,0.0,0.0,0.0,0.0,0.0,0.0,0.0,0.0,0.0,0.0,0.0,0.0,0.0,0.0,200000.0,12.206077645517674,2016-12-30,0,0,0.1943573667711598,0.1527093596059113,0.2001791312136139,0.0237348858038513,10,4,2016,90,0.01049256808454823,0
Asset management,"Execution, delivery & process management",Process,Shaanxi,2019-04,1,30000.0,30000.0,30000.0,30000.0,0,1.0,2019-04-01,1.0,200000.0,0.0,0.0,0.0,0.0,0.0,0.0,0.0,0.0,0.0,0.0,0.0,0.0,0.0,1.0,200000.0,0.0,1.0,200000.0,0.0,1.0,200000.0,0.0,30000.0,10.308985993422082,2019-06-30,0,0,0.1943573667711598,0.1527093596059113,0.2001791312136139,0.0237348858038513,4,2,2019,90,0.012757223768333398,0
Asset management,"Execution, delivery & process management",Process,Shandong,2005-12,1,3500000.0,3500000.0,3500000.0,3500000.0,0,1.0,2005-12-01,0.0,0.0,0.0,0.0,0.0,0.0,0.0,0.0,0.0,0.0,0.0,0.0,0.0,0.0,0.0,0.0,0.0,0.0,0.0,0.0,0.0,0.0,0.0,0.0,3500000.0,15.068273812173889,2006-03-01,0,0,0.1943573667711598,0.1527093596059113,0.2001791312136139,0.0501567398119122,12,4,2005,90,0.01844737322236754,0
Asset management,"Execution, delivery & process management",Process,Shandong,2017-08,2,550000.0,275000.0,275000.0,350000.0,0,1.0,2017-08-01,1.0,3500000.0,0.0,0.0,0.0,0.0,0.0,0.0,0.0,0.0,0.0,0.0,0.0,0.0,0.0,1.0,3500000.0,0.0,1.0,3500000.0,0.0,1.0,3500000.0,0.0,275000.0,13.21767537538882,2017-10-30,0,0,0.1943573667711598,0.1527093596059113,0.2001791312136139,0.0501567398119122,8,3,2017,90,0.012161038535473954,0
Asset management,"Execution, delivery & process management",Process,Shandong,2018-05,1,10817.000000000002,10817.000000000002,10817.000000000002,10817.000000000002,0,1.0,2018-05-01,2.0,550000.0,0.0,1.0,3500000.0,0.0,0.0,0.0,0.0,0.0,0.0,0.0,0.0,0.0,0.0,3.0,4050000.0,0.0,3.0,4050000.0,0.0,3.0,4050000.0,0.0,10817.000000000002,9.288966692431371,2018-07-30,0,0,0.1943573667711598,0.1527093596059113,0.2001791312136139,0.0501567398119122,5,2,2018,90,0.03312578466700696,0
Asset management,"Execution, delivery & process management",Process,Shandong,2019-03,2,1050000.0,525000.0,525000.0,550000.0,0,1.0,2019-03-01,1.0,10817.000000000002,0.0,2.0,550000.0,0.0,1.0,3500000.0,0.0,0.0,0.0,0.0,0.0,0.0,0.0,4.0,4060817.0,0.0,4.0,4060817.0,0.0,4.0,4060817.0,0.0,525000.0,13.864301674514206,2019-05-30,0,1,0.1943573667711598,0.1527093596059113,0.2001791312136139,0.0501567398119122,3,1,2019,90,0.13198924134148457,0
Asset management,"Execution, delivery & process management",Process,Shandong,2019-05,1,1850000.0,1850000.0,1850000.0,1850000.0,0,1.0,2019-05-01,2.0,1050000.0,0.0,1.0,10817.000000000002,0.0,2.0,550000.0,0.0,0.0,0.0,0.0,0.0,0.0,0.0,5.0,1610817.0,0.0,6.0,5110817.0,0.0,6.0,5110817.0,0.0,1850000.0,14.430696737594902,2019-07-30,0,0,0.1943573667711598,0.1527093596059113,0.2001791312136139,0.0501567398119122,5,2,2019,90,0.12780418661859583,0
Asset management,"Execution, delivery & process management",Process,Shanghai,2016-04,1,300000.0,300000.0,300000.0,300000.0,0,1.0,2016-04-01,0.0,0.0,0.0,0.0,0.0,0.0,0.0,0.0,0.0,0.0,0.0,0.0,0.0,0.0,0.0,0.0,0.0,0.0,0.0,0.0,0.0,0.0,0.0,0.0,300000.0,12.611541086966117,2016-06-30,0,0,0.1943573667711598,0.1527093596059113,0.2001791312136139,0.0452306314375279,4,2,2016,90,0.02191043976737262,0
Asset management,"Execution, delivery & process management",Process,Shanghai,2016-12,1,2000000.0,2000000.0,2000000.0,2000000.0,0,1.0,2016-12-01,1.0,300000.0,0.0,0.0,0.0,0.0,0.0,0.0,0.0,0.0,0.0,0.0,0.0,0.0,0.0,1.0,300000.0,0.0,1.0,300000.0,0.0,1.0,300000.0,0.0,2000000.0,14.508658238524095,2017-03-01,0,0,0.1943573667711598,0.1527093596059113,0.2001791312136139,0.0452306314375279,12,4,2016,90,0.019007586746732873,0
Asset management,"Execution, delivery & process management",Process,Shanghai,2019-05,1,500000.0,500000.0,500000.0,500000.0,0,1.0,2019-05-01,1.0,2000000.0,0.0,1.0,300000.0,0.0,0.0,0.0,0.0,0.0,0.0,0.0,0.0,0.0,0.0,2.0,2300000.0,0.0,2.0,2300000.0,0.0,2.0,2300000.0,0.0,500000.0,13.122365377402328,2019-07-30,0,1,0.1943573667711598,0.1527093596059113,0.2001791312136139,0.0452306314375279,5,2,2019,90,0.06156244792513269,0
Asset management,"Execution, delivery & process management",Process,Shanghai,2019-07,1,150000.0,150000.0,150000.0,150000.0,0,1.0,2019-07-01,1.0,500000.0,0.0,1.0,2000000.0,0.0,1.0,300000.0,0.0,0.0,0.0,0.0,0.0,0.0,0.0,3.0,2800000.0,0.0,3.0,2800000.0,0.0,3.0,2800000.0,0.0,150000.0,11.918397239722838,2019-09-29,0,0,0.1943573667711598,0.1527093596059113,0.2001791312136139,0.0452306314375279,7,3,2019,90,0.02306131804709909,0
Asset management,"Execution, delivery & process management",Process,"Shanghai,Anhui",2018-10,1,100000.0,100000.0,100000.0,100000.0,0,1.0,2018-10-01,0.0,0.0,0.0,0.0,0.0,0.0,0.0,0.0,0.0,0.0,0.0,0.0,0.0,0.0,0.0,0.0,0.0,0.0,0.0,0.0,0.0,0.0,0.0,0.0,100000.0,11.51293546492023,2018-12-30,0,0,0.1943573667711598,0.1527093596059113,0.2001791312136139,0.0017913121361397,10,4,2018,90,0.01795063067930673,0
Asset management,"Execution, delivery & process management",Process,"Shanghai,Chongqing",2018-03,1,50000.0,50000.0,50000.0,50000.0,0,1.0,2018-03-01,0.0,0.0,0.0,0.0,0.0,0.0,0.0,0.0,0.0,0.0,0.0,0.0,0.0,0.0,0.0,0.0,0.0,0.0,0.0,0.0,0.0,0.0,0.0,0.0,50000.0,10.819798284210286,2018-05-30,0,0,0.1943573667711598,0.1527093596059113,0.2001791312136139,0.0013434841021047,3,1,2018,90,0.015351426473848644,0
Asset management,"Execution, delivery & process management",Process,"Shanghai,Qinghai",2019-08,2,600000.0,300000.0,300000.0,300000.0,0,1.0,2019-08-01,0.0,0.0,0.0,0.0,0.0,0.0,0.0,0.0,0.0,0.0,0.0,0.0,0.0,0.0,0.0,0.0,0.0,0.0,0.0,0.0,0.0,0.0,0.0,0.0,300000.0,13.304686600863562,2019-10-30,0,0,0.1943573667711598,0.1527093596059113,0.2001791312136139,0.0008956560680698,8,3,2019,90,0.014378158691481785,0
Asset management,"Execution, delivery & process management",Process,"Shanghai,Yunnan",2019-08,1,1300000.0,1300000.0,1300000.0,1300000.0,0,8.0,2019-08-01,0.0,0.0,0.0,0.0,0.0,0.0,0.0,0.0,0.0,0.0,0.0,0.0,0.0,0.0,0.0,0.0,0.0,0.0,0.0,0.0,0.0,0.0,0.0,0.0,1300000.0,14.077875591662238,2019-10-30,0,0,0.1943573667711598,0.1527093596059113,0.2001791312136139,0.0004478280340349,8,3,2019,90,0.02048894309660014,0
Asset management,"Execution, delivery & process management",Process,Shanxi,2018-06,1,14000.0,14000.0,14000.0,14000.0,0,1.0,2018-06-01,0.0,0.0,0.0,0.0,0.0,0.0,0.0,0.0,0.0,0.0,0.0,0.0,0.0,0.0,0.0,0.0,0.0,0.0,0.0,0.0,0.0,0.0,0.0,0.0,14000.0,9.546884034617923,2018-08-30,0,0,0.1943573667711598,0.1527093596059113,0.2001791312136139,0.0214957456336766,6,2,2018,90,0.015157419341516128,0
Asset management,"Execution, delivery & process management",Process,Shanxi,2018-10,1,200000.0,200000.0,200000.0,200000.0,0,1.0,2018-10-01,1.0,14000.0,0.0,0.0,0.0,0.0,0.0,0.0,0.0,0.0,0.0,0.0,0.0,0.0,0.0,1.0,14000.0,0.0,1.0,14000.0,0.0,1.0,14000.0,0.0,200000.0,12.206077645517674,2018-12-30,0,0,0.1943573667711598,0.1527093596059113,0.2001791312136139,0.0214957456336766,10,4,2018,90,0.010008866717566105,0
Asset management,"Execution, delivery & process management",Process,Shanxi,2019-07,1,200000.0,200000.0,200000.0,200000.0,0,1.0,2019-07-01,1.0,200000.0,0.0,1.0,14000.0,0.0,0.0,0.0,0.0,0.0,0.0,0.0,0.0,0.0,0.0,2.0,214000.0,0.0,2.0,214000.0,0.0,2.0,214000.0,0.0,200000.0,12.206077645517674,2019-09-29,0,0,0.1943573667711598,0.1527093596059113,0.2001791312136139,0.0214957456336766,7,3,2019,90,0.03999665224006534,0
Asset management,"Execution, delivery & process management",Process,Sichuan,2019-02,1,480000.0,480000.0,480000.0,480000.0,0,1.0,2019-02-01,0.0,0.0,0.0,0.0,0.0,0.0,0.0,0.0,0.0,0.0,0.0,0.0,0.0,0.0,0.0,0.0,0.0,0.0,0.0,0.0,0.0,0.0,0.0,0.0,480000.0,13.081543466215235,2019-05-02,0,0,0.1943573667711598,0.1527093596059113,0.2001791312136139,0.0273175100761307,2,1,2019,90,0.025178478889905823,0
Asset management,"Execution, delivery & process management",Process,Tianjin,2019-03,1,500000.0,500000.0,500000.0,500000.0,0,1.0,2019-03-01,0.0,0.0,0.0,0.0,0.0,0.0,0.0,0.0,0.0,0.0,0.0,0.0,0.0,0.0,0.0,0.0,0.0,0.0,0.0,0.0,0.0,0.0,0.0,0.0,500000.0,13.122365377402328,2019-05-30,0,0,0.1943573667711598,0.1527093596059113,0.2001791312136139,0.0116435288849081,3,1,2019,90,0.016983743056805202,0
Asset management,"Execution, delivery & process management",Process,"Tianjin,Henan,Macao",2018-09,1,260000.0,260000.0,260000.0,260000.0,0,1.0,2018-09-01,0.0,0.0,0.0,0.0,0.0,0.0,0.0,0.0,0.0,0.0,0.0,0.0,0.0,0.0,0.0,0.0,0.0,0.0,0.0,0.0,0.0,0.0,0.0,0.0,260000.0,12.468440756144114,2018-11-30,0,0,0.1943573667711598,0.1527093596059113,0.2001791312136139,0.0004478280340349,9,3,2018,90,0.010448791914011496,0
Asset management,"Execution, delivery & process management",Process,"Tianjin,Shandong",2019-03,1,550000.0,550000.0,550000.0,550000.0,0,1.0,2019-03-01,0.0,0.0,0.0,0.0,0.0,0.0,0.0,0.0,0.0,0.0,0.0,0.0,0.0,0.0,0.0,0.0,0.0,0.0,0.0,0.0,0.0,0.0,0.0,0.0,550000.0,13.21767537538882,2019-05-30,0,0,0.1943573667711598,0.1527093596059113,0.2001791312136139,0.0004478280340349,3,1,2019,90,0.015130263203325353,0
Asset management,"Execution, delivery & process management",Process,Xinjiang,2017-11,2,900000.0,450000.0,450000.0,600000.0,0,1.0,2017-11-01,0.0,0.0,0.0,0.0,0.0,0.0,0.0,0.0,0.0,0.0,0.0,0.0,0.0,0.0,0.0,0.0,0.0,0.0,0.0,0.0,0.0,0.0,0.0,0.0,450000.0,13.71015115341694,2018-01-30,0,0,0.1943573667711598,0.1527093596059113,0.2001791312136139,0.005821764442454,11,4,2017,90,0.010899662517575988,0
Asset management,"Execution, delivery & process management",Process,Xinjiang,2018-11,2,500000.0,250000.0,250000.0,300000.0,0,2.0,2018-11-01,2.0,900000.0,0.0,0.0,0.0,0.0,0.0,0.0,0.0,0.0,0.0,0.0,0.0,0.0,0.0,2.0,900000.0,0.0,2.0,900000.0,0.0,2.0,900000.0,0.0,250000.0,13.122365377402328,2019-01-30,0,0,0.1943573667711598,0.1527093596059113,0.2001791312136139,0.005821764442454,11,4,2018,90,0.01908376657127541,0
Asset management,"Execution, delivery & process management",Process,Yunnan,2018-07,1,450000.0,450000.0,450000.0,450000.0,0,1.0,2018-07-01,0.0,0.0,0.0,0.0,0.0,0.0,0.0,0.0,0.0,0.0,0.0,0.0,0.0,0.0,0.0,0.0,0.0,0.0,0.0,0.0,0.0,0.0,0.0,0.0,450000.0,13.017005083966255,2018-09-29,0,0,0.1943573667711598,0.1527093596059113,0.2001791312136139,0.0134348410210479,7,3,2018,90,0.013961514943322862,0
Asset management,"Execution, delivery & process management",Process,Zhejiang,2017-08,1,200000.0,200000.0,200000.0,200000.0,0,1.0,2017-08-01,0.0,0.0,0.0,0.0,0.0,0.0,0.0,0.0,0.0,0.0,0.0,0.0,0.0,0.0,0.0,0.0,0.0,0.0,0.0,0.0,0.0,0.0,0.0,0.0,200000.0,12.206077645517674,2017-10-30,0,0,0.1943573667711598,0.1527093596059113,0.2001791312136139,0.0523958799820868,8,3,2017,90,0.009903121688625966,0
Asset management,"Execution, delivery & process management",Process,Zhejiang,2018-03,1,210000.0,210000.0,210000.0,210000.0,0,1.0,2018-03-01,1.0,200000.0,0.0,0.0,0.0,0.0,0.0,0.0,0.0,0.0,0.0,0.0,0.0,0.0,0.0,1.0,200000.0,0.0,1.0,200000.0,0.0,1.0,200000.0,0.0,210000.0,12.25486757159303,2018-05-30,0,0,0.1943573667711598,0.1527093596059113,0.2001791312136139,0.0523958799820868,3,1,2018,90,0.013792530344596135,0
Asset management,"Execution, delivery & process management",Process,Zhejiang,2018-09,1,350000.0,350000.0,350000.0,350000.0,0,1.0,2018-09-01,1.0,210000.0,0.0,1.0,200000.0,0.0,0.0,0.0,0.0,0.0,0.0,0.0,0.0,0.0,0.0,2.0,410000.0,0.0,2.0,410000.0,0.0,2.0,410000.0,0.0,350000.0,12.765691290604371,2018-11-30,0,0,0.1943573667711598,0.1527093596059113,0.2001791312136139,0.0523958799820868,9,3,2018,90,0.030824678043719366,0
Asset management,"Execution, delivery & process management",Process,Zhejiang,2018-12,2,550000.0,275000.0,275000.0,300000.0,0,1.5,2018-12-01,1.0,350000.0,0.0,1.0,210000.0,0.0,1.0,200000.0,0.0,0.0,0.0,0.0,0.0,0.0,0.0,3.0,760000.0,0.0,3.0,760000.0,0.0,3.0,760000.0,0.0,275000.0,13.21767537538882,2019-03-01,0,0,0.1943573667711598,0.1527093596059113,0.2001791312136139,0.0523958799820868,12,4,2018,90,0.03184849952619523,0
Asset management,External fraud,External event,"Beijing,Henan,Yunnan",1999-12,1,2080000.0,2080000.0,2080000.0,2080000.0,0,0.0,1999-12-01,0.0,0.0,0.0,0.0,0.0,0.0,0.0,0.0,0.0,0.0,0.0,0.0,0.0,0.0,0.0,0.0,0.0,0.0,0.0,0.0,0.0,0.0,0.0,0.0,2080000.0,14.547878932446617,2000-02-29,0,0,0.1943573667711598,0.303179579041648,0.322884012539185,0.0004478280340349,12,4,1999,90,0.07401896249250112,0
Asset management,External fraud,External event,Gansu,2011-06,1,53000.0,53000.0,53000.0,53000.0,0,0.0,2011-06-01,0.0,0.0,0.0,0.0,0.0,0.0,0.0,0.0,0.0,0.0,0.0,0.0,0.0,0.0,0.0,0.0,0.0,0.0,0.0,0.0,0.0,0.0,0.0,0.0,53000.0,10.87806606028079,2011-08-30,0,0,0.1943573667711598,0.303179579041648,0.322884012539185,0.0076130765785938,6,2,2011,90,0.0753741035730736,0
Asset management,External fraud,External event,Heilongjiang,2011-08,1,30000.0,30000.0,30000.0,30000.0,0,0.0,2011-08-01,0.0,0.0,0.0,0.0,0.0,0.0,0.0,0.0,0.0,0.0,0.0,0.0,0.0,0.0,0.0,0.0,0.0,0.0,0.0,0.0,0.0,0.0,0.0,0.0,30000.0,10.308985993422082,2011-10-30,0,0,0.1943573667711598,0.303179579041648,0.322884012539185,0.0228392297357814,8,3,2011,90,0.06369302960040442,0
Asset management,External fraud,External event,Hubei,2018-10,1,535600.0,535600.0,535600.0,535600.0,0,1.0,2018-10-01,0.0,0.0,0.0,0.0,0.0,0.0,0.0,0.0,0.0,0.0,0.0,0.0,0.0,0.0,0.0,0.0,0.0,0.0,0.0,0.0,0.0,0.0,0.0,0.0,535600.0,13.191144759862386,2018-12-30,0,0,0.1943573667711598,0.303179579041648,0.322884012539185,0.0313479623824451,10,4,2018,90,0.028653030967088284,0
Asset management,External fraud,External event,Hunan,2015-10,1,4000000.0,4000000.0,4000000.0,4000000.0,0,0.0,2015-10-01,0.0,0.0,0.0,0.0,0.0,0.0,0.0,0.0,0.0,0.0,0.0,0.0,0.0,0.0,0.0,0.0,0.0,0.0,0.0,0.0,0.0,0.0,0.0,0.0,4000000.0,15.201805169084134,2015-12-30,0,0,0.1943573667711598,0.303179579041648,0.322884012539185,0.0277653381101656,10,4,2015,90,0.04042880613762962,0
Asset management,External fraud,External event,Jiangsu,2011-01,1,590000.0,590000.0,590000.0,590000.0,0,0.0,2011-01-01,0.0,0.0,0.0,0.0,0.0,0.0,0.0,0.0,0.0,0.0,0.0,0.0,0.0,0.0,0.0,0.0,0.0,0.0,0.0,0.0,0.0,0.0,0.0,0.0,590000.0,13.28787951079572,2011-04-01,0,0,0.1943573667711598,0.303179579041648,0.322884012539185,0.032243618450515,1,1,2011,90,0.07179825755302727,0
Asset management,External fraud,External event,Liaoning,2002-07,1,800000000.0,800000000.0,800000000.0,800000000.0,1,1.0,2002-07-01,0.0,0.0,0.0,0.0,0.0,0.0,0.0,0.0,0.0,0.0,0.0,0.0,0.0,0.0,0.0,0.0,0.0,0.0,0.0,0.0,0.0,0.0,0.0,0.0,800000000.0,20.500122286882203,2002-09-29,0,0,0.1943573667711598,0.303179579041648,0.322884012539185,0.0291088222122704,7,3,2002,90,0.04731552580882121,0
Asset management,External fraud,External event,Shanxi,2011-06,1,360200.00000000006,360200.00000000006,360200.00000000006,360200.00000000006,0,1.0,2011-06-01,0.0,0.0,0.0,0.0,0.0,0.0,0.0,0.0,0.0,0.0,0.0,0.0,0.0,0.0,0.0,0.0,0.0,0.0,0.0,0.0,0.0,0.0,0.0,0.0,360200.00000000006,12.794417487955563,2011-08-30,0,0,0.1943573667711598,0.303179579041648,0.322884012539185,0.0214957456336766,6,2,2011,90,0.08401435282033243,0
Asset management,External fraud,External event,Tianjin,2007-08,1,100000.0,100000.0,100000.0,100000.0,0,0.0,2007-08-01,0.0,0.0,0.0,0.0,0.0,0.0,0.0,0.0,0.0,0.0,0.0,0.0,0.0,0.0,0.0,0.0,0.0,0.0,0.0,0.0,0.0,0.0,0.0,0.0,100000.0,11.51293546492023,2007-10-30,0,0,0.1943573667711598,0.303179579041648,0.322884012539185,0.0116435288849081,8,3,2007,90,0.08026925588737538,0
Asset management,Internal fraud,External event,"Beijing,Tianjin,Hebei",2016-07,1,26000000.0,26000000.0,26000000.0,26000000.0,1,1.0,2016-07-01,0.0,0.0,0.0,0.0,0.0,0.0,0.0,0.0,0.0,0.0,0.0,0.0,0.0,0.0,0.0,0.0,0.0,0.0,0.0,0.0,0.0,0.0,0.0,0.0,26000000.0,17.073607134447293,2016-09-29,0,0,0.1943573667711598,0.380653828929691,0.322884012539185,0.0004478280340349,7,3,2016,90,0.04640319637693745,0
Asset management,Internal fraud,External event,Liaoning,2016-09,1,350000.0,350000.0,350000.0,350000.0,0,1.0,2016-09-01,0.0,0.0,0.0,0.0,0.0,0.0,0.0,0.0,0.0,0.0,0.0,0.0,0.0,0.0,0.0,0.0,0.0,0.0,0.0,0.0,0.0,0.0,0.0,0.0,350000.0,12.765691290604371,2016-11-30,0,0,0.1943573667711598,0.380653828929691,0.322884012539185,0.0291088222122704,9,3,2016,90,0.05316887160048824,0
Asset management,Internal fraud,External event,Shanghai,2013-12,1,45050000.0,45050000.0,45050000.0,45050000.0,1,0.0,2013-12-01,0.0,0.0,0.0,0.0,0.0,0.0,0.0,0.0,0.0,0.0,0.0,0.0,0.0,0.0,0.0,0.0,0.0,0.0,0.0,0.0,0.0,0.0,0.0,0.0,45050000.0,17.62328356421618,2014-03-01,0,0,0.1943573667711598,0.380653828929691,0.322884012539185,0.0452306314375279,12,4,2013,90,0.07927313066794277,0
Asset management,Internal fraud,External event,"Zhejiang,Guangdong",2010-05,1,19000000.0,19000000.0,19000000.0,19000000.0,1,2.0,2010-05-01,0.0,0.0,0.0,0.0,0.0,0.0,0.0,0.0,0.0,0.0,0.0,0.0,0.0,0.0,0.0,0.0,0.0,0.0,0.0,0.0,0.0,0.0,0.0,0.0,19000000.0,16.759949589762293,2010-07-30,0,0,0.1943573667711598,0.380653828929691,0.322884012539185,0.0008956560680698,5,2,2010,90,0.048285826876681134,0
Asset management,Internal fraud,People,Anhui,2013-09,1,3103300.0,3103300.0,3103300.0,3103300.0,0,0.0,2013-09-01,0.0,0.0,0.0,0.0,0.0,0.0,0.0,0.0,0.0,0.0,0.0,0.0,0.0,0.0,0.0,0.0,0.0,0.0,0.0,0.0,0.0,0.0,0.0,0.0,3103300.0,14.94797694162646,2013-11-30,0,0,0.1943573667711598,0.380653828929691,0.4594715629198387,0.0250783699059561,9,3,2013,90,0.04290370660662103,0
Asset management,Internal fraud,People,Anhui,2017-10,1,115000.0,115000.0,115000.0,115000.0,0,1.0,2017-10-01,1.0,3103300.0,0.0,0.0,0.0,0.0,0.0,0.0,0.0,0.0,0.0,0.0,0.0,0.0,0.0,1.0,3103300.0,0.0,1.0,3103300.0,0.0,1.0,3103300.0,0.0,115000.0,11.652696102959752,2017-12-30,0,0,0.1943573667711598,0.380653828929691,0.4594715629198387,0.0250783699059561,10,4,2017,90,0.014487607822954735,0
Asset management,Internal fraud,People,Anhui,2018-05,1,750000.0,750000.0,750000.0,750000.0,0,1.0,2018-05-01,1.0,115000.0,0.0,1.0,3103300.0,0.0,0.0,0.0,0.0,0.0,0.0,0.0,0.0,0.0,0.0,2.0,3218300.0,0.0,2.0,3218300.0,0.0,2.0,3218300.0,0.0,750000.0,13.527829818844936,2018-07-30,0,0,0.1943573667711598,0.380653828929691,0.4594715629198387,0.0250783699059561,5,2,2018,90,0.06457151668987957,0
Asset management,Internal fraud,People,Anhui,2018-08,1,200000.0,200000.0,200000.0,200000.0,0,1.0,2018-08-01,1.0,750000.0,0.0,1.0,115000.0,0.0,1.0,3103300.0,0.0,0.0,0.0,0.0,0.0,0.0,0.0,3.0,3968300.0,0.0,3.0,3968300.0,0.0,3.0,3968300.0,0.0,200000.0,12.206077645517674,2018-10-30,0,0,0.1943573667711598,0.380653828929691,0.4594715629198387,0.0250783699059561,8,3,2018,90,0.03123067468115561,0
Asset management,Internal fraud,People,Anhui,2018-12,1,95798.0,95798.0,95798.0,95798.0,0,1.0,2018-12-01,1.0,200000.0,0.0,1.0,750000.0,0.0,1.0,115000.0,0.0,0.0,0.0,0.0,0.0,0.0,0.0,3.0,1065000.0,0.0,4.0,4168300.0,0.0,4.0,4168300.0,0.0,95798.0,11.470007525491113,2019-03-01,0,0,0.1943573667711598,0.380653828929691,0.4594715629198387,0.0250783699059561,12,4,2018,90,0.046722626800553474,0
Asset management,Internal fraud,People,"Anhui,Sichuan",2018-03,1,30000.0,30000.0,30000.0,30000.0,0,1.0,2018-03-01,0.0,0.0,0.0,0.0,0.0,0.0,0.0,0.0,0.0,0.0,0.0,0.0,0.0,0.0,0.0,0.0,0.0,0.0,0.0,0.0,0.0,0.0,0.0,0.0,30000.0,10.308985993422082,2018-05-30,0,0,0.1943573667711598,0.380653828929691,0.4594715629198387,0.0004478280340349,3,1,2018,90,0.03989341268832403,0
Asset management,Internal fraud,People,Beijing,2017-09,2,2500000.0,1250000.0,1250000.0,1950000.0,0,1.5,2017-09-01,0.0,0.0,0.0,0.0,0.0,0.0,0.0,0.0,0.0,0.0,0.0,0.0,0.0,0.0,0.0,0.0,0.0,0.0,0.0,0.0,0.0,0.0,0.0,0.0,1250000.0,14.731801689838347,2017-11-30,0,1,0.1943573667711598,0.380653828929691,0.4594715629198387,0.0940438871473354,9,3,2017,90,0.028704971450190103,0
Asset management,Internal fraud,People,Beijing,2017-11,1,200000.0,200000.0,200000.0,200000.0,0,1.0,2017-11-01,2.0,2500000.0,0.0,0.0,0.0,0.0,0.0,0.0,0.0,0.0,0.0,0.0,0.0,0.0,0.0,2.0,2500000.0,0.0,2.0,2500000.0,0.0,2.0,2500000.0,0.0,200000.0,12.206077645517674,2018-01-30,0,1,0.1943573667711598,0.380653828929691,0.4594715629198387,0.0940438871473354,11,4,2017,90,0.02123906179428344,0
Asset management,Internal fraud,People,Beijing,2018-01,3,1450000.0,483333.3333333333,300000.0,900000.0,0,0.6666666666666666,2018-01-01,1.0,200000.0,0.0,2.0,2500000.0,0.0,0.0,0.0,0.0,0.0,0.0,0.0,0.0,0.0,0.0,3.0,2700000.0,0.0,3.0,2700000.0,0.0,3.0,2700000.0,0.0,483333.3333333333,14.187074804051692,2018-04-01,0,1,0.1943573667711598,0.380653828929691,0.4594715629198387,0.0940438871473354,1,1,2018,90,0.08822668783972963,0
Asset management,Internal fraud,People,Beijing,2018-03,1,400000.0,400000.0,400000.0,400000.0,0,1.0,2018-03-01,3.0,1450000.0,0.0,1.0,200000.0,0.0,2.0,2500000.0,0.0,0.0,0.0,0.0,0.0,0.0,0.0,6.0,4150000.0,0.0,6.0,4150000.0,0.0,6.0,4150000.0,0.0,400000.0,12.899222326086994,2018-05-30,0,1,0.1943573667711598,0.380653828929691,0.4594715629198387,0.0940438871473354,3,1,2018,90,0.09917197884198069,0
Asset management,Internal fraud,People,Beijing,2018-05,1,750000.0,750000.0,750000.0,750000.0,0,1.0,2018-05-01,1.0,400000.0,0.0,3.0,1450000.0,0.0,1.0,200000.0,0.0,0.0,0.0,0.0,0.0,0.0,0.0,5.0,2050000.0,0.0,7.0,4550000.0,0.0,7.0,4550000.0,0.0,750000.0,13.527829818844936,2018-07-30,0,1,0.1943573667711598,0.380653828929691,0.4594715629198387,0.0940438871473354,5,2,2018,90,0.07755699330842196,0
Asset management,Internal fraud,People,Beijing,2018-07,1,500000.0,500000.0,500000.0,500000.0,0,1.0,2018-07-01,1.0,750000.0,0.0,1.0,400000.0,0.0,3.0,1450000.0,0.0,0.0,0.0,0.0,0.0,0.0,0.0,5.0,2600000.0,0.0,8.0,5300000.0,0.0,8.0,5300000.0,0.0,500000.0,13.122365377402328,2018-09-29,0,0,0.1943573667711598,0.380653828929691,0.4594715629198387,0.0940438871473354,7,3,2018,90,0.1167562928248784,0
Asset management,Internal fraud,People,Beijing,2018-11,1,700000.0,700000.0,700000.0,700000.0,0,1.0,2018-11-01,1.0,500000.0,0.0,1.0,750000.0,0.0,1.0,400000.0,0.0,2.0,2500000.0,0.0,0.0,0.0,0.0,3.0,1650000.0,0.0,9.0,5800000.0,0.0,9.0,5800000.0,0.0,700000.0,13.45883704259595,2019-01-30,0,1,0.1943573667711598,0.380653828929691,0.4594715629198387,0.0940438871473354,11,4,2018,90,0.13390272500495498,0
Asset management,Internal fraud,People,Beijing,2018-12,1,700000.0,700000.0,700000.0,700000.0,0,1.0,2018-12-01,1.0,700000.0,0.0,1.0,500000.0,0.0,1.0,750000.0,0.0,1.0,200000.0,0.0,0.0,0.0,0.0,3.0,1950000.0,0.0,8.0,4000000.0,0.0,10.0,6500000.0,0.0,700000.0,13.45883704259595,2019-03-01,0,1,0.1943573667711598,0.380653828929691,0.4594715629198387,0.0940438871473354,12,4,2018,90,0.1302941668220613,0
Asset management,Internal fraud,People,Beijing,2019-03,1,900000.0,900000.0,900000.0,900000.0,0,1.0,2019-03-01,1.0,700000.0,0.0,1.0,700000.0,0.0,1.0,500000.0,0.0,3.0,1450000.0,0.0,0.0,0.0,0.0,3.0,1900000.0,0.0,8.0,4500000.0,0.0,11.0,7200000.0,0.0,900000.0,13.71015115341694,2019-05-30,0,0,0.1943573667711598,0.380653828929691,0.4594715629198387,0.0940438871473354,3,1,2019,90,0.15516679139632225,0
Asset management,Internal fraud,People,Beijing,2019-06,2,2900000.0,1450000.0,1450000.0,2300000.0,0,1.5,2019-06-01,1.0,900000.0,0.0,1.0,700000.0,0.0,1.0,700000.0,0.0,1.0,400000.0,0.0,0.0,0.0,0.0,3.0,2300000.0,0.0,6.0,3950000.0,0.0,12.0,8100000.0,0.0,1450000.0,14.88022163978423,2019-08-30,0,0,0.1943573667711598,0.380653828929691,0.4594715629198387,0.0940438871473354,6,2,2019,90,0.15369458315380027,0
Asset management,Internal fraud,People,Beijing,2019-09,1,500000.0,500000.0,500000.0,500000.0,0,1.0,2019-09-01,2.0,2900000.0,0.0,1.0,900000.0,0.0,1.0,700000.0,0.0,1.0,750000.0,0.0,0.0,0.0,0.0,4.0,4500000.0,0.0,7.0,6450000.0,0.0,14.0,11000000.0,0.0,500000.0,13.122365377402328,2019-11-30,0,0,0.1943573667711598,0.380653828929691,0.4594715629198387,0.0940438871473354,9,3,2019,90,0.15655017689434808,0
Asset management,Internal fraud,People,"Beijing,Anhui",2019-06,1,300000.0,300000.0,300000.0,300000.0,0,1.0,2019-06-01,0.0,0.0,0.0,0.0,0.0,0.0,0.0,0.0,0.0,0.0,0.0,0.0,0.0,0.0,0.0,0.0,0.0,0.0,0.0,0.0,0.0,0.0,0.0,0.0,300000.0,12.611541086966117,2019-08-30,0,0,0.1943573667711598,0.380653828929691,0.4594715629198387,0.0031347962382445,6,2,2019,90,0.0263379585829496,0
Asset management,Internal fraud,People,"Beijing,Hebei",1997-08,1,60500000.0,60500000.0,60500000.0,60500000.0,1,2.0,1997-08-01,0.0,0.0,0.0,0.0,0.0,0.0,0.0,0.0,0.0,0.0,0.0,0.0,0.0,0.0,0.0,0.0,0.0,0.0,0.0,0.0,0.0,0.0,0.0,0.0,60500000.0,17.918153939529997,1997-10-30,0,0,0.1943573667711598,0.380653828929691,0.4594715629198387,0.0017913121361397,8,3,1997,90,0.09162448853289487,0
Asset management,Internal fraud,People,"Beijing,Hebei,Shanxi",2013-11,1,200000000.0,200000000.0,200000000.0,200000000.0,1,1.0,2013-11-01,0.0,0.0,0.0,0.0,0.0,0.0,0.0,0.0,0.0,0.0,0.0,0.0,0.0,0.0,0.0,0.0,0.0,0.0,0.0,0.0,0.0,0.0,0.0,0.0,200000000.0,19.11382792951231,2014-01-30,0,0,0.1943573667711598,0.380653828929691,0.4594715629198387,0.0004478280340349,11,4,2013,90,0.10445896800877354,0
Asset management,Internal fraud,People,"Beijing,Heilongjiang",2019-08,1,500000.0,500000.0,500000.0,500000.0,0,1.0,2019-08-01,0.0,0.0,0.0,0.0,0.0,0.0,0.0,0.0,0.0,0.0,0.0,0.0,0.0,0.0,0.0,0.0,0.0,0.0,0.0,0.0,0.0,0.0,0.0,0.0,500000.0,13.122365377402328,2019-10-30,0,0,0.1943573667711598,0.380653828929691,0.4594715629198387,0.0031347962382445,8,3,2019,90,0.032715855744766285,0
Asset management,Internal fraud,People,"Beijing,Hubei",2018-04,1,50000.0,50000.0,50000.0,50000.0,0,1.0,2018-04-01,0.0,0.0,0.0,0.0,0.0,0.0,0.0,0.0,0.0,0.0,0.0,0.0,0.0,0.0,0.0,0.0,0.0,0.0,0.0,0.0,0.0,0.0,0.0,0.0,50000.0,10.819798284210286,2018-06-30,0,0,0.1943573667711598,0.380653828929691,0.4594715629198387,0.0053739364084191,4,2,2018,90,0.03263639748161567,0
Asset management,Internal fraud,People,"Beijing,Jiangsu,Shandong",2008-01,1,750000000.0,750000000.0,750000000.0,750000000.0,1,1.0,2008-01-01,0.0,0.0,0.0,0.0,0.0,0.0,0.0,0.0,0.0,0.0,0.0,0.0,0.0,0.0,0.0,0.0,0.0,0.0,0.0,0.0,0.0,0.0,0.0,0.0,750000000.0,20.435583765827964,2008-03-31,0,0,0.1943573667711598,0.380653828929691,0.4594715629198387,0.0004478280340349,1,1,2008,90,0.09412480423038809,0
Asset management,Internal fraud,People,"Beijing,Jiangxi",2018-08,3,900000.0,300000.0,300000.0,300000.0,0,1.0,2018-08-01,0.0,0.0,0.0,0.0,0.0,0.0,0.0,0.0,0.0,0.0,0.0,0.0,0.0,0.0,0.0,0.0,0.0,0.0,0.0,0.0,0.0,0.0,0.0,0.0,300000.0,13.71015115341694,2018-10-30,0,0,0.1943573667711598,0.380653828929691,0.4594715629198387,0.0026869682042095,8,3,2018,90,0.03701090753627589,0
Asset management,Internal fraud,People,"Beijing,Jilin",2017-12,1,300000.0,300000.0,300000.0,300000.0,0,1.0,2017-12-01,0.0,0.0,0.0,0.0,0.0,0.0,0.0,0.0,0.0,0.0,0.0,0.0,0.0,0.0,0.0,0.0,0.0,0.0,0.0,0.0,0.0,0.0,0.0,0.0,300000.0,12.611541086966117,2018-03-01,0,0,0.1943573667711598,0.380653828929691,0.4594715629198387,0.006269592476489,12,4,2017,90,0.04333577976957968,0
Asset management,Internal fraud,People,"Beijing,Jilin,Hubei,Sichuan,Xinjiang",2013-09,1,116500000.0,116500000.0,116500000.0,116500000.0,1,1.0,2013-09-01,0.0,0.0,0.0,0.0,0.0,0.0,0.0,0.0,0.0,0.0,0.0,0.0,0.0,0.0,0.0,0.0,0.0,0.0,0.0,0.0,0.0,0.0,0.0,0.0,116500000.0,18.57340183955372,2013-11-30,0,0,0.1943573667711598,0.380653828929691,0.4594715629198387,0.0004478280340349,9,3,2013,90,0.08240729306085814,0
Asset management,Internal fraud,People,"Beijing,Liaoning,Guangdong,Guangxi,Macao",1996-12,1,13921099.999999998,13921099.999999998,13921099.999999998,13921099.999999998,1,1.0,1996-12-01,0.0,0.0,0.0,0.0,0.0,0.0,0.0,0.0,0.0,0.0,0.0,0.0,0.0,0.0,0.0,0.0,0.0,0.0,0.0,0.0,0.0,0.0,0.0,0.0,13921099.999999998,16.448916304570304,1997-03-01,0,0,0.1943573667711598,0.380653828929691,0.4594715629198387,0.0004478280340349,12,4,1996,90,0.09954955059367371,0
Asset management,Internal fraud,People,"Beijing,Liaoning,Hongkong",2019-03,1,2000000.0,2000000.0,2000000.0,2000000.0,0,1.0,2019-03-01,0.0,0.0,0.0,0.0,0.0,0.0,0.0,0.0,0.0,0.0,0.0,0.0,0.0,0.0,0.0,0.0,0.0,0.0,0.0,0.0,0.0,0.0,0.0,0.0,2000000.0,14.508658238524095,2019-05-30,0,0,0.1943573667711598,0.380653828929691,0.4594715629198387,0.0004478280340349,3,1,2019,90,0.045110634504160946,0
Asset management,Internal fraud,People,"Beijing,Shandong,Hainan",2017-08,1,200000.0,200000.0,200000.0,200000.0,0,1.0,2017-08-01,0.0,0.0,0.0,0.0,0.0,0.0,0.0,0.0,0.0,0.0,0.0,0.0,0.0,0.0,0.0,0.0,0.0,0.0,0.0,0.0,0.0,0.0,0.0,0.0,200000.0,12.206077645517674,2017-10-30,0,0,0.1943573667711598,0.380653828929691,0.4594715629198387,0.0008956560680698,8,3,2017,90,0.024997665660116453,0
Asset management,Internal fraud,People,"Beijing,Shanghai",2018-07,1,350000.0,350000.0,350000.0,350000.0,0,1.0,2018-07-01,0.0,0.0,0.0,0.0,0.0,0.0,0.0,0.0,0.0,0.0,0.0,0.0,0.0,0.0,0.0,0.0,0.0,0.0,0.0,0.0,0.0,0.0,0.0,0.0,350000.0,12.765691290604371,2018-09-29,0,0,0.1943573667711598,0.380653828929691,0.4594715629198387,0.0076130765785938,7,3,2018,90,0.1047923496463239,0
Asset management,Internal fraud,People,"Beijing,Shanghai,Chongqing",2015-05,1,3900000000.0,3900000000.0,3900000000.0,3900000000.0,1,6.0,2015-05-01,0.0,0.0,0.0,0.0,0.0,0.0,0.0,0.0,0.0,0.0,0.0,0.0,0.0,0.0,0.0,0.0,0.0,0.0,0.0,0.0,0.0,0.0,0.0,0.0,3900000000.0,22.08424239033842,2015-07-30,0,0,0.1943573667711598,0.380653828929691,0.4594715629198387,0.0004478280340349,5,2,2015,90,0.08803459281501033,0
Asset management,Internal fraud,People,"Beijing,Tianjin",2003-02,1,1990000.0,1990000.0,1990000.0,1990000.0,0,0.0,2003-02-01,0.0,0.0,0.0,0.0,0.0,0.0,0.0,0.0,0.0,0.0,0.0,0.0,0.0,0.0,0.0,0.0,0.0,0.0,0.0,0.0,0.0,0.0,0.0,0.0,1990000.0,14.503645699213113,2003-05-02,0,0,0.1943573667711598,0.380653828929691,0.4594715629198387,0.0040304523063143,2,1,2003,90,0.07291909037820478,0
Asset management,Internal fraud,People,"Beijing,Tianjin",2018-02,1,200000.0,200000.0,200000.0,200000.0,0,0.0,2018-02-01,1.0,1990000.0,0.0,0.0,0.0,0.0,0.0,0.0,0.0,0.0,0.0,0.0,0.0,0.0,0.0,1.0,1990000.0,0.0,1.0,1990000.0,0.0,1.0,1990000.0,0.0,200000.0,12.206077645517674,2018-05-02,0,0,0.1943573667711598,0.380653828929691,0.4594715629198387,0.0040304523063143,2,1,2018,90,0.009404639043366315,0
Asset management,Internal fraud,People,"Beijing,Tianjin,Liaoning,Heilongjiang,Hubei,Hunan,Guangdong,Guangxi,Macao",1996-12,1,14000000.0,14000000.0,14000000.0,14000000.0,1,3.0,1996-12-01,0.0,0.0,0.0,0.0,0.0,0.0,0.0,0.0,0.0,0.0,0.0,0.0,0.0,0.0,0.0,0.0,0.0,0.0,0.0,0.0,0.0,0.0,0.0,0.0,14000000.0,16.454567959008102,1997-03-01,0,0,0.1943573667711598,0.380653828929691,0.4594715629198387,0.0004478280340349,12,4,1996,90,0.09101271240467862,0
Asset management,Internal fraud,People,"Beijing,Xinjiang",2017-11,1,200000.0,200000.0,200000.0,200000.0,0,1.0,2017-11-01,0.0,0.0,0.0,0.0,0.0,0.0,0.0,0.0,0.0,0.0,0.0,0.0,0.0,0.0,0.0,0.0,0.0,0.0,0.0,0.0,0.0,0.0,0.0,0.0,200000.0,12.206077645517674,2018-01-30,0,0,0.1943573667711598,0.380653828929691,0.4594715629198387,0.0013434841021047,11,4,2017,90,0.04014133532513524,0
Asset management,Internal fraud,People,"Beijing,Yunnan",2019-06,1,350000.0,350000.0,350000.0,350000.0,0,1.0,2019-06-01,0.0,0.0,0.0,0.0,0.0,0.0,0.0,0.0,0.0,0.0,0.0,0.0,0.0,0.0,0.0,0.0,0.0,0.0,0.0,0.0,0.0,0.0,0.0,0.0,350000.0,12.765691290604371,2019-08-30,0,0,0.1943573667711598,0.380653828929691,0.4594715629198387,0.0013434841021047,6,2,2019,90,0.04789470458740703,0
Asset management,Internal fraud,People,"Beijing,Zhejiang",2018-05,1,2050000.0,2050000.0,2050000.0,2050000.0,0,1.0,2018-05-01,0.0,0.0,0.0,0.0,0.0,0.0,0.0,0.0,0.0,0.0,0.0,0.0,0.0,0.0,0.0,0.0,0.0,0.0,0.0,0.0,0.0,0.0,0.0,0.0,2050000.0,14.53335083891935,2018-07-30,0,1,0.1943573667711598,0.380653828929691,0.4594715629198387,0.0076130765785938,5,2,2018,90,0.05903014251593435,0
Asset management,Internal fraud,People,"Beijing,Zhejiang",2018-06,2,1100000.0,550000.0,550000.0,750000.0,0,1.0,2018-06-01,1.0,2050000.0,0.0,0.0,0.0,0.0,0.0,0.0,0.0,0.0,0.0,0.0,0.0,0.0,0.0,1.0,2050000.0,0.0,1.0,2050000.0,0.0,1.0,2050000.0,0.0,550000.0,13.910821646859096,2018-08-30,0,0,0.1943573667711598,0.380653828929691,0.4594715629198387,0.0076130765785938,6,2,2018,90,0.05532088252837446,0
Asset management,Internal fraud,People,"Beijing,Zhejiang",2019-05,1,1700000.0,1700000.0,1700000.0,1700000.0,0,2.0,2019-05-01,2.0,1100000.0,0.0,1.0,2050000.0,0.0,0.0,0.0,0.0,0.0,0.0,0.0,0.0,0.0,0.0,3.0,3150000.0,0.0,3.0,3150000.0,0.0,3.0,3150000.0,0.0,1700000.0,14.346139397261563,2019-07-30,0,0,0.1943573667711598,0.380653828929691,0.4594715629198387,0.0076130765785938,5,2,2019,90,0.12359243109568174,0
Asset management,Internal fraud,People,"Beijing,Zhejiang",2019-08,1,1350000.0,1350000.0,1350000.0,1350000.0,0,1.0,2019-08-01,1.0,1700000.0,0.0,2.0,1100000.0,0.0,1.0,2050000.0,0.0,0.0,0.0,0.0,0.0,0.0,0.0,4.0,4850000.0,0.0,4.0,4850000.0,0.0,4.0,4850000.0,0.0,1350000.0,14.11561589115508,2019-10-30,0,0,0.1943573667711598,0.380653828929691,0.4594715629198387,0.0076130765785938,8,3,2019,90,0.16676516379633363,0
Asset management,Internal fraud,People,Chongqing,2017-06,1,200000.0,200000.0,200000.0,200000.0,0,1.0,2017-06-01,0.0,0.0,0.0,0.0,0.0,0.0,0.0,0.0,0.0,0.0,0.0,0.0,0.0,0.0,0.0,0.0,0.0,0.0,0.0,0.0,0.0,0.0,0.0,0.0,200000.0,12.206077645517674,2017-08-30,0,1,0.1943573667711598,0.380653828929691,0.4594715629198387,0.0232870577698163,6,2,2017,90,0.02622783050131865,0
Asset management,Internal fraud,People,Chongqing,2017-08,1,200000.0,200000.0,200000.0,200000.0,0,1.0,2017-08-01,1.0,200000.0,0.0,0.0,0.0,0.0,0.0,0.0,0.0,0.0,0.0,0.0,0.0,0.0,0.0,1.0,200000.0,0.0,1.0,200000.0,0.0,1.0,200000.0,0.0,200000.0,12.206077645517674,2017-10-30,0,0,0.1943573667711598,0.380653828929691,0.4594715629198387,0.0232870577698163,8,3,2017,90,0.012862070175163796,0
Asset management,Internal fraud,People,Guangdong,2006-10,2,1630000.0,815000.0,815000.0,990000.0,0,1.0,2006-10-01,0.0,0.0,0.0,0.0,0.0,0.0,0.0,0.0,0.0,0.0,0.0,0.0,0.0,0.0,0.0,0.0,0.0,0.0,0.0,0.0,0.0,0.0,0.0,0.0,815000.0,14.30409118627969,2006-12-30,0,0,0.1943573667711598,0.380653828929691,0.4594715629198387,0.044782803403493,10,4,2006,90,0.0505841251788597,0
Asset management,Internal fraud,People,Guangdong,2008-07,1,484000.0,484000.0,484000.0,484000.0,0,1.0,2008-07-01,2.0,1630000.0,0.0,0.0,0.0,0.0,0.0,0.0,0.0,0.0,0.0,0.0,0.0,0.0,0.0,2.0,1630000.0,0.0,2.0,1630000.0,0.0,2.0,1630000.0,0.0,484000.0,13.089842251812335,2008-09-29,0,0,0.1943573667711598,0.380653828929691,0.4594715629198387,0.044782803403493,7,3,2008,90,0.02270162073467673,0
Asset management,Internal fraud,People,Guangxi,2017-06,1,200000.0,200000.0,200000.0,200000.0,0,1.0,2017-06-01,0.0,0.0,0.0,0.0,0.0,0.0,0.0,0.0,0.0,0.0,0.0,0.0,0.0,0.0,0.0,0.0,0.0,0.0,0.0,0.0,0.0,0.0,0.0,0.0,200000.0,12.206077645517674,2017-08-30,0,0,0.1943573667711598,0.380653828929691,0.4594715629198387,0.0143304970891177,6,2,2017,90,0.024794808694465063,0
Asset management,Internal fraud,People,"Guangxi,Yunnan",2006-11,1,4500000.0,4500000.0,4500000.0,4500000.0,0,1.0,2006-11-01,0.0,0.0,0.0,0.0,0.0,0.0,0.0,0.0,0.0,0.0,0.0,0.0,0.0,0.0,0.0,0.0,0.0,0.0,0.0,0.0,0.0,0.0,0.0,0.0,4500000.0,15.319588176962746,2007-01-30,0,0,0.1943573667711598,0.380653828929691,0.4594715629198387,0.0004478280340349,11,4,2006,90,0.05804836035448371,0
Asset management,Internal fraud,People,Guizhou,2018-11,1,500000.0,500000.0,500000.0,500000.0,0,1.0,2018-11-01,0.0,0.0,0.0,0.0,0.0,0.0,0.0,0.0,0.0,0.0,0.0,0.0,0.0,0.0,0.0,0.0,0.0,0.0,0.0,0.0,0.0,0.0,0.0,0.0,500000.0,13.122365377402328,2019-01-30,0,0,0.1943573667711598,0.380653828929691,0.4594715629198387,0.0107478728168383,11,4,2018,90,0.048323163359550295,0
Asset management,Internal fraud,People,Hebei,2006-10,1,50956049.99999999,50956049.99999999,50956049.99999999,50956049.99999999,1,1.0,2006-10-01,0.0,0.0,0.0,0.0,0.0,0.0,0.0,0.0,0.0,0.0,0.0,0.0,0.0,0.0,0.0,0.0,0.0,0.0,0.0,0.0,0.0,0.0,0.0,0.0,50956049.99999999,17.746474074074804,2006-12-30,0,0,0.1943573667711598,0.380653828929691,0.4594715629198387,0.0111957008508732,10,4,2006,90,0.10247962429059505,0
Asset management,Internal fraud,People,Henan,2019-01,2,1050000.0,525000.0,525000.0,800000.0,0,1.5,2019-01-01,0.0,0.0,0.0,0.0,0.0,0.0,0.0,0.0,0.0,0.0,0.0,0.0,0.0,0.0,0.0,0.0,0.0,0.0,0.0,0.0,0.0,0.0,0.0,0.0,525000.0,13.864301674514206,2019-04-01,0,1,0.1943573667711598,0.380653828929691,0.4594715629198387,0.0497089117778772,1,1,2019,90,0.04119031428077859,0
Asset management,Internal fraud,People,Henan,2019-04,1,300000.0,300000.0,300000.0,300000.0,0,1.0,2019-04-01,2.0,1050000.0,0.0,0.0,0.0,0.0,0.0,0.0,0.0,0.0,0.0,0.0,0.0,0.0,0.0,2.0,1050000.0,0.0,2.0,1050000.0,0.0,2.0,1050000.0,0.0,300000.0,12.611541086966117,2019-06-30,0,0,0.1943573667711598,0.380653828929691,0.4594715629198387,0.0497089117778772,4,2,2019,90,0.013174585262885615,0
Asset management,Internal fraud,People,Henan,2019-08,2,600000.0,300000.0,300000.0,300000.0,0,0.5,2019-08-01,1.0,300000.0,0.0,2.0,1050000.0,0.0,0.0,0.0,0.0,0.0,0.0,0.0,0.0,0.0,0.0,3.0,1350000.0,0.0,3.0,1350000.0,0.0,3.0,1350000.0,0.0,300000.0,13.304686600863562,2019-10-30,0,0,0.1943573667711598,0.380653828929691,0.4594715629198387,0.0497089117778772,8,3,2019,90,0.02747825140001425,0
Asset management,Internal fraud,People,"Henan,Hunan",2013-10,1,10918000.0,10918000.0,10918000.0,10918000.0,1,1.0,2013-10-01,0.0,0.0,0.0,0.0,0.0,0.0,0.0,0.0,0.0,0.0,0.0,0.0,0.0,0.0,0.0,0.0,0.0,0.0,0.0,0.0,0.0,0.0,0.0,0.0,10918000.0,16.2059234529157,2013-12-30,0,0,0.1943573667711598,0.380653828929691,0.4594715629198387,0.0004478280340349,10,4,2013,90,0.05983452768524076,0
Asset management,Internal fraud,People,Hongkong,2007-05,1,14000000.0,14000000.0,14000000.0,14000000.0,1,0.0,2007-05-01,0.0,0.0,0.0,0.0,0.0,0.0,0.0,0.0,0.0,0.0,0.0,0.0,0.0,0.0,0.0,0.0,0.0,0.0,0.0,0.0,0.0,0.0,0.0,0.0,14000000.0,16.454567959008102,2007-07-30,0,0,0.1943573667711598,0.380653828929691,0.4594715629198387,0.0031347962382445,5,2,2007,90,0.08657977024434275,0
Asset management,Internal fraud,People,Hongkong,2018-02,1,300000.0,300000.0,300000.0,300000.0,0,1.0,2018-02-01,1.0,14000000.0,1.0,0.0,0.0,0.0,0.0,0.0,0.0,0.0,0.0,0.0,0.0,0.0,0.0,1.0,14000000.0,1.0,1.0,14000000.0,1.0,1.0,14000000.0,1.0,300000.0,12.611541086966117,2018-05-02,0,0,0.1943573667711598,0.380653828929691,0.4594715629198387,0.0031347962382445,2,1,2018,90,0.016717300268036014,0
Asset management,Internal fraud,People,Hubei,2007-06,1,570000.0,570000.0,570000.0,570000.0,0,1.0,2007-06-01,0.0,0.0,0.0,0.0,0.0,0.0,0.0,0.0,0.0,0.0,0.0,0.0,0.0,0.0,0.0,0.0,0.0,0.0,0.0,0.0,0.0,0.0,0.0,0.0,570000.0,13.25339339419516,2007-08-30,0,0,0.1943573667711598,0.380653828929691,0.4594715629198387,0.0313479623824451,6,2,2007,90,0.03817567063459751,0
Asset management,Internal fraud,People,Hubei,2008-01,1,416110.0,416110.0,416110.0,416110.0,0,0.0,2008-01-01,1.0,570000.0,0.0,0.0,0.0,0.0,0.0,0.0,0.0,0.0,0.0,0.0,0.0,0.0,0.0,1.0,570000.0,0.0,1.0,570000.0,0.0,1.0,570000.0,0.0,416110.0,12.938707330574506,2008-03-31,0,0,0.1943573667711598,0.380653828929691,0.4594715629198387,0.0313479623824451,1,1,2008,90,0.014002561425290558,0
Asset management,Internal fraud,People,Hubei,2018-05,1,1000000.0,1000000.0,1000000.0,1000000.0,0,1.0,2018-05-01,1.0,416110.0,0.0,1.0,570000.0,0.0,0.0,0.0,0.0,0.0,0.0,0.0,0.0,0.0,0.0,2.0,986110.0,0.0,2.0,986110.0,0.0,2.0,986110.0,0.0,1000000.0,13.815511557963774,2018-07-30,0,0,0.1943573667711598,0.380653828929691,0.4594715629198387,0.0313479623824451,5,2,2018,90,0.13442372190262894,0
Asset management,Internal fraud,People,Hunan,2004-06,1,1239000.0,1239000.0,1239000.0,1239000.0,0,1.0,2004-06-01,0.0,0.0,0.0,0.0,0.0,0.0,0.0,0.0,0.0,0.0,0.0,0.0,0.0,0.0,0.0,0.0,0.0,0.0,0.0,0.0,0.0,0.0,0.0,0.0,1239000.0,14.029815967713455,2004-08-30,0,0,0.1943573667711598,0.380653828929691,0.4594715629198387,0.0277653381101656,6,2,2004,90,0.04526611345411765,0
Asset management,Internal fraud,People,Hunan,2014-03,1,1981100.0,1981100.0,1981100.0,1981100.0,0,1.0,2014-03-01,1.0,1239000.0,0.0,0.0,0.0,0.0,0.0,0.0,0.0,0.0,0.0,0.0,0.0,0.0,0.0,1.0,1239000.0,0.0,1.0,1239000.0,0.0,1.0,1239000.0,0.0,1981100.0,14.499163308732369,2014-05-30,0,0,0.1943573667711598,0.380653828929691,0.4594715629198387,0.0277653381101656,3,1,2014,90,0.0677514472393399,0
Asset management,Internal fraud,People,Hunan,2015-02,1,840000.0,840000.0,840000.0,840000.0,0,1.0,2015-02-01,1.0,1981100.0,0.0,1.0,1239000.0,0.0,0.0,0.0,0.0,0.0,0.0,0.0,0.0,0.0,0.0,2.0,3220100.0,0.0,2.0,3220100.0,0.0,2.0,3220100.0,0.0,840000.0,13.64115836129498,2015-05-02,0,0,0.1943573667711598,0.380653828929691,0.4594715629198387,0.0277653381101656,2,1,2015,90,0.08060861427647606,0
Asset management,Internal fraud,People,Hunan,2018-01,1,4447600.0,4447600.0,4447600.0,4447600.0,0,1.0,2018-01-01,1.0,840000.0,0.0,1.0,1981100.0,0.0,1.0,1239000.0,0.0,0.0,0.0,0.0,0.0,0.0,0.0,3.0,4060100.0,0.0,3.0,4060100.0,0.0,3.0,4060100.0,0.0,4447600.0,15.307875407651569,2018-04-01,0,0,0.1943573667711598,0.380653828929691,0.4594715629198387,0.0277653381101656,1,1,2018,90,0.191619697008037,0
Asset management,Internal fraud,People,Hunan,2018-12,1,2900000.0,2900000.0,2900000.0,2900000.0,0,2.0,2018-12-01,1.0,4447600.0,0.0,1.0,840000.0,0.0,1.0,1981100.0,0.0,0.0,0.0,0.0,0.0,0.0,0.0,3.0,7268700.0,0.0,4.0,8507700.0,0.0,4.0,8507700.0,0.0,2900000.0,14.88022163978423,2019-03-01,0,0,0.1943573667711598,0.380653828929691,0.4594715629198387,0.0277653381101656,12,4,2018,90,0.1392828368010645,0
Asset management,Internal fraud,People,"Inner mongolia,Inner mongolia",2018-08,1,450000.0,450000.0,450000.0,450000.0,0,1.0,2018-08-01,0.0,0.0,0.0,0.0,0.0,0.0,0.0,0.0,0.0,0.0,0.0,0.0,0.0,0.0,0.0,0.0,0.0,0.0,0.0,0.0,0.0,0.0,0.0,0.0,450000.0,13.017005083966255,2018-10-30,0,0,0.1943573667711598,0.380653828929691,0.4594715629198387,0.0071652485445588,8,3,2018,90,0.032715855744766285,0
Asset management,Internal fraud,People,"Inner mongolia,Jiangxi,Henan,Inner mongolia",2015-02,1,1000000.0,1000000.0,1000000.0,1000000.0,0,5.0,2015-02-01,0.0,0.0,0.0,0.0,0.0,0.0,0.0,0.0,0.0,0.0,0.0,0.0,0.0,0.0,0.0,0.0,0.0,0.0,0.0,0.0,0.0,0.0,0.0,0.0,1000000.0,13.815511557963774,2015-05-02,0,0,0.1943573667711598,0.380653828929691,0.4594715629198387,0.0008956560680698,2,1,2015,90,0.09974296975356613,0
Asset management,Internal fraud,People,"Inner mongolia,Jiangxi,Henan,Inner mongolia",2016-12,1,4896000.0,4896000.0,4896000.0,4896000.0,0,5.0,2016-12-01,1.0,1000000.0,0.0,0.0,0.0,0.0,0.0,0.0,0.0,0.0,0.0,0.0,0.0,0.0,0.0,1.0,1000000.0,0.0,1.0,1000000.0,0.0,1.0,1000000.0,0.0,4896000.0,15.403929307422644,2017-03-01,0,0,0.1943573667711598,0.380653828929691,0.4594715629198387,0.0008956560680698,12,4,2016,90,0.03703189463994717,0
Asset management,Internal fraud,People,Jiangsu,2003-06,1,73000000.0,73000000.0,73000000.0,73000000.0,1,1.0,2003-06-01,0.0,0.0,0.0,0.0,0.0,0.0,0.0,0.0,0.0,0.0,0.0,0.0,0.0,0.0,0.0,0.0,0.0,0.0,0.0,0.0,0.0,0.0,0.0,0.0,73000000.0,18.10597001281129,2003-08-30,0,0,0.1943573667711598,0.380653828929691,0.4594715629198387,0.032243618450515,6,2,2003,90,0.08915666918544683,0
Asset management,Internal fraud,People,Jiangsu,2012-06,1,3610020.0,3610020.0,3610020.0,3610020.0,0,1.0,2012-06-01,1.0,73000000.0,1.0,0.0,0.0,0.0,0.0,0.0,0.0,0.0,0.0,0.0,0.0,0.0,0.0,1.0,73000000.0,1.0,1.0,73000000.0,1.0,1.0,73000000.0,1.0,3610020.0,15.09922414746666,2012-08-30,0,0,0.1943573667711598,0.380653828929691,0.4594715629198387,0.032243618450515,6,2,2012,90,0.17787023783193173,0
Asset management,Internal fraud,People,Jiangsu,2015-07,1,22808300.0,22808300.0,22808300.0,22808300.0,1,1.0,2015-07-01,1.0,3610020.0,0.0,1.0,73000000.0,1.0,0.0,0.0,0.0,0.0,0.0,0.0,0.0,0.0,0.0,2.0,76610020.0,1.0,2.0,76610020.0,1.0,2.0,76610020.0,1.0,22808300.0,16.94263510661138,2015-09-29,0,0,0.1943573667711598,0.380653828929691,0.4594715629198387,0.032243618450515,7,3,2015,90,0.36740730556734663,1
Asset management,Internal fraud,People,Jiangsu,2017-06,1,200000.0,200000.0,200000.0,200000.0,0,1.0,2017-06-01,1.0,22808300.0,1.0,1.0,3610020.0,0.0,1.0,73000000.0,1.0,0.0,0.0,0.0,0.0,0.0,0.0,3.0,99418320.0,2.0,3.0,99418320.0,2.0,3.0,99418320.0,2.0,200000.0,12.206077645517674,2017-08-30,0,0,0.1943573667711598,0.380653828929691,0.4594715629198387,0.032243618450515,6,2,2017,90,0.02719470466775972,0
Asset management,Internal fraud,People,Jiangsu,2019-08,1,500000.0,500000.0,500000.0,500000.0,0,1.0,2019-08-01,1.0,200000.0,0.0,1.0,22808300.0,1.0,1.0,3610020.0,0.0,0.0,0.0,0.0,0.0,0.0,0.0,3.0,26618320.0,1.0,4.0,99618320.0,2.0,4.0,99618320.0,2.0,500000.0,13.122365377402328,2019-10-30,0,0,0.1943573667711598,0.380653828929691,0.4594715629198387,0.032243618450515,8,3,2019,90,0.056442465572379905,0
Asset management,Internal fraud,People,"Jiangsu,Hongkong",2006-09,1,20550000.0,20550000.0,20550000.0,20550000.0,1,0.0,2006-09-01,0.0,0.0,0.0,0.0,0.0,0.0,0.0,0.0,0.0,0.0,0.0,0.0,0.0,0.0,0.0,0.0,0.0,0.0,0.0,0.0,0.0,0.0,0.0,0.0,20550000.0,16.838371547568318,2006-11-30,0,0,0.1943573667711598,0.380653828929691,0.4594715629198387,0.0013434841021047,9,3,2006,90,0.06136898746161602,0
Asset management,Internal fraud,People,"Jiangsu,Hongkong",2012-08,1,110000000.0,110000000.0,110000000.0,110000000.0,1,0.0,2012-08-01,1.0,20550000.0,1.0,0.0,0.0,0.0,0.0,0.0,0.0,0.0,0.0,0.0,0.0,0.0,0.0,1.0,20550000.0,1.0,1.0,20550000.0,1.0,1.0,20550000.0,1.0,110000000.0,18.5159909328476,2012-10-30,0,0,0.1943573667711598,0.380653828929691,0.4594715629198387,0.0013434841021047,8,3,2012,90,0.1654726574561516,0
Asset management,Internal fraud,People,"Jiangsu,Zhejiang",2011-10,1,100000000.0,100000000.0,100000000.0,100000000.0,1,0.0,2011-10-01,0.0,0.0,0.0,0.0,0.0,0.0,0.0,0.0,0.0,0.0,0.0,0.0,0.0,0.0,0.0,0.0,0.0,0.0,0.0,0.0,0.0,0.0,0.0,0.0,100000000.0,18.420680753952364,2011-12-30,0,0,0.1943573667711598,0.380653828929691,0.4594715629198387,0.0013434841021047,10,4,2011,90,0.11361720538124745,0
Asset management,Internal fraud,People,"Jiangsu,Zhejiang,Jiangxi,Hubei",1994-09,1,7340000.0,7340000.0,7340000.0,7340000.0,0,1.0,1994-09-01,0.0,0.0,0.0,0.0,0.0,0.0,0.0,0.0,0.0,0.0,0.0,0.0,0.0,0.0,0.0,0.0,0.0,0.0,0.0,0.0,0.0,0.0,0.0,0.0,7340000.0,15.80884953683047,1994-11-30,0,0,0.1943573667711598,0.380653828929691,0.4594715629198387,0.0004478280340349,9,3,1994,90,0.0619645381189655,0
Asset management,Internal fraud,People,Jiangxi,2017-09,2,300000.0,150000.0,150000.0,200000.0,0,1.0,2017-09-01,0.0,0.0,0.0,0.0,0.0,0.0,0.0,0.0,0.0,0.0,0.0,0.0,0.0,0.0,0.0,0.0,0.0,0.0,0.0,0.0,0.0,0.0,0.0,0.0,150000.0,12.611541086966117,2017-11-30,0,0,0.1943573667711598,0.380653828929691,0.4594715629198387,0.0156739811912225,9,3,2017,90,0.023565415047658588,0
Asset management,Internal fraud,People,"Jilin,Henan",2018-09,1,300000.0,300000.0,300000.0,300000.0,0,1.0,2018-09-01,0.0,0.0,0.0,0.0,0.0,0.0,0.0,0.0,0.0,0.0,0.0,0.0,0.0,0.0,0.0,0.0,0.0,0.0,0.0,0.0,0.0,0.0,0.0,0.0,300000.0,12.611541086966117,2018-11-30,0,0,0.1943573667711598,0.380653828929691,0.4594715629198387,0.0004478280340349,9,3,2018,90,0.024651863017284923,0
Asset management,Internal fraud,People,Liaoning,2018-11,1,700000.0,700000.0,700000.0,700000.0,0,0.0,2018-11-01,0.0,0.0,0.0,0.0,0.0,0.0,0.0,0.0,0.0,0.0,0.0,0.0,0.0,0.0,0.0,0.0,0.0,0.0,0.0,0.0,0.0,0.0,0.0,0.0,700000.0,13.45883704259595,2019-01-30,0,0,0.1943573667711598,0.380653828929691,0.4594715629198387,0.0291088222122704,11,4,2018,90,0.03699677460860202,0
Asset management,Internal fraud,People,Qinghai,2019-08,1,500000.0,500000.0,500000.0,500000.0,0,1.0,2019-08-01,0.0,0.0,0.0,0.0,0.0,0.0,0.0,0.0,0.0,0.0,0.0,0.0,0.0,0.0,0.0,0.0,0.0,0.0,0.0,0.0,0.0,0.0,0.0,0.0,500000.0,13.122365377402328,2019-10-30,0,0,0.1943573667711598,0.380653828929691,0.4594715629198387,0.0049261083743842,8,3,2019,90,0.032715855744766285,0
Asset management,Internal fraud,People,Shaanxi,2005-08,1,8198000.0,8198000.0,8198000.0,8198000.0,0,1.0,2005-08-01,0.0,0.0,0.0,0.0,0.0,0.0,0.0,0.0,0.0,0.0,0.0,0.0,0.0,0.0,0.0,0.0,0.0,0.0,0.0,0.0,0.0,0.0,0.0,0.0,8198000.0,15.919400902027384,2005-10-30,0,0,0.1943573667711598,0.380653828929691,0.4594715629198387,0.0237348858038513,8,3,2005,90,0.04961204643541008,0
Asset management,Internal fraud,People,Shaanxi,2013-03,1,4710000.0,4710000.0,4710000.0,4710000.0,0,2.0,2013-03-01,1.0,8198000.0,0.0,0.0,0.0,0.0,0.0,0.0,0.0,0.0,0.0,0.0,0.0,0.0,0.0,1.0,8198000.0,0.0,1.0,8198000.0,0.0,1.0,8198000.0,0.0,4710000.0,15.365198678306802,2013-05-30,0,0,0.1943573667711598,0.380653828929691,0.4594715629198387,0.0237348858038513,3,1,2013,90,0.0545142815754156,0
Asset management,Internal fraud,People,Shandong,2010-11,1,3000000.0,3000000.0,3000000.0,3000000.0,0,1.0,2010-11-01,0.0,0.0,0.0,0.0,0.0,0.0,0.0,0.0,0.0,0.0,0.0,0.0,0.0,0.0,0.0,0.0,0.0,0.0,0.0,0.0,0.0,0.0,0.0,0.0,3000000.0,14.914123179965662,2011-01-30,0,0,0.1943573667711598,0.380653828929691,0.4594715629198387,0.0501567398119122,11,4,2010,90,0.05085984897640168,0
Asset management,Internal fraud,People,Shandong,2012-03,1,16923500.0,16923500.0,16923500.0,16923500.0,1,1.0,2012-03-01,1.0,3000000.0,0.0,0.0,0.0,0.0,0.0,0.0,0.0,0.0,0.0,0.0,0.0,0.0,0.0,1.0,3000000.0,0.0,1.0,3000000.0,0.0,1.0,3000000.0,0.0,16923500.0,16.644213805632035,2012-05-30,0,0,0.1943573667711598,0.380653828929691,0.4594715629198387,0.0501567398119122,3,1,2012,90,0.0522374088605377,0
Asset management,Internal fraud,People,Shandong,2012-08,1,5500000.0,5500000.0,5500000.0,5500000.0,0,1.0,2012-08-01,1.0,16923500.0,1.0,1.0,3000000.0,0.0,0.0,0.0,0.0,0.0,0.0,0.0,0.0,0.0,0.0,2.0,19923500.0,1.0,2.0,19923500.0,1.0,2.0,19923500.0,1.0,5500000.0,15.520258832020865,2012-10-30,0,0,0.1943573667711598,0.380653828929691,0.4594715629198387,0.0501567398119122,8,3,2012,90,0.17740545284679066,0
Asset management,Internal fraud,People,"Shandong,Henan",2014-05,1,14473.0,14473.0,14473.0,14473.0,0,0.0,2014-05-01,0.0,0.0,0.0,0.0,0.0,0.0,0.0,0.0,0.0,0.0,0.0,0.0,0.0,0.0,0.0,0.0,0.0,0.0,0.0,0.0,0.0,0.0,0.0,0.0,14473.0,9.580109215426074,2014-07-30,0,0,0.1943573667711598,0.380653828929691,0.4594715629198387,0.0004478280340349,5,2,2014,90,0.051839098539452726,0
Asset management,Internal fraud,People,Shanghai,2015-03,1,1000000.0,1000000.0,1000000.0,1000000.0,0,1.0,2015-03-01,0.0,0.0,0.0,0.0,0.0,0.0,0.0,0.0,0.0,0.0,0.0,0.0,0.0,0.0,0.0,0.0,0.0,0.0,0.0,0.0,0.0,0.0,0.0,0.0,1000000.0,13.815511557963774,2015-05-30,0,0,0.1943573667711598,0.380653828929691,0.4594715629198387,0.0452306314375279,3,1,2015,90,0.08351663717795159,0
Asset management,Internal fraud,People,Shanghai,2016-01,1,786000000.0,786000000.0,786000000.0,786000000.0,1,0.0,2016-01-01,1.0,1000000.0,0.0,0.0,0.0,0.0,0.0,0.0,0.0,0.0,0.0,0.0,0.0,0.0,0.0,1.0,1000000.0,0.0,1.0,1000000.0,0.0,1.0,1000000.0,0.0,786000000.0,20.482467351665747,2016-03-31,0,0,0.1943573667711598,0.380653828929691,0.4594715629198387,0.0452306314375279,1,1,2016,90,0.10703753970999783,0
Asset management,Internal fraud,People,Shanghai,2017-07,1,300000000.0,300000000.0,300000000.0,300000000.0,1,7.0,2017-07-01,1.0,786000000.0,1.0,1.0,1000000.0,0.0,0.0,0.0,0.0,0.0,0.0,0.0,0.0,0.0,0.0,2.0,787000000.0,1.0,2.0,787000000.0,1.0,2.0,787000000.0,1.0,300000000.0,19.519293035953808,2017-09-29,0,0,0.1943573667711598,0.380653828929691,0.4594715629198387,0.0452306314375279,7,3,2017,90,0.2985585785742271,0
Asset management,Internal fraud,People,Shanghai,2018-07,1,500000.0,500000.0,500000.0,500000.0,0,2.0,2018-07-01,1.0,300000000.0,1.0,1.0,786000000.0,1.0,1.0,1000000.0,0.0,0.0,0.0,0.0,0.0,0.0,0.0,3.0,1087000000.0,2.0,3.0,1087000000.0,2.0,3.0,1087000000.0,2.0,500000.0,13.122365377402328,2018-09-29,0,0,0.1943573667711598,0.380653828929691,0.4594715629198387,0.0452306314375279,7,3,2018,90,0.09059766555534784,0
Asset management,Internal fraud,People,Shanghai,2019-08,1,2291000.0,2291000.0,2291000.0,2291000.0,0,4.0,2019-08-01,1.0,500000.0,0.0,1.0,300000000.0,1.0,1.0,786000000.0,1.0,0.0,0.0,0.0,0.0,0.0,0.0,3.0,1086500000.0,2.0,4.0,1087500000.0,2.0,4.0,1087500000.0,2.0,2291000.0,14.644499397926152,2019-10-30,0,0,0.1943573667711598,0.380653828929691,0.4594715629198387,0.0452306314375279,8,3,2019,90,0.16413561240693997,0
Asset management,Internal fraud,People,"Shanghai,Chongqing",2017-07,1,1300000.0,1300000.0,1300000.0,1300000.0,0,1.0,2017-07-01,0.0,0.0,0.0,0.0,0.0,0.0,0.0,0.0,0.0,0.0,0.0,0.0,0.0,0.0,0.0,0.0,0.0,0.0,0.0,0.0,0.0,0.0,0.0,0.0,1300000.0,14.077875591662238,2017-09-29,0,0,0.1943573667711598,0.380653828929691,0.4594715629198387,0.0013434841021047,7,3,2017,90,0.04570551679104144,0
Asset management,Internal fraud,People,"Shanghai,Guangdong",2018-11,1,800000.0,800000.0,800000.0,800000.0,0,1.0,2018-11-01,0.0,0.0,0.0,0.0,0.0,0.0,0.0,0.0,0.0,0.0,0.0,0.0,0.0,0.0,0.0,0.0,0.0,0.0,0.0,0.0,0.0,0.0,0.0,0.0,800000.0,13.592368256649284,2019-01-30,0,0,0.1943573667711598,0.380653828929691,0.4594715629198387,0.0004478280340349,11,4,2018,90,0.04309302439564785,0
Asset management,Internal fraud,People,"Shanghai,Jiangxi",2012-09,1,81384405.0,81384405.0,81384405.0,81384405.0,1,1.0,2012-09-01,0.0,0.0,0.0,0.0,0.0,0.0,0.0,0.0,0.0,0.0,0.0,0.0,0.0,0.0,0.0,0.0,0.0,0.0,0.0,0.0,0.0,0.0,0.0,0.0,81384405.0,18.214694240138844,2012-11-30,0,0,0.1943573667711598,0.380653828929691,0.4594715629198387,0.0008956560680698,9,3,2012,90,0.08943291292490146,0
Asset management,Internal fraud,People,"Shanghai,Zhejiang",2018-07,1,950000.0,950000.0,950000.0,950000.0,0,4.0,2018-07-01,0.0,0.0,0.0,0.0,0.0,0.0,0.0,0.0,0.0,0.0,0.0,0.0,0.0,0.0,0.0,0.0,0.0,0.0,0.0,0.0,0.0,0.0,0.0,0.0,950000.0,13.76421831620775,2018-09-29,0,0,0.1943573667711598,0.380653828929691,0.4594715629198387,0.0022391401701746,7,3,2018,90,0.033804481597954905,0
Asset management,Internal fraud,People,Shanxi,2004-07,1,5920000.0,5920000.0,5920000.0,5920000.0,0,1.0,2004-07-01,0.0,0.0,0.0,0.0,0.0,0.0,0.0,0.0,0.0,0.0,0.0,0.0,0.0,0.0,0.0,0.0,0.0,0.0,0.0,0.0,0.0,0.0,0.0,0.0,5920000.0,15.593847175779093,2004-09-29,0,0,0.1943573667711598,0.380653828929691,0.4594715629198387,0.0214957456336766,7,3,2004,90,0.04254785788657631,0
Asset management,Internal fraud,People,Shanxi,2018-11,1,500000000.0,500000000.0,500000000.0,500000000.0,1,1.0,2018-11-01,1.0,5920000.0,0.0,0.0,0.0,0.0,0.0,0.0,0.0,0.0,0.0,0.0,0.0,0.0,0.0,1.0,5920000.0,0.0,1.0,5920000.0,0.0,1.0,5920000.0,0.0,500000000.0,20.030118658386467,2019-01-30,0,0,0.1943573667711598,0.380653828929691,0.4594715629198387,0.0214957456336766,11,4,2018,90,0.07243092152117718,0
Asset management,Internal fraud,People,Sichuan,2018-01,1,462000000.0,462000000.0,462000000.0,462000000.0,1,4.0,2018-01-01,0.0,0.0,0.0,0.0,0.0,0.0,0.0,0.0,0.0,0.0,0.0,0.0,0.0,0.0,0.0,0.0,0.0,0.0,0.0,0.0,0.0,0.0,0.0,0.0,462000000.0,19.951075451210517,2018-04-01,0,0,0.1943573667711598,0.380653828929691,0.4594715629198387,0.0273175100761307,1,1,2018,90,0.09267681412588057,0
Asset management,Internal fraud,People,Tibet,2018-10,1,300000.0,300000.0,300000.0,300000.0,0,1.0,2018-10-01,0.0,0.0,0.0,0.0,0.0,0.0,0.0,0.0,0.0,0.0,0.0,0.0,0.0,0.0,0.0,0.0,0.0,0.0,0.0,0.0,0.0,0.0,0.0,0.0,300000.0,12.611541086966117,2018-12-30,0,0,0.1943573667711598,0.380653828929691,0.4594715629198387,0.0026869682042095,10,4,2018,90,0.04141911310291302,0
Asset management,Internal fraud,People,Xinjiang,2018-09,1,450000.0,450000.0,450000.0,450000.0,0,2.0,2018-09-01,0.0,0.0,0.0,0.0,0.0,0.0,0.0,0.0,0.0,0.0,0.0,0.0,0.0,0.0,0.0,0.0,0.0,0.0,0.0,0.0,0.0,0.0,0.0,0.0,450000.0,13.017005083966255,2018-11-30,0,0,0.1943573667711598,0.380653828929691,0.4594715629198387,0.005821764442454,9,3,2018,90,0.029210430374344808,0
Asset management,Internal fraud,People,Yunnan,2018-07,1,250000.0,250000.0,250000.0,250000.0,0,0.0,2018-07-01,0.0,0.0,0.0,0.0,0.0,0.0,0.0,0.0,0.0,0.0,0.0,0.0,0.0,0.0,0.0,0.0,0.0,0.0,0.0,0.0,0.0,0.0,0.0,0.0,250000.0,12.429220196836384,2018-09-29,0,0,0.1943573667711598,0.380653828929691,0.4594715629198387,0.0134348410210479,7,3,2018,90,0.028368124664486852,0
Asset management,Internal fraud,People,Zhejiang,2011-10,1,987000.0,987000.0,987000.0,987000.0,0,1.0,2011-10-01,0.0,0.0,0.0,0.0,0.0,0.0,0.0,0.0,0.0,0.0,0.0,0.0,0.0,0.0,0.0,0.0,0.0,0.0,0.0,0.0,0.0,0.0,0.0,0.0,987000.0,13.80242633158633,2011-12-30,0,0,0.1943573667711598,0.380653828929691,0.4594715629198387,0.0523958799820868,10,4,2011,90,0.05329671058813129,0
Asset management,Internal fraud,People,Zhejiang,2017-07,1,250000.0,250000.0,250000.0,250000.0,0,1.0,2017-07-01,1.0,987000.0,0.0,0.0,0.0,0.0,0.0,0.0,0.0,0.0,0.0,0.0,0.0,0.0,0.0,1.0,987000.0,0.0,1.0,987000.0,0.0,1.0,987000.0,0.0,250000.0,12.429220196836384,2017-09-29,0,0,0.1943573667711598,0.380653828929691,0.4594715629198387,0.0523958799820868,7,3,2017,90,0.008472570785664418,0
Asset management,Internal fraud,People,Zhejiang,2017-11,1,600000.0,600000.0,600000.0,600000.0,0,1.0,2017-11-01,1.0,250000.0,0.0,1.0,987000.0,0.0,0.0,0.0,0.0,0.0,0.0,0.0,0.0,0.0,0.0,2.0,1237000.0,0.0,2.0,1237000.0,0.0,2.0,1237000.0,0.0,600000.0,13.304686600863562,2018-01-30,0,1,0.1943573667711598,0.380653828929691,0.4594715629198387,0.0523958799820868,11,4,2017,90,0.05324411671687909,0
Asset management,Internal fraud,People,Zhejiang,2017-12,1,450000.0,450000.0,450000.0,450000.0,0,1.0,2017-12-01,1.0,600000.0,0.0,1.0,250000.0,0.0,1.0,987000.0,0.0,0.0,0.0,0.0,0.0,0.0,0.0,3.0,1837000.0,0.0,3.0,1837000.0,0.0,3.0,1837000.0,0.0,450000.0,13.017005083966255,2018-03-01,0,0,0.1943573667711598,0.380653828929691,0.4594715629198387,0.0523958799820868,12,4,2017,90,0.04846302560914987,0
Asset management,Internal fraud,People,Zhejiang,2018-07,1,300000.0,300000.0,300000.0,300000.0,0,3.0,2018-07-01,1.0,450000.0,0.0,1.0,600000.0,0.0,1.0,250000.0,0.0,0.0,0.0,0.0,0.0,0.0,0.0,3.0,1300000.0,0.0,4.0,2287000.0,0.0,4.0,2287000.0,0.0,300000.0,12.611541086966117,2018-09-29,0,0,0.1943573667711598,0.380653828929691,0.4594715629198387,0.0523958799820868,7,3,2018,90,0.020974416962575355,0
Asset management,Internal fraud,People,Zhejiang,2018-12,1,750000.0,750000.0,750000.0,750000.0,0,1.0,2018-12-01,1.0,300000.0,0.0,1.0,450000.0,0.0,1.0,600000.0,0.0,0.0,0.0,0.0,0.0,0.0,0.0,3.0,1350000.0,0.0,5.0,2587000.0,0.0,5.0,2587000.0,0.0,750000.0,13.527829818844936,2019-03-01,0,0,0.1943573667711598,0.380653828929691,0.4594715629198387,0.0523958799820868,12,4,2018,90,0.07978310527246471,0
Asset management,Internal fraud,People,Zhejiang,2019-06,1,800000.0,800000.0,800000.0,800000.0,0,1.0,2019-06-01,1.0,750000.0,0.0,1.0,300000.0,0.0,1.0,450000.0,0.0,1.0,987000.0,0.0,0.0,0.0,0.0,3.0,1500000.0,0.0,6.0,3337000.0,0.0,6.0,3337000.0,0.0,800000.0,13.592368256649284,2019-08-30,0,0,0.1943573667711598,0.380653828929691,0.4594715629198387,0.0523958799820868,6,2,2019,90,0.07002002554677589,0
Asset management,Internal fraud,People,Zhejiang,2019-09,1,1950000.0,1950000.0,1950000.0,1950000.0,0,1.0,2019-09-01,1.0,800000.0,0.0,1.0,750000.0,0.0,1.0,300000.0,0.0,1.0,250000.0,0.0,0.0,0.0,0.0,3.0,1850000.0,0.0,6.0,3150000.0,0.0,7.0,4137000.0,0.0,1950000.0,14.48334044336031,2019-11-30,0,0,0.1943573667711598,0.380653828929691,0.4594715629198387,0.0523958799820868,9,3,2019,90,0.10117991833289516,0
Asset management,Internal fraud,People,"Zhejiang,Shandong,Henan,Guangdong,Sichuan",2010-05,1,19005343.0,19005343.0,19005343.0,19005343.0,1,6.0,2010-05-01,0.0,0.0,0.0,0.0,0.0,0.0,0.0,0.0,0.0,0.0,0.0,0.0,0.0,0.0,0.0,0.0,0.0,0.0,0.0,0.0,0.0,0.0,0.0,0.0,19005343.0,16.760230760741543,2010-07-30,0,0,0.1943573667711598,0.380653828929691,0.4594715629198387,0.0004478280340349,5,2,2010,90,0.05522828590759763,0
Asset management,Internal fraud,Process,Anhui,2017-09,1,300000.0,300000.0,300000.0,300000.0,0,1.0,2017-09-01,0.0,0.0,0.0,0.0,0.0,0.0,0.0,0.0,0.0,0.0,0.0,0.0,0.0,0.0,0.0,0.0,0.0,0.0,0.0,0.0,0.0,0.0,0.0,0.0,300000.0,12.611541086966117,2017-11-30,0,0,0.1943573667711598,0.380653828929691,0.2001791312136139,0.0250783699059561,9,3,2017,90,0.0201955062491163,0
Asset management,Internal fraud,Process,Beijing,2017-06,1,500000.0,500000.0,500000.0,500000.0,0,1.0,2017-06-01,0.0,0.0,0.0,0.0,0.0,0.0,0.0,0.0,0.0,0.0,0.0,0.0,0.0,0.0,0.0,0.0,0.0,0.0,0.0,0.0,0.0,0.0,0.0,0.0,500000.0,13.122365377402328,2017-08-30,0,0,0.1943573667711598,0.380653828929691,0.2001791312136139,0.0940438871473354,6,2,2017,90,0.026974978716334235,0
Asset management,Internal fraud,Process,Beijing,2017-11,1,140000.0,140000.0,140000.0,140000.0,0,1.0,2017-11-01,1.0,500000.0,0.0,0.0,0.0,0.0,0.0,0.0,0.0,0.0,0.0,0.0,0.0,0.0,0.0,1.0,500000.0,0.0,1.0,500000.0,0.0,1.0,500000.0,0.0,140000.0,11.849404844423074,2018-01-30,0,1,0.1943573667711598,0.380653828929691,0.2001791312136139,0.0940438871473354,11,4,2017,90,0.016837313718051878,0
Asset management,Internal fraud,Process,Beijing,2018-01,1,200000.0,200000.0,200000.0,200000.0,0,1.0,2018-01-01,1.0,140000.0,0.0,1.0,500000.0,0.0,0.0,0.0,0.0,0.0,0.0,0.0,0.0,0.0,0.0,2.0,640000.0,0.0,2.0,640000.0,0.0,2.0,640000.0,0.0,200000.0,12.206077645517674,2018-04-01,0,0,0.1943573667711598,0.380653828929691,0.2001791312136139,0.0940438871473354,1,1,2018,90,0.04964245469377624,0
Asset management,Internal fraud,Process,"Beijing,Zhejiang",2019-02,1,50000.0,50000.0,50000.0,50000.0,0,1.0,2019-02-01,0.0,0.0,0.0,0.0,0.0,0.0,0.0,0.0,0.0,0.0,0.0,0.0,0.0,0.0,0.0,0.0,0.0,0.0,0.0,0.0,0.0,0.0,0.0,0.0,50000.0,10.819798284210286,2019-05-02,0,0,0.1943573667711598,0.380653828929691,0.2001791312136139,0.0076130765785938,2,1,2019,90,0.031558642098768616,0
Asset management,Internal fraud,Process,Chongqing,2017-06,1,50000.0,50000.0,50000.0,50000.0,0,1.0,2017-06-01,0.0,0.0,0.0,0.0,0.0,0.0,0.0,0.0,0.0,0.0,0.0,0.0,0.0,0.0,0.0,0.0,0.0,0.0,0.0,0.0,0.0,0.0,0.0,0.0,50000.0,10.819798284210286,2017-08-30,0,0,0.1943573667711598,0.380653828929691,0.2001791312136139,0.0232870577698163,6,2,2017,90,0.023785277165284793,0
Asset management,Internal fraud,Process,Henan,2016-12,1,1215600.0,1215600.0,1215600.0,1215600.0,0,1.0,2016-12-01,0.0,0.0,0.0,0.0,0.0,0.0,0.0,0.0,0.0,0.0,0.0,0.0,0.0,0.0,0.0,0.0,0.0,0.0,0.0,0.0,0.0,0.0,0.0,0.0,1215600.0,14.010749162663462,2017-03-01,0,0,0.1943573667711598,0.380653828929691,0.2001791312136139,0.0497089117778772,12,4,2016,90,0.028297999375106422,0
Asset management,Internal fraud,Process,Qinghai,2019-08,1,900000.0,900000.0,900000.0,900000.0,0,1.0,2019-08-01,0.0,0.0,0.0,0.0,0.0,0.0,0.0,0.0,0.0,0.0,0.0,0.0,0.0,0.0,0.0,0.0,0.0,0.0,0.0,0.0,0.0,0.0,0.0,0.0,900000.0,13.71015115341694,2019-10-30,0,0,0.1943573667711598,0.380653828929691,0.2001791312136139,0.0049261083743842,8,3,2019,90,0.027684363280489024,0
Asset management,Internal fraud,Process,Zhejiang,2018-12,1,550000.0,550000.0,550000.0,550000.0,0,2.0,2018-12-01,0.0,0.0,0.0,0.0,0.0,0.0,0.0,0.0,0.0,0.0,0.0,0.0,0.0,0.0,0.0,0.0,0.0,0.0,0.0,0.0,0.0,0.0,0.0,0.0,550000.0,13.21767537538882,2019-03-01,0,0,0.1943573667711598,0.380653828929691,0.2001791312136139,0.0523958799820868,12,4,2018,90,0.030071342764112816,0
Commercial banking,"Clients, products & business practices",External event,Beijing,2014-04,1,1480000.0,1480000.0,1480000.0,1480000.0,0,1.0,2014-04-01,0.0,0.0,0.0,0.0,0.0,0.0,0.0,0.0,0.0,0.0,0.0,0.0,0.0,0.0,0.0,0.0,0.0,0.0,0.0,0.0,0.0,0.0,0.0,0.0,1480000.0,14.207553321415745,2014-06-30,0,0,0.1840573219883564,0.1424093148231079,0.322884012539185,0.0940438871473354,4,2,2014,90,0.026223670895706833,0
Commercial banking,"Clients, products & business practices",People,Beijing,2019-10,1,6000000.0,6000000.0,6000000.0,6000000.0,0,1.0,2019-10-01,0.0,0.0,0.0,0.0,0.0,0.0,0.0,0.0,0.0,0.0,0.0,0.0,0.0,0.0,0.0,0.0,0.0,0.0,0.0,0.0,0.0,0.0,0.0,0.0,6000000.0,15.607270193858982,2019-12-30,0,0,0.1840573219883564,0.1424093148231079,0.4594715629198387,0.0940438871473354,10,4,2019,90,0.04774466494299089,0
Commercial banking,"Clients, products & business practices",People,"Beijing,Hubei",2019-02,1,300000.0,300000.0,300000.0,300000.0,0,2.0,2019-02-01,0.0,0.0,0.0,0.0,0.0,0.0,0.0,0.0,0.0,0.0,0.0,0.0,0.0,0.0,0.0,0.0,0.0,0.0,0.0,0.0,0.0,0.0,0.0,0.0,300000.0,12.611541086966117,2019-05-02,0,0,0.1840573219883564,0.1424093148231079,0.4594715629198387,0.0053739364084191,2,1,2019,90,0.01719413647595008,0
Commercial banking,"Clients, products & business practices",People,"Beijing,Shaanxi",2019-09,1,250000.0,250000.0,250000.0,250000.0,0,3.0,2019-09-01,0.0,0.0,0.0,0.0,0.0,0.0,0.0,0.0,0.0,0.0,0.0,0.0,0.0,0.0,0.0,0.0,0.0,0.0,0.0,0.0,0.0,0.0,0.0,0.0,250000.0,12.429220196836384,2019-11-30,0,0,0.1840573219883564,0.1424093148231079,0.4594715629198387,0.0026869682042095,9,3,2019,90,0.015429728871480973,0
Commercial banking,"Clients, products & business practices",People,"Beijing,Tianjin,Shanghai,Chongqing",2019-09,1,1200000.0,1200000.0,1200000.0,1200000.0,0,3.0,2019-09-01,0.0,0.0,0.0,0.0,0.0,0.0,0.0,0.0,0.0,0.0,0.0,0.0,0.0,0.0,0.0,0.0,0.0,0.0,0.0,0.0,0.0,0.0,0.0,0.0,1200000.0,13.997832948091215,2019-11-30,0,0,0.1840573219883564,0.1424093148231079,0.4594715629198387,0.0004478280340349,9,3,2019,90,0.03030078364327579,0
Commercial banking,"Clients, products & business practices",People,Henan,2019-01,1,500000.0,500000.0,500000.0,500000.0,0,2.0,2019-01-01,0.0,0.0,0.0,0.0,0.0,0.0,0.0,0.0,0.0,0.0,0.0,0.0,0.0,0.0,0.0,0.0,0.0,0.0,0.0,0.0,0.0,0.0,0.0,0.0,500000.0,13.122365377402328,2019-04-01,0,0,0.1840573219883564,0.1424093148231079,0.4594715629198387,0.0497089117778772,1,1,2019,90,0.03167546684568455,0
Commercial banking,"Clients, products & business practices",People,Zhejiang,2012-09,1,80000000.0,80000000.0,80000000.0,80000000.0,1,1.0,2012-09-01,0.0,0.0,0.0,0.0,0.0,0.0,0.0,0.0,0.0,0.0,0.0,0.0,0.0,0.0,0.0,0.0,0.0,0.0,0.0,0.0,0.0,0.0,0.0,0.0,80000000.0,18.197537205138158,2012-11-30,0,0,0.1840573219883564,0.1424093148231079,0.4594715629198387,0.0523958799820868,9,3,2012,90,0.06226072017998457,0
Commercial banking,"Clients, products & business practices",Process,Beijing,2018-12,1,198000.0,198000.0,198000.0,198000.0,0,2.0,2018-12-01,0.0,0.0,0.0,0.0,0.0,0.0,0.0,0.0,0.0,0.0,0.0,0.0,0.0,0.0,0.0,0.0,0.0,0.0,0.0,0.0,0.0,0.0,0.0,0.0,198000.0,12.19602736016897,2019-03-01,0,0,0.1840573219883564,0.1424093148231079,0.2001791312136139,0.0940438871473354,12,4,2018,90,0.008639223450993674,0
Commercial banking,"Clients, products & business practices",Process,Chongqing,2001-10,1,800000.0,800000.0,800000.0,800000.0,0,1.0,2001-10-01,0.0,0.0,0.0,0.0,0.0,0.0,0.0,0.0,0.0,0.0,0.0,0.0,0.0,0.0,0.0,0.0,0.0,0.0,0.0,0.0,0.0,0.0,0.0,0.0,800000.0,13.592368256649284,2001-12-30,0,0,0.1840573219883564,0.1424093148231079,0.2001791312136139,0.0232870577698163,10,4,2001,90,0.03608633536512726,0
Commercial banking,"Clients, products & business practices",Process,Chongqing,2019-09,1,200000.0,200000.0,200000.0,200000.0,0,1.0,2019-09-01,1.0,800000.0,0.0,0.0,0.0,0.0,0.0,0.0,0.0,0.0,0.0,0.0,0.0,0.0,0.0,1.0,800000.0,0.0,1.0,800000.0,0.0,1.0,800000.0,0.0,200000.0,12.206077645517674,2019-11-30,0,0,0.1840573219883564,0.1424093148231079,0.2001791312136139,0.0232870577698163,9,3,2019,90,0.005725297853636891,0
Commercial banking,"Clients, products & business practices",Process,Guangxi,2019-05,1,200000.0,200000.0,200000.0,200000.0,0,1.0,2019-05-01,0.0,0.0,0.0,0.0,0.0,0.0,0.0,0.0,0.0,0.0,0.0,0.0,0.0,0.0,0.0,0.0,0.0,0.0,0.0,0.0,0.0,0.0,0.0,0.0,200000.0,12.206077645517674,2019-07-30,0,0,0.1840573219883564,0.1424093148231079,0.2001791312136139,0.0143304970891177,5,2,2019,90,0.008764718369806176,0
Commercial banking,"Clients, products & business practices",Process,Hubei,2018-07,1,100000.0,100000.0,100000.0,100000.0,0,1.0,2018-07-01,0.0,0.0,0.0,0.0,0.0,0.0,0.0,0.0,0.0,0.0,0.0,0.0,0.0,0.0,0.0,0.0,0.0,0.0,0.0,0.0,0.0,0.0,0.0,0.0,100000.0,11.51293546492023,2018-09-29,0,0,0.1840573219883564,0.1424093148231079,0.2001791312136139,0.0313479623824451,7,3,2018,90,0.01784819439447344,0
Commercial banking,"Clients, products & business practices",Process,"Inner mongolia,Inner mongolia",2019-03,1,400000.0,400000.0,400000.0,400000.0,0,1.0,2019-03-01,0.0,0.0,0.0,0.0,0.0,0.0,0.0,0.0,0.0,0.0,0.0,0.0,0.0,0.0,0.0,0.0,0.0,0.0,0.0,0.0,0.0,0.0,0.0,0.0,400000.0,12.899222326086994,2019-05-30,0,0,0.1840573219883564,0.1424093148231079,0.2001791312136139,0.0071652485445588,3,1,2019,90,0.02074358118585471,0
Commercial banking,"Clients, products & business practices",Process,Jiangsu,2017-08,1,250000.0,250000.0,250000.0,250000.0,0,1.0,2017-08-01,0.0,0.0,0.0,0.0,0.0,0.0,0.0,0.0,0.0,0.0,0.0,0.0,0.0,0.0,0.0,0.0,0.0,0.0,0.0,0.0,0.0,0.0,0.0,0.0,250000.0,12.429220196836384,2017-10-30,0,0,0.1840573219883564,0.1424093148231079,0.2001791312136139,0.032243618450515,8,3,2017,90,0.011409275732570456,0
Commercial banking,"Clients, products & business practices",Process,Jiangxi,2002-10,1,420000.0,420000.0,420000.0,420000.0,0,0.0,2002-10-01,0.0,0.0,0.0,0.0,0.0,0.0,0.0,0.0,0.0,0.0,0.0,0.0,0.0,0.0,0.0,0.0,0.0,0.0,0.0,0.0,0.0,0.0,0.0,0.0,420000.0,12.948012371209098,2002-12-30,0,0,0.1840573219883564,0.1424093148231079,0.2001791312136139,0.0156739811912225,10,4,2002,90,0.0395097503458154,0
Commercial banking,"Clients, products & business practices",Process,Shandong,2017-09,1,500000.0,500000.0,500000.0,500000.0,0,1.0,2017-09-01,0.0,0.0,0.0,0.0,0.0,0.0,0.0,0.0,0.0,0.0,0.0,0.0,0.0,0.0,0.0,0.0,0.0,0.0,0.0,0.0,0.0,0.0,0.0,0.0,500000.0,13.122365377402328,2017-11-30,0,0,0.1840573219883564,0.1424093148231079,0.2001791312136139,0.0501567398119122,9,3,2017,90,0.01650844990043943,0
Commercial banking,"Clients, products & business practices",Process,Shandong,2018-08,1,250000.0,250000.0,250000.0,250000.0,0,1.0,2018-08-01,1.0,500000.0,0.0,0.0,0.0,0.0,0.0,0.0,0.0,0.0,0.0,0.0,0.0,0.0,0.0,1.0,500000.0,0.0,1.0,500000.0,0.0,1.0,500000.0,0.0,250000.0,12.429220196836384,2018-10-30,0,0,0.1840573219883564,0.1424093148231079,0.2001791312136139,0.0501567398119122,8,3,2018,90,0.00588623285098562,0
Commercial banking,"Clients, products & business practices",Process,Shandong,2019-02,1,350000.0,350000.0,350000.0,350000.0,0,1.0,2019-02-01,1.0,250000.0,0.0,1.0,500000.0,0.0,0.0,0.0,0.0,0.0,0.0,0.0,0.0,0.0,0.0,2.0,750000.0,0.0,2.0,750000.0,0.0,2.0,750000.0,0.0,350000.0,12.765691290604371,2019-05-02,0,1,0.1840573219883564,0.1424093148231079,0.2001791312136139,0.0501567398119122,2,1,2019,90,0.024978055276246316,0
Commercial banking,"Clients, products & business practices",Process,Shandong,2019-03,1,200000.0,200000.0,200000.0,200000.0,0,1.0,2019-03-01,1.0,350000.0,0.0,1.0,250000.0,0.0,1.0,500000.0,0.0,0.0,0.0,0.0,0.0,0.0,0.0,3.0,1100000.0,0.0,3.0,1100000.0,0.0,3.0,1100000.0,0.0,200000.0,12.206077645517674,2019-05-30,0,0,0.1840573219883564,0.1424093148231079,0.2001791312136139,0.0501567398119122,3,1,2019,90,0.02404239988510116,0
Commercial banking,"Clients, products & business practices",Process,"Shanghai,Anhui",2017-08,1,400000.0,400000.0,400000.0,400000.0,0,1.0,2017-08-01,0.0,0.0,0.0,0.0,0.0,0.0,0.0,0.0,0.0,0.0,0.0,0.0,0.0,0.0,0.0,0.0,0.0,0.0,0.0,0.0,0.0,0.0,0.0,0.0,400000.0,12.899222326086994,2017-10-30,0,0,0.1840573219883564,0.1424093148231079,0.2001791312136139,0.0017913121361397,8,3,2017,90,0.015861680773955004,0
Commercial banking,"Clients, products & business practices",Process,"Shanghai,Guizhou",2018-12,1,900000.0,900000.0,900000.0,900000.0,0,4.0,2018-12-01,0.0,0.0,0.0,0.0,0.0,0.0,0.0,0.0,0.0,0.0,0.0,0.0,0.0,0.0,0.0,0.0,0.0,0.0,0.0,0.0,0.0,0.0,0.0,0.0,900000.0,13.71015115341694,2019-03-01,0,0,0.1840573219883564,0.1424093148231079,0.2001791312136139,0.0008956560680698,12,4,2018,90,0.0190836016692243,0
Commercial banking,"Clients, products & business practices",Process,"Shanghai,Macao",2014-03,1,160000000.0,160000000.0,160000000.0,160000000.0,1,2.0,2014-03-01,0.0,0.0,0.0,0.0,0.0,0.0,0.0,0.0,0.0,0.0,0.0,0.0,0.0,0.0,0.0,0.0,0.0,0.0,0.0,0.0,0.0,0.0,0.0,0.0,160000000.0,18.8906843794481,2014-05-30,0,0,0.1840573219883564,0.1424093148231079,0.2001791312136139,0.0004478280340349,3,1,2014,90,0.05454312379577305,0
Commercial banking,"Clients, products & business practices",Process,Sichuan,2011-05,1,21000000.0,21000000.0,21000000.0,21000000.0,1,1.0,2011-05-01,0.0,0.0,0.0,0.0,0.0,0.0,0.0,0.0,0.0,0.0,0.0,0.0,0.0,0.0,0.0,0.0,0.0,0.0,0.0,0.0,0.0,0.0,0.0,0.0,21000000.0,16.860033043306743,2011-07-30,0,0,0.1840573219883564,0.1424093148231079,0.2001791312136139,0.0273175100761307,5,2,2011,90,0.03219458010039514,0
Commercial banking,"Clients, products & business practices",Process,Sichuan,2016-05,1,500000.0,500000.0,500000.0,500000.0,0,4.0,2016-05-01,1.0,21000000.0,1.0,0.0,0.0,0.0,0.0,0.0,0.0,0.0,0.0,0.0,0.0,0.0,0.0,1.0,21000000.0,1.0,1.0,21000000.0,1.0,1.0,21000000.0,1.0,500000.0,13.122365377402328,2016-07-30,0,0,0.1840573219883564,0.1424093148231079,0.2001791312136139,0.0273175100761307,5,2,2016,90,0.05364507027759361,0
Commercial banking,"Clients, products & business practices",Process,"Tianjin,Shanghai,Jiangsu",2020-10,1,78000.0,78000.0,78000.0,78000.0,0,3.0,2020-10-01,0.0,0.0,0.0,0.0,0.0,0.0,0.0,0.0,0.0,0.0,0.0,0.0,0.0,0.0,0.0,0.0,0.0,0.0,0.0,0.0,0.0,0.0,0.0,0.0,78000.0,11.264476926102368,2020-12-30,0,0,0.1840573219883564,0.1424093148231079,0.2001791312136139,0.0022391401701746,10,4,2020,90,0.01691842259375581,0
Commercial banking,"Execution, delivery & process management",External event,Jiangsu,2008-11,1,400000000.0,400000000.0,400000000.0,400000000.0,1,1.0,2008-11-01,0.0,0.0,0.0,0.0,0.0,0.0,0.0,0.0,0.0,0.0,0.0,0.0,0.0,0.0,0.0,0.0,0.0,0.0,0.0,0.0,0.0,0.0,0.0,0.0,400000000.0,19.806975107572256,2009-01-30,0,0,0.1840573219883564,0.1527093596059113,0.322884012539185,0.032243618450515,11,4,2008,90,0.06192823465393538,0
Commercial banking,"Execution, delivery & process management",External event,Shandong,2014-03,1,15000000.0,15000000.0,15000000.0,15000000.0,1,1.0,2014-03-01,0.0,0.0,0.0,0.0,0.0,0.0,0.0,0.0,0.0,0.0,0.0,0.0,0.0,0.0,0.0,0.0,0.0,0.0,0.0,0.0,0.0,0.0,0.0,0.0,15000000.0,16.52356082573315,2014-05-30,0,0,0.1840573219883564,0.1527093596059113,0.322884012539185,0.0501567398119122,3,1,2014,90,0.03880518960031997,0
Commercial banking,"Execution, delivery & process management",People,Guangdong,1998-07,1,188000000.0,188000000.0,188000000.0,188000000.0,1,2.0,1998-07-01,0.0,0.0,0.0,0.0,0.0,0.0,0.0,0.0,0.0,0.0,0.0,0.0,0.0,0.0,0.0,0.0,0.0,0.0,0.0,0.0,0.0,0.0,0.0,0.0,188000000.0,19.05195252611337,1998-09-29,0,0,0.1840573219883564,0.1527093596059113,0.4594715629198387,0.044782803403493,7,3,1998,90,0.08870355856501594,0
Commercial banking,"Execution, delivery & process management",People,Hebei,2013-03,1,29900000.0,29900000.0,29900000.0,29900000.0,1,1.0,2013-03-01,0.0,0.0,0.0,0.0,0.0,0.0,0.0,0.0,0.0,0.0,0.0,0.0,0.0,0.0,0.0,0.0,0.0,0.0,0.0,0.0,0.0,0.0,0.0,0.0,29900000.0,17.21336907180573,2013-05-30,0,0,0.1840573219883564,0.1527093596059113,0.4594715629198387,0.0111957008508732,3,1,2013,90,0.08699581611235233,0
Commercial banking,"Execution, delivery & process management",People,"Hebei,Hubei",2013-03,1,356000000.0,356000000.0,356000000.0,356000000.0,1,5.0,2013-03-01,0.0,0.0,0.0,0.0,0.0,0.0,0.0,0.0,0.0,0.0,0.0,0.0,0.0,0.0,0.0,0.0,0.0,0.0,0.0,0.0,0.0,0.0,0.0,0.0,356000000.0,19.69044129162529,2013-05-30,0,0,0.1840573219883564,0.1527093596059113,0.4594715629198387,0.0008956560680698,3,1,2013,90,0.13108533430613453,0
Commercial banking,"Execution, delivery & process management",People,Hubei,2015-07,1,10000000.0,10000000.0,10000000.0,10000000.0,1,1.0,2015-07-01,0.0,0.0,0.0,0.0,0.0,0.0,0.0,0.0,0.0,0.0,0.0,0.0,0.0,0.0,0.0,0.0,0.0,0.0,0.0,0.0,0.0,0.0,0.0,0.0,10000000.0,16.118095750958314,2015-09-29,0,0,0.1840573219883564,0.1527093596059113,0.4594715629198387,0.0313479623824451,7,3,2015,90,0.04247401064452397,0
Commercial banking,"Execution, delivery & process management",People,"Jilin,Shanghai",2011-01,1,150000000.0,150000000.0,150000000.0,150000000.0,1,0.0,2011-01-01,0.0,0.0,0.0,0.0,0.0,0.0,0.0,0.0,0.0,0.0,0.0,0.0,0.0,0.0,0.0,0.0,0.0,0.0,0.0,0.0,0.0,0.0,0.0,0.0,150000000.0,18.8261458587272,2011-04-01,0,0,0.1840573219883564,0.1527093596059113,0.4594715629198387,0.0008956560680698,1,1,2011,90,0.13898090052980985,0
Commercial banking,"Execution, delivery & process management",People,Liaoning,2008-12,1,220000000.0,220000000.0,220000000.0,220000000.0,1,1.0,2008-12-01,0.0,0.0,0.0,0.0,0.0,0.0,0.0,0.0,0.0,0.0,0.0,0.0,0.0,0.0,0.0,0.0,0.0,0.0,0.0,0.0,0.0,0.0,0.0,0.0,220000000.0,19.20913810886209,2009-03-01,0,0,0.1840573219883564,0.1527093596059113,0.4594715629198387,0.0291088222122704,12,4,2008,90,0.168453192704951,0
Commercial banking,"Execution, delivery & process management",People,Shaanxi,2006-10,1,100000.0,100000.0,100000.0,100000.0,0,0.0,2006-10-01,0.0,0.0,0.0,0.0,0.0,0.0,0.0,0.0,0.0,0.0,0.0,0.0,0.0,0.0,0.0,0.0,0.0,0.0,0.0,0.0,0.0,0.0,0.0,0.0,100000.0,11.51293546492023,2006-12-30,0,0,0.1840573219883564,0.1527093596059113,0.4594715629198387,0.0237348858038513,10,4,2006,90,0.06008398389079391,0
Commercial banking,"Execution, delivery & process management",People,Shanghai,2003-01,1,265000000.0,265000000.0,265000000.0,265000000.0,1,1.0,2003-01-01,0.0,0.0,0.0,0.0,0.0,0.0,0.0,0.0,0.0,0.0,0.0,0.0,0.0,0.0,0.0,0.0,0.0,0.0,0.0,0.0,0.0,0.0,0.0,0.0,265000000.0,19.39524038772408,2003-04-01,0,0,0.1840573219883564,0.1527093596059113,0.4594715629198387,0.0452306314375279,1,1,2003,90,0.10667026184409983,0
Commercial banking,"Execution, delivery & process management",People,Sichuan,2010-03,1,70000000.0,70000000.0,70000000.0,70000000.0,1,1.0,2010-03-01,0.0,0.0,0.0,0.0,0.0,0.0,0.0,0.0,0.0,0.0,0.0,0.0,0.0,0.0,0.0,0.0,0.0,0.0,0.0,0.0,0.0,0.0,0.0,0.0,70000000.0,18.064005814299342,2010-05-30,0,0,0.1840573219883564,0.1527093596059113,0.4594715629198387,0.0273175100761307,3,1,2010,90,0.06936092387596775,0
Commercial banking,"Execution, delivery & process management",People,"Tianjin,Chongqing,Sichuan",2020-08,1,60000000.0,60000000.0,60000000.0,60000000.0,1,4.0,2020-08-01,0.0,0.0,0.0,0.0,0.0,0.0,0.0,0.0,0.0,0.0,0.0,0.0,0.0,0.0,0.0,0.0,0.0,0.0,0.0,0.0,0.0,0.0,0.0,0.0,60000000.0,17.909855136853043,2020-10-30,0,0,0.1840573219883564,0.1527093596059113,0.4594715629198387,0.0004478280340349,8,3,2020,90,0.07305242952090267,0
Commercial banking,"Execution, delivery & process management",People,"Tianjin,Hubei",2018-05,1,500000.0,500000.0,500000.0,500000.0,0,1.0,2018-05-01,0.0,0.0,0.0,0.0,0.0,0.0,0.0,0.0,0.0,0.0,0.0,0.0,0.0,0.0,0.0,0.0,0.0,0.0,0.0,0.0,0.0,0.0,0.0,0.0,500000.0,13.122365377402328,2018-07-30,0,0,0.1840573219883564,0.1527093596059113,0.4594715629198387,0.0004478280340349,5,2,2018,90,0.03352176900652938,0
Commercial banking,"Execution, delivery & process management",People,Zhejiang,2020-03,1,40000000.0,40000000.0,40000000.0,40000000.0,1,2.0,2020-03-01,0.0,0.0,0.0,0.0,0.0,0.0,0.0,0.0,0.0,0.0,0.0,0.0,0.0,0.0,0.0,0.0,0.0,0.0,0.0,0.0,0.0,0.0,0.0,0.0,40000000.0,17.50439003707821,2020-05-30,0,0,0.1840573219883564,0.1527093596059113,0.4594715629198387,0.0523958799820868,3,1,2020,90,0.061986382647592715,0
Commercial banking,"Execution, delivery & process management",Process,Beijing,1991-05,1,1440000.0,1440000.0,1440000.0,1440000.0,0,0.0,1991-05-01,0.0,0.0,0.0,0.0,0.0,0.0,0.0,0.0,0.0,0.0,0.0,0.0,0.0,0.0,0.0,0.0,0.0,0.0,0.0,0.0,0.0,0.0,0.0,0.0,1440000.0,14.180154365996389,1991-07-30,0,0,0.1840573219883564,0.1527093596059113,0.2001791312136139,0.0940438871473354,5,2,1991,90,0.055706519208812345,0
Commercial banking,"Execution, delivery & process management",Process,Beijing,2006-06,1,30000000.0,30000000.0,30000000.0,30000000.0,1,1.0,2006-06-01,1.0,1440000.0,0.0,0.0,0.0,0.0,0.0,0.0,0.0,0.0,0.0,0.0,0.0,0.0,0.0,1.0,1440000.0,0.0,1.0,1440000.0,0.0,1.0,1440000.0,0.0,30000000.0,17.216707972959764,2006-08-30,0,0,0.1840573219883564,0.1527093596059113,0.2001791312136139,0.0940438871473354,6,2,2006,90,0.047895864565740597,0
Commercial banking,"Execution, delivery & process management",Process,Beijing,2019-09,1,15000.0,15000.0,15000.0,15000.0,0,1.0,2019-09-01,1.0,30000000.0,1.0,1.0,1440000.0,0.0,0.0,0.0,0.0,0.0,0.0,0.0,0.0,0.0,0.0,2.0,31440000.0,1.0,2.0,31440000.0,1.0,2.0,31440000.0,1.0,15000.0,9.61587214452889,2019-11-30,0,0,0.1840573219883564,0.1527093596059113,0.2001791312136139,0.0940438871473354,9,3,2019,90,0.03520049110117032,0
Commercial banking,"Execution, delivery & process management",Process,"Beijing,Guangxi",2019-05,1,200000.0,200000.0,200000.0,200000.0,0,2.0,2019-05-01,0.0,0.0,0.0,0.0,0.0,0.0,0.0,0.0,0.0,0.0,0.0,0.0,0.0,0.0,0.0,0.0,0.0,0.0,0.0,0.0,0.0,0.0,0.0,0.0,200000.0,12.206077645517674,2019-07-30,0,0,0.1840573219883564,0.1527093596059113,0.2001791312136139,0.0022391401701746,5,2,2019,90,0.017234084425493578,0
Commercial banking,"Execution, delivery & process management",Process,Guangxi,2012-07,1,27000000.0,27000000.0,27000000.0,27000000.0,1,1.0,2012-07-01,0.0,0.0,0.0,0.0,0.0,0.0,0.0,0.0,0.0,0.0,0.0,0.0,0.0,0.0,0.0,0.0,0.0,0.0,0.0,0.0,0.0,0.0,0.0,0.0,27000000.0,17.11134746100564,2012-09-29,0,0,0.1840573219883564,0.1527093596059113,0.2001791312136139,0.0143304970891177,7,3,2012,90,0.11662420687657897,0
Commercial banking,"Execution, delivery & process management",Process,Henan,2004-12,1,819000000.0,819000000.0,819000000.0,819000000.0,1,1.0,2004-12-01,0.0,0.0,0.0,0.0,0.0,0.0,0.0,0.0,0.0,0.0,0.0,0.0,0.0,0.0,0.0,0.0,0.0,0.0,0.0,0.0,0.0,0.0,0.0,0.0,819000000.0,20.523594643038344,2005-03-01,0,0,0.1840573219883564,0.1527093596059113,0.2001791312136139,0.0497089117778772,12,4,2004,90,0.049489636765989414,0
Commercial banking,"Execution, delivery & process management",Process,Henan,2019-04,1,300000.0,300000.0,300000.0,300000.0,0,1.0,2019-04-01,1.0,819000000.0,1.0,0.0,0.0,0.0,0.0,0.0,0.0,0.0,0.0,0.0,0.0,0.0,0.0,1.0,819000000.0,1.0,1.0,819000000.0,1.0,1.0,819000000.0,1.0,300000.0,12.611541086966117,2019-06-30,0,0,0.1840573219883564,0.1527093596059113,0.2001791312136139,0.0497089117778772,4,2,2019,90,0.09607788235718365,0
Commercial banking,"Execution, delivery & process management",Process,Hubei,2006-06,1,97000000.0,97000000.0,97000000.0,97000000.0,1,1.0,2006-06-01,0.0,0.0,0.0,0.0,0.0,0.0,0.0,0.0,0.0,0.0,0.0,0.0,0.0,0.0,0.0,0.0,0.0,0.0,0.0,0.0,0.0,0.0,0.0,0.0,97000000.0,18.39022154677693,2006-08-30,0,0,0.1840573219883564,0.1527093596059113,0.2001791312136139,0.0313479623824451,6,2,2006,90,0.046643851845050426,0
Commercial banking,"Execution, delivery & process management",Process,Hubei,2008-02,1,260000000.0,260000000.0,260000000.0,260000000.0,1,1.0,2008-02-01,1.0,97000000.0,1.0,0.0,0.0,0.0,0.0,0.0,0.0,0.0,0.0,0.0,0.0,0.0,0.0,1.0,97000000.0,1.0,1.0,97000000.0,1.0,1.0,97000000.0,1.0,260000000.0,19.376192192825958,2008-05-01,0,0,0.1840573219883564,0.1527093596059113,0.2001791312136139,0.0313479623824451,2,1,2008,90,0.2108761590609367,0
Commercial banking,"Execution, delivery & process management",Process,Jiangsu,2004-08,1,126600.0,126600.0,126600.0,126600.0,0,1.0,2004-08-01,0.0,0.0,0.0,0.0,0.0,0.0,0.0,0.0,0.0,0.0,0.0,0.0,0.0,0.0,0.0,0.0,0.0,0.0,0.0,0.0,0.0,0.0,0.0,0.0,126600.0,11.748795687555171,2004-10-30,0,0,0.1840573219883564,0.1527093596059113,0.2001791312136139,0.032243618450515,8,3,2004,90,0.024004370694183104,0
Commercial banking,"Execution, delivery & process management",Process,"Jiangsu,Jiangxi",2020-11,1,255000000.0,255000000.0,255000000.0,255000000.0,1,2.0,2020-11-01,0.0,0.0,0.0,0.0,0.0,0.0,0.0,0.0,0.0,0.0,0.0,0.0,0.0,0.0,0.0,0.0,0.0,0.0,0.0,0.0,0.0,0.0,0.0,0.0,255000000.0,19.35677410704427,2021-01-30,0,0,0.1840573219883564,0.1527093596059113,0.2001791312136139,0.0004478280340349,11,4,2020,90,0.08119817995415791,0
Commercial banking,"Execution, delivery & process management",Process,Shanxi,2005-12,1,110000000.0,110000000.0,110000000.0,110000000.0,1,1.0,2005-12-01,0.0,0.0,0.0,0.0,0.0,0.0,0.0,0.0,0.0,0.0,0.0,0.0,0.0,0.0,0.0,0.0,0.0,0.0,0.0,0.0,0.0,0.0,0.0,0.0,110000000.0,18.5159909328476,2006-03-01,0,0,0.1840573219883564,0.1527093596059113,0.2001791312136139,0.0214957456336766,12,4,2005,90,0.052736791295056054,0
Commercial banking,"Execution, delivery & process management",Process,Zhejiang,2003-12,1,600000.0,600000.0,600000.0,600000.0,0,1.0,2003-12-01,0.0,0.0,0.0,0.0,0.0,0.0,0.0,0.0,0.0,0.0,0.0,0.0,0.0,0.0,0.0,0.0,0.0,0.0,0.0,0.0,0.0,0.0,0.0,0.0,600000.0,13.304686600863562,2004-02-29,0,0,0.1840573219883564,0.1527093596059113,0.2001791312136139,0.0523958799820868,12,4,2003,90,0.035843671130183684,0
Commercial banking,External fraud,External event,Anhui,2013-07,1,20000000.0,20000000.0,20000000.0,20000000.0,1,1.0,2013-07-01,0.0,0.0,0.0,0.0,0.0,0.0,0.0,0.0,0.0,0.0,0.0,0.0,0.0,0.0,0.0,0.0,0.0,0.0,0.0,0.0,0.0,0.0,0.0,0.0,20000000.0,16.811242881518265,2013-09-29,0,0,0.1840573219883564,0.303179579041648,0.322884012539185,0.0250783699059561,7,3,2013,90,0.03997354177691242,0
Commercial banking,External fraud,External event,Anhui,2014-06,1,200000000.0,200000000.0,200000000.0,200000000.0,1,0.0,2014-06-01,1.0,20000000.0,1.0,0.0,0.0,0.0,0.0,0.0,0.0,0.0,0.0,0.0,0.0,0.0,0.0,1.0,20000000.0,1.0,1.0,20000000.0,1.0,1.0,20000000.0,1.0,200000000.0,19.11382792951231,2014-08-30,0,0,0.1840573219883564,0.303179579041648,0.322884012539185,0.0250783699059561,6,2,2014,90,0.24481515376031046,0
Commercial banking,External fraud,External event,Anhui,2014-10,1,288475845.0,288475845.0,288475845.0,288475845.0,1,8.0,2014-10-01,1.0,200000000.0,1.0,1.0,20000000.0,1.0,0.0,0.0,0.0,0.0,0.0,0.0,0.0,0.0,0.0,2.0,220000000.0,2.0,2.0,220000000.0,2.0,2.0,220000000.0,2.0,288475845.0,19.480121917703848,2014-12-30,0,0,0.1840573219883564,0.303179579041648,0.322884012539185,0.0250783699059561,10,4,2014,90,0.31379552150169526,0
Commercial banking,External fraud,External event,"Anhui,Yunnan",2013-09,1,113000000.0,113000000.0,113000000.0,113000000.0,1,1.0,2013-09-01,0.0,0.0,0.0,0.0,0.0,0.0,0.0,0.0,0.0,0.0,0.0,0.0,0.0,0.0,0.0,0.0,0.0,0.0,0.0,0.0,0.0,0.0,0.0,0.0,113000000.0,18.54289838552617,2013-11-30,0,0,0.1840573219883564,0.303179579041648,0.322884012539185,0.0004478280340349,9,3,2013,90,0.05603949463432044,0
Commercial banking,External fraud,External event,Beijing,1997-01,1,90000000.0,90000000.0,90000000.0,90000000.0,1,1.0,1997-01-01,0.0,0.0,0.0,0.0,0.0,0.0,0.0,0.0,0.0,0.0,0.0,0.0,0.0,0.0,0.0,0.0,0.0,0.0,0.0,0.0,0.0,0.0,0.0,0.0,90000000.0,18.31532023940565,1997-04-01,0,0,0.1840573219883564,0.303179579041648,0.322884012539185,0.0940438871473354,1,1,1997,90,0.06292945404932722,0
Commercial banking,External fraud,External event,Beijing,1999-12,1,110000000.0,110000000.0,110000000.0,110000000.0,1,1.0,1999-12-01,1.0,90000000.0,1.0,0.0,0.0,0.0,0.0,0.0,0.0,0.0,0.0,0.0,0.0,0.0,0.0,1.0,90000000.0,1.0,1.0,90000000.0,1.0,1.0,90000000.0,1.0,110000000.0,18.5159909328476,2000-02-29,0,0,0.1840573219883564,0.303179579041648,0.322884012539185,0.0940438871473354,12,4,1999,90,0.17266380739009152,0
Commercial banking,External fraud,External event,Beijing,2007-01,1,430000000.0,430000000.0,430000000.0,430000000.0,1,0.0,2007-01-01,1.0,110000000.0,1.0,1.0,90000000.0,1.0,0.0,0.0,0.0,0.0,0.0,0.0,0.0,0.0,0.0,2.0,200000000.0,2.0,2.0,200000000.0,2.0,2.0,200000000.0,2.0,430000000.0,19.879295768977464,2007-04-01,0,0,0.1840573219883564,0.303179579041648,0.322884012539185,0.0940438871473354,1,1,2007,90,0.34790671658384537,1
Commercial banking,External fraud,External event,Beijing,2014-10,1,498000000.0,498000000.0,498000000.0,498000000.0,1,7.0,2014-10-01,1.0,430000000.0,1.0,1.0,110000000.0,1.0,1.0,90000000.0,1.0,0.0,0.0,0.0,0.0,0.0,0.0,3.0,630000000.0,3.0,3.0,630000000.0,3.0,3.0,630000000.0,3.0,498000000.0,20.02611063699696,2014-12-30,0,0,0.1840573219883564,0.303179579041648,0.322884012539185,0.0940438871473354,10,4,2014,90,0.3392229551829969,1
Commercial banking,External fraud,External event,"Beijing,Fujian,Guangdong",2017-08,1,150000000.0,150000000.0,150000000.0,150000000.0,1,1.0,2017-08-01,0.0,0.0,0.0,0.0,0.0,0.0,0.0,0.0,0.0,0.0,0.0,0.0,0.0,0.0,0.0,0.0,0.0,0.0,0.0,0.0,0.0,0.0,0.0,0.0,150000000.0,18.8261458587272,2017-10-30,0,0,0.1840573219883564,0.303179579041648,0.322884012539185,0.0004478280340349,8,3,2017,90,0.06487419250272981,0
Commercial banking,External fraud,External event,"Beijing,Guangxi",2014-05,1,32170000000.0,32170000000.0,32170000000.0,32170000000.0,1,1.0,2014-05-01,0.0,0.0,0.0,0.0,0.0,0.0,0.0,0.0,0.0,0.0,0.0,0.0,0.0,0.0,0.0,0.0,0.0,0.0,0.0,0.0,0.0,0.0,0.0,0.0,32170000000.0,24.19430017822843,2014-07-30,0,0,0.1840573219883564,0.303179579041648,0.322884012539185,0.0022391401701746,5,2,2014,90,0.07551465076283016,0
Commercial banking,External fraud,External event,"Beijing,Guangxi,Shaanxi,Xinjiang",2017-03,1,120000000.0,120000000.0,120000000.0,120000000.0,1,2.0,2017-03-01,0.0,0.0,0.0,0.0,0.0,0.0,0.0,0.0,0.0,0.0,0.0,0.0,0.0,0.0,0.0,0.0,0.0,0.0,0.0,0.0,0.0,0.0,0.0,0.0,120000000.0,18.603002309079653,2017-05-30,0,0,0.1840573219883564,0.303179579041648,0.322884012539185,0.0004478280340349,3,1,2017,90,0.0572826937064499,0
Commercial banking,External fraud,External event,"Beijing,Hebei,Shaanxi",2005-04,1,52560000.0,52560000.0,52560000.0,52560000.0,1,1.0,2005-04-01,0.0,0.0,0.0,0.0,0.0,0.0,0.0,0.0,0.0,0.0,0.0,0.0,0.0,0.0,0.0,0.0,0.0,0.0,0.0,0.0,0.0,0.0,0.0,0.0,52560000.0,17.777465951166505,2005-06-30,0,0,0.1840573219883564,0.303179579041648,0.322884012539185,0.0008956560680698,4,2,2005,90,0.05004523217567383,0
Commercial banking,External fraud,External event,"Beijing,Hebei,Shanghai",2016-06,1,1900000000.0,1900000000.0,1900000000.0,1900000000.0,1,4.0,2016-06-01,0.0,0.0,0.0,0.0,0.0,0.0,0.0,0.0,0.0,0.0,0.0,0.0,0.0,0.0,0.0,0.0,0.0,0.0,0.0,0.0,0.0,0.0,0.0,0.0,1900000000.0,21.36511972364512,2016-08-30,0,0,0.1840573219883564,0.303179579041648,0.322884012539185,0.0004478280340349,6,2,2016,90,0.05695925933334889,0
Commercial banking,External fraud,External event,"Beijing,Henan",2013-07,1,26000000.0,26000000.0,26000000.0,26000000.0,1,1.0,2013-07-01,0.0,0.0,0.0,0.0,0.0,0.0,0.0,0.0,0.0,0.0,0.0,0.0,0.0,0.0,0.0,0.0,0.0,0.0,0.0,0.0,0.0,0.0,0.0,0.0,26000000.0,17.073607134447293,2013-09-29,0,0,0.1840573219883564,0.303179579041648,0.322884012539185,0.0053739364084191,7,3,2013,90,0.05512520988888793,0
Commercial banking,External fraud,External event,"Beijing,Henan,Hunan,Sichuan",2015-01,1,350000000.0,350000000.0,350000000.0,350000000.0,1,2.0,2015-01-01,0.0,0.0,0.0,0.0,0.0,0.0,0.0,0.0,0.0,0.0,0.0,0.0,0.0,0.0,0.0,0.0,0.0,0.0,0.0,0.0,0.0,0.0,0.0,0.0,350000000.0,19.67344371530488,2015-04-01,0,0,0.1840573219883564,0.303179579041648,0.322884012539185,0.0004478280340349,1,1,2015,90,0.06676832312558702,0
Commercial banking,External fraud,External event,"Beijing,Jiangsu",2013-12,1,4701000000.0,4701000000.0,4701000000.0,4701000000.0,1,11.0,2013-12-01,0.0,0.0,0.0,0.0,0.0,0.0,0.0,0.0,0.0,0.0,0.0,0.0,0.0,0.0,0.0,0.0,0.0,0.0,0.0,0.0,0.0,0.0,0.0,0.0,4701000000.0,22.271041089201127,2014-03-01,0,0,0.1840573219883564,0.303179579041648,0.322884012539185,0.0031347962382445,12,4,2013,90,0.06680842742259664,0
Commercial banking,External fraud,External event,"Beijing,Jiangxi",2015-10,1,137000000.0,137000000.0,137000000.0,137000000.0,1,1.0,2015-10-01,0.0,0.0,0.0,0.0,0.0,0.0,0.0,0.0,0.0,0.0,0.0,0.0,0.0,0.0,0.0,0.0,0.0,0.0,0.0,0.0,0.0,0.0,0.0,0.0,137000000.0,18.73549149109167,2015-12-30,0,0,0.1840573219883564,0.303179579041648,0.322884012539185,0.0026869682042095,10,4,2015,90,0.0613455690207249,0
Commercial banking,External fraud,External event,"Beijing,Jilin",2015-03,1,600000000.0,600000000.0,600000000.0,600000000.0,1,1.0,2015-03-01,0.0,0.0,0.0,0.0,0.0,0.0,0.0,0.0,0.0,0.0,0.0,0.0,0.0,0.0,0.0,0.0,0.0,0.0,0.0,0.0,0.0,0.0,0.0,0.0,600000000.0,20.21244021484709,2015-05-30,0,0,0.1840573219883564,0.303179579041648,0.322884012539185,0.006269592476489,3,1,2015,90,0.07223302532180834,0
Commercial banking,External fraud,External event,"Beijing,Shandong",2012-03,1,391000000.0,391000000.0,391000000.0,391000000.0,1,3.0,2012-03-01,0.0,0.0,0.0,0.0,0.0,0.0,0.0,0.0,0.0,0.0,0.0,0.0,0.0,0.0,0.0,0.0,0.0,0.0,0.0,0.0,0.0,0.0,0.0,0.0,391000000.0,19.784218120507184,2012-05-30,0,0,0.1840573219883564,0.303179579041648,0.322884012539185,0.0035826242722794,3,1,2012,90,0.06601222593015889,0
Commercial banking,External fraud,External event,"Beijing,Shandong,Gansu",2013-12,1,23961000.0,23961000.0,23961000.0,23961000.0,1,0.0,2013-12-01,0.0,0.0,0.0,0.0,0.0,0.0,0.0,0.0,0.0,0.0,0.0,0.0,0.0,0.0,0.0,0.0,0.0,0.0,0.0,0.0,0.0,0.0,0.0,0.0,23961000.0,16.99193810830212,2014-03-01,0,0,0.1840573219883564,0.303179579041648,0.322884012539185,0.0004478280340349,12,4,2013,90,0.06910677992832188,0
Commercial banking,External fraud,External event,"Beijing,Shandong,Hainan",2011-04,1,8000000.0,8000000.0,8000000.0,8000000.0,0,1.0,2011-04-01,0.0,0.0,0.0,0.0,0.0,0.0,0.0,0.0,0.0,0.0,0.0,0.0,0.0,0.0,0.0,0.0,0.0,0.0,0.0,0.0,0.0,0.0,0.0,0.0,8000000.0,15.894952224644102,2011-06-30,0,0,0.1840573219883564,0.303179579041648,0.322884012539185,0.0008956560680698,4,2,2011,90,0.0489245557202889,0
Commercial banking,External fraud,External event,"Beijing,Shanghai,Guangxi",2011-12,1,265000000.0,265000000.0,265000000.0,265000000.0,1,1.0,2011-12-01,0.0,0.0,0.0,0.0,0.0,0.0,0.0,0.0,0.0,0.0,0.0,0.0,0.0,0.0,0.0,0.0,0.0,0.0,0.0,0.0,0.0,0.0,0.0,0.0,265000000.0,19.39524038772408,2012-02-29,0,0,0.1840573219883564,0.303179579041648,0.322884012539185,0.0008956560680698,12,4,2011,90,0.06795374334988645,0
Commercial banking,External fraud,External event,"Beijing,Tianjin,Hebei,Shanghai,Anhui,Chongqing,Sichuan,Guizhou",2017-03,1,150000000.0,150000000.0,150000000.0,150000000.0,1,3.0,2017-03-01,0.0,0.0,0.0,0.0,0.0,0.0,0.0,0.0,0.0,0.0,0.0,0.0,0.0,0.0,0.0,0.0,0.0,0.0,0.0,0.0,0.0,0.0,0.0,0.0,150000000.0,18.8261458587272,2017-05-30,0,0,0.1840573219883564,0.303179579041648,0.322884012539185,0.0017913121361397,3,1,2017,90,0.07010292938087884,0
Commercial banking,External fraud,External event,"Beijing,Tianjin,Hebei,Shanghai,Anhui,Chongqing,Sichuan,Guizhou",2017-06,1,150000000.0,150000000.0,150000000.0,150000000.0,1,3.0,2017-06-01,1.0,150000000.0,1.0,0.0,0.0,0.0,0.0,0.0,0.0,0.0,0.0,0.0,0.0,0.0,0.0,1.0,150000000.0,1.0,1.0,150000000.0,1.0,1.0,150000000.0,1.0,150000000.0,18.8261458587272,2017-08-30,1,1,0.1840573219883564,0.303179579041648,0.322884012539185,0.0017913121361397,6,2,2017,90,0.6350934295148986,1
Commercial banking,External fraud,External event,"Beijing,Tianjin,Hebei,Shanghai,Anhui,Chongqing,Sichuan,Guizhou",2017-07,1,2800000000.0,2800000000.0,2800000000.0,2800000000.0,1,3.0,2017-07-01,1.0,150000000.0,1.0,1.0,150000000.0,1.0,0.0,0.0,0.0,0.0,0.0,0.0,0.0,0.0,0.0,2.0,300000000.0,2.0,2.0,300000000.0,2.0,2.0,300000000.0,2.0,2800000000.0,21.752885254484717,2017-09-29,0,0,0.1840573219883564,0.303179579041648,0.322884012539185,0.0017913121361397,7,3,2017,90,0.260038815945767,0
Commercial banking,External fraud,External event,"Beijing,Tianjin,Hebei,Shanghai,Anhui,Chongqing,Sichuan,Guizhou",2017-11,1,300000000.0,300000000.0,300000000.0,300000000.0,1,3.0,2017-11-01,1.0,2800000000.0,1.0,1.0,150000000.0,1.0,1.0,150000000.0,1.0,0.0,0.0,0.0,0.0,0.0,0.0,3.0,3100000000.0,3.0,3.0,3100000000.0,3.0,3.0,3100000000.0,3.0,300000000.0,19.519293035953808,2018-01-30,0,0,0.1840573219883564,0.303179579041648,0.322884012539185,0.0017913121361397,11,4,2017,90,0.2386823649627151,0
Commercial banking,External fraud,External event,"Beijing,Tianjin,Jiangsu,Shandong,Henan",2014-05,1,210000000.0,210000000.0,210000000.0,210000000.0,1,4.0,2014-05-01,0.0,0.0,0.0,0.0,0.0,0.0,0.0,0.0,0.0,0.0,0.0,0.0,0.0,0.0,0.0,0.0,0.0,0.0,0.0,0.0,0.0,0.0,0.0,0.0,210000000.0,19.162618093443648,2014-07-30,0,0,0.1840573219883564,0.303179579041648,0.322884012539185,0.0004478280340349,5,2,2014,90,0.07196674500015118,0
Commercial banking,External fraud,External event,"Beijing,Tianjin,Shandong",2015-04,1,295960000.0,295960000.0,295960000.0,295960000.0,1,12.0,2015-04-01,0.0,0.0,0.0,0.0,0.0,0.0,0.0,0.0,0.0,0.0,0.0,0.0,0.0,0.0,0.0,0.0,0.0,0.0,0.0,0.0,0.0,0.0,0.0,0.0,295960000.0,19.50573487140046,2015-06-30,0,0,0.1840573219883564,0.303179579041648,0.322884012539185,0.0004478280340349,4,2,2015,90,0.06441261214767213,0
Commercial banking,External fraud,External event,"Beijing,Tianjin,Shanghai",2011-08,1,75000000.0,75000000.0,75000000.0,75000000.0,1,7.0,2011-08-01,0.0,0.0,0.0,0.0,0.0,0.0,0.0,0.0,0.0,0.0,0.0,0.0,0.0,0.0,0.0,0.0,0.0,0.0,0.0,0.0,0.0,0.0,0.0,0.0,75000000.0,18.13299868483392,2011-10-30,0,0,0.1840573219883564,0.303179579041648,0.322884012539185,0.0004478280340349,8,3,2011,90,0.04521895265952589,0
Commercial banking,External fraud,External event,"Chongqing,Guizhou",2005-06,1,15000000.0,15000000.0,15000000.0,15000000.0,1,0.0,2005-06-01,0.0,0.0,0.0,0.0,0.0,0.0,0.0,0.0,0.0,0.0,0.0,0.0,0.0,0.0,0.0,0.0,0.0,0.0,0.0,0.0,0.0,0.0,0.0,0.0,15000000.0,16.52356082573315,2005-08-30,0,0,0.1840573219883564,0.303179579041648,0.322884012539185,0.0004478280340349,6,2,2005,90,0.0762823141908585,0
Commercial banking,External fraud,External event,Fujian,1999-09,1,116600000.0,116600000.0,116600000.0,116600000.0,1,4.0,1999-09-01,0.0,0.0,0.0,0.0,0.0,0.0,0.0,0.0,0.0,0.0,0.0,0.0,0.0,0.0,0.0,0.0,0.0,0.0,0.0,0.0,0.0,0.0,0.0,0.0,116600000.0,18.574259840457,1999-11-30,0,0,0.1840573219883564,0.303179579041648,0.322884012539185,0.0237348858038513,9,3,1999,90,0.0658513217678472,0
Commercial banking,External fraud,External event,Fujian,2002-09,1,4570000.0,4570000.0,4570000.0,4570000.0,0,1.0,2002-09-01,1.0,116600000.0,1.0,0.0,0.0,0.0,0.0,0.0,0.0,0.0,0.0,0.0,0.0,0.0,0.0,1.0,116600000.0,1.0,1.0,116600000.0,1.0,1.0,116600000.0,1.0,4570000.0,15.335023981688744,2002-11-30,0,0,0.1840573219883564,0.303179579041648,0.322884012539185,0.0237348858038513,9,3,2002,90,0.1781960737572219,0
Commercial banking,External fraud,External event,Fujian,2013-09,3,39500000.0,13166666.666666666,10000000.0,19500000.0,3,1.3333333333333333,2013-09-01,1.0,4570000.0,0.0,1.0,116600000.0,1.0,0.0,0.0,0.0,0.0,0.0,0.0,0.0,0.0,0.0,2.0,121170000.0,1.0,2.0,121170000.0,1.0,2.0,121170000.0,1.0,13166666.666666666,17.491811255187805,2013-11-30,0,0,0.1840573219883564,0.303179579041648,0.322884012539185,0.0237348858038513,9,3,2013,90,0.2675205224992801,0
Commercial banking,External fraud,External event,"Fujian,Hongkong",2008-11,1,1670000.0,1670000.0,1670000.0,1670000.0,0,0.0,2008-11-01,0.0,0.0,0.0,0.0,0.0,0.0,0.0,0.0,0.0,0.0,0.0,0.0,0.0,0.0,0.0,0.0,0.0,0.0,0.0,0.0,0.0,0.0,0.0,0.0,1670000.0,14.328334783195151,2009-01-30,0,0,0.1840573219883564,0.303179579041648,0.322884012539185,0.0004478280340349,11,4,2008,90,0.07867866268027897,0
Commercial banking,External fraud,External event,Guangdong,2014-08,1,105310000.0,105310000.0,105310000.0,105310000.0,1,1.0,2014-08-01,0.0,0.0,0.0,0.0,0.0,0.0,0.0,0.0,0.0,0.0,0.0,0.0,0.0,0.0,0.0,0.0,0.0,0.0,0.0,0.0,0.0,0.0,0.0,0.0,105310000.0,18.472418948852557,2014-10-30,0,0,0.1840573219883564,0.303179579041648,0.322884012539185,0.044782803403493,8,3,2014,90,0.061564272857758964,0
Commercial banking,External fraud,External event,"Guangdong,Guangxi",2010-12,1,42000000000.0,42000000000.0,42000000000.0,42000000000.0,1,1.0,2010-12-01,0.0,0.0,0.0,0.0,0.0,0.0,0.0,0.0,0.0,0.0,0.0,0.0,0.0,0.0,0.0,0.0,0.0,0.0,0.0,0.0,0.0,0.0,0.0,0.0,42000000000.0,24.46093545525359,2011-03-01,0,0,0.1840573219883564,0.303179579041648,0.322884012539185,0.0017913121361397,12,4,2010,90,0.05892629768654777,0
Commercial banking,External fraud,External event,Guangxi,2010-12,2,52900000000.0,26450000000.0,26450000000.0,42000000000.0,2,0.0,2010-12-01,0.0,0.0,0.0,0.0,0.0,0.0,0.0,0.0,0.0,0.0,0.0,0.0,0.0,0.0,0.0,0.0,0.0,0.0,0.0,0.0,0.0,0.0,0.0,0.0,26450000000.0,24.691669175829567,2011-03-01,0,0,0.1840573219883564,0.303179579041648,0.322884012539185,0.0143304970891177,12,4,2010,90,0.09027364442167014,0
Commercial banking,External fraud,External event,Guizhou,2000-05,1,3500000.0,3500000.0,3500000.0,3500000.0,0,1.0,2000-05-01,0.0,0.0,0.0,0.0,0.0,0.0,0.0,0.0,0.0,0.0,0.0,0.0,0.0,0.0,0.0,0.0,0.0,0.0,0.0,0.0,0.0,0.0,0.0,0.0,3500000.0,15.068273812173889,2000-07-30,0,0,0.1840573219883564,0.303179579041648,0.322884012539185,0.0107478728168383,5,2,2000,90,0.06532768941141615,0
Commercial banking,External fraud,External event,Guizhou,2007-03,1,165000000.0,165000000.0,165000000.0,165000000.0,1,1.0,2007-03-01,1.0,3500000.0,0.0,0.0,0.0,0.0,0.0,0.0,0.0,0.0,0.0,0.0,0.0,0.0,0.0,1.0,3500000.0,0.0,1.0,3500000.0,0.0,1.0,3500000.0,0.0,165000000.0,18.92145603792546,2007-05-30,0,0,0.1840573219883564,0.303179579041648,0.322884012539185,0.0107478728168383,3,1,2007,90,0.09098681183202854,0
Commercial banking,External fraud,External event,Guizhou,2016-05,1,33000000.0,33000000.0,33000000.0,33000000.0,1,0.0,2016-05-01,1.0,165000000.0,1.0,1.0,3500000.0,0.0,0.0,0.0,0.0,0.0,0.0,0.0,0.0,0.0,0.0,2.0,168500000.0,1.0,2.0,168500000.0,1.0,2.0,168500000.0,1.0,33000000.0,17.312018149733785,2016-07-30,1,1,0.1840573219883564,0.303179579041648,0.322884012539185,0.0107478728168383,5,2,2016,90,0.32788865468181666,1
Commercial banking,External fraud,External event,Guizhou,2016-07,1,370000000.0,370000000.0,370000000.0,370000000.0,1,1.0,2016-07-01,1.0,33000000.0,1.0,1.0,165000000.0,1.0,1.0,3500000.0,0.0,0.0,0.0,0.0,0.0,0.0,0.0,3.0,201500000.0,2.0,3.0,201500000.0,2.0,3.0,201500000.0,2.0,370000000.0,19.729013566305248,2016-09-29,0,0,0.1840573219883564,0.303179579041648,0.322884012539185,0.0107478728168383,7,3,2016,90,0.3291978468016185,1
Commercial banking,External fraud,External event,Hainan,2008-12,1,814000.0,814000.0,814000.0,814000.0,0,0.0,2008-12-01,0.0,0.0,0.0,0.0,0.0,0.0,0.0,0.0,0.0,0.0,0.0,0.0,0.0,0.0,0.0,0.0,0.0,0.0,0.0,0.0,0.0,0.0,0.0,0.0,814000.0,13.609716873485151,2009-03-01,0,0,0.1840573219883564,0.303179579041648,0.322884012539185,0.0103000447828034,12,4,2008,90,0.123529174931571,0
Commercial banking,External fraud,External event,"Hebei,Jiangxi,Hunan",2013-07,1,38000000.0,38000000.0,38000000.0,38000000.0,1,0.0,2013-07-01,0.0,0.0,0.0,0.0,0.0,0.0,0.0,0.0,0.0,0.0,0.0,0.0,0.0,0.0,0.0,0.0,0.0,0.0,0.0,0.0,0.0,0.0,0.0,0.0,38000000.0,17.453096744006448,2013-09-29,0,0,0.1840573219883564,0.303179579041648,0.322884012539185,0.0013434841021047,7,3,2013,90,0.0874373779920371,0
Commercial banking,External fraud,External event,"Hebei,Jiangxi,Hunan",2015-09,1,4500000.0,4500000.0,4500000.0,4500000.0,0,0.0,2015-09-01,1.0,38000000.0,1.0,0.0,0.0,0.0,0.0,0.0,0.0,0.0,0.0,0.0,0.0,0.0,0.0,1.0,38000000.0,1.0,1.0,38000000.0,1.0,1.0,38000000.0,1.0,4500000.0,15.319588176962746,2015-11-30,0,0,0.1840573219883564,0.303179579041648,0.322884012539185,0.0013434841021047,9,3,2015,90,0.2022070560332568,0
Commercial banking,External fraud,External event,"Hebei,Jiangxi,Hunan",2016-12,1,10000000.0,10000000.0,10000000.0,10000000.0,1,0.0,2016-12-01,1.0,4500000.0,0.0,1.0,38000000.0,1.0,0.0,0.0,0.0,0.0,0.0,0.0,0.0,0.0,0.0,2.0,42500000.0,1.0,2.0,42500000.0,1.0,2.0,42500000.0,1.0,10000000.0,16.118095750958314,2017-03-01,0,0,0.1840573219883564,0.303179579041648,0.322884012539185,0.0013434841021047,12,4,2016,90,0.2915271708349625,0
Commercial banking,External fraud,External event,"Hebei,Shanxi,Jilin,Sichuan",2014-06,1,1142800000.0,1142800000.0,1142800000.0,1142800000.0,1,4.0,2014-06-01,0.0,0.0,0.0,0.0,0.0,0.0,0.0,0.0,0.0,0.0,0.0,0.0,0.0,0.0,0.0,0.0,0.0,0.0,0.0,0.0,0.0,0.0,0.0,0.0,1142800000.0,20.856747229195932,2014-08-30,0,0,0.1840573219883564,0.303179579041648,0.322884012539185,0.0004478280340349,6,2,2014,90,0.06022167068086662,0
Commercial banking,External fraud,External event,Heilongjiang,2016-12,1,40900000.0,40900000.0,40900000.0,40900000.0,1,1.0,2016-12-01,0.0,0.0,0.0,0.0,0.0,0.0,0.0,0.0,0.0,0.0,0.0,0.0,0.0,0.0,0.0,0.0,0.0,0.0,0.0,0.0,0.0,0.0,0.0,0.0,40900000.0,17.52664064546291,2017-03-01,0,0,0.1840573219883564,0.303179579041648,0.322884012539185,0.0228392297357814,12,4,2016,90,0.06543197191346821,0
Commercial banking,External fraud,External event,Henan,2000-01,1,200000000.0,200000000.0,200000000.0,200000000.0,1,4.0,2000-01-01,0.0,0.0,0.0,0.0,0.0,0.0,0.0,0.0,0.0,0.0,0.0,0.0,0.0,0.0,0.0,0.0,0.0,0.0,0.0,0.0,0.0,0.0,0.0,0.0,200000000.0,19.11382792951231,2000-03-31,0,0,0.1840573219883564,0.303179579041648,0.322884012539185,0.0497089117778772,1,1,2000,90,0.062038832836907434,0
Commercial banking,External fraud,External event,Henan,2007-04,1,100000000.0,100000000.0,100000000.0,100000000.0,1,1.0,2007-04-01,1.0,200000000.0,1.0,0.0,0.0,0.0,0.0,0.0,0.0,0.0,0.0,0.0,0.0,0.0,0.0,1.0,200000000.0,1.0,1.0,200000000.0,1.0,1.0,200000000.0,1.0,100000000.0,18.420680753952364,2007-06-30,0,0,0.1840573219883564,0.303179579041648,0.322884012539185,0.0497089117778772,4,2,2007,90,0.3826525050428943,1
Commercial banking,External fraud,External event,Henan,2007-08,1,110000000.0,110000000.0,110000000.0,110000000.0,1,1.0,2007-08-01,1.0,100000000.0,1.0,1.0,200000000.0,1.0,0.0,0.0,0.0,0.0,0.0,0.0,0.0,0.0,0.0,2.0,300000000.0,2.0,2.0,300000000.0,2.0,2.0,300000000.0,2.0,110000000.0,18.5159909328476,2007-10-30,0,0,0.1840573219883564,0.303179579041648,0.322884012539185,0.0497089117778772,8,3,2007,90,0.4156731679955952,1
Commercial banking,External fraud,External event,Hongkong,2002-06,1,89000000.0,89000000.0,89000000.0,89000000.0,1,1.0,2002-06-01,0.0,0.0,0.0,0.0,0.0,0.0,0.0,0.0,0.0,0.0,0.0,0.0,0.0,0.0,0.0,0.0,0.0,0.0,0.0,0.0,0.0,0.0,0.0,0.0,89000000.0,18.30414693893237,2002-08-30,0,0,0.1840573219883564,0.303179579041648,0.322884012539185,0.0031347962382445,6,2,2002,90,0.05813309800530291,0
Commercial banking,External fraud,External event,Hubei,1995-08,1,623339500.0,623339500.0,623339500.0,623339500.0,1,1.0,1995-08-01,0.0,0.0,0.0,0.0,0.0,0.0,0.0,0.0,0.0,0.0,0.0,0.0,0.0,0.0,0.0,0.0,0.0,0.0,0.0,0.0,0.0,0.0,0.0,0.0,623339500.0,20.25060187374825,1995-10-30,0,0,0.1840573219883564,0.303179579041648,0.322884012539185,0.0313479623824451,8,3,1995,90,0.06469644530128549,0
Commercial banking,External fraud,External event,Hubei,2001-03,1,30000000.0,30000000.0,30000000.0,30000000.0,1,1.0,2001-03-01,1.0,623339500.0,1.0,0.0,0.0,0.0,0.0,0.0,0.0,0.0,0.0,0.0,0.0,0.0,0.0,1.0,623339500.0,1.0,1.0,623339500.0,1.0,1.0,623339500.0,1.0,30000000.0,17.216707972959764,2001-05-30,0,0,0.1840573219883564,0.303179579041648,0.322884012539185,0.0313479623824451,3,1,2001,90,0.34775928538454093,1
Commercial banking,External fraud,External event,Hubei,2003-10,1,300000000.0,300000000.0,300000000.0,300000000.0,1,1.0,2003-10-01,1.0,30000000.0,1.0,1.0,623339500.0,1.0,0.0,0.0,0.0,0.0,0.0,0.0,0.0,0.0,0.0,2.0,653339500.0,2.0,2.0,653339500.0,2.0,2.0,653339500.0,2.0,300000000.0,19.519293035953808,2003-12-30,0,0,0.1840573219883564,0.303179579041648,0.322884012539185,0.0313479623824451,10,4,2003,90,0.4098536201545208,1
Commercial banking,External fraud,External event,Hubei,2006-06,1,830000.0,830000.0,830000.0,830000.0,0,0.0,2006-06-01,1.0,300000000.0,1.0,1.0,30000000.0,1.0,1.0,623339500.0,1.0,0.0,0.0,0.0,0.0,0.0,0.0,3.0,953339500.0,3.0,3.0,953339500.0,3.0,3.0,953339500.0,3.0,830000.0,13.629182184591333,2006-08-30,0,0,0.1840573219883564,0.303179579041648,0.322884012539185,0.0313479623824451,6,2,2006,90,0.16524279580768794,0
Commercial banking,External fraud,External event,Hubei,2012-01,1,134000000.0,134000000.0,134000000.0,134000000.0,1,3.0,2012-01-01,1.0,830000.0,0.0,1.0,300000000.0,1.0,1.0,30000000.0,1.0,0.0,0.0,0.0,0.0,0.0,0.0,3.0,330830000.0,2.0,4.0,954169500.0,3.0,4.0,954169500.0,3.0,134000000.0,18.71335036537787,2012-03-31,0,0,0.1840573219883564,0.303179579041648,0.322884012539185,0.0313479623824451,1,1,2012,90,0.32518068751176554,1
Commercial banking,External fraud,External event,Hubei,2012-09,1,45000000.0,45000000.0,45000000.0,45000000.0,1,1.0,2012-09-01,1.0,134000000.0,1.0,1.0,830000.0,0.0,1.0,300000000.0,1.0,0.0,0.0,0.0,0.0,0.0,0.0,3.0,434830000.0,2.0,5.0,1088169500.0,4.0,5.0,1088169500.0,4.0,45000000.0,17.622173069956816,2012-11-30,0,0,0.1840573219883564,0.303179579041648,0.322884012539185,0.0313479623824451,9,3,2012,90,0.27687612790215843,0
Commercial banking,External fraud,External event,Hubei,2014-11,1,8000000.0,8000000.0,8000000.0,8000000.0,0,1.0,2014-11-01,1.0,45000000.0,1.0,1.0,134000000.0,1.0,1.0,830000.0,0.0,1.0,623339500.0,1.0,0.0,0.0,0.0,3.0,179830000.0,2.0,6.0,1133169500.0,5.0,6.0,1133169500.0,5.0,8000000.0,15.894952224644102,2015-01-30,0,0,0.1840573219883564,0.303179579041648,0.322884012539185,0.0313479623824451,11,4,2014,90,0.4312103430912881,1
Commercial banking,External fraud,External event,"Hubei,Guangdong",2013-10,1,134000000.0,134000000.0,134000000.0,134000000.0,1,4.0,2013-10-01,0.0,0.0,0.0,0.0,0.0,0.0,0.0,0.0,0.0,0.0,0.0,0.0,0.0,0.0,0.0,0.0,0.0,0.0,0.0,0.0,0.0,0.0,0.0,0.0,134000000.0,18.71335036537787,2013-12-30,0,0,0.1840573219883564,0.303179579041648,0.322884012539185,0.0017913121361397,10,4,2013,90,0.0629216648308703,0
Commercial banking,External fraud,External event,"Hubei,Guizhou",2013-11,1,60000000.0,60000000.0,60000000.0,60000000.0,1,1.0,2013-11-01,0.0,0.0,0.0,0.0,0.0,0.0,0.0,0.0,0.0,0.0,0.0,0.0,0.0,0.0,0.0,0.0,0.0,0.0,0.0,0.0,0.0,0.0,0.0,0.0,60000000.0,17.909855136853043,2014-01-30,0,0,0.1840573219883564,0.303179579041648,0.322884012539185,0.0004478280340349,11,4,2013,90,0.059654457982328164,0
Commercial banking,External fraud,External event,Hunan,1999-09,1,120000000.0,120000000.0,120000000.0,120000000.0,1,0.0,1999-09-01,0.0,0.0,0.0,0.0,0.0,0.0,0.0,0.0,0.0,0.0,0.0,0.0,0.0,0.0,0.0,0.0,0.0,0.0,0.0,0.0,0.0,0.0,0.0,0.0,120000000.0,18.603002309079653,1999-11-30,0,0,0.1840573219883564,0.303179579041648,0.322884012539185,0.0277653381101656,9,3,1999,90,0.09059474802319246,0
Commercial banking,External fraud,External event,Hunan,2013-11,1,100000000.0,100000000.0,100000000.0,100000000.0,1,1.0,2013-11-01,1.0,120000000.0,1.0,0.0,0.0,0.0,0.0,0.0,0.0,0.0,0.0,0.0,0.0,0.0,0.0,1.0,120000000.0,1.0,1.0,120000000.0,1.0,1.0,120000000.0,1.0,100000000.0,18.420680753952364,2014-01-30,0,0,0.1840573219883564,0.303179579041648,0.322884012539185,0.0277653381101656,11,4,2013,90,0.25798072086631835,0
Commercial banking,External fraud,External event,Jiangsu,2001-02,1,17000000.0,17000000.0,17000000.0,17000000.0,1,0.0,2001-02-01,0.0,0.0,0.0,0.0,0.0,0.0,0.0,0.0,0.0,0.0,0.0,0.0,0.0,0.0,0.0,0.0,0.0,0.0,0.0,0.0,0.0,0.0,0.0,0.0,17000000.0,16.648723960844016,2001-05-02,0,0,0.1840573219883564,0.303179579041648,0.322884012539185,0.032243618450515,2,1,2001,90,0.07058273191329278,0
Commercial banking,External fraud,External event,Jiangsu,2007-12,1,10000000.0,10000000.0,10000000.0,10000000.0,1,1.0,2007-12-01,1.0,17000000.0,1.0,0.0,0.0,0.0,0.0,0.0,0.0,0.0,0.0,0.0,0.0,0.0,0.0,1.0,17000000.0,1.0,1.0,17000000.0,1.0,1.0,17000000.0,1.0,10000000.0,16.118095750958314,2008-02-29,0,0,0.1840573219883564,0.303179579041648,0.322884012539185,0.032243618450515,12,4,2007,90,0.1126309124275785,0
Commercial banking,External fraud,External event,Jiangsu,2010-01,1,1200000.0,1200000.0,1200000.0,1200000.0,0,0.0,2010-01-01,1.0,10000000.0,1.0,1.0,17000000.0,1.0,0.0,0.0,0.0,0.0,0.0,0.0,0.0,0.0,0.0,2.0,27000000.0,2.0,2.0,27000000.0,2.0,2.0,27000000.0,2.0,1200000.0,13.997832948091215,2010-04-01,0,0,0.1840573219883564,0.303179579041648,0.322884012539185,0.032243618450515,1,1,2010,90,0.18030886540541327,0
Commercial banking,External fraud,External event,Jiangsu,2012-08,1,890000000.0,890000000.0,890000000.0,890000000.0,1,10.0,2012-08-01,1.0,1200000.0,0.0,1.0,10000000.0,1.0,1.0,17000000.0,1.0,0.0,0.0,0.0,0.0,0.0,0.0,3.0,28200000.0,2.0,3.0,28200000.0,2.0,3.0,28200000.0,2.0,890000000.0,20.606732021814054,2012-10-30,0,0,0.1840573219883564,0.303179579041648,0.322884012539185,0.032243618450515,8,3,2012,90,0.17711973646730453,0
Commercial banking,External fraud,External event,Jiangsu,2013-08,1,271000000.0,271000000.0,271000000.0,271000000.0,1,2.0,2013-08-01,1.0,890000000.0,1.0,1.0,1200000.0,0.0,1.0,10000000.0,1.0,0.0,0.0,0.0,0.0,0.0,0.0,3.0,901200000.0,2.0,4.0,918200000.0,3.0,4.0,918200000.0,3.0,271000000.0,19.417629382534013,2013-10-30,0,0,0.1840573219883564,0.303179579041648,0.322884012539185,0.032243618450515,8,3,2013,90,0.3168943439674108,0
Commercial banking,External fraud,External event,"Jiangsu,Zhejiang,Guangdong",2016-02,1,41000000.0,41000000.0,41000000.0,41000000.0,1,4.0,2016-02-01,0.0,0.0,0.0,0.0,0.0,0.0,0.0,0.0,0.0,0.0,0.0,0.0,0.0,0.0,0.0,0.0,0.0,0.0,0.0,0.0,0.0,0.0,0.0,0.0,41000000.0,17.529082649058825,2016-05-01,0,0,0.1840573219883564,0.303179579041648,0.322884012539185,0.0004478280340349,2,1,2016,90,0.04585858803410887,0
Commercial banking,External fraud,External event,Jiangxi,2008-12,1,6000000.0,6000000.0,6000000.0,6000000.0,0,1.0,2008-12-01,0.0,0.0,0.0,0.0,0.0,0.0,0.0,0.0,0.0,0.0,0.0,0.0,0.0,0.0,0.0,0.0,0.0,0.0,0.0,0.0,0.0,0.0,0.0,0.0,6000000.0,15.607270193858982,2009-03-01,0,0,0.1840573219883564,0.303179579041648,0.322884012539185,0.0156739811912225,12,4,2008,90,0.0637538703352787,0
Commercial banking,External fraud,External event,Jiangxi,2014-09,1,60000000.0,60000000.0,60000000.0,60000000.0,1,1.0,2014-09-01,1.0,6000000.0,0.0,0.0,0.0,0.0,0.0,0.0,0.0,0.0,0.0,0.0,0.0,0.0,0.0,1.0,6000000.0,0.0,1.0,6000000.0,0.0,1.0,6000000.0,0.0,60000000.0,17.909855136853043,2014-11-30,0,0,0.1840573219883564,0.303179579041648,0.322884012539185,0.0156739811912225,9,3,2014,90,0.06735629885958296,0
Commercial banking,External fraud,External event,Jilin,2016-04,1,3000000.0,3000000.0,3000000.0,3000000.0,0,1.0,2016-04-01,0.0,0.0,0.0,0.0,0.0,0.0,0.0,0.0,0.0,0.0,0.0,0.0,0.0,0.0,0.0,0.0,0.0,0.0,0.0,0.0,0.0,0.0,0.0,0.0,3000000.0,14.914123179965662,2016-06-30,0,0,0.1840573219883564,0.303179579041648,0.322884012539185,0.0197044334975369,4,2,2016,90,0.07795041612173502,0
Commercial banking,External fraud,External event,Liaoning,1996-10,1,10000000.0,10000000.0,10000000.0,10000000.0,1,1.0,1996-10-01,0.0,0.0,0.0,0.0,0.0,0.0,0.0,0.0,0.0,0.0,0.0,0.0,0.0,0.0,0.0,0.0,0.0,0.0,0.0,0.0,0.0,0.0,0.0,0.0,10000000.0,16.118095750958314,1996-12-30,0,0,0.1840573219883564,0.303179579041648,0.322884012539185,0.0291088222122704,10,4,1996,90,0.07517632922768706,0
Commercial banking,External fraud,External event,Liaoning,2005-03,1,125000000.0,125000000.0,125000000.0,125000000.0,1,1.0,2005-03-01,1.0,10000000.0,1.0,0.0,0.0,0.0,0.0,0.0,0.0,0.0,0.0,0.0,0.0,0.0,0.0,1.0,10000000.0,1.0,1.0,10000000.0,1.0,1.0,10000000.0,1.0,125000000.0,18.643824303266577,2005-05-30,0,0,0.1840573219883564,0.303179579041648,0.322884012539185,0.0291088222122704,3,1,2005,90,0.1319081383572985,0
Commercial banking,External fraud,External event,Liaoning,2006-03,1,196000000.0,196000000.0,196000000.0,196000000.0,1,2.0,2006-03-01,1.0,125000000.0,1.0,1.0,10000000.0,1.0,0.0,0.0,0.0,0.0,0.0,0.0,0.0,0.0,0.0,2.0,135000000.0,2.0,2.0,135000000.0,2.0,2.0,135000000.0,2.0,196000000.0,19.093625222296836,2006-05-30,0,0,0.1840573219883564,0.303179579041648,0.322884012539185,0.0291088222122704,3,1,2006,90,0.23303599837806582,0
Commercial banking,External fraud,External event,Liaoning,2011-02,1,42063700.0,42063700.0,42063700.0,42063700.0,1,1.0,2011-02-01,1.0,196000000.0,1.0,1.0,125000000.0,1.0,1.0,10000000.0,1.0,0.0,0.0,0.0,0.0,0.0,0.0,3.0,331000000.0,3.0,3.0,331000000.0,3.0,3.0,331000000.0,3.0,42063700.0,17.554695717710484,2011-05-02,0,0,0.1840573219883564,0.303179579041648,0.322884012539185,0.0291088222122704,2,1,2011,90,0.3778005739900252,1
Commercial banking,External fraud,External event,Liaoning,2015-07,1,60000000.0,60000000.0,60000000.0,60000000.0,1,1.0,2015-07-01,1.0,42063700.0,1.0,1.0,196000000.0,1.0,1.0,125000000.0,1.0,0.0,0.0,0.0,0.0,0.0,0.0,3.0,363063700.0,3.0,4.0,373063700.0,4.0,4.0,373063700.0,4.0,60000000.0,17.909855136853043,2015-09-29,0,0,0.1840573219883564,0.303179579041648,0.322884012539185,0.0291088222122704,7,3,2015,90,0.27322810130946773,0
Commercial banking,External fraud,External event,Shaanxi,2000-08,1,29950000.0,29950000.0,29950000.0,29950000.0,1,0.0,2000-08-01,0.0,0.0,0.0,0.0,0.0,0.0,0.0,0.0,0.0,0.0,0.0,0.0,0.0,0.0,0.0,0.0,0.0,0.0,0.0,0.0,0.0,0.0,0.0,0.0,29950000.0,17.215039915914712,2000-10-30,0,0,0.1840573219883564,0.303179579041648,0.322884012539185,0.0237348858038513,8,3,2000,90,0.08210118716617475,0
Commercial banking,External fraud,External event,Shaanxi,2004-02,1,5000000.0,5000000.0,5000000.0,5000000.0,0,1.0,2004-02-01,1.0,29950000.0,1.0,0.0,0.0,0.0,0.0,0.0,0.0,0.0,0.0,0.0,0.0,0.0,0.0,1.0,29950000.0,1.0,1.0,29950000.0,1.0,1.0,29950000.0,1.0,5000000.0,15.424948670398354,2004-05-01,0,0,0.1840573219883564,0.303179579041648,0.322884012539185,0.0237348858038513,2,1,2004,90,0.1454989020386627,0
Commercial banking,External fraud,External event,Shaanxi,2013-02,1,25000000.0,25000000.0,25000000.0,25000000.0,1,1.0,2013-02-01,1.0,5000000.0,0.0,1.0,29950000.0,1.0,0.0,0.0,0.0,0.0,0.0,0.0,0.0,0.0,0.0,2.0,34950000.0,1.0,2.0,34950000.0,1.0,2.0,34950000.0,1.0,25000000.0,17.034386422832473,2013-05-02,0,0,0.1840573219883564,0.303179579041648,0.322884012539185,0.0237348858038513,2,1,2013,90,0.27956965385212756,0
Commercial banking,External fraud,External event,Shandong,2004-05,1,4000000.0,4000000.0,4000000.0,4000000.0,0,0.0,2004-05-01,0.0,0.0,0.0,0.0,0.0,0.0,0.0,0.0,0.0,0.0,0.0,0.0,0.0,0.0,0.0,0.0,0.0,0.0,0.0,0.0,0.0,0.0,0.0,0.0,4000000.0,15.201805169084134,2004-07-30,0,0,0.1840573219883564,0.303179579041648,0.322884012539185,0.0501567398119122,5,2,2004,90,0.07962060314702119,0
Commercial banking,External fraud,External event,Shandong,2004-12,1,653000000.0,653000000.0,653000000.0,653000000.0,1,1.0,2004-12-01,1.0,4000000.0,0.0,0.0,0.0,0.0,0.0,0.0,0.0,0.0,0.0,0.0,0.0,0.0,0.0,1.0,4000000.0,0.0,1.0,4000000.0,0.0,1.0,4000000.0,0.0,653000000.0,20.2970876887721,2005-03-01,0,0,0.1840573219883564,0.303179579041648,0.322884012539185,0.0501567398119122,12,4,2004,90,0.05969815182393814,0
Commercial banking,External fraud,External event,Shandong,2006-09,1,990000.0,990000.0,990000.0,990000.0,0,0.0,2006-09-01,1.0,653000000.0,1.0,1.0,4000000.0,0.0,0.0,0.0,0.0,0.0,0.0,0.0,0.0,0.0,0.0,2.0,657000000.0,1.0,2.0,657000000.0,1.0,2.0,657000000.0,1.0,990000.0,13.805461232211272,2006-11-30,0,0,0.1840573219883564,0.303179579041648,0.322884012539185,0.0501567398119122,9,3,2006,90,0.17888383671307434,0
Commercial banking,External fraud,External event,Shandong,2009-03,1,100000.0,100000.0,100000.0,100000.0,0,0.0,2009-03-01,1.0,990000.0,0.0,1.0,653000000.0,1.0,1.0,4000000.0,0.0,0.0,0.0,0.0,0.0,0.0,0.0,3.0,657990000.0,1.0,3.0,657990000.0,1.0,3.0,657990000.0,1.0,100000.0,11.51293546492023,2009-05-30,0,0,0.1840573219883564,0.303179579041648,0.322884012539185,0.0501567398119122,3,1,2009,90,0.05567995824230862,0
Commercial banking,External fraud,External event,Shandong,2009-08,1,23000000.0,23000000.0,23000000.0,23000000.0,1,3.0,2009-08-01,1.0,100000.0,0.0,1.0,990000.0,0.0,1.0,653000000.0,1.0,0.0,0.0,0.0,0.0,0.0,0.0,3.0,654090000.0,1.0,4.0,658090000.0,1.0,4.0,658090000.0,1.0,23000000.0,16.951004817371683,2009-10-30,0,0,0.1840573219883564,0.303179579041648,0.322884012539185,0.0501567398119122,8,3,2009,90,0.21915532196381918,0
Commercial banking,External fraud,External event,Shandong,2012-03,1,1000000.0,1000000.0,1000000.0,1000000.0,0,1.0,2012-03-01,1.0,23000000.0,1.0,1.0,100000.0,0.0,1.0,990000.0,0.0,0.0,0.0,0.0,0.0,0.0,0.0,3.0,24090000.0,1.0,5.0,681090000.0,2.0,5.0,681090000.0,2.0,1000000.0,13.815511557963774,2012-05-30,0,0,0.1840573219883564,0.303179579041648,0.322884012539185,0.0501567398119122,3,1,2012,90,0.32441948895120437,1
Commercial banking,External fraud,External event,Shandong,2012-09,1,25000000.0,25000000.0,25000000.0,25000000.0,1,3.0,2012-09-01,1.0,1000000.0,0.0,1.0,23000000.0,1.0,1.0,100000.0,0.0,1.0,4000000.0,0.0,0.0,0.0,0.0,3.0,24100000.0,1.0,6.0,682090000.0,2.0,6.0,682090000.0,2.0,25000000.0,17.034386422832473,2012-11-30,1,1,0.1840573219883564,0.303179579041648,0.322884012539185,0.0501567398119122,9,3,2012,90,0.7134176023153985,1
Commercial banking,External fraud,External event,Shandong,2012-10,1,10785000.0,10785000.0,10785000.0,10785000.0,1,1.0,2012-10-01,1.0,25000000.0,1.0,1.0,1000000.0,0.0,1.0,23000000.0,1.0,1.0,653000000.0,1.0,0.0,0.0,0.0,3.0,49000000.0,2.0,6.0,703090000.0,3.0,7.0,707090000.0,3.0,10785000.0,16.193666930526764,2012-12-30,1,1,0.1840573219883564,0.303179579041648,0.322884012539185,0.0501567398119122,10,4,2012,90,0.6973912121864733,1
Commercial banking,External fraud,External event,Shandong,2012-11,2,19800000.0,9900000.0,9900000.0,12800000.0,1,0.0,2012-11-01,1.0,10785000.0,1.0,1.0,25000000.0,1.0,1.0,1000000.0,0.0,1.0,990000.0,0.0,0.0,0.0,0.0,3.0,36785000.0,2.0,6.0,60875000.0,3.0,8.0,717875000.0,4.0,9900000.0,16.801192546169812,2013-01-30,0,0,0.1840573219883564,0.303179579041648,0.322884012539185,0.0501567398119122,11,4,2012,90,0.46550420807825454,1
Commercial banking,External fraud,External event,Shandong,2013-05,1,20000000.0,20000000.0,20000000.0,20000000.0,1,3.0,2013-05-01,2.0,19800000.0,1.0,1.0,10785000.0,1.0,1.0,25000000.0,1.0,1.0,100000.0,0.0,0.0,0.0,0.0,4.0,55585000.0,3.0,7.0,79685000.0,4.0,10.0,737675000.0,5.0,20000000.0,16.811242881518265,2013-07-30,0,0,0.1840573219883564,0.303179579041648,0.322884012539185,0.0501567398119122,5,2,2013,90,0.3541744005595712,1
Commercial banking,External fraud,External event,Shandong,2014-04,1,140000000.0,140000000.0,140000000.0,140000000.0,1,6.0,2014-04-01,1.0,20000000.0,1.0,2.0,19800000.0,1.0,1.0,10785000.0,1.0,1.0,23000000.0,1.0,0.0,0.0,0.0,4.0,50585000.0,3.0,7.0,99585000.0,5.0,11.0,757675000.0,6.0,140000000.0,18.757152987716434,2014-06-30,0,0,0.1840573219883564,0.303179579041648,0.322884012539185,0.0501567398119122,4,2,2014,90,0.22298003221671275,0
Commercial banking,External fraud,External event,Shandong,2014-11,1,4000000.0,4000000.0,4000000.0,4000000.0,0,3.0,2014-11-01,1.0,140000000.0,1.0,1.0,20000000.0,1.0,2.0,19800000.0,1.0,1.0,1000000.0,0.0,0.0,0.0,0.0,4.0,179800000.0,3.0,7.0,216585000.0,5.0,12.0,897675000.0,7.0,4000000.0,15.201805169084134,2015-01-30,0,0,0.1840573219883564,0.303179579041648,0.322884012539185,0.0501567398119122,11,4,2014,90,0.34488594982692605,1
Commercial banking,External fraud,External event,Shandong,2015-05,1,281000000.0,281000000.0,281000000.0,281000000.0,1,4.0,2015-05-01,1.0,4000000.0,0.0,1.0,140000000.0,1.0,1.0,20000000.0,1.0,1.0,25000000.0,1.0,1.0,4000000.0,0.0,3.0,164000000.0,2.0,7.0,219585000.0,5.0,13.0,901675000.0,7.0,281000000.0,19.45386523085674,2015-07-30,0,0,0.1840573219883564,0.303179579041648,0.322884012539185,0.0501567398119122,5,2,2015,90,0.22698251792413288,0
Commercial banking,External fraud,External event,Shandong,2015-09,1,186300000.0,186300000.0,186300000.0,186300000.0,1,1.0,2015-09-01,1.0,281000000.0,1.0,1.0,4000000.0,0.0,1.0,140000000.0,1.0,1.0,10785000.0,1.0,1.0,653000000.0,1.0,3.0,425000000.0,2.0,7.0,475585000.0,5.0,13.0,1178675000.0,8.0,186300000.0,19.042868840939505,2015-11-30,0,0,0.1840573219883564,0.303179579041648,0.322884012539185,0.0501567398119122,9,3,2015,90,0.19587068684120837,0
Commercial banking,External fraud,External event,Shandong,2015-12,1,2000000.0,2000000.0,2000000.0,2000000.0,0,1.0,2015-12-01,1.0,186300000.0,1.0,1.0,281000000.0,1.0,1.0,4000000.0,0.0,2.0,19800000.0,1.0,1.0,990000.0,0.0,3.0,471300000.0,2.0,7.0,651100000.0,5.0,13.0,711975000.0,8.0,2000000.0,14.508658238524095,2016-02-29,0,0,0.1840573219883564,0.303179579041648,0.322884012539185,0.0501567398119122,12,4,2015,90,0.2860534928528937,0
Commercial banking,External fraud,External event,Shandong,2016-03,2,36000000.0,18000000.0,18000000.0,30000000.0,1,1.0,2016-03-01,1.0,2000000.0,0.0,1.0,186300000.0,1.0,1.0,281000000.0,1.0,1.0,20000000.0,1.0,1.0,100000.0,0.0,3.0,469300000.0,2.0,6.0,633300000.0,4.0,13.0,712985000.0,8.0,18000000.0,17.399029524198163,2016-05-30,0,0,0.1840573219883564,0.303179579041648,0.322884012539185,0.0501567398119122,3,1,2016,90,0.22318775563200924,0
Commercial banking,External fraud,External event,Shandong,2018-03,1,2600000.0,2600000.0,2600000.0,2600000.0,0,0.0,2018-03-01,2.0,36000000.0,1.0,1.0,2000000.0,0.0,1.0,186300000.0,1.0,1.0,140000000.0,1.0,1.0,23000000.0,1.0,4.0,224300000.0,2.0,7.0,649300000.0,4.0,14.0,748885000.0,9.0,2600000.0,14.77102238760702,2018-05-30,0,1,0.1840573219883564,0.303179579041648,0.322884012539185,0.0501567398119122,3,1,2018,90,0.26102814940161545,0
Commercial banking,External fraud,External event,Shandong,2018-04,1,900000.0,900000.0,900000.0,900000.0,0,1.0,2018-04-01,1.0,2600000.0,0.0,2.0,36000000.0,1.0,1.0,2000000.0,0.0,1.0,4000000.0,0.0,1.0,1000000.0,0.0,4.0,40600000.0,1.0,7.0,511900000.0,3.0,14.0,728485000.0,8.0,900000.0,13.71015115341694,2018-06-30,0,0,0.1840573219883564,0.303179579041648,0.322884012539185,0.0501567398119122,4,2,2018,90,0.18618704861946853,0
Commercial banking,External fraud,External event,Shanghai,1999-03,1,8000000.0,8000000.0,8000000.0,8000000.0,0,1.0,1999-03-01,0.0,0.0,0.0,0.0,0.0,0.0,0.0,0.0,0.0,0.0,0.0,0.0,0.0,0.0,0.0,0.0,0.0,0.0,0.0,0.0,0.0,0.0,0.0,0.0,8000000.0,15.894952224644102,1999-05-30,0,0,0.1840573219883564,0.303179579041648,0.322884012539185,0.0452306314375279,3,1,1999,90,0.08137301831559968,0
Commercial banking,External fraud,External event,Shanghai,2001-04,1,20000000.0,20000000.0,20000000.0,20000000.0,1,0.0,2001-04-01,1.0,8000000.0,0.0,0.0,0.0,0.0,0.0,0.0,0.0,0.0,0.0,0.0,0.0,0.0,0.0,1.0,8000000.0,0.0,1.0,8000000.0,0.0,1.0,8000000.0,0.0,20000000.0,16.811242881518265,2001-06-30,0,0,0.1840573219883564,0.303179579041648,0.322884012539185,0.0452306314375279,4,2,2001,90,0.06536873449264761,0
Commercial banking,External fraud,External event,Shanghai,2005-03,1,214530450.0,214530450.0,214530450.0,214530450.0,1,1.0,2005-03-01,1.0,20000000.0,1.0,1.0,8000000.0,0.0,0.0,0.0,0.0,0.0,0.0,0.0,0.0,0.0,0.0,2.0,28000000.0,1.0,2.0,28000000.0,1.0,2.0,28000000.0,1.0,214530450.0,19.18396224896056,2005-05-30,0,0,0.1840573219883564,0.303179579041648,0.322884012539185,0.0452306314375279,3,1,2005,90,0.23565221583301532,0
Commercial banking,External fraud,External event,Shanghai,2008-06,1,293000000.0,293000000.0,293000000.0,293000000.0,1,1.0,2008-06-01,1.0,214530450.0,1.0,1.0,20000000.0,1.0,1.0,8000000.0,0.0,0.0,0.0,0.0,0.0,0.0,0.0,3.0,242530450.0,2.0,3.0,242530450.0,2.0,3.0,242530450.0,2.0,293000000.0,19.49568317039431,2008-08-30,0,0,0.1840573219883564,0.303179579041648,0.322884012539185,0.0452306314375279,6,2,2008,90,0.3878383699735777,1
Commercial banking,External fraud,External event,Shanghai,2009-01,1,330000000.0,330000000.0,330000000.0,330000000.0,1,4.0,2009-01-01,1.0,293000000.0,1.0,1.0,214530450.0,1.0,1.0,20000000.0,1.0,0.0,0.0,0.0,0.0,0.0,0.0,3.0,527530450.0,3.0,4.0,535530450.0,3.0,4.0,535530450.0,3.0,330000000.0,19.6146032154551,2009-04-01,0,0,0.1840573219883564,0.303179579041648,0.322884012539185,0.0452306314375279,1,1,2009,90,0.3620769996508114,1
Commercial banking,External fraud,External event,Shanghai,2011-12,1,889000000.0,889000000.0,889000000.0,889000000.0,1,1.0,2011-12-01,1.0,330000000.0,1.0,1.0,293000000.0,1.0,1.0,214530450.0,1.0,0.0,0.0,0.0,0.0,0.0,0.0,3.0,837530450.0,3.0,5.0,865530450.0,4.0,5.0,865530450.0,4.0,889000000.0,20.60560779460304,2012-02-29,0,0,0.1840573219883564,0.303179579041648,0.322884012539185,0.0452306314375279,12,4,2011,90,0.1879555404870217,0
Commercial banking,External fraud,External event,Shanghai,2012-08,1,12150000.0,12150000.0,12150000.0,12150000.0,1,3.0,2012-08-01,1.0,889000000.0,1.0,1.0,330000000.0,1.0,1.0,293000000.0,1.0,1.0,8000000.0,0.0,0.0,0.0,0.0,3.0,1512000000.0,3.0,6.0,1754530450.0,5.0,6.0,1754530450.0,5.0,12150000.0,16.312839810055355,2012-10-30,0,0,0.1840573219883564,0.303179579041648,0.322884012539185,0.0452306314375279,8,3,2012,90,0.3033942327260416,0
Commercial banking,External fraud,External event,Shanghai,2013-04,1,1140000000.0,1140000000.0,1140000000.0,1140000000.0,1,2.0,2013-04-01,1.0,12150000.0,1.0,1.0,889000000.0,1.0,1.0,330000000.0,1.0,1.0,20000000.0,1.0,0.0,0.0,0.0,3.0,1231150000.0,3.0,6.0,1758680450.0,6.0,7.0,1766680450.0,6.0,1140000000.0,20.854294100230007,2013-06-30,0,0,0.1840573219883564,0.303179579041648,0.322884012539185,0.0452306314375279,4,2,2013,90,0.11922879089159158,0
Commercial banking,External fraud,External event,Shanghai,2014-10,1,837000000.0,837000000.0,837000000.0,837000000.0,1,1.0,2014-10-01,1.0,1140000000.0,1.0,1.0,12150000.0,1.0,1.0,889000000.0,1.0,1.0,214530450.0,1.0,0.0,0.0,0.0,3.0,2041150000.0,3.0,6.0,2878680450.0,6.0,8.0,2906680450.0,7.0,837000000.0,20.545334629648494,2014-12-30,0,0,0.1840573219883564,0.303179579041648,0.322884012539185,0.0452306314375279,10,4,2014,90,0.20592732968929164,0
Commercial banking,External fraud,External event,"Shanghai,Guangdong,Hongkong",2013-04,1,6600000000.0,6600000000.0,6600000000.0,6600000000.0,1,2.0,2013-04-01,0.0,0.0,0.0,0.0,0.0,0.0,0.0,0.0,0.0,0.0,0.0,0.0,0.0,0.0,0.0,0.0,0.0,0.0,0.0,0.0,0.0,0.0,0.0,0.0,6600000000.0,22.610335486130307,2013-06-30,0,0,0.1840573219883564,0.303179579041648,0.322884012539185,0.0004478280340349,4,2,2013,90,0.07191832446643541,0
Commercial banking,External fraud,External event,"Shanghai,Jiangsu,Zhejiang,Guizhou",2016-01,1,250000000.0,250000000.0,250000000.0,250000000.0,1,3.0,2016-01-01,0.0,0.0,0.0,0.0,0.0,0.0,0.0,0.0,0.0,0.0,0.0,0.0,0.0,0.0,0.0,0.0,0.0,0.0,0.0,0.0,0.0,0.0,0.0,0.0,250000000.0,19.33697147982652,2016-03-31,0,0,0.1840573219883564,0.303179579041648,0.322884012539185,0.0004478280340349,1,1,2016,90,0.08250019235587974,0
Commercial banking,External fraud,External event,"Shanghai,Jiangxi",2012-11,1,19311900.0,19311900.0,19311900.0,19311900.0,1,1.0,2012-11-01,0.0,0.0,0.0,0.0,0.0,0.0,0.0,0.0,0.0,0.0,0.0,0.0,0.0,0.0,0.0,0.0,0.0,0.0,0.0,0.0,0.0,0.0,0.0,0.0,19311900.0,16.776232095959998,2013-01-30,0,0,0.1840573219883564,0.303179579041648,0.322884012539185,0.0008956560680698,11,4,2012,90,0.053975659497279255,0
Commercial banking,External fraud,External event,"Shanghai,Qinghai",2013-02,1,500000000.0,500000000.0,500000000.0,500000000.0,1,1.0,2013-02-01,0.0,0.0,0.0,0.0,0.0,0.0,0.0,0.0,0.0,0.0,0.0,0.0,0.0,0.0,0.0,0.0,0.0,0.0,0.0,0.0,0.0,0.0,0.0,0.0,500000000.0,20.030118658386467,2013-05-02,0,0,0.1840573219883564,0.303179579041648,0.322884012539185,0.0008956560680698,2,1,2013,90,0.08165433228253362,0
Commercial banking,External fraud,External event,"Shanghai,Zhejiang",2016-04,1,114000000.0,114000000.0,114000000.0,114000000.0,1,1.0,2016-04-01,0.0,0.0,0.0,0.0,0.0,0.0,0.0,0.0,0.0,0.0,0.0,0.0,0.0,0.0,0.0,0.0,0.0,0.0,0.0,0.0,0.0,0.0,0.0,0.0,114000000.0,18.5517090151307,2016-06-30,0,0,0.1840573219883564,0.303179579041648,0.322884012539185,0.0022391401701746,4,2,2016,90,0.057419314090459396,0
Commercial banking,External fraud,External event,"Shanghai,Zhejiang,Guizhou",2010-06,1,185000000.0,185000000.0,185000000.0,185000000.0,1,0.0,2010-06-01,0.0,0.0,0.0,0.0,0.0,0.0,0.0,0.0,0.0,0.0,0.0,0.0,0.0,0.0,0.0,0.0,0.0,0.0,0.0,0.0,0.0,0.0,0.0,0.0,185000000.0,19.035866388448003,2010-08-30,0,0,0.1840573219883564,0.303179579041648,0.322884012539185,0.0004478280340349,6,2,2010,90,0.09495111382940506,0
Commercial banking,External fraud,External event,"Shanghai,Zhejiang,Jiangxi,Hubei,Qinghai",2011-10,1,20000000.0,20000000.0,20000000.0,20000000.0,1,4.0,2011-10-01,0.0,0.0,0.0,0.0,0.0,0.0,0.0,0.0,0.0,0.0,0.0,0.0,0.0,0.0,0.0,0.0,0.0,0.0,0.0,0.0,0.0,0.0,0.0,0.0,20000000.0,16.811242881518265,2011-12-30,0,0,0.1840573219883564,0.303179579041648,0.322884012539185,0.0004478280340349,10,4,2011,90,0.04632214931721188,0
Commercial banking,External fraud,External event,Shanxi,2000-01,1,2500000.0,2500000.0,2500000.0,2500000.0,0,1.0,2000-01-01,0.0,0.0,0.0,0.0,0.0,0.0,0.0,0.0,0.0,0.0,0.0,0.0,0.0,0.0,0.0,0.0,0.0,0.0,0.0,0.0,0.0,0.0,0.0,0.0,2500000.0,14.731801689838347,2000-03-31,0,0,0.1840573219883564,0.303179579041648,0.322884012539185,0.0214957456336766,1,1,2000,90,0.05591249070572342,0
Commercial banking,External fraud,External event,Shanxi,2013-10,1,717000000.0,717000000.0,717000000.0,717000000.0,1,5.0,2013-10-01,1.0,2500000.0,0.0,0.0,0.0,0.0,0.0,0.0,0.0,0.0,0.0,0.0,0.0,0.0,0.0,1.0,2500000.0,0.0,1.0,2500000.0,0.0,1.0,2500000.0,0.0,717000000.0,20.390586399958597,2013-12-30,0,0,0.1840573219883564,0.303179579041648,0.322884012539185,0.0214957456336766,10,4,2013,90,0.06169198976816087,0
Commercial banking,External fraud,External event,Shanxi,2014-10,1,20000000.0,20000000.0,20000000.0,20000000.0,1,0.0,2014-10-01,1.0,717000000.0,1.0,1.0,2500000.0,0.0,0.0,0.0,0.0,0.0,0.0,0.0,0.0,0.0,0.0,2.0,719500000.0,1.0,2.0,719500000.0,1.0,2.0,719500000.0,1.0,20000000.0,16.811242881518265,2014-12-30,0,0,0.1840573219883564,0.303179579041648,0.322884012539185,0.0214957456336766,10,4,2014,90,0.41495681310702265,1
Commercial banking,External fraud,External event,"Shanxi,Zhejiang",2011-05,1,80000.0,80000.0,80000.0,80000.0,0,0.0,2011-05-01,0.0,0.0,0.0,0.0,0.0,0.0,0.0,0.0,0.0,0.0,0.0,0.0,0.0,0.0,0.0,0.0,0.0,0.0,0.0,0.0,0.0,0.0,0.0,0.0,80000.0,11.289794413577894,2011-07-30,0,0,0.1840573219883564,0.303179579041648,0.322884012539185,0.0004478280340349,5,2,2011,90,0.09244205332931928,0
Commercial banking,External fraud,External event,Sichuan,2005-10,1,240000000.0,240000000.0,240000000.0,240000000.0,1,2.0,2005-10-01,0.0,0.0,0.0,0.0,0.0,0.0,0.0,0.0,0.0,0.0,0.0,0.0,0.0,0.0,0.0,0.0,0.0,0.0,0.0,0.0,0.0,0.0,0.0,0.0,240000000.0,19.29614948547293,2005-12-30,0,0,0.1840573219883564,0.303179579041648,0.322884012539185,0.0273175100761307,10,4,2005,90,0.1050007014862254,0
Commercial banking,External fraud,External event,Sichuan,2013-03,1,1600000.0,1600000.0,1600000.0,1600000.0,0,1.0,2013-03-01,1.0,240000000.0,1.0,0.0,0.0,0.0,0.0,0.0,0.0,0.0,0.0,0.0,0.0,0.0,0.0,1.0,240000000.0,1.0,1.0,240000000.0,1.0,1.0,240000000.0,1.0,1600000.0,14.285514812209817,2013-05-30,1,1,0.1840573219883564,0.303179579041648,0.322884012539185,0.0273175100761307,3,1,2013,90,0.6342782013040157,1
Commercial banking,External fraud,External event,Sichuan,2013-04,1,93000000.0,93000000.0,93000000.0,93000000.0,1,1.0,2013-04-01,1.0,1600000.0,0.0,1.0,240000000.0,1.0,0.0,0.0,0.0,0.0,0.0,0.0,0.0,0.0,0.0,2.0,241600000.0,1.0,2.0,241600000.0,1.0,2.0,241600000.0,1.0,93000000.0,18.34811006187022,2013-06-30,0,0,0.1840573219883564,0.303179579041648,0.322884012539185,0.0273175100761307,4,2,2013,90,0.3531067469819906,1
Commercial banking,External fraud,External event,Tianjin,2004-05,1,13000000.0,13000000.0,13000000.0,13000000.0,1,0.0,2004-05-01,0.0,0.0,0.0,0.0,0.0,0.0,0.0,0.0,0.0,0.0,0.0,0.0,0.0,0.0,0.0,0.0,0.0,0.0,0.0,0.0,0.0,0.0,0.0,0.0,13000000.0,16.380459992348886,2004-07-30,0,0,0.1840573219883564,0.303179579041648,0.322884012539185,0.0116435288849081,5,2,2004,90,0.08368235828777078,0
Commercial banking,External fraud,External event,"Tianjin,Hongkong",2012-01,1,777000000.0,777000000.0,777000000.0,777000000.0,1,9.0,2012-01-01,0.0,0.0,0.0,0.0,0.0,0.0,0.0,0.0,0.0,0.0,0.0,0.0,0.0,0.0,0.0,0.0,0.0,0.0,0.0,0.0,0.0,0.0,0.0,0.0,777000000.0,20.470950909618924,2012-03-31,0,0,0.1840573219883564,0.303179579041648,0.322884012539185,0.0004478280340349,1,1,2012,90,0.06037805146722517,0
Commercial banking,External fraud,External event,Zhejiang,1995-06,1,350000000.0,350000000.0,350000000.0,350000000.0,1,0.0,1995-06-01,0.0,0.0,0.0,0.0,0.0,0.0,0.0,0.0,0.0,0.0,0.0,0.0,0.0,0.0,0.0,0.0,0.0,0.0,0.0,0.0,0.0,0.0,0.0,0.0,350000000.0,19.67344371530488,1995-08-30,0,0,0.1840573219883564,0.303179579041648,0.322884012539185,0.0523958799820868,6,2,1995,90,0.129784945173729,0
Commercial banking,External fraud,External event,Zhejiang,2004-01,1,189610000.0,189610000.0,189610000.0,189610000.0,1,0.0,2004-01-01,1.0,350000000.0,1.0,0.0,0.0,0.0,0.0,0.0,0.0,0.0,0.0,0.0,0.0,0.0,0.0,1.0,350000000.0,1.0,1.0,350000000.0,1.0,1.0,350000000.0,1.0,189610000.0,19.06047989428437,2004-03-31,0,0,0.1840573219883564,0.303179579041648,0.322884012539185,0.0523958799820868,1,1,2004,90,0.48013870445331264,1
Commercial banking,External fraud,External event,Zhejiang,2006-08,1,1250000.0,1250000.0,1250000.0,1250000.0,0,1.0,2006-08-01,1.0,189610000.0,1.0,1.0,350000000.0,1.0,0.0,0.0,0.0,0.0,0.0,0.0,0.0,0.0,0.0,2.0,539610000.0,2.0,2.0,539610000.0,2.0,2.0,539610000.0,2.0,1250000.0,14.038654909278163,2006-10-30,0,0,0.1840573219883564,0.303179579041648,0.322884012539185,0.0523958799820868,8,3,2006,90,0.3248914983344905,1
Commercial banking,External fraud,External event,Zhejiang,2010-06,1,2000000.0,2000000.0,2000000.0,2000000.0,0,0.0,2010-06-01,1.0,1250000.0,0.0,1.0,189610000.0,1.0,1.0,350000000.0,1.0,0.0,0.0,0.0,0.0,0.0,0.0,3.0,540860000.0,2.0,3.0,540860000.0,2.0,3.0,540860000.0,2.0,2000000.0,14.508658238524095,2010-08-30,0,0,0.1840573219883564,0.303179579041648,0.322884012539185,0.0523958799820868,6,2,2010,90,0.27473807181552073,0
Commercial banking,External fraud,External event,Zhejiang,2011-12,1,29980000.0,29980000.0,29980000.0,29980000.0,1,0.0,2011-12-01,1.0,2000000.0,0.0,1.0,1250000.0,0.0,1.0,189610000.0,1.0,0.0,0.0,0.0,0.0,0.0,0.0,3.0,192860000.0,1.0,4.0,542860000.0,2.0,4.0,542860000.0,2.0,29980000.0,17.216041083994295,2012-02-29,0,0,0.1840573219883564,0.303179579041648,0.322884012539185,0.0523958799820868,12,4,2011,90,0.32093366200167284,1
Commercial banking,External fraud,External event,Zhejiang,2013-01,1,2000000.0,2000000.0,2000000.0,2000000.0,0,1.0,2013-01-01,1.0,29980000.0,1.0,1.0,2000000.0,0.0,1.0,1250000.0,0.0,0.0,0.0,0.0,0.0,0.0,0.0,3.0,33230000.0,1.0,5.0,572840000.0,3.0,5.0,572840000.0,3.0,2000000.0,14.508658238524095,2013-04-01,1,1,0.1840573219883564,0.303179579041648,0.322884012539185,0.0523958799820868,1,1,2013,90,0.7069343906021874,1
Commercial banking,External fraud,External event,Zhejiang,2013-03,2,93595097.0,46797548.5,46797548.5,55141200.0,2,0.5,2013-03-01,1.0,2000000.0,0.0,1.0,29980000.0,1.0,1.0,2000000.0,0.0,1.0,350000000.0,1.0,0.0,0.0,0.0,3.0,33980000.0,1.0,6.0,574840000.0,3.0,6.0,574840000.0,3.0,46797548.5,18.3544885682815,2013-05-30,1,1,0.1840573219883564,0.303179579041648,0.322884012539185,0.0523958799820868,3,1,2013,90,0.7307893144233751,1
Commercial banking,External fraud,External event,Zhejiang,2013-04,1,36650000.0,36650000.0,36650000.0,36650000.0,1,2.0,2013-04-01,2.0,93595097.0,2.0,1.0,2000000.0,0.0,1.0,29980000.0,1.0,1.0,189610000.0,1.0,0.0,0.0,0.0,4.0,125575097.0,3.0,7.0,318435097.0,4.0,8.0,668435097.0,5.0,36650000.0,17.416924013582065,2013-06-30,0,0,0.1840573219883564,0.303179579041648,0.322884012539185,0.0523958799820868,4,2,2013,90,0.3880852214428091,1
Commercial banking,External fraud,External event,Zhejiang,2014-06,2,538000000.0,269000000.0,269000000.0,520000000.0,2,0.5,2014-06-01,1.0,36650000.0,1.0,2.0,93595097.0,2.0,1.0,2000000.0,0.0,1.0,1250000.0,0.0,0.0,0.0,0.0,4.0,132245097.0,3.0,7.0,165475097.0,4.0,9.0,705085097.0,6.0,269000000.0,20.103369119984794,2014-08-30,0,0,0.1840573219883564,0.303179579041648,0.322884012539185,0.0523958799820868,6,2,2014,90,0.28724654773923247,0
Commercial banking,External fraud,External event,Zhejiang,2015-02,1,13214100.0,13214100.0,13214100.0,13214100.0,1,1.0,2015-02-01,2.0,538000000.0,2.0,1.0,36650000.0,1.0,2.0,93595097.0,2.0,1.0,2000000.0,0.0,0.0,0.0,0.0,5.0,668245097.0,5.0,8.0,702225097.0,6.0,11.0,1243085097.0,8.0,13214100.0,16.396795074951264,2015-05-02,0,0,0.1840573219883564,0.303179579041648,0.322884012539185,0.0523958799820868,2,1,2015,90,0.370974491421491,1
Commercial banking,External fraud,External event,"Zhejiang,Anhui",2014-02,1,150000000.0,150000000.0,150000000.0,150000000.0,1,2.0,2014-02-01,0.0,0.0,0.0,0.0,0.0,0.0,0.0,0.0,0.0,0.0,0.0,0.0,0.0,0.0,0.0,0.0,0.0,0.0,0.0,0.0,0.0,0.0,0.0,0.0,150000000.0,18.8261458587272,2014-05-02,0,0,0.1840573219883564,0.303179579041648,0.322884012539185,0.0013434841021047,2,1,2014,90,0.0650423591757853,0
Commercial banking,External fraud,External event,"Zhejiang,Anhui",2018-06,1,23000000.0,23000000.0,23000000.0,23000000.0,1,1.0,2018-06-01,1.0,150000000.0,1.0,0.0,0.0,0.0,0.0,0.0,0.0,0.0,0.0,0.0,0.0,0.0,0.0,1.0,150000000.0,1.0,1.0,150000000.0,1.0,1.0,150000000.0,1.0,23000000.0,16.951004817371683,2018-08-30,0,0,0.1840573219883564,0.303179579041648,0.322884012539185,0.0013434841021047,6,2,2018,90,0.4185271682585608,1
Commercial banking,External fraud,External event,"Zhejiang,Anhui,Yunnan",2013-09,1,113000000.0,113000000.0,113000000.0,113000000.0,1,1.0,2013-09-01,0.0,0.0,0.0,0.0,0.0,0.0,0.0,0.0,0.0,0.0,0.0,0.0,0.0,0.0,0.0,0.0,0.0,0.0,0.0,0.0,0.0,0.0,0.0,0.0,113000000.0,18.54289838552617,2013-11-30,0,0,0.1840573219883564,0.303179579041648,0.322884012539185,0.0004478280340349,9,3,2013,90,0.05603949463432044,0
Commercial banking,External fraud,External event,"Zhejiang,Hunan",2009-07,1,10000000.0,10000000.0,10000000.0,10000000.0,1,0.0,2009-07-01,0.0,0.0,0.0,0.0,0.0,0.0,0.0,0.0,0.0,0.0,0.0,0.0,0.0,0.0,0.0,0.0,0.0,0.0,0.0,0.0,0.0,0.0,0.0,0.0,10000000.0,16.118095750958314,2009-09-29,0,0,0.1840573219883564,0.303179579041648,0.322884012539185,0.0017913121361397,7,3,2009,90,0.058687608291046016,0
Commercial banking,External fraud,External event,"Zhejiang,Hunan",2013-12,1,100000000.0,100000000.0,100000000.0,100000000.0,1,1.0,2013-12-01,1.0,10000000.0,1.0,0.0,0.0,0.0,0.0,0.0,0.0,0.0,0.0,0.0,0.0,0.0,0.0,1.0,10000000.0,1.0,1.0,10000000.0,1.0,1.0,10000000.0,1.0,100000000.0,18.420680753952364,2014-03-01,0,0,0.1840573219883564,0.303179579041648,0.322884012539185,0.0017913121361397,12,4,2013,90,0.14339738604229926,0
Commercial banking,External fraud,People,Beijing,2000-09,1,54000000.0,54000000.0,54000000.0,54000000.0,1,2.0,2000-09-01,0.0,0.0,0.0,0.0,0.0,0.0,0.0,0.0,0.0,0.0,0.0,0.0,0.0,0.0,0.0,0.0,0.0,0.0,0.0,0.0,0.0,0.0,0.0,0.0,54000000.0,17.804494623047066,2000-11-30,0,0,0.1840573219883564,0.303179579041648,0.4594715629198387,0.0940438871473354,9,3,2000,90,0.083378277672927,0
Commercial banking,External fraud,People,"Beijing,Macao",2000-09,1,548000000.0,548000000.0,548000000.0,548000000.0,1,1.0,2000-09-01,0.0,0.0,0.0,0.0,0.0,0.0,0.0,0.0,0.0,0.0,0.0,0.0,0.0,0.0,0.0,0.0,0.0,0.0,0.0,0.0,0.0,0.0,0.0,0.0,548000000.0,20.121785846737108,2000-11-30,0,0,0.1840573219883564,0.303179579041648,0.4594715629198387,0.0004478280340349,9,3,2000,90,0.09971084644420435,0
Commercial banking,External fraud,People,"Inner mongolia,Inner mongolia",2008-09,1,5900000.0,5900000.0,5900000.0,5900000.0,0,0.0,2008-09-01,0.0,0.0,0.0,0.0,0.0,0.0,0.0,0.0,0.0,0.0,0.0,0.0,0.0,0.0,0.0,0.0,0.0,0.0,0.0,0.0,0.0,0.0,0.0,0.0,5900000.0,15.59046307836746,2008-11-30,0,0,0.1840573219883564,0.303179579041648,0.4594715629198387,0.0071652485445588,9,3,2008,90,0.08412423608266223,0
Commercial banking,Internal fraud,External event,Anhui,2013-11,1,18000000.0,18000000.0,18000000.0,18000000.0,1,1.0,2013-11-01,0.0,0.0,0.0,0.0,0.0,0.0,0.0,0.0,0.0,0.0,0.0,0.0,0.0,0.0,0.0,0.0,0.0,0.0,0.0,0.0,0.0,0.0,0.0,0.0,18000000.0,16.705882371415992,2014-01-30,0,0,0.1840573219883564,0.380653828929691,0.322884012539185,0.0250783699059561,11,4,2013,90,0.08960107775777582,0
Commercial banking,Internal fraud,External event,"Beijing,Hunan,Guangdong,Sichuan,Hongkong",2013-09,1,200000000.0,200000000.0,200000000.0,200000000.0,1,1.0,2013-09-01,0.0,0.0,0.0,0.0,0.0,0.0,0.0,0.0,0.0,0.0,0.0,0.0,0.0,0.0,0.0,0.0,0.0,0.0,0.0,0.0,0.0,0.0,0.0,0.0,200000000.0,19.11382792951231,2013-11-30,0,0,0.1840573219883564,0.380653828929691,0.322884012539185,0.0004478280340349,9,3,2013,90,0.09730649755199253,0
Commercial banking,Internal fraud,External event,"Heilongjiang,Shandong",2012-11,1,90000000.0,90000000.0,90000000.0,90000000.0,1,1.0,2012-11-01,0.0,0.0,0.0,0.0,0.0,0.0,0.0,0.0,0.0,0.0,0.0,0.0,0.0,0.0,0.0,0.0,0.0,0.0,0.0,0.0,0.0,0.0,0.0,0.0,90000000.0,18.31532023940565,2013-01-30,0,0,0.1840573219883564,0.380653828929691,0.322884012539185,0.0008956560680698,11,4,2012,90,0.10962706072704603,0
Commercial banking,Internal fraud,External event,Henan,2018-02,1,9900000.0,9900000.0,9900000.0,9900000.0,0,0.0,2018-02-01,0.0,0.0,0.0,0.0,0.0,0.0,0.0,0.0,0.0,0.0,0.0,0.0,0.0,0.0,0.0,0.0,0.0,0.0,0.0,0.0,0.0,0.0,0.0,0.0,9900000.0,16.108045416114916,2018-05-02,0,0,0.1840573219883564,0.380653828929691,0.322884012539185,0.0497089117778772,2,1,2018,90,0.06750869313732086,0
Commercial banking,Internal fraud,External event,Hubei,2008-05,1,4660000.0,4660000.0,4660000.0,4660000.0,0,1.0,2008-05-01,0.0,0.0,0.0,0.0,0.0,0.0,0.0,0.0,0.0,0.0,0.0,0.0,0.0,0.0,0.0,0.0,0.0,0.0,0.0,0.0,0.0,0.0,0.0,0.0,4660000.0,15.35452622069408,2008-07-30,0,0,0.1840573219883564,0.380653828929691,0.322884012539185,0.0313479623824451,5,2,2008,90,0.06312389106328521,0
Commercial banking,Internal fraud,External event,"Hubei,Hunan",2013-04,1,50000000.0,50000000.0,50000000.0,50000000.0,1,0.0,2013-04-01,0.0,0.0,0.0,0.0,0.0,0.0,0.0,0.0,0.0,0.0,0.0,0.0,0.0,0.0,0.0,0.0,0.0,0.0,0.0,0.0,0.0,0.0,0.0,0.0,50000000.0,17.72753358339242,2013-06-30,0,0,0.1840573219883564,0.380653828929691,0.322884012539185,0.0008956560680698,4,2,2013,90,0.14546065606418027,0
Commercial banking,Internal fraud,External event,"Shanxi,Liaoning,Jilin,Jiangsu,Anhui,Guangdong",2016-12,1,300000000.0,300000000.0,300000000.0,300000000.0,1,1.0,2016-12-01,0.0,0.0,0.0,0.0,0.0,0.0,0.0,0.0,0.0,0.0,0.0,0.0,0.0,0.0,0.0,0.0,0.0,0.0,0.0,0.0,0.0,0.0,0.0,0.0,300000000.0,19.519293035953808,2017-03-01,0,0,0.1840573219883564,0.380653828929691,0.322884012539185,0.0004478280340349,12,4,2016,90,0.10525123538424569,0
Commercial banking,Internal fraud,External event,Yunnan,2000-03,1,12045701.0,12045701.0,12045701.0,12045701.0,1,1.0,2000-03-01,0.0,0.0,0.0,0.0,0.0,0.0,0.0,0.0,0.0,0.0,0.0,0.0,0.0,0.0,0.0,0.0,0.0,0.0,0.0,0.0,0.0,0.0,0.0,0.0,12045701.0,16.304218473777393,2000-05-30,0,0,0.1840573219883564,0.380653828929691,0.322884012539185,0.0134348410210479,3,1,2000,90,0.07348657819120902,0
Commercial banking,Internal fraud,External event,Zhejiang,2015-09,1,500000.0,500000.0,500000.0,500000.0,0,1.0,2015-09-01,0.0,0.0,0.0,0.0,0.0,0.0,0.0,0.0,0.0,0.0,0.0,0.0,0.0,0.0,0.0,0.0,0.0,0.0,0.0,0.0,0.0,0.0,0.0,0.0,500000.0,13.122365377402328,2015-11-30,0,0,0.1840573219883564,0.380653828929691,0.322884012539185,0.0523958799820868,9,3,2015,90,0.0402804649889258,0
Commercial banking,Internal fraud,People,Anhui,2004-08,1,734924.74,734924.74,734924.74,734924.74,0,1.0,2004-08-01,0.0,0.0,0.0,0.0,0.0,0.0,0.0,0.0,0.0,0.0,0.0,0.0,0.0,0.0,0.0,0.0,0.0,0.0,0.0,0.0,0.0,0.0,0.0,0.0,734924.74,13.50752473907709,2004-10-30,0,0,0.1840573219883564,0.380653828929691,0.4594715629198387,0.0250783699059561,8,3,2004,90,0.06201087511183864,0
Commercial banking,Internal fraud,People,Anhui,2007-10,1,1700000.0,1700000.0,1700000.0,1700000.0,0,1.0,2007-10-01,1.0,734924.74,0.0,0.0,0.0,0.0,0.0,0.0,0.0,0.0,0.0,0.0,0.0,0.0,0.0,1.0,734924.74,0.0,1.0,734924.74,0.0,1.0,734924.74,0.0,1700000.0,14.346139397261563,2007-12-30,0,0,0.1840573219883564,0.380653828929691,0.4594715629198387,0.0250783699059561,10,4,2007,90,0.03895546741106073,0
Commercial banking,Internal fraud,People,Anhui,2011-07,2,113980000.0,56990000.0,56990000.0,112580000.0,1,1.0,2011-07-01,1.0,1700000.0,0.0,1.0,734924.74,0.0,0.0,0.0,0.0,0.0,0.0,0.0,0.0,0.0,0.0,2.0,2434924.74,0.0,2.0,2434924.74,0.0,2.0,2434924.74,0.0,56990000.0,18.551533561144595,2011-09-29,0,0,0.1840573219883564,0.380653828929691,0.4594715629198387,0.0250783699059561,7,3,2011,90,0.12226234791479546,0
Commercial banking,Internal fraud,People,Anhui,2017-06,1,90000000.0,90000000.0,90000000.0,90000000.0,1,1.0,2017-06-01,2.0,113980000.0,1.0,1.0,1700000.0,0.0,1.0,734924.74,0.0,0.0,0.0,0.0,0.0,0.0,0.0,4.0,116414924.74,1.0,4.0,116414924.74,1.0,4.0,116414924.74,1.0,90000000.0,18.31532023940565,2017-08-30,0,0,0.1840573219883564,0.380653828929691,0.4594715629198387,0.0250783699059561,6,2,2017,90,0.282337207507474,0
Commercial banking,Internal fraud,People,Beijing,1997-09,1,69600000.0,69600000.0,69600000.0,69600000.0,1,1.0,1997-09-01,0.0,0.0,0.0,0.0,0.0,0.0,0.0,0.0,0.0,0.0,0.0,0.0,0.0,0.0,0.0,0.0,0.0,0.0,0.0,0.0,0.0,0.0,0.0,0.0,69600000.0,18.058275139672464,1997-11-30,0,0,0.1840573219883564,0.380653828929691,0.4594715629198387,0.0940438871473354,9,3,1997,90,0.15356403414795708,0
Commercial banking,Internal fraud,People,Beijing,2000-08,1,86000000.0,86000000.0,86000000.0,86000000.0,1,0.0,2000-08-01,1.0,69600000.0,1.0,0.0,0.0,0.0,0.0,0.0,0.0,0.0,0.0,0.0,0.0,0.0,0.0,1.0,69600000.0,1.0,1.0,69600000.0,1.0,1.0,69600000.0,1.0,86000000.0,18.26985786584569,2000-10-30,0,0,0.1840573219883564,0.380653828929691,0.4594715629198387,0.0940438871473354,8,3,2000,90,0.15796829079429123,0
Commercial banking,Internal fraud,People,Beijing,2001-06,1,3500000.0,3500000.0,3500000.0,3500000.0,0,1.0,2001-06-01,1.0,86000000.0,1.0,1.0,69600000.0,1.0,0.0,0.0,0.0,0.0,0.0,0.0,0.0,0.0,0.0,2.0,155600000.0,2.0,2.0,155600000.0,2.0,2.0,155600000.0,2.0,3500000.0,15.068273812173889,2001-08-30,0,0,0.1840573219883564,0.380653828929691,0.4594715629198387,0.0940438871473354,6,2,2001,90,0.2934393136011845,0
Commercial banking,Internal fraud,People,Beijing,2001-10,1,21922845.000000004,21922845.000000004,21922845.000000004,21922845.000000004,1,1.0,2001-10-01,1.0,3500000.0,0.0,1.0,86000000.0,1.0,1.0,69600000.0,1.0,0.0,0.0,0.0,0.0,0.0,0.0,3.0,159100000.0,2.0,3.0,159100000.0,2.0,3.0,159100000.0,2.0,21922845.000000004,16.90303984738258,2001-12-30,0,0,0.1840573219883564,0.380653828929691,0.4594715629198387,0.0940438871473354,10,4,2001,90,0.3783093758871581,1
Commercial banking,Internal fraud,People,Beijing,2003-01,5,335620000.0,67124000.0,21500000.0,151860000.0,5,1.8,2003-01-01,1.0,21922845.000000004,1.0,1.0,3500000.0,0.0,1.0,86000000.0,1.0,0.0,0.0,0.0,0.0,0.0,0.0,3.0,111422845.0,2.0,4.0,181022845.0,3.0,4.0,181022845.0,3.0,67124000.0,19.63149012851685,2003-04-01,1,1,0.1840573219883564,0.380653828929691,0.4594715629198387,0.0940438871473354,1,1,2003,90,0.28930405950741883,0
Commercial banking,Internal fraud,People,Beijing,2003-04,1,14100000.0,14100000.0,14100000.0,14100000.0,1,1.0,2003-04-01,5.0,335620000.0,5.0,1.0,21922845.000000004,1.0,1.0,3500000.0,0.0,0.0,0.0,0.0,0.0,0.0,0.0,7.0,361042845.0,6.0,9.0,516642845.0,8.0,9.0,516642845.0,8.0,14100000.0,16.46168542627038,2003-06-30,1,1,0.1840573219883564,0.380653828929691,0.4594715629198387,0.0940438871473354,4,2,2003,90,0.7469270715380619,1
Commercial banking,Internal fraud,People,Beijing,2003-05,1,950000000.0,950000000.0,950000000.0,950000000.0,1,0.0,2003-05-01,1.0,14100000.0,1.0,5.0,335620000.0,5.0,1.0,21922845.000000004,1.0,1.0,69600000.0,1.0,0.0,0.0,0.0,7.0,371642845.0,7.0,10.0,530742845.0,9.0,10.0,530742845.0,9.0,950000000.0,20.67197254361149,2003-07-30,0,0,0.1840573219883564,0.380653828929691,0.4594715629198387,0.0940438871473354,5,2,2003,90,0.21668413325135266,0
Commercial banking,Internal fraud,People,Beijing,2004-09,1,82000000.0,82000000.0,82000000.0,82000000.0,1,1.0,2004-09-01,1.0,950000000.0,1.0,1.0,14100000.0,1.0,5.0,335620000.0,5.0,1.0,86000000.0,1.0,0.0,0.0,0.0,7.0,1299720000.0,7.0,10.0,1411142845.0,9.0,11.0,1480742845.0,10.0,82000000.0,18.22222981742365,2004-11-30,0,0,0.1840573219883564,0.380653828929691,0.4594715629198387,0.0940438871473354,9,3,2004,90,0.23122329150097481,0
Commercial banking,Internal fraud,People,Beijing,2007-12,3,1876000000.0,625333333.3333334,708000000.0,708000000.0,3,1.0,2007-12-01,1.0,82000000.0,1.0,1.0,950000000.0,1.0,1.0,14100000.0,1.0,1.0,3500000.0,0.0,0.0,0.0,0.0,3.0,1046100000.0,3.0,10.0,1407142845.0,9.0,12.0,1562742845.0,11.0,625333333.3333334,21.352407688063494,2008-02-29,0,0,0.1840573219883564,0.380653828929691,0.4594715629198387,0.0940438871473354,12,4,2007,90,0.2801549233347584,0
Commercial banking,Internal fraud,People,Beijing,2008-04,1,460000000.0,460000000.0,460000000.0,460000000.0,1,1.0,2008-04-01,3.0,1876000000.0,3.0,1.0,82000000.0,1.0,1.0,950000000.0,1.0,1.0,21922845.000000004,1.0,0.0,0.0,0.0,5.0,2908000000.0,5.0,12.0,3279642845.0,12.0,15.0,3438742845.0,14.0,460000000.0,19.946737049621326,2008-06-30,0,0,0.1840573219883564,0.380653828929691,0.4594715629198387,0.0940438871473354,4,2,2008,90,0.28683459054105837,0
Commercial banking,Internal fraud,People,Beijing,2013-09,1,2000000.0,2000000.0,2000000.0,2000000.0,0,1.0,2013-09-01,1.0,460000000.0,1.0,3.0,1876000000.0,3.0,1.0,82000000.0,1.0,5.0,335620000.0,5.0,0.0,0.0,0.0,5.0,2418000000.0,5.0,12.0,3717720000.0,12.0,16.0,3898742845.0,15.0,2000000.0,14.508658238524095,2013-11-30,0,0,0.1840573219883564,0.380653828929691,0.4594715629198387,0.0940438871473354,9,3,2013,90,0.25694375060427505,0
Commercial banking,Internal fraud,People,Beijing,2016-09,1,23306200.0,23306200.0,23306200.0,23306200.0,1,1.0,2016-09-01,1.0,2000000.0,0.0,1.0,460000000.0,1.0,3.0,1876000000.0,3.0,1.0,14100000.0,1.0,0.0,0.0,0.0,5.0,2338000000.0,4.0,8.0,3384100000.0,7.0,17.0,3900742845.0,15.0,23306200.0,16.964230020466726,2016-11-30,0,0,0.1840573219883564,0.380653828929691,0.4594715629198387,0.0940438871473354,9,3,2016,90,0.17940104985538993,0
Commercial banking,Internal fraud,People,"Beijing,Guangdong",2010-12,1,36000000.0,36000000.0,36000000.0,36000000.0,1,2.0,2010-12-01,0.0,0.0,0.0,0.0,0.0,0.0,0.0,0.0,0.0,0.0,0.0,0.0,0.0,0.0,0.0,0.0,0.0,0.0,0.0,0.0,0.0,0.0,0.0,0.0,36000000.0,17.399029524198163,2011-03-01,0,0,0.1840573219883564,0.380653828929691,0.4594715629198387,0.0013434841021047,12,4,2010,90,0.17608182906186012,0
Commercial banking,Internal fraud,People,"Beijing,Hebei,Shanghai,Shandong",2013-03,1,298940000.0,298940000.0,298940000.0,298940000.0,1,1.0,2013-03-01,0.0,0.0,0.0,0.0,0.0,0.0,0.0,0.0,0.0,0.0,0.0,0.0,0.0,0.0,0.0,0.0,0.0,0.0,0.0,0.0,0.0,0.0,0.0,0.0,298940000.0,19.51575344566709,2013-05-30,0,0,0.1840573219883564,0.380653828929691,0.4594715629198387,0.0004478280340349,3,1,2013,90,0.20130620119423562,0
Commercial banking,Internal fraud,People,"Beijing,Hebei,Zhejiang",2015-09,1,2600000000.0,2600000000.0,2600000000.0,2600000000.0,1,1.0,2015-09-01,0.0,0.0,0.0,0.0,0.0,0.0,0.0,0.0,0.0,0.0,0.0,0.0,0.0,0.0,0.0,0.0,0.0,0.0,0.0,0.0,0.0,0.0,0.0,0.0,2600000000.0,21.678777282358464,2015-11-30,0,0,0.1840573219883564,0.380653828929691,0.4594715629198387,0.0004478280340349,9,3,2015,90,0.14464631992376398,0
Commercial banking,Internal fraud,People,"Beijing,Heilongjiang",2014-03,1,39000000.0,39000000.0,39000000.0,39000000.0,1,1.0,2014-03-01,0.0,0.0,0.0,0.0,0.0,0.0,0.0,0.0,0.0,0.0,0.0,0.0,0.0,0.0,0.0,0.0,0.0,0.0,0.0,0.0,0.0,0.0,0.0,0.0,39000000.0,17.479072229734946,2014-05-30,0,0,0.1840573219883564,0.380653828929691,0.4594715629198387,0.0031347962382445,3,1,2014,90,0.1344312858427889,0
Commercial banking,Internal fraud,People,"Beijing,Heilongjiang,Hainan",2001-05,1,218990000.0,218990000.0,218990000.0,218990000.0,1,1.0,2001-05-01,0.0,0.0,0.0,0.0,0.0,0.0,0.0,0.0,0.0,0.0,0.0,0.0,0.0,0.0,0.0,0.0,0.0,0.0,0.0,0.0,0.0,0.0,0.0,0.0,218990000.0,19.204536629204192,2001-07-30,0,0,0.1840573219883564,0.380653828929691,0.4594715629198387,0.0004478280340349,5,2,2001,90,0.2428752448151277,0
Commercial banking,Internal fraud,People,"Beijing,Inner mongolia,Inner mongolia",2016-12,1,200000000.0,200000000.0,200000000.0,200000000.0,1,2.0,2016-12-01,0.0,0.0,0.0,0.0,0.0,0.0,0.0,0.0,0.0,0.0,0.0,0.0,0.0,0.0,0.0,0.0,0.0,0.0,0.0,0.0,0.0,0.0,0.0,0.0,200000000.0,19.11382792951231,2017-03-01,0,0,0.1840573219883564,0.380653828929691,0.4594715629198387,0.0004478280340349,12,4,2016,90,0.14442495000468653,0
Commercial banking,Internal fraud,People,"Beijing,Jiangsu",2011-06,1,50000000.0,50000000.0,50000000.0,50000000.0,1,3.0,2011-06-01,0.0,0.0,0.0,0.0,0.0,0.0,0.0,0.0,0.0,0.0,0.0,0.0,0.0,0.0,0.0,0.0,0.0,0.0,0.0,0.0,0.0,0.0,0.0,0.0,50000000.0,17.72753358339242,2011-08-30,0,0,0.1840573219883564,0.380653828929691,0.4594715629198387,0.0031347962382445,6,2,2011,90,0.14549131732893564,0
Commercial banking,Internal fraud,People,"Beijing,Jiangsu",2014-09,1,40000000.0,40000000.0,40000000.0,40000000.0,1,1.0,2014-09-01,1.0,50000000.0,1.0,0.0,0.0,0.0,0.0,0.0,0.0,0.0,0.0,0.0,0.0,0.0,0.0,1.0,50000000.0,1.0,1.0,50000000.0,1.0,1.0,50000000.0,1.0,40000000.0,17.50439003707821,2014-11-30,0,0,0.1840573219883564,0.380653828929691,0.4594715629198387,0.0031347962382445,9,3,2014,90,0.2066759015581354,0
Commercial banking,Internal fraud,People,"Beijing,Liaoning,Shandong,Guangdong,Ningxia,Xinjiang",2014-01,1,7100000.0,7100000.0,7100000.0,7100000.0,0,2.0,2014-01-01,0.0,0.0,0.0,0.0,0.0,0.0,0.0,0.0,0.0,0.0,0.0,0.0,0.0,0.0,0.0,0.0,0.0,0.0,0.0,0.0,0.0,0.0,0.0,0.0,7100000.0,15.775605482856603,2014-04-01,0,0,0.1840573219883564,0.380653828929691,0.4594715629198387,0.0004478280340349,1,1,2014,90,0.07757476734484182,0
Commercial banking,Internal fraud,People,"Beijing,Shandong",2011-10,1,82972400.0,82972400.0,82972400.0,82972400.0,1,1.0,2011-10-01,0.0,0.0,0.0,0.0,0.0,0.0,0.0,0.0,0.0,0.0,0.0,0.0,0.0,0.0,0.0,0.0,0.0,0.0,0.0,0.0,0.0,0.0,0.0,0.0,82972400.0,18.23401859239219,2011-12-30,0,0,0.1840573219883564,0.380653828929691,0.4594715629198387,0.0035826242722794,10,4,2011,90,0.16370999919238705,0
Commercial banking,Internal fraud,People,"Beijing,Shandong",2015-03,1,3000000000.0,3000000000.0,3000000000.0,3000000000.0,1,3.0,2015-03-01,1.0,82972400.0,1.0,0.0,0.0,0.0,0.0,0.0,0.0,0.0,0.0,0.0,0.0,0.0,0.0,1.0,82972400.0,1.0,1.0,82972400.0,1.0,1.0,82972400.0,1.0,3000000000.0,21.82187812594785,2015-05-30,0,0,0.1840573219883564,0.380653828929691,0.4594715629198387,0.0035826242722794,3,1,2015,90,0.2142167049000144,0
Commercial banking,Internal fraud,People,"Beijing,Shanxi,Heilongjiang,Shanghai,Fujian,Jiangxi",2016-12,1,200000000.0,200000000.0,200000000.0,200000000.0,1,5.0,2016-12-01,0.0,0.0,0.0,0.0,0.0,0.0,0.0,0.0,0.0,0.0,0.0,0.0,0.0,0.0,0.0,0.0,0.0,0.0,0.0,0.0,0.0,0.0,0.0,0.0,200000000.0,19.11382792951231,2017-03-01,0,0,0.1840573219883564,0.380653828929691,0.4594715629198387,0.0004478280340349,12,4,2016,90,0.14120704743689194,0
Commercial banking,Internal fraud,People,"Beijing,Shanxi,Jilin",2012-06,1,490000000.0,490000000.0,490000000.0,490000000.0,1,1.0,2012-06-01,0.0,0.0,0.0,0.0,0.0,0.0,0.0,0.0,0.0,0.0,0.0,0.0,0.0,0.0,0.0,0.0,0.0,0.0,0.0,0.0,0.0,0.0,0.0,0.0,490000000.0,20.00991595110976,2012-08-30,0,0,0.1840573219883564,0.380653828929691,0.4594715629198387,0.0004478280340349,6,2,2012,90,0.18655185109381256,0
Commercial banking,Internal fraud,People,"Beijing,Tianjin",2018-07,1,500000.0,500000.0,500000.0,500000.0,0,1.0,2018-07-01,0.0,0.0,0.0,0.0,0.0,0.0,0.0,0.0,0.0,0.0,0.0,0.0,0.0,0.0,0.0,0.0,0.0,0.0,0.0,0.0,0.0,0.0,0.0,0.0,500000.0,13.122365377402328,2018-09-29,0,0,0.1840573219883564,0.380653828929691,0.4594715629198387,0.0040304523063143,7,3,2018,90,0.04623289772357981,0
Commercial banking,Internal fraud,People,"Beijing,Tianjin,Inner mongolia,Gansu,Inner mongolia",2013-07,1,1180000000.0,1180000000.0,1180000000.0,1180000000.0,1,4.0,2013-07-01,0.0,0.0,0.0,0.0,0.0,0.0,0.0,0.0,0.0,0.0,0.0,0.0,0.0,0.0,0.0,0.0,0.0,0.0,0.0,0.0,0.0,0.0,0.0,0.0,1180000000.0,20.888780276271444,2013-09-29,0,0,0.1840573219883564,0.380653828929691,0.4594715629198387,0.0004478280340349,7,3,2013,90,0.15448312806584005,0
Commercial banking,Internal fraud,People,"Beijing,Tibet",1992-10,1,280000000.0,280000000.0,280000000.0,280000000.0,1,1.0,1992-10-01,0.0,0.0,0.0,0.0,0.0,0.0,0.0,0.0,0.0,0.0,0.0,0.0,0.0,0.0,0.0,0.0,0.0,0.0,0.0,0.0,0.0,0.0,0.0,0.0,280000000.0,19.450300164704952,1992-12-30,0,0,0.1840573219883564,0.380653828929691,0.4594715629198387,0.0013434841021047,10,4,1992,90,0.20675296110104793,0
Commercial banking,Internal fraud,People,"Beijing,Zhejiang",2015-05,1,450000000.0,450000000.0,450000000.0,450000000.0,1,5.0,2015-05-01,0.0,0.0,0.0,0.0,0.0,0.0,0.0,0.0,0.0,0.0,0.0,0.0,0.0,0.0,0.0,0.0,0.0,0.0,0.0,0.0,0.0,0.0,0.0,0.0,450000000.0,19.92475814295086,2015-07-30,0,0,0.1840573219883564,0.380653828929691,0.4594715629198387,0.0076130765785938,5,2,2015,90,0.1947773547295207,0
Commercial banking,Internal fraud,People,Chongqing,1995-05,1,48430000.0,48430000.0,48430000.0,48430000.0,1,1.0,1995-05-01,0.0,0.0,0.0,0.0,0.0,0.0,0.0,0.0,0.0,0.0,0.0,0.0,0.0,0.0,0.0,0.0,0.0,0.0,0.0,0.0,0.0,0.0,0.0,0.0,48430000.0,17.69563003502777,1995-07-30,0,0,0.1840573219883564,0.380653828929691,0.4594715629198387,0.0232870577698163,5,2,1995,90,0.15767881191474764,0
Commercial banking,Internal fraud,People,Chongqing,1997-03,1,190000000.0,190000000.0,190000000.0,190000000.0,1,1.0,1997-03-01,1.0,48430000.0,1.0,0.0,0.0,0.0,0.0,0.0,0.0,0.0,0.0,0.0,0.0,0.0,0.0,1.0,48430000.0,1.0,1.0,48430000.0,1.0,1.0,48430000.0,1.0,190000000.0,19.06253463538792,1997-05-30,0,0,0.1840573219883564,0.380653828929691,0.4594715629198387,0.0232870577698163,3,1,1997,90,0.21202432856838652,0
Commercial banking,Internal fraud,People,Chongqing,2003-06,1,15000000.0,15000000.0,15000000.0,15000000.0,1,1.0,2003-06-01,1.0,190000000.0,1.0,1.0,48430000.0,1.0,0.0,0.0,0.0,0.0,0.0,0.0,0.0,0.0,0.0,2.0,238430000.0,2.0,2.0,238430000.0,2.0,2.0,238430000.0,2.0,15000000.0,16.52356082573315,2003-08-30,0,0,0.1840573219883564,0.380653828929691,0.4594715629198387,0.0232870577698163,6,2,2003,90,0.4049215171726703,1
Commercial banking,Internal fraud,People,Chongqing,2004-09,1,795000.0,795000.0,795000.0,795000.0,0,1.0,2004-09-01,1.0,15000000.0,1.0,1.0,190000000.0,1.0,1.0,48430000.0,1.0,0.0,0.0,0.0,0.0,0.0,0.0,3.0,253430000.0,3.0,3.0,253430000.0,3.0,3.0,253430000.0,3.0,795000.0,13.586098651497313,2004-11-30,0,0,0.1840573219883564,0.380653828929691,0.4594715629198387,0.0232870577698163,9,3,2004,90,0.20889151039075018,0
Commercial banking,Internal fraud,People,Chongqing,2007-07,1,64000000.0,64000000.0,64000000.0,64000000.0,1,0.0,2007-07-01,1.0,795000.0,0.0,1.0,15000000.0,1.0,1.0,190000000.0,1.0,0.0,0.0,0.0,0.0,0.0,0.0,3.0,205795000.0,2.0,4.0,254225000.0,3.0,4.0,254225000.0,3.0,64000000.0,17.974393656948944,2007-09-29,0,0,0.1840573219883564,0.380653828929691,0.4594715629198387,0.0232870577698163,7,3,2007,90,0.2060593250848383,0
Commercial banking,Internal fraud,People,Chongqing,2007-11,1,2500000.0,2500000.0,2500000.0,2500000.0,0,0.0,2007-11-01,1.0,64000000.0,1.0,1.0,795000.0,0.0,1.0,15000000.0,1.0,0.0,0.0,0.0,0.0,0.0,0.0,3.0,79795000.0,2.0,5.0,318225000.0,4.0,5.0,318225000.0,4.0,2500000.0,14.731801689838347,2008-01-30,0,0,0.1840573219883564,0.380653828929691,0.4594715629198387,0.0232870577698163,11,4,2007,90,0.4172221020779502,1
Commercial banking,Internal fraud,People,"Chongqing,Shaanxi",2013-05,1,220000000.0,220000000.0,220000000.0,220000000.0,1,0.0,2013-05-01,0.0,0.0,0.0,0.0,0.0,0.0,0.0,0.0,0.0,0.0,0.0,0.0,0.0,0.0,0.0,0.0,0.0,0.0,0.0,0.0,0.0,0.0,0.0,0.0,220000000.0,19.20913810886209,2013-07-30,1,1,0.1840573219883564,0.380653828929691,0.4594715629198387,0.0008956560680698,5,2,2013,90,0.4991088853650655,1
Commercial banking,Internal fraud,People,"Chongqing,Shaanxi",2013-07,3,209500000.0,69833333.33333333,59500000.0,110000000.0,3,0.0,2013-07-01,1.0,220000000.0,1.0,0.0,0.0,0.0,0.0,0.0,0.0,0.0,0.0,0.0,0.0,0.0,0.0,1.0,220000000.0,1.0,1.0,220000000.0,1.0,1.0,220000000.0,1.0,69833333.33333333,19.16023430209973,2013-09-29,0,0,0.1840573219883564,0.380653828929691,0.4594715629198387,0.0008956560680698,7,3,2013,90,0.3173615110527814,0
Commercial banking,Internal fraud,People,"Chongqing,Sichuan",2015-09,3,1522000000.0,507333333.3333333,470000000.0,582000000.0,3,3.0,2015-09-01,0.0,0.0,0.0,0.0,0.0,0.0,0.0,0.0,0.0,0.0,0.0,0.0,0.0,0.0,0.0,0.0,0.0,0.0,0.0,0.0,0.0,0.0,0.0,0.0,507333333.3333333,21.143291097042937,2015-11-30,0,0,0.1840573219883564,0.380653828929691,0.4594715629198387,0.0008956560680698,9,3,2015,90,0.1489380078795843,0
Commercial banking,Internal fraud,People,"Chongqing,Yunnan",2013-02,1,27000000.0,27000000.0,27000000.0,27000000.0,1,1.0,2013-02-01,0.0,0.0,0.0,0.0,0.0,0.0,0.0,0.0,0.0,0.0,0.0,0.0,0.0,0.0,0.0,0.0,0.0,0.0,0.0,0.0,0.0,0.0,0.0,0.0,27000000.0,17.11134746100564,2013-05-02,0,0,0.1840573219883564,0.380653828929691,0.4594715629198387,0.0004478280340349,2,1,2013,90,0.2296930504201092,0
Commercial banking,Internal fraud,People,Fujian,2006-06,1,380000000.0,380000000.0,380000000.0,380000000.0,1,1.0,2006-06-01,0.0,0.0,0.0,0.0,0.0,0.0,0.0,0.0,0.0,0.0,0.0,0.0,0.0,0.0,0.0,0.0,0.0,0.0,0.0,0.0,0.0,0.0,0.0,0.0,380000000.0,19.755681813316283,2006-08-30,0,0,0.1840573219883564,0.380653828929691,0.4594715629198387,0.0237348858038513,6,2,2006,90,0.17506673190357663,0
Commercial banking,Internal fraud,People,Fujian,2012-01,1,40000000.0,40000000.0,40000000.0,40000000.0,1,2.0,2012-01-01,1.0,380000000.0,1.0,0.0,0.0,0.0,0.0,0.0,0.0,0.0,0.0,0.0,0.0,0.0,0.0,1.0,380000000.0,1.0,1.0,380000000.0,1.0,1.0,380000000.0,1.0,40000000.0,17.50439003707821,2012-03-31,0,0,0.1840573219883564,0.380653828929691,0.4594715629198387,0.0237348858038513,1,1,2012,90,0.4010227076458922,1
Commercial banking,Internal fraud,People,Fujian,2013-05,1,370000000.0,370000000.0,370000000.0,370000000.0,1,1.0,2013-05-01,1.0,40000000.0,1.0,1.0,380000000.0,1.0,0.0,0.0,0.0,0.0,0.0,0.0,0.0,0.0,0.0,2.0,420000000.0,2.0,2.0,420000000.0,2.0,2.0,420000000.0,2.0,370000000.0,19.729013566305248,2013-07-30,0,0,0.1840573219883564,0.380653828929691,0.4594715629198387,0.0237348858038513,5,2,2013,90,0.46083836269314227,1
Commercial banking,Internal fraud,People,Fujian,2013-08,1,18650000.0,18650000.0,18650000.0,18650000.0,1,1.0,2013-08-01,1.0,370000000.0,1.0,1.0,40000000.0,1.0,1.0,380000000.0,1.0,0.0,0.0,0.0,0.0,0.0,0.0,3.0,790000000.0,3.0,3.0,790000000.0,3.0,3.0,790000000.0,3.0,18650000.0,16.7413567576734,2013-10-30,0,0,0.1840573219883564,0.380653828929691,0.4594715629198387,0.0237348858038513,8,3,2013,90,0.38496207037918234,1
Commercial banking,Internal fraud,People,Gansu,1995-03,1,990000000.0,990000000.0,990000000.0,990000000.0,1,1.0,1995-03-01,0.0,0.0,0.0,0.0,0.0,0.0,0.0,0.0,0.0,0.0,0.0,0.0,0.0,0.0,0.0,0.0,0.0,0.0,0.0,0.0,0.0,0.0,0.0,0.0,990000000.0,20.71321550210301,1995-05-30,0,0,0.1840573219883564,0.380653828929691,0.4594715629198387,0.0076130765785938,3,1,1995,90,0.18738130435040679,0
Commercial banking,Internal fraud,People,Gansu,2004-04,1,7100000.0,7100000.0,7100000.0,7100000.0,0,1.0,2004-04-01,1.0,990000000.0,1.0,0.0,0.0,0.0,0.0,0.0,0.0,0.0,0.0,0.0,0.0,0.0,0.0,1.0,990000000.0,1.0,1.0,990000000.0,1.0,1.0,990000000.0,1.0,7100000.0,15.775605482856603,2004-06-30,0,0,0.1840573219883564,0.380653828929691,0.4594715629198387,0.0076130765785938,4,2,2004,90,0.3302399076319335,1
Commercial banking,Internal fraud,People,Gansu,2018-02,1,7500000.0,7500000.0,7500000.0,7500000.0,0,1.0,2018-02-01,1.0,7100000.0,0.0,1.0,990000000.0,1.0,0.0,0.0,0.0,0.0,0.0,0.0,0.0,0.0,0.0,2.0,997100000.0,1.0,2.0,997100000.0,1.0,2.0,997100000.0,1.0,7500000.0,15.830413711839864,2018-05-02,0,0,0.1840573219883564,0.380653828929691,0.4594715629198387,0.0076130765785938,2,1,2018,90,0.3549424172361719,1
Commercial banking,Internal fraud,People,Guangdong,1992-06,1,15070000.0,15070000.0,15070000.0,15070000.0,1,1.0,1992-06-01,0.0,0.0,0.0,0.0,0.0,0.0,0.0,0.0,0.0,0.0,0.0,0.0,0.0,0.0,0.0,0.0,0.0,0.0,0.0,0.0,0.0,0.0,0.0,0.0,15070000.0,16.528216636959677,1992-08-30,0,0,0.1840573219883564,0.380653828929691,0.4594715629198387,0.044782803403493,6,2,1992,90,0.11652305613193471,0
Commercial banking,Internal fraud,People,Guangdong,1992-12,1,55790000.0,55790000.0,55790000.0,55790000.0,1,1.0,1992-12-01,1.0,15070000.0,1.0,0.0,0.0,0.0,0.0,0.0,0.0,0.0,0.0,0.0,0.0,0.0,0.0,1.0,15070000.0,1.0,1.0,15070000.0,1.0,1.0,15070000.0,1.0,55790000.0,17.83710521774607,1993-03-01,0,0,0.1840573219883564,0.380653828929691,0.4594715629198387,0.044782803403493,12,4,1992,90,0.0991199408712675,0
Commercial banking,Internal fraud,People,Guangdong,1998-01,1,48000000.0,48000000.0,48000000.0,48000000.0,1,1.0,1998-01-01,1.0,55790000.0,1.0,1.0,15070000.0,1.0,0.0,0.0,0.0,0.0,0.0,0.0,0.0,0.0,0.0,2.0,70860000.0,2.0,2.0,70860000.0,2.0,2.0,70860000.0,2.0,48000000.0,17.6867115897055,1998-04-01,0,0,0.1840573219883564,0.380653828929691,0.4594715629198387,0.044782803403493,1,1,1998,90,0.24951998052481378,0
Commercial banking,Internal fraud,People,Guangdong,2002-01,1,95000000.0,95000000.0,95000000.0,95000000.0,1,1.0,2002-01-01,1.0,48000000.0,1.0,1.0,55790000.0,1.0,1.0,15070000.0,1.0,0.0,0.0,0.0,0.0,0.0,0.0,3.0,118860000.0,3.0,3.0,118860000.0,3.0,3.0,118860000.0,3.0,95000000.0,18.36938746009113,2002-04-01,0,0,0.1840573219883564,0.380653828929691,0.4594715629198387,0.044782803403493,1,1,2002,90,0.412648235946702,1
Commercial banking,Internal fraud,People,Guangdong,2002-12,1,89500000.0,89500000.0,89500000.0,89500000.0,1,1.0,2002-12-01,1.0,95000000.0,1.0,1.0,48000000.0,1.0,1.0,55790000.0,1.0,0.0,0.0,0.0,0.0,0.0,0.0,3.0,198790000.0,3.0,4.0,213860000.0,4.0,4.0,213860000.0,4.0,89500000.0,18.309749194418263,2003-03-01,0,0,0.1840573219883564,0.380653828929691,0.4594715629198387,0.044782803403493,12,4,2002,90,0.395589800289268,1
Commercial banking,Internal fraud,People,Guangdong,2007-12,1,40000000.0,40000000.0,40000000.0,40000000.0,1,0.0,2007-12-01,1.0,89500000.0,1.0,1.0,95000000.0,1.0,1.0,48000000.0,1.0,0.0,0.0,0.0,0.0,0.0,0.0,3.0,232500000.0,3.0,5.0,303360000.0,5.0,5.0,303360000.0,5.0,40000000.0,17.50439003707821,2008-02-29,1,1,0.1840573219883564,0.380653828929691,0.4594715629198387,0.044782803403493,12,4,2007,90,0.7172323106451755,1
Commercial banking,Internal fraud,People,Guangdong,2008-01,1,370000000.0,370000000.0,370000000.0,370000000.0,1,1.0,2008-01-01,1.0,40000000.0,1.0,1.0,89500000.0,1.0,1.0,95000000.0,1.0,1.0,15070000.0,1.0,0.0,0.0,0.0,3.0,224500000.0,3.0,6.0,343360000.0,6.0,6.0,343360000.0,6.0,370000000.0,19.729013566305248,2008-03-31,0,0,0.1840573219883564,0.380653828929691,0.4594715629198387,0.044782803403493,1,1,2008,90,0.47638239514185915,1
Commercial banking,Internal fraud,People,Guangdong,2017-12,1,722000000.0,722000000.0,722000000.0,722000000.0,1,1.0,2017-12-01,1.0,370000000.0,1.0,1.0,40000000.0,1.0,1.0,89500000.0,1.0,1.0,55790000.0,1.0,0.0,0.0,0.0,3.0,499500000.0,3.0,6.0,698290000.0,6.0,7.0,713360000.0,7.0,722000000.0,20.39753569824214,2018-03-01,0,0,0.1840573219883564,0.380653828929691,0.4594715629198387,0.044782803403493,12,4,2017,90,0.3187904533327001,0
Commercial banking,Internal fraud,People,"Guangdong,Hongkong",2002-10,2,146854000.0,73427000.0,73427000.0,130000000.0,2,1.0,2002-10-01,0.0,0.0,0.0,0.0,0.0,0.0,0.0,0.0,0.0,0.0,0.0,0.0,0.0,0.0,0.0,0.0,0.0,0.0,0.0,0.0,0.0,0.0,0.0,0.0,73427000.0,18.804949460726345,2002-12-30,0,0,0.1840573219883564,0.380653828929691,0.4594715629198387,0.0004478280340349,10,4,2002,90,0.14765955031892739,0
Commercial banking,Internal fraud,People,Guangxi,2005-12,1,208000000.0,208000000.0,208000000.0,208000000.0,1,1.0,2005-12-01,0.0,0.0,0.0,0.0,0.0,0.0,0.0,0.0,0.0,0.0,0.0,0.0,0.0,0.0,0.0,0.0,0.0,0.0,0.0,0.0,0.0,0.0,0.0,0.0,208000000.0,19.153048642473284,2006-03-01,0,0,0.1840573219883564,0.380653828929691,0.4594715629198387,0.0143304970891177,12,4,2005,90,0.1768124844646537,0
Commercial banking,Internal fraud,People,Guangxi,2013-10,1,843000000.0,843000000.0,843000000.0,843000000.0,1,0.0,2013-10-01,1.0,208000000.0,1.0,0.0,0.0,0.0,0.0,0.0,0.0,0.0,0.0,0.0,0.0,0.0,0.0,1.0,208000000.0,1.0,1.0,208000000.0,1.0,1.0,208000000.0,1.0,843000000.0,20.55247751715237,2013-12-30,0,0,0.1840573219883564,0.380653828929691,0.4594715629198387,0.0143304970891177,10,4,2013,90,0.346107270111056,1
Commercial banking,Internal fraud,People,Guangxi,2015-03,1,1000000000.0,1000000000.0,1000000000.0,1000000000.0,1,1.0,2015-03-01,1.0,843000000.0,1.0,1.0,208000000.0,1.0,0.0,0.0,0.0,0.0,0.0,0.0,0.0,0.0,0.0,2.0,1051000000.0,2.0,2.0,1051000000.0,2.0,2.0,1051000000.0,2.0,1000000000.0,20.72326583794641,2015-05-30,0,0,0.1840573219883564,0.380653828929691,0.4594715629198387,0.0143304970891177,3,1,2015,90,0.2670151068804013,0
Commercial banking,Internal fraud,People,Guizhou,1997-04,1,54900000.0,54900000.0,54900000.0,54900000.0,1,1.0,1997-04-01,0.0,0.0,0.0,0.0,0.0,0.0,0.0,0.0,0.0,0.0,0.0,0.0,0.0,0.0,0.0,0.0,0.0,0.0,0.0,0.0,0.0,0.0,0.0,0.0,54900000.0,17.821023924694696,1997-06-30,0,0,0.1840573219883564,0.380653828929691,0.4594715629198387,0.0107478728168383,4,2,1997,90,0.18161371530244283,0
Commercial banking,Internal fraud,People,Guizhou,1998-06,1,1304000.0,1304000.0,1304000.0,1304000.0,0,1.0,1998-06-01,1.0,54900000.0,1.0,0.0,0.0,0.0,0.0,0.0,0.0,0.0,0.0,0.0,0.0,0.0,0.0,1.0,54900000.0,1.0,1.0,54900000.0,1.0,1.0,54900000.0,1.0,1304000.0,14.080947788339609,1998-08-30,0,0,0.1840573219883564,0.380653828929691,0.4594715629198387,0.0107478728168383,6,2,1998,90,0.11582259607543985,0
Commercial banking,Internal fraud,People,Guizhou,2003-05,1,66000000.0,66000000.0,66000000.0,66000000.0,1,1.0,2003-05-01,1.0,1304000.0,0.0,1.0,54900000.0,1.0,0.0,0.0,0.0,0.0,0.0,0.0,0.0,0.0,0.0,2.0,56204000.0,1.0,2.0,56204000.0,1.0,2.0,56204000.0,1.0,66000000.0,18.005165315142214,2003-07-30,0,0,0.1840573219883564,0.380653828929691,0.4594715629198387,0.0107478728168383,5,2,2003,90,0.3560200481593071,1
Commercial banking,Internal fraud,People,Hainan,1995-11,1,451460000.0,451460000.0,451460000.0,451460000.0,1,1.0,1995-11-01,0.0,0.0,0.0,0.0,0.0,0.0,0.0,0.0,0.0,0.0,0.0,0.0,0.0,0.0,0.0,0.0,0.0,0.0,0.0,0.0,0.0,0.0,0.0,0.0,451460000.0,19.92799733553474,1996-01-30,0,0,0.1840573219883564,0.380653828929691,0.4594715629198387,0.0103000447828034,11,4,1995,90,0.23541760155019295,0
Commercial banking,Internal fraud,People,Hainan,2000-04,1,4500000.0,4500000.0,4500000.0,4500000.0,0,1.0,2000-04-01,1.0,451460000.0,1.0,0.0,0.0,0.0,0.0,0.0,0.0,0.0,0.0,0.0,0.0,0.0,0.0,1.0,451460000.0,1.0,1.0,451460000.0,1.0,1.0,451460000.0,1.0,4500000.0,15.319588176962746,2000-06-30,0,0,0.1840573219883564,0.380653828929691,0.4594715629198387,0.0103000447828034,4,2,2000,90,0.27996888208699766,0
Commercial banking,Internal fraud,People,Hainan,2002-12,1,1000000.0,1000000.0,1000000.0,1000000.0,0,1.0,2002-12-01,1.0,4500000.0,0.0,1.0,451460000.0,1.0,0.0,0.0,0.0,0.0,0.0,0.0,0.0,0.0,0.0,2.0,455960000.0,1.0,2.0,455960000.0,1.0,2.0,455960000.0,1.0,1000000.0,13.815511557963774,2003-03-01,0,0,0.1840573219883564,0.380653828929691,0.4594715629198387,0.0103000447828034,12,4,2002,90,0.20124310353130645,0
Commercial banking,Internal fraud,People,Hainan,2009-09,1,26400000.0,26400000.0,26400000.0,26400000.0,1,1.0,2009-09-01,1.0,1000000.0,0.0,1.0,4500000.0,0.0,1.0,451460000.0,1.0,0.0,0.0,0.0,0.0,0.0,0.0,3.0,456960000.0,1.0,3.0,456960000.0,1.0,3.0,456960000.0,1.0,26400000.0,17.088874605995333,2009-11-30,0,0,0.1840573219883564,0.380653828929691,0.4594715629198387,0.0103000447828034,9,3,2009,90,0.22866358456728975,0
Commercial banking,Internal fraud,People,Hebei,2001-06,1,2160000.0,2160000.0,2160000.0,2160000.0,0,1.0,2001-06-01,0.0,0.0,0.0,0.0,0.0,0.0,0.0,0.0,0.0,0.0,0.0,0.0,0.0,0.0,0.0,0.0,0.0,0.0,0.0,0.0,0.0,0.0,0.0,0.0,2160000.0,14.585619242623205,2001-08-30,0,0,0.1840573219883564,0.380653828929691,0.4594715629198387,0.0111957008508732,6,2,2001,90,0.0933106800250052,0
Commercial banking,Internal fraud,People,Hebei,2011-04,1,9000000.0,9000000.0,9000000.0,9000000.0,0,1.0,2011-04-01,1.0,2160000.0,0.0,0.0,0.0,0.0,0.0,0.0,0.0,0.0,0.0,0.0,0.0,0.0,0.0,1.0,2160000.0,0.0,1.0,2160000.0,0.0,1.0,2160000.0,0.0,9000000.0,16.012735246411598,2011-06-30,0,0,0.1840573219883564,0.380653828929691,0.4594715629198387,0.0111957008508732,4,2,2011,90,0.058597406334993295,0
Commercial banking,Internal fraud,People,Hebei,2015-07,1,30000000.0,30000000.0,30000000.0,30000000.0,1,1.0,2015-07-01,1.0,9000000.0,0.0,1.0,2160000.0,0.0,0.0,0.0,0.0,0.0,0.0,0.0,0.0,0.0,0.0,2.0,11160000.0,0.0,2.0,11160000.0,0.0,2.0,11160000.0,0.0,30000000.0,17.216707972959764,2015-09-29,0,0,0.1840573219883564,0.380653828929691,0.4594715629198387,0.0111957008508732,7,3,2015,90,0.14672758295499672,0
Commercial banking,Internal fraud,People,"Hebei,Shanxi,Inner mongolia,Inner mongolia",2014-06,1,60000000.0,60000000.0,60000000.0,60000000.0,1,1.0,2014-06-01,0.0,0.0,0.0,0.0,0.0,0.0,0.0,0.0,0.0,0.0,0.0,0.0,0.0,0.0,0.0,0.0,0.0,0.0,0.0,0.0,0.0,0.0,0.0,0.0,60000000.0,17.909855136853043,2014-08-30,0,0,0.1840573219883564,0.380653828929691,0.4594715629198387,0.0004478280340349,6,2,2014,90,0.13794544599131808,0
Commercial banking,Internal fraud,People,"Hebei,Zhejiang",2015-09,1,2600000000.0,2600000000.0,2600000000.0,2600000000.0,1,1.0,2015-09-01,0.0,0.0,0.0,0.0,0.0,0.0,0.0,0.0,0.0,0.0,0.0,0.0,0.0,0.0,0.0,0.0,0.0,0.0,0.0,0.0,0.0,0.0,0.0,0.0,2600000000.0,21.678777282358464,2015-11-30,0,0,0.1840573219883564,0.380653828929691,0.4594715629198387,0.0004478280340349,9,3,2015,90,0.14464631992376398,0
Commercial banking,Internal fraud,People,Heilongjiang,2001-03,1,36589000.0,36589000.0,36589000.0,36589000.0,1,1.0,2001-03-01,0.0,0.0,0.0,0.0,0.0,0.0,0.0,0.0,0.0,0.0,0.0,0.0,0.0,0.0,0.0,0.0,0.0,0.0,0.0,0.0,0.0,0.0,0.0,0.0,36589000.0,17.41525823408099,2001-05-30,0,0,0.1840573219883564,0.380653828929691,0.4594715629198387,0.0228392297357814,3,1,2001,90,0.13020794910544764,0
Commercial banking,Internal fraud,People,Heilongjiang,2006-10,1,600000000.0,600000000.0,600000000.0,600000000.0,1,1.0,2006-10-01,1.0,36589000.0,1.0,0.0,0.0,0.0,0.0,0.0,0.0,0.0,0.0,0.0,0.0,0.0,0.0,1.0,36589000.0,1.0,1.0,36589000.0,1.0,1.0,36589000.0,1.0,600000000.0,20.21244021484709,2006-12-30,0,0,0.1840573219883564,0.380653828929691,0.4594715629198387,0.0228392297357814,10,4,2006,90,0.1924011627006267,0
Commercial banking,Internal fraud,People,Heilongjiang,2015-06,1,6000000.0,6000000.0,6000000.0,6000000.0,0,1.0,2015-06-01,1.0,600000000.0,1.0,1.0,36589000.0,1.0,0.0,0.0,0.0,0.0,0.0,0.0,0.0,0.0,0.0,2.0,636589000.0,2.0,2.0,636589000.0,2.0,2.0,636589000.0,2.0,6000000.0,15.607270193858982,2015-08-30,0,0,0.1840573219883564,0.380653828929691,0.4594715629198387,0.0228392297357814,6,2,2015,90,0.4498953610652136,1
Commercial banking,Internal fraud,People,Henan,1999-07,1,37500000.0,37500000.0,37500000.0,37500000.0,1,1.0,1999-07-01,0.0,0.0,0.0,0.0,0.0,0.0,0.0,0.0,0.0,0.0,0.0,0.0,0.0,0.0,0.0,0.0,0.0,0.0,0.0,0.0,0.0,0.0,0.0,0.0,37500000.0,17.439851517607305,1999-09-29,0,0,0.1840573219883564,0.380653828929691,0.4594715629198387,0.0497089117778772,7,3,1999,90,0.1661138630888681,0
Commercial banking,Internal fraud,People,Henan,1999-11,1,300000000.0,300000000.0,300000000.0,300000000.0,1,1.0,1999-11-01,1.0,37500000.0,1.0,0.0,0.0,0.0,0.0,0.0,0.0,0.0,0.0,0.0,0.0,0.0,0.0,1.0,37500000.0,1.0,1.0,37500000.0,1.0,1.0,37500000.0,1.0,300000000.0,19.519293035953808,2000-01-30,0,0,0.1840573219883564,0.380653828929691,0.4594715629198387,0.0497089117778772,11,4,1999,90,0.19192241477762026,0
Commercial banking,Internal fraud,People,Henan,2003-11,1,10000000.0,10000000.0,10000000.0,10000000.0,1,0.0,2003-11-01,1.0,300000000.0,1.0,1.0,37500000.0,1.0,0.0,0.0,0.0,0.0,0.0,0.0,0.0,0.0,0.0,2.0,337500000.0,2.0,2.0,337500000.0,2.0,2.0,337500000.0,2.0,10000000.0,16.118095750958314,2004-01-30,1,1,0.1840573219883564,0.380653828929691,0.4594715629198387,0.0497089117778772,11,4,2003,90,0.715319137810527,1
Commercial banking,Internal fraud,People,Henan,2003-12,1,100000000.0,100000000.0,100000000.0,100000000.0,1,1.0,2003-12-01,1.0,10000000.0,1.0,1.0,300000000.0,1.0,1.0,37500000.0,1.0,0.0,0.0,0.0,0.0,0.0,0.0,3.0,347500000.0,3.0,3.0,347500000.0,3.0,3.0,347500000.0,3.0,100000000.0,18.420680753952364,2004-02-29,0,0,0.1840573219883564,0.380653828929691,0.4594715629198387,0.0497089117778772,12,4,2003,90,0.5426182248136722,1
Commercial banking,Internal fraud,People,Henan,2004-12,1,146100000.0,146100000.0,146100000.0,146100000.0,1,1.0,2004-12-01,1.0,100000000.0,1.0,1.0,10000000.0,1.0,1.0,300000000.0,1.0,0.0,0.0,0.0,0.0,0.0,0.0,3.0,410000000.0,3.0,4.0,447500000.0,4.0,4.0,447500000.0,4.0,146100000.0,18.799801883565557,2005-03-01,0,0,0.1840573219883564,0.380653828929691,0.4594715629198387,0.0497089117778772,12,4,2004,90,0.3587000967722171,1
Commercial banking,Internal fraud,People,Henan,2012-07,1,6658400.0,6658400.0,6658400.0,6658400.0,0,1.0,2012-07-01,1.0,146100000.0,1.0,1.0,100000000.0,1.0,1.0,10000000.0,1.0,0.0,0.0,0.0,0.0,0.0,0.0,3.0,256100000.0,3.0,5.0,593600000.0,5.0,5.0,593600000.0,5.0,6658400.0,15.711389923600242,2012-09-29,0,0,0.1840573219883564,0.380653828929691,0.4594715629198387,0.0497089117778772,7,3,2012,90,0.5847816219186758,1
Commercial banking,Internal fraud,People,Henan,2014-03,1,32000000.0,32000000.0,32000000.0,32000000.0,1,1.0,2014-03-01,1.0,6658400.0,0.0,1.0,146100000.0,1.0,1.0,100000000.0,1.0,1.0,37500000.0,1.0,0.0,0.0,0.0,3.0,252758400.0,2.0,6.0,600258400.0,5.0,6.0,600258400.0,5.0,32000000.0,17.281246492014,2014-05-30,0,0,0.1840573219883564,0.380653828929691,0.4594715629198387,0.0497089117778772,3,1,2014,90,0.41283907239912504,1
Commercial banking,Internal fraud,People,Henan,2015-04,1,3897400.0,3897400.0,3897400.0,3897400.0,0,1.0,2015-04-01,1.0,32000000.0,1.0,1.0,6658400.0,0.0,1.0,146100000.0,1.0,1.0,300000000.0,1.0,0.0,0.0,0.0,3.0,184758400.0,2.0,6.0,594758400.0,5.0,7.0,632258400.0,6.0,3897400.0,15.17582047869345,2015-06-30,0,0,0.1840573219883564,0.380653828929691,0.4594715629198387,0.0497089117778772,4,2,2015,90,0.35494702951013757,1
Commercial banking,Internal fraud,People,Henan,2017-02,1,3000000.0,3000000.0,3000000.0,3000000.0,0,0.0,2017-02-01,1.0,3897400.0,0.0,1.0,32000000.0,1.0,1.0,6658400.0,0.0,1.0,10000000.0,1.0,0.0,0.0,0.0,3.0,42555800.0,1.0,6.0,298655800.0,4.0,8.0,636155800.0,6.0,3000000.0,14.914123179965662,2017-05-02,0,0,0.1840573219883564,0.380653828929691,0.4594715629198387,0.0497089117778772,2,1,2017,90,0.42714605611469625,1
Commercial banking,Internal fraud,People,Henan,2019-08,1,200000.0,200000.0,200000.0,200000.0,0,1.0,2019-08-01,1.0,3000000.0,0.0,1.0,3897400.0,0.0,1.0,32000000.0,1.0,1.0,100000000.0,1.0,0.0,0.0,0.0,3.0,38897400.0,1.0,6.0,291655800.0,3.0,9.0,639155800.0,6.0,200000.0,12.206077645517674,2019-10-30,0,0,0.1840573219883564,0.380653828929691,0.4594715629198387,0.0497089117778772,8,3,2019,90,0.09183557604794672,0
Commercial banking,Internal fraud,People,Hongkong,2002-10,1,130000000.0,130000000.0,130000000.0,130000000.0,1,1.0,2002-10-01,0.0,0.0,0.0,0.0,0.0,0.0,0.0,0.0,0.0,0.0,0.0,0.0,0.0,0.0,0.0,0.0,0.0,0.0,0.0,0.0,0.0,0.0,0.0,0.0,130000000.0,18.683045016112164,2002-12-30,0,0,0.1840573219883564,0.380653828929691,0.4594715629198387,0.0031347962382445,10,4,2002,90,0.16761697344418888,0
Commercial banking,Internal fraud,People,Hongkong,2006-08,1,2000000000.0,2000000000.0,2000000000.0,2000000000.0,1,1.0,2006-08-01,1.0,130000000.0,1.0,0.0,0.0,0.0,0.0,0.0,0.0,0.0,0.0,0.0,0.0,0.0,0.0,1.0,130000000.0,1.0,1.0,130000000.0,1.0,1.0,130000000.0,1.0,2000000000.0,21.41641301800636,2006-10-30,0,0,0.1840573219883564,0.380653828929691,0.4594715629198387,0.0031347962382445,8,3,2006,90,0.19724032314161097,0
Commercial banking,Internal fraud,People,Hubei,2000-06,1,31750000.0,31750000.0,31750000.0,31750000.0,1,1.0,2000-06-01,0.0,0.0,0.0,0.0,0.0,0.0,0.0,0.0,0.0,0.0,0.0,0.0,0.0,0.0,0.0,0.0,0.0,0.0,0.0,0.0,0.0,0.0,0.0,0.0,31750000.0,17.273403314799037,2000-08-30,0,0,0.1840573219883564,0.380653828929691,0.4594715629198387,0.0313479623824451,6,2,2000,90,0.14616015122315165,0
Commercial banking,Internal fraud,People,Hubei,2006-09,1,81900000.0,81900000.0,81900000.0,81900000.0,1,0.0,2006-09-01,1.0,31750000.0,1.0,0.0,0.0,0.0,0.0,0.0,0.0,0.0,0.0,0.0,0.0,0.0,0.0,1.0,31750000.0,1.0,1.0,31750000.0,1.0,1.0,31750000.0,1.0,81900000.0,18.22100956103331,2006-11-30,0,0,0.1840573219883564,0.380653828929691,0.4594715629198387,0.0313479623824451,9,3,2006,90,0.17772670442664026,0
Commercial banking,Internal fraud,People,Hubei,2008-01,1,20000000.0,20000000.0,20000000.0,20000000.0,1,0.0,2008-01-01,1.0,81900000.0,1.0,1.0,31750000.0,1.0,0.0,0.0,0.0,0.0,0.0,0.0,0.0,0.0,0.0,2.0,113650000.0,2.0,2.0,113650000.0,2.0,2.0,113650000.0,2.0,20000000.0,16.811242881518265,2008-03-31,0,0,0.1840573219883564,0.380653828929691,0.4594715629198387,0.0313479623824451,1,1,2008,90,0.33798382178031644,1
Commercial banking,Internal fraud,People,Hunan,2001-01,1,550000000.0,550000000.0,550000000.0,550000000.0,1,1.0,2001-01-01,0.0,0.0,0.0,0.0,0.0,0.0,0.0,0.0,0.0,0.0,0.0,0.0,0.0,0.0,0.0,0.0,0.0,0.0,0.0,0.0,0.0,0.0,0.0,0.0,550000000.0,20.12542883800897,2001-04-01,0,0,0.1840573219883564,0.380653828929691,0.4594715629198387,0.0277653381101656,1,1,2001,90,0.16025257627696327,0
Commercial banking,Internal fraud,People,Hunan,2001-09,1,690000.0,690000.0,690000.0,690000.0,0,1.0,2001-09-01,1.0,550000000.0,1.0,0.0,0.0,0.0,0.0,0.0,0.0,0.0,0.0,0.0,0.0,0.0,0.0,1.0,550000000.0,1.0,1.0,550000000.0,1.0,1.0,550000000.0,1.0,690000.0,13.444448325847754,2001-11-30,0,0,0.1840573219883564,0.380653828929691,0.4594715629198387,0.0277653381101656,9,3,2001,90,0.17204470216598833,0
Commercial banking,Internal fraud,People,Hunan,2003-09,1,560000.0,560000.0,560000.0,560000.0,0,1.0,2003-09-01,1.0,690000.0,0.0,1.0,550000000.0,1.0,0.0,0.0,0.0,0.0,0.0,0.0,0.0,0.0,0.0,2.0,550690000.0,1.0,2.0,550690000.0,1.0,2.0,550690000.0,1.0,560000.0,13.235693848424024,2003-11-30,0,0,0.1840573219883564,0.380653828929691,0.4594715629198387,0.0277653381101656,9,3,2003,90,0.06005658892392336,0
Commercial banking,Internal fraud,People,Hunan,2004-11,1,5000000.0,5000000.0,5000000.0,5000000.0,0,1.0,2004-11-01,1.0,560000.0,0.0,1.0,690000.0,0.0,1.0,550000000.0,1.0,0.0,0.0,0.0,0.0,0.0,0.0,3.0,551250000.0,1.0,3.0,551250000.0,1.0,3.0,551250000.0,1.0,5000000.0,15.424948670398354,2005-01-30,0,0,0.1840573219883564,0.380653828929691,0.4594715629198387,0.0277653381101656,11,4,2004,90,0.23991068274558927,0
Commercial banking,Internal fraud,People,Hunan,2005-04,1,122000000.0,122000000.0,122000000.0,122000000.0,1,1.0,2005-04-01,1.0,5000000.0,0.0,1.0,560000.0,0.0,1.0,690000.0,0.0,0.0,0.0,0.0,0.0,0.0,0.0,3.0,6250000.0,0.0,4.0,556250000.0,1.0,4.0,556250000.0,1.0,122000000.0,18.619531610894253,2005-06-30,0,0,0.1840573219883564,0.380653828929691,0.4594715629198387,0.0277653381101656,4,2,2005,90,0.34493379588062484,1
Commercial banking,Internal fraud,People,Hunan,2005-11,1,33500000.0,33500000.0,33500000.0,33500000.0,1,1.0,2005-11-01,1.0,122000000.0,1.0,1.0,5000000.0,0.0,1.0,560000.0,0.0,0.0,0.0,0.0,0.0,0.0,0.0,3.0,127560000.0,1.0,5.0,678250000.0,2.0,5.0,678250000.0,2.0,33500000.0,17.32705602664604,2006-01-30,0,0,0.1840573219883564,0.380653828929691,0.4594715629198387,0.0277653381101656,11,4,2005,90,0.4728197508456401,1
Commercial banking,Internal fraud,People,Hunan,2010-06,1,80000000.0,80000000.0,80000000.0,80000000.0,1,3.0,2010-06-01,1.0,33500000.0,1.0,1.0,122000000.0,1.0,1.0,5000000.0,0.0,1.0,550000000.0,1.0,0.0,0.0,0.0,3.0,160500000.0,2.0,6.0,711750000.0,3.0,6.0,711750000.0,3.0,80000000.0,18.197537205138158,2010-08-30,0,0,0.1840573219883564,0.380653828929691,0.4594715629198387,0.0277653381101656,6,2,2010,90,0.4236413661009581,1
Commercial banking,Internal fraud,People,Hunan,2011-04,1,167000000.0,167000000.0,167000000.0,167000000.0,1,5.0,2011-04-01,1.0,80000000.0,1.0,1.0,33500000.0,1.0,1.0,122000000.0,1.0,1.0,690000.0,0.0,0.0,0.0,0.0,3.0,235500000.0,3.0,6.0,241750000.0,3.0,7.0,791750000.0,4.0,167000000.0,18.93350437636905,2011-06-30,0,0,0.1840573219883564,0.380653828929691,0.4594715629198387,0.0277653381101656,4,2,2011,90,0.4218868900744171,1
Commercial banking,Internal fraud,People,Hunan,2013-01,1,652000000.0,652000000.0,652000000.0,652000000.0,1,1.0,2013-01-01,1.0,167000000.0,1.0,1.0,80000000.0,1.0,1.0,33500000.0,1.0,1.0,560000.0,0.0,0.0,0.0,0.0,3.0,280500000.0,3.0,6.0,408060000.0,4.0,8.0,958750000.0,5.0,652000000.0,20.29555512142467,2013-04-01,1,1,0.1840573219883564,0.380653828929691,0.4594715629198387,0.0277653381101656,1,1,2013,90,0.7436867089961333,1
Commercial banking,Internal fraud,People,Hunan,2013-02,1,223920000.0,223920000.0,223920000.0,223920000.0,1,1.0,2013-02-01,1.0,652000000.0,1.0,1.0,167000000.0,1.0,1.0,80000000.0,1.0,1.0,5000000.0,0.0,0.0,0.0,0.0,3.0,899000000.0,3.0,6.0,1059500000.0,5.0,9.0,1610750000.0,6.0,223920000.0,19.22679940763735,2013-05-02,0,0,0.1840573219883564,0.380653828929691,0.4594715629198387,0.0277653381101656,2,1,2013,90,0.4690154366091481,1
Commercial banking,Internal fraud,People,Inner mongolia,2006-04,1,285000000.0,285000000.0,285000000.0,285000000.0,1,1.0,2006-04-01,0.0,0.0,0.0,0.0,0.0,0.0,0.0,0.0,0.0,0.0,0.0,0.0,0.0,0.0,0.0,0.0,0.0,0.0,0.0,0.0,0.0,0.0,0.0,0.0,285000000.0,19.467999741741696,2006-06-30,0,0,0.1840573219883564,0.380653828929691,0.4594715629198387,0.0053739364084191,4,2,2006,90,0.2005654818568078,0
Commercial banking,Internal fraud,People,"Inner mongolia,Inner mongolia",2012-08,1,34410000.0,34410000.0,34410000.0,34410000.0,1,2.0,2012-08-01,0.0,0.0,0.0,0.0,0.0,0.0,0.0,0.0,0.0,0.0,0.0,0.0,0.0,0.0,0.0,0.0,0.0,0.0,0.0,0.0,0.0,0.0,0.0,0.0,34410000.0,17.35385780683498,2012-10-30,0,0,0.1840573219883564,0.380653828929691,0.4594715629198387,0.0071652485445588,8,3,2012,90,0.1455331443921436,0
Commercial banking,Internal fraud,People,"Inner mongolia,Inner mongolia",2014-11,1,19600000.0,19600000.0,19600000.0,19600000.0,1,1.0,2014-11-01,1.0,34410000.0,1.0,0.0,0.0,0.0,0.0,0.0,0.0,0.0,0.0,0.0,0.0,0.0,0.0,1.0,34410000.0,1.0,1.0,34410000.0,1.0,1.0,34410000.0,1.0,19600000.0,16.791040175221152,2015-01-30,0,0,0.1840573219883564,0.380653828929691,0.4594715629198387,0.0071652485445588,11,4,2014,90,0.18371876892294195,0
Commercial banking,Internal fraud,People,Jiangsu,1998-01,1,710000000.0,710000000.0,710000000.0,710000000.0,1,1.0,1998-01-01,0.0,0.0,0.0,0.0,0.0,0.0,0.0,0.0,0.0,0.0,0.0,0.0,0.0,0.0,0.0,0.0,0.0,0.0,0.0,0.0,0.0,0.0,0.0,0.0,710000000.0,20.380775529408087,1998-04-01,0,1,0.1840573219883564,0.380653828929691,0.4594715629198387,0.032243618450515,1,1,1998,90,0.17424704103293387,0
Commercial banking,Internal fraud,People,Jiangsu,1998-04,1,3000000.0,3000000.0,3000000.0,3000000.0,0,0.0,1998-04-01,1.0,710000000.0,1.0,0.0,0.0,0.0,0.0,0.0,0.0,0.0,0.0,0.0,0.0,0.0,0.0,1.0,710000000.0,1.0,1.0,710000000.0,1.0,1.0,710000000.0,1.0,3000000.0,14.914123179965662,1998-06-30,0,0,0.1840573219883564,0.380653828929691,0.4594715629198387,0.032243618450515,4,2,1998,90,0.2503575906795911,0
Commercial banking,Internal fraud,People,Jiangsu,2003-03,1,150000000.0,150000000.0,150000000.0,150000000.0,1,1.0,2003-03-01,1.0,3000000.0,0.0,1.0,710000000.0,1.0,0.0,0.0,0.0,0.0,0.0,0.0,0.0,0.0,0.0,2.0,713000000.0,1.0,2.0,713000000.0,1.0,2.0,713000000.0,1.0,150000000.0,18.8261458587272,2003-05-30,0,0,0.1840573219883564,0.380653828929691,0.4594715629198387,0.032243618450515,3,1,2003,90,0.3660634414554151,1
Commercial banking,Internal fraud,People,Jiangsu,2004-09,1,570000000.0,570000000.0,570000000.0,570000000.0,1,1.0,2004-09-01,1.0,150000000.0,1.0,1.0,3000000.0,0.0,1.0,710000000.0,1.0,0.0,0.0,0.0,0.0,0.0,0.0,3.0,863000000.0,2.0,3.0,863000000.0,2.0,3.0,863000000.0,2.0,570000000.0,20.161146920547257,2004-11-30,0,0,0.1840573219883564,0.380653828929691,0.4594715629198387,0.032243618450515,9,3,2004,90,0.2919153060196519,0
Commercial banking,Internal fraud,People,Jiangsu,2015-01,1,76000000.0,76000000.0,76000000.0,76000000.0,1,1.0,2015-01-01,1.0,570000000.0,1.0,1.0,150000000.0,1.0,1.0,3000000.0,0.0,0.0,0.0,0.0,0.0,0.0,0.0,3.0,723000000.0,2.0,4.0,1433000000.0,3.0,4.0,1433000000.0,3.0,76000000.0,18.1462439114085,2015-04-01,0,0,0.1840573219883564,0.380653828929691,0.4594715629198387,0.032243618450515,1,1,2015,90,0.43517183617266114,1
Commercial banking,Internal fraud,People,"Jiangsu,Hubei",2019-07,1,600000.0,600000.0,600000.0,600000.0,0,1.0,2019-07-01,0.0,0.0,0.0,0.0,0.0,0.0,0.0,0.0,0.0,0.0,0.0,0.0,0.0,0.0,0.0,0.0,0.0,0.0,0.0,0.0,0.0,0.0,0.0,0.0,600000.0,13.304686600863562,2019-09-29,0,0,0.1840573219883564,0.380653828929691,0.4594715629198387,0.0004478280340349,7,3,2019,90,0.04680174231568021,0
Commercial banking,Internal fraud,People,"Jiangsu,Qinghai",2013-04,1,1350000.0,1350000.0,1350000.0,1350000.0,0,4.0,2013-04-01,0.0,0.0,0.0,0.0,0.0,0.0,0.0,0.0,0.0,0.0,0.0,0.0,0.0,0.0,0.0,0.0,0.0,0.0,0.0,0.0,0.0,0.0,0.0,0.0,1350000.0,14.11561589115508,2013-06-30,0,0,0.1840573219883564,0.380653828929691,0.4594715629198387,0.0004478280340349,4,2,2013,90,0.08961187480436374,0
Commercial banking,Internal fraud,People,Jiangxi,2008-08,1,40000000.0,40000000.0,40000000.0,40000000.0,1,1.0,2008-08-01,0.0,0.0,0.0,0.0,0.0,0.0,0.0,0.0,0.0,0.0,0.0,0.0,0.0,0.0,0.0,0.0,0.0,0.0,0.0,0.0,0.0,0.0,0.0,0.0,40000000.0,17.50439003707821,2008-10-30,0,0,0.1840573219883564,0.380653828929691,0.4594715629198387,0.0156739811912225,8,3,2008,90,0.15642814532926436,0
Commercial banking,Internal fraud,People,Jilin,1999-11,1,27000000.0,27000000.0,27000000.0,27000000.0,1,1.0,1999-11-01,0.0,0.0,0.0,0.0,0.0,0.0,0.0,0.0,0.0,0.0,0.0,0.0,0.0,0.0,0.0,0.0,0.0,0.0,0.0,0.0,0.0,0.0,0.0,0.0,27000000.0,17.11134746100564,2000-01-30,1,1,0.1840573219883564,0.380653828929691,0.4594715629198387,0.0197044334975369,11,4,1999,90,0.5002214957616578,1
Commercial banking,Internal fraud,People,Jilin,1999-12,2,656880000.0,328440000.0,328440000.0,328440000.0,2,1.0,1999-12-01,1.0,27000000.0,1.0,0.0,0.0,0.0,0.0,0.0,0.0,0.0,0.0,0.0,0.0,0.0,0.0,1.0,27000000.0,1.0,1.0,27000000.0,1.0,1.0,27000000.0,1.0,328440000.0,20.303011912887158,2000-02-29,1,1,0.1840573219883564,0.380653828929691,0.4594715629198387,0.0197044334975369,12,4,1999,90,0.1734038039305199,0
Commercial banking,Internal fraud,People,Jilin,2000-02,1,121635900.0,121635900.0,121635900.0,121635900.0,1,1.0,2000-02-01,2.0,656880000.0,2.0,1.0,27000000.0,1.0,0.0,0.0,0.0,0.0,0.0,0.0,0.0,0.0,0.0,3.0,683880000.0,3.0,3.0,683880000.0,3.0,3.0,683880000.0,3.0,121635900.0,18.61654272240888,2000-05-01,0,0,0.1840573219883564,0.380653828929691,0.4594715629198387,0.0197044334975369,2,1,2000,90,0.3724314137308111,1
Commercial banking,Internal fraud,People,Jilin,2003-04,1,2521700000.0,2521700000.0,2521700000.0,2521700000.0,1,1.0,2003-04-01,1.0,121635900.0,1.0,2.0,656880000.0,2.0,1.0,27000000.0,1.0,0.0,0.0,0.0,0.0,0.0,0.0,4.0,805515900.0,4.0,4.0,805515900.0,4.0,4.0,805515900.0,4.0,2521700000.0,21.648199114598462,2003-06-30,0,0,0.1840573219883564,0.380653828929691,0.4594715629198387,0.0197044334975369,4,2,2003,90,0.18798954245879582,0
Commercial banking,Internal fraud,People,Jilin,2006-09,1,266000000.0,266000000.0,266000000.0,266000000.0,1,1.0,2006-09-01,1.0,2521700000.0,1.0,1.0,121635900.0,1.0,2.0,656880000.0,2.0,0.0,0.0,0.0,0.0,0.0,0.0,4.0,3300215900.0,4.0,5.0,3327215900.0,5.0,5.0,3327215900.0,5.0,266000000.0,19.39900687050537,2006-11-30,0,0,0.1840573219883564,0.380653828929691,0.4594715629198387,0.0197044334975369,9,3,2006,90,0.23456923873807392,0
Commercial banking,Internal fraud,People,Jilin,2009-11,1,1300000000.0,1300000000.0,1300000000.0,1300000000.0,1,1.0,2009-11-01,1.0,266000000.0,1.0,1.0,2521700000.0,1.0,1.0,121635900.0,1.0,0.0,0.0,0.0,0.0,0.0,0.0,3.0,2909335900.0,3.0,6.0,3593215900.0,6.0,6.0,3593215900.0,6.0,1300000000.0,20.985630102183134,2010-01-30,0,0,0.1840573219883564,0.380653828929691,0.4594715629198387,0.0197044334975369,11,4,2009,90,0.1849486128856066,0
Commercial banking,Internal fraud,People,Jilin,2013-04,1,12530000.0,12530000.0,12530000.0,12530000.0,1,2.0,2013-04-01,1.0,1300000000.0,1.0,1.0,266000000.0,1.0,1.0,2521700000.0,1.0,1.0,27000000.0,1.0,0.0,0.0,0.0,3.0,4087700000.0,3.0,7.0,4893215900.0,7.0,7.0,4893215900.0,7.0,12530000.0,16.34363640668071,2013-06-30,0,0,0.1840573219883564,0.380653828929691,0.4594715629198387,0.0197044334975369,4,2,2013,90,0.26282568806495415,0
Commercial banking,Internal fraud,People,Jilin,2015-08,1,586000000.0,586000000.0,586000000.0,586000000.0,1,1.0,2015-08-01,1.0,12530000.0,1.0,1.0,1300000000.0,1.0,1.0,266000000.0,1.0,2.0,656880000.0,2.0,0.0,0.0,0.0,3.0,1578530000.0,3.0,7.0,4878745900.0,7.0,8.0,4905745900.0,8.0,586000000.0,20.18883034924777,2015-10-30,0,0,0.1840573219883564,0.380653828929691,0.4594715629198387,0.0197044334975369,8,3,2015,90,0.2700558557402959,0
Commercial banking,Internal fraud,People,"Jilin,Jiangsu",2014-03,1,350000000.0,350000000.0,350000000.0,350000000.0,1,1.0,2014-03-01,0.0,0.0,0.0,0.0,0.0,0.0,0.0,0.0,0.0,0.0,0.0,0.0,0.0,0.0,0.0,0.0,0.0,0.0,0.0,0.0,0.0,0.0,0.0,0.0,350000000.0,19.67344371530488,2014-05-30,0,0,0.1840573219883564,0.380653828929691,0.4594715629198387,0.0004478280340349,3,1,2014,90,0.18296414148274057,0
Commercial banking,Internal fraud,People,Liaoning,1996-12,1,52500000.0,52500000.0,52500000.0,52500000.0,1,0.0,1996-12-01,0.0,0.0,0.0,0.0,0.0,0.0,0.0,0.0,0.0,0.0,0.0,0.0,0.0,0.0,0.0,0.0,0.0,0.0,0.0,0.0,0.0,0.0,0.0,0.0,52500000.0,17.77632374660947,1997-03-01,0,0,0.1840573219883564,0.380653828929691,0.4594715629198387,0.0291088222122704,12,4,1996,90,0.1888639009932466,0
Commercial banking,Internal fraud,People,Liaoning,2000-09,1,899900000.0,899900000.0,899900000.0,899900000.0,1,1.0,2000-09-01,1.0,52500000.0,1.0,0.0,0.0,0.0,0.0,0.0,0.0,0.0,0.0,0.0,0.0,0.0,0.0,1.0,52500000.0,1.0,1.0,52500000.0,1.0,1.0,52500000.0,1.0,899900000.0,20.617794205115413,2000-11-30,0,0,0.1840573219883564,0.380653828929691,0.4594715629198387,0.0291088222122704,9,3,2000,90,0.1832852967568596,0
Commercial banking,Internal fraud,People,Liaoning,2002-07,1,100000000.0,100000000.0,100000000.0,100000000.0,1,1.0,2002-07-01,1.0,899900000.0,1.0,1.0,52500000.0,1.0,0.0,0.0,0.0,0.0,0.0,0.0,0.0,0.0,0.0,2.0,952400000.0,2.0,2.0,952400000.0,2.0,2.0,952400000.0,2.0,100000000.0,18.420680753952364,2002-09-29,0,0,0.1840573219883564,0.380653828929691,0.4594715629198387,0.0291088222122704,7,3,2002,90,0.3555124770881638,1
Commercial banking,Internal fraud,People,Liaoning,2005-03,1,32297000.0,32297000.0,32297000.0,32297000.0,1,1.0,2005-03-01,1.0,100000000.0,1.0,1.0,899900000.0,1.0,1.0,52500000.0,1.0,0.0,0.0,0.0,0.0,0.0,0.0,3.0,1052400000.0,3.0,3.0,1052400000.0,3.0,3.0,1052400000.0,3.0,32297000.0,17.290484935585003,2005-05-30,0,0,0.1840573219883564,0.380653828929691,0.4594715629198387,0.0291088222122704,3,1,2005,90,0.4008659000021622,1
Commercial banking,Internal fraud,People,Liaoning,2008-12,1,2600000.0,2600000.0,2600000.0,2600000.0,0,1.0,2008-12-01,1.0,32297000.0,1.0,1.0,100000000.0,1.0,1.0,899900000.0,1.0,0.0,0.0,0.0,0.0,0.0,0.0,3.0,1032197000.0,3.0,4.0,1084697000.0,4.0,4.0,1084697000.0,4.0,2600000.0,14.77102238760702,2009-03-01,0,0,0.1840573219883564,0.380653828929691,0.4594715629198387,0.0291088222122704,12,4,2008,90,0.27752654003800364,0
Commercial banking,Internal fraud,People,"Liaoning,Hubei,Chongqing",2013-10,1,97639000000.0,97639000000.0,97639000000.0,97639000000.0,1,5.0,2013-10-01,0.0,0.0,0.0,0.0,0.0,0.0,0.0,0.0,0.0,0.0,0.0,0.0,0.0,0.0,0.0,0.0,0.0,0.0,0.0,0.0,0.0,0.0,0.0,0.0,97639000000.0,25.304542840724743,2013-12-30,0,0,0.1840573219883564,0.380653828929691,0.4594715629198387,0.0004478280340349,10,4,2013,90,0.1589181798530621,0
Commercial banking,Internal fraud,People,"Liaoning,Jilin,Henan",2009-04,1,17000000.0,17000000.0,17000000.0,17000000.0,1,1.0,2009-04-01,0.0,0.0,0.0,0.0,0.0,0.0,0.0,0.0,0.0,0.0,0.0,0.0,0.0,0.0,0.0,0.0,0.0,0.0,0.0,0.0,0.0,0.0,0.0,0.0,17000000.0,16.648723960844016,2009-06-30,0,0,0.1840573219883564,0.380653828929691,0.4594715629198387,0.0004478280340349,4,2,2009,90,0.11065488418098629,0
Commercial banking,Internal fraud,People,Shaanxi,1997-09,1,484440000.0,484440000.0,484440000.0,484440000.0,1,1.0,1997-09-01,0.0,0.0,0.0,0.0,0.0,0.0,0.0,0.0,0.0,0.0,0.0,0.0,0.0,0.0,0.0,0.0,0.0,0.0,0.0,0.0,0.0,0.0,0.0,0.0,484440000.0,19.998504144681363,1997-11-30,0,0,0.1840573219883564,0.380653828929691,0.4594715629198387,0.0237348858038513,9,3,1997,90,0.17132491507124792,0
Commercial banking,Internal fraud,People,Shaanxi,1999-08,1,102000000.0,102000000.0,102000000.0,102000000.0,1,4.0,1999-08-01,1.0,484440000.0,1.0,0.0,0.0,0.0,0.0,0.0,0.0,0.0,0.0,0.0,0.0,0.0,0.0,1.0,484440000.0,1.0,1.0,484440000.0,1.0,1.0,484440000.0,1.0,102000000.0,18.440483381052463,1999-10-30,0,0,0.1840573219883564,0.380653828929691,0.4594715629198387,0.0237348858038513,8,3,1999,90,0.2813905624580306,0
Commercial banking,Internal fraud,People,Shaanxi,2001-05,1,5170000.0,5170000.0,5170000.0,5170000.0,0,1.0,2001-05-01,1.0,102000000.0,1.0,1.0,484440000.0,1.0,0.0,0.0,0.0,0.0,0.0,0.0,0.0,0.0,0.0,2.0,586440000.0,2.0,2.0,586440000.0,2.0,2.0,586440000.0,2.0,5170000.0,15.458383439908191,2001-07-30,1,1,0.1840573219883564,0.380653828929691,0.4594715629198387,0.0237348858038513,5,2,2001,90,0.3574031522162879,1
Commercial banking,Internal fraud,People,Shaanxi,2001-07,1,2029070000.0,2029070000.0,2029070000.0,2029070000.0,1,1.0,2001-07-01,1.0,5170000.0,0.0,1.0,102000000.0,1.0,1.0,484440000.0,1.0,0.0,0.0,0.0,0.0,0.0,0.0,3.0,591610000.0,2.0,3.0,591610000.0,2.0,3.0,591610000.0,2.0,2029070000.0,21.4308433974414,2001-09-29,0,0,0.1840573219883564,0.380653828929691,0.4594715629198387,0.0237348858038513,7,3,2001,90,0.13563944637755532,0
Commercial banking,Internal fraud,People,Shaanxi,2003-01,1,120000000.0,120000000.0,120000000.0,120000000.0,1,1.0,2003-01-01,1.0,2029070000.0,1.0,1.0,5170000.0,0.0,1.0,102000000.0,1.0,0.0,0.0,0.0,0.0,0.0,0.0,3.0,2136240000.0,2.0,4.0,2620680000.0,3.0,4.0,2620680000.0,3.0,120000000.0,18.603002309079653,2003-04-01,1,1,0.1840573219883564,0.380653828929691,0.4594715629198387,0.0237348858038513,1,1,2003,90,0.3329712397041286,1
Commercial banking,Internal fraud,People,Shaanxi,2003-04,1,17489000.0,17489000.0,17489000.0,17489000.0,1,1.0,2003-04-01,1.0,120000000.0,1.0,1.0,2029070000.0,1.0,1.0,5170000.0,0.0,0.0,0.0,0.0,0.0,0.0,0.0,3.0,2154240000.0,2.0,5.0,2740680000.0,4.0,5.0,2740680000.0,4.0,17489000.0,16.677082727010124,2003-06-30,0,0,0.1840573219883564,0.380653828929691,0.4594715629198387,0.0237348858038513,4,2,2003,90,0.44544677319103,1
Commercial banking,Internal fraud,People,Shaanxi,2007-03,1,1599900.0,1599900.0,1599900.0,1599900.0,0,1.0,2007-03-01,1.0,17489000.0,1.0,1.0,120000000.0,1.0,1.0,2029070000.0,1.0,1.0,484440000.0,1.0,0.0,0.0,0.0,3.0,2166559000.0,3.0,6.0,2758169000.0,5.0,6.0,2758169000.0,5.0,1599900.0,14.285452310295671,2007-05-30,0,0,0.1840573219883564,0.380653828929691,0.4594715629198387,0.0237348858038513,3,1,2007,90,0.21951689429024868,0
Commercial banking,Internal fraud,People,Shaanxi,2014-04,1,11000000.0,11000000.0,11000000.0,11000000.0,1,1.0,2014-04-01,1.0,1599900.0,0.0,1.0,17489000.0,1.0,1.0,120000000.0,1.0,1.0,102000000.0,1.0,0.0,0.0,0.0,3.0,139088900.0,2.0,6.0,2275328900.0,4.0,7.0,2759768900.0,5.0,11000000.0,16.213405921671733,2014-06-30,0,0,0.1840573219883564,0.380653828929691,0.4594715629198387,0.0237348858038513,4,2,2014,90,0.39709240884586855,1
Commercial banking,Internal fraud,People,Shandong,2000-12,1,1400000.0,1400000.0,1400000.0,1400000.0,0,0.0,2000-12-01,0.0,0.0,0.0,0.0,0.0,0.0,0.0,0.0,0.0,0.0,0.0,0.0,0.0,0.0,0.0,0.0,0.0,0.0,0.0,0.0,0.0,0.0,0.0,0.0,1400000.0,14.151983508870948,2001-03-01,0,0,0.1840573219883564,0.380653828929691,0.4594715629198387,0.0501567398119122,12,4,2000,90,0.11535871427203712,0
Commercial banking,Internal fraud,People,Shandong,2011-03,1,2954000.0,2954000.0,2954000.0,2954000.0,0,0.0,2011-03-01,1.0,1400000.0,0.0,0.0,0.0,0.0,0.0,0.0,0.0,0.0,0.0,0.0,0.0,0.0,0.0,1.0,1400000.0,0.0,1.0,1400000.0,0.0,1.0,1400000.0,0.0,2954000.0,14.89867108059744,2011-05-30,0,0,0.1840573219883564,0.380653828929691,0.4594715629198387,0.0501567398119122,3,1,2011,90,0.059776931638952736,0
Commercial banking,Internal fraud,People,Shandong,2012-10,1,260000000.0,260000000.0,260000000.0,260000000.0,1,4.0,2012-10-01,1.0,2954000.0,0.0,1.0,1400000.0,0.0,0.0,0.0,0.0,0.0,0.0,0.0,0.0,0.0,0.0,2.0,4354000.0,0.0,2.0,4354000.0,0.0,2.0,4354000.0,0.0,260000000.0,19.376192192825958,2012-12-30,0,0,0.1840573219883564,0.380653828929691,0.4594715629198387,0.0501567398119122,10,4,2012,90,0.11748065171171695,0
Commercial banking,Internal fraud,People,Shandong,2014-04,1,2000000.0,2000000.0,2000000.0,2000000.0,0,4.0,2014-04-01,1.0,260000000.0,1.0,1.0,2954000.0,0.0,1.0,1400000.0,0.0,0.0,0.0,0.0,0.0,0.0,0.0,3.0,264354000.0,1.0,3.0,264354000.0,1.0,3.0,264354000.0,1.0,2000000.0,14.508658238524095,2014-06-30,0,0,0.1840573219883564,0.380653828929691,0.4594715629198387,0.0501567398119122,4,2,2014,90,0.30891110493914803,0
Commercial banking,Internal fraud,People,Shandong,2015-12,1,9043700.0,9043700.0,9043700.0,9043700.0,0,4.0,2015-12-01,1.0,2000000.0,0.0,1.0,260000000.0,1.0,1.0,2954000.0,0.0,0.0,0.0,0.0,0.0,0.0,0.0,3.0,264954000.0,1.0,4.0,266354000.0,1.0,4.0,266354000.0,1.0,9043700.0,16.017579051240826,2016-02-29,0,0,0.1840573219883564,0.380653828929691,0.4594715629198387,0.0501567398119122,12,4,2015,90,0.3486920753034502,1
Commercial banking,Internal fraud,People,Shandong,2016-03,1,218000000.0,218000000.0,218000000.0,218000000.0,1,1.0,2016-03-01,1.0,9043700.0,0.0,1.0,2000000.0,0.0,1.0,260000000.0,1.0,0.0,0.0,0.0,0.0,0.0,0.0,3.0,271043700.0,1.0,5.0,275397700.0,1.0,5.0,275397700.0,1.0,218000000.0,19.20000562534052,2016-05-30,0,0,0.1840573219883564,0.380653828929691,0.4594715629198387,0.0501567398119122,3,1,2016,90,0.3297587797223213,1
Commercial banking,Internal fraud,People,"Shandong,Hongkong",2014-12,1,500000000.0,500000000.0,500000000.0,500000000.0,1,1.0,2014-12-01,0.0,0.0,0.0,0.0,0.0,0.0,0.0,0.0,0.0,0.0,0.0,0.0,0.0,0.0,0.0,0.0,0.0,0.0,0.0,0.0,0.0,0.0,0.0,0.0,500000000.0,20.030118658386467,2015-03-01,0,0,0.1840573219883564,0.380653828929691,0.4594715629198387,0.0004478280340349,12,4,2014,90,0.16486879129608958,0
Commercial banking,Internal fraud,People,"Shandong,Yunnan,Hongkong",2017-04,1,3500000000.0,3500000000.0,3500000000.0,3500000000.0,1,1.0,2017-04-01,0.0,0.0,0.0,0.0,0.0,0.0,0.0,0.0,0.0,0.0,0.0,0.0,0.0,0.0,0.0,0.0,0.0,0.0,0.0,0.0,0.0,0.0,0.0,0.0,3500000000.0,21.97602880572749,2017-06-30,0,0,0.1840573219883564,0.380653828929691,0.4594715629198387,0.0004478280340349,4,2,2017,90,0.16872270357231883,0
Commercial banking,Internal fraud,People,Shanghai,1999-03,1,353800000.0,353800000.0,353800000.0,353800000.0,1,1.0,1999-03-01,0.0,0.0,0.0,0.0,0.0,0.0,0.0,0.0,0.0,0.0,0.0,0.0,0.0,0.0,0.0,0.0,0.0,0.0,0.0,0.0,0.0,0.0,0.0,0.0,353800000.0,19.684242342516416,1999-05-30,0,0,0.1840573219883564,0.380653828929691,0.4594715629198387,0.0452306314375279,3,1,1999,90,0.1716164178346451,0
Commercial banking,Internal fraud,People,Shanghai,2001-01,1,910400000.0,910400000.0,910400000.0,910400000.0,1,1.0,2001-01-01,1.0,353800000.0,1.0,0.0,0.0,0.0,0.0,0.0,0.0,0.0,0.0,0.0,0.0,0.0,0.0,1.0,353800000.0,1.0,1.0,353800000.0,1.0,1.0,353800000.0,1.0,910400000.0,20.62939462243476,2001-04-01,1,1,0.1840573219883564,0.380653828929691,0.4594715629198387,0.0452306314375279,1,1,2001,90,0.6510587159155002,1
Commercial banking,Internal fraud,People,Shanghai,2001-04,1,70000000.0,70000000.0,70000000.0,70000000.0,1,1.0,2001-04-01,1.0,910400000.0,1.0,1.0,353800000.0,1.0,0.0,0.0,0.0,0.0,0.0,0.0,0.0,0.0,0.0,2.0,1264200000.0,2.0,2.0,1264200000.0,2.0,2.0,1264200000.0,2.0,70000000.0,18.064005814299342,2001-06-30,0,0,0.1840573219883564,0.380653828929691,0.4594715629198387,0.0452306314375279,4,2,2001,90,0.37290789998231844,1
Commercial banking,Internal fraud,People,Shanghai,2001-11,1,1300000000.0,1300000000.0,1300000000.0,1300000000.0,1,1.0,2001-11-01,1.0,70000000.0,1.0,1.0,910400000.0,1.0,1.0,353800000.0,1.0,0.0,0.0,0.0,0.0,0.0,0.0,3.0,1334200000.0,3.0,3.0,1334200000.0,3.0,3.0,1334200000.0,3.0,1300000000.0,20.985630102183134,2002-01-30,0,0,0.1840573219883564,0.380653828929691,0.4594715629198387,0.0452306314375279,11,4,2001,90,0.13991023205150369,0
Commercial banking,Internal fraud,People,Shanghai,2005-10,1,139900000.0,139900000.0,139900000.0,139900000.0,1,1.0,2005-10-01,1.0,1300000000.0,1.0,1.0,70000000.0,1.0,1.0,910400000.0,1.0,0.0,0.0,0.0,0.0,0.0,0.0,3.0,2280400000.0,3.0,4.0,2634200000.0,4.0,4.0,2634200000.0,4.0,139900000.0,18.756438446783672,2005-12-30,0,0,0.1840573219883564,0.380653828929691,0.4594715629198387,0.0452306314375279,10,4,2005,90,0.32765855048102527,1
Commercial banking,Internal fraud,People,Shanghai,2008-11,1,20000000.0,20000000.0,20000000.0,20000000.0,1,0.0,2008-11-01,1.0,139900000.0,1.0,1.0,1300000000.0,1.0,1.0,70000000.0,1.0,0.0,0.0,0.0,0.0,0.0,0.0,3.0,1509900000.0,3.0,5.0,2774100000.0,5.0,5.0,2774100000.0,5.0,20000000.0,16.811242881518265,2009-01-30,0,0,0.1840573219883564,0.380653828929691,0.4594715629198387,0.0452306314375279,11,4,2008,90,0.5561440699228112,1
Commercial banking,Internal fraud,People,Shanghai,2009-03,1,27510000.0,27510000.0,27510000.0,27510000.0,1,0.0,2009-03-01,1.0,20000000.0,1.0,1.0,139900000.0,1.0,1.0,1300000000.0,1.0,1.0,353800000.0,1.0,0.0,0.0,0.0,3.0,1459900000.0,3.0,6.0,2794100000.0,6.0,6.0,2794100000.0,6.0,27510000.0,17.130060169251173,2009-05-30,0,0,0.1840573219883564,0.380653828929691,0.4594715629198387,0.0452306314375279,3,1,2009,90,0.33238022359460323,1
Commercial banking,Internal fraud,People,Shanghai,2009-11,1,20000000.0,20000000.0,20000000.0,20000000.0,1,0.0,2009-11-01,1.0,27510000.0,1.0,1.0,20000000.0,1.0,1.0,139900000.0,1.0,1.0,910400000.0,1.0,0.0,0.0,0.0,3.0,187410000.0,3.0,6.0,2467810000.0,6.0,7.0,2821610000.0,7.0,20000000.0,16.811242881518265,2010-01-30,1,1,0.1840573219883564,0.380653828929691,0.4594715629198387,0.0452306314375279,11,4,2009,90,0.7153185437230376,1
Commercial banking,Internal fraud,People,Shanghai,2010-01,1,24500000.0,24500000.0,24500000.0,24500000.0,1,1.0,2010-01-01,1.0,20000000.0,1.0,1.0,27510000.0,1.0,1.0,20000000.0,1.0,1.0,70000000.0,1.0,0.0,0.0,0.0,3.0,67510000.0,3.0,6.0,1577410000.0,6.0,8.0,2841610000.0,8.0,24500000.0,17.01418371633128,2010-04-01,0,0,0.1840573219883564,0.380653828929691,0.4594715629198387,0.0452306314375279,1,1,2010,90,0.5356496515890884,1
Commercial banking,Internal fraud,People,"Shanghai,Jiangsu",2011-09,1,44000000.0,44000000.0,44000000.0,44000000.0,1,1.0,2011-09-01,0.0,0.0,0.0,0.0,0.0,0.0,0.0,0.0,0.0,0.0,0.0,0.0,0.0,0.0,0.0,0.0,0.0,0.0,0.0,0.0,0.0,0.0,0.0,0.0,44000000.0,17.599700214609808,2011-11-30,0,0,0.1840573219883564,0.380653828929691,0.4594715629198387,0.0013434841021047,9,3,2011,90,0.15291968381840673,0
Commercial banking,Internal fraud,People,"Shanghai,Jiangsu,Zhejiang,Chongqing",2014-03,1,140000000.0,140000000.0,140000000.0,140000000.0,1,3.0,2014-03-01,0.0,0.0,0.0,0.0,0.0,0.0,0.0,0.0,0.0,0.0,0.0,0.0,0.0,0.0,0.0,0.0,0.0,0.0,0.0,0.0,0.0,0.0,0.0,0.0,140000000.0,18.757152987716434,2014-05-30,0,0,0.1840573219883564,0.380653828929691,0.4594715629198387,0.0004478280340349,3,1,2014,90,0.11946117583913733,0
Commercial banking,Internal fraud,People,"Shanghai,Sichuan",2016-01,1,11660000000.0,11660000000.0,11660000000.0,11660000000.0,1,1.0,2016-01-01,0.0,0.0,0.0,0.0,0.0,0.0,0.0,0.0,0.0,0.0,0.0,0.0,0.0,0.0,0.0,0.0,0.0,0.0,0.0,0.0,0.0,0.0,0.0,0.0,11660000000.0,23.17943001795452,2016-03-31,0,0,0.1840573219883564,0.380653828929691,0.4594715629198387,0.0008956560680698,1,1,2016,90,0.16984047558849494,0
Commercial banking,Internal fraud,People,"Shanghai,Zhejiang",2012-02,1,70000000.0,70000000.0,70000000.0,70000000.0,1,1.0,2012-02-01,0.0,0.0,0.0,0.0,0.0,0.0,0.0,0.0,0.0,0.0,0.0,0.0,0.0,0.0,0.0,0.0,0.0,0.0,0.0,0.0,0.0,0.0,0.0,0.0,70000000.0,18.064005814299342,2012-05-01,0,0,0.1840573219883564,0.380653828929691,0.4594715629198387,0.0022391401701746,2,1,2012,90,0.1339982721159469,0
Commercial banking,Internal fraud,People,"Shanghai,Zhejiang,Anhui,Sichuan",2008-07,1,96000000.0,96000000.0,96000000.0,96000000.0,1,0.0,2008-07-01,0.0,0.0,0.0,0.0,0.0,0.0,0.0,0.0,0.0,0.0,0.0,0.0,0.0,0.0,0.0,0.0,0.0,0.0,0.0,0.0,0.0,0.0,0.0,0.0,96000000.0,18.379858759848776,2008-09-29,0,0,0.1840573219883564,0.380653828929691,0.4594715629198387,0.0004478280340349,7,3,2008,90,0.16371023086312836,0
Commercial banking,Internal fraud,People,"Shanghai,Zhejiang,Chongqing",2013-12,1,80000000.0,80000000.0,80000000.0,80000000.0,1,1.0,2013-12-01,0.0,0.0,0.0,0.0,0.0,0.0,0.0,0.0,0.0,0.0,0.0,0.0,0.0,0.0,0.0,0.0,0.0,0.0,0.0,0.0,0.0,0.0,0.0,0.0,80000000.0,18.197537205138158,2014-03-01,0,0,0.1840573219883564,0.380653828929691,0.4594715629198387,0.0008956560680698,12,4,2013,90,0.1764647308977109,0
Commercial banking,Internal fraud,People,Shanxi,1998-07,1,20940000.0,20940000.0,20940000.0,20940000.0,1,1.0,1998-07-01,0.0,0.0,0.0,0.0,0.0,0.0,0.0,0.0,0.0,0.0,0.0,0.0,0.0,0.0,0.0,0.0,0.0,0.0,0.0,0.0,0.0,0.0,0.0,0.0,20940000.0,16.857171811162157,1998-09-29,0,0,0.1840573219883564,0.380653828929691,0.4594715629198387,0.0214957456336766,7,3,1998,90,0.1304321879485153,0
Commercial banking,Internal fraud,People,Shanxi,2001-05,1,177060000.0,177060000.0,177060000.0,177060000.0,1,1.0,2001-05-01,1.0,20940000.0,1.0,0.0,0.0,0.0,0.0,0.0,0.0,0.0,0.0,0.0,0.0,0.0,0.0,1.0,20940000.0,1.0,1.0,20940000.0,1.0,1.0,20940000.0,1.0,177060000.0,18.99199922179498,2001-07-30,0,0,0.1840573219883564,0.380653828929691,0.4594715629198387,0.0214957456336766,5,2,2001,90,0.21018909201387606,0
Commercial banking,Internal fraud,People,Shanxi,2004-05,1,881124299.9999999,881124299.9999999,881124299.9999999,881124299.9999999,1,1.0,2004-05-01,1.0,177060000.0,1.0,1.0,20940000.0,1.0,0.0,0.0,0.0,0.0,0.0,0.0,0.0,0.0,0.0,2.0,198000000.0,2.0,2.0,198000000.0,2.0,2.0,198000000.0,2.0,881124299.9999999,20.596709264753983,2004-07-30,0,0,0.1840573219883564,0.380653828929691,0.4594715629198387,0.0214957456336766,5,2,2004,90,0.2873083866014,0
Commercial banking,Internal fraud,People,Shanxi,2014-07,1,19000000.0,19000000.0,19000000.0,19000000.0,1,1.0,2014-07-01,1.0,881124299.9999999,1.0,1.0,177060000.0,1.0,1.0,20940000.0,1.0,0.0,0.0,0.0,0.0,0.0,0.0,3.0,1079124300.0,3.0,3.0,1079124300.0,3.0,3.0,1079124300.0,3.0,19000000.0,16.759949589762293,2014-09-29,0,0,0.1840573219883564,0.380653828929691,0.4594715629198387,0.0214957456336766,7,3,2014,90,0.5137695986877504,1
Commercial banking,Internal fraud,People,Shanxi,2015-10,1,30000000.0,30000000.0,30000000.0,30000000.0,1,1.0,2015-10-01,1.0,19000000.0,1.0,1.0,881124299.9999999,1.0,1.0,177060000.0,1.0,0.0,0.0,0.0,0.0,0.0,0.0,3.0,1077184300.0,3.0,4.0,1098124300.0,4.0,4.0,1098124300.0,4.0,30000000.0,17.216707972959764,2015-12-30,0,0,0.1840573219883564,0.380653828929691,0.4594715629198387,0.0214957456336766,10,4,2015,90,0.3093565779310102,0
Commercial banking,Internal fraud,People,"Shanxi,Jiangsu,Zhejiang",2011-06,1,30000000.0,30000000.0,30000000.0,30000000.0,1,1.0,2011-06-01,0.0,0.0,0.0,0.0,0.0,0.0,0.0,0.0,0.0,0.0,0.0,0.0,0.0,0.0,0.0,0.0,0.0,0.0,0.0,0.0,0.0,0.0,0.0,0.0,30000000.0,17.216707972959764,2011-08-30,0,0,0.1840573219883564,0.380653828929691,0.4594715629198387,0.0004478280340349,6,2,2011,90,0.15859714079366774,0
Commercial banking,Internal fraud,People,Sichuan,1994-06,1,50000000.0,50000000.0,50000000.0,50000000.0,1,2.0,1994-06-01,0.0,0.0,0.0,0.0,0.0,0.0,0.0,0.0,0.0,0.0,0.0,0.0,0.0,0.0,0.0,0.0,0.0,0.0,0.0,0.0,0.0,0.0,0.0,0.0,50000000.0,17.72753358339242,1994-08-30,0,0,0.1840573219883564,0.380653828929691,0.4594715629198387,0.0273175100761307,6,2,1994,90,0.1478629320988437,0
Commercial banking,Internal fraud,People,Sichuan,2000-11,1,23750000.0,23750000.0,23750000.0,23750000.0,1,1.0,2000-11-01,1.0,50000000.0,1.0,0.0,0.0,0.0,0.0,0.0,0.0,0.0,0.0,0.0,0.0,0.0,0.0,1.0,50000000.0,1.0,1.0,50000000.0,1.0,1.0,50000000.0,1.0,23750000.0,16.983093130550188,2001-01-30,0,0,0.1840573219883564,0.380653828929691,0.4594715629198387,0.0273175100761307,11,4,2000,90,0.1589036869697741,0
Commercial banking,Internal fraud,People,Sichuan,2007-06,1,12000000.0,12000000.0,12000000.0,12000000.0,1,1.0,2007-06-01,1.0,23750000.0,1.0,1.0,50000000.0,1.0,0.0,0.0,0.0,0.0,0.0,0.0,0.0,0.0,0.0,2.0,73750000.0,2.0,2.0,73750000.0,2.0,2.0,73750000.0,2.0,12000000.0,16.300417291085605,2007-08-30,0,0,0.1840573219883564,0.380653828929691,0.4594715629198387,0.0273175100761307,6,2,2007,90,0.3834798579860349,1
Commercial banking,Internal fraud,People,Sichuan,2009-12,1,70000000.0,70000000.0,70000000.0,70000000.0,1,1.0,2009-12-01,1.0,12000000.0,1.0,1.0,23750000.0,1.0,1.0,50000000.0,1.0,0.0,0.0,0.0,0.0,0.0,0.0,3.0,85750000.0,3.0,3.0,85750000.0,3.0,3.0,85750000.0,3.0,70000000.0,18.064005814299342,2010-03-01,0,0,0.1840573219883564,0.380653828929691,0.4594715629198387,0.0273175100761307,12,4,2009,90,0.38141248990666643,1
Commercial banking,Internal fraud,People,Sichuan,2012-03,3,240000000.0,80000000.0,80000000.0,80000000.0,3,1.0,2012-03-01,1.0,70000000.0,1.0,1.0,12000000.0,1.0,1.0,23750000.0,1.0,0.0,0.0,0.0,0.0,0.0,0.0,3.0,105750000.0,3.0,4.0,155750000.0,4.0,4.0,155750000.0,4.0,80000000.0,19.29614948547293,2012-05-30,0,0,0.1840573219883564,0.380653828929691,0.4594715629198387,0.0273175100761307,3,1,2012,90,0.39155266562274976,1
Commercial banking,Internal fraud,People,Sichuan,2014-02,1,4000000.0,4000000.0,4000000.0,4000000.0,0,0.0,2014-02-01,3.0,240000000.0,3.0,1.0,70000000.0,1.0,1.0,12000000.0,1.0,0.0,0.0,0.0,0.0,0.0,0.0,5.0,322000000.0,5.0,7.0,395750000.0,7.0,7.0,395750000.0,7.0,4000000.0,15.201805169084134,2014-05-02,1,1,0.1840573219883564,0.380653828929691,0.4594715629198387,0.0273175100761307,2,1,2014,90,0.7721163987801791,1
Commercial banking,Internal fraud,People,Sichuan,2014-05,1,140000000.0,140000000.0,140000000.0,140000000.0,1,1.0,2014-05-01,1.0,4000000.0,0.0,3.0,240000000.0,3.0,1.0,70000000.0,1.0,1.0,50000000.0,1.0,0.0,0.0,0.0,5.0,314000000.0,4.0,8.0,399750000.0,7.0,8.0,399750000.0,7.0,140000000.0,18.757152987716434,2014-07-30,0,0,0.1840573219883564,0.380653828929691,0.4594715629198387,0.0273175100761307,5,2,2014,90,0.30775116371670336,0
Commercial banking,Internal fraud,People,Sichuan,2015-03,1,20000000.0,20000000.0,20000000.0,20000000.0,1,1.0,2015-03-01,1.0,140000000.0,1.0,1.0,4000000.0,0.0,3.0,240000000.0,3.0,1.0,23750000.0,1.0,0.0,0.0,0.0,5.0,384000000.0,4.0,8.0,489750000.0,7.0,9.0,539750000.0,8.0,20000000.0,16.811242881518265,2015-05-30,0,0,0.1840573219883564,0.380653828929691,0.4594715629198387,0.0273175100761307,3,1,2015,90,0.31760768379974647,0
Commercial banking,Internal fraud,People,"Sichuan,Tibet",2014-06,1,87800000.0,87800000.0,87800000.0,87800000.0,1,1.0,2014-06-01,0.0,0.0,0.0,0.0,0.0,0.0,0.0,0.0,0.0,0.0,0.0,0.0,0.0,0.0,0.0,0.0,0.0,0.0,0.0,0.0,0.0,0.0,0.0,0.0,87800000.0,18.290572069994862,2014-08-30,0,0,0.1840573219883564,0.380653828929691,0.4594715629198387,0.0004478280340349,6,2,2014,90,0.13794544599131808,0
Commercial banking,Internal fraud,People,Tianjin,1999-07,1,10000000.0,10000000.0,10000000.0,10000000.0,1,1.0,1999-07-01,0.0,0.0,0.0,0.0,0.0,0.0,0.0,0.0,0.0,0.0,0.0,0.0,0.0,0.0,0.0,0.0,0.0,0.0,0.0,0.0,0.0,0.0,0.0,0.0,10000000.0,16.118095750958314,1999-09-29,0,0,0.1840573219883564,0.380653828929691,0.4594715629198387,0.0116435288849081,7,3,1999,90,0.1377489991390396,0
Commercial banking,Internal fraud,People,Tianjin,1999-10,1,56000000.0,56000000.0,56000000.0,56000000.0,1,1.0,1999-10-01,1.0,10000000.0,1.0,0.0,0.0,0.0,0.0,0.0,0.0,0.0,0.0,0.0,0.0,0.0,0.0,1.0,10000000.0,1.0,1.0,10000000.0,1.0,1.0,10000000.0,1.0,56000000.0,17.840862266556567,1999-12-30,0,0,0.1840573219883564,0.380653828929691,0.4594715629198387,0.0116435288849081,10,4,1999,90,0.12144180246999585,0
Commercial banking,Internal fraud,People,Tianjin,2000-03,1,56000000.0,56000000.0,56000000.0,56000000.0,1,1.0,2000-03-01,1.0,56000000.0,1.0,1.0,10000000.0,1.0,0.0,0.0,0.0,0.0,0.0,0.0,0.0,0.0,0.0,2.0,66000000.0,2.0,2.0,66000000.0,2.0,2.0,66000000.0,2.0,56000000.0,17.840862266556567,2000-05-30,0,0,0.1840573219883564,0.380653828929691,0.4594715629198387,0.0116435288849081,3,1,2000,90,0.23214002602039016,0
Commercial banking,Internal fraud,People,Tianjin,2002-02,1,400000.0,400000.0,400000.0,400000.0,0,1.0,2002-02-01,1.0,56000000.0,1.0,1.0,56000000.0,1.0,1.0,10000000.0,1.0,0.0,0.0,0.0,0.0,0.0,0.0,3.0,122000000.0,3.0,3.0,122000000.0,3.0,3.0,122000000.0,3.0,400000.0,12.899222326086994,2002-05-02,0,0,0.1840573219883564,0.380653828929691,0.4594715629198387,0.0116435288849081,2,1,2002,90,0.05958047731702707,0
Commercial banking,Internal fraud,People,Tianjin,2002-07,1,35000000.0,35000000.0,35000000.0,35000000.0,1,1.0,2002-07-01,1.0,400000.0,0.0,1.0,56000000.0,1.0,1.0,56000000.0,1.0,0.0,0.0,0.0,0.0,0.0,0.0,3.0,112400000.0,2.0,4.0,122400000.0,3.0,4.0,122400000.0,3.0,35000000.0,17.370858648025116,2002-09-29,0,0,0.1840573219883564,0.380653828929691,0.4594715629198387,0.0116435288849081,7,3,2002,90,0.2839071915875569,0
Commercial banking,Internal fraud,People,Tianjin,2003-10,1,60000000.0,60000000.0,60000000.0,60000000.0,1,1.0,2003-10-01,1.0,35000000.0,1.0,1.0,400000.0,0.0,1.0,56000000.0,1.0,0.0,0.0,0.0,0.0,0.0,0.0,3.0,91400000.0,2.0,5.0,157400000.0,4.0,5.0,157400000.0,4.0,60000000.0,17.909855136853043,2003-12-30,0,0,0.1840573219883564,0.380653828929691,0.4594715629198387,0.0116435288849081,10,4,2003,90,0.29961227817505287,0
Commercial banking,Internal fraud,People,"Tianjin,Fujian",2014-04,1,2276000000.0,2276000000.0,2276000000.0,2276000000.0,1,0.0,2014-04-01,0.0,0.0,0.0,0.0,0.0,0.0,0.0,0.0,0.0,0.0,0.0,0.0,0.0,0.0,0.0,0.0,0.0,0.0,0.0,0.0,0.0,0.0,0.0,0.0,2276000000.0,21.545685353649866,2014-06-30,0,0,0.1840573219883564,0.380653828929691,0.4594715629198387,0.0008956560680698,4,2,2014,90,0.2835554417784732,0
Commercial banking,Internal fraud,People,"Tianjin,Fujian",2015-04,1,1470000000.0,1470000000.0,1470000000.0,1470000000.0,1,0.0,2015-04-01,1.0,2276000000.0,1.0,0.0,0.0,0.0,0.0,0.0,0.0,0.0,0.0,0.0,0.0,0.0,0.0,1.0,2276000000.0,1.0,1.0,2276000000.0,1.0,1.0,2276000000.0,1.0,1470000000.0,21.10852823841733,2015-06-30,0,0,0.1840573219883564,0.380653828929691,0.4594715629198387,0.0008956560680698,4,2,2015,90,0.3140149049645136,0
Commercial banking,Internal fraud,People,Tibet,2001-04,1,368000000.0,368000000.0,368000000.0,368000000.0,1,1.0,2001-04-01,0.0,0.0,0.0,0.0,0.0,0.0,0.0,0.0,0.0,0.0,0.0,0.0,0.0,0.0,0.0,0.0,0.0,0.0,0.0,0.0,0.0,0.0,0.0,0.0,368000000.0,19.7235934988506,2001-06-30,0,0,0.1840573219883564,0.380653828929691,0.4594715629198387,0.0026869682042095,4,2,2001,90,0.20322381677279588,0
Commercial banking,Internal fraud,People,Xinjiang,2019-07,1,9000000.0,9000000.0,9000000.0,9000000.0,0,1.0,2019-07-01,0.0,0.0,0.0,0.0,0.0,0.0,0.0,0.0,0.0,0.0,0.0,0.0,0.0,0.0,0.0,0.0,0.0,0.0,0.0,0.0,0.0,0.0,0.0,0.0,9000000.0,16.012735246411598,2019-09-29,0,0,0.1840573219883564,0.380653828929691,0.4594715629198387,0.005821764442454,7,3,2019,90,0.08137154675982584,0
Commercial banking,Internal fraud,People,Yunnan,2002-10,1,60500000.0,60500000.0,60500000.0,60500000.0,1,1.0,2002-10-01,0.0,0.0,0.0,0.0,0.0,0.0,0.0,0.0,0.0,0.0,0.0,0.0,0.0,0.0,0.0,0.0,0.0,0.0,0.0,0.0,0.0,0.0,0.0,0.0,60500000.0,17.918153939529997,2002-12-30,0,0,0.1840573219883564,0.380653828929691,0.4594715629198387,0.0134348410210479,10,4,2002,90,0.17075807786740468,0
Commercial banking,Internal fraud,People,Yunnan,2006-11,1,11120000.0,11120000.0,11120000.0,11120000.0,1,1.0,2006-11-01,1.0,60500000.0,1.0,0.0,0.0,0.0,0.0,0.0,0.0,0.0,0.0,0.0,0.0,0.0,0.0,1.0,60500000.0,1.0,1.0,60500000.0,1.0,1.0,60500000.0,1.0,11120000.0,16.224255936714766,2007-01-30,0,0,0.1840573219883564,0.380653828929691,0.4594715629198387,0.0134348410210479,11,4,2006,90,0.19121499438294284,0
Commercial banking,Internal fraud,People,Yunnan,2011-11,1,58256822.0,58256822.0,58256822.0,58256822.0,1,1.0,2011-11-01,1.0,11120000.0,1.0,1.0,60500000.0,1.0,0.0,0.0,0.0,0.0,0.0,0.0,0.0,0.0,0.0,2.0,71620000.0,2.0,2.0,71620000.0,2.0,2.0,71620000.0,2.0,58256822.0,17.880371776597755,2012-01-30,0,0,0.1840573219883564,0.380653828929691,0.4594715629198387,0.0134348410210479,11,4,2011,90,0.35952505580546856,1
Commercial banking,Internal fraud,People,Yunnan,2013-08,1,960000000.0,960000000.0,960000000.0,960000000.0,1,0.0,2013-08-01,1.0,58256822.0,1.0,1.0,11120000.0,1.0,1.0,60500000.0,1.0,0.0,0.0,0.0,0.0,0.0,0.0,3.0,129876822.0,3.0,3.0,129876822.0,3.0,3.0,129876822.0,3.0,960000000.0,20.682443843467823,2013-10-30,0,0,0.1840573219883564,0.380653828929691,0.4594715629198387,0.0134348410210479,8,3,2013,90,0.20850906826966406,0
Commercial banking,Internal fraud,People,Yunnan,2014-06,1,10000000.0,10000000.0,10000000.0,10000000.0,1,1.0,2014-06-01,1.0,960000000.0,1.0,1.0,58256822.0,1.0,1.0,11120000.0,1.0,0.0,0.0,0.0,0.0,0.0,0.0,3.0,1029376822.0,3.0,4.0,1089876822.0,4.0,4.0,1089876822.0,4.0,10000000.0,16.118095750958314,2014-08-30,1,1,0.1840573219883564,0.380653828929691,0.4594715629198387,0.0134348410210479,6,2,2014,90,0.7512385650797759,1
Commercial banking,Internal fraud,People,Yunnan,2014-07,1,385000000.0,385000000.0,385000000.0,385000000.0,1,0.0,2014-07-01,1.0,10000000.0,1.0,1.0,960000000.0,1.0,1.0,58256822.0,1.0,0.0,0.0,0.0,0.0,0.0,0.0,3.0,1028256822.0,3.0,5.0,1099876822.0,5.0,5.0,1099876822.0,5.0,385000000.0,19.76875389484946,2014-09-29,0,0,0.1840573219883564,0.380653828929691,0.4594715629198387,0.0134348410210479,7,3,2014,90,0.4534611025405412,1
Commercial banking,Internal fraud,People,Yunnan,2019-06,1,200000.0,200000.0,200000.0,200000.0,0,1.0,2019-06-01,1.0,385000000.0,1.0,1.0,10000000.0,1.0,1.0,960000000.0,1.0,1.0,60500000.0,1.0,0.0,0.0,0.0,3.0,1355000000.0,3.0,6.0,1484876822.0,6.0,6.0,1484876822.0,6.0,200000.0,12.206077645517674,2019-08-30,0,0,0.1840573219883564,0.380653828929691,0.4594715629198387,0.0134348410210479,6,2,2019,90,0.07338712765668563,0
Commercial banking,Internal fraud,People,Zhejiang,1999-01,1,37506000.0,37506000.0,37506000.0,37506000.0,1,1.0,1999-01-01,0.0,0.0,0.0,0.0,0.0,0.0,0.0,0.0,0.0,0.0,0.0,0.0,0.0,0.0,0.0,0.0,0.0,0.0,0.0,0.0,0.0,0.0,0.0,0.0,37506000.0,17.440011504804406,1999-04-01,0,0,0.1840573219883564,0.380653828929691,0.4594715629198387,0.0523958799820868,1,1,1999,90,0.14527177168739147,0
Commercial banking,Internal fraud,People,Zhejiang,2000-05,1,41000000.0,41000000.0,41000000.0,41000000.0,1,1.0,2000-05-01,1.0,37506000.0,1.0,0.0,0.0,0.0,0.0,0.0,0.0,0.0,0.0,0.0,0.0,0.0,0.0,1.0,37506000.0,1.0,1.0,37506000.0,1.0,1.0,37506000.0,1.0,41000000.0,17.529082649058825,2000-07-30,0,0,0.1840573219883564,0.380653828929691,0.4594715629198387,0.0523958799820868,5,2,2000,90,0.165446926921736,0
Commercial banking,Internal fraud,People,Zhejiang,2002-03,1,9200000.0,9200000.0,9200000.0,9200000.0,0,1.0,2002-03-01,1.0,41000000.0,1.0,1.0,37506000.0,1.0,0.0,0.0,0.0,0.0,0.0,0.0,0.0,0.0,0.0,2.0,78506000.0,2.0,2.0,78506000.0,2.0,2.0,78506000.0,2.0,9200000.0,16.034714150714915,2002-05-30,0,0,0.1840573219883564,0.380653828929691,0.4594715629198387,0.0523958799820868,3,1,2002,90,0.40136012534404847,1
Commercial banking,Internal fraud,People,Zhejiang,2008-12,1,5000000.0,5000000.0,5000000.0,5000000.0,0,1.0,2008-12-01,1.0,9200000.0,0.0,1.0,41000000.0,1.0,1.0,37506000.0,1.0,0.0,0.0,0.0,0.0,0.0,0.0,3.0,87706000.0,2.0,3.0,87706000.0,2.0,3.0,87706000.0,2.0,5000000.0,15.424948670398354,2009-03-01,1,1,0.1840573219883564,0.380653828929691,0.4594715629198387,0.0523958799820868,12,4,2008,90,0.6513416585492884,1
Commercial banking,Internal fraud,People,Zhejiang,2009-03,1,27500000.0,27500000.0,27500000.0,27500000.0,1,1.0,2009-03-01,1.0,5000000.0,0.0,1.0,9200000.0,0.0,1.0,41000000.0,1.0,0.0,0.0,0.0,0.0,0.0,0.0,3.0,55200000.0,1.0,4.0,92706000.0,2.0,4.0,92706000.0,2.0,27500000.0,17.129696599000436,2009-05-30,0,0,0.1840573219883564,0.380653828929691,0.4594715629198387,0.0523958799820868,3,1,2009,90,0.39483998993712816,1
Commercial banking,Internal fraud,People,Zhejiang,2012-01,2,878000000.0,439000000.0,439000000.0,738000000.0,2,0.5,2012-01-01,1.0,27500000.0,1.0,1.0,5000000.0,0.0,1.0,9200000.0,0.0,0.0,0.0,0.0,0.0,0.0,0.0,3.0,41700000.0,1.0,5.0,120206000.0,3.0,5.0,120206000.0,3.0,439000000.0,20.593157152738343,2012-03-31,0,0,0.1840573219883564,0.380653828929691,0.4594715629198387,0.0523958799820868,1,1,2012,90,0.36408229342199144,1
Commercial banking,Internal fraud,People,Zhejiang,2014-08,1,4300000000.0,4300000000.0,4300000000.0,4300000000.0,1,6.0,2014-08-01,2.0,878000000.0,2.0,1.0,27500000.0,1.0,1.0,5000000.0,0.0,1.0,37506000.0,1.0,0.0,0.0,0.0,4.0,910500000.0,3.0,7.0,998206000.0,5.0,7.0,998206000.0,5.0,4300000000.0,22.181880859878486,2014-10-30,0,0,0.1840573219883564,0.380653828929691,0.4594715629198387,0.0523958799820868,8,3,2014,90,0.22513278138831802,0
Commercial banking,Internal fraud,People,Zhejiang,2016-01,1,6000000.0,6000000.0,6000000.0,6000000.0,0,0.0,2016-01-01,1.0,4300000000.0,1.0,2.0,878000000.0,2.0,1.0,27500000.0,1.0,1.0,41000000.0,1.0,0.0,0.0,0.0,4.0,5205500000.0,4.0,7.0,5260700000.0,5.0,8.0,5298206000.0,6.0,6000000.0,15.607270193858982,2016-03-31,0,0,0.1840573219883564,0.380653828929691,0.4594715629198387,0.0523958799820868,1,1,2016,90,0.32485346775990775,1
Commercial banking,Internal fraud,People,Zhejiang,2018-10,1,3100000.0,3100000.0,3100000.0,3100000.0,0,6.0,2018-10-01,1.0,6000000.0,0.0,1.0,4300000000.0,1.0,2.0,878000000.0,2.0,1.0,9200000.0,0.0,0.0,0.0,0.0,4.0,5184000000.0,3.0,7.0,5225700000.0,4.0,9.0,5304206000.0,6.0,3100000.0,14.946912992035967,2018-12-30,0,0,0.1840573219883564,0.380653828929691,0.4594715629198387,0.0523958799820868,10,4,2018,90,0.18843495147428274,0
Commercial banking,Internal fraud,People,Zhejiang,2019-11,1,1950000.0,1950000.0,1950000.0,1950000.0,0,6.0,2019-11-01,1.0,3100000.0,0.0,1.0,6000000.0,0.0,1.0,4300000000.0,1.0,1.0,5000000.0,0.0,0.0,0.0,0.0,3.0,4309100000.0,1.0,7.0,5219600000.0,4.0,10.0,5307306000.0,6.0,1950000.0,14.48334044336031,2020-01-30,0,0,0.1840573219883564,0.380653828929691,0.4594715629198387,0.0523958799820868,11,4,2019,90,0.21469318976249363,0
Commercial banking,Internal fraud,People,"Zhejiang,Henan",2014-11,1,115746200.0,115746200.0,115746200.0,115746200.0,1,1.0,2014-11-01,0.0,0.0,0.0,0.0,0.0,0.0,0.0,0.0,0.0,0.0,0.0,0.0,0.0,0.0,0.0,0.0,0.0,0.0,0.0,0.0,0.0,0.0,0.0,0.0,115746200.0,18.566910429657664,2015-01-30,0,0,0.1840573219883564,0.380653828929691,0.4594715629198387,0.0004478280340349,11,4,2014,90,0.1616755652819307,0
Commercial banking,Internal fraud,People,"Zhejiang,Hunan",2013-11,1,100000000.0,100000000.0,100000000.0,100000000.0,1,1.0,2013-11-01,0.0,0.0,0.0,0.0,0.0,0.0,0.0,0.0,0.0,0.0,0.0,0.0,0.0,0.0,0.0,0.0,0.0,0.0,0.0,0.0,0.0,0.0,0.0,0.0,100000000.0,18.420680753952364,2014-01-30,0,0,0.1840573219883564,0.380653828929691,0.4594715629198387,0.0017913121361397,11,4,2013,90,0.18251678590844383,0
Commercial banking,Internal fraud,People,"Zhejiang,Shandong",2013-03,1,160350900.0,160350900.0,160350900.0,160350900.0,1,1.0,2013-03-01,0.0,0.0,0.0,0.0,0.0,0.0,0.0,0.0,0.0,0.0,0.0,0.0,0.0,0.0,0.0,0.0,0.0,0.0,0.0,0.0,0.0,0.0,0.0,0.0,160350900.0,18.89287510304618,2013-05-30,0,0,0.1840573219883564,0.380653828929691,0.4594715629198387,0.0008956560680698,3,1,2013,90,0.15744469822508186,0
Commercial banking,Internal fraud,People,"Zhejiang,Shandong,Xinjiang",2007-06,1,44010000.0,44010000.0,44010000.0,44010000.0,1,1.0,2007-06-01,0.0,0.0,0.0,0.0,0.0,0.0,0.0,0.0,0.0,0.0,0.0,0.0,0.0,0.0,0.0,0.0,0.0,0.0,0.0,0.0,0.0,0.0,0.0,0.0,44010000.0,17.59992746150938,2007-08-30,0,0,0.1840573219883564,0.380653828929691,0.4594715629198387,0.0004478280340349,6,2,2007,90,0.14300719573559667,0
Commercial banking,Internal fraud,Process,Anhui,2008-04,1,248000000.0,248000000.0,248000000.0,248000000.0,1,1.0,2008-04-01,0.0,0.0,0.0,0.0,0.0,0.0,0.0,0.0,0.0,0.0,0.0,0.0,0.0,0.0,0.0,0.0,0.0,0.0,0.0,0.0,0.0,0.0,0.0,0.0,248000000.0,19.32893930816152,2008-06-30,0,0,0.1840573219883564,0.380653828929691,0.2001791312136139,0.0250783699059561,4,2,2008,90,0.1555547236265568,0
Commercial banking,Internal fraud,Process,"Beijing,Guangxi",2017-12,1,400000.0,400000.0,400000.0,400000.0,0,1.0,2017-12-01,0.0,0.0,0.0,0.0,0.0,0.0,0.0,0.0,0.0,0.0,0.0,0.0,0.0,0.0,0.0,0.0,0.0,0.0,0.0,0.0,0.0,0.0,0.0,0.0,400000.0,12.899222326086994,2018-03-01,0,0,0.1840573219883564,0.380653828929691,0.2001791312136139,0.0022391401701746,12,4,2017,90,0.047694258812755234,0
Commercial banking,Internal fraud,Process,"Beijing,Tianjin,Shanxi,Shanghai",2018-12,1,190000000.0,190000000.0,190000000.0,190000000.0,1,1.0,2018-12-01,0.0,0.0,0.0,0.0,0.0,0.0,0.0,0.0,0.0,0.0,0.0,0.0,0.0,0.0,0.0,0.0,0.0,0.0,0.0,0.0,0.0,0.0,0.0,0.0,190000000.0,19.06253463538792,2019-03-01,0,0,0.1840573219883564,0.380653828929691,0.2001791312136139,0.0004478280340349,12,4,2018,90,0.10139158132665277,0
Commercial banking,Internal fraud,Process,Jiangsu,2011-08,1,5000000.0,5000000.0,5000000.0,5000000.0,0,2.0,2011-08-01,0.0,0.0,0.0,0.0,0.0,0.0,0.0,0.0,0.0,0.0,0.0,0.0,0.0,0.0,0.0,0.0,0.0,0.0,0.0,0.0,0.0,0.0,0.0,0.0,5000000.0,15.424948670398354,2011-10-30,0,0,0.1840573219883564,0.380653828929691,0.2001791312136139,0.032243618450515,8,3,2011,90,0.05341354225525227,0
Corporate finance,"Clients, products & business practices",Process,"Tianjin,Shanghai,Jiangsu",2018-03,1,23000000.0,23000000.0,23000000.0,23000000.0,1,3.0,2018-03-01,0.0,0.0,0.0,0.0,0.0,0.0,0.0,0.0,0.0,0.0,0.0,0.0,0.0,0.0,0.0,0.0,0.0,0.0,0.0,0.0,0.0,0.0,0.0,0.0,23000000.0,16.951004817371683,2018-05-30,0,0,0.0040304523063143,0.1424093148231079,0.2001791312136139,0.0022391401701746,3,1,2018,90,0.028886279361166074,0
Corporate finance,"Execution, delivery & process management",Process,Beijing,2019-09,1,4500000.0,4500000.0,4500000.0,4500000.0,0,1.0,2019-09-01,0.0,0.0,0.0,0.0,0.0,0.0,0.0,0.0,0.0,0.0,0.0,0.0,0.0,0.0,0.0,0.0,0.0,0.0,0.0,0.0,0.0,0.0,0.0,0.0,4500000.0,15.319588176962746,2019-11-30,0,0,0.0040304523063143,0.1527093596059113,0.2001791312136139,0.0940438871473354,9,3,2019,90,0.023946580046581775,0
Corporate finance,"Execution, delivery & process management",Process,"Heilongjiang,Henan,Hubei",2018-06,1,1000000.0,1000000.0,1000000.0,1000000.0,0,1.0,2018-06-01,0.0,0.0,0.0,0.0,0.0,0.0,0.0,0.0,0.0,0.0,0.0,0.0,0.0,0.0,0.0,0.0,0.0,0.0,0.0,0.0,0.0,0.0,0.0,0.0,1000000.0,13.815511557963774,2018-08-30,0,0,0.0040304523063143,0.1527093596059113,0.2001791312136139,0.0004478280340349,6,2,2018,90,0.08531443030640103,0
Corporate finance,External fraud,External event,"Beijing,Hebei,Shanxi,Shanghai",2014-05,1,400000000.0,400000000.0,400000000.0,400000000.0,1,0.0,2014-05-01,0.0,0.0,0.0,0.0,0.0,0.0,0.0,0.0,0.0,0.0,0.0,0.0,0.0,0.0,0.0,0.0,0.0,0.0,0.0,0.0,0.0,0.0,0.0,0.0,400000000.0,19.806975107572256,2014-07-30,0,0,0.0040304523063143,0.303179579041648,0.322884012539185,0.0017913121361397,5,2,2014,90,0.13098009029469196,0
Corporate finance,External fraud,External event,"Beijing,Hebei,Shanxi,Shanghai",2015-04,1,680000000.0,680000000.0,680000000.0,680000000.0,1,0.0,2015-04-01,1.0,400000000.0,1.0,0.0,0.0,0.0,0.0,0.0,0.0,0.0,0.0,0.0,0.0,0.0,0.0,1.0,400000000.0,1.0,1.0,400000000.0,1.0,1.0,400000000.0,1.0,680000000.0,20.337603357605012,2015-06-30,0,0,0.0040304523063143,0.303179579041648,0.322884012539185,0.0017913121361397,4,2,2015,90,0.47279380843396296,1
Corporate finance,External fraud,External event,"Beijing,Hebei,Shanxi,Shanghai",2015-08,1,700000000.0,700000000.0,700000000.0,700000000.0,1,0.0,2015-08-01,1.0,680000000.0,1.0,1.0,400000000.0,1.0,0.0,0.0,0.0,0.0,0.0,0.0,0.0,0.0,0.0,2.0,1080000000.0,2.0,2.0,1080000000.0,2.0,2.0,1080000000.0,2.0,700000000.0,20.36659089443625,2015-10-30,1,1,0.0040304523063143,0.303179579041648,0.322884012539185,0.0017913121361397,8,3,2015,90,0.6599961124304443,1
Corporate finance,External fraud,External event,"Beijing,Hebei,Shanxi,Shanghai",2015-09,1,1000000000.0,1000000000.0,1000000000.0,1000000000.0,1,0.0,2015-09-01,1.0,700000000.0,1.0,1.0,680000000.0,1.0,1.0,400000000.0,1.0,0.0,0.0,0.0,0.0,0.0,0.0,3.0,1780000000.0,3.0,3.0,1780000000.0,3.0,3.0,1780000000.0,3.0,1000000000.0,20.72326583794641,2015-11-30,0,0,0.0040304523063143,0.303179579041648,0.322884012539185,0.0017913121361397,9,3,2015,90,0.23194228166717704,0
Corporate finance,Internal fraud,People,Beijing,2000-02,1,5000000.0,5000000.0,5000000.0,5000000.0,0,1.0,2000-02-01,0.0,0.0,0.0,0.0,0.0,0.0,0.0,0.0,0.0,0.0,0.0,0.0,0.0,0.0,0.0,0.0,0.0,0.0,0.0,0.0,0.0,0.0,0.0,0.0,5000000.0,15.424948670398354,2000-05-01,0,0,0.0040304523063143,0.380653828929691,0.4594715629198387,0.0940438871473354,2,1,2000,90,0.0568677308803203,0
Corporate finance,Internal fraud,People,Hunan,2008-08,1,1480000.0,1480000.0,1480000.0,1480000.0,0,1.0,2008-08-01,0.0,0.0,0.0,0.0,0.0,0.0,0.0,0.0,0.0,0.0,0.0,0.0,0.0,0.0,0.0,0.0,0.0,0.0,0.0,0.0,0.0,0.0,0.0,0.0,1480000.0,14.207553321415745,2008-10-30,0,0,0.0040304523063143,0.380653828929691,0.4594715629198387,0.0277653381101656,8,3,2008,90,0.048310724769149396,0
No business line,Business disruption and system failures,System,"Beijing,Shanghai",2018-04,1,400000.0,400000.0,400000.0,400000.0,0,0.0,2018-04-01,0.0,0.0,0.0,0.0,0.0,0.0,0.0,0.0,0.0,0.0,0.0,0.0,0.0,0.0,0.0,0.0,0.0,0.0,0.0,0.0,0.0,0.0,0.0,0.0,400000.0,12.899222326086994,2018-06-30,0,0,0.057769816390506,0.0094043887147335,0.0174652933273622,0.0076130765785938,4,2,2018,90,0.08286348837889769,0
No business line,"Clients, products & business practices",External event,"Hunan,Guangdong",2015-12,1,36780.0,36780.0,36780.0,36780.0,0,1.0,2015-12-01,0.0,0.0,0.0,0.0,0.0,0.0,0.0,0.0,0.0,0.0,0.0,0.0,0.0,0.0,0.0,0.0,0.0,0.0,0.0,0.0,0.0,0.0,0.0,0.0,36780.0,10.512736686478211,2016-02-29,0,0,0.057769816390506,0.1424093148231079,0.322884012539185,0.0013434841021047,12,4,2015,90,0.03343183214587955,0
No business line,"Clients, products & business practices",People,Shanghai,2003-03,1,170000.0,170000.0,170000.0,170000.0,0,1.0,2003-03-01,0.0,0.0,0.0,0.0,0.0,0.0,0.0,0.0,0.0,0.0,0.0,0.0,0.0,0.0,0.0,0.0,0.0,0.0,0.0,0.0,0.0,0.0,0.0,0.0,170000.0,12.04355959836804,2003-05-30,0,0,0.057769816390506,0.1424093148231079,0.4594715629198387,0.0452306314375279,3,1,2003,90,0.055155796088350036,0
No business line,"Clients, products & business practices",People,"Shanghai,Zhejiang,Guizhou,Inner mongolia",2016-04,1,205000.0,205000.0,205000.0,205000.0,0,4.0,2016-04-01,0.0,0.0,0.0,0.0,0.0,0.0,0.0,0.0,0.0,0.0,0.0,0.0,0.0,0.0,0.0,0.0,0.0,0.0,0.0,0.0,0.0,0.0,0.0,0.0,205000.0,12.230770136157428,2016-06-30,0,0,0.057769816390506,0.1424093148231079,0.4594715629198387,0.0004478280340349,4,2,2016,90,0.009078029459328627,0
No business line,"Clients, products & business practices",Process,Beijing,2018-04,1,70000.0,70000.0,70000.0,70000.0,0,1.0,2018-04-01,0.0,0.0,0.0,0.0,0.0,0.0,0.0,0.0,0.0,0.0,0.0,0.0,0.0,0.0,0.0,0.0,0.0,0.0,0.0,0.0,0.0,0.0,0.0,0.0,70000.0,11.156264806643742,2018-06-30,0,0,0.057769816390506,0.1424093148231079,0.2001791312136139,0.0940438871473354,4,2,2018,90,0.025363209323594715,0
No business line,Damage to physical assets,External event,Chongqing,2004-09,1,30000000.0,30000000.0,30000000.0,30000000.0,1,0.0,2004-09-01,0.0,0.0,0.0,0.0,0.0,0.0,0.0,0.0,0.0,0.0,0.0,0.0,0.0,0.0,0.0,0.0,0.0,0.0,0.0,0.0,0.0,0.0,0.0,0.0,30000000.0,17.216707972959764,2004-11-30,0,0,0.057769816390506,0.005821764442454,0.322884012539185,0.0232870577698163,9,3,2004,90,0.04728951192553604,0
No business line,Damage to physical assets,External event,Chongqing,2007-07,1,20000000.0,20000000.0,20000000.0,20000000.0,1,1.0,2007-07-01,1.0,30000000.0,1.0,0.0,0.0,0.0,0.0,0.0,0.0,0.0,0.0,0.0,0.0,0.0,0.0,1.0,30000000.0,1.0,1.0,30000000.0,1.0,1.0,30000000.0,1.0,20000000.0,16.811242881518265,2007-09-29,0,0,0.057769816390506,0.005821764442454,0.322884012539185,0.0232870577698163,7,3,2007,90,0.10416910496089511,0
No business line,Damage to physical assets,External event,Fujian,2001-06,1,40000.0,40000.0,40000.0,40000.0,0,1.0,2001-06-01,0.0,0.0,0.0,0.0,0.0,0.0,0.0,0.0,0.0,0.0,0.0,0.0,0.0,0.0,0.0,0.0,0.0,0.0,0.0,0.0,0.0,0.0,0.0,0.0,40000.0,10.59665973278358,2001-08-30,0,0,0.057769816390506,0.005821764442454,0.322884012539185,0.0237348858038513,6,2,2001,90,0.04340787311841929,0
No business line,Damage to physical assets,External event,Guangdong,2000-07,2,25000.0,12500.0,12500.0,15000.0,0,1.0,2000-07-01,0.0,0.0,0.0,0.0,0.0,0.0,0.0,0.0,0.0,0.0,0.0,0.0,0.0,0.0,0.0,0.0,0.0,0.0,0.0,0.0,0.0,0.0,0.0,0.0,12500.0,10.12667110305036,2000-09-29,0,1,0.057769816390506,0.005821764442454,0.322884012539185,0.044782803403493,7,3,2000,90,0.04945798931314522,0
No business line,Damage to physical assets,External event,Guangdong,2000-08,2,97000.0,48500.0,48500.0,65000.0,0,1.0,2000-08-01,2.0,25000.0,0.0,0.0,0.0,0.0,0.0,0.0,0.0,0.0,0.0,0.0,0.0,0.0,0.0,2.0,25000.0,0.0,2.0,25000.0,0.0,2.0,25000.0,0.0,48500.0,11.48247656671073,2000-10-30,0,0,0.057769816390506,0.005821764442454,0.322884012539185,0.044782803403493,8,3,2000,90,0.04423939361902617,0
No business line,Damage to physical assets,External event,Heilongjiang,2001-06,1,15000.0,15000.0,15000.0,15000.0,0,1.0,2001-06-01,0.0,0.0,0.0,0.0,0.0,0.0,0.0,0.0,0.0,0.0,0.0,0.0,0.0,0.0,0.0,0.0,0.0,0.0,0.0,0.0,0.0,0.0,0.0,0.0,15000.0,9.61587214452889,2001-08-30,0,1,0.057769816390506,0.005821764442454,0.322884012539185,0.0228392297357814,6,2,2001,90,0.05710730899024356,0
No business line,Damage to physical assets,External event,Heilongjiang,2001-08,2,270000.0,135000.0,135000.0,250000.0,0,1.0,2001-08-01,1.0,15000.0,0.0,0.0,0.0,0.0,0.0,0.0,0.0,0.0,0.0,0.0,0.0,0.0,0.0,1.0,15000.0,0.0,1.0,15000.0,0.0,1.0,15000.0,0.0,135000.0,12.506180941677355,2001-10-30,0,0,0.057769816390506,0.005821764442454,0.322884012539185,0.0228392297357814,8,3,2001,90,0.005771928123586067,0
No business line,Damage to physical assets,External event,Inner mongolia,2001-06,1,20000.0,20000.0,20000.0,20000.0,0,1.0,2001-06-01,0.0,0.0,0.0,0.0,0.0,0.0,0.0,0.0,0.0,0.0,0.0,0.0,0.0,0.0,0.0,0.0,0.0,0.0,0.0,0.0,0.0,0.0,0.0,0.0,20000.0,9.90353755128617,2001-08-30,0,0,0.057769816390506,0.005821764442454,0.322884012539185,0.0053739364084191,6,2,2001,90,0.046170479811518894,0
No business line,Damage to physical assets,External event,Liaoning,2001-05,1,50000.0,50000.0,50000.0,50000.0,0,1.0,2001-05-01,0.0,0.0,0.0,0.0,0.0,0.0,0.0,0.0,0.0,0.0,0.0,0.0,0.0,0.0,0.0,0.0,0.0,0.0,0.0,0.0,0.0,0.0,0.0,0.0,50000.0,10.819798284210286,2001-07-30,0,0,0.057769816390506,0.005821764442454,0.322884012539185,0.0291088222122704,5,2,2001,90,0.04530087723364563,0
No business line,Damage to physical assets,External event,Sichuan,2008-05,1,11517900.0,11517900.0,11517900.0,11517900.0,1,1.0,2008-05-01,0.0,0.0,0.0,0.0,0.0,0.0,0.0,0.0,0.0,0.0,0.0,0.0,0.0,0.0,0.0,0.0,0.0,0.0,0.0,0.0,0.0,0.0,0.0,0.0,11517900.0,16.259412991769587,2008-07-30,0,0,0.057769816390506,0.005821764442454,0.322884012539185,0.0273175100761307,5,2,2008,90,0.028421695900043453,0
No business line,Employment practices and workplace safety,People,"Beijing,Jiangsu,Zhejiang,Jiangxi,Guangdong",2012-02,1,247300.0,247300.0,247300.0,247300.0,0,1.0,2012-02-01,0.0,0.0,0.0,0.0,0.0,0.0,0.0,0.0,0.0,0.0,0.0,0.0,0.0,0.0,0.0,0.0,0.0,0.0,0.0,0.0,0.0,0.0,0.0,0.0,247300.0,12.418361497172986,2012-05-01,0,0,0.057769816390506,0.005821764442454,0.4594715629198387,0.0004478280340349,2,1,2012,90,0.024708316574179597,0
No business line,Employment practices and workplace safety,People,"Beijing,Jilin",2018-12,1,1500000.0,1500000.0,1500000.0,1500000.0,0,1.0,2018-12-01,0.0,0.0,0.0,0.0,0.0,0.0,0.0,0.0,0.0,0.0,0.0,0.0,0.0,0.0,0.0,0.0,0.0,0.0,0.0,0.0,0.0,0.0,0.0,0.0,1500000.0,14.220976332738882,2019-03-01,0,0,0.057769816390506,0.005821764442454,0.4594715629198387,0.006269592476489,12,4,2018,90,0.029221148764422337,0
No business line,Employment practices and workplace safety,People,"Beijing,Shandong",2019-06,1,415300.0,415300.0,415300.0,415300.0,0,1.0,2019-06-01,0.0,0.0,0.0,0.0,0.0,0.0,0.0,0.0,0.0,0.0,0.0,0.0,0.0,0.0,0.0,0.0,0.0,0.0,0.0,0.0,0.0,0.0,0.0,0.0,415300.0,12.936758837513851,2019-08-30,0,0,0.057769816390506,0.005821764442454,0.4594715629198387,0.0035826242722794,6,2,2019,90,0.022131019469628203,0
No business line,Employment practices and workplace safety,People,Henan,2018-12,1,200000.0,200000.0,200000.0,200000.0,0,1.0,2018-12-01,0.0,0.0,0.0,0.0,0.0,0.0,0.0,0.0,0.0,0.0,0.0,0.0,0.0,0.0,0.0,0.0,0.0,0.0,0.0,0.0,0.0,0.0,0.0,0.0,200000.0,12.206077645517674,2019-03-01,0,0,0.057769816390506,0.005821764442454,0.4594715629198387,0.0497089117778772,12,4,2018,90,0.024148652317514563,0
No business line,Employment practices and workplace safety,Process,Beijing,2017-05,1,600000.0,600000.0,600000.0,600000.0,0,1.0,2017-05-01,0.0,0.0,0.0,0.0,0.0,0.0,0.0,0.0,0.0,0.0,0.0,0.0,0.0,0.0,0.0,0.0,0.0,0.0,0.0,0.0,0.0,0.0,0.0,0.0,600000.0,13.304686600863562,2017-07-30,0,1,0.057769816390506,0.005821764442454,0.2001791312136139,0.0940438871473354,5,2,2017,90,0.01090148640166986,0
No business line,Employment practices and workplace safety,Process,Beijing,2017-07,1,50000.0,50000.0,50000.0,50000.0,0,1.0,2017-07-01,1.0,600000.0,0.0,0.0,0.0,0.0,0.0,0.0,0.0,0.0,0.0,0.0,0.0,0.0,0.0,1.0,600000.0,0.0,1.0,600000.0,0.0,1.0,600000.0,0.0,50000.0,10.819798284210286,2017-09-29,0,0,0.057769816390506,0.005821764442454,0.2001791312136139,0.0940438871473354,7,3,2017,90,0.011886072013465254,0
No business line,Employment practices and workplace safety,Process,Hubei,2004-12,1,30000.0,30000.0,30000.0,30000.0,0,0.0,2004-12-01,0.0,0.0,0.0,0.0,0.0,0.0,0.0,0.0,0.0,0.0,0.0,0.0,0.0,0.0,0.0,0.0,0.0,0.0,0.0,0.0,0.0,0.0,0.0,0.0,30000.0,10.308985993422082,2005-03-01,0,0,0.057769816390506,0.005821764442454,0.2001791312136139,0.0313479623824451,12,4,2004,90,0.03331161300777118,0
No business line,Employment practices and workplace safety,Process,"Tianjin,Jilin,Shanghai,Hubei",2016-04,1,200000.0,200000.0,200000.0,200000.0,0,1.0,2016-04-01,0.0,0.0,0.0,0.0,0.0,0.0,0.0,0.0,0.0,0.0,0.0,0.0,0.0,0.0,0.0,0.0,0.0,0.0,0.0,0.0,0.0,0.0,0.0,0.0,200000.0,12.206077645517674,2016-06-30,0,0,0.057769816390506,0.005821764442454,0.2001791312136139,0.0004478280340349,4,2,2016,90,0.008515282401214118,0
No business line,Employment practices and workplace safety,System,Liaoning,2005-07,1,14000.0,14000.0,14000.0,14000.0,0,0.0,2005-07-01,0.0,0.0,0.0,0.0,0.0,0.0,0.0,0.0,0.0,0.0,0.0,0.0,0.0,0.0,0.0,0.0,0.0,0.0,0.0,0.0,0.0,0.0,0.0,0.0,14000.0,9.546884034617923,2005-09-29,0,0,0.057769816390506,0.005821764442454,0.0174652933273622,0.0291088222122704,7,3,2005,90,0.03360663347200175,0
No business line,"Execution, delivery & process management",People,"Beijing,Sichuan",2018-08,1,6000000.0,6000000.0,6000000.0,6000000.0,0,1.0,2018-08-01,0.0,0.0,0.0,0.0,0.0,0.0,0.0,0.0,0.0,0.0,0.0,0.0,0.0,0.0,0.0,0.0,0.0,0.0,0.0,0.0,0.0,0.0,0.0,0.0,6000000.0,15.607270193858982,2018-10-30,0,0,0.057769816390506,0.1527093596059113,0.4594715629198387,0.0026869682042095,8,3,2018,90,0.03265144172082543,0
No business line,"Execution, delivery & process management",People,Liaoning,2019-04,2,1000000.0,500000.0,500000.0,500000.0,0,1.0,2019-04-01,0.0,0.0,0.0,0.0,0.0,0.0,0.0,0.0,0.0,0.0,0.0,0.0,0.0,0.0,0.0,0.0,0.0,0.0,0.0,0.0,0.0,0.0,0.0,0.0,500000.0,13.815511557963774,2019-06-30,0,0,0.057769816390506,0.1527093596059113,0.4594715629198387,0.0291088222122704,4,2,2019,90,0.03578881815057665,0
No business line,"Execution, delivery & process management",Process,Beijing,2017-12,1,200000.0,200000.0,200000.0,200000.0,0,1.0,2017-12-01,0.0,0.0,0.0,0.0,0.0,0.0,0.0,0.0,0.0,0.0,0.0,0.0,0.0,0.0,0.0,0.0,0.0,0.0,0.0,0.0,0.0,0.0,0.0,0.0,200000.0,12.206077645517674,2018-03-01,0,0,0.057769816390506,0.1527093596059113,0.2001791312136139,0.0940438871473354,12,4,2017,90,0.011219508585181639,0
No business line,"Execution, delivery & process management",Process,"Beijing,Guizhou",2017-09,1,400000.0,400000.0,400000.0,400000.0,0,1.0,2017-09-01,0.0,0.0,0.0,0.0,0.0,0.0,0.0,0.0,0.0,0.0,0.0,0.0,0.0,0.0,0.0,0.0,0.0,0.0,0.0,0.0,0.0,0.0,0.0,0.0,400000.0,12.899222326086994,2017-11-30,0,0,0.057769816390506,0.1527093596059113,0.2001791312136139,0.0017913121361397,9,3,2017,90,0.01213108588030427,0
No business line,"Execution, delivery & process management",Process,"Beijing,Jiangxi",2019-08,1,200000.0,200000.0,200000.0,200000.0,0,2.0,2019-08-01,0.0,0.0,0.0,0.0,0.0,0.0,0.0,0.0,0.0,0.0,0.0,0.0,0.0,0.0,0.0,0.0,0.0,0.0,0.0,0.0,0.0,0.0,0.0,0.0,200000.0,12.206077645517674,2019-10-30,0,0,0.057769816390506,0.1527093596059113,0.2001791312136139,0.0026869682042095,8,3,2019,90,0.008655326274163886,0
No business line,"Execution, delivery & process management",Process,"Beijing,Zhejiang",2017-12,1,815000.0,815000.0,815000.0,815000.0,0,1.0,2017-12-01,0.0,0.0,0.0,0.0,0.0,0.0,0.0,0.0,0.0,0.0,0.0,0.0,0.0,0.0,0.0,0.0,0.0,0.0,0.0,0.0,0.0,0.0,0.0,0.0,815000.0,13.610944619216111,2018-03-01,0,0,0.057769816390506,0.1527093596059113,0.2001791312136139,0.0076130765785938,12,4,2017,90,0.023394963214549966,0
No business line,"Execution, delivery & process management",Process,Hebei,2018-12,1,200000.0,200000.0,200000.0,200000.0,0,1.0,2018-12-01,0.0,0.0,0.0,0.0,0.0,0.0,0.0,0.0,0.0,0.0,0.0,0.0,0.0,0.0,0.0,0.0,0.0,0.0,0.0,0.0,0.0,0.0,0.0,0.0,200000.0,12.206077645517674,2019-03-01,0,0,0.057769816390506,0.1527093596059113,0.2001791312136139,0.0111957008508732,12,4,2018,90,0.015037416029849645,0
No business line,"Execution, delivery & process management",Process,Hunan,2016-06,1,1500000.0,1500000.0,1500000.0,1500000.0,0,4.0,2016-06-01,0.0,0.0,0.0,0.0,0.0,0.0,0.0,0.0,0.0,0.0,0.0,0.0,0.0,0.0,0.0,0.0,0.0,0.0,0.0,0.0,0.0,0.0,0.0,0.0,1500000.0,14.220976332738882,2016-08-30,0,0,0.057769816390506,0.1527093596059113,0.2001791312136139,0.0277653381101656,6,2,2016,90,0.019029400451684594,0
No business line,"Execution, delivery & process management",Process,"Inner mongolia,Inner mongolia",2018-09,1,400000.0,400000.0,400000.0,400000.0,0,1.0,2018-09-01,0.0,0.0,0.0,0.0,0.0,0.0,0.0,0.0,0.0,0.0,0.0,0.0,0.0,0.0,0.0,0.0,0.0,0.0,0.0,0.0,0.0,0.0,0.0,0.0,400000.0,12.899222326086994,2018-11-30,0,0,0.057769816390506,0.1527093596059113,0.2001791312136139,0.0071652485445588,9,3,2018,90,0.015370522500022582,0
No business line,"Execution, delivery & process management",Process,Jiangsu,2019-08,1,400000.0,400000.0,400000.0,400000.0,0,2.0,2019-08-01,0.0,0.0,0.0,0.0,0.0,0.0,0.0,0.0,0.0,0.0,0.0,0.0,0.0,0.0,0.0,0.0,0.0,0.0,0.0,0.0,0.0,0.0,0.0,0.0,400000.0,12.899222326086994,2019-10-30,0,0,0.057769816390506,0.1527093596059113,0.2001791312136139,0.032243618450515,8,3,2019,90,0.01237729808878063,0
No business line,"Execution, delivery & process management",Process,Liaoning,2018-06,1,1300000.0,1300000.0,1300000.0,1300000.0,0,1.0,2018-06-01,0.0,0.0,0.0,0.0,0.0,0.0,0.0,0.0,0.0,0.0,0.0,0.0,0.0,0.0,0.0,0.0,0.0,0.0,0.0,0.0,0.0,0.0,0.0,0.0,1300000.0,14.077875591662238,2018-08-30,0,0,0.057769816390506,0.1527093596059113,0.2001791312136139,0.0291088222122704,6,2,2018,90,0.020020963615687226,0
No business line,"Execution, delivery & process management",Process,"Tianjin,Hunan",2018-09,1,500000.0,500000.0,500000.0,500000.0,0,7.0,2018-09-01,0.0,0.0,0.0,0.0,0.0,0.0,0.0,0.0,0.0,0.0,0.0,0.0,0.0,0.0,0.0,0.0,0.0,0.0,0.0,0.0,0.0,0.0,0.0,0.0,500000.0,13.122365377402328,2018-11-30,0,0,0.057769816390506,0.1527093596059113,0.2001791312136139,0.0004478280340349,9,3,2018,90,0.01213108588030427,0
No business line,"Execution, delivery & process management",Process,Tibet,2017-12,1,10000.0,10000.0,10000.0,10000.0,0,1.0,2017-12-01,0.0,0.0,0.0,0.0,0.0,0.0,0.0,0.0,0.0,0.0,0.0,0.0,0.0,0.0,0.0,0.0,0.0,0.0,0.0,0.0,0.0,0.0,0.0,0.0,10000.0,9.210440366976515,2018-03-01,0,0,0.057769816390506,0.1527093596059113,0.2001791312136139,0.0026869682042095,12,4,2017,90,0.024693645294591365,0
No business line,External fraud,External event,Beijing,2009-05,1,140000.0,140000.0,140000.0,140000.0,0,1.0,2009-05-01,0.0,0.0,0.0,0.0,0.0,0.0,0.0,0.0,0.0,0.0,0.0,0.0,0.0,0.0,0.0,0.0,0.0,0.0,0.0,0.0,0.0,0.0,0.0,0.0,140000.0,11.849404844423074,2009-07-30,0,1,0.057769816390506,0.303179579041648,0.322884012539185,0.0940438871473354,5,2,2009,90,0.04579194270573062,0
No business line,External fraud,External event,Beijing,2009-07,1,100000.0,100000.0,100000.0,100000.0,0,1.0,2009-07-01,1.0,140000.0,0.0,0.0,0.0,0.0,0.0,0.0,0.0,0.0,0.0,0.0,0.0,0.0,0.0,1.0,140000.0,0.0,1.0,140000.0,0.0,1.0,140000.0,0.0,100000.0,11.51293546492023,2009-09-29,0,0,0.057769816390506,0.303179579041648,0.322884012539185,0.0940438871473354,7,3,2009,90,0.055580003647005126,0
No business line,External fraud,External event,Jilin,2005-05,1,1810000.0,1810000.0,1810000.0,1810000.0,0,1.0,2005-05-01,0.0,0.0,0.0,0.0,0.0,0.0,0.0,0.0,0.0,0.0,0.0,0.0,0.0,0.0,0.0,0.0,0.0,0.0,0.0,0.0,0.0,0.0,0.0,0.0,1810000.0,14.408837955728044,2005-07-30,0,0,0.057769816390506,0.303179579041648,0.322884012539185,0.0197044334975369,5,2,2005,90,0.06390484306094442,0
No business line,Internal fraud,People,Anhui,2000-09,1,667366.0,667366.0,667366.0,667366.0,0,1.0,2000-09-01,0.0,0.0,0.0,0.0,0.0,0.0,0.0,0.0,0.0,0.0,0.0,0.0,0.0,0.0,0.0,0.0,0.0,0.0,0.0,0.0,0.0,0.0,0.0,0.0,667366.0,13.411095398467108,2000-11-30,0,1,0.057769816390506,0.380653828929691,0.4594715629198387,0.0250783699059561,9,3,2000,90,0.04763650236684851,0
No business line,Internal fraud,People,Anhui,2000-10,1,281486.0,281486.0,281486.0,281486.0,0,0.0,2000-10-01,1.0,667366.0,0.0,0.0,0.0,0.0,0.0,0.0,0.0,0.0,0.0,0.0,0.0,0.0,0.0,1.0,667366.0,0.0,1.0,667366.0,0.0,1.0,667366.0,0.0,281486.0,12.547841544323209,2000-12-30,0,0,0.057769816390506,0.380653828929691,0.4594715629198387,0.0250783699059561,10,4,2000,90,0.03321407803095747,0
No business line,Internal fraud,People,Anhui,2001-12,1,339425.0,339425.0,339425.0,339425.0,0,0.0,2001-12-01,1.0,281486.0,0.0,1.0,667366.0,0.0,0.0,0.0,0.0,0.0,0.0,0.0,0.0,0.0,0.0,2.0,948852.0,0.0,2.0,948852.0,0.0,2.0,948852.0,0.0,339425.0,12.735011234623087,2002-03-01,0,0,0.057769816390506,0.380653828929691,0.4594715629198387,0.0250783699059561,12,4,2001,90,0.029656541385416013,0
No business line,Internal fraud,People,Anhui,2007-02,1,1190000.0,1190000.0,1190000.0,1190000.0,0,1.0,2007-02-01,1.0,339425.0,0.0,1.0,281486.0,0.0,1.0,667366.0,0.0,0.0,0.0,0.0,0.0,0.0,0.0,3.0,1288277.0,0.0,3.0,1288277.0,0.0,3.0,1288277.0,0.0,1190000.0,13.989464705423494,2007-05-02,0,0,0.057769816390506,0.380653828929691,0.4594715629198387,0.0250783699059561,2,1,2007,90,0.1308195837641103,0
No business line,Internal fraud,People,Anhui,2009-01,1,880000.0,880000.0,880000.0,880000.0,0,1.0,2009-01-01,1.0,1190000.0,0.0,1.0,339425.0,0.0,1.0,281486.0,0.0,0.0,0.0,0.0,0.0,0.0,0.0,3.0,1810911.0,0.0,4.0,2478277.0,0.0,4.0,2478277.0,0.0,880000.0,13.68767832281738,2009-04-01,0,0,0.057769816390506,0.380653828929691,0.4594715629198387,0.0250783699059561,1,1,2009,90,0.06025810433603591,0
No business line,Internal fraud,People,Beijing,1995-02,1,15800000.0,15800000.0,15800000.0,15800000.0,1,1.0,1995-02-01,0.0,0.0,0.0,0.0,0.0,0.0,0.0,0.0,0.0,0.0,0.0,0.0,0.0,0.0,0.0,0.0,0.0,0.0,0.0,0.0,0.0,0.0,0.0,0.0,15800000.0,16.575520561288332,1995-05-02,0,0,0.057769816390506,0.380653828929691,0.4594715629198387,0.0940438871473354,2,1,1995,90,0.06400733032545083,0
No business line,Internal fraud,People,Beijing,1997-03,1,12410000.0,12410000.0,12410000.0,12410000.0,1,1.0,1997-03-01,1.0,15800000.0,1.0,0.0,0.0,0.0,0.0,0.0,0.0,0.0,0.0,0.0,0.0,0.0,0.0,1.0,15800000.0,1.0,1.0,15800000.0,1.0,1.0,15800000.0,1.0,12410000.0,16.334013237760963,1997-05-30,0,0,0.057769816390506,0.380653828929691,0.4594715629198387,0.0940438871473354,3,1,1997,90,0.1009903614277126,0
No business line,Internal fraud,People,Beijing,2011-12,1,562000000.0,562000000.0,562000000.0,562000000.0,1,0.0,2011-12-01,1.0,12410000.0,1.0,1.0,15800000.0,1.0,0.0,0.0,0.0,0.0,0.0,0.0,0.0,0.0,0.0,2.0,28210000.0,2.0,2.0,28210000.0,2.0,2.0,28210000.0,2.0,562000000.0,20.147012409637323,2012-02-29,0,0,0.057769816390506,0.380653828929691,0.4594715629198387,0.0940438871473354,12,4,2011,90,0.267447564254831,0
No business line,Internal fraud,People,"Beijing,Chongqing",2017-10,1,1400000.0,1400000.0,1400000.0,1400000.0,0,0.0,2017-10-01,0.0,0.0,0.0,0.0,0.0,0.0,0.0,0.0,0.0,0.0,0.0,0.0,0.0,0.0,0.0,0.0,0.0,0.0,0.0,0.0,0.0,0.0,0.0,0.0,1400000.0,14.151983508870948,2017-12-30,0,0,0.057769816390506,0.380653828929691,0.4594715629198387,0.0022391401701746,10,4,2017,90,0.05382867906270286,0
No business line,Internal fraud,People,"Beijing,Jiangsu",2017-12,1,250000.0,250000.0,250000.0,250000.0,0,1.0,2017-12-01,0.0,0.0,0.0,0.0,0.0,0.0,0.0,0.0,0.0,0.0,0.0,0.0,0.0,0.0,0.0,0.0,0.0,0.0,0.0,0.0,0.0,0.0,0.0,0.0,250000.0,12.429220196836384,2018-03-01,0,0,0.057769816390506,0.380653828929691,0.4594715629198387,0.0031347962382445,12,4,2017,90,0.04574303514228293,0
No business line,Internal fraud,People,Chongqing,2003-06,1,500000.0,500000.0,500000.0,500000.0,0,1.0,2003-06-01,0.0,0.0,0.0,0.0,0.0,0.0,0.0,0.0,0.0,0.0,0.0,0.0,0.0,0.0,0.0,0.0,0.0,0.0,0.0,0.0,0.0,0.0,0.0,0.0,500000.0,13.122365377402328,2003-08-30,0,0,0.057769816390506,0.380653828929691,0.4594715629198387,0.0232870577698163,6,2,2003,90,0.03662248620714551,0
No business line,Internal fraud,People,Fujian,1988-06,1,2862799.9999999995,2862799.9999999995,2862799.9999999995,2862799.9999999995,0,1.0,1988-06-01,0.0,0.0,0.0,0.0,0.0,0.0,0.0,0.0,0.0,0.0,0.0,0.0,0.0,0.0,0.0,0.0,0.0,0.0,0.0,0.0,0.0,0.0,0.0,0.0,2862799.9999999995,14.867311074154888,1988-08-30,0,0,0.057769816390506,0.380653828929691,0.4594715629198387,0.0237348858038513,6,2,1988,90,0.05398890955325398,0
No business line,Internal fraud,People,Fujian,1996-12,1,8040000.0,8040000.0,8040000.0,8040000.0,0,1.0,1996-12-01,1.0,2862799.9999999995,0.0,0.0,0.0,0.0,0.0,0.0,0.0,0.0,0.0,0.0,0.0,0.0,0.0,1.0,2862799.9999999995,0.0,1.0,2862799.9999999995,0.0,1.0,2862799.9999999995,0.0,8040000.0,15.89993976553325,1997-03-01,0,0,0.057769816390506,0.380653828929691,0.4594715629198387,0.0237348858038513,12,4,1996,90,0.04247201978429728,0
No business line,Internal fraud,People,Fujian,2001-07,1,367000.0,367000.0,367000.0,367000.0,0,1.0,2001-07-01,1.0,8040000.0,0.0,1.0,2862799.9999999995,0.0,0.0,0.0,0.0,0.0,0.0,0.0,0.0,0.0,0.0,2.0,10902800.0,0.0,2.0,10902800.0,0.0,2.0,10902800.0,0.0,367000.0,12.813119851828636,2001-09-29,0,0,0.057769816390506,0.380653828929691,0.4594715629198387,0.0237348858038513,7,3,2001,90,0.035607508891613474,0
No business line,Internal fraud,People,Gansu,2005-08,1,629000.0,629000.0,629000.0,629000.0,0,0.0,2005-08-01,0.0,0.0,0.0,0.0,0.0,0.0,0.0,0.0,0.0,0.0,0.0,0.0,0.0,0.0,0.0,0.0,0.0,0.0,0.0,0.0,0.0,0.0,0.0,0.0,629000.0,13.351888125506433,2005-10-30,0,0,0.057769816390506,0.380653828929691,0.4594715629198387,0.0076130765785938,8,3,2005,90,0.06243657254649079,0
No business line,Internal fraud,People,Gansu,2008-03,1,2500000.0,2500000.0,2500000.0,2500000.0,0,1.0,2008-03-01,1.0,629000.0,0.0,0.0,0.0,0.0,0.0,0.0,0.0,0.0,0.0,0.0,0.0,0.0,0.0,1.0,629000.0,0.0,1.0,629000.0,0.0,1.0,629000.0,0.0,2500000.0,14.731801689838347,2008-05-30,0,0,0.057769816390506,0.380653828929691,0.4594715629198387,0.0076130765785938,3,1,2008,90,0.031324530929034464,0
No business line,Internal fraud,People,Guangdong,1995-11,1,887300.0,887300.0,887300.0,887300.0,0,1.0,1995-11-01,0.0,0.0,0.0,0.0,0.0,0.0,0.0,0.0,0.0,0.0,0.0,0.0,0.0,0.0,0.0,0.0,0.0,0.0,0.0,0.0,0.0,0.0,0.0,0.0,887300.0,13.695939549837332,1996-01-30,0,0,0.057769816390506,0.380653828929691,0.4594715629198387,0.044782803403493,11,4,1995,90,0.07210958662904289,0
No business line,Internal fraud,People,Guangdong,1997-01,1,5000000.0,5000000.0,5000000.0,5000000.0,0,1.0,1997-01-01,1.0,887300.0,0.0,0.0,0.0,0.0,0.0,0.0,0.0,0.0,0.0,0.0,0.0,0.0,0.0,1.0,887300.0,0.0,1.0,887300.0,0.0,1.0,887300.0,0.0,5000000.0,15.424948670398354,1997-04-01,0,0,0.057769816390506,0.380653828929691,0.4594715629198387,0.044782803403493,1,1,1997,90,0.03060333678502231,0
No business line,Internal fraud,People,Guangdong,1998-12,3,58800000.0,19600000.0,16000000.0,38600000.0,2,1.0,1998-12-01,1.0,5000000.0,0.0,1.0,887300.0,0.0,0.0,0.0,0.0,0.0,0.0,0.0,0.0,0.0,0.0,2.0,5887300.0,0.0,2.0,5887300.0,0.0,2.0,5887300.0,0.0,19600000.0,17.889652429875657,1999-03-01,0,0,0.057769816390506,0.380653828929691,0.4594715629198387,0.044782803403493,12,4,1998,90,0.10687162432371015,0
No business line,Internal fraud,People,Guangdong,2000-02,1,21260000.0,21260000.0,21260000.0,21260000.0,1,1.0,2000-02-01,3.0,58800000.0,2.0,1.0,5000000.0,0.0,1.0,887300.0,0.0,0.0,0.0,0.0,0.0,0.0,0.0,5.0,64687300.0,2.0,5.0,64687300.0,2.0,5.0,64687300.0,2.0,21260000.0,16.872337977914764,2000-05-01,0,1,0.057769816390506,0.380653828929691,0.4594715629198387,0.044782803403493,2,1,2000,90,0.23910289706339583,0
No business line,Internal fraud,People,Guangdong,2000-03,1,2400000.0,2400000.0,2400000.0,2400000.0,0,1.0,2000-03-01,1.0,21260000.0,1.0,3.0,58800000.0,2.0,1.0,5000000.0,0.0,0.0,0.0,0.0,0.0,0.0,0.0,5.0,85060000.0,3.0,6.0,85947300.0,3.0,6.0,85947300.0,3.0,2400000.0,14.690979711984754,2000-05-30,0,0,0.057769816390506,0.380653828929691,0.4594715629198387,0.044782803403493,3,1,2000,90,0.1886694001973834,0
No business line,Internal fraud,People,Guangdong,2001-09,1,2400000.0,2400000.0,2400000.0,2400000.0,0,1.0,2001-09-01,1.0,2400000.0,0.0,1.0,21260000.0,1.0,3.0,58800000.0,2.0,0.0,0.0,0.0,0.0,0.0,0.0,5.0,82460000.0,3.0,7.0,88347300.0,3.0,7.0,88347300.0,3.0,2400000.0,14.690979711984754,2001-11-30,0,0,0.057769816390506,0.380653828929691,0.4594715629198387,0.044782803403493,9,3,2001,90,0.22034636117675135,0
No business line,Internal fraud,People,Guangdong,2002-05,1,1165000.0,1165000.0,1165000.0,1165000.0,0,1.0,2002-05-01,1.0,2400000.0,0.0,1.0,2400000.0,0.0,1.0,21260000.0,1.0,1.0,887300.0,0.0,0.0,0.0,0.0,3.0,26060000.0,1.0,8.0,90747300.0,3.0,8.0,90747300.0,3.0,1165000.0,13.968232503350668,2002-07-30,0,0,0.057769816390506,0.380653828929691,0.4594715629198387,0.044782803403493,5,2,2002,90,0.2517234586278214,0
No business line,Internal fraud,People,Guangdong,2004-09,1,13940000.0,13940000.0,13940000.0,13940000.0,1,1.0,2004-09-01,1.0,1165000.0,0.0,1.0,2400000.0,0.0,1.0,2400000.0,0.0,1.0,5000000.0,0.0,0.0,0.0,0.0,3.0,5965000.0,0.0,8.0,91025000.0,3.0,9.0,91912300.0,3.0,13940000.0,16.450273035032662,2004-11-30,0,0,0.057769816390506,0.380653828929691,0.4594715629198387,0.044782803403493,9,3,2004,90,0.24381870871971031,0
No business line,Internal fraud,People,Guangdong,2006-05,1,115050.0,115050.0,115050.0,115050.0,0,0.0,2006-05-01,1.0,13940000.0,1.0,1.0,1165000.0,0.0,1.0,2400000.0,0.0,3.0,58800000.0,2.0,0.0,0.0,0.0,3.0,17505000.0,1.0,8.0,99965000.0,4.0,10.0,105852300.0,4.0,115050.0,11.653130787298837,2006-07-30,0,0,0.057769816390506,0.380653828929691,0.4594715629198387,0.044782803403493,5,2,2006,90,0.05328530560831043,0
No business line,Internal fraud,People,Guangxi,2001-02,1,3760000.0,3760000.0,3760000.0,3760000.0,0,1.0,2001-02-01,0.0,0.0,0.0,0.0,0.0,0.0,0.0,0.0,0.0,0.0,0.0,0.0,0.0,0.0,0.0,0.0,0.0,0.0,0.0,0.0,0.0,0.0,0.0,0.0,3760000.0,15.139929781323488,2001-05-02,0,0,0.057769816390506,0.380653828929691,0.4594715629198387,0.0143304970891177,2,1,2001,90,0.043830667099101245,0
No business line,Internal fraud,People,Heilongjiang,1999-03,1,6000000.0,6000000.0,6000000.0,6000000.0,0,1.0,1999-03-01,0.0,0.0,0.0,0.0,0.0,0.0,0.0,0.0,0.0,0.0,0.0,0.0,0.0,0.0,0.0,0.0,0.0,0.0,0.0,0.0,0.0,0.0,0.0,0.0,6000000.0,15.607270193858982,1999-05-30,0,0,0.057769816390506,0.380653828929691,0.4594715629198387,0.0228392297357814,3,1,1999,90,0.06680825323565417,0
No business line,Internal fraud,People,Heilongjiang,2002-11,1,17000000.0,17000000.0,17000000.0,17000000.0,1,0.0,2002-11-01,1.0,6000000.0,0.0,0.0,0.0,0.0,0.0,0.0,0.0,0.0,0.0,0.0,0.0,0.0,0.0,1.0,6000000.0,0.0,1.0,6000000.0,0.0,1.0,6000000.0,0.0,17000000.0,16.648723960844016,2003-01-30,0,0,0.057769816390506,0.380653828929691,0.4594715629198387,0.0228392297357814,11,4,2002,90,0.04872001452410815,0
No business line,Internal fraud,People,Heilongjiang,2005-01,1,1240000.0,1240000.0,1240000.0,1240000.0,0,1.0,2005-01-01,1.0,17000000.0,1.0,1.0,6000000.0,0.0,0.0,0.0,0.0,0.0,0.0,0.0,0.0,0.0,0.0,2.0,23000000.0,1.0,2.0,23000000.0,1.0,2.0,23000000.0,1.0,1240000.0,14.030622744032508,2005-04-01,0,0,0.057769816390506,0.380653828929691,0.4594715629198387,0.0228392297357814,1,1,2005,90,0.1513843041783345,0
No business line,Internal fraud,People,Heilongjiang,2006-05,1,26000000.0,26000000.0,26000000.0,26000000.0,1,1.0,2006-05-01,1.0,1240000.0,0.0,1.0,17000000.0,1.0,1.0,6000000.0,0.0,0.0,0.0,0.0,0.0,0.0,0.0,3.0,24240000.0,1.0,3.0,24240000.0,1.0,3.0,24240000.0,1.0,26000000.0,17.073607134447293,2006-07-30,0,0,0.057769816390506,0.380653828929691,0.4594715629198387,0.0228392297357814,5,2,2006,90,0.26193922137045234,0
No business line,Internal fraud,People,Heilongjiang,2007-10,1,960000.0,960000.0,960000.0,960000.0,0,1.0,2007-10-01,1.0,26000000.0,1.0,1.0,1240000.0,0.0,1.0,17000000.0,1.0,0.0,0.0,0.0,0.0,0.0,0.0,3.0,44240000.0,2.0,4.0,50240000.0,2.0,4.0,50240000.0,2.0,960000.0,13.774689605110144,2007-12-30,0,0,0.057769816390506,0.380653828929691,0.4594715629198387,0.0228392297357814,10,4,2007,90,0.13235980254891538,0
No business line,Internal fraud,People,Henan,1996-03,1,14395000.0,14395000.0,14395000.0,14395000.0,1,1.0,1996-03-01,0.0,0.0,0.0,0.0,0.0,0.0,0.0,0.0,0.0,0.0,0.0,0.0,0.0,0.0,0.0,0.0,0.0,0.0,0.0,0.0,0.0,0.0,0.0,0.0,14395000.0,16.482391551496978,1996-05-30,0,0,0.057769816390506,0.380653828929691,0.4594715629198387,0.0497089117778772,3,1,1996,90,0.07273758196289022,0
No business line,Internal fraud,People,Henan,1999-04,1,110000.0,110000.0,110000.0,110000.0,0,1.0,1999-04-01,1.0,14395000.0,1.0,0.0,0.0,0.0,0.0,0.0,0.0,0.0,0.0,0.0,0.0,0.0,0.0,1.0,14395000.0,1.0,1.0,14395000.0,1.0,1.0,14395000.0,1.0,110000.0,11.60824473564232,1999-06-30,0,0,0.057769816390506,0.380653828929691,0.4594715629198387,0.0497089117778772,4,2,1999,90,0.019893348770544574,0
No business line,Internal fraud,People,Henan,2001-01,1,6700000.0,6700000.0,6700000.0,6700000.0,0,1.0,2001-01-01,1.0,110000.0,0.0,1.0,14395000.0,1.0,0.0,0.0,0.0,0.0,0.0,0.0,0.0,0.0,0.0,2.0,14505000.0,1.0,2.0,14505000.0,1.0,2.0,14505000.0,1.0,6700000.0,15.717618233614914,2001-04-01,0,0,0.057769816390506,0.380653828929691,0.4594715629198387,0.0497089117778772,1,1,2001,90,0.21814797525260668,0
No business line,Internal fraud,People,Henan,2001-08,1,5580000.0,5580000.0,5580000.0,5580000.0,0,1.0,2001-08-01,1.0,6700000.0,0.0,1.0,110000.0,0.0,1.0,14395000.0,1.0,0.0,0.0,0.0,0.0,0.0,0.0,3.0,21205000.0,1.0,3.0,21205000.0,1.0,3.0,21205000.0,1.0,5580000.0,15.534699513568947,2001-10-30,0,0,0.057769816390506,0.380653828929691,0.4594715629198387,0.0497089117778772,8,3,2001,90,0.14333031790759124,0
No business line,Internal fraud,People,Henan,2005-12,1,3380000.0,3380000.0,3380000.0,3380000.0,0,1.0,2005-12-01,1.0,5580000.0,0.0,1.0,6700000.0,0.0,1.0,110000.0,0.0,0.0,0.0,0.0,0.0,0.0,0.0,3.0,12390000.0,0.0,4.0,26785000.0,1.0,4.0,26785000.0,1.0,3380000.0,15.033386563317146,2006-03-01,0,0,0.057769816390506,0.380653828929691,0.4594715629198387,0.0497089117778772,12,4,2005,90,0.2430287174608771,0
No business line,Internal fraud,People,Henan,2007-01,1,11600000.0,11600000.0,11600000.0,11600000.0,1,1.0,2007-01-01,1.0,3380000.0,0.0,1.0,5580000.0,0.0,1.0,6700000.0,0.0,0.0,0.0,0.0,0.0,0.0,0.0,3.0,15660000.0,0.0,5.0,30165000.0,1.0,5.0,30165000.0,1.0,11600000.0,16.266515742283485,2007-04-01,1,1,0.057769816390506,0.380653828929691,0.4594715629198387,0.0497089117778772,1,1,2007,90,0.619478298494412,1
No business line,Internal fraud,People,Henan,2007-04,1,45000000.0,45000000.0,45000000.0,45000000.0,1,1.0,2007-04-01,1.0,11600000.0,1.0,1.0,3380000.0,0.0,1.0,5580000.0,0.0,1.0,14395000.0,1.0,0.0,0.0,0.0,3.0,20560000.0,1.0,6.0,41765000.0,2.0,6.0,41765000.0,2.0,45000000.0,17.622173069956816,2007-06-30,0,0,0.057769816390506,0.380653828929691,0.4594715629198387,0.0497089117778772,4,2,2007,90,0.2880289629310193,0
No business line,Internal fraud,People,Henan,2007-07,1,13900000.0,13900000.0,13900000.0,13900000.0,1,1.0,2007-07-01,1.0,45000000.0,1.0,1.0,11600000.0,1.0,1.0,3380000.0,0.0,1.0,110000.0,0.0,0.0,0.0,0.0,3.0,59980000.0,2.0,6.0,72370000.0,2.0,7.0,86765000.0,3.0,13900000.0,16.447399470043365,2007-09-29,0,0,0.057769816390506,0.380653828929691,0.4594715629198387,0.0497089117778772,7,3,2007,90,0.35804922997697003,1
No business line,Internal fraud,People,Hubei,2003-03,1,8040000.0,8040000.0,8040000.0,8040000.0,0,0.0,2003-03-01,0.0,0.0,0.0,0.0,0.0,0.0,0.0,0.0,0.0,0.0,0.0,0.0,0.0,0.0,0.0,0.0,0.0,0.0,0.0,0.0,0.0,0.0,0.0,0.0,8040000.0,15.89993976553325,2003-05-30,0,0,0.057769816390506,0.380653828929691,0.4594715629198387,0.0313479623824451,3,1,2003,90,0.05553620859677978,0
No business line,Internal fraud,People,Hubei,2006-11,1,2600000.0,2600000.0,2600000.0,2600000.0,0,1.0,2006-11-01,1.0,8040000.0,0.0,0.0,0.0,0.0,0.0,0.0,0.0,0.0,0.0,0.0,0.0,0.0,0.0,1.0,8040000.0,0.0,1.0,8040000.0,0.0,1.0,8040000.0,0.0,2600000.0,14.77102238760702,2007-01-30,0,0,0.057769816390506,0.380653828929691,0.4594715629198387,0.0313479623824451,11,4,2006,90,0.0395253445386848,0
No business line,Internal fraud,People,Hubei,2009-08,1,820000.0,820000.0,820000.0,820000.0,0,1.0,2009-08-01,1.0,2600000.0,0.0,1.0,8040000.0,0.0,0.0,0.0,0.0,0.0,0.0,0.0,0.0,0.0,0.0,2.0,10640000.0,0.0,2.0,10640000.0,0.0,2.0,10640000.0,0.0,820000.0,13.617060838751888,2009-10-30,0,0,0.057769816390506,0.380653828929691,0.4594715629198387,0.0313479623824451,8,3,2009,90,0.06713559524708874,0
No business line,Internal fraud,People,Hunan,2018-03,1,2649000.0,2649000.0,2649000.0,2649000.0,0,1.0,2018-03-01,0.0,0.0,0.0,0.0,0.0,0.0,0.0,0.0,0.0,0.0,0.0,0.0,0.0,0.0,0.0,0.0,0.0,0.0,0.0,0.0,0.0,0.0,0.0,0.0,2649000.0,14.78969314575508,2018-05-30,0,0,0.057769816390506,0.380653828929691,0.4594715629198387,0.0277653381101656,3,1,2018,90,0.03449104498284059,0
No business line,Internal fraud,People,Inner mongolia,1998-09,1,7900000.0,7900000.0,7900000.0,7900000.0,0,1.0,1998-09-01,0.0,0.0,0.0,0.0,0.0,0.0,0.0,0.0,0.0,0.0,0.0,0.0,0.0,0.0,0.0,0.0,0.0,0.0,0.0,0.0,0.0,0.0,0.0,0.0,7900000.0,15.88237344401952,1998-11-30,0,0,0.057769816390506,0.380653828929691,0.4594715629198387,0.0053739364084191,9,3,1998,90,0.05711078770144982,0
No business line,Internal fraud,People,Jiangsu,2001-08,1,1517800.0,1517800.0,1517800.0,1517800.0,0,0.0,2001-08-01,0.0,0.0,0.0,0.0,0.0,0.0,0.0,0.0,0.0,0.0,0.0,0.0,0.0,0.0,0.0,0.0,0.0,0.0,0.0,0.0,0.0,0.0,0.0,0.0,1517800.0,14.232773134800066,2001-10-30,0,0,0.057769816390506,0.380653828929691,0.4594715629198387,0.032243618450515,8,3,2001,90,0.04584845750915769,0
No business line,Internal fraud,People,Jiangsu,2002-08,1,2730000.0,2730000.0,2730000.0,2730000.0,0,1.0,2002-08-01,1.0,1517800.0,0.0,0.0,0.0,0.0,0.0,0.0,0.0,0.0,0.0,0.0,0.0,0.0,0.0,1.0,1517800.0,0.0,1.0,1517800.0,0.0,1.0,1517800.0,0.0,2730000.0,14.81981253346144,2002-10-30,0,0,0.057769816390506,0.380653828929691,0.4594715629198387,0.032243618450515,8,3,2002,90,0.024481824462467668,0
No business line,Internal fraud,People,Jiangsu,2003-09,1,462000.0,462000.0,462000.0,462000.0,0,1.0,2003-09-01,1.0,2730000.0,0.0,1.0,1517800.0,0.0,0.0,0.0,0.0,0.0,0.0,0.0,0.0,0.0,0.0,2.0,4247800.0,0.0,2.0,4247800.0,0.0,2.0,4247800.0,0.0,462000.0,13.043322334563696,2003-11-30,0,0,0.057769816390506,0.380653828929691,0.4594715629198387,0.032243618450515,9,3,2003,90,0.01639588003228821,0
No business line,Internal fraud,People,Jiangxi,1995-07,1,130603400.0,130603400.0,130603400.0,130603400.0,1,1.0,1995-07-01,0.0,0.0,0.0,0.0,0.0,0.0,0.0,0.0,0.0,0.0,0.0,0.0,0.0,0.0,0.0,0.0,0.0,0.0,0.0,0.0,0.0,0.0,0.0,0.0,130603400.0,18.68767581581516,1995-09-29,0,0,0.057769816390506,0.380653828929691,0.4594715629198387,0.0156739811912225,7,3,1995,90,0.10341962864380685,0
No business line,Internal fraud,People,Jilin,2001-04,1,1560000.0,1560000.0,1560000.0,1560000.0,0,1.0,2001-04-01,0.0,0.0,0.0,0.0,0.0,0.0,0.0,0.0,0.0,0.0,0.0,0.0,0.0,0.0,0.0,0.0,0.0,0.0,0.0,0.0,0.0,0.0,0.0,0.0,1560000.0,14.260197020251155,2001-06-30,0,0,0.057769816390506,0.380653828929691,0.4594715629198387,0.0197044334975369,4,2,2001,90,0.07183227786618121,0
No business line,Internal fraud,People,Jilin,2004-06,1,1400000.0,1400000.0,1400000.0,1400000.0,0,1.0,2004-06-01,1.0,1560000.0,0.0,0.0,0.0,0.0,0.0,0.0,0.0,0.0,0.0,0.0,0.0,0.0,0.0,1.0,1560000.0,0.0,1.0,1560000.0,0.0,1.0,1560000.0,0.0,1400000.0,14.151983508870948,2004-08-30,0,0,0.057769816390506,0.380653828929691,0.4594715629198387,0.0197044334975369,6,2,2004,90,0.04066481959292955,0
No business line,Internal fraud,People,"Jilin,Heilongjiang,Jiangsu,Shandong,Henan,Hunan,Sichuan,Yunnan",1988-12,1,25080000.0,25080000.0,25080000.0,25080000.0,1,7.0,1988-12-01,0.0,0.0,0.0,0.0,0.0,0.0,0.0,0.0,0.0,0.0,0.0,0.0,0.0,0.0,0.0,0.0,0.0,0.0,0.0,0.0,0.0,0.0,0.0,0.0,25080000.0,17.0375813136014,1989-03-01,0,0,0.057769816390506,0.380653828929691,0.4594715629198387,0.0004478280340349,12,4,1988,90,0.1223953440623223,0
No business line,Internal fraud,People,Liaoning,1996-09,1,1700000.0,1700000.0,1700000.0,1700000.0,0,1.0,1996-09-01,0.0,0.0,0.0,0.0,0.0,0.0,0.0,0.0,0.0,0.0,0.0,0.0,0.0,0.0,0.0,0.0,0.0,0.0,0.0,0.0,0.0,0.0,0.0,0.0,1700000.0,14.346139397261563,1996-11-30,0,0,0.057769816390506,0.380653828929691,0.4594715629198387,0.0291088222122704,9,3,1996,90,0.050329869586093846,0
No business line,Internal fraud,People,Liaoning,2004-03,1,3318000000.0,3318000000.0,3318000000.0,3318000000.0,1,1.0,2004-03-01,1.0,1700000.0,0.0,0.0,0.0,0.0,0.0,0.0,0.0,0.0,0.0,0.0,0.0,0.0,0.0,1.0,1700000.0,0.0,1.0,1700000.0,0.0,1.0,1700000.0,0.0,3318000000.0,21.92262802901605,2004-05-30,0,0,0.057769816390506,0.380653828929691,0.4594715629198387,0.0291088222122704,3,1,2004,90,0.06913516887957158,0
No business line,Internal fraud,People,Liaoning,2005-12,1,2410000.0,2410000.0,2410000.0,2410000.0,0,0.0,2005-12-01,1.0,3318000000.0,1.0,1.0,1700000.0,0.0,0.0,0.0,0.0,0.0,0.0,0.0,0.0,0.0,0.0,2.0,3319700000.0,1.0,2.0,3319700000.0,1.0,2.0,3319700000.0,1.0,2410000.0,14.69513772040451,2006-03-01,0,0,0.057769816390506,0.380653828929691,0.4594715629198387,0.0291088222122704,12,4,2005,90,0.2030328332545854,0
No business line,Internal fraud,People,Ningxia,1998-02,1,3710000.0,3710000.0,3710000.0,3710000.0,0,1.0,1998-02-01,0.0,0.0,0.0,0.0,0.0,0.0,0.0,0.0,0.0,0.0,0.0,0.0,0.0,0.0,0.0,0.0,0.0,0.0,0.0,0.0,0.0,0.0,0.0,0.0,3710000.0,15.12654270412536,1998-05-02,0,0,0.057769816390506,0.380653828929691,0.4594715629198387,0.0031347962382445,2,1,1998,90,0.060095621011409056,0
No business line,Internal fraud,People,Ningxia,2002-09,3,2214970.0,738323.3333333334,329799.99999999994,1720000.0,0,1.0,2002-09-01,1.0,3710000.0,0.0,0.0,0.0,0.0,0.0,0.0,0.0,0.0,0.0,0.0,0.0,0.0,0.0,1.0,3710000.0,0.0,1.0,3710000.0,0.0,1.0,3710000.0,0.0,738323.3333333334,14.610749868824875,2002-11-30,0,0,0.057769816390506,0.380653828929691,0.4594715629198387,0.0031347962382445,9,3,2002,90,0.052026948761211396,0
No business line,Internal fraud,People,Qinghai,1998-06,1,5300000.0,5300000.0,5300000.0,5300000.0,0,1.0,1998-06-01,0.0,0.0,0.0,0.0,0.0,0.0,0.0,0.0,0.0,0.0,0.0,0.0,0.0,0.0,0.0,0.0,0.0,0.0,0.0,0.0,0.0,0.0,0.0,0.0,5300000.0,15.483217567201578,1998-08-30,0,0,0.057769816390506,0.380653828929691,0.4594715629198387,0.0049261083743842,6,2,1998,90,0.06639107851628635,0
No business line,Internal fraud,People,Shaanxi,1995-11,1,2399000.0,2399000.0,2399000.0,2399000.0,0,1.0,1995-11-01,0.0,0.0,0.0,0.0,0.0,0.0,0.0,0.0,0.0,0.0,0.0,0.0,0.0,0.0,0.0,0.0,0.0,0.0,0.0,0.0,0.0,0.0,0.0,0.0,2399000.0,14.690562958662095,1996-01-30,0,0,0.057769816390506,0.380653828929691,0.4594715629198387,0.0237348858038513,11,4,1995,90,0.07686865200681238,0
No business line,Internal fraud,People,Shaanxi,1997-03,1,11760000.0,11760000.0,11760000.0,11760000.0,1,1.0,1997-03-01,1.0,2399000.0,0.0,0.0,0.0,0.0,0.0,0.0,0.0,0.0,0.0,0.0,0.0,0.0,0.0,1.0,2399000.0,0.0,1.0,2399000.0,0.0,1.0,2399000.0,0.0,11760000.0,16.280214585468766,1997-05-30,0,0,0.057769816390506,0.380653828929691,0.4594715629198387,0.0237348858038513,3,1,1997,90,0.05054413296925028,0
No business line,Internal fraud,People,Shaanxi,1997-11,1,14670000.0,14670000.0,14670000.0,14670000.0,1,1.0,1997-11-01,1.0,11760000.0,1.0,1.0,2399000.0,0.0,0.0,0.0,0.0,0.0,0.0,0.0,0.0,0.0,0.0,2.0,14159000.0,1.0,2.0,14159000.0,1.0,2.0,14159000.0,1.0,14670000.0,16.501315218285487,1998-01-30,0,0,0.057769816390506,0.380653828929691,0.4594715629198387,0.0237348858038513,11,4,1997,90,0.08728719794862791,0
No business line,Internal fraud,People,Shaanxi,1999-05,1,7590000.0,7590000.0,7590000.0,7590000.0,0,1.0,1999-05-01,1.0,14670000.0,1.0,1.0,11760000.0,1.0,1.0,2399000.0,0.0,0.0,0.0,0.0,0.0,0.0,0.0,3.0,28829000.0,2.0,3.0,28829000.0,2.0,3.0,28829000.0,2.0,7590000.0,15.84234228112411,1999-07-30,0,0,0.057769816390506,0.380653828929691,0.4594715629198387,0.0237348858038513,5,2,1999,90,0.1821614065688354,0
No business line,Internal fraud,People,Shaanxi,2001-12,1,1000000.0,1000000.0,1000000.0,1000000.0,0,1.0,2001-12-01,1.0,7590000.0,0.0,1.0,14670000.0,1.0,1.0,11760000.0,1.0,0.0,0.0,0.0,0.0,0.0,0.0,3.0,34020000.0,2.0,4.0,36419000.0,2.0,4.0,36419000.0,2.0,1000000.0,13.815511557963774,2002-03-01,0,0,0.057769816390506,0.380653828929691,0.4594715629198387,0.0237348858038513,12,4,2001,90,0.13223419787843516,0
No business line,Internal fraud,People,Shaanxi,2007-04,1,6100000.0,6100000.0,6100000.0,6100000.0,0,1.0,2007-04-01,1.0,1000000.0,0.0,1.0,7590000.0,0.0,1.0,14670000.0,1.0,0.0,0.0,0.0,0.0,0.0,0.0,3.0,23260000.0,1.0,5.0,37419000.0,2.0,5.0,37419000.0,2.0,6100000.0,15.623799493077952,2007-06-30,0,0,0.057769816390506,0.380653828929691,0.4594715629198387,0.0237348858038513,4,2,2007,90,0.23058825112719286,0
No business line,Internal fraud,People,Shaanxi,2007-12,1,46000000.0,46000000.0,46000000.0,46000000.0,1,1.0,2007-12-01,1.0,6100000.0,0.0,1.0,1000000.0,0.0,1.0,7590000.0,0.0,1.0,2399000.0,0.0,0.0,0.0,0.0,3.0,14690000.0,0.0,6.0,43519000.0,2.0,6.0,43519000.0,2.0,46000000.0,17.6441519761925,2008-02-29,0,0,0.057769816390506,0.380653828929691,0.4594715629198387,0.0237348858038513,12,4,2007,90,0.24360914084015514,0
No business line,Internal fraud,People,Shandong,2002-12,1,47000000.0,47000000.0,47000000.0,47000000.0,1,1.0,2002-12-01,0.0,0.0,0.0,0.0,0.0,0.0,0.0,0.0,0.0,0.0,0.0,0.0,0.0,0.0,0.0,0.0,0.0,0.0,0.0,0.0,0.0,0.0,0.0,0.0,47000000.0,17.665658180950928,2003-03-01,0,0,0.057769816390506,0.380653828929691,0.4594715629198387,0.0501567398119122,12,4,2002,90,0.11271553271085302,0
No business line,Internal fraud,People,Shandong,2003-08,1,9030000.0,9030000.0,9030000.0,9030000.0,0,1.0,2003-08-01,1.0,47000000.0,1.0,0.0,0.0,0.0,0.0,0.0,0.0,0.0,0.0,0.0,0.0,0.0,0.0,1.0,47000000.0,1.0,1.0,47000000.0,1.0,1.0,47000000.0,1.0,9030000.0,16.016063036135133,2003-10-30,0,0,0.057769816390506,0.380653828929691,0.4594715629198387,0.0501567398119122,8,3,2003,90,0.11862227519501663,0
No business line,Internal fraud,People,Shandong,2005-08,1,3000000.0,3000000.0,3000000.0,3000000.0,0,1.0,2005-08-01,1.0,9030000.0,0.0,1.0,47000000.0,1.0,0.0,0.0,0.0,0.0,0.0,0.0,0.0,0.0,0.0,2.0,56030000.0,1.0,2.0,56030000.0,1.0,2.0,56030000.0,1.0,3000000.0,14.914123179965662,2005-10-30,0,0,0.057769816390506,0.380653828929691,0.4594715629198387,0.0501567398119122,8,3,2005,90,0.2678495240048359,0
No business line,Internal fraud,People,Shandong,2006-02,1,56700000.0,56700000.0,56700000.0,56700000.0,1,1.0,2006-02-01,1.0,3000000.0,0.0,1.0,9030000.0,0.0,1.0,47000000.0,1.0,0.0,0.0,0.0,0.0,0.0,0.0,3.0,59030000.0,1.0,3.0,59030000.0,1.0,3.0,59030000.0,1.0,56700000.0,17.853284786334665,2006-05-02,0,0,0.057769816390506,0.380653828929691,0.4594715629198387,0.0501567398119122,2,1,2006,90,0.3086623808880034,0
No business line,Internal fraud,People,Shanghai,1999-04,1,13329000.0,13329000.0,13329000.0,13329000.0,1,1.0,1999-04-01,0.0,0.0,0.0,0.0,0.0,0.0,0.0,0.0,0.0,0.0,0.0,0.0,0.0,0.0,0.0,0.0,0.0,0.0,0.0,0.0,0.0,0.0,0.0,0.0,13329000.0,16.405452745610535,1999-06-30,0,0,0.057769816390506,0.380653828929691,0.4594715629198387,0.0452306314375279,4,2,1999,90,0.06720680500087788,0
No business line,Internal fraud,People,Shanghai,2000-04,1,106000000.0,106000000.0,106000000.0,106000000.0,1,1.0,2000-04-01,1.0,13329000.0,1.0,0.0,0.0,0.0,0.0,0.0,0.0,0.0,0.0,0.0,0.0,0.0,0.0,1.0,13329000.0,1.0,1.0,13329000.0,1.0,1.0,13329000.0,1.0,106000000.0,18.478949661510303,2000-06-30,0,0,0.057769816390506,0.380653828929691,0.4594715629198387,0.0452306314375279,4,2,2000,90,0.10488911155846563,0
No business line,Internal fraud,People,Shanghai,2004-04,1,110200000.0,110200000.0,110200000.0,110200000.0,1,1.0,2004-04-01,1.0,106000000.0,1.0,1.0,13329000.0,1.0,0.0,0.0,0.0,0.0,0.0,0.0,0.0,0.0,0.0,2.0,119329000.0,2.0,2.0,119329000.0,2.0,2.0,119329000.0,2.0,110200000.0,18.5178074637575,2004-06-30,0,0,0.057769816390506,0.380653828929691,0.4594715629198387,0.0452306314375279,4,2,2004,90,0.3340581449819505,1
No business line,Internal fraud,People,Shanxi,2000-10,1,5000000.0,5000000.0,5000000.0,5000000.0,0,1.0,2000-10-01,0.0,0.0,0.0,0.0,0.0,0.0,0.0,0.0,0.0,0.0,0.0,0.0,0.0,0.0,0.0,0.0,0.0,0.0,0.0,0.0,0.0,0.0,0.0,0.0,5000000.0,15.424948670398354,2000-12-30,0,0,0.057769816390506,0.380653828929691,0.4594715629198387,0.0214957456336766,10,4,2000,90,0.06621246155473236,0
No business line,Internal fraud,People,Sichuan,1997-04,1,2000000.0,2000000.0,2000000.0,2000000.0,0,1.0,1997-04-01,0.0,0.0,0.0,0.0,0.0,0.0,0.0,0.0,0.0,0.0,0.0,0.0,0.0,0.0,0.0,0.0,0.0,0.0,0.0,0.0,0.0,0.0,0.0,0.0,2000000.0,14.508658238524095,1997-06-30,0,0,0.057769816390506,0.380653828929691,0.4594715629198387,0.0273175100761307,4,2,1997,90,0.05900986577296178,0
No business line,Internal fraud,People,Sichuan,1998-02,1,30650000.0,30650000.0,30650000.0,30650000.0,1,1.0,1998-02-01,1.0,2000000.0,0.0,0.0,0.0,0.0,0.0,0.0,0.0,0.0,0.0,0.0,0.0,0.0,0.0,1.0,2000000.0,0.0,1.0,2000000.0,0.0,1.0,2000000.0,0.0,30650000.0,17.23814325297292,1998-05-02,0,0,0.057769816390506,0.380653828929691,0.4594715629198387,0.0273175100761307,2,1,1998,90,0.06826799407460814,0
No business line,Internal fraud,People,Sichuan,1998-12,1,4130000.0,4130000.0,4130000.0,4130000.0,0,1.0,1998-12-01,1.0,30650000.0,1.0,1.0,2000000.0,0.0,0.0,0.0,0.0,0.0,0.0,0.0,0.0,0.0,0.0,2.0,32650000.0,1.0,2.0,32650000.0,1.0,2.0,32650000.0,1.0,4130000.0,15.233788207067937,1999-03-01,0,0,0.057769816390506,0.380653828929691,0.4594715629198387,0.0273175100761307,12,4,1998,90,0.1378800000887032,0
No business line,Internal fraud,People,Sichuan,2000-10,1,116000.0,116000.0,116000.0,116000.0,0,1.0,2000-10-01,1.0,4130000.0,0.0,1.0,30650000.0,1.0,1.0,2000000.0,0.0,0.0,0.0,0.0,0.0,0.0,0.0,3.0,36780000.0,1.0,3.0,36780000.0,1.0,3.0,36780000.0,1.0,116000.0,11.661354090741,2000-12-30,0,0,0.057769816390506,0.380653828929691,0.4594715629198387,0.0273175100761307,10,4,2000,90,0.040840173090127774,0
No business line,Internal fraud,People,Sichuan,2002-05,1,7093000.0,7093000.0,7093000.0,7093000.0,0,1.0,2002-05-01,1.0,116000.0,0.0,1.0,4130000.0,0.0,1.0,30650000.0,1.0,0.0,0.0,0.0,0.0,0.0,0.0,3.0,34896000.0,1.0,4.0,36896000.0,1.0,4.0,36896000.0,1.0,7093000.0,15.774619081168282,2002-07-30,0,0,0.057769816390506,0.380653828929691,0.4594715629198387,0.0273175100761307,5,2,2002,90,0.1801189863642321,0
No business line,Internal fraud,People,Sichuan,2014-05,1,1370000.0,1370000.0,1370000.0,1370000.0,0,1.0,2014-05-01,1.0,7093000.0,0.0,1.0,116000.0,0.0,1.0,4130000.0,0.0,0.0,0.0,0.0,0.0,0.0,0.0,3.0,11339000.0,0.0,5.0,43989000.0,1.0,5.0,43989000.0,1.0,1370000.0,14.130322027731047,2014-07-30,0,0,0.057769816390506,0.380653828929691,0.4594715629198387,0.0273175100761307,5,2,2014,90,0.3170873156621262,0
No business line,Internal fraud,People,Tianjin,2000-04,1,340000.0,340000.0,340000.0,340000.0,0,1.0,2000-04-01,0.0,0.0,0.0,0.0,0.0,0.0,0.0,0.0,0.0,0.0,0.0,0.0,0.0,0.0,0.0,0.0,0.0,0.0,0.0,0.0,0.0,0.0,0.0,0.0,340000.0,12.73670383776449,2000-06-30,0,0,0.057769816390506,0.380653828929691,0.4594715629198387,0.0116435288849081,4,2,2000,90,0.09911593560680212,0
No business line,Internal fraud,People,"Tibet,Gansu",2020-12,1,5000000.0,5000000.0,5000000.0,5000000.0,0,1.0,2020-12-01,0.0,0.0,0.0,0.0,0.0,0.0,0.0,0.0,0.0,0.0,0.0,0.0,0.0,0.0,0.0,0.0,0.0,0.0,0.0,0.0,0.0,0.0,0.0,0.0,5000000.0,15.424948670398354,2021-03-01,0,0,0.057769816390506,0.380653828929691,0.4594715629198387,0.0004478280340349,12,4,2020,90,0.062478594832860716,0
No business line,Internal fraud,People,Xinjiang,2003-01,1,196205000.0,196205000.0,196205000.0,196205000.0,1,1.0,2003-01-01,0.0,0.0,0.0,0.0,0.0,0.0,0.0,0.0,0.0,0.0,0.0,0.0,0.0,0.0,0.0,0.0,0.0,0.0,0.0,0.0,0.0,0.0,0.0,0.0,196205000.0,19.094670594067328,2003-04-01,0,0,0.057769816390506,0.380653828929691,0.4594715629198387,0.005821764442454,1,1,2003,90,0.0923408313405427,0
No business line,Internal fraud,People,Yunnan,2001-07,1,1477600.0,1477600.0,1477600.0,1477600.0,0,1.0,2001-07-01,0.0,0.0,0.0,0.0,0.0,0.0,0.0,0.0,0.0,0.0,0.0,0.0,0.0,0.0,0.0,0.0,0.0,0.0,0.0,0.0,0.0,0.0,0.0,0.0,1477600.0,14.205930384640084,2001-09-29,0,0,0.057769816390506,0.380653828929691,0.4594715629198387,0.0134348410210479,7,3,2001,90,0.03951565565912836,0
No business line,Internal fraud,People,Yunnan,2001-12,1,2920000.0,2920000.0,2920000.0,2920000.0,0,1.0,2001-12-01,1.0,1477600.0,0.0,0.0,0.0,0.0,0.0,0.0,0.0,0.0,0.0,0.0,0.0,0.0,0.0,1.0,1477600.0,0.0,1.0,1477600.0,0.0,1.0,1477600.0,0.0,2920000.0,14.887094516710158,2002-03-01,0,0,0.057769816390506,0.380653828929691,0.4594715629198387,0.0134348410210479,12,4,2001,90,0.0400965299854587,0
No business line,Internal fraud,People,Yunnan,2007-11,1,1300000.0,1300000.0,1300000.0,1300000.0,0,1.0,2007-11-01,1.0,2920000.0,0.0,1.0,1477600.0,0.0,0.0,0.0,0.0,0.0,0.0,0.0,0.0,0.0,0.0,2.0,4397600.0,0.0,2.0,4397600.0,0.0,2.0,4397600.0,0.0,1300000.0,14.077875591662238,2008-01-30,0,0,0.057769816390506,0.380653828929691,0.4594715629198387,0.0134348410210479,11,4,2007,90,0.08938846395667549,0
No business line,Internal fraud,People,Yunnan,2008-03,1,5000000.0,5000000.0,5000000.0,5000000.0,0,1.0,2008-03-01,1.0,1300000.0,0.0,1.0,2920000.0,0.0,1.0,1477600.0,0.0,0.0,0.0,0.0,0.0,0.0,0.0,3.0,5697600.0,0.0,3.0,5697600.0,0.0,3.0,5697600.0,0.0,5000000.0,15.424948670398354,2008-05-30,0,0,0.057769816390506,0.380653828929691,0.4594715629198387,0.0134348410210479,3,1,2008,90,0.16921871511978387,0
No business line,Internal fraud,People,Zhejiang,1996-12,1,29000000.0,29000000.0,29000000.0,29000000.0,1,1.0,1996-12-01,0.0,0.0,0.0,0.0,0.0,0.0,0.0,0.0,0.0,0.0,0.0,0.0,0.0,0.0,0.0,0.0,0.0,0.0,0.0,0.0,0.0,0.0,0.0,0.0,29000000.0,17.182806422433504,1997-03-01,0,0,0.057769816390506,0.380653828929691,0.4594715629198387,0.0523958799820868,12,4,1996,90,0.18069140887311017,0
No business line,Internal fraud,People,Zhejiang,2001-05,1,626900.0,626900.0,626900.0,626900.0,0,0.0,2001-05-01,1.0,29000000.0,1.0,0.0,0.0,0.0,0.0,0.0,0.0,0.0,0.0,0.0,0.0,0.0,0.0,1.0,29000000.0,1.0,1.0,29000000.0,1.0,1.0,29000000.0,1.0,626900.0,13.348543912411529,2001-07-30,0,0,0.057769816390506,0.380653828929691,0.4594715629198387,0.0523958799820868,5,2,2001,90,0.035164235731955346,0
No business line,Internal fraud,People,Zhejiang,2019-08,1,300000.0,300000.0,300000.0,300000.0,0,1.0,2019-08-01,1.0,626900.0,0.0,1.0,29000000.0,1.0,0.0,0.0,0.0,0.0,0.0,0.0,0.0,0.0,0.0,2.0,29626900.0,1.0,2.0,29626900.0,1.0,2.0,29626900.0,1.0,300000.0,12.611541086966117,2019-10-30,0,0,0.057769816390506,0.380653828929691,0.4594715629198387,0.0523958799820868,8,3,2019,90,0.032793189040194494,0
No business line,Internal fraud,Process,Beijing,2019-09,1,400000.0,400000.0,400000.0,400000.0,0,2.0,2019-09-01,0.0,0.0,0.0,0.0,0.0,0.0,0.0,0.0,0.0,0.0,0.0,0.0,0.0,0.0,0.0,0.0,0.0,0.0,0.0,0.0,0.0,0.0,0.0,0.0,400000.0,12.899222326086994,2019-11-30,0,0,0.057769816390506,0.380653828929691,0.2001791312136139,0.0940438871473354,9,3,2019,90,0.02387928486034056,0
Payment and settlement,Business disruption and system failures,System,Guangxi,2011-01,1,8000.0,8000.0,8000.0,8000.0,0,4.0,2011-01-01,0.0,0.0,0.0,0.0,0.0,0.0,0.0,0.0,0.0,0.0,0.0,0.0,0.0,0.0,0.0,0.0,0.0,0.0,0.0,0.0,0.0,0.0,0.0,0.0,8000.0,8.987321812850125,2011-04-01,0,0,0.1061352440662785,0.0094043887147335,0.0174652933273622,0.0143304970891177,1,1,2011,90,0.06123598761492364,0
Payment and settlement,"Clients, products & business practices",External event,"Beijing,Inner mongolia,Jilin,Zhejiang,Anhui,Jiangxi,Shandong,Guizhou,Inner mongolia",2015-06,1,840000000.0,840000000.0,840000000.0,840000000.0,1,11.0,2015-06-01,0.0,0.0,0.0,0.0,0.0,0.0,0.0,0.0,0.0,0.0,0.0,0.0,0.0,0.0,0.0,0.0,0.0,0.0,0.0,0.0,0.0,0.0,0.0,0.0,840000000.0,20.54891245099211,2015-08-30,0,0,0.1061352440662785,0.1424093148231079,0.322884012539185,0.0004478280340349,6,2,2015,90,0.02863182577998111,0
Payment and settlement,"Clients, products & business practices",External event,Guangdong,2003-05,1,59000.0,59000.0,59000.0,59000.0,0,0.0,2003-05-01,0.0,0.0,0.0,0.0,0.0,0.0,0.0,0.0,0.0,0.0,0.0,0.0,0.0,0.0,0.0,0.0,0.0,0.0,0.0,0.0,0.0,0.0,0.0,0.0,59000.0,10.985309671896765,2003-07-30,0,0,0.1061352440662785,0.1424093148231079,0.322884012539185,0.044782803403493,5,2,2003,90,0.12146198926439077,0
Payment and settlement,"Clients, products & business practices",External event,"Hebei,Liaoning,Jiangsu",2011-12,1,80000000.0,80000000.0,80000000.0,80000000.0,1,1.0,2011-12-01,0.0,0.0,0.0,0.0,0.0,0.0,0.0,0.0,0.0,0.0,0.0,0.0,0.0,0.0,0.0,0.0,0.0,0.0,0.0,0.0,0.0,0.0,0.0,0.0,80000000.0,18.197537205138158,2012-02-29,0,0,0.1061352440662785,0.1424093148231079,0.322884012539185,0.0004478280340349,12,4,2011,90,0.031167428016487597,0
Payment and settlement,"Clients, products & business practices",External event,Jiangsu,2017-07,1,400000.0,400000.0,400000.0,400000.0,0,1.0,2017-07-01,0.0,0.0,0.0,0.0,0.0,0.0,0.0,0.0,0.0,0.0,0.0,0.0,0.0,0.0,0.0,0.0,0.0,0.0,0.0,0.0,0.0,0.0,0.0,0.0,400000.0,12.899222326086994,2017-09-29,0,0,0.1061352440662785,0.1424093148231079,0.322884012539185,0.032243618450515,7,3,2017,90,0.018055561627856466,0
Payment and settlement,"Clients, products & business practices",External event,Shanghai,2019-02,1,751000000.0,751000000.0,751000000.0,751000000.0,1,2.0,2019-02-01,0.0,0.0,0.0,0.0,0.0,0.0,0.0,0.0,0.0,0.0,0.0,0.0,0.0,0.0,0.0,0.0,0.0,0.0,0.0,0.0,0.0,0.0,0.0,0.0,751000000.0,20.43691621105997,2019-05-02,0,0,0.1061352440662785,0.1424093148231079,0.322884012539185,0.0452306314375279,2,1,2019,90,0.03756287494698015,0
Payment and settlement,"Clients, products & business practices",External event,"Shanghai,Hunan",2013-10,1,49000000.0,49000000.0,49000000.0,49000000.0,1,2.0,2013-10-01,0.0,0.0,0.0,0.0,0.0,0.0,0.0,0.0,0.0,0.0,0.0,0.0,0.0,0.0,0.0,0.0,0.0,0.0,0.0,0.0,0.0,0.0,0.0,0.0,49000000.0,17.707330876483063,2013-12-30,0,0,0.1061352440662785,0.1424093148231079,0.322884012539185,0.0008956560680698,10,4,2013,90,0.03284699655934043,0
Payment and settlement,"Clients, products & business practices",External event,"Tianjin,Shanghai",2015-08,1,928000000.0,928000000.0,928000000.0,928000000.0,1,13.0,2015-08-01,0.0,0.0,0.0,0.0,0.0,0.0,0.0,0.0,0.0,0.0,0.0,0.0,0.0,0.0,0.0,0.0,0.0,0.0,0.0,0.0,0.0,0.0,0.0,0.0,928000000.0,20.64854229182806,2015-10-30,0,0,0.1061352440662785,0.1424093148231079,0.322884012539185,0.0008956560680698,8,3,2015,90,0.032930077062513385,0
Payment and settlement,"Clients, products & business practices",People,Beijing,2017-11,1,1000000.0,1000000.0,1000000.0,1000000.0,0,1.0,2017-11-01,0.0,0.0,0.0,0.0,0.0,0.0,0.0,0.0,0.0,0.0,0.0,0.0,0.0,0.0,0.0,0.0,0.0,0.0,0.0,0.0,0.0,0.0,0.0,0.0,1000000.0,13.815511557963774,2018-01-30,0,0,0.1061352440662785,0.1424093148231079,0.4594715629198387,0.0940438871473354,11,4,2017,90,0.0476847746808322,0
Payment and settlement,"Clients, products & business practices",People,Beijing,2018-10,1,250000.0,250000.0,250000.0,250000.0,0,1.0,2018-10-01,1.0,1000000.0,0.0,0.0,0.0,0.0,0.0,0.0,0.0,0.0,0.0,0.0,0.0,0.0,0.0,1.0,1000000.0,0.0,1.0,1000000.0,0.0,1.0,1000000.0,0.0,250000.0,12.429220196836384,2018-12-30,0,0,0.1061352440662785,0.1424093148231079,0.4594715629198387,0.0940438871473354,10,4,2018,90,0.0035140352922439816,0
Payment and settlement,"Clients, products & business practices",People,Beijing,2019-04,1,7398000.0,7398000.0,7398000.0,7398000.0,0,1.0,2019-04-01,1.0,250000.0,0.0,1.0,1000000.0,0.0,0.0,0.0,0.0,0.0,0.0,0.0,0.0,0.0,0.0,2.0,1250000.0,0.0,2.0,1250000.0,0.0,2.0,1250000.0,0.0,7398000.0,15.816720386546196,2019-06-30,0,0,0.1061352440662785,0.1424093148231079,0.4594715629198387,0.0940438871473354,4,2,2019,90,0.13681818725455558,0
Payment and settlement,"Clients, products & business practices",People,"Beijing,Guangxi",2017-03,1,200000.0,200000.0,200000.0,200000.0,0,5.0,2017-03-01,0.0,0.0,0.0,0.0,0.0,0.0,0.0,0.0,0.0,0.0,0.0,0.0,0.0,0.0,0.0,0.0,0.0,0.0,0.0,0.0,0.0,0.0,0.0,0.0,200000.0,12.206077645517674,2017-05-30,0,0,0.1061352440662785,0.1424093148231079,0.4594715629198387,0.0022391401701746,3,1,2017,90,0.01646937622656192,0
Payment and settlement,"Clients, products & business practices",People,"Beijing,Guizhou",2019-10,1,80000.0,80000.0,80000.0,80000.0,0,2.0,2019-10-01,0.0,0.0,0.0,0.0,0.0,0.0,0.0,0.0,0.0,0.0,0.0,0.0,0.0,0.0,0.0,0.0,0.0,0.0,0.0,0.0,0.0,0.0,0.0,0.0,80000.0,11.289794413577894,2019-12-30,0,0,0.1061352440662785,0.1424093148231079,0.4594715629198387,0.0017913121361397,10,4,2019,90,0.045050756815995685,0
Payment and settlement,"Clients, products & business practices",People,"Beijing,Henan",2018-08,1,500000.0,500000.0,500000.0,500000.0,0,0.0,2018-08-01,0.0,0.0,0.0,0.0,0.0,0.0,0.0,0.0,0.0,0.0,0.0,0.0,0.0,0.0,0.0,0.0,0.0,0.0,0.0,0.0,0.0,0.0,0.0,0.0,500000.0,13.122365377402328,2018-10-30,0,0,0.1061352440662785,0.1424093148231079,0.4594715629198387,0.0053739364084191,8,3,2018,90,0.032792706166075054,0
Payment and settlement,"Clients, products & business practices",People,"Beijing,Henan",2018-12,1,500000.0,500000.0,500000.0,500000.0,0,2.0,2018-12-01,1.0,500000.0,0.0,0.0,0.0,0.0,0.0,0.0,0.0,0.0,0.0,0.0,0.0,0.0,0.0,1.0,500000.0,0.0,1.0,500000.0,0.0,1.0,500000.0,0.0,500000.0,13.122365377402328,2019-03-01,0,0,0.1061352440662785,0.1424093148231079,0.4594715629198387,0.0053739364084191,12,4,2018,90,0.0116821633433906,0
Payment and settlement,"Clients, products & business practices",People,"Beijing,Jilin,Shanghai,Anhui,Jiangxi,Guangxi,Xinjiang",2016-04,1,310000000.0,310000000.0,310000000.0,310000000.0,1,12.0,2016-04-01,0.0,0.0,0.0,0.0,0.0,0.0,0.0,0.0,0.0,0.0,0.0,0.0,0.0,0.0,0.0,0.0,0.0,0.0,0.0,0.0,0.0,0.0,0.0,0.0,310000000.0,19.552082858669277,2016-06-30,0,0,0.1061352440662785,0.1424093148231079,0.4594715629198387,0.0004478280340349,4,2,2016,90,0.05381856922151137,0
Payment and settlement,"Clients, products & business practices",People,Chongqing,2017-06,1,500000.0,500000.0,500000.0,500000.0,0,2.0,2017-06-01,0.0,0.0,0.0,0.0,0.0,0.0,0.0,0.0,0.0,0.0,0.0,0.0,0.0,0.0,0.0,0.0,0.0,0.0,0.0,0.0,0.0,0.0,0.0,0.0,500000.0,13.122365377402328,2017-08-30,0,1,0.1061352440662785,0.1424093148231079,0.4594715629198387,0.0232870577698163,6,2,2017,90,0.011434684235830142,0
Payment and settlement,"Clients, products & business practices",People,Chongqing,2017-07,1,200000.0,200000.0,200000.0,200000.0,0,1.0,2017-07-01,1.0,500000.0,0.0,0.0,0.0,0.0,0.0,0.0,0.0,0.0,0.0,0.0,0.0,0.0,0.0,1.0,500000.0,0.0,1.0,500000.0,0.0,1.0,500000.0,0.0,200000.0,12.206077645517674,2017-09-29,0,0,0.1061352440662785,0.1424093148231079,0.4594715629198387,0.0232870577698163,7,3,2017,90,0.00151266886432681,0
Payment and settlement,"Clients, products & business practices",People,Guizhou,2017-08,1,200000.0,200000.0,200000.0,200000.0,0,1.0,2017-08-01,0.0,0.0,0.0,0.0,0.0,0.0,0.0,0.0,0.0,0.0,0.0,0.0,0.0,0.0,0.0,0.0,0.0,0.0,0.0,0.0,0.0,0.0,0.0,0.0,200000.0,12.206077645517674,2017-10-30,0,0,0.1061352440662785,0.1424093148231079,0.4594715629198387,0.0107478728168383,8,3,2017,90,0.020998609818907246,0
Payment and settlement,"Clients, products & business practices",People,Henan,2018-03,1,500000.0,500000.0,500000.0,500000.0,0,1.0,2018-03-01,0.0,0.0,0.0,0.0,0.0,0.0,0.0,0.0,0.0,0.0,0.0,0.0,0.0,0.0,0.0,0.0,0.0,0.0,0.0,0.0,0.0,0.0,0.0,0.0,500000.0,13.122365377402328,2018-05-30,0,0,0.1061352440662785,0.1424093148231079,0.4594715629198387,0.0497089117778772,3,1,2018,90,0.012141289458564398,0
Payment and settlement,"Clients, products & business practices",People,Henan,2018-12,2,700000.0,350000.0,350000.0,500000.0,0,2.0,2018-12-01,1.0,500000.0,0.0,0.0,0.0,0.0,0.0,0.0,0.0,0.0,0.0,0.0,0.0,0.0,0.0,1.0,500000.0,0.0,1.0,500000.0,0.0,1.0,500000.0,0.0,350000.0,13.45883704259595,2019-03-01,0,0,0.1061352440662785,0.1424093148231079,0.4594715629198387,0.0497089117778772,12,4,2018,90,0.006583148971019825,0
Payment and settlement,"Clients, products & business practices",People,Hubei,2017-12,1,200000.0,200000.0,200000.0,200000.0,0,1.0,2017-12-01,0.0,0.0,0.0,0.0,0.0,0.0,0.0,0.0,0.0,0.0,0.0,0.0,0.0,0.0,0.0,0.0,0.0,0.0,0.0,0.0,0.0,0.0,0.0,0.0,200000.0,12.206077645517674,2018-03-01,0,0,0.1061352440662785,0.1424093148231079,0.4594715629198387,0.0313479623824451,12,4,2017,90,0.031137685691332944,0
Payment and settlement,"Clients, products & business practices",People,Jiangsu,2018-12,1,810815.0,810815.0,810815.0,810815.0,0,1.0,2018-12-01,0.0,0.0,0.0,0.0,0.0,0.0,0.0,0.0,0.0,0.0,0.0,0.0,0.0,0.0,0.0,0.0,0.0,0.0,0.0,0.0,0.0,0.0,0.0,0.0,810815.0,13.605796426961724,2019-03-01,0,0,0.1061352440662785,0.1424093148231079,0.4594715629198387,0.032243618450515,12,4,2018,90,0.02071273501254006,0
Payment and settlement,"Clients, products & business practices",People,Jiangxi,2017-09,1,200000.0,200000.0,200000.0,200000.0,0,1.0,2017-09-01,0.0,0.0,0.0,0.0,0.0,0.0,0.0,0.0,0.0,0.0,0.0,0.0,0.0,0.0,0.0,0.0,0.0,0.0,0.0,0.0,0.0,0.0,0.0,0.0,200000.0,12.206077645517674,2017-11-30,0,0,0.1061352440662785,0.1424093148231079,0.4594715629198387,0.0156739811912225,9,3,2017,90,0.018854221564760607,0
Payment and settlement,"Clients, products & business practices",People,Shandong,2017-08,2,900000.0,450000.0,450000.0,450000.0,0,1.0,2017-08-01,0.0,0.0,0.0,0.0,0.0,0.0,0.0,0.0,0.0,0.0,0.0,0.0,0.0,0.0,0.0,0.0,0.0,0.0,0.0,0.0,0.0,0.0,0.0,0.0,450000.0,13.71015115341694,2017-10-30,0,0,0.1061352440662785,0.1424093148231079,0.4594715629198387,0.0501567398119122,8,3,2017,90,0.012141289458564398,0
Payment and settlement,"Clients, products & business practices",People,Shandong,2019-03,1,200000.0,200000.0,200000.0,200000.0,0,1.0,2019-03-01,2.0,900000.0,0.0,0.0,0.0,0.0,0.0,0.0,0.0,0.0,0.0,0.0,0.0,0.0,0.0,2.0,900000.0,0.0,2.0,900000.0,0.0,2.0,900000.0,0.0,200000.0,12.206077645517674,2019-05-30,0,0,0.1061352440662785,0.1424093148231079,0.4594715629198387,0.0501567398119122,3,1,2019,90,0.006921288564282265,0
Payment and settlement,"Clients, products & business practices",People,Shanghai,2017-12,1,500000.0,500000.0,500000.0,500000.0,0,1.0,2017-12-01,0.0,0.0,0.0,0.0,0.0,0.0,0.0,0.0,0.0,0.0,0.0,0.0,0.0,0.0,0.0,0.0,0.0,0.0,0.0,0.0,0.0,0.0,0.0,0.0,500000.0,13.122365377402328,2018-03-01,0,0,0.1061352440662785,0.1424093148231079,0.4594715629198387,0.0452306314375279,12,4,2017,90,0.02984120708025097,0
Payment and settlement,"Clients, products & business practices",People,Sichuan,2014-07,1,250000.0,250000.0,250000.0,250000.0,0,1.0,2014-07-01,0.0,0.0,0.0,0.0,0.0,0.0,0.0,0.0,0.0,0.0,0.0,0.0,0.0,0.0,0.0,0.0,0.0,0.0,0.0,0.0,0.0,0.0,0.0,0.0,250000.0,12.429220196836384,2014-09-29,0,0,0.1061352440662785,0.1424093148231079,0.4594715629198387,0.0273175100761307,7,3,2014,90,0.01830855133937508,0
Payment and settlement,"Clients, products & business practices",People,Zhejiang,2019-01,1,6100000.0,6100000.0,6100000.0,6100000.0,0,1.0,2019-01-01,0.0,0.0,0.0,0.0,0.0,0.0,0.0,0.0,0.0,0.0,0.0,0.0,0.0,0.0,0.0,0.0,0.0,0.0,0.0,0.0,0.0,0.0,0.0,0.0,6100000.0,15.623799493077952,2019-04-01,0,0,0.1061352440662785,0.1424093148231079,0.4594715629198387,0.0523958799820868,1,1,2019,90,0.031035507153715423,0
Payment and settlement,"Clients, products & business practices",Process,Beijing,2015-12,1,5000000.0,5000000.0,5000000.0,5000000.0,0,1.0,2015-12-01,0.0,0.0,0.0,0.0,0.0,0.0,0.0,0.0,0.0,0.0,0.0,0.0,0.0,0.0,0.0,0.0,0.0,0.0,0.0,0.0,0.0,0.0,0.0,0.0,5000000.0,15.424948670398354,2016-02-29,0,0,0.1061352440662785,0.1424093148231079,0.2001791312136139,0.0940438871473354,12,4,2015,90,0.01578472485725822,0
Payment and settlement,"Clients, products & business practices",Process,Beijing,2017-06,2,700000.0,350000.0,350000.0,500000.0,0,1.0,2017-06-01,1.0,5000000.0,0.0,0.0,0.0,0.0,0.0,0.0,0.0,0.0,0.0,0.0,0.0,0.0,0.0,1.0,5000000.0,0.0,1.0,5000000.0,0.0,1.0,5000000.0,0.0,350000.0,13.45883704259595,2017-08-30,0,0,0.1061352440662785,0.1424093148231079,0.2001791312136139,0.0940438871473354,6,2,2017,90,0.006687760395246558,0
Payment and settlement,"Clients, products & business practices",Process,Beijing,2017-12,1,24000.0,24000.0,24000.0,24000.0,0,1.0,2017-12-01,2.0,700000.0,0.0,1.0,5000000.0,0.0,0.0,0.0,0.0,0.0,0.0,0.0,0.0,0.0,0.0,3.0,5700000.0,0.0,3.0,5700000.0,0.0,3.0,5700000.0,0.0,24000.0,10.085850775128716,2018-03-01,0,0,0.1061352440662785,0.1424093148231079,0.2001791312136139,0.0940438871473354,12,4,2017,90,0.031728631447901674,0
Payment and settlement,"Clients, products & business practices",Process,Beijing,2018-04,1,1632605.0,1632605.0,1632605.0,1632605.0,0,1.0,2018-04-01,1.0,24000.0,0.0,2.0,700000.0,0.0,1.0,5000000.0,0.0,0.0,0.0,0.0,0.0,0.0,0.0,4.0,5724000.0,0.0,4.0,5724000.0,0.0,4.0,5724000.0,0.0,1632605.0,14.30568806911208,2018-06-30,0,1,0.1061352440662785,0.1424093148231079,0.2001791312136139,0.0940438871473354,4,2,2018,90,0.11266562681215307,0
Payment and settlement,"Clients, products & business practices",Process,Beijing,2018-06,1,10000.0,10000.0,10000.0,10000.0,0,3.0,2018-06-01,1.0,1632605.0,0.0,1.0,24000.0,0.0,2.0,700000.0,0.0,0.0,0.0,0.0,0.0,0.0,0.0,4.0,2356605.0,0.0,5.0,7356605.0,0.0,5.0,7356605.0,0.0,10000.0,9.210440366976515,2018-08-30,0,1,0.1061352440662785,0.1424093148231079,0.2001791312136139,0.0940438871473354,6,2,2018,90,0.04367162432947587,0
Payment and settlement,"Clients, products & business practices",Process,Beijing,2018-07,1,80000.0,80000.0,80000.0,80000.0,0,1.0,2018-07-01,1.0,10000.0,0.0,1.0,1632605.0,0.0,1.0,24000.0,0.0,0.0,0.0,0.0,0.0,0.0,0.0,3.0,1666605.0,0.0,6.0,7366605.0,0.0,6.0,7366605.0,0.0,80000.0,11.289794413577894,2018-09-29,0,0,0.1061352440662785,0.1424093148231079,0.2001791312136139,0.0940438871473354,7,3,2018,90,0.04398641525402618,0
Payment and settlement,"Clients, products & business practices",Process,Beijing,2018-10,1,500000.0,500000.0,500000.0,500000.0,0,1.0,2018-10-01,1.0,80000.0,0.0,1.0,10000.0,0.0,1.0,1632605.0,0.0,1.0,5000000.0,0.0,0.0,0.0,0.0,3.0,1722605.0,0.0,7.0,7446605.0,0.0,7.0,7446605.0,0.0,500000.0,13.122365377402328,2018-12-30,0,0,0.1061352440662785,0.1424093148231079,0.2001791312136139,0.0940438871473354,10,4,2018,90,0.10881434890885659,0
Payment and settlement,"Clients, products & business practices",Process,Beijing,2019-02,1,1900000.0,1900000.0,1900000.0,1900000.0,0,1.0,2019-02-01,1.0,500000.0,0.0,1.0,80000.0,0.0,1.0,10000.0,0.0,2.0,700000.0,0.0,0.0,0.0,0.0,3.0,590000.0,0.0,7.0,2946605.0,0.0,8.0,7946605.0,0.0,1900000.0,14.45736497045232,2019-05-02,0,0,0.1061352440662785,0.1424093148231079,0.2001791312136139,0.0940438871473354,2,1,2019,90,0.10022119539920757,0
Payment and settlement,"Clients, products & business practices",Process,Beijing,2019-06,1,60000.0,60000.0,60000.0,60000.0,0,1.0,2019-06-01,1.0,1900000.0,0.0,1.0,500000.0,0.0,1.0,80000.0,0.0,1.0,24000.0,0.0,0.0,0.0,0.0,3.0,2480000.0,0.0,6.0,4146605.0,0.0,9.0,9846605.0,0.0,60000.0,11.002116507732016,2019-08-30,0,0,0.1061352440662785,0.1424093148231079,0.2001791312136139,0.0940438871473354,6,2,2019,90,0.03760043751656054,0
Payment and settlement,"Clients, products & business practices",Process,"Beijing,Gansu",2017-06,1,30000.0,30000.0,30000.0,30000.0,0,1.0,2017-06-01,0.0,0.0,0.0,0.0,0.0,0.0,0.0,0.0,0.0,0.0,0.0,0.0,0.0,0.0,0.0,0.0,0.0,0.0,0.0,0.0,0.0,0.0,0.0,0.0,30000.0,10.308985993422082,2017-08-30,0,0,0.1061352440662785,0.1424093148231079,0.2001791312136139,0.0008956560680698,6,2,2017,90,0.016498838842910056,0
Payment and settlement,"Clients, products & business practices",Process,"Beijing,Heilongjiang",2019-05,1,500000.0,500000.0,500000.0,500000.0,0,1.0,2019-05-01,0.0,0.0,0.0,0.0,0.0,0.0,0.0,0.0,0.0,0.0,0.0,0.0,0.0,0.0,0.0,0.0,0.0,0.0,0.0,0.0,0.0,0.0,0.0,0.0,500000.0,13.122365377402328,2019-07-30,0,0,0.1061352440662785,0.1424093148231079,0.2001791312136139,0.0031347962382445,5,2,2019,90,0.010107852857225898,0
Payment and settlement,"Clients, products & business practices",Process,"Beijing,Henan",2018-03,1,200000.0,200000.0,200000.0,200000.0,0,2.0,2018-03-01,0.0,0.0,0.0,0.0,0.0,0.0,0.0,0.0,0.0,0.0,0.0,0.0,0.0,0.0,0.0,0.0,0.0,0.0,0.0,0.0,0.0,0.0,0.0,0.0,200000.0,12.206077645517674,2018-05-30,0,0,0.1061352440662785,0.1424093148231079,0.2001791312136139,0.0053739364084191,3,1,2018,90,0.009684791478412407,0
Payment and settlement,"Clients, products & business practices",Process,"Beijing,Henan",2018-08,1,500000.0,500000.0,500000.0,500000.0,0,1.0,2018-08-01,1.0,200000.0,0.0,0.0,0.0,0.0,0.0,0.0,0.0,0.0,0.0,0.0,0.0,0.0,0.0,1.0,200000.0,0.0,1.0,200000.0,0.0,1.0,200000.0,0.0,500000.0,13.122365377402328,2018-10-30,0,0,0.1061352440662785,0.1424093148231079,0.2001791312136139,0.0053739364084191,8,3,2018,90,0.010543931505251613,0
Payment and settlement,"Clients, products & business practices",Process,"Beijing,Shanghai",2015-03,1,35736400.0,35736400.0,35736400.0,35736400.0,1,1.0,2015-03-01,0.0,0.0,0.0,0.0,0.0,0.0,0.0,0.0,0.0,0.0,0.0,0.0,0.0,0.0,0.0,0.0,0.0,0.0,0.0,0.0,0.0,0.0,0.0,0.0,35736400.0,17.39168036312866,2015-05-30,0,0,0.1061352440662785,0.1424093148231079,0.2001791312136139,0.0076130765785938,3,1,2015,90,0.06484172565956649,0
Payment and settlement,"Clients, products & business practices",Process,"Beijing,Shanghai",2019-01,1,23036000.0,23036000.0,23036000.0,23036000.0,1,1.0,2019-01-01,1.0,35736400.0,1.0,0.0,0.0,0.0,0.0,0.0,0.0,0.0,0.0,0.0,0.0,0.0,0.0,1.0,35736400.0,1.0,1.0,35736400.0,1.0,1.0,35736400.0,1.0,23036000.0,16.952568811019013,2019-04-01,0,1,0.1061352440662785,0.1424093148231079,0.2001791312136139,0.0076130765785938,1,1,2019,90,0.13563118997570064,0
Payment and settlement,"Clients, products & business practices",Process,"Beijing,Shanghai",2019-03,1,500000.0,500000.0,500000.0,500000.0,0,1.0,2019-03-01,1.0,23036000.0,1.0,1.0,35736400.0,1.0,0.0,0.0,0.0,0.0,0.0,0.0,0.0,0.0,0.0,2.0,58772400.0,2.0,2.0,58772400.0,2.0,2.0,58772400.0,2.0,500000.0,13.122365377402328,2019-05-30,0,0,0.1061352440662785,0.1424093148231079,0.2001791312136139,0.0076130765785938,3,1,2019,90,0.06970613427095651,0
Payment and settlement,"Clients, products & business practices",Process,"Beijing,Tianjin",2018-07,1,30000.0,30000.0,30000.0,30000.0,0,1.0,2018-07-01,0.0,0.0,0.0,0.0,0.0,0.0,0.0,0.0,0.0,0.0,0.0,0.0,0.0,0.0,0.0,0.0,0.0,0.0,0.0,0.0,0.0,0.0,0.0,0.0,30000.0,10.308985993422082,2018-09-29,0,0,0.1061352440662785,0.1424093148231079,0.2001791312136139,0.0040304523063143,7,3,2018,90,0.017279161149949922,0
Payment and settlement,"Clients, products & business practices",Process,Chongqing,2018-12,1,588300.0,588300.0,588300.0,588300.0,0,1.0,2018-12-01,0.0,0.0,0.0,0.0,0.0,0.0,0.0,0.0,0.0,0.0,0.0,0.0,0.0,0.0,0.0,0.0,0.0,0.0,0.0,0.0,0.0,0.0,0.0,0.0,588300.0,13.284994000664124,2019-03-01,0,0,0.1061352440662785,0.1424093148231079,0.2001791312136139,0.0232870577698163,12,4,2018,90,0.013037539548787882,0
Payment and settlement,"Clients, products & business practices",Process,Chongqing,2019-04,1,300000.0,300000.0,300000.0,300000.0,0,1.0,2019-04-01,1.0,588300.0,0.0,0.0,0.0,0.0,0.0,0.0,0.0,0.0,0.0,0.0,0.0,0.0,0.0,1.0,588300.0,0.0,1.0,588300.0,0.0,1.0,588300.0,0.0,300000.0,12.611541086966117,2019-06-30,0,0,0.1061352440662785,0.1424093148231079,0.2001791312136139,0.0232870577698163,4,2,2019,90,0.002906608258266205,0
Payment and settlement,"Clients, products & business practices",Process,Fujian,2019-08,1,400000.0,400000.0,400000.0,400000.0,0,1.0,2019-08-01,0.0,0.0,0.0,0.0,0.0,0.0,0.0,0.0,0.0,0.0,0.0,0.0,0.0,0.0,0.0,0.0,0.0,0.0,0.0,0.0,0.0,0.0,0.0,0.0,400000.0,12.899222326086994,2019-10-30,0,0,0.1061352440662785,0.1424093148231079,0.2001791312136139,0.0237348858038513,8,3,2019,90,0.007995093403259473,0
Payment and settlement,"Clients, products & business practices",Process,Henan,2018-12,1,500000.0,500000.0,500000.0,500000.0,0,1.0,2018-12-01,0.0,0.0,0.0,0.0,0.0,0.0,0.0,0.0,0.0,0.0,0.0,0.0,0.0,0.0,0.0,0.0,0.0,0.0,0.0,0.0,0.0,0.0,0.0,0.0,500000.0,13.122365377402328,2019-03-01,0,0,0.1061352440662785,0.1424093148231079,0.2001791312136139,0.0497089117778772,12,4,2018,90,0.013744144771522138,0
Payment and settlement,"Clients, products & business practices",Process,Henan,2019-06,1,450000.0,450000.0,450000.0,450000.0,0,1.0,2019-06-01,1.0,500000.0,0.0,0.0,0.0,0.0,0.0,0.0,0.0,0.0,0.0,0.0,0.0,0.0,0.0,1.0,500000.0,0.0,1.0,500000.0,0.0,1.0,500000.0,0.0,450000.0,13.017005083966255,2019-08-30,0,0,0.1061352440662785,0.1424093148231079,0.2001791312136139,0.0497089117778772,6,2,2019,90,0.007474864304108943,0
Payment and settlement,"Clients, products & business practices",Process,Hubei,2018-12,1,250000.0,250000.0,250000.0,250000.0,0,1.0,2018-12-01,0.0,0.0,0.0,0.0,0.0,0.0,0.0,0.0,0.0,0.0,0.0,0.0,0.0,0.0,0.0,0.0,0.0,0.0,0.0,0.0,0.0,0.0,0.0,0.0,250000.0,12.429220196836384,2019-03-01,0,1,0.1061352440662785,0.1424093148231079,0.2001791312136139,0.0313479623824451,12,4,2018,90,0.0143677286988253,0
Payment and settlement,"Clients, products & business practices",Process,Hubei,2019-01,1,300000.0,300000.0,300000.0,300000.0,0,0.0,2019-01-01,1.0,250000.0,0.0,0.0,0.0,0.0,0.0,0.0,0.0,0.0,0.0,0.0,0.0,0.0,0.0,1.0,250000.0,0.0,1.0,250000.0,0.0,1.0,250000.0,0.0,300000.0,12.611541086966117,2019-04-01,0,0,0.1061352440662785,0.1424093148231079,0.2001791312136139,0.0313479623824451,1,1,2019,90,0.021537707379379423,0
Payment and settlement,"Clients, products & business practices",Process,Jiangsu,2011-07,1,102290.0,102290.0,102290.0,102290.0,0,0.0,2011-07-01,0.0,0.0,0.0,0.0,0.0,0.0,0.0,0.0,0.0,0.0,0.0,0.0,0.0,0.0,0.0,0.0,0.0,0.0,0.0,0.0,0.0,0.0,0.0,0.0,102290.0,11.535576971529965,2011-09-29,0,0,0.1061352440662785,0.1424093148231079,0.2001791312136139,0.032243618450515,7,3,2011,90,0.031645463724945117,0
Payment and settlement,"Clients, products & business practices",Process,Jiangxi,2017-09,3,1400000.0,466666.6666666667,250000.0,950000.0,0,1.0,2017-09-01,0.0,0.0,0.0,0.0,0.0,0.0,0.0,0.0,0.0,0.0,0.0,0.0,0.0,0.0,0.0,0.0,0.0,0.0,0.0,0.0,0.0,0.0,0.0,0.0,466666.6666666667,14.151983508870948,2017-11-30,0,0,0.1061352440662785,0.1424093148231079,0.2001791312136139,0.0156739811912225,9,3,2017,90,0.014435060739572897,0
Payment and settlement,"Clients, products & business practices",Process,Jiangxi,2018-08,1,200000.0,200000.0,200000.0,200000.0,0,2.0,2018-08-01,3.0,1400000.0,0.0,0.0,0.0,0.0,0.0,0.0,0.0,0.0,0.0,0.0,0.0,0.0,0.0,3.0,1400000.0,0.0,3.0,1400000.0,0.0,3.0,1400000.0,0.0,200000.0,12.206077645517674,2018-10-30,0,0,0.1061352440662785,0.1424093148231079,0.2001791312136139,0.0156739811912225,8,3,2018,90,0.009987955230948932,0
Payment and settlement,"Clients, products & business practices",Process,Jiangxi,2019-05,1,90000.0,90000.0,90000.0,90000.0,0,1.0,2019-05-01,1.0,200000.0,0.0,3.0,1400000.0,0.0,0.0,0.0,0.0,0.0,0.0,0.0,0.0,0.0,0.0,4.0,1600000.0,0.0,4.0,1600000.0,0.0,4.0,1600000.0,0.0,90000.0,11.407576060361786,2019-07-30,0,0,0.1061352440662785,0.1424093148231079,0.2001791312136139,0.0156739811912225,5,2,2019,90,0.03589773785297354,0
Payment and settlement,"Clients, products & business practices",Process,Jilin,2018-06,1,300000.0,300000.0,300000.0,300000.0,0,0.0,2018-06-01,0.0,0.0,0.0,0.0,0.0,0.0,0.0,0.0,0.0,0.0,0.0,0.0,0.0,0.0,0.0,0.0,0.0,0.0,0.0,0.0,0.0,0.0,0.0,0.0,300000.0,12.611541086966117,2018-08-30,0,0,0.1061352440662785,0.1424093148231079,0.2001791312136139,0.0197044334975369,6,2,2018,90,0.032925348520087584,0
Payment and settlement,"Clients, products & business practices",Process,Jilin,2019-07,1,50000.0,50000.0,50000.0,50000.0,0,1.0,2019-07-01,1.0,300000.0,0.0,0.0,0.0,0.0,0.0,0.0,0.0,0.0,0.0,0.0,0.0,0.0,0.0,1.0,300000.0,0.0,1.0,300000.0,0.0,1.0,300000.0,0.0,50000.0,10.819798284210286,2019-09-29,0,0,0.1061352440662785,0.1424093148231079,0.2001791312136139,0.0197044334975369,7,3,2019,90,0.011874068245015726,0
Payment and settlement,"Clients, products & business practices",Process,"Jilin,Shanghai",2019-07,1,50000.0,50000.0,50000.0,50000.0,0,1.0,2019-07-01,0.0,0.0,0.0,0.0,0.0,0.0,0.0,0.0,0.0,0.0,0.0,0.0,0.0,0.0,0.0,0.0,0.0,0.0,0.0,0.0,0.0,0.0,0.0,0.0,50000.0,10.819798284210286,2019-09-29,0,0,0.1061352440662785,0.1424093148231079,0.2001791312136139,0.0008956560680698,7,3,2019,90,0.017279161149949922,0
Payment and settlement,"Clients, products & business practices",Process,Shaanxi,2011-11,1,1077460.0,1077460.0,1077460.0,1077460.0,0,3.0,2011-11-01,0.0,0.0,0.0,0.0,0.0,0.0,0.0,0.0,0.0,0.0,0.0,0.0,0.0,0.0,0.0,0.0,0.0,0.0,0.0,0.0,0.0,0.0,0.0,0.0,1077460.0,13.890117905409396,2012-01-30,0,0,0.1061352440662785,0.1424093148231079,0.2001791312136139,0.0237348858038513,11,4,2011,90,0.014765222797236216,0
Payment and settlement,"Clients, products & business practices",Process,Shaanxi,2018-06,1,430000.0,430000.0,430000.0,430000.0,0,1.0,2018-06-01,1.0,1077460.0,0.0,0.0,0.0,0.0,0.0,0.0,0.0,0.0,0.0,0.0,0.0,0.0,0.0,1.0,1077460.0,0.0,1.0,1077460.0,0.0,1.0,1077460.0,0.0,430000.0,12.971542813248435,2018-08-30,0,1,0.1061352440662785,0.1424093148231079,0.2001791312136139,0.0237348858038513,6,2,2018,90,0.00364108724657914,0
Payment and settlement,"Clients, products & business practices",Process,Shaanxi,2018-07,1,350000.0,350000.0,350000.0,350000.0,0,2.0,2018-07-01,1.0,430000.0,0.0,1.0,1077460.0,0.0,0.0,0.0,0.0,0.0,0.0,0.0,0.0,0.0,0.0,2.0,1507460.0,0.0,2.0,1507460.0,0.0,2.0,1507460.0,0.0,350000.0,12.765691290604371,2018-09-29,0,0,0.1061352440662785,0.1424093148231079,0.2001791312136139,0.0237348858038513,7,3,2018,90,0.01926783781362564,0
Payment and settlement,"Clients, products & business practices",Process,Shanghai,2019-01,1,129500.0,129500.0,129500.0,129500.0,0,0.0,2019-01-01,0.0,0.0,0.0,0.0,0.0,0.0,0.0,0.0,0.0,0.0,0.0,0.0,0.0,0.0,0.0,0.0,0.0,0.0,0.0,0.0,0.0,0.0,0.0,0.0,129500.0,11.771443882099636,2019-04-01,0,0,0.1061352440662785,0.1424093148231079,0.2001791312136139,0.0452306314375279,1,1,2019,90,0.07501541838336956,0
Payment and settlement,"Clients, products & business practices",Process,"Shanghai,Guizhou",2019-01,1,11410000.0,11410000.0,11410000.0,11410000.0,1,1.0,2019-01-01,0.0,0.0,0.0,0.0,0.0,0.0,0.0,0.0,0.0,0.0,0.0,0.0,0.0,0.0,0.0,0.0,0.0,0.0,0.0,0.0,0.0,0.0,0.0,0.0,11410000.0,16.250000809480674,2019-04-01,0,0,0.1061352440662785,0.1424093148231079,0.2001791312136139,0.0008956560680698,1,1,2019,90,0.023766685945984613,0
Payment and settlement,"Clients, products & business practices",Process,"Shanghai,Zhejiang,Chongqing",2018-12,1,1630000.0,1630000.0,1630000.0,1630000.0,0,4.0,2018-12-01,0.0,0.0,0.0,0.0,0.0,0.0,0.0,0.0,0.0,0.0,0.0,0.0,0.0,0.0,0.0,0.0,0.0,0.0,0.0,0.0,0.0,0.0,0.0,0.0,1630000.0,14.30409118627969,2019-03-01,0,0,0.1061352440662785,0.1424093148231079,0.2001791312136139,0.0008956560680698,12,4,2018,90,0.01440262647860617,0
Payment and settlement,"Clients, products & business practices",Process,"Tianjin,Shanghai,Jiangsu",2018-10,1,714800.0,714800.0,714800.0,714800.0,0,3.0,2018-10-01,0.0,0.0,0.0,0.0,0.0,0.0,0.0,0.0,0.0,0.0,0.0,0.0,0.0,0.0,0.0,0.0,0.0,0.0,0.0,0.0,0.0,0.0,0.0,0.0,714800.0,13.479759461259157,2018-12-30,0,0,0.1061352440662785,0.1424093148231079,0.2001791312136139,0.0022391401701746,10,4,2018,90,0.0177969995872448,0
Payment and settlement,"Clients, products & business practices",Process,"Tianjin,Shanghai,Jiangsu",2019-01,1,16299.999999999998,16299.999999999998,16299.999999999998,16299.999999999998,0,3.0,2019-01-01,1.0,714800.0,0.0,0.0,0.0,0.0,0.0,0.0,0.0,0.0,0.0,0.0,0.0,0.0,0.0,1.0,714800.0,0.0,1.0,714800.0,0.0,1.0,714800.0,0.0,16299.999999999998,9.69898173460629,2019-04-01,0,0,0.1061352440662785,0.1424093148231079,0.2001791312136139,0.0022391401701746,1,1,2019,90,0.02589178422474151,0
Payment and settlement,"Clients, products & business practices",Process,"Tianjin,Shanghai,Jiangsu",2020-05,1,2997.0,2997.0,2997.0,2997.0,0,3.0,2020-05-01,1.0,16299.999999999998,0.0,1.0,714800.0,0.0,0.0,0.0,0.0,0.0,0.0,0.0,0.0,0.0,0.0,2.0,731100.0,0.0,2.0,731100.0,0.0,2.0,731100.0,0.0,2997.0,8.005700678662542,2020-07-30,0,0,0.1061352440662785,0.1424093148231079,0.2001791312136139,0.0022391401701746,5,2,2020,90,0.04791103472501985,0
Payment and settlement,"Clients, products & business practices",Process,Yunnan,2011-07,1,144300.0,144300.0,144300.0,144300.0,0,7.0,2011-07-01,0.0,0.0,0.0,0.0,0.0,0.0,0.0,0.0,0.0,0.0,0.0,0.0,0.0,0.0,0.0,0.0,0.0,0.0,0.0,0.0,0.0,0.0,0.0,0.0,144300.0,11.87965667474488,2011-09-29,0,0,0.1061352440662785,0.1424093148231079,0.2001791312136139,0.0134348410210479,7,3,2011,90,0.0092503139715078,0
Payment and settlement,"Clients, products & business practices",Process,Yunnan,2019-06,1,400000.0,400000.0,400000.0,400000.0,0,1.0,2019-06-01,1.0,144300.0,0.0,0.0,0.0,0.0,0.0,0.0,0.0,0.0,0.0,0.0,0.0,0.0,0.0,1.0,144300.0,0.0,1.0,144300.0,0.0,1.0,144300.0,0.0,400000.0,12.899222326086994,2019-08-30,0,0,0.1061352440662785,0.1424093148231079,0.2001791312136139,0.0134348410210479,6,2,2019,90,0.00994076241417883,0
Payment and settlement,"Clients, products & business practices",Process,Zhejiang,2004-06,1,46500000.0,46500000.0,46500000.0,46500000.0,1,1.0,2004-06-01,0.0,0.0,0.0,0.0,0.0,0.0,0.0,0.0,0.0,0.0,0.0,0.0,0.0,0.0,0.0,0.0,0.0,0.0,0.0,0.0,0.0,0.0,0.0,0.0,46500000.0,17.65496289206296,2004-08-30,0,0,0.1061352440662785,0.1424093148231079,0.2001791312136139,0.0523958799820868,6,2,2004,90,0.023035686746082414,0
Payment and settlement,"Clients, products & business practices",System,"Beijing,Shanghai,Jiangsu,Guangdong",2012-07,1,12000.0,12000.0,12000.0,12000.0,0,3.0,2012-07-01,0.0,0.0,0.0,0.0,0.0,0.0,0.0,0.0,0.0,0.0,0.0,0.0,0.0,0.0,0.0,0.0,0.0,0.0,0.0,0.0,0.0,0.0,0.0,0.0,12000.0,9.39274525863144,2012-09-29,0,0,0.1061352440662785,0.1424093148231079,0.0174652933273622,0.0004478280340349,7,3,2012,90,0.034119917927750966,0
Payment and settlement,"Clients, products & business practices",System,Xinjiang,2018-12,2,3169600.0,1584800.0,1584800.0,3113600.0,0,1.0,2018-12-01,0.0,0.0,0.0,0.0,0.0,0.0,0.0,0.0,0.0,0.0,0.0,0.0,0.0,0.0,0.0,0.0,0.0,0.0,0.0,0.0,0.0,0.0,0.0,0.0,1584800.0,14.969116270423598,2019-03-01,0,0,0.1061352440662785,0.1424093148231079,0.0174652933273622,0.005821764442454,12,4,2018,90,0.017671664196944915,0
Payment and settlement,Employment practices and workplace safety,People,Inner mongolia,2009-01,1,8000000.0,8000000.0,8000000.0,8000000.0,0,1.0,2009-01-01,0.0,0.0,0.0,0.0,0.0,0.0,0.0,0.0,0.0,0.0,0.0,0.0,0.0,0.0,0.0,0.0,0.0,0.0,0.0,0.0,0.0,0.0,0.0,0.0,8000000.0,15.894952224644102,2009-04-01,0,0,0.1061352440662785,0.005821764442454,0.4594715629198387,0.0053739364084191,1,1,2009,90,0.031780006359845354,0
Payment and settlement,Employment practices and workplace safety,Process,"Beijing,Shaanxi",2019-09,1,250000.0,250000.0,250000.0,250000.0,0,1.0,2019-09-01,0.0,0.0,0.0,0.0,0.0,0.0,0.0,0.0,0.0,0.0,0.0,0.0,0.0,0.0,0.0,0.0,0.0,0.0,0.0,0.0,0.0,0.0,0.0,0.0,250000.0,12.429220196836384,2019-11-30,0,0,0.1061352440662785,0.005821764442454,0.2001791312136139,0.0026869682042095,9,3,2019,90,0.010680377037315602,0
Payment and settlement,"Execution, delivery & process management",External event,"Beijing,Shanghai,Henan",2018-06,1,500000.0,500000.0,500000.0,500000.0,0,1.0,2018-06-01,0.0,0.0,0.0,0.0,0.0,0.0,0.0,0.0,0.0,0.0,0.0,0.0,0.0,0.0,0.0,0.0,0.0,0.0,0.0,0.0,0.0,0.0,0.0,0.0,500000.0,13.122365377402328,2018-08-30,0,0,0.1061352440662785,0.1527093596059113,0.322884012539185,0.0008956560680698,6,2,2018,90,0.025865152917231998,0
Payment and settlement,"Execution, delivery & process management",External event,Shanghai,2017-09,1,12803599.999999998,12803599.999999998,12803599.999999998,12803599.999999998,1,1.0,2017-09-01,0.0,0.0,0.0,0.0,0.0,0.0,0.0,0.0,0.0,0.0,0.0,0.0,0.0,0.0,0.0,0.0,0.0,0.0,0.0,0.0,0.0,0.0,0.0,0.0,12803599.999999998,16.36523701744951,2017-11-30,0,0,0.1061352440662785,0.1527093596059113,0.322884012539185,0.0452306314375279,9,3,2017,90,0.024444456340709887,0
Payment and settlement,"Execution, delivery & process management",People,Beijing,2018-01,1,300000.0,300000.0,300000.0,300000.0,0,2.0,2018-01-01,0.0,0.0,0.0,0.0,0.0,0.0,0.0,0.0,0.0,0.0,0.0,0.0,0.0,0.0,0.0,0.0,0.0,0.0,0.0,0.0,0.0,0.0,0.0,0.0,300000.0,12.611541086966117,2018-04-01,0,0,0.1061352440662785,0.1527093596059113,0.4594715629198387,0.0940438871473354,1,1,2018,90,0.03678038046896085,0
Payment and settlement,"Execution, delivery & process management",People,Beijing,2018-12,1,10000.0,10000.0,10000.0,10000.0,0,1.0,2018-12-01,1.0,300000.0,0.0,0.0,0.0,0.0,0.0,0.0,0.0,0.0,0.0,0.0,0.0,0.0,0.0,1.0,300000.0,0.0,1.0,300000.0,0.0,1.0,300000.0,0.0,10000.0,9.210440366976515,2019-03-01,0,0,0.1061352440662785,0.1527093596059113,0.4594715629198387,0.0940438871473354,12,4,2018,90,0.04147163086350189,0
Payment and settlement,"Execution, delivery & process management",People,Inner mongolia,2000-07,1,12000000.0,12000000.0,12000000.0,12000000.0,1,1.0,2000-07-01,0.0,0.0,0.0,0.0,0.0,0.0,0.0,0.0,0.0,0.0,0.0,0.0,0.0,0.0,0.0,0.0,0.0,0.0,0.0,0.0,0.0,0.0,0.0,0.0,12000000.0,16.300417291085605,2000-09-29,0,0,0.1061352440662785,0.1527093596059113,0.4594715629198387,0.0053739364084191,7,3,2000,90,0.039971028365774416,0
Payment and settlement,"Execution, delivery & process management",People,Zhejiang,2006-07,1,7740000.0,7740000.0,7740000.0,7740000.0,0,0.0,2006-07-01,0.0,0.0,0.0,0.0,0.0,0.0,0.0,0.0,0.0,0.0,0.0,0.0,0.0,0.0,0.0,0.0,0.0,0.0,0.0,0.0,0.0,0.0,0.0,0.0,7740000.0,15.861912374764868,2006-09-29,0,0,0.1061352440662785,0.1527093596059113,0.4594715629198387,0.0523958799820868,7,3,2006,90,0.03757910028032138,0
Payment and settlement,"Execution, delivery & process management",Process,Anhui,2018-07,1,300000.0,300000.0,300000.0,300000.0,0,1.0,2018-07-01,0.0,0.0,0.0,0.0,0.0,0.0,0.0,0.0,0.0,0.0,0.0,0.0,0.0,0.0,0.0,0.0,0.0,0.0,0.0,0.0,0.0,0.0,0.0,0.0,300000.0,12.611541086966117,2018-09-29,0,0,0.1061352440662785,0.1527093596059113,0.2001791312136139,0.0250783699059561,7,3,2018,90,0.013124782743620354,0
Payment and settlement,"Execution, delivery & process management",Process,Beijing,2005-06,1,9500000.0,9500000.0,9500000.0,9500000.0,0,1.0,2005-06-01,0.0,0.0,0.0,0.0,0.0,0.0,0.0,0.0,0.0,0.0,0.0,0.0,0.0,0.0,0.0,0.0,0.0,0.0,0.0,0.0,0.0,0.0,0.0,0.0,9500000.0,16.066802461833923,2005-08-30,0,0,0.1061352440662785,0.1527093596059113,0.2001791312136139,0.0940438871473354,6,2,2005,90,0.020067230288151362,0
Payment and settlement,"Execution, delivery & process management",Process,Beijing,2015-07,1,450000000.0,450000000.0,450000000.0,450000000.0,1,1.0,2015-07-01,1.0,9500000.0,0.0,0.0,0.0,0.0,0.0,0.0,0.0,0.0,0.0,0.0,0.0,0.0,0.0,1.0,9500000.0,0.0,1.0,9500000.0,0.0,1.0,9500000.0,0.0,450000000.0,19.92475814295086,2015-09-29,0,0,0.1061352440662785,0.1527093596059113,0.2001791312136139,0.0940438871473354,7,3,2015,90,0.04111206150519284,0
Payment and settlement,"Execution, delivery & process management",Process,Beijing,2018-05,1,3600.0,3600.0,3600.0,3600.0,0,1.0,2018-05-01,1.0,450000000.0,1.0,1.0,9500000.0,0.0,0.0,0.0,0.0,0.0,0.0,0.0,0.0,0.0,0.0,2.0,459500000.0,1.0,2.0,459500000.0,1.0,2.0,459500000.0,1.0,3600.0,8.188966863648876,2018-07-30,0,0,0.1061352440662785,0.1527093596059113,0.2001791312136139,0.0940438871473354,5,2,2018,90,0.053384623942681224,0
Payment and settlement,"Execution, delivery & process management",Process,Beijing,2018-12,1,30000.0,30000.0,30000.0,30000.0,0,1.0,2018-12-01,1.0,3600.0,0.0,1.0,450000000.0,1.0,1.0,9500000.0,0.0,0.0,0.0,0.0,0.0,0.0,0.0,3.0,459503600.0,1.0,3.0,459503600.0,1.0,3.0,459503600.0,1.0,30000.0,10.308985993422082,2019-03-01,0,0,0.1061352440662785,0.1527093596059113,0.2001791312136139,0.0940438871473354,12,4,2018,90,0.045626294441175,0
Payment and settlement,"Execution, delivery & process management",Process,Beijing,2019-04,1,401139.0,401139.0,401139.0,401139.0,0,1.0,2019-04-01,1.0,30000.0,0.0,1.0,3600.0,0.0,1.0,450000000.0,1.0,0.0,0.0,0.0,0.0,0.0,0.0,3.0,450033600.0,1.0,4.0,459533600.0,1.0,4.0,459533600.0,1.0,401139.0,12.902065772540038,2019-06-30,0,1,0.1061352440662785,0.1527093596059113,0.2001791312136139,0.0940438871473354,4,2,2019,90,0.031796786854286815,0
Payment and settlement,"Execution, delivery & process management",Process,Beijing,2019-05,1,1003600.0,1003600.0,1003600.0,1003600.0,0,1.0,2019-05-01,1.0,401139.0,0.0,1.0,30000.0,0.0,1.0,3600.0,0.0,0.0,0.0,0.0,0.0,0.0,0.0,3.0,434739.0,0.0,5.0,459934739.0,1.0,5.0,459934739.0,1.0,1003600.0,13.819105089886822,2019-07-30,0,1,0.1061352440662785,0.1527093596059113,0.2001791312136139,0.0940438871473354,5,2,2019,90,0.13913935374681496,0
Payment and settlement,"Execution, delivery & process management",Process,Beijing,2019-07,4,1373149.0,343287.25,245816.00000000003,876517.0,0,0.5,2019-07-01,1.0,1003600.0,0.0,1.0,401139.0,0.0,1.0,30000.0,0.0,1.0,9500000.0,0.0,0.0,0.0,0.0,3.0,1434739.0,0.0,6.0,460938339.0,1.0,6.0,460938339.0,1.0,343287.25,14.132617928600698,2019-09-29,0,1,0.1061352440662785,0.1527093596059113,0.2001791312136139,0.0940438871473354,7,3,2019,90,0.07541467400008535,0
Payment and settlement,"Execution, delivery & process management",Process,Beijing,2019-08,2,240000.0,120000.0,120000.0,230000.0,0,1.0,2019-08-01,4.0,1373149.0,0.0,1.0,1003600.0,0.0,1.0,401139.0,0.0,1.0,450000000.0,1.0,0.0,0.0,0.0,6.0,2777888.0,0.0,9.0,452811488.0,1.0,10.0,462311488.0,1.0,120000.0,12.388398368982116,2019-10-30,0,1,0.1061352440662785,0.1527093596059113,0.2001791312136139,0.0940438871473354,8,3,2019,90,0.0722853456739544,0
Payment and settlement,"Execution, delivery & process management",Process,Beijing,2019-09,2,1177000.0,588500.0,588500.0,677000.0,0,1.0,2019-09-01,2.0,240000.0,0.0,4.0,1373149.0,0.0,1.0,1003600.0,0.0,1.0,3600.0,0.0,0.0,0.0,0.0,7.0,2616749.0,0.0,10.0,3051488.0,0.0,12.0,462551488.0,1.0,588500.0,13.978480235859726,2019-11-30,0,0,0.1061352440662785,0.1527093596059113,0.2001791312136139,0.0940438871473354,9,3,2019,90,0.15412767138506434,0
Payment and settlement,"Execution, delivery & process management",Process,"Beijing,Hunan",2018-05,1,85000.0,85000.0,85000.0,85000.0,0,1.0,2018-05-01,0.0,0.0,0.0,0.0,0.0,0.0,0.0,0.0,0.0,0.0,0.0,0.0,0.0,0.0,0.0,0.0,0.0,0.0,0.0,0.0,0.0,0.0,0.0,0.0,85000.0,11.350418300109132,2018-07-30,0,0,0.1061352440662785,0.1527093596059113,0.2001791312136139,0.0008956560680698,5,2,2018,90,0.03783962982288763,0
Payment and settlement,"Execution, delivery & process management",Process,"Beijing,Jilin",2019-07,1,200000.0,200000.0,200000.0,200000.0,0,1.0,2019-07-01,0.0,0.0,0.0,0.0,0.0,0.0,0.0,0.0,0.0,0.0,0.0,0.0,0.0,0.0,0.0,0.0,0.0,0.0,0.0,0.0,0.0,0.0,0.0,0.0,200000.0,12.206077645517674,2019-09-29,0,0,0.1061352440662785,0.1527093596059113,0.2001791312136139,0.006269592476489,7,3,2019,90,0.011575961194798806,0
Payment and settlement,"Execution, delivery & process management",Process,"Beijing,Shanghai",2019-09,1,420122.0,420122.0,420122.0,420122.0,0,0.0,2019-09-01,0.0,0.0,0.0,0.0,0.0,0.0,0.0,0.0,0.0,0.0,0.0,0.0,0.0,0.0,0.0,0.0,0.0,0.0,0.0,0.0,0.0,0.0,0.0,0.0,420122.0,12.948302804528126,2019-11-30,0,0,0.1061352440662785,0.1527093596059113,0.2001791312136139,0.0076130765785938,9,3,2019,90,0.07958677910882749,0
Payment and settlement,"Execution, delivery & process management",Process,"Beijing,Tianjin",2019-08,1,4182600.0,4182600.0,4182600.0,4182600.0,0,1.0,2019-08-01,0.0,0.0,0.0,0.0,0.0,0.0,0.0,0.0,0.0,0.0,0.0,0.0,0.0,0.0,0.0,0.0,0.0,0.0,0.0,0.0,0.0,0.0,0.0,0.0,4182600.0,15.246443859788252,2019-10-30,0,0,0.1061352440662785,0.1527093596059113,0.2001791312136139,0.0040304523063143,8,3,2019,90,0.01784263481379425,0
Payment and settlement,"Execution, delivery & process management",Process,"Beijing,Zhejiang",2019-08,1,160000.0,160000.0,160000.0,160000.0,0,1.0,2019-08-01,0.0,0.0,0.0,0.0,0.0,0.0,0.0,0.0,0.0,0.0,0.0,0.0,0.0,0.0,0.0,0.0,0.0,0.0,0.0,0.0,0.0,0.0,0.0,0.0,160000.0,11.982935344196433,2019-10-30,0,0,0.1061352440662785,0.1527093596059113,0.2001791312136139,0.0076130765785938,8,3,2019,90,0.011575961194798806,0
Payment and settlement,"Execution, delivery & process management",Process,Fujian,2017-12,1,77964.0,77964.0,77964.0,77964.0,0,1.0,2017-12-01,0.0,0.0,0.0,0.0,0.0,0.0,0.0,0.0,0.0,0.0,0.0,0.0,0.0,0.0,0.0,0.0,0.0,0.0,0.0,0.0,0.0,0.0,0.0,0.0,77964.0,11.264015287018983,2018-03-01,0,0,0.1061352440662785,0.1527093596059113,0.2001791312136139,0.0237348858038513,12,4,2017,90,0.03773064036035489,0
Payment and settlement,"Execution, delivery & process management",Process,Hainan,2002-08,1,714100.0,714100.0,714100.0,714100.0,0,1.0,2002-08-01,0.0,0.0,0.0,0.0,0.0,0.0,0.0,0.0,0.0,0.0,0.0,0.0,0.0,0.0,0.0,0.0,0.0,0.0,0.0,0.0,0.0,0.0,0.0,0.0,714100.0,13.478779687900316,2002-10-30,0,0,0.1061352440662785,0.1527093596059113,0.2001791312136139,0.0103000447828034,8,3,2002,90,0.053470223567543836,0
Payment and settlement,"Execution, delivery & process management",Process,Heilongjiang,2007-12,1,557000000.0,557000000.0,557000000.0,557000000.0,1,1.0,2007-12-01,0.0,0.0,0.0,0.0,0.0,0.0,0.0,0.0,0.0,0.0,0.0,0.0,0.0,0.0,0.0,0.0,0.0,0.0,0.0,0.0,0.0,0.0,0.0,0.0,557000000.0,20.13807579968689,2008-02-29,0,0,0.1061352440662785,0.1527093596059113,0.2001791312136139,0.0228392297357814,12,4,2007,90,0.030682460521769764,0
Payment and settlement,"Execution, delivery & process management",Process,Henan,2006-06,1,300000.0,300000.0,300000.0,300000.0,0,1.0,2006-06-01,0.0,0.0,0.0,0.0,0.0,0.0,0.0,0.0,0.0,0.0,0.0,0.0,0.0,0.0,0.0,0.0,0.0,0.0,0.0,0.0,0.0,0.0,0.0,0.0,300000.0,12.611541086966117,2006-08-30,0,0,0.1061352440662785,0.1527093596059113,0.2001791312136139,0.0497089117778772,6,2,2006,90,0.01736536267916387,0
Payment and settlement,"Execution, delivery & process management",Process,Henan,2007-08,1,20000.0,20000.0,20000.0,20000.0,0,1.0,2007-08-01,1.0,300000.0,0.0,0.0,0.0,0.0,0.0,0.0,0.0,0.0,0.0,0.0,0.0,0.0,0.0,1.0,300000.0,0.0,1.0,300000.0,0.0,1.0,300000.0,0.0,20000.0,9.90353755128617,2007-10-30,0,0,0.1061352440662785,0.1527093596059113,0.2001791312136139,0.0497089117778772,8,3,2007,90,0.018742116737899488,0
Payment and settlement,"Execution, delivery & process management",Process,Hubei,2000-10,1,107400.0,107400.0,107400.0,107400.0,0,1.0,2000-10-01,0.0,0.0,0.0,0.0,0.0,0.0,0.0,0.0,0.0,0.0,0.0,0.0,0.0,0.0,0.0,0.0,0.0,0.0,0.0,0.0,0.0,0.0,0.0,0.0,107400.0,11.58432477200052,2000-12-30,0,0,0.1061352440662785,0.1527093596059113,0.2001791312136139,0.0313479623824451,10,4,2000,90,0.050062319637124736,0
Payment and settlement,"Execution, delivery & process management",Process,Jiangxi,2010-07,1,29479.06,29479.06,29479.06,29479.06,0,0.0,2010-07-01,0.0,0.0,0.0,0.0,0.0,0.0,0.0,0.0,0.0,0.0,0.0,0.0,0.0,0.0,0.0,0.0,0.0,0.0,0.0,0.0,0.0,0.0,0.0,0.0,29479.06,10.291469381579356,2010-09-29,0,0,0.1061352440662785,0.1527093596059113,0.2001791312136139,0.0156739811912225,7,3,2010,90,0.04494187842882625,0
Payment and settlement,"Execution, delivery & process management",Process,Jilin,2002-04,1,750000.0,750000.0,750000.0,750000.0,0,1.0,2002-04-01,0.0,0.0,0.0,0.0,0.0,0.0,0.0,0.0,0.0,0.0,0.0,0.0,0.0,0.0,0.0,0.0,0.0,0.0,0.0,0.0,0.0,0.0,0.0,0.0,750000.0,13.527829818844936,2002-06-30,0,0,0.1061352440662785,0.1527093596059113,0.2001791312136139,0.0197044334975369,4,2,2002,90,0.039528074900637165,0
Payment and settlement,"Execution, delivery & process management",Process,Jilin,2019-08,2,230000.0,115000.0,115000.0,200000.0,0,1.0,2019-08-01,1.0,750000.0,0.0,0.0,0.0,0.0,0.0,0.0,0.0,0.0,0.0,0.0,0.0,0.0,0.0,1.0,750000.0,0.0,1.0,750000.0,0.0,1.0,750000.0,0.0,115000.0,12.345838935721968,2019-10-30,0,0,0.1061352440662785,0.1527093596059113,0.2001791312136139,0.0197044334975369,8,3,2019,90,0.010456235392354277,0
Payment and settlement,"Execution, delivery & process management",Process,Liaoning,2000-04,1,2377000000.0,2377000000.0,2377000000.0,2377000000.0,1,4.0,2000-04-01,0.0,0.0,0.0,0.0,0.0,0.0,0.0,0.0,0.0,0.0,0.0,0.0,0.0,0.0,0.0,0.0,0.0,0.0,0.0,0.0,0.0,0.0,0.0,0.0,2377000000.0,21.58910502574517,2000-06-30,0,0,0.1061352440662785,0.1527093596059113,0.2001791312136139,0.0291088222122704,4,2,2000,90,0.03674858621428992,0
Payment and settlement,"Execution, delivery & process management",Process,Liaoning,2019-06,2,400000.0,200000.0,200000.0,200000.0,0,0.5,2019-06-01,1.0,2377000000.0,1.0,0.0,0.0,0.0,0.0,0.0,0.0,0.0,0.0,0.0,0.0,0.0,0.0,1.0,2377000000.0,1.0,1.0,2377000000.0,1.0,1.0,2377000000.0,1.0,200000.0,12.899222326086994,2019-08-30,0,0,0.1061352440662785,0.1527093596059113,0.2001791312136139,0.0291088222122704,6,2,2019,90,0.0598975974766925,0
Payment and settlement,"Execution, delivery & process management",Process,Qinghai,2019-08,1,300000.0,300000.0,300000.0,300000.0,0,1.0,2019-08-01,0.0,0.0,0.0,0.0,0.0,0.0,0.0,0.0,0.0,0.0,0.0,0.0,0.0,0.0,0.0,0.0,0.0,0.0,0.0,0.0,0.0,0.0,0.0,0.0,300000.0,12.611541086966117,2019-10-30,0,0,0.1061352440662785,0.1527093596059113,0.2001791312136139,0.0049261083743842,8,3,2019,90,0.011575961194798806,0
Payment and settlement,"Execution, delivery & process management",Process,Shandong,2008-10,1,552000.0,552000.0,552000.0,552000.0,0,0.0,2008-10-01,0.0,0.0,0.0,0.0,0.0,0.0,0.0,0.0,0.0,0.0,0.0,0.0,0.0,0.0,0.0,0.0,0.0,0.0,0.0,0.0,0.0,0.0,0.0,0.0,552000.0,13.221305136851797,2008-12-30,0,0,0.1061352440662785,0.1527093596059113,0.2001791312136139,0.0501567398119122,10,4,2008,90,0.042345792094055784,0
Payment and settlement,"Execution, delivery & process management",Process,Shanxi,2019-06,1,200634.0,200634.0,200634.0,200634.0,0,1.0,2019-06-01,0.0,0.0,0.0,0.0,0.0,0.0,0.0,0.0,0.0,0.0,0.0,0.0,0.0,0.0,0.0,0.0,0.0,0.0,0.0,0.0,0.0,0.0,0.0,0.0,200634.0,12.209242615860994,2019-08-30,0,0,0.1061352440662785,0.1527093596059113,0.2001791312136139,0.0214957456336766,6,2,2019,90,0.013812376166639788,0
Payment and settlement,"Execution, delivery & process management",Process,Sichuan,2008-04,1,150000.0,150000.0,150000.0,150000.0,0,1.0,2008-04-01,0.0,0.0,0.0,0.0,0.0,0.0,0.0,0.0,0.0,0.0,0.0,0.0,0.0,0.0,0.0,0.0,0.0,0.0,0.0,0.0,0.0,0.0,0.0,0.0,150000.0,11.918397239722838,2008-06-30,0,0,0.1061352440662785,0.1527093596059113,0.2001791312136139,0.0273175100761307,4,2,2008,90,0.020659301064098617,0
Payment and settlement,"Execution, delivery & process management",Process,Tibet,2018-10,1,200000.0,200000.0,200000.0,200000.0,0,2.0,2018-10-01,0.0,0.0,0.0,0.0,0.0,0.0,0.0,0.0,0.0,0.0,0.0,0.0,0.0,0.0,0.0,0.0,0.0,0.0,0.0,0.0,0.0,0.0,0.0,0.0,200000.0,12.206077645517674,2018-12-30,0,0,0.1061352440662785,0.1527093596059113,0.2001791312136139,0.0026869682042095,10,4,2018,90,0.020396725291096433,0
Payment and settlement,External fraud,External event,Anhui,2006-08,1,119000.0,119000.0,119000.0,119000.0,0,0.0,2006-08-01,0.0,0.0,0.0,0.0,0.0,0.0,0.0,0.0,0.0,0.0,0.0,0.0,0.0,0.0,0.0,0.0,0.0,0.0,0.0,0.0,0.0,0.0,0.0,0.0,119000.0,11.686887175419702,2006-10-30,0,0,0.1061352440662785,0.303179579041648,0.322884012539185,0.0250783699059561,8,3,2006,90,0.09968819800933176,0
Payment and settlement,External fraud,External event,Beijing,1997-10,1,84490000.0,84490000.0,84490000.0,84490000.0,1,2.0,1997-10-01,0.0,0.0,0.0,0.0,0.0,0.0,0.0,0.0,0.0,0.0,0.0,0.0,0.0,0.0,0.0,0.0,0.0,0.0,0.0,0.0,0.0,0.0,0.0,0.0,84490000.0,18.25214375396475,1997-12-30,0,0,0.1061352440662785,0.303179579041648,0.322884012539185,0.0940438871473354,10,4,1997,90,0.05348232476587597,0
Payment and settlement,External fraud,External event,Beijing,2002-12,1,58000.0,58000.0,58000.0,58000.0,0,1.0,2002-12-01,1.0,84490000.0,1.0,0.0,0.0,0.0,0.0,0.0,0.0,0.0,0.0,0.0,0.0,0.0,0.0,1.0,84490000.0,1.0,1.0,84490000.0,1.0,1.0,84490000.0,1.0,58000.0,10.968215530759236,2003-03-01,0,0,0.1061352440662785,0.303179579041648,0.322884012539185,0.0940438871473354,12,4,2002,90,0.044010791560450145,0
Payment and settlement,External fraud,External event,Beijing,2015-03,1,5000000.0,5000000.0,5000000.0,5000000.0,0,1.0,2015-03-01,1.0,58000.0,0.0,1.0,84490000.0,1.0,0.0,0.0,0.0,0.0,0.0,0.0,0.0,0.0,0.0,2.0,84548000.0,1.0,2.0,84548000.0,1.0,2.0,84548000.0,1.0,5000000.0,15.424948670398354,2015-05-30,0,0,0.1061352440662785,0.303179579041648,0.322884012539185,0.0940438871473354,3,1,2015,90,0.25700122106114975,0
Payment and settlement,External fraud,External event,"Beijing,Hubei,Guangdong",2016-04,1,10000000.0,10000000.0,10000000.0,10000000.0,1,0.0,2016-04-01,0.0,0.0,0.0,0.0,0.0,0.0,0.0,0.0,0.0,0.0,0.0,0.0,0.0,0.0,0.0,0.0,0.0,0.0,0.0,0.0,0.0,0.0,0.0,0.0,10000000.0,16.118095750958314,2016-06-30,0,0,0.1061352440662785,0.303179579041648,0.322884012539185,0.0004478280340349,4,2,2016,90,0.06943744620470392,0
Payment and settlement,External fraud,External event,"Beijing,Shaanxi",2011-06,1,35000000.0,35000000.0,35000000.0,35000000.0,1,1.0,2011-06-01,0.0,0.0,0.0,0.0,0.0,0.0,0.0,0.0,0.0,0.0,0.0,0.0,0.0,0.0,0.0,0.0,0.0,0.0,0.0,0.0,0.0,0.0,0.0,0.0,35000000.0,17.370858648025116,2011-08-30,0,0,0.1061352440662785,0.303179579041648,0.322884012539185,0.0026869682042095,6,2,2011,90,0.03828864660582584,0
Payment and settlement,External fraud,External event,"Beijing,Shanghai",2018-01,1,9060000.0,9060000.0,9060000.0,9060000.0,0,1.0,2018-01-01,0.0,0.0,0.0,0.0,0.0,0.0,0.0,0.0,0.0,0.0,0.0,0.0,0.0,0.0,0.0,0.0,0.0,0.0,0.0,0.0,0.0,0.0,0.0,0.0,9060000.0,16.01937978839443,2018-04-01,0,0,0.1061352440662785,0.303179579041648,0.322884012539185,0.0076130765785938,1,1,2018,90,0.1213774764601638,0
Payment and settlement,External fraud,External event,"Beijing,Zhejiang",2014-08,1,2000000.0,2000000.0,2000000.0,2000000.0,0,2.0,2014-08-01,0.0,0.0,0.0,0.0,0.0,0.0,0.0,0.0,0.0,0.0,0.0,0.0,0.0,0.0,0.0,0.0,0.0,0.0,0.0,0.0,0.0,0.0,0.0,0.0,2000000.0,14.508658238524095,2014-10-30,0,0,0.1061352440662785,0.303179579041648,0.322884012539185,0.0076130765785938,8,3,2014,90,0.04197451159244223,0
Payment and settlement,External fraud,External event,"Beijing,Zhejiang,Guangdong,Hongkong",2012-01,1,410000000000.0,410000000000.0,410000000000.0,410000000000.0,1,0.0,2012-01-01,0.0,0.0,0.0,0.0,0.0,0.0,0.0,0.0,0.0,0.0,0.0,0.0,0.0,0.0,0.0,0.0,0.0,0.0,0.0,0.0,0.0,0.0,0.0,0.0,410000000000.0,26.739422996647203,2012-03-31,0,0,0.1061352440662785,0.303179579041648,0.322884012539185,0.0004478280340349,1,1,2012,90,0.09261504108520002,0
Payment and settlement,External fraud,External event,Fujian,2000-07,1,98300.0,98300.0,98300.0,98300.0,0,0.0,2000-07-01,0.0,0.0,0.0,0.0,0.0,0.0,0.0,0.0,0.0,0.0,0.0,0.0,0.0,0.0,0.0,0.0,0.0,0.0,0.0,0.0,0.0,0.0,0.0,0.0,98300.0,11.495789479023491,2000-09-29,0,0,0.1061352440662785,0.303179579041648,0.322884012539185,0.0237348858038513,7,3,2000,90,0.18080232502786464,0
Payment and settlement,External fraud,External event,Fujian,2006-08,1,138000.0,138000.0,138000.0,138000.0,0,0.0,2006-08-01,1.0,98300.0,0.0,0.0,0.0,0.0,0.0,0.0,0.0,0.0,0.0,0.0,0.0,0.0,0.0,1.0,98300.0,0.0,1.0,98300.0,0.0,1.0,98300.0,0.0,138000.0,11.8350162104899,2006-10-30,0,0,0.1061352440662785,0.303179579041648,0.322884012539185,0.0237348858038513,8,3,2006,90,0.03856776924816879,0
Payment and settlement,External fraud,External event,Gansu,2000-01,1,2000000.0,2000000.0,2000000.0,2000000.0,0,1.0,2000-01-01,0.0,0.0,0.0,0.0,0.0,0.0,0.0,0.0,0.0,0.0,0.0,0.0,0.0,0.0,0.0,0.0,0.0,0.0,0.0,0.0,0.0,0.0,0.0,0.0,2000000.0,14.508658238524095,2000-03-31,0,0,0.1061352440662785,0.303179579041648,0.322884012539185,0.0076130765785938,1,1,2000,90,0.06462381615840856,0
Payment and settlement,External fraud,External event,"Hebei,Shanghai,Henan",2016-07,1,2000000000.0,2000000000.0,2000000000.0,2000000000.0,1,2.0,2016-07-01,0.0,0.0,0.0,0.0,0.0,0.0,0.0,0.0,0.0,0.0,0.0,0.0,0.0,0.0,0.0,0.0,0.0,0.0,0.0,0.0,0.0,0.0,0.0,0.0,2000000000.0,21.41641301800636,2016-09-29,0,0,0.1061352440662785,0.303179579041648,0.322884012539185,0.0008956560680698,7,3,2016,90,0.04267314013703487,0
Payment and settlement,External fraud,External event,Heilongjiang,2006-04,1,6000000.0,6000000.0,6000000.0,6000000.0,0,0.0,2006-04-01,0.0,0.0,0.0,0.0,0.0,0.0,0.0,0.0,0.0,0.0,0.0,0.0,0.0,0.0,0.0,0.0,0.0,0.0,0.0,0.0,0.0,0.0,0.0,0.0,6000000.0,15.607270193858982,2006-06-30,0,0,0.1061352440662785,0.303179579041648,0.322884012539185,0.0228392297357814,4,2,2006,90,0.07306035882879984,0
Payment and settlement,External fraud,External event,Henan,2001-03,1,11160000000.0,11160000000.0,11160000000.0,11160000000.0,1,1.0,2001-03-01,0.0,0.0,0.0,0.0,0.0,0.0,0.0,0.0,0.0,0.0,0.0,0.0,0.0,0.0,0.0,0.0,0.0,0.0,0.0,0.0,0.0,0.0,0.0,0.0,11160000000.0,23.13560179398918,2001-05-30,0,0,0.1061352440662785,0.303179579041648,0.322884012539185,0.0497089117778772,3,1,2001,90,0.054204091552018004,0
Payment and settlement,External fraud,External event,Henan,2002-10,1,500000.0,500000.0,500000.0,500000.0,0,0.0,2002-10-01,1.0,11160000000.0,1.0,0.0,0.0,0.0,0.0,0.0,0.0,0.0,0.0,0.0,0.0,0.0,0.0,1.0,11160000000.0,1.0,1.0,11160000000.0,1.0,1.0,11160000000.0,1.0,500000.0,13.122365377402328,2002-12-30,0,0,0.1061352440662785,0.303179579041648,0.322884012539185,0.0497089117778772,10,4,2002,90,0.1204348274752824,0
Payment and settlement,External fraud,External event,Hubei,2000-12,1,39500000.0,39500000.0,39500000.0,39500000.0,1,0.0,2000-12-01,0.0,0.0,0.0,0.0,0.0,0.0,0.0,0.0,0.0,0.0,0.0,0.0,0.0,0.0,0.0,0.0,0.0,0.0,0.0,0.0,0.0,0.0,0.0,0.0,39500000.0,17.491811255187805,2001-03-01,0,0,0.1061352440662785,0.303179579041648,0.322884012539185,0.0313479623824451,12,4,2000,90,0.06325765141831945,0
Payment and settlement,External fraud,External event,Hubei,2007-06,1,10000000.0,10000000.0,10000000.0,10000000.0,1,1.0,2007-06-01,1.0,39500000.0,1.0,0.0,0.0,0.0,0.0,0.0,0.0,0.0,0.0,0.0,0.0,0.0,0.0,1.0,39500000.0,1.0,1.0,39500000.0,1.0,1.0,39500000.0,1.0,10000000.0,16.118095750958314,2007-08-30,0,0,0.1061352440662785,0.303179579041648,0.322884012539185,0.0313479623824451,6,2,2007,90,0.15497091565640972,0
Payment and settlement,External fraud,External event,Jiangsu,2000-12,1,2960800.0,2960800.0,2960800.0,2960800.0,0,1.0,2000-12-01,0.0,0.0,0.0,0.0,0.0,0.0,0.0,0.0,0.0,0.0,0.0,0.0,0.0,0.0,0.0,0.0,0.0,0.0,0.0,0.0,0.0,0.0,0.0,0.0,2960800.0,14.90097039780058,2001-03-01,0,0,0.1061352440662785,0.303179579041648,0.322884012539185,0.032243618450515,12,4,2000,90,0.04182770493895642,0
Payment and settlement,External fraud,External event,Jiangsu,2003-09,1,2000000.0,2000000.0,2000000.0,2000000.0,0,0.0,2003-09-01,1.0,2960800.0,0.0,0.0,0.0,0.0,0.0,0.0,0.0,0.0,0.0,0.0,0.0,0.0,0.0,1.0,2960800.0,0.0,1.0,2960800.0,0.0,1.0,2960800.0,0.0,2000000.0,14.508658238524095,2003-11-30,0,0,0.1061352440662785,0.303179579041648,0.322884012539185,0.032243618450515,9,3,2003,90,0.029494844492204925,0
Payment and settlement,External fraud,External event,Jiangsu,2006-06,1,19600000.0,19600000.0,19600000.0,19600000.0,1,0.0,2006-06-01,1.0,2000000.0,0.0,1.0,2960800.0,0.0,0.0,0.0,0.0,0.0,0.0,0.0,0.0,0.0,0.0,2.0,4960800.0,0.0,2.0,4960800.0,0.0,2.0,4960800.0,0.0,19600000.0,16.791040175221152,2006-08-30,0,0,0.1061352440662785,0.303179579041648,0.322884012539185,0.032243618450515,6,2,2006,90,0.0812301265576873,0
Payment and settlement,External fraud,External event,Jiangsu,2011-06,1,370000000.0,370000000.0,370000000.0,370000000.0,1,4.0,2011-06-01,1.0,19600000.0,1.0,1.0,2000000.0,0.0,1.0,2960800.0,0.0,0.0,0.0,0.0,0.0,0.0,0.0,3.0,24560800.0,1.0,3.0,24560800.0,1.0,3.0,24560800.0,1.0,370000000.0,19.729013566305248,2011-08-30,0,0,0.1061352440662785,0.303179579041648,0.322884012539185,0.032243618450515,6,2,2011,90,0.1895939884766914,0
Payment and settlement,External fraud,External event,Liaoning,2003-05,1,14400000.0,14400000.0,14400000.0,14400000.0,1,1.0,2003-05-01,0.0,0.0,0.0,0.0,0.0,0.0,0.0,0.0,0.0,0.0,0.0,0.0,0.0,0.0,0.0,0.0,0.0,0.0,0.0,0.0,0.0,0.0,0.0,0.0,14400000.0,16.48273883399067,2003-07-30,0,0,0.1061352440662785,0.303179579041648,0.322884012539185,0.0291088222122704,5,2,2003,90,0.04108477067900274,0
Payment and settlement,External fraud,External event,Liaoning,2005-12,1,860000.0,860000.0,860000.0,860000.0,0,0.0,2005-12-01,1.0,14400000.0,1.0,0.0,0.0,0.0,0.0,0.0,0.0,0.0,0.0,0.0,0.0,0.0,0.0,1.0,14400000.0,1.0,1.0,14400000.0,1.0,1.0,14400000.0,1.0,860000.0,13.664688831019712,2006-03-01,0,0,0.1061352440662785,0.303179579041648,0.322884012539185,0.0291088222122704,12,4,2005,90,0.05802982632381422,0
Payment and settlement,External fraud,External event,Ningxia,2006-09,1,2480000.0,2480000.0,2480000.0,2480000.0,0,0.0,2006-09-01,0.0,0.0,0.0,0.0,0.0,0.0,0.0,0.0,0.0,0.0,0.0,0.0,0.0,0.0,0.0,0.0,0.0,0.0,0.0,0.0,0.0,0.0,0.0,0.0,2480000.0,14.72376952136689,2006-11-30,0,0,0.1061352440662785,0.303179579041648,0.322884012539185,0.0031347962382445,9,3,2006,90,0.0555176975699159,0
Payment and settlement,External fraud,External event,Qinghai,2002-10,1,20000000.0,20000000.0,20000000.0,20000000.0,1,1.0,2002-10-01,0.0,0.0,0.0,0.0,0.0,0.0,0.0,0.0,0.0,0.0,0.0,0.0,0.0,0.0,0.0,0.0,0.0,0.0,0.0,0.0,0.0,0.0,0.0,0.0,20000000.0,16.811242881518265,2002-12-30,0,0,0.1061352440662785,0.303179579041648,0.322884012539185,0.0049261083743842,10,4,2002,90,0.044876902770645086,0
Payment and settlement,External fraud,External event,Shaanxi,2004-07,1,1520000.0,1520000.0,1520000.0,1520000.0,0,1.0,2004-07-01,0.0,0.0,0.0,0.0,0.0,0.0,0.0,0.0,0.0,0.0,0.0,0.0,0.0,0.0,0.0,0.0,0.0,0.0,0.0,0.0,0.0,0.0,0.0,0.0,1520000.0,14.23422155071698,2004-09-29,0,0,0.1061352440662785,0.303179579041648,0.322884012539185,0.0237348858038513,7,3,2004,90,0.0386308938557053,0
Payment and settlement,External fraud,External event,Shandong,2000-05,1,400000.0,400000.0,400000.0,400000.0,0,1.0,2000-05-01,0.0,0.0,0.0,0.0,0.0,0.0,0.0,0.0,0.0,0.0,0.0,0.0,0.0,0.0,0.0,0.0,0.0,0.0,0.0,0.0,0.0,0.0,0.0,0.0,400000.0,12.899222326086994,2000-07-30,0,0,0.1061352440662785,0.303179579041648,0.322884012539185,0.0501567398119122,5,2,2000,90,0.06618067652782252,0
Payment and settlement,External fraud,External event,Shandong,2000-10,1,90900000.0,90900000.0,90900000.0,90900000.0,1,1.0,2000-10-01,1.0,400000.0,0.0,0.0,0.0,0.0,0.0,0.0,0.0,0.0,0.0,0.0,0.0,0.0,0.0,1.0,400000.0,0.0,1.0,400000.0,0.0,1.0,400000.0,0.0,90900000.0,18.32527057014881,2000-12-30,0,0,0.1061352440662785,0.303179579041648,0.322884012539185,0.0501567398119122,10,4,2000,90,0.01699039376621463,0
Payment and settlement,External fraud,External event,Shandong,2001-05,1,6000000.0,6000000.0,6000000.0,6000000.0,0,1.0,2001-05-01,1.0,90900000.0,1.0,1.0,400000.0,0.0,0.0,0.0,0.0,0.0,0.0,0.0,0.0,0.0,0.0,2.0,91300000.0,1.0,2.0,91300000.0,1.0,2.0,91300000.0,1.0,6000000.0,15.607270193858982,2001-07-30,0,0,0.1061352440662785,0.303179579041648,0.322884012539185,0.0501567398119122,5,2,2001,90,0.17866978447896353,0
Payment and settlement,External fraud,External event,Shandong,2006-09,1,600000000.0,600000000.0,600000000.0,600000000.0,1,0.0,2006-09-01,1.0,6000000.0,0.0,1.0,90900000.0,1.0,1.0,400000.0,0.0,0.0,0.0,0.0,0.0,0.0,0.0,3.0,97300000.0,1.0,3.0,97300000.0,1.0,3.0,97300000.0,1.0,600000000.0,20.21244021484709,2006-11-30,0,0,0.1061352440662785,0.303179579041648,0.322884012539185,0.0501567398119122,9,3,2006,90,0.3567847759576322,1
Payment and settlement,External fraud,External event,Shandong,2010-12,1,2259000000.0,2259000000.0,2259000000.0,2259000000.0,1,1.0,2010-12-01,1.0,600000000.0,1.0,1.0,6000000.0,0.0,1.0,90900000.0,1.0,0.0,0.0,0.0,0.0,0.0,0.0,3.0,696900000.0,2.0,4.0,697300000.0,2.0,4.0,697300000.0,2.0,2259000000.0,21.538188074874952,2011-03-01,0,0,0.1061352440662785,0.303179579041648,0.322884012539185,0.0501567398119122,12,4,2010,90,0.19440939993578124,0
Payment and settlement,External fraud,External event,Shanghai,2004-01,1,92640.0,92640.0,92640.0,92640.0,0,0.0,2004-01-01,0.0,0.0,0.0,0.0,0.0,0.0,0.0,0.0,0.0,0.0,0.0,0.0,0.0,0.0,0.0,0.0,0.0,0.0,0.0,0.0,0.0,0.0,0.0,0.0,92640.0,11.436487087221792,2004-03-31,1,1,0.1061352440662785,0.303179579041648,0.322884012539185,0.0452306314375279,1,1,2004,90,0.5585576814807623,1
Payment and settlement,External fraud,External event,Shanghai,2004-03,1,275000000.0,275000000.0,275000000.0,275000000.0,1,0.0,2004-03-01,1.0,92640.0,0.0,0.0,0.0,0.0,0.0,0.0,0.0,0.0,0.0,0.0,0.0,0.0,0.0,1.0,92640.0,0.0,1.0,92640.0,0.0,1.0,92640.0,0.0,275000000.0,19.432281659267208,2004-05-30,0,0,0.1061352440662785,0.303179579041648,0.322884012539185,0.0452306314375279,3,1,2004,90,0.05975350740519078,0
Payment and settlement,External fraud,External event,"Shanghai,Hubei",2015-11,1,500000000.0,500000000.0,500000000.0,500000000.0,1,4.0,2015-11-01,0.0,0.0,0.0,0.0,0.0,0.0,0.0,0.0,0.0,0.0,0.0,0.0,0.0,0.0,0.0,0.0,0.0,0.0,0.0,0.0,0.0,0.0,0.0,0.0,500000000.0,20.030118658386467,2016-01-30,0,0,0.1061352440662785,0.303179579041648,0.322884012539185,0.0004478280340349,11,4,2015,90,0.04471395860250391,0
Payment and settlement,External fraud,External event,Shanxi,2001-09,1,13000000.0,13000000.0,13000000.0,13000000.0,1,1.0,2001-09-01,0.0,0.0,0.0,0.0,0.0,0.0,0.0,0.0,0.0,0.0,0.0,0.0,0.0,0.0,0.0,0.0,0.0,0.0,0.0,0.0,0.0,0.0,0.0,0.0,13000000.0,16.380459992348886,2001-11-30,0,0,0.1061352440662785,0.303179579041648,0.322884012539185,0.0214957456336766,9,3,2001,90,0.03480527095362856,0
Payment and settlement,External fraud,External event,Shanxi,2002-03,1,10000000.0,10000000.0,10000000.0,10000000.0,1,1.0,2002-03-01,1.0,13000000.0,1.0,0.0,0.0,0.0,0.0,0.0,0.0,0.0,0.0,0.0,0.0,0.0,0.0,1.0,13000000.0,1.0,1.0,13000000.0,1.0,1.0,13000000.0,1.0,10000000.0,16.118095750958314,2002-05-30,0,0,0.1061352440662785,0.303179579041648,0.322884012539185,0.0214957456336766,3,1,2002,90,0.09245617889561042,0
Payment and settlement,External fraud,External event,Shanxi,2003-04,1,1482175.0,1482175.0,1482175.0,1482175.0,0,1.0,2003-04-01,1.0,10000000.0,1.0,1.0,13000000.0,1.0,0.0,0.0,0.0,0.0,0.0,0.0,0.0,0.0,0.0,2.0,23000000.0,2.0,2.0,23000000.0,2.0,2.0,23000000.0,2.0,1482175.0,14.209021836221492,2003-06-30,0,0,0.1061352440662785,0.303179579041648,0.322884012539185,0.0214957456336766,4,2,2003,90,0.19381691616557514,0
Payment and settlement,External fraud,External event,Sichuan,2000-01,2,15350000.0,7675000.0,7675000.0,12940000.0,1,1.5,2000-01-01,0.0,0.0,0.0,0.0,0.0,0.0,0.0,0.0,0.0,0.0,0.0,0.0,0.0,0.0,0.0,0.0,0.0,0.0,0.0,0.0,0.0,0.0,0.0,0.0,7675000.0,16.546626097144056,2000-03-31,0,0,0.1061352440662785,0.303179579041648,0.322884012539185,0.0273175100761307,1,1,2000,90,0.04748330012743307,0
Payment and settlement,External fraud,External event,Sichuan,2002-10,1,29000.0,29000.0,29000.0,29000.0,0,1.0,2002-10-01,2.0,15350000.0,1.0,0.0,0.0,0.0,0.0,0.0,0.0,0.0,0.0,0.0,0.0,0.0,0.0,2.0,15350000.0,1.0,2.0,15350000.0,1.0,2.0,15350000.0,1.0,29000.0,10.275085591132717,2002-12-30,0,0,0.1061352440662785,0.303179579041648,0.322884012539185,0.0273175100761307,10,4,2002,90,0.037395910071171726,0
Payment and settlement,External fraud,External event,Sichuan,2006-03,1,11000000.0,11000000.0,11000000.0,11000000.0,1,1.0,2006-03-01,1.0,29000.0,0.0,2.0,15350000.0,1.0,0.0,0.0,0.0,0.0,0.0,0.0,0.0,0.0,0.0,3.0,15379000.0,1.0,3.0,15379000.0,1.0,3.0,15379000.0,1.0,11000000.0,16.213405921671733,2006-05-30,0,0,0.1061352440662785,0.303179579041648,0.322884012539185,0.0273175100761307,3,1,2006,90,0.14356096273849306,0
Payment and settlement,External fraud,External event,Sichuan,2007-01,1,2700000.0,2700000.0,2700000.0,2700000.0,0,1.0,2007-01-01,1.0,11000000.0,1.0,1.0,29000.0,0.0,2.0,15350000.0,1.0,0.0,0.0,0.0,0.0,0.0,0.0,4.0,26379000.0,2.0,4.0,26379000.0,2.0,4.0,26379000.0,2.0,2700000.0,14.80876270134486,2007-04-01,0,0,0.1061352440662785,0.303179579041648,0.322884012539185,0.0273175100761307,1,1,2007,90,0.1779788789539326,0
Payment and settlement,External fraud,External event,Tianjin,1998-04,1,78200000.0,78200000.0,78200000.0,78200000.0,1,0.0,1998-04-01,0.0,0.0,0.0,0.0,0.0,0.0,0.0,0.0,0.0,0.0,0.0,0.0,0.0,0.0,0.0,0.0,0.0,0.0,0.0,0.0,0.0,0.0,0.0,0.0,78200000.0,18.174780218303265,1998-06-30,0,0,0.1061352440662785,0.303179579041648,0.322884012539185,0.0116435288849081,4,2,1998,90,0.08781945121398427,0
Payment and settlement,External fraud,External event,Tianjin,1999-10,2,283200000.0,141600000.0,141600000.0,143200000.0,2,1.5,1999-10-01,1.0,78200000.0,1.0,0.0,0.0,0.0,0.0,0.0,0.0,0.0,0.0,0.0,0.0,0.0,0.0,1.0,78200000.0,1.0,1.0,78200000.0,1.0,1.0,78200000.0,1.0,141600000.0,19.461663923314912,1999-12-30,0,0,0.1061352440662785,0.303179579041648,0.322884012539185,0.0116435288849081,10,4,1999,90,0.16142779897196755,0
Payment and settlement,External fraud,External event,Yunnan,2015-07,1,3500000.0,3500000.0,3500000.0,3500000.0,0,1.0,2015-07-01,0.0,0.0,0.0,0.0,0.0,0.0,0.0,0.0,0.0,0.0,0.0,0.0,0.0,0.0,0.0,0.0,0.0,0.0,0.0,0.0,0.0,0.0,0.0,0.0,3500000.0,15.068273812173889,2015-09-29,0,0,0.1061352440662785,0.303179579041648,0.322884012539185,0.0134348410210479,7,3,2015,90,0.031135414968029174,0
Payment and settlement,External fraud,External event,Zhejiang,2019-02,1,12830000.0,12830000.0,12830000.0,12830000.0,1,1.0,2019-02-01,0.0,0.0,0.0,0.0,0.0,0.0,0.0,0.0,0.0,0.0,0.0,0.0,0.0,0.0,0.0,0.0,0.0,0.0,0.0,0.0,0.0,0.0,0.0,0.0,12830000.0,16.36729681453414,2019-05-02,0,0,0.1061352440662785,0.303179579041648,0.322884012539185,0.0523958799820868,2,1,2019,90,0.03898546500832432,0
Payment and settlement,External fraud,People,Liaoning,2002-04,1,2500000000.0,2500000000.0,2500000000.0,2500000000.0,1,1.0,2002-04-01,0.0,0.0,0.0,0.0,0.0,0.0,0.0,0.0,0.0,0.0,0.0,0.0,0.0,0.0,0.0,0.0,0.0,0.0,0.0,0.0,0.0,0.0,0.0,0.0,2500000000.0,21.639556569220566,2002-06-30,0,0,0.1061352440662785,0.303179579041648,0.4594715629198387,0.0291088222122704,4,2,2002,90,0.065927372962002,0
Payment and settlement,External fraud,People,Liaoning,2006-02,1,20000000.0,20000000.0,20000000.0,20000000.0,1,1.0,2006-02-01,1.0,2500000000.0,1.0,0.0,0.0,0.0,0.0,0.0,0.0,0.0,0.0,0.0,0.0,0.0,0.0,1.0,2500000000.0,1.0,1.0,2500000000.0,1.0,1.0,2500000000.0,1.0,20000000.0,16.811242881518265,2006-05-02,0,0,0.1061352440662785,0.303179579041648,0.4594715629198387,0.0291088222122704,2,1,2006,90,0.2783001837511929,0
Payment and settlement,Internal fraud,People,Beijing,2000-02,1,30000000.0,30000000.0,30000000.0,30000000.0,1,1.0,2000-02-01,0.0,0.0,0.0,0.0,0.0,0.0,0.0,0.0,0.0,0.0,0.0,0.0,0.0,0.0,0.0,0.0,0.0,0.0,0.0,0.0,0.0,0.0,0.0,0.0,30000000.0,17.216707972959764,2000-05-01,0,0,0.1061352440662785,0.380653828929691,0.4594715629198387,0.0940438871473354,2,1,2000,90,0.0907403489414937,0
Payment and settlement,Internal fraud,People,"Beijing,Hebei,Henan",2015-12,1,700000000.0,700000000.0,700000000.0,700000000.0,1,7.0,2015-12-01,0.0,0.0,0.0,0.0,0.0,0.0,0.0,0.0,0.0,0.0,0.0,0.0,0.0,0.0,0.0,0.0,0.0,0.0,0.0,0.0,0.0,0.0,0.0,0.0,700000000.0,20.36659089443625,2016-02-29,0,0,0.1061352440662785,0.380653828929691,0.4594715629198387,0.0004478280340349,12,4,2015,90,0.09777487404074392,0
Payment and settlement,Internal fraud,People,"Beijing,Jiangxi",2019-07,1,200000.0,200000.0,200000.0,200000.0,0,1.0,2019-07-01,0.0,0.0,0.0,0.0,0.0,0.0,0.0,0.0,0.0,0.0,0.0,0.0,0.0,0.0,0.0,0.0,0.0,0.0,0.0,0.0,0.0,0.0,0.0,0.0,200000.0,12.206077645517674,2019-09-29,0,0,0.1061352440662785,0.380653828929691,0.4594715629198387,0.0026869682042095,7,3,2019,90,0.030898787878637392,0
Payment and settlement,Internal fraud,People,"Beijing,Shaanxi",2017-11,1,195000.0,195000.0,195000.0,195000.0,0,1.0,2017-11-01,0.0,0.0,0.0,0.0,0.0,0.0,0.0,0.0,0.0,0.0,0.0,0.0,0.0,0.0,0.0,0.0,0.0,0.0,0.0,0.0,0.0,0.0,0.0,0.0,195000.0,12.180759965737863,2018-01-30,0,0,0.1061352440662785,0.380653828929691,0.4594715629198387,0.0026869682042095,11,4,2017,90,0.05126413892838726,0
Payment and settlement,Internal fraud,People,Chongqing,2000-06,1,3690000.0,3690000.0,3690000.0,3690000.0,0,1.0,2000-06-01,0.0,0.0,0.0,0.0,0.0,0.0,0.0,0.0,0.0,0.0,0.0,0.0,0.0,0.0,0.0,0.0,0.0,0.0,0.0,0.0,0.0,0.0,0.0,0.0,3690000.0,15.121137287019383,2000-08-30,0,0,0.1061352440662785,0.380653828929691,0.4594715629198387,0.0232870577698163,6,2,2000,90,0.05900719368713404,0
Payment and settlement,Internal fraud,People,Fujian,2000-06,1,14100000.0,14100000.0,14100000.0,14100000.0,1,1.0,2000-06-01,0.0,0.0,0.0,0.0,0.0,0.0,0.0,0.0,0.0,0.0,0.0,0.0,0.0,0.0,0.0,0.0,0.0,0.0,0.0,0.0,0.0,0.0,0.0,0.0,14100000.0,16.46168542627038,2000-08-30,0,0,0.1061352440662785,0.380653828929691,0.4594715629198387,0.0237348858038513,6,2,2000,90,0.0663325480976237,0
Payment and settlement,Internal fraud,People,Fujian,2001-04,1,50100000.0,50100000.0,50100000.0,50100000.0,1,1.0,2001-04-01,1.0,14100000.0,1.0,0.0,0.0,0.0,0.0,0.0,0.0,0.0,0.0,0.0,0.0,0.0,0.0,1.0,14100000.0,1.0,1.0,14100000.0,1.0,1.0,14100000.0,1.0,50100000.0,17.729531586015174,2001-06-30,0,0,0.1061352440662785,0.380653828929691,0.4594715629198387,0.0237348858038513,4,2,2001,90,0.10447974072582994,0
Payment and settlement,Internal fraud,People,Fujian,2002-11,1,17674.2,17674.2,17674.2,17674.2,0,1.0,2002-11-01,1.0,50100000.0,1.0,1.0,14100000.0,1.0,0.0,0.0,0.0,0.0,0.0,0.0,0.0,0.0,0.0,2.0,64200000.0,2.0,2.0,64200000.0,2.0,2.0,64200000.0,2.0,17674.2,9.77991780611801,2003-01-30,0,0,0.1061352440662785,0.380653828929691,0.4594715629198387,0.0237348858038513,11,4,2002,90,0.04403847876731477,0
Payment and settlement,Internal fraud,People,Gansu,1999-05,1,44400000.0,44400000.0,44400000.0,44400000.0,1,1.0,1999-05-01,0.0,0.0,0.0,0.0,0.0,0.0,0.0,0.0,0.0,0.0,0.0,0.0,0.0,0.0,0.0,0.0,0.0,0.0,0.0,0.0,0.0,0.0,0.0,0.0,44400000.0,17.608750049924975,1999-07-30,0,0,0.1061352440662785,0.380653828929691,0.4594715629198387,0.0076130765785938,5,2,1999,90,0.11760828505984783,0
Payment and settlement,Internal fraud,People,Guangdong,1997-07,1,3320000.0,3320000.0,3320000.0,3320000.0,0,1.0,1997-07-01,0.0,0.0,0.0,0.0,0.0,0.0,0.0,0.0,0.0,0.0,0.0,0.0,0.0,0.0,0.0,0.0,0.0,0.0,0.0,0.0,0.0,0.0,0.0,0.0,3320000.0,15.015475642097446,1997-09-29,0,0,0.1061352440662785,0.380653828929691,0.4594715629198387,0.044782803403493,7,3,1997,90,0.05487099964889411,0
Payment and settlement,Internal fraud,People,Guangdong,1998-10,1,280000000.0,280000000.0,280000000.0,280000000.0,1,2.0,1998-10-01,1.0,3320000.0,0.0,0.0,0.0,0.0,0.0,0.0,0.0,0.0,0.0,0.0,0.0,0.0,0.0,1.0,3320000.0,0.0,1.0,3320000.0,0.0,1.0,3320000.0,0.0,280000000.0,19.450300164704952,1998-12-30,0,0,0.1061352440662785,0.380653828929691,0.4594715629198387,0.044782803403493,10,4,1998,90,0.05377428906058128,0
Payment and settlement,Internal fraud,People,Guangdong,2002-06,1,128247000.0,128247000.0,128247000.0,128247000.0,1,2.0,2002-06-01,1.0,280000000.0,1.0,1.0,3320000.0,0.0,0.0,0.0,0.0,0.0,0.0,0.0,0.0,0.0,0.0,2.0,283320000.0,1.0,2.0,283320000.0,1.0,2.0,283320000.0,1.0,128247000.0,18.66946865772615,2002-08-30,0,0,0.1061352440662785,0.380653828929691,0.4594715629198387,0.044782803403493,6,2,2002,90,0.34386757822896924,1
Payment and settlement,Internal fraud,People,Guangdong,2004-02,1,300000000.0,300000000.0,300000000.0,300000000.0,1,1.0,2004-02-01,1.0,128247000.0,1.0,1.0,280000000.0,1.0,1.0,3320000.0,0.0,0.0,0.0,0.0,0.0,0.0,0.0,3.0,411567000.0,2.0,3.0,411567000.0,2.0,3.0,411567000.0,2.0,300000000.0,19.519293035953808,2004-05-01,1,1,0.1061352440662785,0.380653828929691,0.4594715629198387,0.044782803403493,2,1,2004,90,0.7635785489501136,1
Payment and settlement,Internal fraud,People,Guangdong,2004-03,1,33859500.0,33859500.0,33859500.0,33859500.0,1,0.0,2004-03-01,1.0,300000000.0,1.0,1.0,128247000.0,1.0,1.0,280000000.0,1.0,0.0,0.0,0.0,0.0,0.0,0.0,3.0,708247000.0,3.0,4.0,711567000.0,3.0,4.0,711567000.0,3.0,33859500.0,17.337730197407687,2004-05-30,0,0,0.1061352440662785,0.380653828929691,0.4594715629198387,0.044782803403493,3,1,2004,90,0.4035788863676797,1
Payment and settlement,Internal fraud,People,Guangdong,2004-11,1,15570000.0,15570000.0,15570000.0,15570000.0,1,1.0,2004-11-01,1.0,33859500.0,1.0,1.0,300000000.0,1.0,1.0,128247000.0,1.0,0.0,0.0,0.0,0.0,0.0,0.0,3.0,462106500.0,3.0,5.0,745426500.0,4.0,5.0,745426500.0,4.0,15570000.0,16.560856608036254,2005-01-30,0,0,0.1061352440662785,0.380653828929691,0.4594715629198387,0.044782803403493,11,4,2004,90,0.5091810347215258,1
Payment and settlement,Internal fraud,People,Guizhou,2018-11,1,800000.0,800000.0,800000.0,800000.0,0,1.0,2018-11-01,0.0,0.0,0.0,0.0,0.0,0.0,0.0,0.0,0.0,0.0,0.0,0.0,0.0,0.0,0.0,0.0,0.0,0.0,0.0,0.0,0.0,0.0,0.0,0.0,800000.0,13.592368256649284,2019-01-30,0,0,0.1061352440662785,0.380653828929691,0.4594715629198387,0.0107478728168383,11,4,2018,90,0.06252556332234893,0
Payment and settlement,Internal fraud,People,Hebei,2002-12,1,306000000.0,306000000.0,306000000.0,306000000.0,1,1.0,2002-12-01,0.0,0.0,0.0,0.0,0.0,0.0,0.0,0.0,0.0,0.0,0.0,0.0,0.0,0.0,0.0,0.0,0.0,0.0,0.0,0.0,0.0,0.0,0.0,0.0,306000000.0,19.53909566318463,2003-03-01,0,0,0.1061352440662785,0.380653828929691,0.4594715629198387,0.0111957008508732,12,4,2002,90,0.11155701478065827,0
Payment and settlement,Internal fraud,People,"Hebei,Shanghai,Henan",2015-01,1,4400000000.0,4400000000.0,4400000000.0,4400000000.0,1,2.0,2015-01-01,0.0,0.0,0.0,0.0,0.0,0.0,0.0,0.0,0.0,0.0,0.0,0.0,0.0,0.0,0.0,0.0,0.0,0.0,0.0,0.0,0.0,0.0,0.0,0.0,4400000000.0,22.2048703780979,2015-04-01,0,0,0.1061352440662785,0.380653828929691,0.4594715629198387,0.0008956560680698,1,1,2015,90,0.08453620286070672,0
Payment and settlement,Internal fraud,People,Heilongjiang,1999-05,1,200000000.0,200000000.0,200000000.0,200000000.0,1,0.0,1999-05-01,0.0,0.0,0.0,0.0,0.0,0.0,0.0,0.0,0.0,0.0,0.0,0.0,0.0,0.0,0.0,0.0,0.0,0.0,0.0,0.0,0.0,0.0,0.0,0.0,200000000.0,19.11382792951231,1999-07-30,0,0,0.1061352440662785,0.380653828929691,0.4594715629198387,0.0228392297357814,5,2,1999,90,0.14673274144349385,0
Payment and settlement,Internal fraud,People,Heilongjiang,2000-09,1,49000000.0,49000000.0,49000000.0,49000000.0,1,1.0,2000-09-01,1.0,200000000.0,1.0,0.0,0.0,0.0,0.0,0.0,0.0,0.0,0.0,0.0,0.0,0.0,0.0,1.0,200000000.0,1.0,1.0,200000000.0,1.0,1.0,200000000.0,1.0,49000000.0,17.707330876483063,2000-11-30,0,0,0.1061352440662785,0.380653828929691,0.4594715629198387,0.0228392297357814,9,3,2000,90,0.19967295654975287,0
Payment and settlement,Internal fraud,People,Heilongjiang,2001-04,1,280000.0,280000.0,280000.0,280000.0,0,1.0,2001-04-01,1.0,49000000.0,1.0,1.0,200000000.0,1.0,0.0,0.0,0.0,0.0,0.0,0.0,0.0,0.0,0.0,2.0,249000000.0,2.0,2.0,249000000.0,2.0,2.0,249000000.0,2.0,280000.0,12.54254845357358,2001-06-30,0,0,0.1061352440662785,0.380653828929691,0.4594715629198387,0.0228392297357814,4,2,2001,90,0.0484083724764003,0
Payment and settlement,Internal fraud,People,Heilongjiang,2003-03,1,914600000.0,914600000.0,914600000.0,914600000.0,1,1.0,2003-03-01,1.0,280000.0,0.0,1.0,49000000.0,1.0,1.0,200000000.0,1.0,0.0,0.0,0.0,0.0,0.0,0.0,3.0,249280000.0,2.0,3.0,249280000.0,2.0,3.0,249280000.0,2.0,914600000.0,20.6339973702816,2003-05-30,0,0,0.1061352440662785,0.380653828929691,0.4594715629198387,0.0228392297357814,3,1,2003,90,0.23737009599886558,0
Payment and settlement,Internal fraud,People,Heilongjiang,2004-05,1,700000.0,700000.0,700000.0,700000.0,0,0.0,2004-05-01,1.0,914600000.0,1.0,1.0,280000.0,0.0,1.0,49000000.0,1.0,0.0,0.0,0.0,0.0,0.0,0.0,3.0,963880000.0,2.0,4.0,1163880000.0,3.0,4.0,1163880000.0,3.0,700000.0,13.45883704259595,2004-07-30,0,0,0.1061352440662785,0.380653828929691,0.4594715629198387,0.0228392297357814,5,2,2004,90,0.15520779992712064,0
Payment and settlement,Internal fraud,People,Heilongjiang,2015-08,1,12000.0,12000.0,12000.0,12000.0,0,1.0,2015-08-01,1.0,700000.0,0.0,1.0,914600000.0,1.0,1.0,280000.0,0.0,0.0,0.0,0.0,0.0,0.0,0.0,3.0,915580000.0,1.0,5.0,1164580000.0,3.0,5.0,1164580000.0,3.0,12000.0,9.39274525863144,2015-10-30,0,0,0.1061352440662785,0.380653828929691,0.4594715629198387,0.0228392297357814,8,3,2015,90,0.049825029307295585,0
Payment and settlement,Internal fraud,People,Henan,2001-04,1,1970168.0,1970168.0,1970168.0,1970168.0,0,1.0,2001-04-01,0.0,0.0,0.0,0.0,0.0,0.0,0.0,0.0,0.0,0.0,0.0,0.0,0.0,0.0,0.0,0.0,0.0,0.0,0.0,0.0,0.0,0.0,0.0,0.0,1970168.0,14.493629883836723,2001-06-30,0,0,0.1061352440662785,0.380653828929691,0.4594715629198387,0.0497089117778772,4,2,2001,90,0.047509128055824974,0
Payment and settlement,Internal fraud,People,Henan,2002-05,1,61600000.0,61600000.0,61600000.0,61600000.0,1,2.0,2002-05-01,1.0,1970168.0,0.0,0.0,0.0,0.0,0.0,0.0,0.0,0.0,0.0,0.0,0.0,0.0,0.0,1.0,1970168.0,0.0,1.0,1970168.0,0.0,1.0,1970168.0,0.0,61600000.0,17.936172444737515,2002-07-30,0,0,0.1061352440662785,0.380653828929691,0.4594715629198387,0.0497089117778772,5,2,2002,90,0.05622164998238472,0
Payment and settlement,Internal fraud,People,Henan,2002-11,1,10410000.0,10410000.0,10410000.0,10410000.0,1,1.0,2002-11-01,1.0,61600000.0,1.0,1.0,1970168.0,0.0,0.0,0.0,0.0,0.0,0.0,0.0,0.0,0.0,0.0,2.0,63570168.0,1.0,2.0,63570168.0,1.0,2.0,63570168.0,1.0,10410000.0,16.158277536652626,2003-01-30,0,0,0.1061352440662785,0.380653828929691,0.4594715629198387,0.0497089117778772,11,4,2002,90,0.2945412758661259,0
Payment and settlement,Internal fraud,People,Henan,2003-02,1,130000000.0,130000000.0,130000000.0,130000000.0,1,1.0,2003-02-01,1.0,10410000.0,1.0,1.0,61600000.0,1.0,1.0,1970168.0,0.0,0.0,0.0,0.0,0.0,0.0,0.0,3.0,73980168.0,2.0,3.0,73980168.0,2.0,3.0,73980168.0,2.0,130000000.0,18.683045016112164,2003-05-02,1,1,0.1061352440662785,0.380653828929691,0.4594715629198387,0.0497089117778772,2,1,2003,90,0.6910558565204566,1
Payment and settlement,Internal fraud,People,Henan,2003-04,2,120700000.0,60350000.0,60350000.0,100000000.0,2,1.5,2003-04-01,1.0,130000000.0,1.0,1.0,10410000.0,1.0,1.0,61600000.0,1.0,0.0,0.0,0.0,0.0,0.0,0.0,3.0,202010000.0,3.0,4.0,203980168.0,3.0,4.0,203980168.0,3.0,60350000.0,18.608818694352763,2003-06-30,0,0,0.1061352440662785,0.380653828929691,0.4594715629198387,0.0497089117778772,4,2,2003,90,0.4082545229894658,1
Payment and settlement,Internal fraud,People,Henan,2005-10,1,292000000.0,292000000.0,292000000.0,292000000.0,1,1.0,2005-10-01,2.0,120700000.0,2.0,1.0,130000000.0,1.0,1.0,10410000.0,1.0,0.0,0.0,0.0,0.0,0.0,0.0,4.0,261110000.0,4.0,6.0,324680168.0,5.0,6.0,324680168.0,5.0,292000000.0,19.492264363657213,2005-12-30,0,0,0.1061352440662785,0.380653828929691,0.4594715629198387,0.0497089117778772,10,4,2005,90,0.5739792764528633,1
Payment and settlement,Internal fraud,People,Henan,2018-12,1,200000.0,200000.0,200000.0,200000.0,0,1.0,2018-12-01,1.0,292000000.0,1.0,2.0,120700000.0,2.0,1.0,130000000.0,1.0,1.0,1970168.0,0.0,0.0,0.0,0.0,4.0,542700000.0,4.0,7.0,616680168.0,6.0,7.0,616680168.0,6.0,200000.0,12.206077645517674,2019-03-01,0,0,0.1061352440662785,0.380653828929691,0.4594715629198387,0.0497089117778772,12,4,2018,90,0.06223727147068864,0
Payment and settlement,Internal fraud,People,Hubei,2005-09,1,3000000.0,3000000.0,3000000.0,3000000.0,0,1.0,2005-09-01,0.0,0.0,0.0,0.0,0.0,0.0,0.0,0.0,0.0,0.0,0.0,0.0,0.0,0.0,0.0,0.0,0.0,0.0,0.0,0.0,0.0,0.0,0.0,0.0,3000000.0,14.914123179965662,2005-11-30,0,0,0.1061352440662785,0.380653828929691,0.4594715629198387,0.0313479623824451,9,3,2005,90,0.03682613527017797,0
Payment and settlement,Internal fraud,People,Hubei,2006-05,1,4750000.0,4750000.0,4750000.0,4750000.0,0,1.0,2006-05-01,1.0,3000000.0,0.0,0.0,0.0,0.0,0.0,0.0,0.0,0.0,0.0,0.0,0.0,0.0,0.0,1.0,3000000.0,0.0,1.0,3000000.0,0.0,1.0,3000000.0,0.0,4750000.0,15.373655386537118,2006-07-30,0,0,0.1061352440662785,0.380653828929691,0.4594715629198387,0.0313479623824451,5,2,2006,90,0.031144680926886336,0
Payment and settlement,Internal fraud,People,Hunan,2001-05,1,1555537.0,1555537.0,1555537.0,1555537.0,0,1.0,2001-05-01,0.0,0.0,0.0,0.0,0.0,0.0,0.0,0.0,0.0,0.0,0.0,0.0,0.0,0.0,0.0,0.0,0.0,0.0,0.0,0.0,0.0,0.0,0.0,0.0,1555537.0,14.257332024465343,2001-07-30,0,0,0.1061352440662785,0.380653828929691,0.4594715629198387,0.0277653381101656,5,2,2001,90,0.04438473078145987,0
Payment and settlement,Internal fraud,People,Hunan,2002-01,1,10000000.0,10000000.0,10000000.0,10000000.0,1,1.0,2002-01-01,1.0,1555537.0,0.0,0.0,0.0,0.0,0.0,0.0,0.0,0.0,0.0,0.0,0.0,0.0,0.0,1.0,1555537.0,0.0,1.0,1555537.0,0.0,1.0,1555537.0,0.0,10000000.0,16.118095750958314,2002-04-01,0,0,0.1061352440662785,0.380653828929691,0.4594715629198387,0.0277653381101656,1,1,2002,90,0.044805813421269096,0
Payment and settlement,Internal fraud,People,Hunan,2005-06,1,1400000.0,1400000.0,1400000.0,1400000.0,0,1.0,2005-06-01,1.0,10000000.0,1.0,1.0,1555537.0,0.0,0.0,0.0,0.0,0.0,0.0,0.0,0.0,0.0,0.0,2.0,11555537.0,1.0,2.0,11555537.0,1.0,2.0,11555537.0,1.0,1400000.0,14.151983508870948,2005-08-30,0,0,0.1061352440662785,0.380653828929691,0.4594715629198387,0.0277653381101656,6,2,2005,90,0.1339796945999888,0
Payment and settlement,Internal fraud,People,Hunan,2006-02,1,19000000.0,19000000.0,19000000.0,19000000.0,1,0.0,2006-02-01,1.0,1400000.0,0.0,1.0,10000000.0,1.0,1.0,1555537.0,0.0,0.0,0.0,0.0,0.0,0.0,0.0,3.0,12955537.0,1.0,3.0,12955537.0,1.0,3.0,12955537.0,1.0,19000000.0,16.759949589762293,2006-05-02,0,0,0.1061352440662785,0.380653828929691,0.4594715629198387,0.0277653381101656,2,1,2006,90,0.27467808006607225,0
Payment and settlement,Internal fraud,People,Hunan,2006-10,1,20000000.0,20000000.0,20000000.0,20000000.0,1,0.0,2006-10-01,1.0,19000000.0,1.0,1.0,1400000.0,0.0,1.0,10000000.0,1.0,0.0,0.0,0.0,0.0,0.0,0.0,3.0,30400000.0,2.0,4.0,31955537.0,2.0,4.0,31955537.0,2.0,20000000.0,16.811242881518265,2006-12-30,0,0,0.1061352440662785,0.380653828929691,0.4594715629198387,0.0277653381101656,10,4,2006,90,0.2861879379510468,0
Payment and settlement,Internal fraud,People,Inner mongolia,1996-09,1,370950000.0,370950000.0,370950000.0,370950000.0,1,1.0,1996-09-01,0.0,0.0,0.0,0.0,0.0,0.0,0.0,0.0,0.0,0.0,0.0,0.0,0.0,0.0,0.0,0.0,0.0,0.0,0.0,0.0,0.0,0.0,0.0,0.0,370950000.0,19.73157784329559,1996-11-30,0,0,0.1061352440662785,0.380653828929691,0.4594715629198387,0.0053739364084191,9,3,1996,90,0.11505407550164397,0
Payment and settlement,Internal fraud,People,Inner mongolia,1997-11,1,518000000.0,518000000.0,518000000.0,518000000.0,1,1.0,1997-11-01,1.0,370950000.0,1.0,0.0,0.0,0.0,0.0,0.0,0.0,0.0,0.0,0.0,0.0,0.0,0.0,1.0,370950000.0,1.0,1.0,370950000.0,1.0,1.0,370950000.0,1.0,518000000.0,20.06548580215426,1998-01-30,0,0,0.1061352440662785,0.380653828929691,0.4594715629198387,0.0053739364084191,11,4,1997,90,0.30893637626790893,0
Payment and settlement,Internal fraud,People,Inner mongolia,2000-01,1,9000000.0,9000000.0,9000000.0,9000000.0,0,2.0,2000-01-01,1.0,518000000.0,1.0,1.0,370950000.0,1.0,0.0,0.0,0.0,0.0,0.0,0.0,0.0,0.0,0.0,2.0,888950000.0,2.0,2.0,888950000.0,2.0,2.0,888950000.0,2.0,9000000.0,16.012735246411598,2000-03-31,0,0,0.1061352440662785,0.380653828929691,0.4594715629198387,0.0053739364084191,1,1,2000,90,0.3345429787537969,1
Payment and settlement,Internal fraud,People,Inner mongolia,2000-05,1,9000000.0,9000000.0,9000000.0,9000000.0,0,3.0,2000-05-01,1.0,9000000.0,0.0,1.0,518000000.0,1.0,1.0,370950000.0,1.0,0.0,0.0,0.0,0.0,0.0,0.0,3.0,897950000.0,2.0,3.0,897950000.0,2.0,3.0,897950000.0,2.0,9000000.0,16.012735246411598,2000-07-30,0,0,0.1061352440662785,0.380653828929691,0.4594715629198387,0.0053739364084191,5,2,2000,90,0.2519104866286978,0
Payment and settlement,Internal fraud,People,Jiangsu,2019-07,1,400000.0,400000.0,400000.0,400000.0,0,1.0,2019-07-01,0.0,0.0,0.0,0.0,0.0,0.0,0.0,0.0,0.0,0.0,0.0,0.0,0.0,0.0,0.0,0.0,0.0,0.0,0.0,0.0,0.0,0.0,0.0,0.0,400000.0,12.899222326086994,2019-09-29,0,0,0.1061352440662785,0.380653828929691,0.4594715629198387,0.032243618450515,7,3,2019,90,0.02204091353302035,0
Payment and settlement,Internal fraud,People,Jilin,2013-05,1,4070000.0,4070000.0,4070000.0,4070000.0,0,2.0,2013-05-01,0.0,0.0,0.0,0.0,0.0,0.0,0.0,0.0,0.0,0.0,0.0,0.0,0.0,0.0,0.0,0.0,0.0,0.0,0.0,0.0,0.0,0.0,0.0,0.0,4070000.0,15.219153803118994,2013-07-30,0,0,0.1061352440662785,0.380653828929691,0.4594715629198387,0.0197044334975369,5,2,2013,90,0.0793732895036763,0
Payment and settlement,Internal fraud,People,Jilin,2015-07,1,111000000.0,111000000.0,111000000.0,111000000.0,1,1.0,2015-07-01,1.0,4070000.0,0.0,0.0,0.0,0.0,0.0,0.0,0.0,0.0,0.0,0.0,0.0,0.0,0.0,1.0,4070000.0,0.0,1.0,4070000.0,0.0,1.0,4070000.0,0.0,111000000.0,18.525040768285617,2015-09-29,0,0,0.1061352440662785,0.380653828929691,0.4594715629198387,0.0197044334975369,7,3,2015,90,0.08395488681683282,0
Payment and settlement,Internal fraud,People,"Jilin,Shandong,Henan,Qinghai,Ningxia",2013-01,1,87200.0,87200.0,87200.0,87200.0,0,1.0,2013-01-01,0.0,0.0,0.0,0.0,0.0,0.0,0.0,0.0,0.0,0.0,0.0,0.0,0.0,0.0,0.0,0.0,0.0,0.0,0.0,0.0,0.0,0.0,0.0,0.0,87200.0,11.375971077721225,2013-04-01,0,0,0.1061352440662785,0.380653828929691,0.4594715629198387,0.0004478280340349,1,1,2013,90,0.12808313035791047,0
Payment and settlement,Internal fraud,People,Liaoning,1999-04,1,5000000.0,5000000.0,5000000.0,5000000.0,0,1.0,1999-04-01,0.0,0.0,0.0,0.0,0.0,0.0,0.0,0.0,0.0,0.0,0.0,0.0,0.0,0.0,0.0,0.0,0.0,0.0,0.0,0.0,0.0,0.0,0.0,0.0,5000000.0,15.424948670398354,1999-06-30,0,0,0.1061352440662785,0.380653828929691,0.4594715629198387,0.0291088222122704,4,2,1999,90,0.06940641545434185,0
Payment and settlement,Internal fraud,People,Shandong,2000-10,1,89500000.0,89500000.0,89500000.0,89500000.0,1,1.0,2000-10-01,0.0,0.0,0.0,0.0,0.0,0.0,0.0,0.0,0.0,0.0,0.0,0.0,0.0,0.0,0.0,0.0,0.0,0.0,0.0,0.0,0.0,0.0,0.0,0.0,89500000.0,18.309749194418263,2000-12-30,0,0,0.1061352440662785,0.380653828929691,0.4594715629198387,0.0501567398119122,10,4,2000,90,0.10004730112308956,0
Payment and settlement,Internal fraud,People,Shandong,2003-03,1,10600000000.0,10600000000.0,10600000000.0,10600000000.0,1,1.0,2003-03-01,1.0,89500000.0,1.0,0.0,0.0,0.0,0.0,0.0,0.0,0.0,0.0,0.0,0.0,0.0,0.0,1.0,89500000.0,1.0,1.0,89500000.0,1.0,1.0,89500000.0,1.0,10600000000.0,23.084119838158774,2003-05-30,0,0,0.1061352440662785,0.380653828929691,0.4594715629198387,0.0501567398119122,3,1,2003,90,0.17362689978364146,0
Payment and settlement,Internal fraud,People,Shandong,2004-03,1,30000000.0,30000000.0,30000000.0,30000000.0,1,0.0,2004-03-01,1.0,10600000000.0,1.0,1.0,89500000.0,1.0,0.0,0.0,0.0,0.0,0.0,0.0,0.0,0.0,0.0,2.0,10689500000.0,2.0,2.0,10689500000.0,2.0,2.0,10689500000.0,2.0,30000000.0,17.216707972959764,2004-05-30,0,0,0.1061352440662785,0.380653828929691,0.4594715629198387,0.0501567398119122,3,1,2004,90,0.44331154510875204,1
Payment and settlement,Internal fraud,People,Shandong,2006-07,1,600000000.0,600000000.0,600000000.0,600000000.0,1,0.0,2006-07-01,1.0,30000000.0,1.0,1.0,10600000000.0,1.0,1.0,89500000.0,1.0,0.0,0.0,0.0,0.0,0.0,0.0,3.0,10719500000.0,3.0,3.0,10719500000.0,3.0,3.0,10719500000.0,3.0,600000000.0,20.21244021484709,2006-09-29,1,1,0.1061352440662785,0.380653828929691,0.4594715629198387,0.0501567398119122,7,3,2006,90,0.7158194989621428,1
Payment and settlement,Internal fraud,People,Shandong,2006-09,1,22000000.0,22000000.0,22000000.0,22000000.0,1,0.0,2006-09-01,1.0,600000000.0,1.0,1.0,30000000.0,1.0,1.0,10600000000.0,1.0,0.0,0.0,0.0,0.0,0.0,0.0,3.0,11230000000.0,3.0,4.0,11319500000.0,4.0,4.0,11319500000.0,4.0,22000000.0,16.906553056777135,2006-11-30,0,0,0.1061352440662785,0.380653828929691,0.4594715629198387,0.0501567398119122,9,3,2006,90,0.37716967000949914,1
Payment and settlement,Internal fraud,People,Shandong,2016-02,1,1098228500.0,1098228500.0,1098228500.0,1098228500.0,1,2.0,2016-02-01,1.0,22000000.0,1.0,1.0,600000000.0,1.0,1.0,30000000.0,1.0,0.0,0.0,0.0,0.0,0.0,0.0,3.0,652000000.0,3.0,5.0,11341500000.0,5.0,5.0,11341500000.0,5.0,1098228500.0,20.81696426493996,2016-05-01,0,0,0.1061352440662785,0.380653828929691,0.4594715629198387,0.0501567398119122,2,1,2016,90,0.2662519329022748,0
Payment and settlement,Internal fraud,People,Shandong,2019-03,1,7935200.0,7935200.0,7935200.0,7935200.0,0,1.0,2019-03-01,1.0,1098228500.0,1.0,1.0,22000000.0,1.0,1.0,600000000.0,1.0,1.0,89500000.0,1.0,0.0,0.0,0.0,3.0,1720228500.0,3.0,6.0,12439728500.0,6.0,6.0,12439728500.0,6.0,7935200.0,15.88681924243468,2019-05-30,0,0,0.1061352440662785,0.380653828929691,0.4594715629198387,0.0501567398119122,3,1,2019,90,0.24067579555246202,0
Payment and settlement,Internal fraud,People,"Shandong,Gansu",2013-03,1,264730000.0,264730000.0,264730000.0,264730000.0,1,3.0,2013-03-01,0.0,0.0,0.0,0.0,0.0,0.0,0.0,0.0,0.0,0.0,0.0,0.0,0.0,0.0,0.0,0.0,0.0,0.0,0.0,0.0,0.0,0.0,0.0,0.0,264730000.0,19.39422100040465,2013-05-30,0,0,0.1061352440662785,0.380653828929691,0.4594715629198387,0.0004478280340349,3,1,2013,90,0.13701221450126272,0
Payment and settlement,Internal fraud,People,"Shandong,Hubei,Guangdong",2016-02,1,7106799.999999999,7106799.999999999,7106799.999999999,7106799.999999999,0,1.0,2016-02-01,0.0,0.0,0.0,0.0,0.0,0.0,0.0,0.0,0.0,0.0,0.0,0.0,0.0,0.0,0.0,0.0,0.0,0.0,0.0,0.0,0.0,0.0,0.0,0.0,7106799.999999999,15.776562770854184,2016-05-01,0,0,0.1061352440662785,0.380653828929691,0.4594715629198387,0.0004478280340349,2,1,2016,90,0.044618226676857956,0
Payment and settlement,Internal fraud,People,Shanghai,2001-09,1,300000000.0,300000000.0,300000000.0,300000000.0,1,1.0,2001-09-01,0.0,0.0,0.0,0.0,0.0,0.0,0.0,0.0,0.0,0.0,0.0,0.0,0.0,0.0,0.0,0.0,0.0,0.0,0.0,0.0,0.0,0.0,0.0,0.0,300000000.0,19.519293035953808,2001-11-30,0,0,0.1061352440662785,0.380653828929691,0.4594715629198387,0.0452306314375279,9,3,2001,90,0.09415231350146894,0
Payment and settlement,Internal fraud,People,Shanghai,2004-06,1,90000000.0,90000000.0,90000000.0,90000000.0,1,1.0,2004-06-01,1.0,300000000.0,1.0,0.0,0.0,0.0,0.0,0.0,0.0,0.0,0.0,0.0,0.0,0.0,0.0,1.0,300000000.0,1.0,1.0,300000000.0,1.0,1.0,300000000.0,1.0,90000000.0,18.31532023940565,2004-08-30,0,0,0.1061352440662785,0.380653828929691,0.4594715629198387,0.0452306314375279,6,2,2004,90,0.36631544250956727,1
Payment and settlement,Internal fraud,People,Shanxi,2001-07,1,146000000.0,146000000.0,146000000.0,146000000.0,1,1.0,2001-07-01,0.0,0.0,0.0,0.0,0.0,0.0,0.0,0.0,0.0,0.0,0.0,0.0,0.0,0.0,0.0,0.0,0.0,0.0,0.0,0.0,0.0,0.0,0.0,0.0,146000000.0,18.79911718652193,2001-09-29,0,0,0.1061352440662785,0.380653828929691,0.4594715629198387,0.0214957456336766,7,3,2001,90,0.09346944467780174,0
Payment and settlement,Internal fraud,People,Shanxi,2007-11,1,10640000.0,10640000.0,10640000.0,10640000.0,1,1.0,2007-11-01,1.0,146000000.0,1.0,0.0,0.0,0.0,0.0,0.0,0.0,0.0,0.0,0.0,0.0,0.0,0.0,1.0,146000000.0,1.0,1.0,146000000.0,1.0,1.0,146000000.0,1.0,10640000.0,16.18013113586273,2008-01-30,0,0,0.1061352440662785,0.380653828929691,0.4594715629198387,0.0214957456336766,11,4,2007,90,0.2462600743347317,0
Payment and settlement,Internal fraud,People,Sichuan,1996-12,1,28900000.0,28900000.0,28900000.0,28900000.0,1,1.0,1996-12-01,0.0,0.0,0.0,0.0,0.0,0.0,0.0,0.0,0.0,0.0,0.0,0.0,0.0,0.0,0.0,0.0,0.0,0.0,0.0,0.0,0.0,0.0,0.0,0.0,28900000.0,17.179352187684735,1997-03-01,0,0,0.1061352440662785,0.380653828929691,0.4594715629198387,0.0273175100761307,12,4,1996,90,0.20157950077923428,0
Payment and settlement,Internal fraud,People,Sichuan,1998-02,1,30650000.0,30650000.0,30650000.0,30650000.0,1,1.0,1998-02-01,1.0,28900000.0,1.0,0.0,0.0,0.0,0.0,0.0,0.0,0.0,0.0,0.0,0.0,0.0,0.0,1.0,28900000.0,1.0,1.0,28900000.0,1.0,1.0,28900000.0,1.0,30650000.0,17.23814325297292,1998-05-02,0,0,0.1061352440662785,0.380653828929691,0.4594715629198387,0.0273175100761307,2,1,1998,90,0.14667908596769175,0
Payment and settlement,Internal fraud,People,Sichuan,2014-09,1,180000000.0,180000000.0,180000000.0,180000000.0,1,5.0,2014-09-01,1.0,30650000.0,1.0,1.0,28900000.0,1.0,0.0,0.0,0.0,0.0,0.0,0.0,0.0,0.0,0.0,2.0,59550000.0,2.0,2.0,59550000.0,2.0,2.0,59550000.0,2.0,180000000.0,19.00846741441004,2014-11-30,0,0,0.1061352440662785,0.380653828929691,0.4594715629198387,0.0273175100761307,9,3,2014,90,0.29607264248852727,0
Payment and settlement,Internal fraud,People,Tianjin,2000-02,1,21020000.0,21020000.0,21020000.0,21020000.0,1,1.0,2000-02-01,0.0,0.0,0.0,0.0,0.0,0.0,0.0,0.0,0.0,0.0,0.0,0.0,0.0,0.0,0.0,0.0,0.0,0.0,0.0,0.0,0.0,0.0,0.0,0.0,21020000.0,16.860984970986816,2000-05-01,0,0,0.1061352440662785,0.380653828929691,0.4594715629198387,0.0116435288849081,2,1,2000,90,0.06338465405546635,0
Payment and settlement,Internal fraud,People,Tianjin,2000-12,1,5000000.0,5000000.0,5000000.0,5000000.0,0,1.0,2000-12-01,1.0,21020000.0,1.0,0.0,0.0,0.0,0.0,0.0,0.0,0.0,0.0,0.0,0.0,0.0,0.0,1.0,21020000.0,1.0,1.0,21020000.0,1.0,1.0,21020000.0,1.0,5000000.0,15.424948670398354,2001-03-01,0,0,0.1061352440662785,0.380653828929691,0.4594715629198387,0.0116435288849081,12,4,2000,90,0.09141478666541046,0
Payment and settlement,Internal fraud,People,"Tianjin,Hebei,Shanghai,Chongqing",2015-10,1,1900000000.0,1900000000.0,1900000000.0,1900000000.0,1,4.0,2015-10-01,0.0,0.0,0.0,0.0,0.0,0.0,0.0,0.0,0.0,0.0,0.0,0.0,0.0,0.0,0.0,0.0,0.0,0.0,0.0,0.0,0.0,0.0,0.0,0.0,1900000000.0,21.36511972364512,2015-12-30,0,0,0.1061352440662785,0.380653828929691,0.4594715629198387,0.0004478280340349,10,4,2015,90,0.08882845226286325,0
Payment and settlement,Internal fraud,People,Yunnan,2000-08,1,620000.0,620000.0,620000.0,620000.0,0,1.0,2000-08-01,0.0,0.0,0.0,0.0,0.0,0.0,0.0,0.0,0.0,0.0,0.0,0.0,0.0,0.0,0.0,0.0,0.0,0.0,0.0,0.0,0.0,0.0,0.0,0.0,620000.0,13.3374763699232,2000-10-30,0,0,0.1061352440662785,0.380653828929691,0.4594715629198387,0.0134348410210479,8,3,2000,90,0.04904558141595253,0
Payment and settlement,Internal fraud,People,Zhejiang,2002-08,1,2360000.0,2360000.0,2360000.0,2360000.0,0,1.0,2002-08-01,0.0,0.0,0.0,0.0,0.0,0.0,0.0,0.0,0.0,0.0,0.0,0.0,0.0,0.0,0.0,0.0,0.0,0.0,0.0,0.0,0.0,0.0,0.0,0.0,2360000.0,14.674172600730516,2002-10-30,0,0,0.1061352440662785,0.380653828929691,0.4594715629198387,0.0523958799820868,8,3,2002,90,0.045574331855430104,0
Payment and settlement,Internal fraud,People,Zhejiang,2003-04,1,680000.0,680000.0,680000.0,680000.0,0,1.0,2003-04-01,1.0,2360000.0,0.0,0.0,0.0,0.0,0.0,0.0,0.0,0.0,0.0,0.0,0.0,0.0,0.0,1.0,2360000.0,0.0,1.0,2360000.0,0.0,1.0,2360000.0,0.0,680000.0,13.429849547739444,2003-06-30,0,0,0.1061352440662785,0.380653828929691,0.4594715629198387,0.0523958799820868,4,2,2003,90,0.022588949705716174,0
Payment and settlement,Internal fraud,People,Zhejiang,2004-04,1,11100000.0,11100000.0,11100000.0,11100000.0,1,0.0,2004-04-01,1.0,680000.0,0.0,1.0,2360000.0,0.0,0.0,0.0,0.0,0.0,0.0,0.0,0.0,0.0,0.0,2.0,3040000.0,0.0,2.0,3040000.0,0.0,2.0,3040000.0,0.0,11100000.0,16.22245575637265,2004-06-30,0,0,0.1061352440662785,0.380653828929691,0.4594715629198387,0.0523958799820868,4,2,2004,90,0.11707437609872992,0
Payment and settlement,Internal fraud,Process,Anhui,2009-02,1,194000000.0,194000000.0,194000000.0,194000000.0,1,1.0,2009-02-01,0.0,0.0,0.0,0.0,0.0,0.0,0.0,0.0,0.0,0.0,0.0,0.0,0.0,0.0,0.0,0.0,0.0,0.0,0.0,0.0,0.0,0.0,0.0,0.0,194000000.0,19.083368722182243,2009-05-02,0,0,0.1061352440662785,0.380653828929691,0.2001791312136139,0.0250783699059561,2,1,2009,90,0.04072705343928636,0
Payment and settlement,Internal fraud,Process,Beijing,2007-03,1,56828600.0,56828600.0,56828600.0,56828600.0,1,1.0,2007-03-01,0.0,0.0,0.0,0.0,0.0,0.0,0.0,0.0,0.0,0.0,0.0,0.0,0.0,0.0,0.0,0.0,0.0,0.0,0.0,0.0,0.0,0.0,0.0,0.0,56828600.0,17.855550295690687,2007-05-30,0,0,0.1061352440662785,0.380653828929691,0.2001791312136139,0.0940438871473354,3,1,2007,90,0.04435423845281541,0
Payment and settlement,Internal fraud,Process,"Beijing,Jilin",2018-12,1,70000.0,70000.0,70000.0,70000.0,0,1.0,2018-12-01,0.0,0.0,0.0,0.0,0.0,0.0,0.0,0.0,0.0,0.0,0.0,0.0,0.0,0.0,0.0,0.0,0.0,0.0,0.0,0.0,0.0,0.0,0.0,0.0,70000.0,11.156264806643742,2019-03-01,0,0,0.1061352440662785,0.380653828929691,0.2001791312136139,0.006269592476489,12,4,2018,90,0.06292358469822106,0
Payment and settlement,Internal fraud,Process,Jiangsu,2006-06,1,190787510.0,190787510.0,190787510.0,190787510.0,1,0.0,2006-06-01,0.0,0.0,0.0,0.0,0.0,0.0,0.0,0.0,0.0,0.0,0.0,0.0,0.0,0.0,0.0,0.0,0.0,0.0,0.0,0.0,0.0,0.0,0.0,0.0,190787510.0,19.066670858861283,2006-08-30,0,0,0.1061352440662785,0.380653828929691,0.2001791312136139,0.032243618450515,6,2,2006,90,0.06805436446841454,0
Payment and settlement,Internal fraud,Process,Ningxia,2019-06,1,412426.00000000006,412426.00000000006,412426.00000000006,412426.00000000006,0,1.0,2019-06-01,0.0,0.0,0.0,0.0,0.0,0.0,0.0,0.0,0.0,0.0,0.0,0.0,0.0,0.0,0.0,0.0,0.0,0.0,0.0,0.0,0.0,0.0,0.0,0.0,412426.00000000006,12.92981449939892,2019-08-30,0,0,0.1061352440662785,0.380653828929691,0.2001791312136139,0.0031347962382445,6,2,2019,90,0.023294474828988266,0
Payment and settlement,Internal fraud,Process,Zhejiang,2016-03,1,68591400.0,68591400.0,68591400.0,68591400.0,1,4.0,2016-03-01,0.0,0.0,0.0,0.0,0.0,0.0,0.0,0.0,0.0,0.0,0.0,0.0,0.0,0.0,0.0,0.0,0.0,0.0,0.0,0.0,0.0,0.0,0.0,0.0,68591400.0,18.043677734984936,2016-05-30,0,0,0.1061352440662785,0.380653828929691,0.2001791312136139,0.0523958799820868,3,1,2016,90,0.03815984586160489,0
Retail banking,Business disruption and system failures,People,Henan,2015-03,1,3093900.0,3093900.0,3093900.0,3093900.0,0,0.0,2015-03-01,0.0,0.0,0.0,0.0,0.0,0.0,0.0,0.0,0.0,0.0,0.0,0.0,0.0,0.0,0.0,0.0,0.0,0.0,0.0,0.0,0.0,0.0,0.0,0.0,3093900.0,14.94494331218887,2015-05-30,0,0,0.4088669950738916,0.0094043887147335,0.4594715629198387,0.0497089117778772,3,1,2015,90,0.053672201028084614,0
Retail banking,Business disruption and system failures,System,Guangdong,2003-05,1,6860000.0,6860000.0,6860000.0,6860000.0,0,1.0,2003-05-01,0.0,0.0,0.0,0.0,0.0,0.0,0.0,0.0,0.0,0.0,0.0,0.0,0.0,0.0,0.0,0.0,0.0,0.0,0.0,0.0,0.0,0.0,0.0,0.0,6860000.0,15.741218145474653,2003-07-30,0,0,0.4088669950738916,0.0094043887147335,0.0174652933273622,0.044782803403493,5,2,2003,90,0.03092057385636523,0
Retail banking,Business disruption and system failures,System,Guangdong,2006-04,1,175000.0,175000.0,175000.0,175000.0,0,0.0,2006-04-01,1.0,6860000.0,0.0,0.0,0.0,0.0,0.0,0.0,0.0,0.0,0.0,0.0,0.0,0.0,0.0,1.0,6860000.0,0.0,1.0,6860000.0,0.0,1.0,6860000.0,0.0,175000.0,12.07254696717504,2006-06-30,0,0,0.4088669950738916,0.0094043887147335,0.0174652933273622,0.044782803403493,4,2,2006,90,0.011875883128139277,0
Retail banking,Business disruption and system failures,System,Guangdong,2007-01,1,5010.0,5010.0,5010.0,5010.0,0,0.0,2007-01-01,1.0,175000.0,0.0,1.0,6860000.0,0.0,0.0,0.0,0.0,0.0,0.0,0.0,0.0,0.0,0.0,2.0,7035000.0,0.0,2.0,7035000.0,0.0,2.0,7035000.0,0.0,5010.0,8.519390774959724,2007-04-01,0,0,0.4088669950738916,0.0094043887147335,0.0174652933273622,0.044782803403493,1,1,2007,90,0.02907250788713192,0
Retail banking,Business disruption and system failures,System,Guangdong,2010-01,1,19950.0,19950.0,19950.0,19950.0,0,0.0,2010-01-01,1.0,5010.0,0.0,1.0,175000.0,0.0,1.0,6860000.0,0.0,0.0,0.0,0.0,0.0,0.0,0.0,3.0,7040010.0,0.0,3.0,7040010.0,0.0,3.0,7040010.0,0.0,19950.0,9.901034546375062,2010-04-01,0,0,0.4088669950738916,0.0094043887147335,0.0174652933273622,0.044782803403493,1,1,2010,90,0.018312130019546492,0
Retail banking,Business disruption and system failures,System,Guangxi,2002-01,1,660000.0,660000.0,660000.0,660000.0,0,1.0,2002-01-01,0.0,0.0,0.0,0.0,0.0,0.0,0.0,0.0,0.0,0.0,0.0,0.0,0.0,0.0,0.0,0.0,0.0,0.0,0.0,0.0,0.0,0.0,0.0,0.0,660000.0,13.399996629152977,2002-04-01,0,0,0.4088669950738916,0.0094043887147335,0.0174652933273622,0.0143304970891177,1,1,2002,90,0.028330784827644364,0
Retail banking,Business disruption and system failures,System,Hubei,2010-06,2,30000.0,15000.0,15000.0,15000.0,0,0.0,2010-06-01,0.0,0.0,0.0,0.0,0.0,0.0,0.0,0.0,0.0,0.0,0.0,0.0,0.0,0.0,0.0,0.0,0.0,0.0,0.0,0.0,0.0,0.0,0.0,0.0,15000.0,10.308985993422082,2010-08-30,0,0,0.4088669950738916,0.0094043887147335,0.0174652933273622,0.0313479623824451,6,2,2010,90,0.019377246209635744,0
Retail banking,Business disruption and system failures,System,Hunan,2002-04,1,270000.0,270000.0,270000.0,270000.0,0,1.0,2002-04-01,0.0,0.0,0.0,0.0,0.0,0.0,0.0,0.0,0.0,0.0,0.0,0.0,0.0,0.0,0.0,0.0,0.0,0.0,0.0,0.0,0.0,0.0,0.0,0.0,270000.0,12.506180941677355,2002-06-30,0,0,0.4088669950738916,0.0094043887147335,0.0174652933273622,0.0277653381101656,4,2,2002,90,0.022171853955400413,0
Retail banking,Business disruption and system failures,System,Macao,2010-12,1,3000.0,3000.0,3000.0,3000.0,0,2.0,2010-12-01,0.0,0.0,0.0,0.0,0.0,0.0,0.0,0.0,0.0,0.0,0.0,0.0,0.0,0.0,0.0,0.0,0.0,0.0,0.0,0.0,0.0,0.0,0.0,0.0,3000.0,8.006700845440367,2011-03-01,0,0,0.4088669950738916,0.0094043887147335,0.0174652933273622,0.0008956560680698,12,4,2010,90,0.02242414712064527,0
Retail banking,Business disruption and system failures,System,Shaanxi,2015-10,1,1900.0,1900.0,1900.0,1900.0,0,0.0,2015-10-01,0.0,0.0,0.0,0.0,0.0,0.0,0.0,0.0,0.0,0.0,0.0,0.0,0.0,0.0,0.0,0.0,0.0,0.0,0.0,0.0,0.0,0.0,0.0,0.0,1900.0,7.550135342488429,2015-12-30,0,0,0.4088669950738916,0.0094043887147335,0.0174652933273622,0.0237348858038513,10,4,2015,90,0.022109293138085597,0
Retail banking,Business disruption and system failures,System,"Shandong,Hubei",2008-09,1,6000.0,6000.0,6000.0,6000.0,0,1.0,2008-09-01,0.0,0.0,0.0,0.0,0.0,0.0,0.0,0.0,0.0,0.0,0.0,0.0,0.0,0.0,0.0,0.0,0.0,0.0,0.0,0.0,0.0,0.0,0.0,0.0,6000.0,8.699681400989514,2008-11-30,0,0,0.4088669950738916,0.0094043887147335,0.0174652933273622,0.0004478280340349,9,3,2008,90,0.01607896792964785,0
Retail banking,Business disruption and system failures,System,"Shanghai,Hongkong",2017-04,1,2100000.0,2100000.0,2100000.0,2100000.0,0,0.0,2017-04-01,0.0,0.0,0.0,0.0,0.0,0.0,0.0,0.0,0.0,0.0,0.0,0.0,0.0,0.0,0.0,0.0,0.0,0.0,0.0,0.0,0.0,0.0,0.0,0.0,2100000.0,14.557448378884017,2017-06-30,0,0,0.4088669950738916,0.0094043887147335,0.0174652933273622,0.0013434841021047,4,2,2017,90,0.05113881694532373,0
Retail banking,Business disruption and system failures,System,Zhejiang,2000-07,1,44600.0,44600.0,44600.0,44600.0,0,1.0,2000-07-01,0.0,0.0,0.0,0.0,0.0,0.0,0.0,0.0,0.0,0.0,0.0,0.0,0.0,0.0,0.0,0.0,0.0,0.0,0.0,0.0,0.0,0.0,0.0,0.0,44600.0,10.70551155928146,2000-09-29,0,0,0.4088669950738916,0.0094043887147335,0.0174652933273622,0.0523958799820868,7,3,2000,90,0.03710161435223764,0
Retail banking,Business disruption and system failures,System,Zhejiang,2004-04,1,10900.0,10900.0,10900.0,10900.0,0,0.0,2004-04-01,1.0,44600.0,0.0,0.0,0.0,0.0,0.0,0.0,0.0,0.0,0.0,0.0,0.0,0.0,0.0,1.0,44600.0,0.0,1.0,44600.0,0.0,1.0,44600.0,0.0,10900.0,9.29660980712836,2004-06-30,0,0,0.4088669950738916,0.0094043887147335,0.0174652933273622,0.0523958799820868,4,2,2004,90,0.01850052132572174,0
Retail banking,Business disruption and system failures,System,Zhejiang,2007-01,1,579500.0,579500.0,579500.0,579500.0,0,0.0,2007-01-01,1.0,10900.0,0.0,1.0,44600.0,0.0,0.0,0.0,0.0,0.0,0.0,0.0,0.0,0.0,0.0,2.0,55500.0,0.0,2.0,55500.0,0.0,2.0,55500.0,0.0,579500.0,13.269922667385996,2007-04-01,0,0,0.4088669950738916,0.0094043887147335,0.0174652933273622,0.0523958799820868,1,1,2007,90,0.020835522259487232,0
Retail banking,"Clients, products & business practices",External event,Beijing,2005-07,1,1800000.0,1800000.0,1800000.0,1800000.0,0,0.0,2005-07-01,0.0,0.0,0.0,0.0,0.0,0.0,0.0,0.0,0.0,0.0,0.0,0.0,0.0,0.0,0.0,0.0,0.0,0.0,0.0,0.0,0.0,0.0,0.0,0.0,1800000.0,14.403297778421797,2005-09-29,0,0,0.4088669950738916,0.1424093148231079,0.322884012539185,0.0940438871473354,7,3,2005,90,0.03954786121880095,0
Retail banking,"Clients, products & business practices",External event,"Beijing,Anhui",2004-11,1,158000.0,158000.0,158000.0,158000.0,0,0.0,2004-11-01,0.0,0.0,0.0,0.0,0.0,0.0,0.0,0.0,0.0,0.0,0.0,0.0,0.0,0.0,0.0,0.0,0.0,0.0,0.0,0.0,0.0,0.0,0.0,0.0,158000.0,11.970356641103,2005-01-30,0,0,0.4088669950738916,0.1424093148231079,0.322884012539185,0.0031347962382445,11,4,2004,90,0.05436819059439482,0
Retail banking,"Clients, products & business practices",External event,Fujian,2014-01,1,199000.0,199000.0,199000.0,199000.0,0,1.0,2014-01-01,0.0,0.0,0.0,0.0,0.0,0.0,0.0,0.0,0.0,0.0,0.0,0.0,0.0,0.0,0.0,0.0,0.0,0.0,0.0,0.0,0.0,0.0,0.0,0.0,199000.0,12.201065128819632,2014-04-01,0,0,0.4088669950738916,0.1424093148231079,0.322884012539185,0.0237348858038513,1,1,2014,90,0.03149829782598921,0
Retail banking,"Clients, products & business practices",External event,Shanghai,2003-05,1,3442.0,3442.0,3442.0,3442.0,0,1.0,2003-05-01,0.0,0.0,0.0,0.0,0.0,0.0,0.0,0.0,0.0,0.0,0.0,0.0,0.0,0.0,0.0,0.0,0.0,0.0,0.0,0.0,0.0,0.0,0.0,0.0,3442.0,8.144098463338524,2003-07-30,0,0,0.4088669950738916,0.1424093148231079,0.322884012539185,0.0452306314375279,5,2,2003,90,0.07050725468306368,0
Retail banking,"Clients, products & business practices",External event,Shanghai,2010-08,1,6169.0,6169.0,6169.0,6169.0,0,1.0,2010-08-01,1.0,3442.0,0.0,0.0,0.0,0.0,0.0,0.0,0.0,0.0,0.0,0.0,0.0,0.0,0.0,1.0,3442.0,0.0,1.0,3442.0,0.0,1.0,3442.0,0.0,6169.0,8.727454116899434,2010-10-30,0,0,0.4088669950738916,0.1424093148231079,0.322884012539185,0.0452306314375279,8,3,2010,90,0.027671733390931832,0
Retail banking,"Clients, products & business practices",External event,"Shanghai,Henan",2010-12,1,100000.0,100000.0,100000.0,100000.0,0,0.0,2010-12-01,0.0,0.0,0.0,0.0,0.0,0.0,0.0,0.0,0.0,0.0,0.0,0.0,0.0,0.0,0.0,0.0,0.0,0.0,0.0,0.0,0.0,0.0,0.0,0.0,100000.0,11.51293546492023,2011-03-01,0,0,0.4088669950738916,0.1424093148231079,0.322884012539185,0.0004478280340349,12,4,2010,90,0.05331938015717344,0
Retail banking,"Clients, products & business practices",External event,Zhejiang,2014-06,1,3800.0,3800.0,3800.0,3800.0,0,1.0,2014-06-01,0.0,0.0,0.0,0.0,0.0,0.0,0.0,0.0,0.0,0.0,0.0,0.0,0.0,0.0,0.0,0.0,0.0,0.0,0.0,0.0,0.0,0.0,0.0,0.0,3800.0,8.24301946898925,2014-08-30,0,0,0.4088669950738916,0.1424093148231079,0.322884012539185,0.0523958799820868,6,2,2014,90,0.023354011324373796,0
Retail banking,"Clients, products & business practices",People,Beijing,2000-11,1,17000.0,17000.0,17000.0,17000.0,0,1.0,2000-11-01,0.0,0.0,0.0,0.0,0.0,0.0,0.0,0.0,0.0,0.0,0.0,0.0,0.0,0.0,0.0,0.0,0.0,0.0,0.0,0.0,0.0,0.0,0.0,0.0,17000.0,9.741027444837728,2001-01-30,0,0,0.4088669950738916,0.1424093148231079,0.4594715629198387,0.0940438871473354,11,4,2000,90,0.07945066594670706,0
Retail banking,"Clients, products & business practices",People,"Beijing,Zhejiang,Anhui,Henan,Hunan,Guangdong,Sichuan",2013-11,1,2500000.0,2500000.0,2500000.0,2500000.0,0,0.0,2013-11-01,0.0,0.0,0.0,0.0,0.0,0.0,0.0,0.0,0.0,0.0,0.0,0.0,0.0,0.0,0.0,0.0,0.0,0.0,0.0,0.0,0.0,0.0,0.0,0.0,2500000.0,14.731801689838347,2014-01-30,0,0,0.4088669950738916,0.1424093148231079,0.4594715629198387,0.0004478280340349,11,4,2013,90,0.06363446699952637,0
Retail banking,"Clients, products & business practices",People,Chongqing,2017-07,1,200000.0,200000.0,200000.0,200000.0,0,1.0,2017-07-01,0.0,0.0,0.0,0.0,0.0,0.0,0.0,0.0,0.0,0.0,0.0,0.0,0.0,0.0,0.0,0.0,0.0,0.0,0.0,0.0,0.0,0.0,0.0,0.0,200000.0,12.206077645517674,2017-09-29,0,0,0.4088669950738916,0.1424093148231079,0.4594715629198387,0.0232870577698163,7,3,2017,90,0.018631875913278417,0
Retail banking,"Clients, products & business practices",People,"Hunan,Guangdong",2015-12,1,36780.0,36780.0,36780.0,36780.0,0,3.0,2015-12-01,0.0,0.0,0.0,0.0,0.0,0.0,0.0,0.0,0.0,0.0,0.0,0.0,0.0,0.0,0.0,0.0,0.0,0.0,0.0,0.0,0.0,0.0,0.0,0.0,36780.0,10.512736686478211,2016-02-29,0,0,0.4088669950738916,0.1424093148231079,0.4594715629198387,0.0013434841021047,12,4,2015,90,0.034303520257379275,0
Retail banking,"Clients, products & business practices",People,Jiangsu,2019-06,1,21000000.0,21000000.0,21000000.0,21000000.0,1,2.0,2019-06-01,0.0,0.0,0.0,0.0,0.0,0.0,0.0,0.0,0.0,0.0,0.0,0.0,0.0,0.0,0.0,0.0,0.0,0.0,0.0,0.0,0.0,0.0,0.0,0.0,21000000.0,16.860033043306743,2019-08-30,0,0,0.4088669950738916,0.1424093148231079,0.4594715629198387,0.032243618450515,6,2,2019,90,0.035234478023220675,0
Retail banking,"Clients, products & business practices",People,Liaoning,2019-04,1,800000.0,800000.0,800000.0,800000.0,0,1.0,2019-04-01,0.0,0.0,0.0,0.0,0.0,0.0,0.0,0.0,0.0,0.0,0.0,0.0,0.0,0.0,0.0,0.0,0.0,0.0,0.0,0.0,0.0,0.0,0.0,0.0,800000.0,13.592368256649284,2019-06-30,0,0,0.4088669950738916,0.1424093148231079,0.4594715629198387,0.0291088222122704,4,2,2019,90,0.02469736162046477,0
Retail banking,"Clients, products & business practices",People,Shandong,2014-04,1,2600000.0,2600000.0,2600000.0,2600000.0,0,4.0,2014-04-01,0.0,0.0,0.0,0.0,0.0,0.0,0.0,0.0,0.0,0.0,0.0,0.0,0.0,0.0,0.0,0.0,0.0,0.0,0.0,0.0,0.0,0.0,0.0,0.0,2600000.0,14.77102238760702,2014-06-30,0,0,0.4088669950738916,0.1424093148231079,0.4594715629198387,0.0501567398119122,4,2,2014,90,0.03181843264406262,0
Retail banking,"Clients, products & business practices",People,Shanghai,2016-03,1,300000.0,300000.0,300000.0,300000.0,0,0.0,2016-03-01,0.0,0.0,0.0,0.0,0.0,0.0,0.0,0.0,0.0,0.0,0.0,0.0,0.0,0.0,0.0,0.0,0.0,0.0,0.0,0.0,0.0,0.0,0.0,0.0,300000.0,12.611541086966117,2016-05-30,0,0,0.4088669950738916,0.1424093148231079,0.4594715629198387,0.0452306314375279,3,1,2016,90,0.05238075708340724,0
Retail banking,"Clients, products & business practices",People,Shanghai,2017-08,1,200000.0,200000.0,200000.0,200000.0,0,1.0,2017-08-01,1.0,300000.0,0.0,0.0,0.0,0.0,0.0,0.0,0.0,0.0,0.0,0.0,0.0,0.0,0.0,1.0,300000.0,0.0,1.0,300000.0,0.0,1.0,300000.0,0.0,200000.0,12.206077645517674,2017-10-30,0,0,0.4088669950738916,0.1424093148231079,0.4594715629198387,0.0452306314375279,8,3,2017,90,0.002253896422063303,0
Retail banking,"Clients, products & business practices",People,Zhejiang,2001-10,1,309400.0,309400.0,309400.0,309400.0,0,1.0,2001-10-01,0.0,0.0,0.0,0.0,0.0,0.0,0.0,0.0,0.0,0.0,0.0,0.0,0.0,0.0,0.0,0.0,0.0,0.0,0.0,0.0,0.0,0.0,0.0,0.0,309400.0,12.642393449177936,2001-12-30,0,0,0.4088669950738916,0.1424093148231079,0.4594715629198387,0.0523958799820868,10,4,2001,90,0.07048031466748868,0
Retail banking,"Clients, products & business practices",Process,Beijing,2017-09,1,200000.0,200000.0,200000.0,200000.0,0,1.0,2017-09-01,0.0,0.0,0.0,0.0,0.0,0.0,0.0,0.0,0.0,0.0,0.0,0.0,0.0,0.0,0.0,0.0,0.0,0.0,0.0,0.0,0.0,0.0,0.0,0.0,200000.0,12.206077645517674,2017-11-30,0,0,0.4088669950738916,0.1424093148231079,0.2001791312136139,0.0940438871473354,9,3,2017,90,0.006001627191306229,0
Retail banking,"Clients, products & business practices",Process,Beijing,2020-12,1,120000.0,120000.0,120000.0,120000.0,0,0.0,2020-12-01,1.0,200000.0,0.0,0.0,0.0,0.0,0.0,0.0,0.0,0.0,0.0,0.0,0.0,0.0,0.0,1.0,200000.0,0.0,1.0,200000.0,0.0,1.0,200000.0,0.0,120000.0,11.695255355062796,2021-03-01,0,0,0.4088669950738916,0.1424093148231079,0.2001791312136139,0.0940438871473354,12,4,2020,90,0.010000525622391131,0
Retail banking,"Clients, products & business practices",Process,"Beijing,Shanghai,Fujian,Sichuan,Tibet",2017-08,1,330000.0,330000.0,330000.0,330000.0,0,1.0,2017-08-01,0.0,0.0,0.0,0.0,0.0,0.0,0.0,0.0,0.0,0.0,0.0,0.0,0.0,0.0,0.0,0.0,0.0,0.0,0.0,0.0,0.0,0.0,0.0,0.0,330000.0,12.706850963741102,2017-10-30,0,0,0.4088669950738916,0.1424093148231079,0.2001791312136139,0.0004478280340349,8,3,2017,90,0.01431346382618028,0
Retail banking,"Clients, products & business practices",Process,Fujian,2018-08,1,350000.0,350000.0,350000.0,350000.0,0,0.0,2018-08-01,0.0,0.0,0.0,0.0,0.0,0.0,0.0,0.0,0.0,0.0,0.0,0.0,0.0,0.0,0.0,0.0,0.0,0.0,0.0,0.0,0.0,0.0,0.0,0.0,350000.0,12.765691290604371,2018-10-30,0,0,0.4088669950738916,0.1424093148231079,0.2001791312136139,0.0237348858038513,8,3,2018,90,0.021466486313877237,0
Retail banking,"Clients, products & business practices",Process,Guangdong,2000-04,1,900000.0,900000.0,900000.0,900000.0,0,1.0,2000-04-01,0.0,0.0,0.0,0.0,0.0,0.0,0.0,0.0,0.0,0.0,0.0,0.0,0.0,0.0,0.0,0.0,0.0,0.0,0.0,0.0,0.0,0.0,0.0,0.0,900000.0,13.71015115341694,2000-06-30,0,0,0.4088669950738916,0.1424093148231079,0.2001791312136139,0.044782803403493,4,2,2000,90,0.028474672130654306,0
Retail banking,"Clients, products & business practices",Process,Guangdong,2000-07,1,70100.0,70100.0,70100.0,70100.0,0,1.0,2000-07-01,1.0,900000.0,0.0,0.0,0.0,0.0,0.0,0.0,0.0,0.0,0.0,0.0,0.0,0.0,0.0,1.0,900000.0,0.0,1.0,900000.0,0.0,1.0,900000.0,0.0,70100.0,11.157692338256169,2000-09-29,0,0,0.4088669950738916,0.1424093148231079,0.2001791312136139,0.044782803403493,7,3,2000,90,0.00912195272123875,0
Retail banking,"Clients, products & business practices",Process,Guangdong,2016-07,1,300000.0,300000.0,300000.0,300000.0,0,1.0,2016-07-01,1.0,70100.0,0.0,1.0,900000.0,0.0,0.0,0.0,0.0,0.0,0.0,0.0,0.0,0.0,0.0,2.0,970100.0,0.0,2.0,970100.0,0.0,2.0,970100.0,0.0,300000.0,12.611541086966117,2016-09-29,0,0,0.4088669950738916,0.1424093148231079,0.2001791312136139,0.044782803403493,7,3,2016,90,0.0266216418785734,0
Retail banking,"Clients, products & business practices",Process,"Hebei,Hunan,Guangdong",2018-10,1,127000.0,127000.0,127000.0,127000.0,0,1.0,2018-10-01,0.0,0.0,0.0,0.0,0.0,0.0,0.0,0.0,0.0,0.0,0.0,0.0,0.0,0.0,0.0,0.0,0.0,0.0,0.0,0.0,0.0,0.0,0.0,0.0,127000.0,11.751950239425476,2018-12-30,0,0,0.4088669950738916,0.1424093148231079,0.2001791312136139,0.0008956560680698,10,4,2018,90,0.016259479682907984,0
Retail banking,"Clients, products & business practices",Process,Hunan,2011-04,1,2500.0,2500.0,2500.0,2500.0,0,1.0,2011-04-01,0.0,0.0,0.0,0.0,0.0,0.0,0.0,0.0,0.0,0.0,0.0,0.0,0.0,0.0,0.0,0.0,0.0,0.0,0.0,0.0,0.0,0.0,0.0,0.0,2500.0,7.824445930877619,2011-06-30,0,0,0.4088669950738916,0.1424093148231079,0.2001791312136139,0.0277653381101656,4,2,2011,90,0.010742232802292995,0
Retail banking,"Clients, products & business practices",Process,Jiangxi,2010-07,1,29479.000000000004,29479.000000000004,29479.000000000004,29479.000000000004,0,0.0,2010-07-01,0.0,0.0,0.0,0.0,0.0,0.0,0.0,0.0,0.0,0.0,0.0,0.0,0.0,0.0,0.0,0.0,0.0,0.0,0.0,0.0,0.0,0.0,0.0,0.0,29479.000000000004,10.291467346303271,2010-09-29,0,0,0.4088669950738916,0.1424093148231079,0.2001791312136139,0.0156739811912225,7,3,2010,90,0.012389451187488376,0
Retail banking,"Clients, products & business practices",Process,Jilin,2006-04,1,100000.0,100000.0,100000.0,100000.0,0,1.0,2006-04-01,0.0,0.0,0.0,0.0,0.0,0.0,0.0,0.0,0.0,0.0,0.0,0.0,0.0,0.0,0.0,0.0,0.0,0.0,0.0,0.0,0.0,0.0,0.0,0.0,100000.0,11.51293546492023,2006-06-30,0,0,0.4088669950738916,0.1424093148231079,0.2001791312136139,0.0197044334975369,4,2,2006,90,0.020026163063135795,0
Retail banking,"Clients, products & business practices",Process,Shandong,2001-05,1,54035.0,54035.0,54035.0,54035.0,0,1.0,2001-05-01,0.0,0.0,0.0,0.0,0.0,0.0,0.0,0.0,0.0,0.0,0.0,0.0,0.0,0.0,0.0,0.0,0.0,0.0,0.0,0.0,0.0,0.0,0.0,0.0,54035.0,10.897405770089572,2001-07-30,0,0,0.4088669950738916,0.1424093148231079,0.2001791312136139,0.0501567398119122,5,2,2001,90,0.013411133015794274,0
Retail banking,"Clients, products & business practices",Process,Shanghai,2017-05,1,200000.0,200000.0,200000.0,200000.0,0,1.0,2017-05-01,0.0,0.0,0.0,0.0,0.0,0.0,0.0,0.0,0.0,0.0,0.0,0.0,0.0,0.0,0.0,0.0,0.0,0.0,0.0,0.0,0.0,0.0,0.0,0.0,200000.0,12.206077645517674,2017-07-30,0,1,0.4088669950738916,0.1424093148231079,0.2001791312136139,0.0452306314375279,5,2,2017,90,0.012428248008512253,0
Retail banking,"Clients, products & business practices",Process,Shanghai,2017-06,1,400000.0,400000.0,400000.0,400000.0,0,2.0,2017-06-01,1.0,200000.0,0.0,0.0,0.0,0.0,0.0,0.0,0.0,0.0,0.0,0.0,0.0,0.0,0.0,1.0,200000.0,0.0,1.0,200000.0,0.0,1.0,200000.0,0.0,400000.0,12.899222326086994,2017-08-30,0,0,0.4088669950738916,0.1424093148231079,0.2001791312136139,0.0452306314375279,6,2,2017,90,0.014817613026681452,0
Retail banking,"Clients, products & business practices",Process,"Shanghai,Shandong",2008-10,1,552000.0,552000.0,552000.0,552000.0,0,2.0,2008-10-01,0.0,0.0,0.0,0.0,0.0,0.0,0.0,0.0,0.0,0.0,0.0,0.0,0.0,0.0,0.0,0.0,0.0,0.0,0.0,0.0,0.0,0.0,0.0,0.0,552000.0,13.221305136851797,2008-12-30,0,0,0.4088669950738916,0.1424093148231079,0.2001791312136139,0.0013434841021047,10,4,2008,90,0.02604098080318189,0
Retail banking,"Clients, products & business practices",System,Beijing,2005-01,1,160000.0,160000.0,160000.0,160000.0,0,1.0,2005-01-01,0.0,0.0,0.0,0.0,0.0,0.0,0.0,0.0,0.0,0.0,0.0,0.0,0.0,0.0,0.0,0.0,0.0,0.0,0.0,0.0,0.0,0.0,0.0,0.0,160000.0,11.982935344196433,2005-04-01,0,0,0.4088669950738916,0.1424093148231079,0.0174652933273622,0.0940438871473354,1,1,2005,90,0.03254041184380442,0
Retail banking,"Clients, products & business practices",System,"Hebei,Hunan,Guangdong",2020-07,1,20000.0,20000.0,20000.0,20000.0,0,1.0,2020-07-01,0.0,0.0,0.0,0.0,0.0,0.0,0.0,0.0,0.0,0.0,0.0,0.0,0.0,0.0,0.0,0.0,0.0,0.0,0.0,0.0,0.0,0.0,0.0,0.0,20000.0,9.90353755128617,2020-09-29,0,0,0.4088669950738916,0.1424093148231079,0.0174652933273622,0.0008956560680698,7,3,2020,90,0.007914736330581696,0
Retail banking,"Clients, products & business practices",System,Tianjin,2004-09,1,300.0,300.0,300.0,300.0,0,1.0,2004-09-01,0.0,0.0,0.0,0.0,0.0,0.0,0.0,0.0,0.0,0.0,0.0,0.0,0.0,0.0,0.0,0.0,0.0,0.0,0.0,0.0,0.0,0.0,0.0,0.0,300.0,5.707110264748875,2004-11-30,0,0,0.4088669950738916,0.1424093148231079,0.0174652933273622,0.0116435288849081,9,3,2004,90,0.024147731569811752,0
Retail banking,Damage to physical assets,External event,Shanghai,2004-01,1,768185.0,768185.0,768185.0,768185.0,0,1.0,2004-01-01,0.0,0.0,0.0,0.0,0.0,0.0,0.0,0.0,0.0,0.0,0.0,0.0,0.0,0.0,0.0,0.0,0.0,0.0,0.0,0.0,0.0,0.0,0.0,0.0,768185.0,13.55178717030715,2004-03-31,0,0,0.4088669950738916,0.005821764442454,0.322884012539185,0.0452306314375279,1,1,2004,90,0.07736396508706135,0
Retail banking,Employment practices and workplace safety,External event,Yunnan,2003-02,2,381900.0,190950.0,190950.0,250000.0,0,1.0,2003-02-01,0.0,0.0,0.0,0.0,0.0,0.0,0.0,0.0,0.0,0.0,0.0,0.0,0.0,0.0,0.0,0.0,0.0,0.0,0.0,0.0,0.0,0.0,0.0,0.0,190950.0,12.852916691696691,2003-05-02,0,0,0.4088669950738916,0.005821764442454,0.322884012539185,0.0134348410210479,2,1,2003,90,0.039579736144950306,0
Retail banking,Employment practices and workplace safety,System,Sichuan,2009-10,1,15000.0,15000.0,15000.0,15000.0,0,1.0,2009-10-01,0.0,0.0,0.0,0.0,0.0,0.0,0.0,0.0,0.0,0.0,0.0,0.0,0.0,0.0,0.0,0.0,0.0,0.0,0.0,0.0,0.0,0.0,0.0,0.0,15000.0,9.61587214452889,2009-12-30,0,0,0.4088669950738916,0.005821764442454,0.0174652933273622,0.0273175100761307,10,4,2009,90,0.030989997160375662,0
Retail banking,"Execution, delivery & process management",External event,Beijing,2004-06,1,2155.66,2155.66,2155.66,2155.66,0,1.0,2004-06-01,0.0,0.0,0.0,0.0,0.0,0.0,0.0,0.0,0.0,0.0,0.0,0.0,0.0,0.0,0.0,0.0,0.0,0.0,0.0,0.0,0.0,0.0,0.0,0.0,2155.66,7.676316007631951,2004-08-30,0,0,0.4088669950738916,0.1527093596059113,0.322884012539185,0.0940438871473354,6,2,2004,90,0.05109087361456423,0
Retail banking,"Execution, delivery & process management",External event,Beijing,2006-04,1,90000.0,90000.0,90000.0,90000.0,0,1.0,2006-04-01,1.0,2155.66,0.0,0.0,0.0,0.0,0.0,0.0,0.0,0.0,0.0,0.0,0.0,0.0,0.0,1.0,2155.66,0.0,1.0,2155.66,0.0,1.0,2155.66,0.0,90000.0,11.407576060361786,2006-06-30,0,0,0.4088669950738916,0.1527093596059113,0.322884012539185,0.0940438871473354,4,2,2006,90,0.024529889703622007,0
Retail banking,"Execution, delivery & process management",External event,"Jiangsu,Hunan",2011-03,1,13950.0,13950.0,13950.0,13950.0,0,0.0,2011-03-01,0.0,0.0,0.0,0.0,0.0,0.0,0.0,0.0,0.0,0.0,0.0,0.0,0.0,0.0,0.0,0.0,0.0,0.0,0.0,0.0,0.0,0.0,0.0,0.0,13950.0,9.543306469268108,2011-05-30,0,0,0.4088669950738916,0.1527093596059113,0.322884012539185,0.0004478280340349,3,1,2011,90,0.042099053821276954,0
Retail banking,"Execution, delivery & process management",External event,Liaoning,2004-03,1,30000.0,30000.0,30000.0,30000.0,0,1.0,2004-03-01,0.0,0.0,0.0,0.0,0.0,0.0,0.0,0.0,0.0,0.0,0.0,0.0,0.0,0.0,0.0,0.0,0.0,0.0,0.0,0.0,0.0,0.0,0.0,0.0,30000.0,10.308985993422082,2004-05-30,0,0,0.4088669950738916,0.1527093596059113,0.322884012539185,0.0291088222122704,3,1,2004,90,0.03626116901488603,0
Retail banking,"Execution, delivery & process management",External event,Shanghai,2003-05,1,10069.999999999998,10069.999999999998,10069.999999999998,10069.999999999998,0,1.0,2003-05-01,0.0,0.0,0.0,0.0,0.0,0.0,0.0,0.0,0.0,0.0,0.0,0.0,0.0,0.0,0.0,0.0,0.0,0.0,0.0,0.0,0.0,0.0,0.0,0.0,10069.999999999998,9.217415285648144,2003-07-30,0,0,0.4088669950738916,0.1527093596059113,0.322884012539185,0.0452306314375279,5,2,2003,90,0.07632717226686135,0
Retail banking,"Execution, delivery & process management",External event,Shanghai,2021-09,1,5000000.0,5000000.0,5000000.0,5000000.0,0,7.0,2021-09-01,1.0,10069.999999999998,0.0,0.0,0.0,0.0,0.0,0.0,0.0,0.0,0.0,0.0,0.0,0.0,0.0,1.0,10069.999999999998,0.0,1.0,10069.999999999998,0.0,1.0,10069.999999999998,0.0,5000000.0,15.424948670398354,2021-11-30,0,0,0.4088669950738916,0.1527093596059113,0.322884012539185,0.0452306314375279,9,3,2021,90,0.0176370890147035,0
Retail banking,"Execution, delivery & process management",People,Beijing,2001-04,1,8000.0,8000.0,8000.0,8000.0,0,1.0,2001-04-01,0.0,0.0,0.0,0.0,0.0,0.0,0.0,0.0,0.0,0.0,0.0,0.0,0.0,0.0,0.0,0.0,0.0,0.0,0.0,0.0,0.0,0.0,0.0,0.0,8000.0,8.987321812850125,2001-06-30,0,0,0.4088669950738916,0.1527093596059113,0.4594715629198387,0.0940438871473354,4,2,2001,90,0.04850580673144398,0
Retail banking,"Execution, delivery & process management",People,Beijing,2015-02,1,11000000.0,11000000.0,11000000.0,11000000.0,1,1.0,2015-02-01,1.0,8000.0,0.0,0.0,0.0,0.0,0.0,0.0,0.0,0.0,0.0,0.0,0.0,0.0,0.0,1.0,8000.0,0.0,1.0,8000.0,0.0,1.0,8000.0,0.0,11000000.0,16.213405921671733,2015-05-02,0,0,0.4088669950738916,0.1527093596059113,0.4594715629198387,0.0940438871473354,2,1,2015,90,0.025372607298322896,0
Retail banking,"Execution, delivery & process management",People,Beijing,2015-10,1,2000000.0,2000000.0,2000000.0,2000000.0,0,1.0,2015-10-01,1.0,11000000.0,1.0,1.0,8000.0,0.0,0.0,0.0,0.0,0.0,0.0,0.0,0.0,0.0,0.0,2.0,11008000.0,1.0,2.0,11008000.0,1.0,2.0,11008000.0,1.0,2000000.0,14.508658238524095,2015-12-30,0,0,0.4088669950738916,0.1527093596059113,0.4594715629198387,0.0940438871473354,10,4,2015,90,0.13051314691648225,0
Retail banking,"Execution, delivery & process management",People,Beijing,2018-07,1,800000.0,800000.0,800000.0,800000.0,0,2.0,2018-07-01,1.0,2000000.0,0.0,1.0,11000000.0,1.0,1.0,8000.0,0.0,0.0,0.0,0.0,0.0,0.0,0.0,3.0,13008000.0,1.0,3.0,13008000.0,1.0,3.0,13008000.0,1.0,800000.0,13.592368256649284,2018-09-29,0,0,0.4088669950738916,0.1527093596059113,0.4594715629198387,0.0940438871473354,7,3,2018,90,0.0934781821667316,0
Retail banking,"Execution, delivery & process management",People,"Beijing,Heilongjiang",2019-06,1,400200.00000000006,400200.00000000006,400200.00000000006,400200.00000000006,0,1.0,2019-06-01,0.0,0.0,0.0,0.0,0.0,0.0,0.0,0.0,0.0,0.0,0.0,0.0,0.0,0.0,0.0,0.0,0.0,0.0,0.0,0.0,0.0,0.0,0.0,0.0,400200.00000000006,12.899722199879273,2019-08-30,0,0,0.4088669950738916,0.1527093596059113,0.4594715629198387,0.0031347962382445,6,2,2019,90,0.03939489394273352,0
Retail banking,"Execution, delivery & process management",People,Hainan,2001-09,1,420000000.0,420000000.0,420000000.0,420000000.0,1,1.0,2001-09-01,0.0,0.0,0.0,0.0,0.0,0.0,0.0,0.0,0.0,0.0,0.0,0.0,0.0,0.0,0.0,0.0,0.0,0.0,0.0,0.0,0.0,0.0,0.0,0.0,420000000.0,19.85576527162264,2001-11-30,0,0,0.4088669950738916,0.1527093596059113,0.4594715629198387,0.0103000447828034,9,3,2001,90,0.10336507944049057,0
Retail banking,"Execution, delivery & process management",People,Hainan,2002-05,1,2935000.0,2935000.0,2935000.0,2935000.0,0,1.0,2002-05-01,1.0,420000000.0,1.0,0.0,0.0,0.0,0.0,0.0,0.0,0.0,0.0,0.0,0.0,0.0,0.0,1.0,420000000.0,1.0,1.0,420000000.0,1.0,1.0,420000000.0,1.0,2935000.0,14.892218351959778,2002-07-30,0,0,0.4088669950738916,0.1527093596059113,0.4594715629198387,0.0103000447828034,5,2,2002,90,0.260857611179328,0
Retail banking,"Execution, delivery & process management",People,Hebei,2006-01,1,10000.0,10000.0,10000.0,10000.0,0,1.0,2006-01-01,0.0,0.0,0.0,0.0,0.0,0.0,0.0,0.0,0.0,0.0,0.0,0.0,0.0,0.0,0.0,0.0,0.0,0.0,0.0,0.0,0.0,0.0,0.0,0.0,10000.0,9.210440366976515,2006-04-01,0,0,0.4088669950738916,0.1527093596059113,0.4594715629198387,0.0111957008508732,1,1,2006,90,0.0544018337653412,0
Retail banking,"Execution, delivery & process management",People,Hebei,2016-12,1,4000000.0,4000000.0,4000000.0,4000000.0,0,1.0,2016-12-01,1.0,10000.0,0.0,0.0,0.0,0.0,0.0,0.0,0.0,0.0,0.0,0.0,0.0,0.0,0.0,1.0,10000.0,0.0,1.0,10000.0,0.0,1.0,10000.0,0.0,4000000.0,15.201805169084134,2017-03-01,0,0,0.4088669950738916,0.1527093596059113,0.4594715629198387,0.0111957008508732,12,4,2016,90,0.01853385689533242,0
Retail banking,"Execution, delivery & process management",People,Henan,2001-10,1,31900.0,31900.0,31900.0,31900.0,0,1.0,2001-10-01,0.0,0.0,0.0,0.0,0.0,0.0,0.0,0.0,0.0,0.0,0.0,0.0,0.0,0.0,0.0,0.0,0.0,0.0,0.0,0.0,0.0,0.0,0.0,0.0,31900.0,10.37039263624398,2001-12-30,0,0,0.4088669950738916,0.1527093596059113,0.4594715629198387,0.0497089117778772,10,4,2001,90,0.05467415562450526,0
Retail banking,"Execution, delivery & process management",People,Henan,2007-07,1,1170000.0,1170000.0,1170000.0,1170000.0,0,1.0,2007-07-01,1.0,31900.0,0.0,0.0,0.0,0.0,0.0,0.0,0.0,0.0,0.0,0.0,0.0,0.0,0.0,1.0,31900.0,0.0,1.0,31900.0,0.0,1.0,31900.0,0.0,1170000.0,13.972515161474428,2007-09-29,0,0,0.4088669950738916,0.1527093596059113,0.4594715629198387,0.0497089117778772,7,3,2007,90,0.013261348569482903,0
Retail banking,"Execution, delivery & process management",People,Henan,2011-07,1,2283000.0,2283000.0,2283000.0,2283000.0,0,1.0,2011-07-01,1.0,1170000.0,0.0,1.0,31900.0,0.0,0.0,0.0,0.0,0.0,0.0,0.0,0.0,0.0,0.0,2.0,1201900.0,0.0,2.0,1201900.0,0.0,2.0,1201900.0,0.0,2283000.0,14.641001363531986,2011-09-29,0,0,0.4088669950738916,0.1527093596059113,0.4594715629198387,0.0497089117778772,7,3,2011,90,0.084607066364687,0
Retail banking,"Execution, delivery & process management",People,Henan,2016-10,1,210000.0,210000.0,210000.0,210000.0,0,1.0,2016-10-01,1.0,2283000.0,0.0,1.0,1170000.0,0.0,1.0,31900.0,0.0,0.0,0.0,0.0,0.0,0.0,0.0,3.0,3484900.0,0.0,3.0,3484900.0,0.0,3.0,3484900.0,0.0,210000.0,12.25486757159303,2016-12-30,0,0,0.4088669950738916,0.1527093596059113,0.4594715629198387,0.0497089117778772,10,4,2016,90,0.02712257791976186,0
Retail banking,"Execution, delivery & process management",People,Henan,2019-05,1,200000.0,200000.0,200000.0,200000.0,0,1.0,2019-05-01,1.0,210000.0,0.0,1.0,2283000.0,0.0,1.0,1170000.0,0.0,0.0,0.0,0.0,0.0,0.0,0.0,3.0,3663000.0,0.0,4.0,3694900.0,0.0,4.0,3694900.0,0.0,200000.0,12.206077645517674,2019-07-30,0,0,0.4088669950738916,0.1527093596059113,0.4594715629198387,0.0497089117778772,5,2,2019,90,0.02545211750373235,0
Retail banking,"Execution, delivery & process management",People,Henan,2020-01,1,300000.0,300000.0,300000.0,300000.0,0,1.0,2020-01-01,1.0,200000.0,0.0,1.0,210000.0,0.0,1.0,2283000.0,0.0,0.0,0.0,0.0,0.0,0.0,0.0,3.0,2693000.0,0.0,5.0,3894900.0,0.0,5.0,3894900.0,0.0,300000.0,12.611541086966117,2020-03-31,0,0,0.4088669950738916,0.1527093596059113,0.4594715629198387,0.0497089117778772,1,1,2020,90,0.03886898286263068,0
Retail banking,"Execution, delivery & process management",People,Hunan,2006-06,2,940000.0,470000.0,470000.0,910000.0,0,1.0,2006-06-01,0.0,0.0,0.0,0.0,0.0,0.0,0.0,0.0,0.0,0.0,0.0,0.0,0.0,0.0,0.0,0.0,0.0,0.0,0.0,0.0,0.0,0.0,0.0,0.0,470000.0,13.753636218075409,2006-08-30,0,0,0.4088669950738916,0.1527093596059113,0.4594715629198387,0.0277653381101656,6,2,2006,90,0.03040620307476783,0
Retail banking,"Execution, delivery & process management",People,Jiangsu,2018-11,1,900000.0,900000.0,900000.0,900000.0,0,1.0,2018-11-01,0.0,0.0,0.0,0.0,0.0,0.0,0.0,0.0,0.0,0.0,0.0,0.0,0.0,0.0,0.0,0.0,0.0,0.0,0.0,0.0,0.0,0.0,0.0,0.0,900000.0,13.71015115341694,2019-01-30,0,0,0.4088669950738916,0.1527093596059113,0.4594715629198387,0.032243618450515,11,4,2018,90,0.041269568711311495,0
Retail banking,"Execution, delivery & process management",People,Liaoning,2013-07,1,2500000.0,2500000.0,2500000.0,2500000.0,0,1.0,2013-07-01,0.0,0.0,0.0,0.0,0.0,0.0,0.0,0.0,0.0,0.0,0.0,0.0,0.0,0.0,0.0,0.0,0.0,0.0,0.0,0.0,0.0,0.0,0.0,0.0,2500000.0,14.731801689838347,2013-09-29,0,0,0.4088669950738916,0.1527093596059113,0.4594715629198387,0.0291088222122704,7,3,2013,90,0.026916131022449243,0
Retail banking,"Execution, delivery & process management",People,Shaanxi,2008-07,1,29700.000000000004,29700.000000000004,29700.000000000004,29700.000000000004,0,0.0,2008-07-01,0.0,0.0,0.0,0.0,0.0,0.0,0.0,0.0,0.0,0.0,0.0,0.0,0.0,0.0,0.0,0.0,0.0,0.0,0.0,0.0,0.0,0.0,0.0,0.0,29700.000000000004,10.298935994257638,2008-09-29,0,0,0.4088669950738916,0.1527093596059113,0.4594715629198387,0.0237348858038513,7,3,2008,90,0.025776080268554408,0
Retail banking,"Execution, delivery & process management",People,Shandong,2009-09,1,15000.0,15000.0,15000.0,15000.0,0,0.0,2009-09-01,0.0,0.0,0.0,0.0,0.0,0.0,0.0,0.0,0.0,0.0,0.0,0.0,0.0,0.0,0.0,0.0,0.0,0.0,0.0,0.0,0.0,0.0,0.0,0.0,15000.0,9.61587214452889,2009-11-30,0,0,0.4088669950738916,0.1527093596059113,0.4594715629198387,0.0501567398119122,9,3,2009,90,0.04903080362249304,0
Retail banking,"Execution, delivery & process management",People,Shanghai,2006-09,1,880000.0,880000.0,880000.0,880000.0,0,0.0,2006-09-01,0.0,0.0,0.0,0.0,0.0,0.0,0.0,0.0,0.0,0.0,0.0,0.0,0.0,0.0,0.0,0.0,0.0,0.0,0.0,0.0,0.0,0.0,0.0,0.0,880000.0,13.68767832281738,2006-11-30,0,0,0.4088669950738916,0.1527093596059113,0.4594715629198387,0.0452306314375279,9,3,2006,90,0.04449933030346527,0
Retail banking,"Execution, delivery & process management",People,Sichuan,2008-07,1,40700.0,40700.0,40700.0,40700.0,0,1.0,2008-07-01,0.0,0.0,0.0,0.0,0.0,0.0,0.0,0.0,0.0,0.0,0.0,0.0,0.0,0.0,0.0,0.0,0.0,0.0,0.0,0.0,0.0,0.0,0.0,0.0,40700.0,10.614007941153416,2008-09-29,0,0,0.4088669950738916,0.1527093596059113,0.4594715629198387,0.0273175100761307,7,3,2008,90,0.0200713861110139,0
Retail banking,"Execution, delivery & process management",People,Zhejiang,2003-05,1,7070000.0,7070000.0,7070000.0,7070000.0,0,6.0,2003-05-01,0.0,0.0,0.0,0.0,0.0,0.0,0.0,0.0,0.0,0.0,0.0,0.0,0.0,0.0,0.0,0.0,0.0,0.0,0.0,0.0,0.0,0.0,0.0,0.0,7070000.0,15.77137117931546,2003-07-30,0,1,0.4088669950738916,0.1527093596059113,0.4594715629198387,0.0523958799820868,5,2,2003,90,0.041273423579144645,0
Retail banking,"Execution, delivery & process management",People,Zhejiang,2003-07,1,7120000.0,7120000.0,7120000.0,7120000.0,0,7.0,2003-07-01,1.0,7070000.0,0.0,0.0,0.0,0.0,0.0,0.0,0.0,0.0,0.0,0.0,0.0,0.0,0.0,1.0,7070000.0,0.0,1.0,7070000.0,0.0,1.0,7070000.0,0.0,7120000.0,15.778418423837588,2003-09-29,0,0,0.4088669950738916,0.1527093596059113,0.4594715629198387,0.0523958799820868,7,3,2003,90,0.039608128765640446,0
Retail banking,"Execution, delivery & process management",People,Zhejiang,2005-01,1,9000.0,9000.0,9000.0,9000.0,0,1.0,2005-01-01,1.0,7120000.0,0.0,1.0,7070000.0,0.0,0.0,0.0,0.0,0.0,0.0,0.0,0.0,0.0,0.0,2.0,14190000.0,0.0,2.0,14190000.0,0.0,2.0,14190000.0,0.0,9000.0,9.105090961257083,2005-04-01,0,0,0.4088669950738916,0.1527093596059113,0.4594715629198387,0.0523958799820868,1,1,2005,90,0.036634964010038754,0
Retail banking,"Execution, delivery & process management",Process,Anhui,1999-03,1,65500.0,65500.0,65500.0,65500.0,0,1.0,1999-03-01,0.0,0.0,0.0,0.0,0.0,0.0,0.0,0.0,0.0,0.0,0.0,0.0,0.0,0.0,0.0,0.0,0.0,0.0,0.0,0.0,0.0,0.0,0.0,0.0,65500.0,11.089820688682371,1999-05-30,0,0,0.4088669950738916,0.1527093596059113,0.2001791312136139,0.0250783699059561,3,1,1999,90,0.02820377601604439,0
Retail banking,"Execution, delivery & process management",Process,"Anhui,Hongkong",2019-07,1,500000.0,500000.0,500000.0,500000.0,0,2.0,2019-07-01,0.0,0.0,0.0,0.0,0.0,0.0,0.0,0.0,0.0,0.0,0.0,0.0,0.0,0.0,0.0,0.0,0.0,0.0,0.0,0.0,0.0,0.0,0.0,0.0,500000.0,13.122365377402328,2019-09-29,0,0,0.4088669950738916,0.1527093596059113,0.2001791312136139,0.0004478280340349,7,3,2019,90,0.02203908824219574,0
Retail banking,"Execution, delivery & process management",Process,Beijing,2007-02,1,160000.0,160000.0,160000.0,160000.0,0,1.0,2007-02-01,0.0,0.0,0.0,0.0,0.0,0.0,0.0,0.0,0.0,0.0,0.0,0.0,0.0,0.0,0.0,0.0,0.0,0.0,0.0,0.0,0.0,0.0,0.0,0.0,160000.0,11.982935344196433,2007-05-02,0,1,0.4088669950738916,0.1527093596059113,0.2001791312136139,0.0940438871473354,2,1,2007,90,0.021093893267844423,0
Retail banking,"Execution, delivery & process management",Process,Beijing,2007-03,1,210000.0,210000.0,210000.0,210000.0,0,1.0,2007-03-01,1.0,160000.0,0.0,0.0,0.0,0.0,0.0,0.0,0.0,0.0,0.0,0.0,0.0,0.0,0.0,1.0,160000.0,0.0,1.0,160000.0,0.0,1.0,160000.0,0.0,210000.0,12.25486757159303,2007-05-30,0,0,0.4088669950738916,0.1527093596059113,0.2001791312136139,0.0940438871473354,3,1,2007,90,0.014055291082514602,0
Retail banking,"Execution, delivery & process management",Process,Beijing,2009-12,1,2300.0,2300.0,2300.0,2300.0,0,1.0,2009-12-01,1.0,210000.0,0.0,1.0,160000.0,0.0,0.0,0.0,0.0,0.0,0.0,0.0,0.0,0.0,0.0,2.0,370000.0,0.0,2.0,370000.0,0.0,2.0,370000.0,0.0,2300.0,7.741099090035366,2010-03-01,0,0,0.4088669950738916,0.1527093596059113,0.2001791312136139,0.0940438871473354,12,4,2009,90,0.05016988004966894,0
Retail banking,"Execution, delivery & process management",Process,"Beijing,Sichuan",2019-01,1,8300000.0,8300000.0,8300000.0,8300000.0,0,2.0,2019-01-01,0.0,0.0,0.0,0.0,0.0,0.0,0.0,0.0,0.0,0.0,0.0,0.0,0.0,0.0,0.0,0.0,0.0,0.0,0.0,0.0,0.0,0.0,0.0,0.0,8300000.0,15.931766193248746,2019-04-01,0,0,0.4088669950738916,0.1527093596059113,0.2001791312136139,0.0026869682042095,1,1,2019,90,0.03547980071004992,0
Retail banking,"Execution, delivery & process management",Process,Chongqing,2004-04,1,237000.0,237000.0,237000.0,237000.0,0,1.0,2004-04-01,0.0,0.0,0.0,0.0,0.0,0.0,0.0,0.0,0.0,0.0,0.0,0.0,0.0,0.0,0.0,0.0,0.0,0.0,0.0,0.0,0.0,0.0,0.0,0.0,237000.0,12.37581963951765,2004-06-30,0,0,0.4088669950738916,0.1527093596059113,0.2001791312136139,0.0232870577698163,4,2,2004,90,0.021267605699714257,0
Retail banking,"Execution, delivery & process management",Process,Fujian,2010-08,1,20000.0,20000.0,20000.0,20000.0,0,0.0,2010-08-01,0.0,0.0,0.0,0.0,0.0,0.0,0.0,0.0,0.0,0.0,0.0,0.0,0.0,0.0,0.0,0.0,0.0,0.0,0.0,0.0,0.0,0.0,0.0,0.0,20000.0,9.90353755128617,2010-10-30,0,0,0.4088669950738916,0.1527093596059113,0.2001791312136139,0.0237348858038513,8,3,2010,90,0.016144578438094855,0
Retail banking,"Execution, delivery & process management",Process,Guangdong,2002-10,1,150000.0,150000.0,150000.0,150000.0,0,0.0,2002-10-01,0.0,0.0,0.0,0.0,0.0,0.0,0.0,0.0,0.0,0.0,0.0,0.0,0.0,0.0,0.0,0.0,0.0,0.0,0.0,0.0,0.0,0.0,0.0,0.0,150000.0,11.918397239722838,2002-12-30,0,0,0.4088669950738916,0.1527093596059113,0.2001791312136139,0.044782803403493,10,4,2002,90,0.041014880757401624,0
Retail banking,"Execution, delivery & process management",Process,Guangdong,2009-07,1,50211.13,50211.13,50211.13,50211.13,0,0.0,2009-07-01,1.0,150000.0,0.0,0.0,0.0,0.0,0.0,0.0,0.0,0.0,0.0,0.0,0.0,0.0,0.0,1.0,150000.0,0.0,1.0,150000.0,0.0,1.0,150000.0,0.0,50211.13,10.824011909957292,2009-09-29,0,0,0.4088669950738916,0.1527093596059113,0.2001791312136139,0.044782803403493,7,3,2009,90,0.02450855796275145,0
Retail banking,"Execution, delivery & process management",Process,Guangxi,2000-12,1,254000.0,254000.0,254000.0,254000.0,0,1.0,2000-12-01,0.0,0.0,0.0,0.0,0.0,0.0,0.0,0.0,0.0,0.0,0.0,0.0,0.0,0.0,0.0,0.0,0.0,0.0,0.0,0.0,0.0,0.0,0.0,0.0,254000.0,12.445093483000798,2001-03-01,0,0,0.4088669950738916,0.1527093596059113,0.2001791312136139,0.0143304970891177,12,4,2000,90,0.06688289441581574,0
Retail banking,"Execution, delivery & process management",Process,Hainan,2002-12,1,5960000.0,5960000.0,5960000.0,5960000.0,0,1.0,2002-12-01,0.0,0.0,0.0,0.0,0.0,0.0,0.0,0.0,0.0,0.0,0.0,0.0,0.0,0.0,0.0,0.0,0.0,0.0,0.0,0.0,0.0,0.0,0.0,0.0,5960000.0,15.600581206826751,2003-03-01,0,0,0.4088669950738916,0.1527093596059113,0.2001791312136139,0.0103000447828034,12,4,2002,90,0.0771818163499932,0
Retail banking,"Execution, delivery & process management",Process,Hebei,2001-07,1,250000.0,250000.0,250000.0,250000.0,0,1.0,2001-07-01,0.0,0.0,0.0,0.0,0.0,0.0,0.0,0.0,0.0,0.0,0.0,0.0,0.0,0.0,0.0,0.0,0.0,0.0,0.0,0.0,0.0,0.0,0.0,0.0,250000.0,12.429220196836384,2001-09-29,0,0,0.4088669950738916,0.1527093596059113,0.2001791312136139,0.0111957008508732,7,3,2001,90,0.024055484487593044,0
Retail banking,"Execution, delivery & process management",Process,Heilongjiang,2000-03,1,1000000.0,1000000.0,1000000.0,1000000.0,0,1.0,2000-03-01,0.0,0.0,0.0,0.0,0.0,0.0,0.0,0.0,0.0,0.0,0.0,0.0,0.0,0.0,0.0,0.0,0.0,0.0,0.0,0.0,0.0,0.0,0.0,0.0,1000000.0,13.815511557963774,2000-05-30,0,0,0.4088669950738916,0.1527093596059113,0.2001791312136139,0.0228392297357814,3,1,2000,90,0.11431774898524164,0
Retail banking,"Execution, delivery & process management",Process,Heilongjiang,2007-04,1,100000.0,100000.0,100000.0,100000.0,0,0.0,2007-04-01,1.0,1000000.0,0.0,0.0,0.0,0.0,0.0,0.0,0.0,0.0,0.0,0.0,0.0,0.0,0.0,1.0,1000000.0,0.0,1.0,1000000.0,0.0,1.0,1000000.0,0.0,100000.0,11.51293546492023,2007-06-30,0,0,0.4088669950738916,0.1527093596059113,0.2001791312136139,0.0228392297357814,4,2,2007,90,0.012016915684575677,0
Retail banking,"Execution, delivery & process management",Process,Heilongjiang,2019-09,1,10000.0,10000.0,10000.0,10000.0,0,1.0,2019-09-01,1.0,100000.0,0.0,1.0,1000000.0,0.0,0.0,0.0,0.0,0.0,0.0,0.0,0.0,0.0,0.0,2.0,1100000.0,0.0,2.0,1100000.0,0.0,2.0,1100000.0,0.0,10000.0,9.210440366976515,2019-11-30,0,0,0.4088669950738916,0.1527093596059113,0.2001791312136139,0.0228392297357814,9,3,2019,90,0.06134996258879685,0
Retail banking,"Execution, delivery & process management",Process,Henan,1999-02,1,90000.0,90000.0,90000.0,90000.0,0,1.0,1999-02-01,0.0,0.0,0.0,0.0,0.0,0.0,0.0,0.0,0.0,0.0,0.0,0.0,0.0,0.0,0.0,0.0,0.0,0.0,0.0,0.0,0.0,0.0,0.0,0.0,90000.0,11.407576060361786,1999-05-02,0,0,0.4088669950738916,0.1527093596059113,0.2001791312136139,0.0497089117778772,2,1,1999,90,0.060705908690863515,0
Retail banking,"Execution, delivery & process management",Process,Henan,2011-05,1,100000.0,100000.0,100000.0,100000.0,0,1.0,2011-05-01,1.0,90000.0,0.0,0.0,0.0,0.0,0.0,0.0,0.0,0.0,0.0,0.0,0.0,0.0,0.0,1.0,90000.0,0.0,1.0,90000.0,0.0,1.0,90000.0,0.0,100000.0,11.51293546492023,2011-07-30,0,0,0.4088669950738916,0.1527093596059113,0.2001791312136139,0.0497089117778772,5,2,2011,90,0.020545404704037398,0
Retail banking,"Execution, delivery & process management",Process,Henan,2018-05,1,200000.0,200000.0,200000.0,200000.0,0,1.0,2018-05-01,1.0,100000.0,0.0,1.0,90000.0,0.0,0.0,0.0,0.0,0.0,0.0,0.0,0.0,0.0,0.0,2.0,190000.0,0.0,2.0,190000.0,0.0,2.0,190000.0,0.0,200000.0,12.206077645517674,2018-07-30,0,0,0.4088669950738916,0.1527093596059113,0.2001791312136139,0.0497089117778772,5,2,2018,90,0.0337483700086075,0
Retail banking,"Execution, delivery & process management",Process,Henan,2018-12,1,200000.0,200000.0,200000.0,200000.0,0,1.0,2018-12-01,1.0,200000.0,0.0,1.0,100000.0,0.0,1.0,90000.0,0.0,0.0,0.0,0.0,0.0,0.0,0.0,3.0,390000.0,0.0,3.0,390000.0,0.0,3.0,390000.0,0.0,200000.0,12.206077645517674,2019-03-01,0,0,0.4088669950738916,0.1527093596059113,0.2001791312136139,0.0497089117778772,12,4,2018,90,0.04109129178887239,0
Retail banking,"Execution, delivery & process management",Process,Hongkong,2013-03,1,80000000.0,80000000.0,80000000.0,80000000.0,1,1.0,2013-03-01,0.0,0.0,0.0,0.0,0.0,0.0,0.0,0.0,0.0,0.0,0.0,0.0,0.0,0.0,0.0,0.0,0.0,0.0,0.0,0.0,0.0,0.0,0.0,0.0,80000000.0,18.197537205138158,2013-05-30,0,0,0.4088669950738916,0.1527093596059113,0.2001791312136139,0.0031347962382445,3,1,2013,90,0.03797428551973847,0
Retail banking,"Execution, delivery & process management",Process,Hubei,2003-12,1,10300.0,10300.0,10300.0,10300.0,0,1.0,2003-12-01,0.0,0.0,0.0,0.0,0.0,0.0,0.0,0.0,0.0,0.0,0.0,0.0,0.0,0.0,0.0,0.0,0.0,0.0,0.0,0.0,0.0,0.0,0.0,0.0,10300.0,9.239996256883693,2004-02-29,0,0,0.4088669950738916,0.1527093596059113,0.2001791312136139,0.0313479623824451,12,4,2003,90,0.027856801925110267,0
Retail banking,"Execution, delivery & process management",Process,Jiangsu,2006-08,1,11125.0,11125.0,11125.0,11125.0,0,1.0,2006-08-01,0.0,0.0,0.0,0.0,0.0,0.0,0.0,0.0,0.0,0.0,0.0,0.0,0.0,0.0,0.0,0.0,0.0,0.0,0.0,0.0,0.0,0.0,0.0,0.0,11125.0,9.31703999063524,2006-10-30,0,0,0.4088669950738916,0.1527093596059113,0.2001791312136139,0.032243618450515,8,3,2006,90,0.011390365148640927,0
Retail banking,"Execution, delivery & process management",Process,Jiangsu,2007-06,1,3000.0,3000.0,3000.0,3000.0,0,0.0,2007-06-01,1.0,11125.0,0.0,0.0,0.0,0.0,0.0,0.0,0.0,0.0,0.0,0.0,0.0,0.0,0.0,1.0,11125.0,0.0,1.0,11125.0,0.0,1.0,11125.0,0.0,3000.0,8.006700845440367,2007-08-30,0,0,0.4088669950738916,0.1527093596059113,0.2001791312136139,0.032243618450515,6,2,2007,90,0.011415206523006496,0
Retail banking,"Execution, delivery & process management",Process,Jiangsu,2009-04,1,4374.0,4374.0,4374.0,4374.0,0,1.0,2009-04-01,1.0,3000.0,0.0,1.0,11125.0,0.0,0.0,0.0,0.0,0.0,0.0,0.0,0.0,0.0,0.0,2.0,14125.0,0.0,2.0,14125.0,0.0,2.0,14125.0,0.0,4374.0,8.383661798791715,2009-06-30,0,0,0.4088669950738916,0.1527093596059113,0.2001791312136139,0.032243618450515,4,2,2009,90,0.026339152682818803,0
Retail banking,"Execution, delivery & process management",Process,Liaoning,2007-09,1,10000.0,10000.0,10000.0,10000.0,0,0.0,2007-09-01,0.0,0.0,0.0,0.0,0.0,0.0,0.0,0.0,0.0,0.0,0.0,0.0,0.0,0.0,0.0,0.0,0.0,0.0,0.0,0.0,0.0,0.0,0.0,0.0,10000.0,9.210440366976515,2007-11-30,0,0,0.4088669950738916,0.1527093596059113,0.2001791312136139,0.0291088222122704,9,3,2007,90,0.020304549311488944,0
Retail banking,"Execution, delivery & process management",Process,Liaoning,2008-05,1,6000.0,6000.0,6000.0,6000.0,0,0.0,2008-05-01,1.0,10000.0,0.0,0.0,0.0,0.0,0.0,0.0,0.0,0.0,0.0,0.0,0.0,0.0,0.0,1.0,10000.0,0.0,1.0,10000.0,0.0,1.0,10000.0,0.0,6000.0,8.699681400989514,2008-07-30,0,0,0.4088669950738916,0.1527093596059113,0.2001791312136139,0.0291088222122704,5,2,2008,90,0.015302523734304907,0
Retail banking,"Execution, delivery & process management",Process,Liaoning,2019-06,1,200000.0,200000.0,200000.0,200000.0,0,1.0,2019-06-01,1.0,6000.0,0.0,1.0,10000.0,0.0,0.0,0.0,0.0,0.0,0.0,0.0,0.0,0.0,0.0,2.0,16000.0,0.0,2.0,16000.0,0.0,2.0,16000.0,0.0,200000.0,12.206077645517674,2019-08-30,0,0,0.4088669950738916,0.1527093596059113,0.2001791312136139,0.0291088222122704,6,2,2019,90,0.027050280516400373,0
Retail banking,"Execution, delivery & process management",Process,Shaanxi,2000-07,1,13000.0,13000.0,13000.0,13000.0,0,1.0,2000-07-01,0.0,0.0,0.0,0.0,0.0,0.0,0.0,0.0,0.0,0.0,0.0,0.0,0.0,0.0,0.0,0.0,0.0,0.0,0.0,0.0,0.0,0.0,0.0,0.0,13000.0,9.472781556562168,2000-09-29,0,0,0.4088669950738916,0.1527093596059113,0.2001791312136139,0.0237348858038513,7,3,2000,90,0.03300091436889905,0
Retail banking,"Execution, delivery & process management",Process,Shaanxi,2007-01,1,20000.0,20000.0,20000.0,20000.0,0,1.0,2007-01-01,1.0,13000.0,0.0,0.0,0.0,0.0,0.0,0.0,0.0,0.0,0.0,0.0,0.0,0.0,0.0,1.0,13000.0,0.0,1.0,13000.0,0.0,1.0,13000.0,0.0,20000.0,9.90353755128617,2007-04-01,0,0,0.4088669950738916,0.1527093596059113,0.2001791312136139,0.0237348858038513,1,1,2007,90,0.013365567847265716,0
Retail banking,"Execution, delivery & process management",Process,Shandong,2008-09,1,25000.0,25000.0,25000.0,25000.0,0,0.0,2008-09-01,0.0,0.0,0.0,0.0,0.0,0.0,0.0,0.0,0.0,0.0,0.0,0.0,0.0,0.0,0.0,0.0,0.0,0.0,0.0,0.0,0.0,0.0,0.0,0.0,25000.0,10.12667110305036,2008-11-30,0,0,0.4088669950738916,0.1527093596059113,0.2001791312136139,0.0501567398119122,9,3,2008,90,0.024692376504689913,0
Retail banking,"Execution, delivery & process management",Process,Shanghai,2005-10,1,129000000.0,129000000.0,129000000.0,129000000.0,1,1.0,2005-10-01,0.0,0.0,0.0,0.0,0.0,0.0,0.0,0.0,0.0,0.0,0.0,0.0,0.0,0.0,0.0,0.0,0.0,0.0,0.0,0.0,0.0,0.0,0.0,0.0,129000000.0,18.67532297007788,2005-12-30,0,0,0.4088669950738916,0.1527093596059113,0.2001791312136139,0.0452306314375279,10,4,2005,90,0.030281698955215035,0
Retail banking,"Execution, delivery & process management",Process,Shanghai,2006-08,1,7300.0,7300.0,7300.0,7300.0,0,1.0,2006-08-01,1.0,129000000.0,1.0,0.0,0.0,0.0,0.0,0.0,0.0,0.0,0.0,0.0,0.0,0.0,0.0,1.0,129000000.0,1.0,1.0,129000000.0,1.0,1.0,129000000.0,1.0,7300.0,8.895766604056085,2006-10-30,0,0,0.4088669950738916,0.1527093596059113,0.2001791312136139,0.0452306314375279,8,3,2006,90,0.029596871155255975,0
Retail banking,"Execution, delivery & process management",Process,Shanghai,2011-01,1,32360.000000000004,32360.000000000004,32360.000000000004,32360.000000000004,0,2.0,2011-01-01,1.0,7300.0,0.0,1.0,129000000.0,1.0,0.0,0.0,0.0,0.0,0.0,0.0,0.0,0.0,0.0,2.0,129007300.0,1.0,2.0,129007300.0,1.0,2.0,129007300.0,1.0,32360.000000000004,10.38470927304354,2011-04-01,0,0,0.4088669950738916,0.1527093596059113,0.2001791312136139,0.0452306314375279,1,1,2011,90,0.05573738652209909,0
Retail banking,"Execution, delivery & process management",Process,Shanghai,2017-06,1,500000.0,500000.0,500000.0,500000.0,0,1.0,2017-06-01,1.0,32360.000000000004,0.0,1.0,7300.0,0.0,1.0,129000000.0,1.0,0.0,0.0,0.0,0.0,0.0,0.0,3.0,129039660.0,1.0,3.0,129039660.0,1.0,3.0,129039660.0,1.0,500000.0,13.122365377402328,2017-08-30,0,0,0.4088669950738916,0.1527093596059113,0.2001791312136139,0.0452306314375279,6,2,2017,90,0.04881322347516715,0
Retail banking,"Execution, delivery & process management",Process,Shanghai,2019-05,1,300000.0,300000.0,300000.0,300000.0,0,1.0,2019-05-01,1.0,500000.0,0.0,1.0,32360.000000000004,0.0,1.0,7300.0,0.0,0.0,0.0,0.0,0.0,0.0,0.0,3.0,539660.0,0.0,4.0,129539660.0,1.0,4.0,129539660.0,1.0,300000.0,12.611541086966117,2019-07-30,0,0,0.4088669950738916,0.1527093596059113,0.2001791312136139,0.0452306314375279,5,2,2019,90,0.014901542089820096,0
Retail banking,"Execution, delivery & process management",Process,Shanxi,2013-03,1,1.2,1.2,1.2,1.2,0,0.0,2013-03-01,0.0,0.0,0.0,0.0,0.0,0.0,0.0,0.0,0.0,0.0,0.0,0.0,0.0,0.0,0.0,0.0,0.0,0.0,0.0,0.0,0.0,0.0,0.0,0.0,1.2,0.7884573603642702,2013-05-30,0,0,0.4088669950738916,0.1527093596059113,0.2001791312136139,0.0214957456336766,3,1,2013,90,0.028524231119380693,0
Retail banking,"Execution, delivery & process management",Process,Sichuan,2018-11,1,85000.0,85000.0,85000.0,85000.0,0,1.0,2018-11-01,0.0,0.0,0.0,0.0,0.0,0.0,0.0,0.0,0.0,0.0,0.0,0.0,0.0,0.0,0.0,0.0,0.0,0.0,0.0,0.0,0.0,0.0,0.0,0.0,85000.0,11.350418300109132,2019-01-30,0,0,0.4088669950738916,0.1527093596059113,0.2001791312136139,0.0273175100761307,11,4,2018,90,0.021945907989908163,0
Retail banking,"Execution, delivery & process management",Process,Sichuan,2019-02,1,250000.0,250000.0,250000.0,250000.0,0,1.0,2019-02-01,1.0,85000.0,0.0,0.0,0.0,0.0,0.0,0.0,0.0,0.0,0.0,0.0,0.0,0.0,0.0,1.0,85000.0,0.0,1.0,85000.0,0.0,1.0,85000.0,0.0,250000.0,12.429220196836384,2019-05-02,0,0,0.4088669950738916,0.1527093596059113,0.2001791312136139,0.0273175100761307,2,1,2019,90,0.009013304741950638,0
Retail banking,"Execution, delivery & process management",Process,Tianjin,2001-10,1,100000.0,100000.0,100000.0,100000.0,0,0.0,2001-10-01,0.0,0.0,0.0,0.0,0.0,0.0,0.0,0.0,0.0,0.0,0.0,0.0,0.0,0.0,0.0,0.0,0.0,0.0,0.0,0.0,0.0,0.0,0.0,0.0,100000.0,11.51293546492023,2001-12-30,0,0,0.4088669950738916,0.1527093596059113,0.2001791312136139,0.0116435288849081,10,4,2001,90,0.04363122128821584,0
Retail banking,"Execution, delivery & process management",Process,Xinjiang,2010-07,2,40000.0,20000.0,20000.0,20000.0,0,1.0,2010-07-01,0.0,0.0,0.0,0.0,0.0,0.0,0.0,0.0,0.0,0.0,0.0,0.0,0.0,0.0,0.0,0.0,0.0,0.0,0.0,0.0,0.0,0.0,0.0,0.0,20000.0,10.59665973278358,2010-09-29,0,1,0.4088669950738916,0.1527093596059113,0.2001791312136139,0.005821764442454,7,3,2010,90,0.009982529227420251,0
Retail banking,"Execution, delivery & process management",Process,Xinjiang,2010-09,1,4200.0,4200.0,4200.0,4200.0,0,0.0,2010-09-01,2.0,40000.0,0.0,0.0,0.0,0.0,0.0,0.0,0.0,0.0,0.0,0.0,0.0,0.0,0.0,2.0,40000.0,0.0,2.0,40000.0,0.0,2.0,40000.0,0.0,4200.0,8.343077871169383,2010-11-30,0,0,0.4088669950738916,0.1527093596059113,0.2001791312136139,0.005821764442454,9,3,2010,90,0.037495938453716245,0
Retail banking,"Execution, delivery & process management",Process,Zhejiang,2009-09,1,9900.0,9900.0,9900.0,9900.0,0,0.0,2009-09-01,0.0,0.0,0.0,0.0,0.0,0.0,0.0,0.0,0.0,0.0,0.0,0.0,0.0,0.0,0.0,0.0,0.0,0.0,0.0,0.0,0.0,0.0,0.0,0.0,9900.0,9.200391041122517,2009-11-30,0,0,0.4088669950738916,0.1527093596059113,0.2001791312136139,0.0523958799820868,9,3,2009,90,0.030363020612895166,0
Retail banking,External fraud,External event,Anhui,2000-08,1,2790000.0,2790000.0,2790000.0,2790000.0,0,1.0,2000-08-01,0.0,0.0,0.0,0.0,0.0,0.0,0.0,0.0,0.0,0.0,0.0,0.0,0.0,0.0,0.0,0.0,0.0,0.0,0.0,0.0,0.0,0.0,0.0,0.0,2790000.0,14.841552512220424,2000-10-30,0,1,0.4088669950738916,0.303179579041648,0.322884012539185,0.0250783699059561,8,3,2000,90,0.044191453146828055,0
Retail banking,External fraud,External event,Anhui,2000-09,1,6600000.0,6600000.0,6600000.0,6600000.0,0,2.0,2000-09-01,1.0,2790000.0,0.0,0.0,0.0,0.0,0.0,0.0,0.0,0.0,0.0,0.0,0.0,0.0,0.0,1.0,2790000.0,0.0,1.0,2790000.0,0.0,1.0,2790000.0,0.0,6600000.0,15.702580358511794,2000-11-30,0,0,0.4088669950738916,0.303179579041648,0.322884012539185,0.0250783699059561,9,3,2000,90,0.01905542751910072,0
Retail banking,External fraud,External event,Anhui,2007-03,1,6300.0,6300.0,6300.0,6300.0,0,0.0,2007-03-01,1.0,6600000.0,0.0,1.0,2790000.0,0.0,0.0,0.0,0.0,0.0,0.0,0.0,0.0,0.0,0.0,2.0,9390000.0,0.0,2.0,9390000.0,0.0,2.0,9390000.0,0.0,6300.0,8.748463629942055,2007-05-30,0,0,0.4088669950738916,0.303179579041648,0.322884012539185,0.0250783699059561,3,1,2007,90,0.03873405698450241,0
Retail banking,External fraud,External event,Anhui,2009-02,1,259000.0,259000.0,259000.0,259000.0,0,0.0,2009-02-01,1.0,6300.0,0.0,1.0,6600000.0,0.0,1.0,2790000.0,0.0,0.0,0.0,0.0,0.0,0.0,0.0,3.0,9396300.0,0.0,3.0,9396300.0,0.0,3.0,9396300.0,0.0,259000.0,12.464587201678082,2009-05-02,0,0,0.4088669950738916,0.303179579041648,0.322884012539185,0.0250783699059561,2,1,2009,90,0.023461837751946178,0
Retail banking,External fraud,External event,Anhui,2010-04,1,309900.0,309900.0,309900.0,309900.0,0,0.0,2010-04-01,1.0,259000.0,0.0,1.0,6300.0,0.0,1.0,6600000.0,0.0,0.0,0.0,0.0,0.0,0.0,0.0,3.0,6865300.0,0.0,4.0,9655300.0,0.0,4.0,9655300.0,0.0,309900.0,12.644008170618005,2010-06-30,0,0,0.4088669950738916,0.303179579041648,0.322884012539185,0.0250783699059561,4,2,2010,90,0.0317214078190291,0
Retail banking,External fraud,External event,Anhui,2012-03,1,7000000.0,7000000.0,7000000.0,7000000.0,0,0.0,2012-03-01,1.0,309900.0,0.0,1.0,259000.0,0.0,1.0,6300.0,0.0,0.0,0.0,0.0,0.0,0.0,0.0,3.0,575200.0,0.0,5.0,9965200.0,0.0,5.0,9965200.0,0.0,7000000.0,15.76142084987672,2012-05-30,0,0,0.4088669950738916,0.303179579041648,0.322884012539185,0.0250783699059561,3,1,2012,90,0.10133553685776148,0
Retail banking,External fraud,External event,Anhui,2015-02,1,10800000.0,10800000.0,10800000.0,10800000.0,1,1.0,2015-02-01,1.0,7000000.0,0.0,1.0,309900.0,0.0,1.0,259000.0,0.0,1.0,2790000.0,0.0,0.0,0.0,0.0,3.0,7568900.0,0.0,6.0,16965200.0,0.0,6.0,16965200.0,0.0,10800000.0,16.195056784687036,2015-05-02,0,0,0.4088669950738916,0.303179579041648,0.322884012539185,0.0250783699059561,2,1,2015,90,0.10948300206994838,0
Retail banking,External fraud,External event,Anhui,2016-09,1,9690000.0,9690000.0,9690000.0,9690000.0,0,1.0,2016-09-01,1.0,10800000.0,1.0,1.0,7000000.0,0.0,1.0,309900.0,0.0,1.0,6600000.0,0.0,0.0,0.0,0.0,3.0,18109900.0,1.0,6.0,24975200.0,1.0,7.0,27765200.0,1.0,9690000.0,16.08660508706612,2016-11-30,0,0,0.4088669950738916,0.303179579041648,0.322884012539185,0.0250783699059561,9,3,2016,90,0.20318613631317406,0
Retail banking,External fraud,External event,"Anhui,Fujian,Hubei,Hunan,Guangdong",2011-02,1,10000.0,10000.0,10000.0,10000.0,0,0.0,2011-02-01,0.0,0.0,0.0,0.0,0.0,0.0,0.0,0.0,0.0,0.0,0.0,0.0,0.0,0.0,0.0,0.0,0.0,0.0,0.0,0.0,0.0,0.0,0.0,0.0,10000.0,9.210440366976515,2011-05-02,0,0,0.4088669950738916,0.303179579041648,0.322884012539185,0.0004478280340349,2,1,2011,90,0.07491290109235262,0
Retail banking,External fraud,External event,"Anhui,Jiangxi,Guangdong,Hongkong",2012-08,1,184000.0,184000.0,184000.0,184000.0,0,2.0,2012-08-01,0.0,0.0,0.0,0.0,0.0,0.0,0.0,0.0,0.0,0.0,0.0,0.0,0.0,0.0,0.0,0.0,0.0,0.0,0.0,0.0,0.0,0.0,0.0,0.0,184000.0,12.122696471358964,2012-10-30,0,0,0.4088669950738916,0.303179579041648,0.322884012539185,0.0004478280340349,8,3,2012,90,0.04712054982496401,0
Retail banking,External fraud,External event,"Anhui,Shandong",2011-04,1,120000.0,120000.0,120000.0,120000.0,0,0.0,2011-04-01,0.0,0.0,0.0,0.0,0.0,0.0,0.0,0.0,0.0,0.0,0.0,0.0,0.0,0.0,0.0,0.0,0.0,0.0,0.0,0.0,0.0,0.0,0.0,0.0,120000.0,11.695255355062796,2011-06-30,0,0,0.4088669950738916,0.303179579041648,0.322884012539185,0.0004478280340349,4,2,2011,90,0.0694128515208901,0
Retail banking,External fraud,External event,Beijing,2000-04,1,7630140.0,7630140.0,7630140.0,7630140.0,0,1.0,2000-04-01,0.0,0.0,0.0,0.0,0.0,0.0,0.0,0.0,0.0,0.0,0.0,0.0,0.0,0.0,0.0,0.0,0.0,0.0,0.0,0.0,0.0,0.0,0.0,0.0,7630140.0,15.847616882775345,2000-06-30,0,0,0.4088669950738916,0.303179579041648,0.322884012539185,0.0940438871473354,4,2,2000,90,0.058696964181048895,0
Retail banking,External fraud,External event,Beijing,2000-09,1,160000000.0,160000000.0,160000000.0,160000000.0,1,1.0,2000-09-01,1.0,7630140.0,0.0,0.0,0.0,0.0,0.0,0.0,0.0,0.0,0.0,0.0,0.0,0.0,0.0,1.0,7630140.0,0.0,1.0,7630140.0,0.0,1.0,7630140.0,0.0,160000000.0,18.8906843794481,2000-11-30,0,0,0.4088669950738916,0.303179579041648,0.322884012539185,0.0940438871473354,9,3,2000,90,0.04167971147029741,0
Retail banking,External fraud,External event,Beijing,2001-09,1,298000.0,298000.0,298000.0,298000.0,0,1.0,2001-09-01,1.0,160000000.0,1.0,1.0,7630140.0,0.0,0.0,0.0,0.0,0.0,0.0,0.0,0.0,0.0,0.0,2.0,167630140.0,1.0,2.0,167630140.0,1.0,2.0,167630140.0,1.0,298000.0,12.604852121186608,2001-11-30,0,0,0.4088669950738916,0.303179579041648,0.322884012539185,0.0940438871473354,9,3,2001,90,0.04079217366999507,0
Retail banking,External fraud,External event,Beijing,2002-12,1,67000000.0,67000000.0,67000000.0,67000000.0,1,1.0,2002-12-01,1.0,298000.0,0.0,1.0,160000000.0,1.0,1.0,7630140.0,0.0,0.0,0.0,0.0,0.0,0.0,0.0,3.0,167928140.0,1.0,3.0,167928140.0,1.0,3.0,167928140.0,1.0,67000000.0,18.02020319228061,2003-03-01,0,0,0.4088669950738916,0.303179579041648,0.322884012539185,0.0940438871473354,12,4,2002,90,0.2375792416115891,0
Retail banking,External fraud,External event,Beijing,2003-08,2,12811100.0,6405550.0,6405550.0,7350000.0,0,1.5,2003-08-01,1.0,67000000.0,1.0,1.0,298000.0,0.0,1.0,160000000.0,1.0,0.0,0.0,0.0,0.0,0.0,0.0,3.0,227298000.0,2.0,4.0,234928140.0,2.0,4.0,234928140.0,2.0,6405550.0,16.36582261865731,2003-10-30,0,1,0.4088669950738916,0.303179579041648,0.322884012539185,0.0940438871473354,8,3,2003,90,0.16036372529558876,0
Retail banking,External fraud,External event,Beijing,2003-09,1,5000000.0,5000000.0,5000000.0,5000000.0,0,2.0,2003-09-01,2.0,12811100.0,0.0,1.0,67000000.0,1.0,1.0,298000.0,0.0,0.0,0.0,0.0,0.0,0.0,0.0,4.0,80109100.0,1.0,6.0,247739240.0,2.0,6.0,247739240.0,2.0,5000000.0,15.424948670398354,2003-11-30,0,0,0.4088669950738916,0.303179579041648,0.322884012539185,0.0940438871473354,9,3,2003,90,0.30739453326790256,0
Retail banking,External fraud,External event,Beijing,2004-02,1,50000.0,50000.0,50000.0,50000.0,0,1.0,2004-02-01,1.0,5000000.0,0.0,2.0,12811100.0,0.0,1.0,67000000.0,1.0,1.0,7630140.0,0.0,0.0,0.0,0.0,4.0,84811100.0,1.0,7.0,252739240.0,2.0,7.0,252739240.0,2.0,50000.0,10.819798284210286,2004-05-01,0,0,0.4088669950738916,0.303179579041648,0.322884012539185,0.0940438871473354,2,1,2004,90,0.054311425715184075,0
Retail banking,External fraud,External event,Beijing,2004-12,1,244800.0,244800.0,244800.0,244800.0,0,1.0,2004-12-01,1.0,50000.0,0.0,1.0,5000000.0,0.0,2.0,12811100.0,0.0,1.0,160000000.0,1.0,0.0,0.0,0.0,4.0,17861100.0,0.0,7.0,245159100.0,2.0,8.0,252789240.0,2.0,244800.0,12.408200914579284,2005-03-01,0,0,0.4088669950738916,0.303179579041648,0.322884012539185,0.0940438871473354,12,4,2004,90,0.06201270902741205,0
Retail banking,External fraud,External event,Beijing,2005-09,1,840000.0,840000.0,840000.0,840000.0,0,0.0,2005-09-01,1.0,244800.0,0.0,1.0,50000.0,0.0,1.0,5000000.0,0.0,1.0,298000.0,0.0,0.0,0.0,0.0,3.0,5294800.0,0.0,7.0,85403900.0,1.0,9.0,253034040.0,2.0,840000.0,13.64115836129498,2005-11-30,0,0,0.4088669950738916,0.303179579041648,0.322884012539185,0.0940438871473354,9,3,2005,90,0.10050814782226097,0
Retail banking,External fraud,External event,Beijing,2006-04,1,720000.0,720000.0,720000.0,720000.0,0,2.0,2006-04-01,1.0,840000.0,0.0,1.0,244800.0,0.0,1.0,50000.0,0.0,1.0,67000000.0,1.0,0.0,0.0,0.0,3.0,1134800.0,0.0,7.0,85945900.0,1.0,10.0,253874040.0,2.0,720000.0,13.487007879880162,2006-06-30,0,0,0.4088669950738916,0.303179579041648,0.322884012539185,0.0940438871473354,4,2,2006,90,0.09093633778484714,0
Retail banking,External fraud,External event,Beijing,2006-10,1,80000.0,80000.0,80000.0,80000.0,0,3.0,2006-10-01,1.0,720000.0,0.0,1.0,840000.0,0.0,1.0,244800.0,0.0,2.0,12811100.0,0.0,0.0,0.0,0.0,3.0,1804800.0,0.0,7.0,19665900.0,0.0,11.0,254594040.0,2.0,80000.0,11.289794413577894,2006-12-30,0,1,0.4088669950738916,0.303179579041648,0.322884012539185,0.0940438871473354,10,4,2006,90,0.057815074281602014,0
Retail banking,External fraud,External event,Beijing,2006-12,1,220000.0,220000.0,220000.0,220000.0,0,0.0,2006-12-01,1.0,80000.0,0.0,1.0,720000.0,0.0,1.0,840000.0,0.0,1.0,5000000.0,0.0,0.0,0.0,0.0,3.0,1640000.0,0.0,6.0,6934800.0,0.0,12.0,254674040.0,2.0,220000.0,12.301387370778713,2007-03-01,0,0,0.4088669950738916,0.303179579041648,0.322884012539185,0.0940438871473354,12,4,2006,90,0.06689224396263058,0
Retail banking,External fraud,External event,Beijing,2007-04,3,201303.0,67101.0,60530.0,100000.0,0,1.6666666666666667,2007-04-01,1.0,220000.0,0.0,1.0,80000.0,0.0,1.0,720000.0,0.0,1.0,50000.0,0.0,1.0,7630140.0,0.0,3.0,1020000.0,0.0,6.0,2154800.0,0.0,13.0,254894040.0,2.0,67101.0,12.212571482270004,2007-06-30,0,0,0.4088669950738916,0.303179579041648,0.322884012539185,0.0940438871473354,4,2,2007,90,0.06276981923194513,0
Retail banking,External fraud,External event,Beijing,2007-11,1,900000.0,900000.0,900000.0,900000.0,0,0.0,2007-11-01,3.0,201303.0,0.0,1.0,220000.0,0.0,1.0,80000.0,0.0,1.0,244800.0,0.0,1.0,160000000.0,1.0,5.0,501303.0,0.0,8.0,2306103.0,0.0,15.0,247465203.0,2.0,900000.0,13.71015115341694,2008-01-30,0,1,0.4088669950738916,0.303179579041648,0.322884012539185,0.0940438871473354,11,4,2007,90,0.10870133585005355,0
Retail banking,External fraud,External event,Beijing,2007-12,1,1000000.0,1000000.0,1000000.0,1000000.0,0,0.0,2007-12-01,1.0,900000.0,0.0,3.0,201303.0,0.0,1.0,220000.0,0.0,1.0,840000.0,0.0,1.0,298000.0,0.0,5.0,1321303.0,0.0,8.0,2961303.0,0.0,15.0,88365203.0,1.0,1000000.0,13.815511557963774,2008-02-29,0,1,0.4088669950738916,0.303179579041648,0.322884012539185,0.0940438871473354,12,4,2007,90,0.09925047291868655,0
Retail banking,External fraud,External event,Beijing,2008-02,1,40000.0,40000.0,40000.0,40000.0,0,1.0,2008-02-01,1.0,1000000.0,0.0,1.0,900000.0,0.0,3.0,201303.0,0.0,1.0,720000.0,0.0,1.0,67000000.0,1.0,5.0,2101303.0,0.0,8.0,3121303.0,0.0,15.0,89067203.0,1.0,40000.0,10.59665973278358,2008-05-01,0,1,0.4088669950738916,0.303179579041648,0.322884012539185,0.0940438871473354,2,1,2008,90,0.04755872080362328,0
Retail banking,External fraud,External event,Beijing,2008-04,1,127600.0,127600.0,127600.0,127600.0,0,0.0,2008-04-01,1.0,40000.0,0.0,1.0,1000000.0,0.0,1.0,900000.0,0.0,1.0,80000.0,0.0,2.0,12811100.0,0.0,3.0,1940000.0,0.0,8.0,2441303.0,0.0,15.0,22107203.0,0.0,127600.0,11.756663486852712,2008-06-30,0,1,0.4088669950738916,0.303179579041648,0.322884012539185,0.0940438871473354,4,2,2008,90,0.09566993498111648,0
Retail banking,External fraud,External event,Beijing,2008-05,1,1130000.0,1130000.0,1130000.0,1130000.0,0,1.0,2008-05-01,1.0,127600.0,0.0,1.0,40000.0,0.0,1.0,1000000.0,0.0,1.0,220000.0,0.0,1.0,5000000.0,0.0,3.0,1167600.0,0.0,8.0,2488903.0,0.0,14.0,9423703.0,0.0,1130000.0,13.937729075643883,2008-07-30,0,0,0.4088669950738916,0.303179579041648,0.322884012539185,0.0940438871473354,5,2,2008,90,0.08644698352540396,0
Retail banking,External fraud,External event,Beijing,2009-01,1,85640.0,85640.0,85640.0,85640.0,0,0.0,2009-01-01,1.0,1130000.0,0.0,1.0,127600.0,0.0,1.0,40000.0,0.0,3.0,201303.0,0.0,1.0,50000.0,0.0,3.0,1297600.0,0.0,8.0,3398903.0,0.0,14.0,5553703.0,0.0,85640.0,11.357919419421997,2009-04-01,0,1,0.4088669950738916,0.303179579041648,0.322884012539185,0.0940438871473354,1,1,2009,90,0.0721798165834065,0
Retail banking,External fraud,External event,Beijing,2009-04,2,986225.0,493112.5,493112.5,886225.0,0,0.5,2009-04-01,1.0,85640.0,0.0,1.0,1130000.0,0.0,1.0,127600.0,0.0,1.0,900000.0,0.0,1.0,244800.0,0.0,3.0,1343240.0,0.0,6.0,3283240.0,0.0,14.0,5589343.0,0.0,493112.5,13.801640816245367,2009-06-30,0,1,0.4088669950738916,0.303179579041648,0.322884012539185,0.0940438871473354,4,2,2009,90,0.07918139681360989,0
Retail banking,External fraud,External event,Beijing,2009-05,1,7000000.0,7000000.0,7000000.0,7000000.0,0,1.0,2009-05-01,2.0,986225.0,0.0,1.0,85640.0,0.0,1.0,1130000.0,0.0,1.0,1000000.0,0.0,1.0,840000.0,0.0,4.0,2201865.0,0.0,7.0,3369465.0,0.0,15.0,6330768.0,0.0,7000000.0,15.76142084987672,2009-07-30,0,1,0.4088669950738916,0.303179579041648,0.322884012539185,0.0940438871473354,5,2,2009,90,0.05795580057414847,0
Retail banking,External fraud,External event,Beijing,2009-06,1,31000.0,31000.0,31000.0,31000.0,0,1.0,2009-06-01,1.0,7000000.0,0.0,2.0,986225.0,0.0,1.0,85640.0,0.0,1.0,40000.0,0.0,1.0,720000.0,0.0,4.0,8071865.0,0.0,7.0,9369465.0,0.0,15.0,12490768.0,0.0,31000.0,10.34177474101152,2009-08-30,0,0,0.4088669950738916,0.303179579041648,0.322884012539185,0.0940438871473354,6,2,2009,90,0.0654441039527555,0
Retail banking,External fraud,External event,Beijing,2009-11,1,185000.0,185000.0,185000.0,185000.0,0,0.0,2009-11-01,1.0,31000.0,0.0,1.0,7000000.0,0.0,2.0,986225.0,0.0,1.0,127600.0,0.0,1.0,80000.0,0.0,4.0,8017225.0,0.0,7.0,9360465.0,0.0,15.0,11801768.0,0.0,185000.0,12.128116509451258,2010-01-30,0,0,0.4088669950738916,0.303179579041648,0.322884012539185,0.0940438871473354,11,4,2009,90,0.05626668180731027,0
Retail banking,External fraud,External event,Beijing,2011-01,1,10940.0,10940.0,10940.0,10940.0,0,0.0,2011-01-01,1.0,185000.0,0.0,1.0,31000.0,0.0,1.0,7000000.0,0.0,1.0,1130000.0,0.0,1.0,220000.0,0.0,3.0,7216000.0,0.0,7.0,9417865.0,0.0,15.0,11906768.0,0.0,10940.0,9.30027247947679,2011-04-01,0,0,0.4088669950738916,0.303179579041648,0.322884012539185,0.0940438871473354,1,1,2011,90,0.11647260076211978,0
Retail banking,External fraud,External event,Beijing,2011-05,1,420.0,420.0,420.0,420.0,0,2.0,2011-05-01,1.0,10940.0,0.0,1.0,185000.0,0.0,1.0,31000.0,0.0,1.0,85640.0,0.0,3.0,201303.0,0.0,3.0,226940.0,0.0,7.0,8298805.0,0.0,15.0,11697708.0,0.0,420.0,6.042632833682381,2011-07-30,0,0,0.4088669950738916,0.303179579041648,0.322884012539185,0.0940438871473354,5,2,2011,90,0.1580622404834405,0
Retail banking,External fraud,External event,Beijing,2012-05,1,40000.0,40000.0,40000.0,40000.0,0,2.0,2012-05-01,1.0,420.0,0.0,1.0,10940.0,0.0,1.0,185000.0,0.0,2.0,986225.0,0.0,1.0,900000.0,0.0,3.0,196360.0,0.0,7.0,8213585.0,0.0,13.0,11496825.0,0.0,40000.0,10.59665973278358,2012-07-30,0,0,0.4088669950738916,0.303179579041648,0.322884012539185,0.0940438871473354,5,2,2012,90,0.07227950599943979,0
Retail banking,External fraud,External event,Beijing,2015-08,1,100000.0,100000.0,100000.0,100000.0,0,1.0,2015-08-01,1.0,40000.0,0.0,1.0,420.0,0.0,1.0,10940.0,0.0,1.0,7000000.0,0.0,1.0,1000000.0,0.0,3.0,51360.0,0.0,6.0,7267360.0,0.0,13.0,10636825.0,0.0,100000.0,11.51293546492023,2015-10-30,0,1,0.4088669950738916,0.303179579041648,0.322884012539185,0.0940438871473354,8,3,2015,90,0.1414307698193429,0
Retail banking,External fraud,External event,Beijing,2015-09,1,4991.0,4991.0,4991.0,4991.0,0,0.0,2015-09-01,1.0,100000.0,0.0,1.0,40000.0,0.0,1.0,420.0,0.0,1.0,31000.0,0.0,1.0,40000.0,0.0,3.0,140420.0,0.0,6.0,367360.0,0.0,13.0,9736825.0,0.0,4991.0,8.515591910049263,2015-11-30,0,1,0.4088669950738916,0.303179579041648,0.322884012539185,0.0940438871473354,9,3,2015,90,0.20967412143347927,0
Retail banking,External fraud,External event,Beijing,2015-11,1,200000.0,200000.0,200000.0,200000.0,0,1.0,2015-11-01,1.0,4991.0,0.0,1.0,100000.0,0.0,1.0,40000.0,0.0,1.0,185000.0,0.0,1.0,127600.0,0.0,3.0,144991.0,0.0,6.0,341351.0,0.0,13.0,9701816.0,0.0,200000.0,12.206077645517674,2016-01-30,0,0,0.4088669950738916,0.303179579041648,0.322884012539185,0.0940438871473354,11,4,2015,90,0.131911577596871,0
Retail banking,External fraud,External event,Beijing,2016-09,1,15000.0,15000.0,15000.0,15000.0,0,0.0,2016-09-01,1.0,200000.0,0.0,1.0,4991.0,0.0,1.0,100000.0,0.0,1.0,10940.0,0.0,1.0,1130000.0,0.0,3.0,304991.0,0.0,6.0,356351.0,0.0,13.0,9774216.0,0.0,15000.0,9.61587214452889,2016-11-30,1,1,0.4088669950738916,0.303179579041648,0.322884012539185,0.0940438871473354,9,3,2016,90,0.5664758394262305,1
Retail banking,External fraud,External event,Beijing,2016-11,1,62995600.00000001,62995600.00000001,62995600.00000001,62995600.00000001,1,0.0,2016-11-01,1.0,15000.0,0.0,1.0,200000.0,0.0,1.0,4991.0,0.0,1.0,420.0,0.0,1.0,85640.0,0.0,3.0,219991.0,0.0,6.0,360411.0,0.0,13.0,8659216.0,0.0,62995600.00000001,17.958575456521075,2017-01-30,0,0,0.4088669950738916,0.303179579041648,0.322884012539185,0.0940438871473354,11,4,2016,90,0.07130712224873538,0
Retail banking,External fraud,External event,Beijing,2021-11,1,12500.0,12500.0,12500.0,12500.0,0,0.0,2021-11-01,1.0,62995600.00000001,1.0,1.0,15000.0,0.0,1.0,200000.0,0.0,1.0,40000.0,0.0,2.0,986225.0,0.0,3.0,63210600.00000001,1.0,6.0,63355591.00000001,1.0,13.0,71569176.0,1.0,12500.0,9.433563920090563,2022-01-30,0,0,0.4088669950738916,0.303179579041648,0.322884012539185,0.0940438871473354,11,4,2021,90,0.1227593602266441,0
Retail banking,External fraud,External event,"Beijing,Anhui",2010-01,1,12000.0,12000.0,12000.0,12000.0,0,1.0,2010-01-01,0.0,0.0,0.0,0.0,0.0,0.0,0.0,0.0,0.0,0.0,0.0,0.0,0.0,0.0,0.0,0.0,0.0,0.0,0.0,0.0,0.0,0.0,0.0,0.0,12000.0,9.39274525863144,2010-04-01,0,0,0.4088669950738916,0.303179579041648,0.322884012539185,0.0031347962382445,1,1,2010,90,0.07526813169928637,0
Retail banking,External fraud,External event,"Beijing,Guangdong",2009-06,1,7161.0,7161.0,7161.0,7161.0,0,0.0,2009-06-01,0.0,0.0,0.0,0.0,0.0,0.0,0.0,0.0,0.0,0.0,0.0,0.0,0.0,0.0,0.0,0.0,0.0,0.0,0.0,0.0,0.0,0.0,0.0,0.0,7161.0,8.876544550558378,2009-08-30,0,0,0.4088669950738916,0.303179579041648,0.322884012539185,0.0013434841021047,6,2,2009,90,0.07022618268443126,0
Retail banking,External fraud,External event,"Beijing,Hebei,Shaanxi",2011-10,1,55000.0,55000.0,55000.0,55000.0,0,1.0,2011-10-01,0.0,0.0,0.0,0.0,0.0,0.0,0.0,0.0,0.0,0.0,0.0,0.0,0.0,0.0,0.0,0.0,0.0,0.0,0.0,0.0,0.0,0.0,0.0,0.0,55000.0,10.915106645867503,2011-12-30,0,0,0.4088669950738916,0.303179579041648,0.322884012539185,0.0008956560680698,10,4,2011,90,0.04141029305423445,0
Retail banking,External fraud,External event,"Beijing,Hebei,Shandong",2009-11,1,185000.0,185000.0,185000.0,185000.0,0,0.0,2009-11-01,0.0,0.0,0.0,0.0,0.0,0.0,0.0,0.0,0.0,0.0,0.0,0.0,0.0,0.0,0.0,0.0,0.0,0.0,0.0,0.0,0.0,0.0,0.0,0.0,185000.0,12.128116509451258,2010-01-30,0,0,0.4088669950738916,0.303179579041648,0.322884012539185,0.0004478280340349,11,4,2009,90,0.06410968061418976,0
Retail banking,External fraud,External event,"Beijing,Hebei,Shanghai,Zhejiang",2021-10,1,79000.0,79000.0,79000.0,79000.0,0,2.0,2021-10-01,0.0,0.0,0.0,0.0,0.0,0.0,0.0,0.0,0.0,0.0,0.0,0.0,0.0,0.0,0.0,0.0,0.0,0.0,0.0,0.0,0.0,0.0,0.0,0.0,79000.0,11.277215789596893,2021-12-30,0,1,0.4088669950738916,0.303179579041648,0.322884012539185,0.0008956560680698,10,4,2021,90,0.041991649387759684,0
Retail banking,External fraud,External event,"Beijing,Hebei,Shanghai,Zhejiang",2021-11,2,467795.0,233897.5,233897.5,370000.0,0,2.0,2021-11-01,1.0,79000.0,0.0,0.0,0.0,0.0,0.0,0.0,0.0,0.0,0.0,0.0,0.0,0.0,0.0,1.0,79000.0,0.0,1.0,79000.0,0.0,1.0,79000.0,0.0,233897.5,13.055787582432982,2022-01-30,0,0,0.4088669950738916,0.303179579041648,0.322884012539185,0.0008956560680698,11,4,2021,90,0.02625181403571979,0
Retail banking,External fraud,External event,"Beijing,Hebei,Shanxi,Zhejiang,Henan,Sichuan",2017-03,1,950000.0,950000.0,950000.0,950000.0,0,2.0,2017-03-01,0.0,0.0,0.0,0.0,0.0,0.0,0.0,0.0,0.0,0.0,0.0,0.0,0.0,0.0,0.0,0.0,0.0,0.0,0.0,0.0,0.0,0.0,0.0,0.0,950000.0,13.76421831620775,2017-05-30,0,0,0.4088669950738916,0.303179579041648,0.322884012539185,0.0004478280340349,3,1,2017,90,0.0820967410826866,0
Retail banking,External fraud,External event,"Beijing,Henan",2010-04,1,32000.0,32000.0,32000.0,32000.0,0,0.0,2010-04-01,0.0,0.0,0.0,0.0,0.0,0.0,0.0,0.0,0.0,0.0,0.0,0.0,0.0,0.0,0.0,0.0,0.0,0.0,0.0,0.0,0.0,0.0,0.0,0.0,32000.0,10.373522431293592,2010-06-30,0,0,0.4088669950738916,0.303179579041648,0.322884012539185,0.0053739364084191,4,2,2010,90,0.059354214803473665,0
Retail banking,External fraud,External event,"Beijing,Hubei",2016-04,1,26500.0,26500.0,26500.0,26500.0,0,1.0,2016-04-01,0.0,0.0,0.0,0.0,0.0,0.0,0.0,0.0,0.0,0.0,0.0,0.0,0.0,0.0,0.0,0.0,0.0,0.0,0.0,0.0,0.0,0.0,0.0,0.0,26500.0,10.184937747111393,2016-06-30,0,0,0.4088669950738916,0.303179579041648,0.322884012539185,0.0053739364084191,4,2,2016,90,0.03601235686667462,0
Retail banking,External fraud,External event,"Beijing,Jilin",2009-01,1,33900.0,33900.0,33900.0,33900.0,0,1.0,2009-01-01,0.0,0.0,0.0,0.0,0.0,0.0,0.0,0.0,0.0,0.0,0.0,0.0,0.0,0.0,0.0,0.0,0.0,0.0,0.0,0.0,0.0,0.0,0.0,0.0,33900.0,10.431199791458544,2009-04-01,0,0,0.4088669950738916,0.303179579041648,0.322884012539185,0.006269592476489,1,1,2009,90,0.06959748759108111,0
Retail banking,External fraud,External event,"Beijing,Jilin,Shandong,Macao",2015-11,1,28800000000.0,28800000000.0,28800000000.0,28800000000.0,1,1.0,2015-11-01,0.0,0.0,0.0,0.0,0.0,0.0,0.0,0.0,0.0,0.0,0.0,0.0,0.0,0.0,0.0,0.0,0.0,0.0,0.0,0.0,0.0,0.0,0.0,0.0,28800000000.0,24.083641224123035,2016-01-30,0,0,0.4088669950738916,0.303179579041648,0.322884012539185,0.0004478280340349,11,4,2015,90,0.0588760505266575,0
Retail banking,External fraud,External event,"Beijing,Jilin,Shanghai,Shandong,Chongqing",2018-10,1,4750.0,4750.0,4750.0,4750.0,0,0.0,2018-10-01,0.0,0.0,0.0,0.0,0.0,0.0,0.0,0.0,0.0,0.0,0.0,0.0,0.0,0.0,0.0,0.0,0.0,0.0,0.0,0.0,0.0,0.0,0.0,0.0,4750.0,8.46611040118692,2018-12-30,0,0,0.4088669950738916,0.303179579041648,0.322884012539185,0.0004478280340349,10,4,2018,90,0.06541795136608058,0
Retail banking,External fraud,External event,"Beijing,Liaoning",2009-12,1,445000.0,445000.0,445000.0,445000.0,0,1.0,2009-12-01,0.0,0.0,0.0,0.0,0.0,0.0,0.0,0.0,0.0,0.0,0.0,0.0,0.0,0.0,0.0,0.0,0.0,0.0,0.0,0.0,0.0,0.0,0.0,0.0,445000.0,13.005831808336865,2010-03-01,0,0,0.4088669950738916,0.303179579041648,0.322884012539185,0.0017913121361397,12,4,2009,90,0.0551522377604631,0
Retail banking,External fraud,External event,"Beijing,Liaoning,Henan,Guangxi,Yunnan,Shaanxi",2013-12,1,140000000.0,140000000.0,140000000.0,140000000.0,1,6.0,2013-12-01,0.0,0.0,0.0,0.0,0.0,0.0,0.0,0.0,0.0,0.0,0.0,0.0,0.0,0.0,0.0,0.0,0.0,0.0,0.0,0.0,0.0,0.0,0.0,0.0,140000000.0,18.757152987716434,2014-03-01,0,0,0.4088669950738916,0.303179579041648,0.322884012539185,0.0004478280340349,12,4,2013,90,0.05394794655376429,0
Retail banking,External fraud,External event,"Beijing,Liaoning,Shandong,Ningxia",2019-01,1,1015700.0,1015700.0,1015700.0,1015700.0,0,1.0,2019-01-01,0.0,0.0,0.0,0.0,0.0,0.0,0.0,0.0,0.0,0.0,0.0,0.0,0.0,0.0,0.0,0.0,0.0,0.0,0.0,0.0,0.0,0.0,0.0,0.0,1015700.0,13.831089572469788,2019-04-01,0,0,0.4088669950738916,0.303179579041648,0.322884012539185,0.0004478280340349,1,1,2019,90,0.11377312993573042,0
Retail banking,External fraud,External event,"Beijing,Shanghai",2012-06,1,1000000.0,1000000.0,1000000.0,1000000.0,0,0.0,2012-06-01,0.0,0.0,0.0,0.0,0.0,0.0,0.0,0.0,0.0,0.0,0.0,0.0,0.0,0.0,0.0,0.0,0.0,0.0,0.0,0.0,0.0,0.0,0.0,0.0,1000000.0,13.815511557963774,2012-08-30,1,1,0.4088669950738916,0.303179579041648,0.322884012539185,0.0076130765785938,6,2,2012,90,0.49758577623841593,1
Retail banking,External fraud,External event,"Beijing,Shanghai",2012-08,1,13500000.0,13500000.0,13500000.0,13500000.0,1,0.0,2012-08-01,1.0,1000000.0,0.0,0.0,0.0,0.0,0.0,0.0,0.0,0.0,0.0,0.0,0.0,0.0,0.0,1.0,1000000.0,0.0,1.0,1000000.0,0.0,1.0,1000000.0,0.0,13500000.0,16.41820031748273,2012-10-30,0,0,0.4088669950738916,0.303179579041648,0.322884012539185,0.0076130765785938,8,3,2012,90,0.12180916638079542,0
Retail banking,External fraud,External event,"Beijing,Shanghai,Guangdong",2011-06,1,100000.0,100000.0,100000.0,100000.0,0,0.0,2011-06-01,0.0,0.0,0.0,0.0,0.0,0.0,0.0,0.0,0.0,0.0,0.0,0.0,0.0,0.0,0.0,0.0,0.0,0.0,0.0,0.0,0.0,0.0,0.0,0.0,100000.0,11.51293546492023,2011-08-30,0,0,0.4088669950738916,0.303179579041648,0.322884012539185,0.0004478280340349,6,2,2011,90,0.10335543207852774,0
Retail banking,External fraud,External event,"Beijing,Shanghai,Hainan,Hongkong",2011-08,1,1000000.0,1000000.0,1000000.0,1000000.0,0,0.0,2011-08-01,0.0,0.0,0.0,0.0,0.0,0.0,0.0,0.0,0.0,0.0,0.0,0.0,0.0,0.0,0.0,0.0,0.0,0.0,0.0,0.0,0.0,0.0,0.0,0.0,1000000.0,13.815511557963774,2011-10-30,0,0,0.4088669950738916,0.303179579041648,0.322884012539185,0.0004478280340349,8,3,2011,90,0.21144874056281965,0
Retail banking,External fraud,External event,"Beijing,Shanghai,Hunan,Shaanxi",2010-10,1,26000.0,26000.0,26000.0,26000.0,0,1.0,2010-10-01,0.0,0.0,0.0,0.0,0.0,0.0,0.0,0.0,0.0,0.0,0.0,0.0,0.0,0.0,0.0,0.0,0.0,0.0,0.0,0.0,0.0,0.0,0.0,0.0,26000.0,10.165890277802454,2010-12-30,0,0,0.4088669950738916,0.303179579041648,0.322884012539185,0.0004478280340349,10,4,2010,90,0.0405188201860174,0
Retail banking,External fraud,External event,"Beijing,Shanghai,Yunnan",2018-12,1,200000.0,200000.0,200000.0,200000.0,0,1.0,2018-12-01,0.0,0.0,0.0,0.0,0.0,0.0,0.0,0.0,0.0,0.0,0.0,0.0,0.0,0.0,0.0,0.0,0.0,0.0,0.0,0.0,0.0,0.0,0.0,0.0,200000.0,12.206077645517674,2019-03-01,0,0,0.4088669950738916,0.303179579041648,0.322884012539185,0.0004478280340349,12,4,2018,90,0.03430749825426656,0
Retail banking,External fraud,External event,"Beijing,Shanghai,Zhejiang,Fujian,Henan,Guangdong",2011-02,1,12000.0,12000.0,12000.0,12000.0,0,1.0,2011-02-01,0.0,0.0,0.0,0.0,0.0,0.0,0.0,0.0,0.0,0.0,0.0,0.0,0.0,0.0,0.0,0.0,0.0,0.0,0.0,0.0,0.0,0.0,0.0,0.0,12000.0,9.39274525863144,2011-05-02,0,0,0.4088669950738916,0.303179579041648,0.322884012539185,0.0004478280340349,2,1,2011,90,0.046222994055870915,0
Retail banking,External fraud,External event,"Beijing,Shanghai,Zhejiang,Hongkong",2011-03,1,2000000.0,2000000.0,2000000.0,2000000.0,0,0.0,2011-03-01,0.0,0.0,0.0,0.0,0.0,0.0,0.0,0.0,0.0,0.0,0.0,0.0,0.0,0.0,0.0,0.0,0.0,0.0,0.0,0.0,0.0,0.0,0.0,0.0,2000000.0,14.508658238524095,2011-05-30,0,0,0.4088669950738916,0.303179579041648,0.322884012539185,0.0004478280340349,3,1,2011,90,0.0907078200192959,0
Retail banking,External fraud,External event,"Beijing,Shanxi,Shanghai,Zhejiang,Shaanxi",2015-05,1,220000.0,220000.0,220000.0,220000.0,0,0.0,2015-05-01,0.0,0.0,0.0,0.0,0.0,0.0,0.0,0.0,0.0,0.0,0.0,0.0,0.0,0.0,0.0,0.0,0.0,0.0,0.0,0.0,0.0,0.0,0.0,0.0,220000.0,12.301387370778713,2015-07-30,0,0,0.4088669950738916,0.303179579041648,0.322884012539185,0.0004478280340349,5,2,2015,90,0.062338056325749396,0
Retail banking,External fraud,External event,"Beijing,Sichuan",2011-04,1,2608350.0,2608350.0,2608350.0,2608350.0,0,8.0,2011-04-01,0.0,0.0,0.0,0.0,0.0,0.0,0.0,0.0,0.0,0.0,0.0,0.0,0.0,0.0,0.0,0.0,0.0,0.0,0.0,0.0,0.0,0.0,0.0,0.0,2608350.0,14.774228778862383,2011-06-30,0,0,0.4088669950738916,0.303179579041648,0.322884012539185,0.0026869682042095,4,2,2011,90,0.06656604674928868,0
Retail banking,External fraud,External event,"Beijing,Sichuan",2012-02,1,70000.0,70000.0,70000.0,70000.0,0,0.0,2012-02-01,1.0,2608350.0,0.0,0.0,0.0,0.0,0.0,0.0,0.0,0.0,0.0,0.0,0.0,0.0,0.0,1.0,2608350.0,0.0,1.0,2608350.0,0.0,1.0,2608350.0,0.0,70000.0,11.156264806643742,2012-05-01,0,0,0.4088669950738916,0.303179579041648,0.322884012539185,0.0026869682042095,2,1,2012,90,0.02819732268368391,0
Retail banking,External fraud,External event,"Beijing,Sichuan",2014-12,1,17850.0,17850.0,17850.0,17850.0,0,3.0,2014-12-01,1.0,70000.0,0.0,1.0,2608350.0,0.0,0.0,0.0,0.0,0.0,0.0,0.0,0.0,0.0,0.0,2.0,2678350.0,0.0,2.0,2678350.0,0.0,2.0,2678350.0,0.0,17850.0,9.789814808047552,2015-03-01,0,0,0.4088669950738916,0.303179579041648,0.322884012539185,0.0026869682042095,12,4,2014,90,0.05715643240400295,0
Retail banking,External fraud,External event,"Beijing,Zhejiang",2005-05,1,38426.0,38426.0,38426.0,38426.0,0,1.0,2005-05-01,0.0,0.0,0.0,0.0,0.0,0.0,0.0,0.0,0.0,0.0,0.0,0.0,0.0,0.0,0.0,0.0,0.0,0.0,0.0,0.0,0.0,0.0,0.0,0.0,38426.0,10.556515616499246,2005-07-30,0,0,0.4088669950738916,0.303179579041648,0.322884012539185,0.0076130765785938,5,2,2005,90,0.041179398293076264,0
Retail banking,External fraud,External event,"Beijing,Zhejiang",2011-08,1,4600.0,4600.0,4600.0,4600.0,0,1.0,2011-08-01,1.0,38426.0,0.0,0.0,0.0,0.0,0.0,0.0,0.0,0.0,0.0,0.0,0.0,0.0,0.0,1.0,38426.0,0.0,1.0,38426.0,0.0,1.0,38426.0,0.0,4600.0,8.434028950155469,2011-10-30,0,0,0.4088669950738916,0.303179579041648,0.322884012539185,0.0076130765785938,8,3,2011,90,0.026237545849017333,0
Retail banking,External fraud,External event,Chongqing,2000-06,1,142000.0,142000.0,142000.0,142000.0,0,1.0,2000-06-01,0.0,0.0,0.0,0.0,0.0,0.0,0.0,0.0,0.0,0.0,0.0,0.0,0.0,0.0,0.0,0.0,0.0,0.0,0.0,0.0,0.0,0.0,0.0,0.0,142000.0,11.863589378812122,2000-08-30,0,0,0.4088669950738916,0.303179579041648,0.322884012539185,0.0232870577698163,6,2,2000,90,0.08657638482636312,0
Retail banking,External fraud,External event,Chongqing,2002-08,1,1423700.0,1423700.0,1423700.0,1423700.0,0,1.0,2002-08-01,1.0,142000.0,0.0,0.0,0.0,0.0,0.0,0.0,0.0,0.0,0.0,0.0,0.0,0.0,0.0,1.0,142000.0,0.0,1.0,142000.0,0.0,1.0,142000.0,0.0,1423700.0,14.168770376996758,2002-10-30,0,0,0.4088669950738916,0.303179579041648,0.322884012539185,0.0232870577698163,8,3,2002,90,0.031076121613070763,0
Retail banking,External fraud,External event,Chongqing,2006-08,1,132000.0,132000.0,132000.0,132000.0,0,0.0,2006-08-01,1.0,1423700.0,0.0,1.0,142000.0,0.0,0.0,0.0,0.0,0.0,0.0,0.0,0.0,0.0,0.0,2.0,1565700.0,0.0,2.0,1565700.0,0.0,2.0,1565700.0,0.0,132000.0,11.790564777297387,2006-10-30,0,0,0.4088669950738916,0.303179579041648,0.322884012539185,0.0232870577698163,8,3,2006,90,0.0156859838500148,0
Retail banking,External fraud,External event,Chongqing,2007-07,1,22200.000000000004,22200.000000000004,22200.000000000004,22200.000000000004,0,0.0,2007-07-01,1.0,132000.0,0.0,1.0,1423700.0,0.0,1.0,142000.0,0.0,0.0,0.0,0.0,0.0,0.0,0.0,3.0,1697700.0,0.0,3.0,1697700.0,0.0,3.0,1697700.0,0.0,22200.000000000004,10.007892611890918,2007-09-29,0,0,0.4088669950738916,0.303179579041648,0.322884012539185,0.0232870577698163,7,3,2007,90,0.03192508771840704,0
Retail banking,External fraud,External event,Chongqing,2008-03,1,95000.0,95000.0,95000.0,95000.0,0,0.0,2008-03-01,1.0,22200.000000000004,0.0,1.0,132000.0,0.0,1.0,1423700.0,0.0,0.0,0.0,0.0,0.0,0.0,0.0,3.0,1577900.0,0.0,4.0,1719900.0,0.0,4.0,1719900.0,0.0,95000.0,11.461642696843066,2008-05-30,0,0,0.4088669950738916,0.303179579041648,0.322884012539185,0.0232870577698163,3,1,2008,90,0.06389392666675717,0
Retail banking,External fraud,External event,Chongqing,2008-08,1,70095.0,70095.0,70095.0,70095.0,0,1.0,2008-08-01,1.0,95000.0,0.0,1.0,22200.000000000004,0.0,1.0,132000.0,0.0,0.0,0.0,0.0,0.0,0.0,0.0,3.0,249200.0,0.0,5.0,1814900.0,0.0,5.0,1814900.0,0.0,70095.0,11.15762101005368,2008-10-30,0,0,0.4088669950738916,0.303179579041648,0.322884012539185,0.0232870577698163,8,3,2008,90,0.03539196708232074,0
Retail banking,External fraud,External event,Chongqing,2008-11,1,96600.0,96600.0,96600.0,96600.0,0,1.0,2008-11-01,1.0,70095.0,0.0,1.0,95000.0,0.0,1.0,22200.000000000004,0.0,1.0,142000.0,0.0,0.0,0.0,0.0,3.0,187295.0,0.0,6.0,1884995.0,0.0,6.0,1884995.0,0.0,96600.0,11.478344372113902,2009-01-30,0,0,0.4088669950738916,0.303179579041648,0.322884012539185,0.0232870577698163,11,4,2008,90,0.05543233548459094,0
Retail banking,External fraud,External event,Chongqing,2010-04,1,810000.0,810000.0,810000.0,810000.0,0,0.0,2010-04-01,1.0,96600.0,0.0,1.0,70095.0,0.0,1.0,95000.0,0.0,1.0,1423700.0,0.0,0.0,0.0,0.0,3.0,261695.0,0.0,6.0,1839595.0,0.0,7.0,1981595.0,0.0,810000.0,13.60479076121576,2010-06-30,0,0,0.4088669950738916,0.303179579041648,0.322884012539185,0.0232870577698163,4,2,2010,90,0.04924791006150639,0
Retail banking,External fraud,External event,Chongqing,2016-04,1,20630.0,20630.0,20630.0,20630.0,0,1.0,2016-04-01,1.0,810000.0,0.0,1.0,96600.0,0.0,1.0,70095.0,0.0,1.0,132000.0,0.0,0.0,0.0,0.0,3.0,976695.0,0.0,6.0,1225895.0,0.0,8.0,2791595.0,0.0,20630.0,9.934550077987948,2016-06-30,0,0,0.4088669950738916,0.303179579041648,0.322884012539185,0.0232870577698163,4,2,2016,90,0.04241598068268719,0
Retail banking,External fraud,External event,Chongqing,2016-10,1,53000.0,53000.0,53000.0,53000.0,0,0.0,2016-10-01,1.0,20630.0,0.0,1.0,810000.0,0.0,1.0,96600.0,0.0,1.0,22200.000000000004,0.0,0.0,0.0,0.0,3.0,927230.0,0.0,6.0,1114525.0,0.0,9.0,2812225.0,0.0,53000.0,10.87806606028079,2016-12-30,0,0,0.4088669950738916,0.303179579041648,0.322884012539185,0.0232870577698163,10,4,2016,90,0.05191080860054337,0
Retail banking,External fraud,External event,"Chongqing,Hongkong",2016-09,1,560000.0,560000.0,560000.0,560000.0,0,0.0,2016-09-01,0.0,0.0,0.0,0.0,0.0,0.0,0.0,0.0,0.0,0.0,0.0,0.0,0.0,0.0,0.0,0.0,0.0,0.0,0.0,0.0,0.0,0.0,0.0,0.0,560000.0,13.235693848424024,2016-11-30,0,0,0.4088669950738916,0.303179579041648,0.322884012539185,0.0004478280340349,9,3,2016,90,0.07873886895303144,0
Retail banking,External fraud,External event,"Chongqing,Macao",2011-12,1,455377.0,455377.0,455377.0,455377.0,0,1.0,2011-12-01,0.0,0.0,0.0,0.0,0.0,0.0,0.0,0.0,0.0,0.0,0.0,0.0,0.0,0.0,0.0,0.0,0.0,0.0,0.0,0.0,0.0,0.0,0.0,0.0,455377.0,13.028883122266109,2012-02-29,0,0,0.4088669950738916,0.303179579041648,0.322884012539185,0.0004478280340349,12,4,2011,90,0.0568163204478016,0
Retail banking,External fraud,External event,"Chongqing,Sichuan",2007-07,1,25000.0,25000.0,25000.0,25000.0,0,1.0,2007-07-01,0.0,0.0,0.0,0.0,0.0,0.0,0.0,0.0,0.0,0.0,0.0,0.0,0.0,0.0,0.0,0.0,0.0,0.0,0.0,0.0,0.0,0.0,0.0,0.0,25000.0,10.12667110305036,2007-09-29,0,0,0.4088669950738916,0.303179579041648,0.322884012539185,0.0008956560680698,7,3,2007,90,0.034837258385381556,0
Retail banking,External fraud,External event,Fujian,2000-10,1,1990000.0,1990000.0,1990000.0,1990000.0,0,2.0,2000-10-01,0.0,0.0,0.0,0.0,0.0,0.0,0.0,0.0,0.0,0.0,0.0,0.0,0.0,0.0,0.0,0.0,0.0,0.0,0.0,0.0,0.0,0.0,0.0,0.0,1990000.0,14.503645699213113,2000-12-30,0,0,0.4088669950738916,0.303179579041648,0.322884012539185,0.0237348858038513,10,4,2000,90,0.05737839343952964,0
Retail banking,External fraud,External event,Fujian,2004-03,1,126170.0,126170.0,126170.0,126170.0,0,1.0,2004-03-01,1.0,1990000.0,0.0,0.0,0.0,0.0,0.0,0.0,0.0,0.0,0.0,0.0,0.0,0.0,0.0,1.0,1990000.0,0.0,1.0,1990000.0,0.0,1.0,1990000.0,0.0,126170.0,11.745393408704755,2004-05-30,0,0,0.4088669950738916,0.303179579041648,0.322884012539185,0.0237348858038513,3,1,2004,90,0.01821127573982024,0
Retail banking,External fraud,External event,Fujian,2004-11,1,300000.0,300000.0,300000.0,300000.0,0,0.0,2004-11-01,1.0,126170.0,0.0,1.0,1990000.0,0.0,0.0,0.0,0.0,0.0,0.0,0.0,0.0,0.0,0.0,2.0,2116170.0,0.0,2.0,2116170.0,0.0,2.0,2116170.0,0.0,300000.0,12.611541086966117,2005-01-30,0,0,0.4088669950738916,0.303179579041648,0.322884012539185,0.0237348858038513,11,4,2004,90,0.031908409290399606,0
Retail banking,External fraud,External event,Fujian,2005-12,1,800000.0,800000.0,800000.0,800000.0,0,0.0,2005-12-01,1.0,300000.0,0.0,1.0,126170.0,0.0,1.0,1990000.0,0.0,0.0,0.0,0.0,0.0,0.0,0.0,3.0,2416170.0,0.0,3.0,2416170.0,0.0,3.0,2416170.0,0.0,800000.0,13.592368256649284,2006-03-01,0,0,0.4088669950738916,0.303179579041648,0.322884012539185,0.0237348858038513,12,4,2005,90,0.037360624203023565,0
Retail banking,External fraud,External event,Fujian,2007-04,1,80000.0,80000.0,80000.0,80000.0,0,0.0,2007-04-01,1.0,800000.0,0.0,1.0,300000.0,0.0,1.0,126170.0,0.0,0.0,0.0,0.0,0.0,0.0,0.0,3.0,1226170.0,0.0,4.0,3216170.0,0.0,4.0,3216170.0,0.0,80000.0,11.289794413577894,2007-06-30,0,0,0.4088669950738916,0.303179579041648,0.322884012539185,0.0237348858038513,4,2,2007,90,0.03134427489971442,0
Retail banking,External fraud,External event,Fujian,2008-02,1,200000.0,200000.0,200000.0,200000.0,0,0.0,2008-02-01,1.0,80000.0,0.0,1.0,800000.0,0.0,1.0,300000.0,0.0,0.0,0.0,0.0,0.0,0.0,0.0,3.0,1180000.0,0.0,5.0,3296170.0,0.0,5.0,3296170.0,0.0,200000.0,12.206077645517674,2008-05-01,0,1,0.4088669950738916,0.303179579041648,0.322884012539185,0.0237348858038513,2,1,2008,90,0.02857942343294976,0
Retail banking,External fraud,External event,Fujian,2008-03,1,250000.0,250000.0,250000.0,250000.0,0,0.0,2008-03-01,1.0,200000.0,0.0,1.0,80000.0,0.0,1.0,800000.0,0.0,1.0,1990000.0,0.0,0.0,0.0,0.0,3.0,1080000.0,0.0,6.0,3496170.0,0.0,6.0,3496170.0,0.0,250000.0,12.429220196836384,2008-05-30,0,0,0.4088669950738916,0.303179579041648,0.322884012539185,0.0237348858038513,3,1,2008,90,0.032863302791340865,0
Retail banking,External fraud,External event,Fujian,2008-09,2,412300.0,206150.0,206150.0,335300.0,0,0.0,2008-09-01,1.0,250000.0,0.0,1.0,200000.0,0.0,1.0,80000.0,0.0,1.0,126170.0,0.0,0.0,0.0,0.0,3.0,530000.0,0.0,6.0,1756170.0,0.0,7.0,3746170.0,0.0,206150.0,12.929508944110434,2008-11-30,0,1,0.4088669950738916,0.303179579041648,0.322884012539185,0.0237348858038513,9,3,2008,90,0.02328709719113652,0
Retail banking,External fraud,External event,Fujian,2008-11,1,310000.0,310000.0,310000.0,310000.0,0,0.0,2008-11-01,2.0,412300.0,0.0,1.0,250000.0,0.0,1.0,200000.0,0.0,1.0,300000.0,0.0,0.0,0.0,0.0,4.0,862300.0,0.0,7.0,2042300.0,0.0,9.0,4158470.0,0.0,310000.0,12.644330802262578,2009-01-30,0,0,0.4088669950738916,0.303179579041648,0.322884012539185,0.0237348858038513,11,4,2008,90,0.04385452255801213,0
Retail banking,External fraud,External event,Fujian,2009-03,2,255200.0,127600.0,127600.0,165200.0,0,1.0,2009-03-01,1.0,310000.0,0.0,2.0,412300.0,0.0,1.0,250000.0,0.0,1.0,800000.0,0.0,0.0,0.0,0.0,4.0,972300.0,0.0,7.0,2052300.0,0.0,10.0,4468470.0,0.0,127600.0,12.449806748940391,2009-05-30,0,0,0.4088669950738916,0.303179579041648,0.322884012539185,0.0237348858038513,3,1,2009,90,0.03141592751948849,0
Retail banking,External fraud,External event,Fujian,2009-07,1,140000.0,140000.0,140000.0,140000.0,0,0.0,2009-07-01,2.0,255200.0,0.0,1.0,310000.0,0.0,2.0,412300.0,0.0,1.0,80000.0,0.0,0.0,0.0,0.0,5.0,977500.0,0.0,8.0,1507500.0,0.0,12.0,4723670.0,0.0,140000.0,11.849404844423074,2009-09-29,0,1,0.4088669950738916,0.303179579041648,0.322884012539185,0.0237348858038513,7,3,2009,90,0.069493159110938,0
Retail banking,External fraud,External event,Fujian,2009-08,1,62500.0,62500.0,62500.0,62500.0,0,0.0,2009-08-01,1.0,140000.0,0.0,2.0,255200.0,0.0,1.0,310000.0,0.0,1.0,200000.0,0.0,0.0,0.0,0.0,4.0,705200.0,0.0,8.0,1567500.0,0.0,13.0,4863670.0,0.0,62500.0,11.042937835596494,2009-10-30,0,0,0.4088669950738916,0.303179579041648,0.322884012539185,0.0237348858038513,8,3,2009,90,0.044886593570531715,0
Retail banking,External fraud,External event,Fujian,2009-11,1,518000.0,518000.0,518000.0,518000.0,0,0.0,2009-11-01,1.0,62500.0,0.0,1.0,140000.0,0.0,2.0,255200.0,0.0,1.0,250000.0,0.0,1.0,1990000.0,0.0,4.0,457700.0,0.0,8.0,1430000.0,0.0,14.0,4926170.0,0.0,518000.0,13.157732451741689,2010-01-30,0,1,0.4088669950738916,0.303179579041648,0.322884012539185,0.0237348858038513,11,4,2009,90,0.05547218764461337,0
Retail banking,External fraud,External event,Fujian,2009-12,1,49100.0,49100.0,49100.0,49100.0,0,0.0,2009-12-01,1.0,518000.0,0.0,1.0,62500.0,0.0,1.0,140000.0,0.0,2.0,412300.0,0.0,1.0,126170.0,0.0,3.0,720500.0,0.0,8.0,1698000.0,0.0,14.0,3454170.0,0.0,49100.0,10.801634680173994,2010-03-01,1,1,0.4088669950738916,0.303179579041648,0.322884012539185,0.0237348858038513,12,4,2009,90,0.06691754614472413,0
Retail banking,External fraud,External event,Fujian,2010-03,1,160000000.0,160000000.0,160000000.0,160000000.0,1,4.0,2010-03-01,1.0,49100.0,0.0,1.0,518000.0,0.0,1.0,62500.0,0.0,1.0,310000.0,0.0,1.0,300000.0,0.0,3.0,629600.0,0.0,7.0,1334800.0,0.0,14.0,3377100.0,0.0,160000000.0,18.8906843794481,2010-05-30,0,0,0.4088669950738916,0.303179579041648,0.322884012539185,0.0237348858038513,3,1,2010,90,0.044956023718578195,0
Retail banking,External fraud,External event,Fujian,2010-08,1,20000.0,20000.0,20000.0,20000.0,0,0.0,2010-08-01,1.0,160000000.0,1.0,1.0,49100.0,0.0,1.0,518000.0,0.0,2.0,255200.0,0.0,1.0,800000.0,0.0,3.0,160567100.0,1.0,7.0,161024800.0,1.0,14.0,163077100.0,1.0,20000.0,9.90353755128617,2010-10-30,0,0,0.4088669950738916,0.303179579041648,0.322884012539185,0.0237348858038513,8,3,2010,90,0.04165183327386721,0
Retail banking,External fraud,External event,Fujian,2010-11,1,70000.0,70000.0,70000.0,70000.0,0,0.0,2010-11-01,1.0,20000.0,0.0,1.0,160000000.0,1.0,1.0,49100.0,0.0,1.0,140000.0,0.0,1.0,80000.0,0.0,3.0,160069100.0,1.0,6.0,160789600.0,1.0,14.0,162297100.0,1.0,70000.0,11.156264806643742,2011-01-30,0,0,0.4088669950738916,0.303179579041648,0.322884012539185,0.0237348858038513,11,4,2010,90,0.04129466072187363,0
Retail banking,External fraud,External event,Fujian,2011-07,1,10000.0,10000.0,10000.0,10000.0,0,0.0,2011-07-01,1.0,70000.0,0.0,1.0,20000.0,0.0,1.0,160000000.0,1.0,1.0,62500.0,0.0,1.0,200000.0,0.0,3.0,160090000.0,1.0,6.0,160719600.0,1.0,14.0,162287100.0,1.0,10000.0,9.210440366976515,2011-09-29,0,0,0.4088669950738916,0.303179579041648,0.322884012539185,0.0237348858038513,7,3,2011,90,0.04910830134739,0
Retail banking,External fraud,External event,Fujian,2011-11,1,518000.0,518000.0,518000.0,518000.0,0,0.0,2011-11-01,1.0,10000.0,0.0,1.0,70000.0,0.0,1.0,20000.0,0.0,1.0,518000.0,0.0,1.0,250000.0,0.0,3.0,100000.0,0.0,6.0,160667100.0,1.0,14.0,162097100.0,1.0,518000.0,13.157732451741689,2012-01-30,0,0,0.4088669950738916,0.303179579041648,0.322884012539185,0.0237348858038513,11,4,2011,90,0.05455238931466145,0
Retail banking,External fraud,External event,Fujian,2018-10,1,200000.0,200000.0,200000.0,200000.0,0,0.0,2018-10-01,1.0,518000.0,0.0,1.0,10000.0,0.0,1.0,70000.0,0.0,1.0,49100.0,0.0,2.0,412300.0,0.0,3.0,598000.0,0.0,6.0,160667100.0,1.0,14.0,162365100.0,1.0,200000.0,12.206077645517674,2018-12-30,0,0,0.4088669950738916,0.303179579041648,0.322884012539185,0.0237348858038513,10,4,2018,90,0.0783280497482666,0
Retail banking,External fraud,External event,"Fujian,Guangdong",2009-01,1,700000.0,700000.0,700000.0,700000.0,0,0.0,2009-01-01,0.0,0.0,0.0,0.0,0.0,0.0,0.0,0.0,0.0,0.0,0.0,0.0,0.0,0.0,0.0,0.0,0.0,0.0,0.0,0.0,0.0,0.0,0.0,0.0,700000.0,13.45883704259595,2009-04-01,0,0,0.4088669950738916,0.303179579041648,0.322884012539185,0.0008956560680698,1,1,2009,90,0.1146413527928337,0
Retail banking,External fraud,External event,"Fujian,Guangdong",2013-03,1,16168.0,16168.0,16168.0,16168.0,0,0.0,2013-03-01,1.0,700000.0,0.0,0.0,0.0,0.0,0.0,0.0,0.0,0.0,0.0,0.0,0.0,0.0,0.0,1.0,700000.0,0.0,1.0,700000.0,0.0,1.0,700000.0,0.0,16168.0,9.690851107739814,2013-05-30,0,0,0.4088669950738916,0.303179579041648,0.322884012539185,0.0008956560680698,3,1,2013,90,0.025068070983003635,0
Retail banking,External fraud,External event,"Fujian,Guangdong,Sichuan,Macao",2014-03,1,19873.0,19873.0,19873.0,19873.0,0,1.0,2014-03-01,0.0,0.0,0.0,0.0,0.0,0.0,0.0,0.0,0.0,0.0,0.0,0.0,0.0,0.0,0.0,0.0,0.0,0.0,0.0,0.0,0.0,0.0,0.0,0.0,19873.0,9.897167623791308,2014-05-30,0,0,0.4088669950738916,0.303179579041648,0.322884012539185,0.0004478280340349,3,1,2014,90,0.04101217070636654,0
Retail banking,External fraud,External event,"Fujian,Henan,Guangdong",2018-07,1,17000.0,17000.0,17000.0,17000.0,0,5.0,2018-07-01,0.0,0.0,0.0,0.0,0.0,0.0,0.0,0.0,0.0,0.0,0.0,0.0,0.0,0.0,0.0,0.0,0.0,0.0,0.0,0.0,0.0,0.0,0.0,0.0,17000.0,9.741027444837728,2018-09-29,0,0,0.4088669950738916,0.303179579041648,0.322884012539185,0.0004478280340349,7,3,2018,90,0.03654025657071591,0
Retail banking,External fraud,External event,"Fujian,Jiangxi,Hainan",2019-10,1,156344.0,156344.0,156344.0,156344.0,0,2.0,2019-10-01,0.0,0.0,0.0,0.0,0.0,0.0,0.0,0.0,0.0,0.0,0.0,0.0,0.0,0.0,0.0,0.0,0.0,0.0,0.0,0.0,0.0,0.0,0.0,0.0,156344.0,11.959820382841531,2019-12-30,0,0,0.4088669950738916,0.303179579041648,0.322884012539185,0.0008956560680698,10,4,2019,90,0.033282304455816945,0
Retail banking,External fraud,External event,"Fujian,Jiangxi,Hainan",2020-12,1,42246.0,42246.0,42246.0,42246.0,0,2.0,2020-12-01,1.0,156344.0,0.0,0.0,0.0,0.0,0.0,0.0,0.0,0.0,0.0,0.0,0.0,0.0,0.0,1.0,156344.0,0.0,1.0,156344.0,0.0,1.0,156344.0,0.0,42246.0,10.65128862434712,2021-03-01,0,0,0.4088669950738916,0.303179579041648,0.322884012539185,0.0008956560680698,12,4,2020,90,0.029498126063314582,0
Retail banking,External fraud,External event,"Fujian,Yunnan",2011-05,1,500000.0,500000.0,500000.0,500000.0,0,0.0,2011-05-01,0.0,0.0,0.0,0.0,0.0,0.0,0.0,0.0,0.0,0.0,0.0,0.0,0.0,0.0,0.0,0.0,0.0,0.0,0.0,0.0,0.0,0.0,0.0,0.0,500000.0,13.122365377402328,2011-07-30,0,0,0.4088669950738916,0.303179579041648,0.322884012539185,0.0004478280340349,5,2,2011,90,0.10024674981778185,0
Retail banking,External fraud,External event,Gansu,2005-06,1,250000.0,250000.0,250000.0,250000.0,0,0.0,2005-06-01,0.0,0.0,0.0,0.0,0.0,0.0,0.0,0.0,0.0,0.0,0.0,0.0,0.0,0.0,0.0,0.0,0.0,0.0,0.0,0.0,0.0,0.0,0.0,0.0,250000.0,12.429220196836384,2005-08-30,0,0,0.4088669950738916,0.303179579041648,0.322884012539185,0.0076130765785938,6,2,2005,90,0.08532910796217759,0
Retail banking,External fraud,External event,Gansu,2010-03,1,270000.0,270000.0,270000.0,270000.0,0,0.0,2010-03-01,1.0,250000.0,0.0,0.0,0.0,0.0,0.0,0.0,0.0,0.0,0.0,0.0,0.0,0.0,0.0,1.0,250000.0,0.0,1.0,250000.0,0.0,1.0,250000.0,0.0,270000.0,12.506180941677355,2010-05-30,0,0,0.4088669950738916,0.303179579041648,0.322884012539185,0.0076130765785938,3,1,2010,90,0.023600413310663256,0
Retail banking,External fraud,External event,Gansu,2010-08,1,280000.0,280000.0,280000.0,280000.0,0,1.0,2010-08-01,1.0,270000.0,0.0,1.0,250000.0,0.0,0.0,0.0,0.0,0.0,0.0,0.0,0.0,0.0,0.0,2.0,520000.0,0.0,2.0,520000.0,0.0,2.0,520000.0,0.0,280000.0,12.54254845357358,2010-10-30,0,0,0.4088669950738916,0.303179579041648,0.322884012539185,0.0076130765785938,8,3,2010,90,0.03616130422994147,0
Retail banking,External fraud,External event,Guangdong,2000-08,1,349799.99999999994,349799.99999999994,349799.99999999994,349799.99999999994,0,1.0,2000-08-01,0.0,0.0,0.0,0.0,0.0,0.0,0.0,0.0,0.0,0.0,0.0,0.0,0.0,0.0,0.0,0.0,0.0,0.0,0.0,0.0,0.0,0.0,0.0,0.0,349799.99999999994,12.765119700338996,2000-10-30,0,1,0.4088669950738916,0.303179579041648,0.322884012539185,0.044782803403493,8,3,2000,90,0.0864376075723551,0
Retail banking,External fraud,External event,Guangdong,2000-10,2,4048000.0,2024000.0,2024000.0,4000000.0,0,0.5,2000-10-01,1.0,349799.99999999994,0.0,0.0,0.0,0.0,0.0,0.0,0.0,0.0,0.0,0.0,0.0,0.0,0.0,1.0,349799.99999999994,0.0,1.0,349799.99999999994,0.0,1.0,349799.99999999994,0.0,2024000.0,15.21373373698498,2000-12-30,0,0,0.4088669950738916,0.303179579041648,0.322884012539185,0.044782803403493,10,4,2000,90,0.016865586536729465,0
Retail banking,External fraud,External event,Guangdong,2001-07,1,5850000.0,5850000.0,5850000.0,5850000.0,0,5.0,2001-07-01,2.0,4048000.0,0.0,1.0,349799.99999999994,0.0,0.0,0.0,0.0,0.0,0.0,0.0,0.0,0.0,0.0,3.0,4397800.0,0.0,3.0,4397800.0,0.0,3.0,4397800.0,0.0,5850000.0,15.581952390148196,2001-09-29,0,1,0.4088669950738916,0.303179579041648,0.322884012539185,0.044782803403493,7,3,2001,90,0.06668393630504078,0
Retail banking,External fraud,External event,Guangdong,2001-09,1,349000.0,349000.0,349000.0,349000.0,0,1.0,2001-09-01,1.0,5850000.0,0.0,2.0,4048000.0,0.0,1.0,349799.99999999994,0.0,0.0,0.0,0.0,0.0,0.0,0.0,4.0,10247800.0,0.0,4.0,10247800.0,0.0,4.0,10247800.0,0.0,349000.0,12.762830066509972,2001-11-30,0,0,0.4088669950738916,0.303179579041648,0.322884012539185,0.044782803403493,9,3,2001,90,0.0318281259034914,0
Retail banking,External fraud,External event,Guangdong,2003-12,1,490000.0,490000.0,490000.0,490000.0,0,1.0,2003-12-01,1.0,349000.0,0.0,1.0,5850000.0,0.0,2.0,4048000.0,0.0,0.0,0.0,0.0,0.0,0.0,0.0,4.0,10247000.0,0.0,5.0,10596800.0,0.0,5.0,10596800.0,0.0,490000.0,13.102162710901052,2004-02-29,0,0,0.4088669950738916,0.303179579041648,0.322884012539185,0.044782803403493,12,4,2003,90,0.06549505611313573,0
Retail banking,External fraud,External event,Guangdong,2004-10,1,3000000.0,3000000.0,3000000.0,3000000.0,0,0.0,2004-10-01,1.0,490000.0,0.0,1.0,349000.0,0.0,1.0,5850000.0,0.0,0.0,0.0,0.0,0.0,0.0,0.0,3.0,6689000.0,0.0,6.0,11086800.0,0.0,6.0,11086800.0,0.0,3000000.0,14.914123179965662,2004-12-30,0,1,0.4088669950738916,0.303179579041648,0.322884012539185,0.044782803403493,10,4,2004,90,0.10595302804769254,0
Retail banking,External fraud,External event,Guangdong,2004-12,1,578240.0,578240.0,578240.0,578240.0,0,10.0,2004-12-01,1.0,3000000.0,0.0,1.0,490000.0,0.0,1.0,349000.0,0.0,1.0,349799.99999999994,0.0,0.0,0.0,0.0,3.0,3839000.0,0.0,7.0,14086800.0,0.0,7.0,14086800.0,0.0,578240.0,13.267746015770228,2005-03-01,0,0,0.4088669950738916,0.303179579041648,0.322884012539185,0.044782803403493,12,4,2004,90,0.09788878851521142,0
Retail banking,External fraud,External event,Guangdong,2006-02,1,1190000.0,1190000.0,1190000.0,1190000.0,0,0.0,2006-02-01,1.0,578240.0,0.0,1.0,3000000.0,0.0,1.0,490000.0,0.0,2.0,4048000.0,0.0,0.0,0.0,0.0,3.0,4068240.0,0.0,7.0,14315240.0,0.0,8.0,14665040.0,0.0,1190000.0,13.989464705423494,2006-05-02,0,0,0.4088669950738916,0.303179579041648,0.322884012539185,0.044782803403493,2,1,2006,90,0.14560435892813403,0
Retail banking,External fraud,External event,Guangdong,2006-10,1,500000.0,500000.0,500000.0,500000.0,0,0.0,2006-10-01,1.0,1190000.0,0.0,1.0,578240.0,0.0,1.0,3000000.0,0.0,1.0,5850000.0,0.0,0.0,0.0,0.0,3.0,4768240.0,0.0,6.0,11457240.0,0.0,9.0,15855040.0,0.0,500000.0,13.122365377402328,2006-12-30,0,0,0.4088669950738916,0.303179579041648,0.322884012539185,0.044782803403493,10,4,2006,90,0.08248591657877644,0
Retail banking,External fraud,External event,Guangdong,2007-01,1,14500.0,14500.0,14500.0,14500.0,0,0.0,2007-01-01,1.0,500000.0,0.0,1.0,1190000.0,0.0,1.0,578240.0,0.0,1.0,349000.0,0.0,0.0,0.0,0.0,3.0,2268240.0,0.0,6.0,6107240.0,0.0,10.0,16355040.0,0.0,14500.0,9.581972891547895,2007-04-01,0,0,0.4088669950738916,0.303179579041648,0.322884012539185,0.044782803403493,1,1,2007,90,0.06653528063714256,0
Retail banking,External fraud,External event,Guangdong,2007-11,1,48000.0,48000.0,48000.0,48000.0,0,0.0,2007-11-01,1.0,14500.0,0.0,1.0,500000.0,0.0,1.0,1190000.0,0.0,1.0,490000.0,0.0,0.0,0.0,0.0,3.0,1704500.0,0.0,6.0,5772740.0,0.0,11.0,16369540.0,0.0,48000.0,10.778977123006351,2008-01-30,0,1,0.4088669950738916,0.303179579041648,0.322884012539185,0.044782803403493,11,4,2007,90,0.04412933278379997,0
Retail banking,External fraud,External event,Guangdong,2008-01,1,1900000.0,1900000.0,1900000.0,1900000.0,0,1.0,2008-01-01,1.0,48000.0,0.0,1.0,14500.0,0.0,1.0,500000.0,0.0,1.0,3000000.0,0.0,0.0,0.0,0.0,3.0,562500.0,0.0,6.0,5330740.0,0.0,12.0,16417540.0,0.0,1900000.0,14.45736497045232,2008-03-31,0,0,0.4088669950738916,0.303179579041648,0.322884012539185,0.044782803403493,1,1,2008,90,0.06798138329612337,0
Retail banking,External fraud,External event,Guangdong,2008-07,1,26040.0,26040.0,26040.0,26040.0,0,0.0,2008-07-01,1.0,1900000.0,0.0,1.0,48000.0,0.0,1.0,14500.0,0.0,1.0,578240.0,0.0,1.0,349799.99999999994,0.0,3.0,1962500.0,0.0,6.0,4230740.0,0.0,13.0,18317540.0,0.0,26040.0,10.167427498042906,2008-09-29,0,1,0.4088669950738916,0.303179579041648,0.322884012539185,0.044782803403493,7,3,2008,90,0.05420812549646379,0
Retail banking,External fraud,External event,Guangdong,2008-09,2,136324.0,68162.0,68162.0,119000.0,0,2.5,2008-09-01,1.0,26040.0,0.0,1.0,1900000.0,0.0,1.0,48000.0,0.0,1.0,1190000.0,0.0,2.0,4048000.0,0.0,3.0,1974040.0,0.0,6.0,3678540.0,0.0,13.0,17993780.0,0.0,68162.0,11.822797019794262,2008-11-30,0,1,0.4088669950738916,0.303179579041648,0.322884012539185,0.044782803403493,9,3,2008,90,0.07006560574817391,0
Retail banking,External fraud,External event,Guangdong,2008-10,2,261000.0,130500.0,130500.0,240000.0,0,1.0,2008-10-01,2.0,136324.0,0.0,1.0,26040.0,0.0,1.0,1900000.0,0.0,1.0,500000.0,0.0,1.0,5850000.0,0.0,4.0,2062364.0,0.0,7.0,2624864.0,0.0,13.0,14082104.0,0.0,130500.0,12.472279517715116,2008-12-30,0,1,0.4088669950738916,0.303179579041648,0.322884012539185,0.044782803403493,10,4,2008,90,0.050392391126520934,0
Retail banking,External fraud,External event,Guangdong,2008-12,3,90934.0,30311.33333333333,25467.0,40000.0,0,0.0,2008-12-01,2.0,261000.0,0.0,2.0,136324.0,0.0,1.0,26040.0,0.0,1.0,14500.0,0.0,1.0,349000.0,0.0,5.0,423364.0,0.0,8.0,2385864.0,0.0,14.0,8493104.0,0.0,30311.33333333333,11.417900244561118,2009-03-01,0,1,0.4088669950738916,0.303179579041648,0.322884012539185,0.044782803403493,12,4,2008,90,0.11745975386286081,0
Retail banking,External fraud,External event,Guangdong,2009-02,4,203498.0,50874.5,56849.0,64800.00000000001,0,0.25,2009-02-01,3.0,90934.0,0.0,2.0,261000.0,0.0,2.0,136324.0,0.0,1.0,48000.0,0.0,1.0,490000.0,0.0,7.0,488258.0,0.0,10.0,2462298.0,0.0,16.0,8235038.0,0.0,50874.5,12.2234163698478,2009-05-02,0,1,0.4088669950738916,0.303179579041648,0.322884012539185,0.044782803403493,2,1,2009,90,0.05311712984389725,0
Retail banking,External fraud,External event,Guangdong,2009-03,1,50000.0,50000.0,50000.0,50000.0,0,0.0,2009-03-01,4.0,203498.0,0.0,3.0,90934.0,0.0,2.0,261000.0,0.0,1.0,1900000.0,0.0,1.0,3000000.0,0.0,9.0,555432.0,0.0,13.0,2617796.0,0.0,19.0,7948536.0,0.0,50000.0,10.819798284210286,2009-05-30,0,0,0.4088669950738916,0.303179579041648,0.322884012539185,0.044782803403493,3,1,2009,90,0.08001836385950829,0
Retail banking,External fraud,External event,Guangdong,2009-06,2,68442.0,34221.0,34221.0,58442.0,0,2.0,2009-06-01,1.0,50000.0,0.0,4.0,203498.0,0.0,3.0,90934.0,0.0,1.0,26040.0,0.0,1.0,578240.0,0.0,8.0,344432.0,0.0,13.0,767796.0,0.0,19.0,4998536.0,0.0,34221.0,11.133756561060643,2009-08-30,0,1,0.4088669950738916,0.303179579041648,0.322884012539185,0.044782803403493,6,2,2009,90,0.04722220956149922,0
Retail banking,External fraud,External event,Guangdong,2009-07,1,32697.6,32697.6,32697.6,32697.6,0,1.0,2009-07-01,2.0,68442.0,0.0,1.0,50000.0,0.0,4.0,203498.0,0.0,2.0,136324.0,0.0,1.0,1190000.0,0.0,7.0,321940.0,0.0,14.0,810198.0,0.0,20.0,4488738.0,0.0,32697.6,10.395087542513163,2009-09-29,0,0,0.4088669950738916,0.303179579041648,0.322884012539185,0.044782803403493,7,3,2009,90,0.08715428251298526,0
Retail banking,External fraud,External event,Guangdong,2009-11,1,120000.0,120000.0,120000.0,120000.0,0,2.0,2009-11-01,1.0,32697.6,0.0,2.0,68442.0,0.0,1.0,50000.0,0.0,2.0,261000.0,0.0,1.0,500000.0,0.0,4.0,151139.6,0.0,13.0,706571.6,0.0,20.0,3331435.6,0.0,120000.0,11.695255355062796,2010-01-30,0,1,0.4088669950738916,0.303179579041648,0.322884012539185,0.044782803403493,11,4,2009,90,0.07215889222198842,0
Retail banking,External fraud,External event,Guangdong,2009-12,1,14000.0,14000.0,14000.0,14000.0,0,1.0,2009-12-01,1.0,120000.0,0.0,1.0,32697.6,0.0,2.0,68442.0,0.0,3.0,90934.0,0.0,1.0,14500.0,0.0,4.0,221139.6,0.0,12.0,565571.6,0.0,20.0,2951435.6,0.0,14000.0,9.546884034617923,2010-03-01,0,0,0.4088669950738916,0.303179579041648,0.322884012539185,0.044782803403493,12,4,2009,90,0.15688907898355575,0
Retail banking,External fraud,External event,Guangdong,2010-04,2,101970.0,50985.0,50985.0,74400.0,0,0.0,2010-04-01,1.0,14000.0,0.0,1.0,120000.0,0.0,1.0,32697.6,0.0,4.0,203498.0,0.0,1.0,48000.0,0.0,3.0,166697.6,0.0,10.0,488637.6,0.0,20.0,2950935.6,0.0,50985.0,11.532443738116108,2010-06-30,0,1,0.4088669950738916,0.303179579041648,0.322884012539185,0.044782803403493,4,2,2010,90,0.09833276928282321,0
Retail banking,External fraud,External event,Guangdong,2010-05,1,28000.0,28000.0,28000.0,28000.0,0,0.0,2010-05-01,2.0,101970.0,0.0,1.0,14000.0,0.0,1.0,120000.0,0.0,1.0,50000.0,0.0,1.0,1900000.0,0.0,4.0,235970.0,0.0,8.0,387109.6,0.0,21.0,3004905.6,0.0,28000.0,10.239995502805316,2010-07-30,0,1,0.4088669950738916,0.303179579041648,0.322884012539185,0.044782803403493,5,2,2010,90,0.14951799476706093,0
Retail banking,External fraud,External event,Guangdong,2010-06,1,21917.0,21917.0,21917.0,21917.0,0,0.0,2010-06-01,1.0,28000.0,0.0,2.0,101970.0,0.0,1.0,14000.0,0.0,2.0,68442.0,0.0,1.0,26040.0,0.0,4.0,143970.0,0.0,8.0,365109.6,0.0,21.0,1132905.6,0.0,21917.0,9.995063496023338,2010-08-30,0,0,0.4088669950738916,0.303179579041648,0.322884012539185,0.044782803403493,6,2,2010,90,0.0943626101551242,0
Retail banking,External fraud,External event,Guangdong,2010-09,1,310000.0,310000.0,310000.0,310000.0,0,0.0,2010-09-01,1.0,21917.0,0.0,1.0,28000.0,0.0,2.0,101970.0,0.0,1.0,32697.6,0.0,2.0,136324.0,0.0,4.0,151887.0,0.0,7.0,318584.6,0.0,21.0,1128782.6,0.0,310000.0,12.644330802262578,2010-11-30,0,1,0.4088669950738916,0.303179579041648,0.322884012539185,0.044782803403493,9,3,2010,90,0.17334214350800237,0
Retail banking,External fraud,External event,Guangdong,2010-10,2,220907.0,110453.5,110453.5,215907.0,0,0.5,2010-10-01,1.0,310000.0,0.0,1.0,21917.0,0.0,1.0,28000.0,0.0,1.0,120000.0,0.0,2.0,261000.0,0.0,3.0,359917.0,0.0,7.0,595887.0,0.0,20.0,1302458.6,0.0,110453.5,12.305501604234562,2010-12-30,0,1,0.4088669950738916,0.303179579041648,0.322884012539185,0.044782803403493,10,4,2010,90,0.15981823390439967,0
Retail banking,External fraud,External event,Guangdong,2010-12,1,100000.0,100000.0,100000.0,100000.0,0,0.0,2010-12-01,2.0,220907.0,0.0,1.0,310000.0,0.0,1.0,21917.0,0.0,1.0,14000.0,0.0,3.0,90934.0,0.0,4.0,552824.0,0.0,8.0,696794.0,0.0,20.0,1262365.6,0.0,100000.0,11.51293546492023,2011-03-01,1,1,0.4088669950738916,0.303179579041648,0.322884012539185,0.044782803403493,12,4,2010,90,0.5769709423104694,1
Retail banking,External fraud,External event,Guangdong,2011-03,1,112000000.0,112000000.0,112000000.0,112000000.0,1,0.0,2011-03-01,1.0,100000.0,0.0,2.0,220907.0,0.0,1.0,310000.0,0.0,2.0,101970.0,0.0,4.0,203498.0,0.0,4.0,630907.0,0.0,8.0,782794.0,0.0,18.0,1271431.6,0.0,112000000.0,18.53400943818794,2011-05-30,0,1,0.4088669950738916,0.303179579041648,0.322884012539185,0.044782803403493,3,1,2011,90,0.1313956594679348,0
Retail banking,External fraud,External event,Guangdong,2011-04,1,18500.0,18500.0,18500.0,18500.0,0,0.0,2011-04-01,1.0,112000000.0,1.0,1.0,100000.0,0.0,2.0,220907.0,0.0,1.0,28000.0,0.0,1.0,50000.0,0.0,4.0,112320907.0,1.0,7.0,112680824.0,1.0,15.0,113067933.6,1.0,18500.0,9.825580063659602,2011-06-30,0,0,0.4088669950738916,0.303179579041648,0.322884012539185,0.044782803403493,4,2,2011,90,0.031331132662426125,0
Retail banking,External fraud,External event,Guangdong,2011-08,1,170000.0,170000.0,170000.0,170000.0,0,0.0,2011-08-01,1.0,18500.0,0.0,1.0,112000000.0,1.0,1.0,100000.0,0.0,1.0,21917.0,0.0,2.0,68442.0,0.0,3.0,112118500.0,1.0,7.0,112671324.0,1.0,15.0,113036433.6,1.0,170000.0,12.04355959836804,2011-10-30,0,0,0.4088669950738916,0.303179579041648,0.322884012539185,0.044782803403493,8,3,2011,90,0.06455789462380088,0
Retail banking,External fraud,External event,Guangdong,2012-10,1,47000.0,47000.0,47000.0,47000.0,0,0.0,2012-10-01,1.0,170000.0,0.0,1.0,18500.0,0.0,1.0,112000000.0,1.0,1.0,310000.0,0.0,1.0,32697.6,0.0,3.0,112188500.0,1.0,7.0,112819407.0,1.0,14.0,113137991.6,1.0,47000.0,10.757924157061597,2012-12-30,0,0,0.4088669950738916,0.303179579041648,0.322884012539185,0.044782803403493,10,4,2012,90,0.04297026893745735,0
Retail banking,External fraud,External event,Guangdong,2013-12,1,150000.0,150000.0,150000.0,150000.0,0,1.0,2013-12-01,1.0,47000.0,0.0,1.0,170000.0,0.0,1.0,18500.0,0.0,2.0,220907.0,0.0,1.0,120000.0,0.0,3.0,235500.0,0.0,7.0,112556407.0,1.0,14.0,113152294.0,1.0,150000.0,11.918397239722838,2014-03-01,0,0,0.4088669950738916,0.303179579041648,0.322884012539185,0.044782803403493,12,4,2013,90,0.05682689939399615,0
Retail banking,External fraud,External event,"Guangdong,Guangxi",2011-10,1,40000.0,40000.0,40000.0,40000.0,0,0.0,2011-10-01,0.0,0.0,0.0,0.0,0.0,0.0,0.0,0.0,0.0,0.0,0.0,0.0,0.0,0.0,0.0,0.0,0.0,0.0,0.0,0.0,0.0,0.0,0.0,0.0,40000.0,10.59665973278358,2011-12-30,0,0,0.4088669950738916,0.303179579041648,0.322884012539185,0.0017913121361397,10,4,2011,90,0.06008719147521776,0
Retail banking,External fraud,External event,"Guangdong,Guangxi",2016-07,1,24000.0,24000.0,24000.0,24000.0,0,0.0,2016-07-01,1.0,40000.0,0.0,0.0,0.0,0.0,0.0,0.0,0.0,0.0,0.0,0.0,0.0,0.0,0.0,1.0,40000.0,0.0,1.0,40000.0,0.0,1.0,40000.0,0.0,24000.0,10.085850775128716,2016-09-29,0,0,0.4088669950738916,0.303179579041648,0.322884012539185,0.0017913121361397,7,3,2016,90,0.02963984977899715,0
Retail banking,External fraud,External event,"Guangdong,Guangxi",2019-05,1,20000.0,20000.0,20000.0,20000.0,0,1.0,2019-05-01,1.0,24000.0,0.0,1.0,40000.0,0.0,0.0,0.0,0.0,0.0,0.0,0.0,0.0,0.0,0.0,2.0,64000.0,0.0,2.0,64000.0,0.0,2.0,64000.0,0.0,20000.0,9.90353755128617,2019-07-30,0,0,0.4088669950738916,0.303179579041648,0.322884012539185,0.0017913121361397,5,2,2019,90,0.03664391985559804,0
Retail banking,External fraud,External event,Guangxi,2009-04,1,150000.0,150000.0,150000.0,150000.0,0,1.0,2009-04-01,0.0,0.0,0.0,0.0,0.0,0.0,0.0,0.0,0.0,0.0,0.0,0.0,0.0,0.0,0.0,0.0,0.0,0.0,0.0,0.0,0.0,0.0,0.0,0.0,150000.0,11.918397239722838,2009-06-30,0,0,0.4088669950738916,0.303179579041648,0.322884012539185,0.0143304970891177,4,2,2009,90,0.03555582274608048,0
Retail banking,External fraud,External event,Guangxi,2009-11,1,5008.0,5008.0,5008.0,5008.0,0,0.0,2009-11-01,1.0,150000.0,0.0,0.0,0.0,0.0,0.0,0.0,0.0,0.0,0.0,0.0,0.0,0.0,0.0,1.0,150000.0,0.0,1.0,150000.0,0.0,1.0,150000.0,0.0,5008.0,8.518991573357617,2010-01-30,0,0,0.4088669950738916,0.303179579041648,0.322884012539185,0.0143304970891177,11,4,2009,90,0.041197309572693006,0
Retail banking,External fraud,External event,Guangxi,2010-03,1,30000.0,30000.0,30000.0,30000.0,0,1.0,2010-03-01,1.0,5008.0,0.0,1.0,150000.0,0.0,0.0,0.0,0.0,0.0,0.0,0.0,0.0,0.0,0.0,2.0,155008.0,0.0,2.0,155008.0,0.0,2.0,155008.0,0.0,30000.0,10.308985993422082,2010-05-30,0,0,0.4088669950738916,0.303179579041648,0.322884012539185,0.0143304970891177,3,1,2010,90,0.033174574161151764,0
Retail banking,External fraud,External event,Guangxi,2011-01,1,200000.0,200000.0,200000.0,200000.0,0,0.0,2011-01-01,1.0,30000.0,0.0,1.0,5008.0,0.0,1.0,150000.0,0.0,0.0,0.0,0.0,0.0,0.0,0.0,3.0,185008.0,0.0,3.0,185008.0,0.0,3.0,185008.0,0.0,200000.0,12.206077645517674,2011-04-01,0,1,0.4088669950738916,0.303179579041648,0.322884012539185,0.0143304970891177,1,1,2011,90,0.0662188653390568,0
Retail banking,External fraud,External event,Guangxi,2011-03,1,40000.0,40000.0,40000.0,40000.0,0,0.0,2011-03-01,1.0,200000.0,0.0,1.0,30000.0,0.0,1.0,5008.0,0.0,0.0,0.0,0.0,0.0,0.0,0.0,3.0,235008.0,0.0,4.0,385008.0,0.0,4.0,385008.0,0.0,40000.0,10.59665973278358,2011-05-30,0,1,0.4088669950738916,0.303179579041648,0.322884012539185,0.0143304970891177,3,1,2011,90,0.04344371312628276,0
Retail banking,External fraud,External event,Guangxi,2011-05,1,40000.0,40000.0,40000.0,40000.0,0,0.0,2011-05-01,1.0,40000.0,0.0,1.0,200000.0,0.0,1.0,30000.0,0.0,0.0,0.0,0.0,0.0,0.0,0.0,3.0,270000.0,0.0,5.0,425008.0,0.0,5.0,425008.0,0.0,40000.0,10.59665973278358,2011-07-30,0,1,0.4088669950738916,0.303179579041648,0.322884012539185,0.0143304970891177,5,2,2011,90,0.03733442385879072,0
Retail banking,External fraud,External event,Guangxi,2011-07,1,53000.0,53000.0,53000.0,53000.0,0,1.0,2011-07-01,1.0,40000.0,0.0,1.0,40000.0,0.0,1.0,200000.0,0.0,1.0,150000.0,0.0,0.0,0.0,0.0,3.0,280000.0,0.0,6.0,465008.0,0.0,6.0,465008.0,0.0,53000.0,10.87806606028079,2011-09-29,0,0,0.4088669950738916,0.303179579041648,0.322884012539185,0.0143304970891177,7,3,2011,90,0.033051562762164935,0
Retail banking,External fraud,External event,Guangxi,2011-10,1,16000.0,16000.0,16000.0,16000.0,0,1.0,2011-10-01,1.0,53000.0,0.0,1.0,40000.0,0.0,1.0,40000.0,0.0,1.0,5008.0,0.0,0.0,0.0,0.0,3.0,133000.0,0.0,6.0,368008.0,0.0,7.0,518008.0,0.0,16000.0,9.680406499268877,2011-12-30,0,0,0.4088669950738916,0.303179579041648,0.322884012539185,0.0143304970891177,10,4,2011,90,0.07005183572639564,0
Retail banking,External fraud,External event,Guangxi,2013-01,1,2000000.0,2000000.0,2000000.0,2000000.0,0,1.0,2013-01-01,1.0,16000.0,0.0,1.0,53000.0,0.0,1.0,40000.0,0.0,1.0,30000.0,0.0,0.0,0.0,0.0,3.0,109000.0,0.0,6.0,379000.0,0.0,8.0,534008.0,0.0,2000000.0,14.508658238524095,2013-04-01,0,0,0.4088669950738916,0.303179579041648,0.322884012539185,0.0143304970891177,1,1,2013,90,0.04493516965188424,0
Retail banking,External fraud,External event,"Guangxi,Chongqing",2009-04,1,106000.0,106000.0,106000.0,106000.0,0,2.0,2009-04-01,0.0,0.0,0.0,0.0,0.0,0.0,0.0,0.0,0.0,0.0,0.0,0.0,0.0,0.0,0.0,0.0,0.0,0.0,0.0,0.0,0.0,0.0,0.0,0.0,106000.0,11.571203807011967,2009-06-30,0,0,0.4088669950738916,0.303179579041648,0.322884012539185,0.0017913121361397,4,2,2009,90,0.0379362094967993,0
Retail banking,External fraud,External event,"Guangxi,Gansu,Macao",2014-03,1,5000000.0,5000000.0,5000000.0,5000000.0,0,1.0,2014-03-01,0.0,0.0,0.0,0.0,0.0,0.0,0.0,0.0,0.0,0.0,0.0,0.0,0.0,0.0,0.0,0.0,0.0,0.0,0.0,0.0,0.0,0.0,0.0,0.0,5000000.0,15.424948670398354,2014-05-30,0,0,0.4088669950738916,0.303179579041648,0.322884012539185,0.0004478280340349,3,1,2014,90,0.05985341388890506,0
Retail banking,External fraud,External event,"Guangxi,Xinjiang",2007-04,1,230000.0,230000.0,230000.0,230000.0,0,0.0,2007-04-01,0.0,0.0,0.0,0.0,0.0,0.0,0.0,0.0,0.0,0.0,0.0,0.0,0.0,0.0,0.0,0.0,0.0,0.0,0.0,0.0,0.0,0.0,0.0,0.0,230000.0,12.345838935721968,2007-06-30,0,0,0.4088669950738916,0.303179579041648,0.322884012539185,0.0004478280340349,4,2,2007,90,0.0694128515208901,0
Retail banking,External fraud,External event,Guizhou,2009-09,2,80000.0,40000.0,40000.0,40000.0,0,1.0,2009-09-01,0.0,0.0,0.0,0.0,0.0,0.0,0.0,0.0,0.0,0.0,0.0,0.0,0.0,0.0,0.0,0.0,0.0,0.0,0.0,0.0,0.0,0.0,0.0,0.0,40000.0,11.289794413577894,2009-11-30,0,1,0.4088669950738916,0.303179579041648,0.322884012539185,0.0107478728168383,9,3,2009,90,0.028655069528043142,0
Retail banking,External fraud,External event,Guizhou,2009-11,1,19998.0,19998.0,19998.0,19998.0,0,0.0,2009-11-01,2.0,80000.0,0.0,0.0,0.0,0.0,0.0,0.0,0.0,0.0,0.0,0.0,0.0,0.0,0.0,2.0,80000.0,0.0,2.0,80000.0,0.0,2.0,80000.0,0.0,19998.0,9.903437551286084,2010-01-30,0,0,0.4088669950738916,0.303179579041648,0.322884012539185,0.0107478728168383,11,4,2009,90,0.037170824814356275,0
Retail banking,External fraud,External event,Guizhou,2017-06,1,1869800.0,1869800.0,1869800.0,1869800.0,0,1.0,2017-06-01,1.0,19998.0,0.0,2.0,80000.0,0.0,0.0,0.0,0.0,0.0,0.0,0.0,0.0,0.0,0.0,3.0,99998.0,0.0,3.0,99998.0,0.0,3.0,99998.0,0.0,1869800.0,14.441342566055766,2017-08-30,0,0,0.4088669950738916,0.303179579041648,0.322884012539185,0.0107478728168383,6,2,2017,90,0.06360759899165086,0
Retail banking,External fraud,External event,Hainan,2004-09,1,25706.000000000004,25706.000000000004,25706.000000000004,25706.000000000004,0,0.0,2004-09-01,0.0,0.0,0.0,0.0,0.0,0.0,0.0,0.0,0.0,0.0,0.0,0.0,0.0,0.0,0.0,0.0,0.0,0.0,0.0,0.0,0.0,0.0,0.0,0.0,25706.000000000004,10.154518607337229,2004-11-30,0,0,0.4088669950738916,0.303179579041648,0.322884012539185,0.0103000447828034,9,3,2004,90,0.14309039110017346,0
Retail banking,External fraud,External event,Hainan,2010-02,1,950000.0,950000.0,950000.0,950000.0,0,0.0,2010-02-01,1.0,25706.000000000004,0.0,0.0,0.0,0.0,0.0,0.0,0.0,0.0,0.0,0.0,0.0,0.0,0.0,1.0,25706.000000000004,0.0,1.0,25706.000000000004,0.0,1.0,25706.000000000004,0.0,950000.0,13.76421831620775,2010-05-02,0,0,0.4088669950738916,0.303179579041648,0.322884012539185,0.0103000447828034,2,1,2010,90,0.06997776860683705,0
Retail banking,External fraud,External event,Hainan,2011-04,1,200000.0,200000.0,200000.0,200000.0,0,4.0,2011-04-01,1.0,950000.0,0.0,1.0,25706.000000000004,0.0,0.0,0.0,0.0,0.0,0.0,0.0,0.0,0.0,0.0,2.0,975706.0,0.0,2.0,975706.0,0.0,2.0,975706.0,0.0,200000.0,12.206077645517674,2011-06-30,0,0,0.4088669950738916,0.303179579041648,0.322884012539185,0.0103000447828034,4,2,2011,90,0.04891833069489,0
Retail banking,External fraud,External event,"Hainan,Hongkong",2010-02,1,800000000.0,800000000.0,800000000.0,800000000.0,1,0.0,2010-02-01,0.0,0.0,0.0,0.0,0.0,0.0,0.0,0.0,0.0,0.0,0.0,0.0,0.0,0.0,0.0,0.0,0.0,0.0,0.0,0.0,0.0,0.0,0.0,0.0,800000000.0,20.500122286882203,2010-05-02,0,0,0.4088669950738916,0.303179579041648,0.322884012539185,0.0004478280340349,2,1,2010,90,0.10035025131113268,0
Retail banking,External fraud,External event,Hebei,2007-04,1,350000.0,350000.0,350000.0,350000.0,0,0.0,2007-04-01,0.0,0.0,0.0,0.0,0.0,0.0,0.0,0.0,0.0,0.0,0.0,0.0,0.0,0.0,0.0,0.0,0.0,0.0,0.0,0.0,0.0,0.0,0.0,0.0,350000.0,12.765691290604371,2007-06-30,0,0,0.4088669950738916,0.303179579041648,0.322884012539185,0.0111957008508732,4,2,2007,90,0.09196300089672027,0
Retail banking,External fraud,External event,Hebei,2009-04,1,50000.0,50000.0,50000.0,50000.0,0,1.0,2009-04-01,1.0,350000.0,0.0,0.0,0.0,0.0,0.0,0.0,0.0,0.0,0.0,0.0,0.0,0.0,0.0,1.0,350000.0,0.0,1.0,350000.0,0.0,1.0,350000.0,0.0,50000.0,10.819798284210286,2009-06-30,0,0,0.4088669950738916,0.303179579041648,0.322884012539185,0.0111957008508732,4,2,2009,90,0.014048361143726913,0
Retail banking,External fraud,External event,Hebei,2011-06,1,230000.0,230000.0,230000.0,230000.0,0,0.0,2011-06-01,1.0,50000.0,0.0,1.0,350000.0,0.0,0.0,0.0,0.0,0.0,0.0,0.0,0.0,0.0,0.0,2.0,400000.0,0.0,2.0,400000.0,0.0,2.0,400000.0,0.0,230000.0,12.345838935721968,2011-08-30,0,0,0.4088669950738916,0.303179579041648,0.322884012539185,0.0111957008508732,6,2,2011,90,0.03757706570534547,0
Retail banking,External fraud,External event,Hebei,2014-02,1,32750000.0,32750000.0,32750000.0,32750000.0,1,1.0,2014-02-01,1.0,230000.0,0.0,1.0,50000.0,0.0,1.0,350000.0,0.0,0.0,0.0,0.0,0.0,0.0,0.0,3.0,630000.0,0.0,3.0,630000.0,0.0,3.0,630000.0,0.0,32750000.0,17.304413550579884,2014-05-02,0,0,0.4088669950738916,0.303179579041648,0.322884012539185,0.0111957008508732,2,1,2014,90,0.054975573339754766,0
Retail banking,External fraud,External event,"Hebei,Guangdong",2010-12,1,230000000.0,230000000.0,230000000.0,230000000.0,1,0.0,2010-12-01,0.0,0.0,0.0,0.0,0.0,0.0,0.0,0.0,0.0,0.0,0.0,0.0,0.0,0.0,0.0,0.0,0.0,0.0,0.0,0.0,0.0,0.0,0.0,0.0,230000000.0,19.25358987123529,2011-03-01,0,0,0.4088669950738916,0.303179579041648,0.322884012539185,0.0004478280340349,12,4,2010,90,0.14700421873470843,0
Retail banking,External fraud,External event,"Hebei,Heilongjiang",2010-07,1,965000.0,965000.0,965000.0,965000.0,0,1.0,2010-07-01,0.0,0.0,0.0,0.0,0.0,0.0,0.0,0.0,0.0,0.0,0.0,0.0,0.0,0.0,0.0,0.0,0.0,0.0,0.0,0.0,0.0,0.0,0.0,0.0,965000.0,13.779884416590017,2010-09-29,0,0,0.4088669950738916,0.303179579041648,0.322884012539185,0.0017913121361397,7,3,2010,90,0.07234512546973378,0
Retail banking,External fraud,External event,"Hebei,Heilongjiang",2015-04,1,1884500.0,1884500.0,1884500.0,1884500.0,0,1.0,2015-04-01,1.0,965000.0,0.0,0.0,0.0,0.0,0.0,0.0,0.0,0.0,0.0,0.0,0.0,0.0,0.0,1.0,965000.0,0.0,1.0,965000.0,0.0,1.0,965000.0,0.0,1884500.0,14.44917362233392,2015-06-30,0,0,0.4088669950738916,0.303179579041648,0.322884012539185,0.0017913121361397,4,2,2015,90,0.04268960130277636,0
Retail banking,External fraud,External event,"Hebei,Heilongjiang",2016-06,2,1830000.0,915000.0,915000.0,1200000.0,0,1.0,2016-06-01,1.0,1884500.0,0.0,1.0,965000.0,0.0,0.0,0.0,0.0,0.0,0.0,0.0,0.0,0.0,0.0,2.0,2849500.0,0.0,2.0,2849500.0,0.0,2.0,2849500.0,0.0,915000.0,14.419827071265544,2016-08-30,0,0,0.4088669950738916,0.303179579041648,0.322884012539185,0.0017913121361397,6,2,2016,90,0.11010726957741428,0
Retail banking,External fraud,External event,"Hebei,Heilongjiang",2016-12,1,10240000.0,10240000.0,10240000.0,10240000.0,1,1.0,2016-12-01,2.0,1830000.0,0.0,1.0,1884500.0,0.0,1.0,965000.0,0.0,0.0,0.0,0.0,0.0,0.0,0.0,4.0,4679500.0,0.0,4.0,4679500.0,0.0,4.0,4679500.0,0.0,10240000.0,16.14181227523188,2017-03-01,0,0,0.4088669950738916,0.303179579041648,0.322884012539185,0.0017913121361397,12,4,2016,90,0.10214734141871179,0
Retail banking,External fraud,External event,Heilongjiang,2004-11,1,15000.0,15000.0,15000.0,15000.0,0,0.0,2004-11-01,0.0,0.0,0.0,0.0,0.0,0.0,0.0,0.0,0.0,0.0,0.0,0.0,0.0,0.0,0.0,0.0,0.0,0.0,0.0,0.0,0.0,0.0,0.0,0.0,15000.0,9.61587214452889,2005-01-30,0,0,0.4088669950738916,0.303179579041648,0.322884012539185,0.0228392297357814,11,4,2004,90,0.10972101221759861,0
Retail banking,External fraud,External event,Heilongjiang,2005-10,1,15080000.0,15080000.0,15080000.0,15080000.0,1,0.0,2005-10-01,1.0,15000.0,0.0,0.0,0.0,0.0,0.0,0.0,0.0,0.0,0.0,0.0,0.0,0.0,0.0,1.0,15000.0,0.0,1.0,15000.0,0.0,1.0,15000.0,0.0,15080000.0,16.528879986857078,2005-12-30,0,1,0.4088669950738916,0.303179579041648,0.322884012539185,0.0228392297357814,10,4,2005,90,0.02942427268370809,0
Retail banking,External fraud,External event,Heilongjiang,2005-12,1,530000.0,530000.0,530000.0,530000.0,0,0.0,2005-12-01,1.0,15080000.0,1.0,1.0,15000.0,0.0,0.0,0.0,0.0,0.0,0.0,0.0,0.0,0.0,0.0,2.0,15095000.0,1.0,2.0,15095000.0,1.0,2.0,15095000.0,1.0,530000.0,13.180634172318978,2006-03-01,0,0,0.4088669950738916,0.303179579041648,0.322884012539185,0.0228392297357814,12,4,2005,90,0.042131184830691656,0
Retail banking,External fraud,External event,Heilongjiang,2009-11,1,47000.0,47000.0,47000.0,47000.0,0,1.0,2009-11-01,1.0,530000.0,0.0,1.0,15080000.0,1.0,1.0,15000.0,0.0,0.0,0.0,0.0,0.0,0.0,0.0,3.0,15625000.0,1.0,3.0,15625000.0,1.0,3.0,15625000.0,1.0,47000.0,10.757924157061597,2010-01-30,0,0,0.4088669950738916,0.303179579041648,0.322884012539185,0.0228392297357814,11,4,2009,90,0.02995321415127261,0
Retail banking,External fraud,External event,Heilongjiang,2010-11,1,15000.0,15000.0,15000.0,15000.0,0,2.0,2010-11-01,1.0,47000.0,0.0,1.0,530000.0,0.0,1.0,15080000.0,1.0,0.0,0.0,0.0,0.0,0.0,0.0,3.0,15657000.0,1.0,4.0,15672000.0,1.0,4.0,15672000.0,1.0,15000.0,9.61587214452889,2011-01-30,0,0,0.4088669950738916,0.303179579041648,0.322884012539185,0.0228392297357814,11,4,2010,90,0.03690103358152835,0
Retail banking,External fraud,External event,Heilongjiang,2011-09,1,9478.0,9478.0,9478.0,9478.0,0,1.0,2011-09-01,1.0,15000.0,0.0,1.0,47000.0,0.0,1.0,530000.0,0.0,0.0,0.0,0.0,0.0,0.0,0.0,3.0,592000.0,0.0,5.0,15687000.0,1.0,5.0,15687000.0,1.0,9478.0,9.156834104453042,2011-11-30,0,0,0.4088669950738916,0.303179579041648,0.322884012539185,0.0228392297357814,9,3,2011,90,0.03453213817078958,0
Retail banking,External fraud,External event,Heilongjiang,2013-10,1,101600000.0,101600000.0,101600000.0,101600000.0,1,1.0,2013-10-01,1.0,9478.0,0.0,1.0,15000.0,0.0,1.0,47000.0,0.0,1.0,15000.0,0.0,0.0,0.0,0.0,3.0,71478.0,0.0,6.0,15696478.0,1.0,6.0,15696478.0,1.0,101600000.0,18.43655410295117,2013-12-30,0,1,0.4088669950738916,0.303179579041648,0.322884012539185,0.0228392297357814,10,4,2013,90,0.08473084949165545,0
Retail banking,External fraud,External event,Heilongjiang,2013-12,1,3000000.0,3000000.0,3000000.0,3000000.0,0,1.0,2013-12-01,1.0,101600000.0,1.0,1.0,9478.0,0.0,1.0,15000.0,0.0,1.0,15080000.0,1.0,0.0,0.0,0.0,3.0,101624478.0,1.0,6.0,117281478.0,2.0,7.0,117296478.0,2.0,3000000.0,14.914123179965662,2014-03-01,0,0,0.4088669950738916,0.303179579041648,0.322884012539185,0.0228392297357814,12,4,2013,90,0.23065226928398616,0
Retail banking,External fraud,External event,Heilongjiang,2016-08,1,5000000.0,5000000.0,5000000.0,5000000.0,0,0.0,2016-08-01,1.0,3000000.0,0.0,1.0,101600000.0,1.0,1.0,9478.0,0.0,1.0,530000.0,0.0,0.0,0.0,0.0,3.0,104609478.0,1.0,6.0,105201478.0,1.0,8.0,120296478.0,2.0,5000000.0,15.424948670398354,2016-10-30,0,0,0.4088669950738916,0.303179579041648,0.322884012539185,0.0228392297357814,8,3,2016,90,0.17126536199853967,0
Retail banking,External fraud,External event,"Heilongjiang,Hainan,Sichuan",2010-11,1,4000000.0,4000000.0,4000000.0,4000000.0,0,0.0,2010-11-01,0.0,0.0,0.0,0.0,0.0,0.0,0.0,0.0,0.0,0.0,0.0,0.0,0.0,0.0,0.0,0.0,0.0,0.0,0.0,0.0,0.0,0.0,0.0,0.0,4000000.0,15.201805169084134,2011-01-30,0,0,0.4088669950738916,0.303179579041648,0.322884012539185,0.0004478280340349,11,4,2010,90,0.0808769326116494,0
Retail banking,External fraud,External event,Henan,2000-12,1,2080000.0,2080000.0,2080000.0,2080000.0,0,1.0,2000-12-01,0.0,0.0,0.0,0.0,0.0,0.0,0.0,0.0,0.0,0.0,0.0,0.0,0.0,0.0,0.0,0.0,0.0,0.0,0.0,0.0,0.0,0.0,0.0,0.0,2080000.0,14.547878932446617,2001-03-01,0,0,0.4088669950738916,0.303179579041648,0.322884012539185,0.0497089117778772,12,4,2000,90,0.05318271098723859,0
Retail banking,External fraud,External event,Henan,2003-12,1,1000000.0,1000000.0,1000000.0,1000000.0,0,0.0,2003-12-01,1.0,2080000.0,0.0,0.0,0.0,0.0,0.0,0.0,0.0,0.0,0.0,0.0,0.0,0.0,0.0,1.0,2080000.0,0.0,1.0,2080000.0,0.0,1.0,2080000.0,0.0,1000000.0,13.815511557963774,2004-02-29,0,0,0.4088669950738916,0.303179579041648,0.322884012539185,0.0497089117778772,12,4,2003,90,0.0809423569576376,0
Retail banking,External fraud,External event,Henan,2006-05,1,599000.0,599000.0,599000.0,599000.0,0,0.0,2006-05-01,1.0,1000000.0,0.0,1.0,2080000.0,0.0,0.0,0.0,0.0,0.0,0.0,0.0,0.0,0.0,0.0,2.0,3080000.0,0.0,2.0,3080000.0,0.0,2.0,3080000.0,0.0,599000.0,13.303018546545276,2006-07-30,0,0,0.4088669950738916,0.303179579041648,0.322884012539185,0.0497089117778772,5,2,2006,90,0.035930896082094835,0
Retail banking,External fraud,External event,Henan,2007-09,2,698000.0,349000.0,349000.0,349000.0,0,0.5,2007-09-01,1.0,599000.0,0.0,1.0,1000000.0,0.0,1.0,2080000.0,0.0,0.0,0.0,0.0,0.0,0.0,0.0,3.0,3679000.0,0.0,3.0,3679000.0,0.0,3.0,3679000.0,0.0,349000.0,13.45597581440824,2007-11-30,0,0,0.4088669950738916,0.303179579041648,0.322884012539185,0.0497089117778772,9,3,2007,90,0.0329470012411247,0
Retail banking,External fraud,External event,Henan,2007-12,1,40130.0,40130.0,40130.0,40130.0,0,1.0,2007-12-01,2.0,698000.0,0.0,1.0,599000.0,0.0,1.0,1000000.0,0.0,0.0,0.0,0.0,0.0,0.0,0.0,4.0,2297000.0,0.0,5.0,4377000.0,0.0,5.0,4377000.0,0.0,40130.0,10.599904381963697,2008-02-29,0,0,0.4088669950738916,0.303179579041648,0.322884012539185,0.0497089117778772,12,4,2007,90,0.041331740613294345,0
Retail banking,External fraud,External event,Henan,2008-11,1,19000.0,19000.0,19000.0,19000.0,0,1.0,2008-11-01,1.0,40130.0,0.0,2.0,698000.0,0.0,1.0,599000.0,0.0,0.0,0.0,0.0,0.0,0.0,0.0,4.0,1337130.0,0.0,6.0,4417130.0,0.0,6.0,4417130.0,0.0,19000.0,9.852246888342531,2009-01-30,0,0,0.4088669950738916,0.303179579041648,0.322884012539185,0.0497089117778772,11,4,2008,90,0.03280024852070797,0
Retail banking,External fraud,External event,Henan,2009-06,1,45000.0,45000.0,45000.0,45000.0,0,0.0,2009-06-01,1.0,19000.0,0.0,1.0,40130.0,0.0,2.0,698000.0,0.0,1.0,2080000.0,0.0,0.0,0.0,0.0,4.0,757130.0,0.0,7.0,4436130.0,0.0,7.0,4436130.0,0.0,45000.0,10.714439990727769,2009-08-30,0,1,0.4088669950738916,0.303179579041648,0.322884012539185,0.0497089117778772,6,2,2009,90,0.03686049482526573,0
Retail banking,External fraud,External event,Henan,2009-08,1,19740.0,19740.0,19740.0,19740.0,0,1.0,2009-08-01,1.0,45000.0,0.0,1.0,19000.0,0.0,1.0,40130.0,0.0,1.0,1000000.0,0.0,0.0,0.0,0.0,3.0,104130.0,0.0,7.0,2401130.0,0.0,8.0,4481130.0,0.0,19740.0,9.890452970265668,2009-10-30,0,0,0.4088669950738916,0.303179579041648,0.322884012539185,0.0497089117778772,8,3,2009,90,0.032684554856480995,0
Retail banking,External fraud,External event,Henan,2009-12,1,120000.0,120000.0,120000.0,120000.0,0,0.0,2009-12-01,1.0,19740.0,0.0,1.0,45000.0,0.0,1.0,19000.0,0.0,1.0,599000.0,0.0,0.0,0.0,0.0,3.0,83740.0,0.0,7.0,1420870.0,0.0,9.0,4500870.0,0.0,120000.0,11.695255355062796,2010-03-01,0,1,0.4088669950738916,0.303179579041648,0.322884012539185,0.0497089117778772,12,4,2009,90,0.04267844992614133,0
Retail banking,External fraud,External event,Henan,2010-01,1,400000.0,400000.0,400000.0,400000.0,0,0.0,2010-01-01,1.0,120000.0,0.0,1.0,19740.0,0.0,1.0,45000.0,0.0,2.0,698000.0,0.0,0.0,0.0,0.0,3.0,184740.0,0.0,7.0,941870.0,0.0,10.0,4620870.0,0.0,400000.0,12.899222326086994,2010-04-01,0,0,0.4088669950738916,0.303179579041648,0.322884012539185,0.0497089117778772,1,1,2010,90,0.05194244883108405,0
Retail banking,External fraud,External event,Henan,2010-12,1,12600.0,12600.0,12600.0,12600.0,0,0.0,2010-12-01,1.0,400000.0,0.0,1.0,120000.0,0.0,1.0,19740.0,0.0,1.0,40130.0,0.0,0.0,0.0,0.0,3.0,539740.0,0.0,6.0,643870.0,0.0,11.0,5020870.0,0.0,12600.0,9.441531454869692,2011-03-01,0,1,0.4088669950738916,0.303179579041648,0.322884012539185,0.0497089117778772,12,4,2010,90,0.10160722590429677,0
Retail banking,External fraud,External event,Henan,2011-01,1,300000.0,300000.0,300000.0,300000.0,0,0.0,2011-01-01,1.0,12600.0,0.0,1.0,400000.0,0.0,1.0,120000.0,0.0,1.0,19000.0,0.0,0.0,0.0,0.0,3.0,532600.0,0.0,6.0,616340.0,0.0,12.0,5033470.0,0.0,300000.0,12.611541086966117,2011-04-01,0,0,0.4088669950738916,0.303179579041648,0.322884012539185,0.0497089117778772,1,1,2011,90,0.06732549781587137,0
Retail banking,External fraud,External event,Henan,2011-11,1,2780000.0,2780000.0,2780000.0,2780000.0,0,1.0,2011-11-01,1.0,300000.0,0.0,1.0,12600.0,0.0,1.0,400000.0,0.0,1.0,45000.0,0.0,1.0,2080000.0,0.0,3.0,712600.0,0.0,6.0,897340.0,0.0,13.0,5333470.0,0.0,2780000.0,14.837961845378985,2012-01-30,0,0,0.4088669950738916,0.303179579041648,0.322884012539185,0.0497089117778772,11,4,2011,90,0.06340494136782987,0
Retail banking,External fraud,External event,Henan,2013-03,1,30000.0,30000.0,30000.0,30000.0,0,0.0,2013-03-01,1.0,2780000.0,0.0,1.0,300000.0,0.0,1.0,12600.0,0.0,1.0,19740.0,0.0,1.0,1000000.0,0.0,3.0,3092600.0,0.0,6.0,3632340.0,0.0,13.0,6033470.0,0.0,30000.0,10.308985993422082,2013-05-30,0,0,0.4088669950738916,0.303179579041648,0.322884012539185,0.0497089117778772,3,1,2013,90,0.04508658361306587,0
Retail banking,External fraud,External event,Henan,2013-09,1,700000.0,700000.0,700000.0,700000.0,0,5.0,2013-09-01,1.0,30000.0,0.0,1.0,2780000.0,0.0,1.0,300000.0,0.0,1.0,120000.0,0.0,1.0,599000.0,0.0,3.0,3110000.0,0.0,6.0,3642600.0,0.0,13.0,5063470.0,0.0,700000.0,13.45883704259595,2013-11-30,0,0,0.4088669950738916,0.303179579041648,0.322884012539185,0.0497089117778772,9,3,2013,90,0.05828780019701211,0
Retail banking,External fraud,External event,Henan,2015-07,1,2000000.0,2000000.0,2000000.0,2000000.0,0,1.0,2015-07-01,1.0,700000.0,0.0,1.0,30000.0,0.0,1.0,2780000.0,0.0,1.0,400000.0,0.0,2.0,698000.0,0.0,3.0,3510000.0,0.0,6.0,4222600.0,0.0,13.0,5164470.0,0.0,2000000.0,14.508658238524095,2015-09-29,0,0,0.4088669950738916,0.303179579041648,0.322884012539185,0.0497089117778772,7,3,2015,90,0.08926056391176847,0
Retail banking,External fraud,External event,Henan,2016-01,1,10000000.0,10000000.0,10000000.0,10000000.0,1,1.0,2016-01-01,1.0,2000000.0,0.0,1.0,700000.0,0.0,1.0,30000.0,0.0,1.0,12600.0,0.0,1.0,40130.0,0.0,3.0,2730000.0,0.0,6.0,5822600.0,0.0,12.0,6466470.0,0.0,10000000.0,16.118095750958314,2016-03-31,0,0,0.4088669950738916,0.303179579041648,0.322884012539185,0.0497089117778772,1,1,2016,90,0.1035442928281373,0
Retail banking,External fraud,External event,"Henan,Guangdong",2009-04,1,50000.0,50000.0,50000.0,50000.0,0,0.0,2009-04-01,0.0,0.0,0.0,0.0,0.0,0.0,0.0,0.0,0.0,0.0,0.0,0.0,0.0,0.0,0.0,0.0,0.0,0.0,0.0,0.0,0.0,0.0,0.0,0.0,50000.0,10.819798284210286,2009-06-30,0,0,0.4088669950738916,0.303179579041648,0.322884012539185,0.0004478280340349,4,2,2009,90,0.058462741935256614,0
Retail banking,External fraud,External event,"Henan,Guangdong,Hongkong,Macao",2011-07,1,1200000.0,1200000.0,1200000.0,1200000.0,0,0.0,2011-07-01,0.0,0.0,0.0,0.0,0.0,0.0,0.0,0.0,0.0,0.0,0.0,0.0,0.0,0.0,0.0,0.0,0.0,0.0,0.0,0.0,0.0,0.0,0.0,0.0,1200000.0,13.997832948091215,2011-09-29,0,0,0.4088669950738916,0.303179579041648,0.322884012539185,0.0004478280340349,7,3,2011,90,0.09081783293635083,0
Retail banking,External fraud,External event,Hongkong,2011-04,1,70000.0,70000.0,70000.0,70000.0,0,5.0,2011-04-01,0.0,0.0,0.0,0.0,0.0,0.0,0.0,0.0,0.0,0.0,0.0,0.0,0.0,0.0,0.0,0.0,0.0,0.0,0.0,0.0,0.0,0.0,0.0,0.0,70000.0,11.156264806643742,2011-06-30,0,0,0.4088669950738916,0.303179579041648,0.322884012539185,0.0031347962382445,4,2,2011,90,0.03712116355895414,0
Retail banking,External fraud,External event,Hubei,2003-09,1,348800.0,348800.0,348800.0,348800.0,0,1.0,2003-09-01,0.0,0.0,0.0,0.0,0.0,0.0,0.0,0.0,0.0,0.0,0.0,0.0,0.0,0.0,0.0,0.0,0.0,0.0,0.0,0.0,0.0,0.0,0.0,0.0,348800.0,12.762256837985328,2003-11-30,0,0,0.4088669950738916,0.303179579041648,0.322884012539185,0.0313479623824451,9,3,2003,90,0.07320960169477006,0
Retail banking,External fraud,External event,Hubei,2004-12,1,15000.0,15000.0,15000.0,15000.0,0,0.0,2004-12-01,1.0,348800.0,0.0,0.0,0.0,0.0,0.0,0.0,0.0,0.0,0.0,0.0,0.0,0.0,0.0,1.0,348800.0,0.0,1.0,348800.0,0.0,1.0,348800.0,0.0,15000.0,9.61587214452889,2005-03-01,0,0,0.4088669950738916,0.303179579041648,0.322884012539185,0.0313479623824451,12,4,2004,90,0.047505710239488304,0
Retail banking,External fraud,External event,Hubei,2006-12,1,250000.0,250000.0,250000.0,250000.0,0,1.0,2006-12-01,1.0,15000.0,0.0,1.0,348800.0,0.0,0.0,0.0,0.0,0.0,0.0,0.0,0.0,0.0,0.0,2.0,363800.0,0.0,2.0,363800.0,0.0,2.0,363800.0,0.0,250000.0,12.429220196836384,2007-03-01,0,0,0.4088669950738916,0.303179579041648,0.322884012539185,0.0313479623824451,12,4,2006,90,0.03621973310529056,0
Retail banking,External fraud,External event,Hubei,2007-06,1,44700.0,44700.0,44700.0,44700.0,0,0.0,2007-06-01,1.0,250000.0,0.0,1.0,15000.0,0.0,1.0,348800.0,0.0,0.0,0.0,0.0,0.0,0.0,0.0,3.0,613800.0,0.0,3.0,613800.0,0.0,3.0,613800.0,0.0,44700.0,10.707751151716078,2007-08-30,0,1,0.4088669950738916,0.303179579041648,0.322884012539185,0.0313479623824451,6,2,2007,90,0.027025335576477055,0
Retail banking,External fraud,External event,Hubei,2007-07,1,1520000.0,1520000.0,1520000.0,1520000.0,0,0.0,2007-07-01,1.0,44700.0,0.0,1.0,250000.0,0.0,1.0,15000.0,0.0,0.0,0.0,0.0,0.0,0.0,0.0,3.0,309700.0,0.0,4.0,658500.0,0.0,4.0,658500.0,0.0,1520000.0,14.23422155071698,2007-09-29,0,0,0.4088669950738916,0.303179579041648,0.322884012539185,0.0313479623824451,7,3,2007,90,0.031733600684213104,0
Retail banking,External fraud,External event,Hubei,2009-01,1,20400.0,20400.0,20400.0,20400.0,0,0.0,2009-01-01,1.0,1520000.0,0.0,1.0,44700.0,0.0,1.0,250000.0,0.0,0.0,0.0,0.0,0.0,0.0,0.0,3.0,1814700.0,0.0,5.0,2178500.0,0.0,5.0,2178500.0,0.0,20400.0,9.923339198238727,2009-04-01,0,1,0.4088669950738916,0.303179579041648,0.322884012539185,0.0313479623824451,1,1,2009,90,0.029539898261227535,0
Retail banking,External fraud,External event,Hubei,2009-02,1,340000.0,340000.0,340000.0,340000.0,0,1.0,2009-02-01,1.0,20400.0,0.0,1.0,1520000.0,0.0,1.0,44700.0,0.0,1.0,348800.0,0.0,0.0,0.0,0.0,3.0,1585100.0,0.0,6.0,2198900.0,0.0,6.0,2198900.0,0.0,340000.0,12.73670383776449,2009-05-02,0,1,0.4088669950738916,0.303179579041648,0.322884012539185,0.0313479623824451,2,1,2009,90,0.020189166047474873,0
Retail banking,External fraud,External event,Hubei,2009-03,1,6108.0,6108.0,6108.0,6108.0,0,1.0,2009-03-01,1.0,340000.0,0.0,1.0,20400.0,0.0,1.0,1520000.0,0.0,1.0,15000.0,0.0,0.0,0.0,0.0,3.0,1880400.0,0.0,6.0,2190100.0,0.0,7.0,2538900.0,0.0,6108.0,8.717518372649767,2009-05-30,0,0,0.4088669950738916,0.303179579041648,0.322884012539185,0.0313479623824451,3,1,2009,90,0.0392065650815624,0
Retail banking,External fraud,External event,Hubei,2009-11,1,366049.0,366049.0,366049.0,366049.0,0,1.0,2009-11-01,1.0,6108.0,0.0,1.0,340000.0,0.0,1.0,20400.0,0.0,1.0,250000.0,0.0,0.0,0.0,0.0,3.0,366508.0,0.0,6.0,2181208.0,0.0,8.0,2545008.0,0.0,366049.0,12.810525215074788,2010-01-30,0,1,0.4088669950738916,0.303179579041648,0.322884012539185,0.0313479623824451,11,4,2009,90,0.039590297585114204,0
Retail banking,External fraud,External event,Hubei,2010-01,1,14400.0,14400.0,14400.0,14400.0,0,1.0,2010-01-01,1.0,366049.0,0.0,1.0,6108.0,0.0,1.0,340000.0,0.0,1.0,44700.0,0.0,0.0,0.0,0.0,3.0,712157.0,0.0,6.0,2297257.0,0.0,9.0,2911057.0,0.0,14400.0,9.575052927597383,2010-04-01,0,1,0.4088669950738916,0.303179579041648,0.322884012539185,0.0313479623824451,1,1,2010,90,0.06282014674169394,0
Retail banking,External fraud,External event,Hubei,2010-03,1,40000.0,40000.0,40000.0,40000.0,0,1.0,2010-03-01,1.0,14400.0,0.0,1.0,366049.0,0.0,1.0,6108.0,0.0,1.0,1520000.0,0.0,0.0,0.0,0.0,3.0,386557.0,0.0,6.0,2266957.0,0.0,10.0,2925457.0,0.0,40000.0,10.59665973278358,2010-05-30,0,0,0.4088669950738916,0.303179579041648,0.322884012539185,0.0313479623824451,3,1,2010,90,0.019233535376367728,0
Retail banking,External fraud,External event,Hubei,2010-06,1,120000.0,120000.0,120000.0,120000.0,0,1.0,2010-06-01,1.0,40000.0,0.0,1.0,14400.0,0.0,1.0,366049.0,0.0,1.0,20400.0,0.0,0.0,0.0,0.0,3.0,420449.0,0.0,6.0,786957.0,0.0,11.0,2965457.0,0.0,120000.0,11.695255355062796,2010-08-30,0,0,0.4088669950738916,0.303179579041648,0.322884012539185,0.0313479623824451,6,2,2010,90,0.030064902165694286,0
Retail banking,External fraud,External event,Hubei,2011-08,1,9000.0,9000.0,9000.0,9000.0,0,0.0,2011-08-01,1.0,120000.0,0.0,1.0,40000.0,0.0,1.0,14400.0,0.0,1.0,340000.0,0.0,1.0,348800.0,0.0,3.0,174400.0,0.0,6.0,886557.0,0.0,12.0,3085457.0,0.0,9000.0,9.105090961257083,2011-10-30,0,1,0.4088669950738916,0.303179579041648,0.322884012539185,0.0313479623824451,8,3,2011,90,0.06569197399105522,0
Retail banking,External fraud,External event,Hubei,2011-09,1,11000.0,11000.0,11000.0,11000.0,0,1.0,2011-09-01,1.0,9000.0,0.0,1.0,120000.0,0.0,1.0,40000.0,0.0,1.0,6108.0,0.0,1.0,15000.0,0.0,3.0,169000.0,0.0,6.0,555557.0,0.0,12.0,2745657.0,0.0,11000.0,9.305741456739437,2011-11-30,0,0,0.4088669950738916,0.303179579041648,0.322884012539185,0.0313479623824451,9,3,2011,90,0.0945619149318988,0
Retail banking,External fraud,External event,Hubei,2015-01,1,180000000.0,180000000.0,180000000.0,180000000.0,1,0.0,2015-01-01,1.0,11000.0,0.0,1.0,9000.0,0.0,1.0,120000.0,0.0,1.0,366049.0,0.0,1.0,250000.0,0.0,3.0,140000.0,0.0,6.0,560449.0,0.0,12.0,2741657.0,0.0,180000000.0,19.00846741441004,2015-04-01,0,0,0.4088669950738916,0.303179579041648,0.322884012539185,0.0313479623824451,1,1,2015,90,0.05009916425912287,0
Retail banking,External fraud,External event,Hubei,2015-10,1,130000.0,130000.0,130000.0,130000.0,0,0.0,2015-10-01,1.0,180000000.0,1.0,1.0,11000.0,0.0,1.0,9000.0,0.0,1.0,14400.0,0.0,1.0,44700.0,0.0,3.0,180020000.0,1.0,6.0,180194400.0,1.0,12.0,182491657.0,1.0,130000.0,11.775297421715829,2015-12-30,0,0,0.4088669950738916,0.303179579041648,0.322884012539185,0.0313479623824451,10,4,2015,90,0.06227695936278894,0
Retail banking,External fraud,External event,Hubei,2019-08,1,7500.0,7500.0,7500.0,7500.0,0,2.0,2019-08-01,1.0,130000.0,0.0,1.0,180000000.0,1.0,1.0,11000.0,0.0,1.0,40000.0,0.0,1.0,1520000.0,0.0,3.0,180141000.0,1.0,6.0,180310000.0,1.0,12.0,182576957.0,1.0,7500.0,8.922791623969637,2019-10-30,0,0,0.4088669950738916,0.303179579041648,0.322884012539185,0.0313479623824451,8,3,2019,90,0.04870738271131996,0
Retail banking,External fraud,External event,"Hubei,Chongqing,Shaanxi",2018-07,1,21500.0,21500.0,21500.0,21500.0,0,3.0,2018-07-01,0.0,0.0,0.0,0.0,0.0,0.0,0.0,0.0,0.0,0.0,0.0,0.0,0.0,0.0,0.0,0.0,0.0,0.0,0.0,0.0,0.0,0.0,0.0,0.0,21500.0,9.975854724662028,2018-09-29,0,0,0.4088669950738916,0.303179579041648,0.322884012539185,0.0004478280340349,7,3,2018,90,0.03654025657071591,0
Retail banking,External fraud,External event,"Hubei,Guangdong",2007-07,1,150000.0,150000.0,150000.0,150000.0,0,1.0,2007-07-01,0.0,0.0,0.0,0.0,0.0,0.0,0.0,0.0,0.0,0.0,0.0,0.0,0.0,0.0,0.0,0.0,0.0,0.0,0.0,0.0,0.0,0.0,0.0,0.0,150000.0,11.918397239722838,2007-09-29,0,0,0.4088669950738916,0.303179579041648,0.322884012539185,0.0017913121361397,7,3,2007,90,0.03374359063028065,0
Retail banking,External fraud,External event,"Hubei,Guangdong",2009-10,1,1550.0,1550.0,1550.0,1550.0,0,0.0,2009-10-01,1.0,150000.0,0.0,0.0,0.0,0.0,0.0,0.0,0.0,0.0,0.0,0.0,0.0,0.0,0.0,1.0,150000.0,0.0,1.0,150000.0,0.0,1.0,150000.0,0.0,1550.0,7.346655163176539,2009-12-30,0,0,0.4088669950738916,0.303179579041648,0.322884012539185,0.0017913121361397,10,4,2009,90,0.04193378207110753,0
Retail banking,External fraud,External event,"Hubei,Hunan",2016-09,1,18100000.0,18100000.0,18100000.0,18100000.0,1,1.0,2016-09-01,0.0,0.0,0.0,0.0,0.0,0.0,0.0,0.0,0.0,0.0,0.0,0.0,0.0,0.0,0.0,0.0,0.0,0.0,0.0,0.0,0.0,0.0,0.0,0.0,18100000.0,16.71142255148467,2016-11-30,0,0,0.4088669950738916,0.303179579041648,0.322884012539185,0.0008956560680698,9,3,2016,90,0.043186938131717,0
Retail banking,External fraud,External event,"Hubei,Shaanxi",2019-12,1,1000000000.0,1000000000.0,1000000000.0,1000000000.0,1,0.0,2019-12-01,0.0,0.0,0.0,0.0,0.0,0.0,0.0,0.0,0.0,0.0,0.0,0.0,0.0,0.0,0.0,0.0,0.0,0.0,0.0,0.0,0.0,0.0,0.0,0.0,1000000000.0,20.72326583794641,2020-02-29,0,0,0.4088669950738916,0.303179579041648,0.322884012539185,0.0004478280340349,12,4,2019,90,0.10201484162323426,0
Retail banking,External fraud,External event,Hunan,2004-01,1,234162.32,234162.32,234162.32,234162.32,0,1.0,2004-01-01,0.0,0.0,0.0,0.0,0.0,0.0,0.0,0.0,0.0,0.0,0.0,0.0,0.0,0.0,0.0,0.0,0.0,0.0,0.0,0.0,0.0,0.0,0.0,0.0,234162.32,12.363774099604854,2004-03-31,0,0,0.4088669950738916,0.303179579041648,0.322884012539185,0.0277653381101656,1,1,2004,90,0.09378048643224929,0
Retail banking,External fraud,External event,Hunan,2005-01,1,580000.0,580000.0,580000.0,580000.0,0,1.0,2005-01-01,1.0,234162.32,0.0,0.0,0.0,0.0,0.0,0.0,0.0,0.0,0.0,0.0,0.0,0.0,0.0,1.0,234162.32,0.0,1.0,234162.32,0.0,1.0,234162.32,0.0,580000.0,13.270785106659046,2005-04-01,0,0,0.4088669950738916,0.303179579041648,0.322884012539185,0.0277653381101656,1,1,2005,90,0.02529258776523021,0
Retail banking,External fraud,External event,Hunan,2007-10,1,9600000.0,9600000.0,9600000.0,9600000.0,0,0.0,2007-10-01,1.0,580000.0,0.0,1.0,234162.32,0.0,0.0,0.0,0.0,0.0,0.0,0.0,0.0,0.0,0.0,2.0,814162.3200000001,0.0,2.0,814162.3200000001,0.0,2.0,814162.3200000001,0.0,9600000.0,16.077273760604726,2007-12-30,0,0,0.4088669950738916,0.303179579041648,0.322884012539185,0.0277653381101656,10,4,2007,90,0.03869237045125107,0
Retail banking,External fraud,External event,Hunan,2008-06,1,93000.0,93000.0,93000.0,93000.0,0,3.0,2008-06-01,1.0,9600000.0,0.0,1.0,580000.0,0.0,1.0,234162.32,0.0,0.0,0.0,0.0,0.0,0.0,0.0,3.0,10414162.32,0.0,3.0,10414162.32,0.0,3.0,10414162.32,0.0,93000.0,11.440365524765756,2008-08-30,0,0,0.4088669950738916,0.303179579041648,0.322884012539185,0.0277653381101656,6,2,2008,90,0.0459064382848015,0
Retail banking,External fraud,External event,Hunan,2008-11,2,300000.0,150000.0,150000.0,230000.0,0,4.0,2008-11-01,1.0,93000.0,0.0,1.0,9600000.0,0.0,1.0,580000.0,0.0,0.0,0.0,0.0,0.0,0.0,0.0,3.0,10273000.0,0.0,4.0,10507162.32,0.0,4.0,10507162.32,0.0,150000.0,12.611541086966117,2009-01-30,0,0,0.4088669950738916,0.303179579041648,0.322884012539185,0.0277653381101656,11,4,2008,90,0.015367352573341797,0
Retail banking,External fraud,External event,Hunan,2009-03,1,14000.0,14000.0,14000.0,14000.0,0,1.0,2009-03-01,2.0,300000.0,0.0,1.0,93000.0,0.0,1.0,9600000.0,0.0,0.0,0.0,0.0,0.0,0.0,0.0,4.0,9993000.0,0.0,6.0,10807162.32,0.0,6.0,10807162.32,0.0,14000.0,9.546884034617923,2009-05-30,0,0,0.4088669950738916,0.303179579041648,0.322884012539185,0.0277653381101656,3,1,2009,90,0.050116190306860535,0
Retail banking,External fraud,External event,Hunan,2009-08,1,172000.0,172000.0,172000.0,172000.0,0,1.0,2009-08-01,1.0,14000.0,0.0,2.0,300000.0,0.0,1.0,93000.0,0.0,1.0,234162.32,0.0,0.0,0.0,0.0,4.0,407000.0,0.0,7.0,10821162.32,0.0,7.0,10821162.32,0.0,172000.0,12.055255569732177,2009-10-30,0,0,0.4088669950738916,0.303179579041648,0.322884012539185,0.0277653381101656,8,3,2009,90,0.037084650704121994,0
Retail banking,External fraud,External event,Hunan,2009-11,1,100000.0,100000.0,100000.0,100000.0,0,1.0,2009-11-01,1.0,172000.0,0.0,1.0,14000.0,0.0,2.0,300000.0,0.0,1.0,580000.0,0.0,0.0,0.0,0.0,4.0,486000.0,0.0,7.0,10759000.0,0.0,8.0,10993162.32,0.0,100000.0,11.51293546492023,2010-01-30,0,0,0.4088669950738916,0.303179579041648,0.322884012539185,0.0277653381101656,11,4,2009,90,0.0587242993670714,0
Retail banking,External fraud,External event,Hunan,2010-10,1,58000.0,58000.0,58000.0,58000.0,0,0.0,2010-10-01,1.0,100000.0,0.0,1.0,172000.0,0.0,1.0,14000.0,0.0,1.0,9600000.0,0.0,0.0,0.0,0.0,3.0,286000.0,0.0,7.0,10279000.0,0.0,9.0,11093162.32,0.0,58000.0,10.968215530759236,2010-12-30,0,0,0.4088669950738916,0.303179579041648,0.322884012539185,0.0277653381101656,10,4,2010,90,0.048061385398641965,0
Retail banking,External fraud,External event,Hunan,2013-11,1,1000000.0,1000000.0,1000000.0,1000000.0,0,0.0,2013-11-01,1.0,58000.0,0.0,1.0,100000.0,0.0,1.0,172000.0,0.0,1.0,93000.0,0.0,0.0,0.0,0.0,3.0,330000.0,0.0,7.0,737000.0,0.0,10.0,11151162.32,0.0,1000000.0,13.815511557963774,2014-01-30,0,0,0.4088669950738916,0.303179579041648,0.322884012539185,0.0277653381101656,11,4,2013,90,0.10250931736713505,0
Retail banking,External fraud,External event,Hunan,2016-10,1,4000000.0,4000000.0,4000000.0,4000000.0,0,0.0,2016-10-01,1.0,1000000.0,0.0,1.0,58000.0,0.0,1.0,100000.0,0.0,2.0,300000.0,0.0,0.0,0.0,0.0,3.0,1158000.0,0.0,7.0,1644000.0,0.0,11.0,12151162.32,0.0,4000000.0,15.201805169084134,2016-12-30,0,0,0.4088669950738916,0.303179579041648,0.322884012539185,0.0277653381101656,10,4,2016,90,0.09177660632069597,0
Retail banking,External fraud,External event,"Hunan,Shaanxi",2013-12,1,7400000.0,7400000.0,7400000.0,7400000.0,0,2.0,2013-12-01,0.0,0.0,0.0,0.0,0.0,0.0,0.0,0.0,0.0,0.0,0.0,0.0,0.0,0.0,0.0,0.0,0.0,0.0,0.0,0.0,0.0,0.0,0.0,0.0,7400000.0,15.816990693309524,2014-03-01,0,0,0.4088669950738916,0.303179579041648,0.322884012539185,0.0004478280340349,12,4,2013,90,0.052289484915804624,0
Retail banking,External fraud,External event,Inner mongolia,2001-10,1,1960000.0,1960000.0,1960000.0,1960000.0,0,1.0,2001-10-01,0.0,0.0,0.0,0.0,0.0,0.0,0.0,0.0,0.0,0.0,0.0,0.0,0.0,0.0,0.0,0.0,0.0,0.0,0.0,0.0,0.0,0.0,0.0,0.0,1960000.0,14.488455541410652,2001-12-30,0,0,0.4088669950738916,0.303179579041648,0.322884012539185,0.0053739364084191,10,4,2001,90,0.05783634030769005,0
Retail banking,External fraud,External event,"Inner mongolia,Inner mongolia",2011-02,1,230000.0,230000.0,230000.0,230000.0,0,0.0,2011-02-01,0.0,0.0,0.0,0.0,0.0,0.0,0.0,0.0,0.0,0.0,0.0,0.0,0.0,0.0,0.0,0.0,0.0,0.0,0.0,0.0,0.0,0.0,0.0,0.0,230000.0,12.345838935721968,2011-05-02,0,0,0.4088669950738916,0.303179579041648,0.322884012539185,0.0071652485445588,2,1,2011,90,0.08180336365400104,0
Retail banking,External fraud,External event,"Inner mongolia,Jiangsu,Inner mongolia",2006-02,1,150000000.0,150000000.0,150000000.0,150000000.0,1,1.0,2006-02-01,0.0,0.0,0.0,0.0,0.0,0.0,0.0,0.0,0.0,0.0,0.0,0.0,0.0,0.0,0.0,0.0,0.0,0.0,0.0,0.0,0.0,0.0,0.0,0.0,150000000.0,18.8261458587272,2006-05-02,0,0,0.4088669950738916,0.303179579041648,0.322884012539185,0.0004478280340349,2,1,2006,90,0.04674117211838714,0
Retail banking,External fraud,External event,"Inner mongolia,Liaoning,Jilin,Heilongjiang,Shaanxi,Inner mongolia",2013-11,1,760000.0,760000.0,760000.0,760000.0,0,0.0,2013-11-01,0.0,0.0,0.0,0.0,0.0,0.0,0.0,0.0,0.0,0.0,0.0,0.0,0.0,0.0,0.0,0.0,0.0,0.0,0.0,0.0,0.0,0.0,0.0,0.0,760000.0,13.541075028051122,2014-01-30,0,0,0.4088669950738916,0.303179579041648,0.322884012539185,0.0004478280340349,11,4,2013,90,0.10100578853989145,0
Retail banking,External fraud,External event,"Inner mongolia,Shanghai,Zhejiang,Fujian,Hainan,Yunnan,Qinghai,Inner mongolia",2010-11,1,33000.0,33000.0,33000.0,33000.0,0,0.0,2010-11-01,0.0,0.0,0.0,0.0,0.0,0.0,0.0,0.0,0.0,0.0,0.0,0.0,0.0,0.0,0.0,0.0,0.0,0.0,0.0,0.0,0.0,0.0,0.0,0.0,33000.0,10.404293143019792,2011-01-30,0,0,0.4088669950738916,0.303179579041648,0.322884012539185,0.0004478280340349,11,4,2010,90,0.05919571860700072,0
Retail banking,External fraud,External event,Jiangsu,2001-04,1,2668000.0,2668000.0,2668000.0,2668000.0,0,1.0,2001-04-01,0.0,0.0,0.0,0.0,0.0,0.0,0.0,0.0,0.0,0.0,0.0,0.0,0.0,0.0,0.0,0.0,0.0,0.0,0.0,0.0,0.0,0.0,0.0,0.0,2668000.0,14.796840060830174,2001-06-30,0,0,0.4088669950738916,0.303179579041648,0.322884012539185,0.032243618450515,4,2,2001,90,0.057145981879222665,0
Retail banking,External fraud,External event,Jiangsu,2001-10,1,120000.0,120000.0,120000.0,120000.0,0,1.0,2001-10-01,1.0,2668000.0,0.0,0.0,0.0,0.0,0.0,0.0,0.0,0.0,0.0,0.0,0.0,0.0,0.0,1.0,2668000.0,0.0,1.0,2668000.0,0.0,1.0,2668000.0,0.0,120000.0,11.695255355062796,2001-12-30,0,0,0.4088669950738916,0.303179579041648,0.322884012539185,0.032243618450515,10,4,2001,90,0.016737613834974033,0
Retail banking,External fraud,External event,Jiangsu,2003-12,1,8000.0,8000.0,8000.0,8000.0,0,1.0,2003-12-01,1.0,120000.0,0.0,1.0,2668000.0,0.0,0.0,0.0,0.0,0.0,0.0,0.0,0.0,0.0,0.0,2.0,2788000.0,0.0,2.0,2788000.0,0.0,2.0,2788000.0,0.0,8000.0,8.987321812850125,2004-02-29,0,0,0.4088669950738916,0.303179579041648,0.322884012539185,0.032243618450515,12,4,2003,90,0.04720824747905856,0
Retail banking,External fraud,External event,Jiangsu,2006-07,1,1200000.0,1200000.0,1200000.0,1200000.0,0,0.0,2006-07-01,1.0,8000.0,0.0,1.0,120000.0,0.0,1.0,2668000.0,0.0,0.0,0.0,0.0,0.0,0.0,0.0,3.0,2796000.0,0.0,3.0,2796000.0,0.0,3.0,2796000.0,0.0,1200000.0,13.997832948091215,2006-09-29,0,1,0.4088669950738916,0.303179579041648,0.322884012539185,0.032243618450515,7,3,2006,90,0.04563358803908009,0
Retail banking,External fraud,External event,Jiangsu,2006-09,1,41910.0,41910.0,41910.0,41910.0,0,1.0,2006-09-01,1.0,1200000.0,0.0,1.0,8000.0,0.0,1.0,120000.0,0.0,0.0,0.0,0.0,0.0,0.0,0.0,3.0,1328000.0,0.0,4.0,3996000.0,0.0,4.0,3996000.0,0.0,41910.0,10.643303601288238,2006-11-30,0,0,0.4088669950738916,0.303179579041648,0.322884012539185,0.032243618450515,9,3,2006,90,0.02318009247616455,0
Retail banking,External fraud,External event,Jiangsu,2007-03,1,500000.0,500000.0,500000.0,500000.0,0,1.0,2007-03-01,1.0,41910.0,0.0,1.0,1200000.0,0.0,1.0,8000.0,0.0,0.0,0.0,0.0,0.0,0.0,0.0,3.0,1249910.0,0.0,5.0,4037910.0,0.0,5.0,4037910.0,0.0,500000.0,13.122365377402328,2007-05-30,0,0,0.4088669950738916,0.303179579041648,0.322884012539185,0.032243618450515,3,1,2007,90,0.04133445389003772,0
Retail banking,External fraud,External event,Jiangsu,2007-09,1,118840.0,118840.0,118840.0,118840.0,0,0.0,2007-09-01,1.0,500000.0,0.0,1.0,41910.0,0.0,1.0,1200000.0,0.0,1.0,2668000.0,0.0,0.0,0.0,0.0,3.0,1741910.0,0.0,6.0,4537910.0,0.0,6.0,4537910.0,0.0,118840.0,11.685541744216334,2007-11-30,0,0,0.4088669950738916,0.303179579041648,0.322884012539185,0.032243618450515,9,3,2007,90,0.030557453841323932,0
Retail banking,External fraud,External event,Jiangsu,2007-12,1,460000.0,460000.0,460000.0,460000.0,0,1.0,2007-12-01,1.0,118840.0,0.0,1.0,500000.0,0.0,1.0,41910.0,0.0,1.0,120000.0,0.0,0.0,0.0,0.0,3.0,660750.0,0.0,6.0,1988750.0,0.0,7.0,4656750.0,0.0,460000.0,13.03898394237596,2008-02-29,0,0,0.4088669950738916,0.303179579041648,0.322884012539185,0.032243618450515,12,4,2007,90,0.05359215732862618,0
Retail banking,External fraud,External event,Jiangsu,2008-04,1,307000.0,307000.0,307000.0,307000.0,0,2.0,2008-04-01,1.0,460000.0,0.0,1.0,118840.0,0.0,1.0,500000.0,0.0,1.0,8000.0,0.0,0.0,0.0,0.0,3.0,1078840.0,0.0,6.0,2328750.0,0.0,8.0,5116750.0,0.0,307000.0,12.63460628389302,2008-06-30,0,0,0.4088669950738916,0.303179579041648,0.322884012539185,0.032243618450515,4,2,2008,90,0.03784290027488035,0
Retail banking,External fraud,External event,Jiangsu,2009-04,1,100000.0,100000.0,100000.0,100000.0,0,1.0,2009-04-01,1.0,307000.0,0.0,1.0,460000.0,0.0,1.0,118840.0,0.0,1.0,1200000.0,0.0,0.0,0.0,0.0,3.0,885840.0,0.0,6.0,2627750.0,0.0,9.0,5423750.0,0.0,100000.0,11.51293546492023,2009-06-30,0,0,0.4088669950738916,0.303179579041648,0.322884012539185,0.032243618450515,4,2,2009,90,0.06217960874774631,0
Retail banking,External fraud,External event,Jiangsu,2011-12,1,1030000.0,1030000.0,1030000.0,1030000.0,0,1.0,2011-12-01,1.0,100000.0,0.0,1.0,307000.0,0.0,1.0,460000.0,0.0,1.0,41910.0,0.0,0.0,0.0,0.0,3.0,867000.0,0.0,6.0,1527750.0,0.0,10.0,5523750.0,0.0,1030000.0,13.845070331079134,2012-02-29,0,0,0.4088669950738916,0.303179579041648,0.322884012539185,0.032243618450515,12,4,2011,90,0.10213355198888656,0
Retail banking,External fraud,External event,"Jiangsu,Anhui,Hunan",2010-02,1,180000.0,180000.0,180000.0,180000.0,0,6.0,2010-02-01,0.0,0.0,0.0,0.0,0.0,0.0,0.0,0.0,0.0,0.0,0.0,0.0,0.0,0.0,0.0,0.0,0.0,0.0,0.0,0.0,0.0,0.0,0.0,0.0,180000.0,12.100717685412471,2010-05-02,0,0,0.4088669950738916,0.303179579041648,0.322884012539185,0.0004478280340349,2,1,2010,90,0.045281364545958366,0
Retail banking,External fraud,External event,"Jiangsu,Fujian",2008-11,1,77000.0,77000.0,77000.0,77000.0,0,0.0,2008-11-01,0.0,0.0,0.0,0.0,0.0,0.0,0.0,0.0,0.0,0.0,0.0,0.0,0.0,0.0,0.0,0.0,0.0,0.0,0.0,0.0,0.0,0.0,0.0,0.0,77000.0,11.251573687764475,2009-01-30,0,0,0.4088669950738916,0.303179579041648,0.322884012539185,0.0004478280340349,11,4,2008,90,0.06242378878243931,0
Retail banking,External fraud,External event,"Jiangsu,Hongkong",2012-12,1,20000000.0,20000000.0,20000000.0,20000000.0,1,0.0,2012-12-01,0.0,0.0,0.0,0.0,0.0,0.0,0.0,0.0,0.0,0.0,0.0,0.0,0.0,0.0,0.0,0.0,0.0,0.0,0.0,0.0,0.0,0.0,0.0,0.0,20000000.0,16.811242881518265,2013-03-01,0,0,0.4088669950738916,0.303179579041648,0.322884012539185,0.0013434841021047,12,4,2012,90,0.07507133608628358,0
Retail banking,External fraud,External event,"Jiangsu,Shandong",2014-02,1,1600000.0,1600000.0,1600000.0,1600000.0,0,0.0,2014-02-01,0.0,0.0,0.0,0.0,0.0,0.0,0.0,0.0,0.0,0.0,0.0,0.0,0.0,0.0,0.0,0.0,0.0,0.0,0.0,0.0,0.0,0.0,0.0,0.0,1600000.0,14.285514812209817,2014-05-02,0,0,0.4088669950738916,0.303179579041648,0.322884012539185,0.0004478280340349,2,1,2014,90,0.11621485886613545,0
Retail banking,External fraud,External event,"Jiangsu,Yunnan",2011-04,1,5000.0,5000.0,5000.0,5000.0,0,0.0,2011-04-01,0.0,0.0,0.0,0.0,0.0,0.0,0.0,0.0,0.0,0.0,0.0,0.0,0.0,0.0,0.0,0.0,0.0,0.0,0.0,0.0,0.0,0.0,0.0,0.0,5000.0,8.517393171418904,2011-06-30,0,0,0.4088669950738916,0.303179579041648,0.322884012539185,0.0004478280340349,4,2,2011,90,0.06413338604346186,0
Retail banking,External fraud,External event,"Jiangsu,Zhejiang",2006-07,1,180000.0,180000.0,180000.0,180000.0,0,0.0,2006-07-01,0.0,0.0,0.0,0.0,0.0,0.0,0.0,0.0,0.0,0.0,0.0,0.0,0.0,0.0,0.0,0.0,0.0,0.0,0.0,0.0,0.0,0.0,0.0,0.0,180000.0,12.100717685412471,2006-09-29,0,0,0.4088669950738916,0.303179579041648,0.322884012539185,0.0013434841021047,7,3,2006,90,0.06299192312419367,0
Retail banking,External fraud,External event,"Jiangsu,Zhejiang,Fujian,Guangdong,Guangxi",2010-10,1,2000000.0,2000000.0,2000000.0,2000000.0,0,0.0,2010-10-01,0.0,0.0,0.0,0.0,0.0,0.0,0.0,0.0,0.0,0.0,0.0,0.0,0.0,0.0,0.0,0.0,0.0,0.0,0.0,0.0,0.0,0.0,0.0,0.0,2000000.0,14.508658238524095,2010-12-30,0,0,0.4088669950738916,0.303179579041648,0.322884012539185,0.0004478280340349,10,4,2010,90,0.08322387138715959,0
Retail banking,External fraud,External event,"Jiangsu,Zhejiang,Jiangxi,Chongqing,Guizhou",2011-04,1,1000000.0,1000000.0,1000000.0,1000000.0,0,0.0,2011-04-01,0.0,0.0,0.0,0.0,0.0,0.0,0.0,0.0,0.0,0.0,0.0,0.0,0.0,0.0,0.0,0.0,0.0,0.0,0.0,0.0,0.0,0.0,0.0,0.0,1000000.0,13.815511557963774,2011-06-30,0,0,0.4088669950738916,0.303179579041648,0.322884012539185,0.0004478280340349,4,2,2011,90,0.28794902997612026,0
Retail banking,External fraud,External event,"Jiangsu,Zhejiang,Qinghai",2010-07,1,76000.0,76000.0,76000.0,76000.0,0,0.0,2010-07-01,0.0,0.0,0.0,0.0,0.0,0.0,0.0,0.0,0.0,0.0,0.0,0.0,0.0,0.0,0.0,0.0,0.0,0.0,0.0,0.0,0.0,0.0,0.0,0.0,76000.0,11.23850177707664,2010-09-29,0,0,0.4088669950738916,0.303179579041648,0.322884012539185,0.0004478280340349,7,3,2010,90,0.05615045221275152,0
Retail banking,External fraud,External event,Jiangxi,2000-11,1,500000.0,500000.0,500000.0,500000.0,0,1.0,2000-11-01,0.0,0.0,0.0,0.0,0.0,0.0,0.0,0.0,0.0,0.0,0.0,0.0,0.0,0.0,0.0,0.0,0.0,0.0,0.0,0.0,0.0,0.0,0.0,0.0,500000.0,13.122365377402328,2001-01-30,0,0,0.4088669950738916,0.303179579041648,0.322884012539185,0.0156739811912225,11,4,2000,90,0.0815995587388672,0
Retail banking,External fraud,External event,Jiangxi,2001-03,1,3800000.0,3800000.0,3800000.0,3800000.0,0,1.0,2001-03-01,1.0,500000.0,0.0,0.0,0.0,0.0,0.0,0.0,0.0,0.0,0.0,0.0,0.0,0.0,0.0,1.0,500000.0,0.0,1.0,500000.0,0.0,1.0,500000.0,0.0,3800000.0,15.150511887854474,2001-05-30,0,0,0.4088669950738916,0.303179579041648,0.322884012539185,0.0156739811912225,3,1,2001,90,0.02836798624337033,0
Retail banking,External fraud,External event,Jiangxi,2007-11,1,31944.0,31944.0,31944.0,31944.0,0,1.0,2007-11-01,1.0,3800000.0,0.0,1.0,500000.0,0.0,0.0,0.0,0.0,0.0,0.0,0.0,0.0,0.0,0.0,2.0,4300000.0,0.0,2.0,4300000.0,0.0,2.0,4300000.0,0.0,31944.0,10.371770953036444,2008-01-30,0,0,0.4088669950738916,0.303179579041648,0.322884012539185,0.0156739811912225,11,4,2007,90,0.02724968144131835,0
Retail banking,External fraud,External event,Jiangxi,2008-08,1,90000.0,90000.0,90000.0,90000.0,0,1.0,2008-08-01,1.0,31944.0,0.0,1.0,3800000.0,0.0,1.0,500000.0,0.0,0.0,0.0,0.0,0.0,0.0,0.0,3.0,4331944.0,0.0,3.0,4331944.0,0.0,3.0,4331944.0,0.0,90000.0,11.407576060361786,2008-10-30,0,0,0.4088669950738916,0.303179579041648,0.322884012539185,0.0156739811912225,8,3,2008,90,0.02419814281316483,0
Retail banking,External fraud,External event,Jiangxi,2009-03,1,12200.0,12200.0,12200.0,12200.0,0,2.0,2009-03-01,1.0,90000.0,0.0,1.0,31944.0,0.0,1.0,3800000.0,0.0,0.0,0.0,0.0,0.0,0.0,0.0,3.0,3921944.0,0.0,4.0,4421944.0,0.0,4.0,4421944.0,0.0,12200.0,9.409273194575334,2009-05-30,0,1,0.4088669950738916,0.303179579041648,0.322884012539185,0.0156739811912225,3,1,2009,90,0.03156744920438666,0
Retail banking,External fraud,External event,Jiangxi,2009-04,1,39000.0,39000.0,39000.0,39000.0,0,1.0,2009-04-01,1.0,12200.0,0.0,1.0,90000.0,0.0,1.0,31944.0,0.0,0.0,0.0,0.0,0.0,0.0,0.0,3.0,134144.0,0.0,5.0,4434144.0,0.0,5.0,4434144.0,0.0,39000.0,10.5713425658087,2009-06-30,0,1,0.4088669950738916,0.303179579041648,0.322884012539185,0.0156739811912225,4,2,2009,90,0.02984960390570468,0
Retail banking,External fraud,External event,Jiangxi,2009-05,1,59251.4,59251.4,59251.4,59251.4,0,0.0,2009-05-01,1.0,39000.0,0.0,1.0,12200.0,0.0,1.0,90000.0,0.0,1.0,500000.0,0.0,0.0,0.0,0.0,3.0,141200.0,0.0,6.0,4473144.0,0.0,6.0,4473144.0,0.0,59251.4,10.989561564506133,2009-07-30,0,1,0.4088669950738916,0.303179579041648,0.322884012539185,0.0156739811912225,5,2,2009,90,0.03455711909905753,0
Retail banking,External fraud,External event,Jiangxi,2009-06,1,180000.0,180000.0,180000.0,180000.0,0,0.0,2009-06-01,1.0,59251.4,0.0,1.0,39000.0,0.0,1.0,12200.0,0.0,1.0,3800000.0,0.0,0.0,0.0,0.0,3.0,110451.4,0.0,6.0,4032395.4,0.0,7.0,4532395.4,0.0,180000.0,12.100717685412471,2009-08-30,0,0,0.4088669950738916,0.303179579041648,0.322884012539185,0.0156739811912225,6,2,2009,90,0.03068925182815151,0
Retail banking,External fraud,External event,Jiangxi,2010-06,1,12000.0,12000.0,12000.0,12000.0,0,0.0,2010-06-01,1.0,180000.0,0.0,1.0,59251.4,0.0,1.0,39000.0,0.0,1.0,31944.0,0.0,0.0,0.0,0.0,3.0,278251.4,0.0,6.0,412395.4,0.0,8.0,4712395.4,0.0,12000.0,9.39274525863144,2010-08-30,0,0,0.4088669950738916,0.303179579041648,0.322884012539185,0.0156739811912225,6,2,2010,90,0.07149524924608408,0
Retail banking,External fraud,External event,Jiangxi,2010-10,1,16000000.0,16000000.0,16000000.0,16000000.0,1,0.0,2010-10-01,1.0,12000.0,0.0,1.0,180000.0,0.0,1.0,59251.4,0.0,1.0,90000.0,0.0,0.0,0.0,0.0,3.0,251251.4,0.0,6.0,392451.4,0.0,9.0,4724395.4,0.0,16000000.0,16.588099342704055,2010-12-30,0,1,0.4088669950738916,0.303179579041648,0.322884012539185,0.0156739811912225,10,4,2010,90,0.043546204082568214,0
Retail banking,External fraud,External event,Jiangxi,2010-12,1,800.0,800.0,800.0,800.0,0,1.0,2010-12-01,1.0,16000000.0,1.0,1.0,12000.0,0.0,1.0,180000.0,0.0,1.0,12200.0,0.0,0.0,0.0,0.0,3.0,16192000.0,1.0,6.0,16302451.4,1.0,10.0,20724395.4,1.0,800.0,6.68586094706836,2011-03-01,0,1,0.4088669950738916,0.303179579041648,0.322884012539185,0.0156739811912225,12,4,2010,90,0.0576428423396806,0
Retail banking,External fraud,External event,Jiangxi,2011-01,1,1700.0000000000002,1700.0000000000002,1700.0000000000002,1700.0000000000002,0,0.0,2011-01-01,1.0,800.0,0.0,1.0,16000000.0,1.0,1.0,12000.0,0.0,1.0,39000.0,0.0,0.0,0.0,0.0,3.0,16012800.0,1.0,6.0,16291051.4,1.0,11.0,20725195.4,1.0,1700.0000000000002,7.438971592395862,2011-04-01,0,0,0.4088669950738916,0.303179579041648,0.322884012539185,0.0156739811912225,1,1,2011,90,0.04102732090205224,0
Retail banking,External fraud,External event,"Jiangxi,Guangdong",2022-03,1,67715.0,67715.0,67715.0,67715.0,0,0.0,2022-03-01,0.0,0.0,0.0,0.0,0.0,0.0,0.0,0.0,0.0,0.0,0.0,0.0,0.0,0.0,0.0,0.0,0.0,0.0,0.0,0.0,0.0,0.0,0.0,0.0,67715.0,11.12307776775714,2022-05-30,0,0,0.4088669950738916,0.303179579041648,0.322884012539185,0.0004478280340349,3,1,2022,90,0.07032624985393691,0
Retail banking,External fraud,External event,Jilin,2006-02,1,15400.0,15400.0,15400.0,15400.0,0,0.0,2006-02-01,0.0,0.0,0.0,0.0,0.0,0.0,0.0,0.0,0.0,0.0,0.0,0.0,0.0,0.0,0.0,0.0,0.0,0.0,0.0,0.0,0.0,0.0,0.0,0.0,15400.0,9.642187721358466,2006-05-02,0,0,0.4088669950738916,0.303179579041648,0.322884012539185,0.0197044334975369,2,1,2006,90,0.09093660841002885,0
Retail banking,External fraud,External event,Jilin,2006-09,1,1270000.0,1270000.0,1270000.0,1270000.0,0,0.0,2006-09-01,1.0,15400.0,0.0,0.0,0.0,0.0,0.0,0.0,0.0,0.0,0.0,0.0,0.0,0.0,0.0,1.0,15400.0,0.0,1.0,15400.0,0.0,1.0,15400.0,0.0,1270000.0,14.05452824583604,2006-11-30,0,0,0.4088669950738916,0.303179579041648,0.322884012539185,0.0197044334975369,9,3,2006,90,0.06003649449987526,0
Retail banking,External fraud,External event,Jilin,2009-06,1,1650000.0,1650000.0,1650000.0,1650000.0,0,0.0,2009-06-01,1.0,1270000.0,0.0,1.0,15400.0,0.0,0.0,0.0,0.0,0.0,0.0,0.0,0.0,0.0,0.0,2.0,1285400.0,0.0,2.0,1285400.0,0.0,2.0,1285400.0,0.0,1650000.0,14.316286451937186,2009-08-30,0,0,0.4088669950738916,0.303179579041648,0.322884012539185,0.0197044334975369,6,2,2009,90,0.06393598596401757,0
Retail banking,External fraud,External event,Jilin,2010-02,1,56150.0,56150.0,56150.0,56150.0,0,0.0,2010-02-01,1.0,1650000.0,0.0,1.0,1270000.0,0.0,1.0,15400.0,0.0,0.0,0.0,0.0,0.0,0.0,0.0,3.0,2935400.0,0.0,3.0,2935400.0,0.0,3.0,2935400.0,0.0,56150.0,10.935799769447003,2010-05-02,0,1,0.4088669950738916,0.303179579041648,0.322884012539185,0.0197044334975369,2,1,2010,90,0.024112735734236185,0
Retail banking,External fraud,External event,Jilin,2010-04,1,500000.0,500000.0,500000.0,500000.0,0,0.0,2010-04-01,1.0,56150.0,0.0,1.0,1650000.0,0.0,1.0,1270000.0,0.0,0.0,0.0,0.0,0.0,0.0,0.0,3.0,2976150.0,0.0,4.0,2991550.0,0.0,4.0,2991550.0,0.0,500000.0,13.122365377402328,2010-06-30,0,0,0.4088669950738916,0.303179579041648,0.322884012539185,0.0197044334975369,4,2,2010,90,0.05754141933955028,0
Retail banking,External fraud,External event,Jilin,2011-01,1,50000.0,50000.0,50000.0,50000.0,0,0.0,2011-01-01,1.0,500000.0,0.0,1.0,56150.0,0.0,1.0,1650000.0,0.0,0.0,0.0,0.0,0.0,0.0,0.0,3.0,2206150.0,0.0,5.0,3491550.0,0.0,5.0,3491550.0,0.0,50000.0,10.819798284210286,2011-04-01,0,0,0.4088669950738916,0.303179579041648,0.322884012539185,0.0197044334975369,1,1,2011,90,0.039379533495942746,0
Retail banking,External fraud,External event,Jilin,2014-01,1,20000000.0,20000000.0,20000000.0,20000000.0,1,1.0,2014-01-01,1.0,50000.0,0.0,1.0,500000.0,0.0,1.0,56150.0,0.0,1.0,15400.0,0.0,0.0,0.0,0.0,3.0,606150.0,0.0,6.0,3541550.0,0.0,6.0,3541550.0,0.0,20000000.0,16.811242881518265,2014-04-01,0,0,0.4088669950738916,0.303179579041648,0.322884012539185,0.0197044334975369,1,1,2014,90,0.06670404083908023,0
Retail banking,External fraud,External event,"Jilin,Guangxi,Chongqing,Sichuan,Guizhou",2011-04,1,250000.0,250000.0,250000.0,250000.0,0,0.0,2011-04-01,0.0,0.0,0.0,0.0,0.0,0.0,0.0,0.0,0.0,0.0,0.0,0.0,0.0,0.0,0.0,0.0,0.0,0.0,0.0,0.0,0.0,0.0,0.0,0.0,250000.0,12.429220196836384,2011-06-30,0,0,0.4088669950738916,0.303179579041648,0.322884012539185,0.0004478280340349,4,2,2011,90,0.0694128515208901,0
Retail banking,External fraud,External event,"Jilin,Heilongjiang",2011-01,1,21000.0,21000.0,21000.0,21000.0,0,1.0,2011-01-01,0.0,0.0,0.0,0.0,0.0,0.0,0.0,0.0,0.0,0.0,0.0,0.0,0.0,0.0,0.0,0.0,0.0,0.0,0.0,0.0,0.0,0.0,0.0,0.0,21000.0,9.952325334619427,2011-04-01,0,0,0.4088669950738916,0.303179579041648,0.322884012539185,0.0004478280340349,1,1,2011,90,0.06870601472286406,0
Retail banking,External fraud,External event,"Jilin,Jiangsu,Hubei,Hunan,Sichuan",2010-11,1,120000.0,120000.0,120000.0,120000.0,0,1.0,2010-11-01,0.0,0.0,0.0,0.0,0.0,0.0,0.0,0.0,0.0,0.0,0.0,0.0,0.0,0.0,0.0,0.0,0.0,0.0,0.0,0.0,0.0,0.0,0.0,0.0,120000.0,11.695255355062796,2011-01-30,0,0,0.4088669950738916,0.303179579041648,0.322884012539185,0.0004478280340349,11,4,2010,90,0.04304387829964237,0
Retail banking,External fraud,External event,Liaoning,2000-08,1,640000.0,640000.0,640000.0,640000.0,0,1.0,2000-08-01,0.0,0.0,0.0,0.0,0.0,0.0,0.0,0.0,0.0,0.0,0.0,0.0,0.0,0.0,0.0,0.0,0.0,0.0,0.0,0.0,0.0,0.0,0.0,0.0,640000.0,13.369225017834632,2000-10-30,0,0,0.4088669950738916,0.303179579041648,0.322884012539185,0.0291088222122704,8,3,2000,90,0.055569676026453685,0
Retail banking,External fraud,External event,Liaoning,2002-06,1,22700000.0,22700000.0,22700000.0,22700000.0,1,4.0,2002-06-01,1.0,640000.0,0.0,0.0,0.0,0.0,0.0,0.0,0.0,0.0,0.0,0.0,0.0,0.0,0.0,1.0,640000.0,0.0,1.0,640000.0,0.0,1.0,640000.0,0.0,22700000.0,16.937875526504495,2002-08-30,0,0,0.4088669950738916,0.303179579041648,0.322884012539185,0.0291088222122704,6,2,2002,90,0.024646099829653854,0
Retail banking,External fraud,External event,Liaoning,2003-04,1,100000.0,100000.0,100000.0,100000.0,0,1.0,2003-04-01,1.0,22700000.0,1.0,1.0,640000.0,0.0,0.0,0.0,0.0,0.0,0.0,0.0,0.0,0.0,0.0,2.0,23340000.0,1.0,2.0,23340000.0,1.0,2.0,23340000.0,1.0,100000.0,11.51293546492023,2003-06-30,0,0,0.4088669950738916,0.303179579041648,0.322884012539185,0.0291088222122704,4,2,2003,90,0.04153062207911382,0
Retail banking,External fraud,External event,Liaoning,2004-03,1,60000.0,60000.0,60000.0,60000.0,0,0.0,2004-03-01,1.0,100000.0,0.0,1.0,22700000.0,1.0,1.0,640000.0,0.0,0.0,0.0,0.0,0.0,0.0,0.0,3.0,23440000.0,1.0,3.0,23440000.0,1.0,3.0,23440000.0,1.0,60000.0,11.002116507732016,2004-05-30,0,0,0.4088669950738916,0.303179579041648,0.322884012539185,0.0291088222122704,3,1,2004,90,0.018439263495773708,0
Retail banking,External fraud,External event,Liaoning,2006-01,1,250000.0,250000.0,250000.0,250000.0,0,0.0,2006-01-01,1.0,60000.0,0.0,1.0,100000.0,0.0,1.0,22700000.0,1.0,0.0,0.0,0.0,0.0,0.0,0.0,3.0,22860000.0,1.0,4.0,23500000.0,1.0,4.0,23500000.0,1.0,250000.0,12.429220196836384,2006-04-01,0,0,0.4088669950738916,0.303179579041648,0.322884012539185,0.0291088222122704,1,1,2006,90,0.03511454724351538,0
Retail banking,External fraud,External event,Liaoning,2007-01,1,1000000.0,1000000.0,1000000.0,1000000.0,0,2.0,2007-01-01,1.0,250000.0,0.0,1.0,60000.0,0.0,1.0,100000.0,0.0,0.0,0.0,0.0,0.0,0.0,0.0,3.0,410000.0,0.0,5.0,23750000.0,1.0,5.0,23750000.0,1.0,1000000.0,13.815511557963774,2007-04-01,0,0,0.4088669950738916,0.303179579041648,0.322884012539185,0.0291088222122704,1,1,2007,90,0.1340638688248496,0
Retail banking,External fraud,External event,Liaoning,2007-05,1,31000000.0,31000000.0,31000000.0,31000000.0,1,0.0,2007-05-01,1.0,1000000.0,0.0,1.0,250000.0,0.0,1.0,60000.0,0.0,1.0,640000.0,0.0,0.0,0.0,0.0,3.0,1310000.0,0.0,6.0,24750000.0,1.0,6.0,24750000.0,1.0,31000000.0,17.249497794707484,2007-07-30,0,0,0.4088669950738916,0.303179579041648,0.322884012539185,0.0291088222122704,5,2,2007,90,0.118408873070244,0
Retail banking,External fraud,External event,Liaoning,2007-12,1,8000000.0,8000000.0,8000000.0,8000000.0,0,0.0,2007-12-01,1.0,31000000.0,1.0,1.0,1000000.0,0.0,1.0,250000.0,0.0,1.0,22700000.0,1.0,0.0,0.0,0.0,3.0,32250000.0,1.0,6.0,55110000.0,2.0,7.0,55750000.0,2.0,8000000.0,15.894952224644102,2008-02-29,0,0,0.4088669950738916,0.303179579041648,0.322884012539185,0.0291088222122704,12,4,2007,90,0.2043061454493925,0
Retail banking,External fraud,External event,Liaoning,2008-07,1,7999999.0,7999999.0,7999999.0,7999999.0,0,0.0,2008-07-01,1.0,8000000.0,0.0,1.0,31000000.0,1.0,1.0,1000000.0,0.0,1.0,100000.0,0.0,0.0,0.0,0.0,3.0,40000000.0,1.0,6.0,40410000.0,1.0,8.0,63750000.0,2.0,7999999.0,15.89495209964411,2008-09-29,0,0,0.4088669950738916,0.303179579041648,0.322884012539185,0.0291088222122704,7,3,2008,90,0.18304390320760355,0
Retail banking,External fraud,External event,Liaoning,2008-12,1,250000.0,250000.0,250000.0,250000.0,0,0.0,2008-12-01,1.0,7999999.0,0.0,1.0,8000000.0,0.0,1.0,31000000.0,1.0,1.0,60000.0,0.0,0.0,0.0,0.0,3.0,46999999.0,1.0,6.0,48309999.0,1.0,9.0,71749999.0,2.0,250000.0,12.429220196836384,2009-03-01,0,1,0.4088669950738916,0.303179579041648,0.322884012539185,0.0291088222122704,12,4,2008,90,0.03584707968587635,0
Retail banking,External fraud,External event,Liaoning,2009-03,1,89900.0,89900.0,89900.0,89900.0,0,0.0,2009-03-01,1.0,250000.0,0.0,1.0,7999999.0,0.0,1.0,8000000.0,0.0,1.0,250000.0,0.0,0.0,0.0,0.0,3.0,16249999.0,0.0,6.0,48499999.0,1.0,10.0,71999999.0,2.0,89900.0,11.40646434386837,2009-05-30,0,0,0.4088669950738916,0.303179579041648,0.322884012539185,0.0291088222122704,3,1,2009,90,0.030556454837937057,0
Retail banking,External fraud,External event,Liaoning,2010-06,1,57699.99999999999,57699.99999999999,57699.99999999999,57699.99999999999,0,0.0,2010-06-01,1.0,89900.0,0.0,1.0,250000.0,0.0,1.0,7999999.0,0.0,1.0,1000000.0,0.0,0.0,0.0,0.0,3.0,8339899.0,0.0,6.0,48339899.0,1.0,11.0,72089899.0,2.0,57699.99999999999,10.96302978336854,2010-08-30,0,0,0.4088669950738916,0.303179579041648,0.322884012539185,0.0291088222122704,6,2,2010,90,0.017043982314331057,0
Retail banking,External fraud,External event,Liaoning,2011-10,1,9964.11,9964.11,9964.11,9964.11,0,0.0,2011-10-01,1.0,57699.99999999999,0.0,1.0,89900.0,0.0,1.0,250000.0,0.0,1.0,31000000.0,1.0,1.0,640000.0,0.0,3.0,397600.0,0.0,6.0,47397599.0,1.0,12.0,72147599.0,2.0,9964.11,9.206845271221193,2011-12-30,0,0,0.4088669950738916,0.303179579041648,0.322884012539185,0.0291088222122704,10,4,2011,90,0.08316704811019801,0
Retail banking,External fraud,External event,"Liaoning,Henan,Hunan,Sichuan",2019-08,1,512785.0,512785.0,512785.0,512785.0,0,5.0,2019-08-01,0.0,0.0,0.0,0.0,0.0,0.0,0.0,0.0,0.0,0.0,0.0,0.0,0.0,0.0,0.0,0.0,0.0,0.0,0.0,0.0,0.0,0.0,0.0,0.0,512785.0,13.147613883123872,2019-10-30,0,0,0.4088669950738916,0.303179579041648,0.322884012539185,0.0004478280340349,8,3,2019,90,0.053080024931240644,0
Retail banking,External fraud,External event,Qinghai,2007-04,1,150000.0,150000.0,150000.0,150000.0,0,1.0,2007-04-01,0.0,0.0,0.0,0.0,0.0,0.0,0.0,0.0,0.0,0.0,0.0,0.0,0.0,0.0,0.0,0.0,0.0,0.0,0.0,0.0,0.0,0.0,0.0,0.0,150000.0,11.918397239722838,2007-06-30,0,0,0.4088669950738916,0.303179579041648,0.322884012539185,0.0049261083743842,4,2,2007,90,0.0379362094967993,0
Retail banking,External fraud,External event,Qinghai,2010-05,1,10000.0,10000.0,10000.0,10000.0,0,0.0,2010-05-01,1.0,150000.0,0.0,0.0,0.0,0.0,0.0,0.0,0.0,0.0,0.0,0.0,0.0,0.0,0.0,1.0,150000.0,0.0,1.0,150000.0,0.0,1.0,150000.0,0.0,10000.0,9.210440366976515,2010-07-30,0,0,0.4088669950738916,0.303179579041648,0.322884012539185,0.0049261083743842,5,2,2010,90,0.03595442980159601,0
Retail banking,External fraud,External event,Qinghai,2010-08,1,7500.0,7500.0,7500.0,7500.0,0,1.0,2010-08-01,1.0,10000.0,0.0,1.0,150000.0,0.0,0.0,0.0,0.0,0.0,0.0,0.0,0.0,0.0,0.0,2.0,160000.0,0.0,2.0,160000.0,0.0,2.0,160000.0,0.0,7500.0,8.922791623969637,2010-10-30,0,0,0.4088669950738916,0.303179579041648,0.322884012539185,0.0049261083743842,8,3,2010,90,0.04911228304279868,0
Retail banking,External fraud,External event,Shaanxi,2000-02,1,40000.0,40000.0,40000.0,40000.0,0,1.0,2000-02-01,0.0,0.0,0.0,0.0,0.0,0.0,0.0,0.0,0.0,0.0,0.0,0.0,0.0,0.0,0.0,0.0,0.0,0.0,0.0,0.0,0.0,0.0,0.0,0.0,40000.0,10.59665973278358,2000-05-01,0,0,0.4088669950738916,0.303179579041648,0.322884012539185,0.0237348858038513,2,1,2000,90,0.08546908999088747,0
Retail banking,External fraud,External event,Shaanxi,2001-12,1,240000.0,240000.0,240000.0,240000.0,0,1.0,2001-12-01,1.0,40000.0,0.0,0.0,0.0,0.0,0.0,0.0,0.0,0.0,0.0,0.0,0.0,0.0,0.0,1.0,40000.0,0.0,1.0,40000.0,0.0,1.0,40000.0,0.0,240000.0,12.388398368982116,2002-03-01,0,0,0.4088669950738916,0.303179579041648,0.322884012539185,0.0237348858038513,12,4,2001,90,0.024867792925257384,0
Retail banking,External fraud,External event,Shaanxi,2005-08,1,397000.0,397000.0,397000.0,397000.0,0,1.0,2005-08-01,1.0,240000.0,0.0,1.0,40000.0,0.0,0.0,0.0,0.0,0.0,0.0,0.0,0.0,0.0,0.0,2.0,280000.0,0.0,2.0,280000.0,0.0,2.0,280000.0,0.0,397000.0,12.891694078557842,2005-10-30,0,1,0.4088669950738916,0.303179579041648,0.322884012539185,0.0237348858038513,8,3,2005,90,0.03323360212802368,0
Retail banking,External fraud,External event,Shaanxi,2005-10,1,370000.0,370000.0,370000.0,370000.0,0,7.0,2005-10-01,1.0,397000.0,0.0,1.0,240000.0,0.0,1.0,40000.0,0.0,0.0,0.0,0.0,0.0,0.0,0.0,3.0,677000.0,0.0,3.0,677000.0,0.0,3.0,677000.0,0.0,370000.0,12.821260987319455,2005-12-30,0,0,0.4088669950738916,0.303179579041648,0.322884012539185,0.0237348858038513,10,4,2005,90,0.036550888243919374,0
Retail banking,External fraud,External event,Shaanxi,2006-12,1,100000.0,100000.0,100000.0,100000.0,0,0.0,2006-12-01,1.0,370000.0,0.0,1.0,397000.0,0.0,1.0,240000.0,0.0,0.0,0.0,0.0,0.0,0.0,0.0,3.0,1007000.0,0.0,4.0,1047000.0,0.0,4.0,1047000.0,0.0,100000.0,11.51293546492023,2007-03-01,0,1,0.4088669950738916,0.303179579041648,0.322884012539185,0.0237348858038513,12,4,2006,90,0.07428413616289818,0
Retail banking,External fraud,External event,Shaanxi,2007-01,1,603500.0,603500.0,603500.0,603500.0,0,1.0,2007-01-01,1.0,100000.0,0.0,1.0,370000.0,0.0,1.0,397000.0,0.0,0.0,0.0,0.0,0.0,0.0,0.0,3.0,867000.0,0.0,5.0,1147000.0,0.0,5.0,1147000.0,0.0,603500.0,13.31050297651918,2007-04-01,0,1,0.4088669950738916,0.303179579041648,0.322884012539185,0.0237348858038513,1,1,2007,90,0.05826733433512963,0
Retail banking,External fraud,External event,Shaanxi,2007-04,1,56000.0,56000.0,56000.0,56000.0,0,1.0,2007-04-01,1.0,603500.0,0.0,1.0,100000.0,0.0,1.0,370000.0,0.0,1.0,40000.0,0.0,0.0,0.0,0.0,3.0,1073500.0,0.0,6.0,1750500.0,0.0,6.0,1750500.0,0.0,56000.0,10.933124826700707,2007-06-30,0,0,0.4088669950738916,0.303179579041648,0.322884012539185,0.0237348858038513,4,2,2007,90,0.024866079278100413,0
Retail banking,External fraud,External event,Shaanxi,2007-09,1,23060.0,23060.0,23060.0,23060.0,0,1.0,2007-09-01,1.0,56000.0,0.0,1.0,603500.0,0.0,1.0,100000.0,0.0,1.0,240000.0,0.0,0.0,0.0,0.0,3.0,759500.0,0.0,6.0,1766500.0,0.0,7.0,1806500.0,0.0,23060.0,10.04589815801724,2007-11-30,0,0,0.4088669950738916,0.303179579041648,0.322884012539185,0.0237348858038513,9,3,2007,90,0.02733498519811802,0
Retail banking,External fraud,External event,Shaanxi,2008-12,1,274960.0,274960.0,274960.0,274960.0,0,1.0,2008-12-01,1.0,23060.0,0.0,1.0,56000.0,0.0,1.0,603500.0,0.0,1.0,397000.0,0.0,0.0,0.0,0.0,3.0,682560.0,0.0,6.0,1549560.0,0.0,8.0,1829560.0,0.0,274960.0,12.52438454840974,2009-03-01,0,1,0.4088669950738916,0.303179579041648,0.322884012539185,0.0237348858038513,12,4,2008,90,0.04849250706210159,0
Retail banking,External fraud,External event,Shaanxi,2009-03,1,110000.0,110000.0,110000.0,110000.0,0,1.0,2009-03-01,1.0,274960.0,0.0,1.0,23060.0,0.0,1.0,56000.0,0.0,1.0,370000.0,0.0,0.0,0.0,0.0,3.0,354020.0,0.0,6.0,1427520.0,0.0,9.0,2104520.0,0.0,110000.0,11.60824473564232,2009-05-30,0,0,0.4088669950738916,0.303179579041648,0.322884012539185,0.0237348858038513,3,1,2009,90,0.02784577114888367,0
Retail banking,External fraud,External event,Shaanxi,2012-07,1,1800000.0,1800000.0,1800000.0,1800000.0,0,1.0,2012-07-01,1.0,110000.0,0.0,1.0,274960.0,0.0,1.0,23060.0,0.0,1.0,100000.0,0.0,0.0,0.0,0.0,3.0,408020.0,0.0,6.0,1167520.0,0.0,10.0,2214520.0,0.0,1800000.0,14.403297778421797,2012-09-29,0,0,0.4088669950738916,0.303179579041648,0.322884012539185,0.0237348858038513,7,3,2012,90,0.06677241997283904,0
Retail banking,External fraud,External event,Shandong,2005-07,1,20000.0,20000.0,20000.0,20000.0,0,1.0,2005-07-01,0.0,0.0,0.0,0.0,0.0,0.0,0.0,0.0,0.0,0.0,0.0,0.0,0.0,0.0,0.0,0.0,0.0,0.0,0.0,0.0,0.0,0.0,0.0,0.0,20000.0,9.90353755128617,2005-09-29,0,0,0.4088669950738916,0.303179579041648,0.322884012539185,0.0501567398119122,7,3,2005,90,0.03762492052313784,0
Retail banking,External fraud,External event,Shandong,2006-04,1,850000.0,850000.0,850000.0,850000.0,0,1.0,2006-04-01,1.0,20000.0,0.0,0.0,0.0,0.0,0.0,0.0,0.0,0.0,0.0,0.0,0.0,0.0,0.0,1.0,20000.0,0.0,1.0,20000.0,0.0,1.0,20000.0,0.0,850000.0,13.652992804936396,2006-06-30,0,0,0.4088669950738916,0.303179579041648,0.322884012539185,0.0501567398119122,4,2,2006,90,0.027408209941039333,0
Retail banking,External fraud,External event,Shandong,2006-09,1,12700.0,12700.0,12700.0,12700.0,0,0.0,2006-09-01,1.0,850000.0,0.0,1.0,20000.0,0.0,0.0,0.0,0.0,0.0,0.0,0.0,0.0,0.0,0.0,2.0,870000.0,0.0,2.0,870000.0,0.0,2.0,870000.0,0.0,12700.0,9.44943600950432,2006-11-30,0,0,0.4088669950738916,0.303179579041648,0.322884012539185,0.0501567398119122,9,3,2006,90,0.04417509236944254,0
Retail banking,External fraud,External event,Shandong,2007-10,1,66000.0,66000.0,66000.0,66000.0,0,1.0,2007-10-01,1.0,12700.0,0.0,1.0,850000.0,0.0,1.0,20000.0,0.0,0.0,0.0,0.0,0.0,0.0,0.0,3.0,882700.0,0.0,3.0,882700.0,0.0,3.0,882700.0,0.0,66000.0,11.097425172408933,2007-12-30,0,1,0.4088669950738916,0.303179579041648,0.322884012539185,0.0501567398119122,10,4,2007,90,0.04035950207046268,0
Retail banking,External fraud,External event,Shandong,2007-12,1,150000.0,150000.0,150000.0,150000.0,0,2.0,2007-12-01,1.0,66000.0,0.0,1.0,12700.0,0.0,1.0,850000.0,0.0,0.0,0.0,0.0,0.0,0.0,0.0,3.0,928700.0,0.0,4.0,948700.0,0.0,4.0,948700.0,0.0,150000.0,11.918397239722838,2008-02-29,0,0,0.4088669950738916,0.303179579041648,0.322884012539185,0.0501567398119122,12,4,2007,90,0.03678213954935029,0
Retail banking,External fraud,External event,Shandong,2008-06,1,53097.73,53097.73,53097.73,53097.73,0,3.0,2008-06-01,1.0,150000.0,0.0,1.0,66000.0,0.0,1.0,12700.0,0.0,0.0,0.0,0.0,0.0,0.0,0.0,3.0,228700.0,0.0,5.0,1098700.0,0.0,5.0,1098700.0,0.0,53097.73,10.879908289806536,2008-08-30,0,1,0.4088669950738916,0.303179579041648,0.322884012539185,0.0501567398119122,6,2,2008,90,0.04090761978841237,0
Retail banking,External fraud,External event,Shandong,2008-08,1,110000.0,110000.0,110000.0,110000.0,0,0.0,2008-08-01,1.0,53097.73,0.0,1.0,150000.0,0.0,1.0,66000.0,0.0,1.0,20000.0,0.0,0.0,0.0,0.0,3.0,269097.73,0.0,6.0,1151797.73,0.0,6.0,1151797.73,0.0,110000.0,11.60824473564232,2008-10-30,0,0,0.4088669950738916,0.303179579041648,0.322884012539185,0.0501567398119122,8,3,2008,90,0.04452886499626833,0
Retail banking,External fraud,External event,Shandong,2008-11,1,15000.0,15000.0,15000.0,15000.0,0,0.0,2008-11-01,1.0,110000.0,0.0,1.0,53097.73,0.0,1.0,150000.0,0.0,1.0,850000.0,0.0,0.0,0.0,0.0,3.0,313097.73,0.0,6.0,1241797.73,0.0,7.0,1261797.73,0.0,15000.0,9.61587214452889,2009-01-30,0,1,0.4088669950738916,0.303179579041648,0.322884012539185,0.0501567398119122,11,4,2008,90,0.0875801698729747,0
Retail banking,External fraud,External event,Shandong,2008-12,1,1520000.0,1520000.0,1520000.0,1520000.0,0,0.0,2008-12-01,1.0,15000.0,0.0,1.0,110000.0,0.0,1.0,53097.73,0.0,1.0,12700.0,0.0,0.0,0.0,0.0,3.0,178097.72999999998,0.0,6.0,406797.73,0.0,8.0,1276797.73,0.0,1520000.0,14.23422155071698,2009-03-01,0,1,0.4088669950738916,0.303179579041648,0.322884012539185,0.0501567398119122,12,4,2008,90,0.05811741549309877,0
Retail banking,External fraud,External event,Shandong,2009-01,1,140000.0,140000.0,140000.0,140000.0,0,1.0,2009-01-01,1.0,1520000.0,0.0,1.0,15000.0,0.0,1.0,110000.0,0.0,1.0,66000.0,0.0,0.0,0.0,0.0,3.0,1645000.0,0.0,6.0,1914097.73,0.0,9.0,2796797.73,0.0,140000.0,11.849404844423074,2009-04-01,0,1,0.4088669950738916,0.303179579041648,0.322884012539185,0.0501567398119122,1,1,2009,90,0.03181862754701552,0
Retail banking,External fraud,External event,Shandong,2009-03,1,700000.0,700000.0,700000.0,700000.0,0,2.0,2009-03-01,1.0,140000.0,0.0,1.0,1520000.0,0.0,1.0,15000.0,0.0,1.0,150000.0,0.0,0.0,0.0,0.0,3.0,1675000.0,0.0,6.0,1988097.73,0.0,10.0,2936797.73,0.0,700000.0,13.45883704259595,2009-05-30,0,1,0.4088669950738916,0.303179579041648,0.322884012539185,0.0501567398119122,3,1,2009,90,0.052415528424440506,0
Retail banking,External fraud,External event,Shandong,2009-05,1,71000.0,71000.0,71000.0,71000.0,0,0.0,2009-05-01,1.0,700000.0,0.0,1.0,140000.0,0.0,1.0,1520000.0,0.0,1.0,53097.73,0.0,0.0,0.0,0.0,3.0,2360000.0,0.0,6.0,2538097.73,0.0,11.0,3636797.73,0.0,71000.0,11.170449240431308,2009-07-30,0,0,0.4088669950738916,0.303179579041648,0.322884012539185,0.0501567398119122,5,2,2009,90,0.03710797890627122,0
Retail banking,External fraud,External event,Shandong,2009-11,1,50000.0,50000.0,50000.0,50000.0,0,0.0,2009-11-01,1.0,71000.0,0.0,1.0,700000.0,0.0,1.0,140000.0,0.0,1.0,110000.0,0.0,1.0,20000.0,0.0,3.0,911000.0,0.0,6.0,2556000.0,0.0,12.0,3707797.73,0.0,50000.0,10.819798284210286,2010-01-30,0,0,0.4088669950738916,0.303179579041648,0.322884012539185,0.0501567398119122,11,4,2009,90,0.0375007557011033,0
Retail banking,External fraud,External event,Shandong,2010-04,1,17850000.0,17850000.0,17850000.0,17850000.0,1,0.0,2010-04-01,1.0,50000.0,0.0,1.0,71000.0,0.0,1.0,700000.0,0.0,1.0,15000.0,0.0,1.0,850000.0,0.0,3.0,821000.0,0.0,6.0,2496000.0,0.0,12.0,3737797.73,0.0,17850000.0,16.69751412221233,2010-06-30,0,1,0.4088669950738916,0.303179579041648,0.322884012539185,0.0501567398119122,4,2,2010,90,0.0554166684177688,0
Retail banking,External fraud,External event,Shandong,2010-05,1,228000.0,228000.0,228000.0,228000.0,0,0.0,2010-05-01,1.0,17850000.0,1.0,1.0,50000.0,0.0,1.0,71000.0,0.0,1.0,1520000.0,0.0,1.0,12700.0,0.0,3.0,17971000.0,1.0,6.0,20331000.0,1.0,12.0,20737797.73,1.0,228000.0,12.337105293891872,2010-07-30,0,0,0.4088669950738916,0.303179579041648,0.322884012539185,0.0501567398119122,5,2,2010,90,0.03172517066909397,0
Retail banking,External fraud,External event,Shandong,2010-11,1,900000.0,900000.0,900000.0,900000.0,0,1.0,2010-11-01,1.0,228000.0,0.0,1.0,17850000.0,1.0,1.0,50000.0,0.0,1.0,140000.0,0.0,1.0,66000.0,0.0,3.0,18128000.0,1.0,6.0,19039000.0,1.0,12.0,20953097.73,1.0,900000.0,13.71015115341694,2011-01-30,0,0,0.4088669950738916,0.303179579041648,0.322884012539185,0.0501567398119122,11,4,2010,90,0.0828077550486984,0
Retail banking,External fraud,External event,Shandong,2014-01,1,950000.0,950000.0,950000.0,950000.0,0,0.0,2014-01-01,1.0,900000.0,0.0,1.0,228000.0,0.0,1.0,17850000.0,1.0,1.0,700000.0,0.0,1.0,150000.0,0.0,3.0,18978000.0,1.0,6.0,19799000.0,1.0,12.0,21787097.73,1.0,950000.0,13.76421831620775,2014-04-01,0,0,0.4088669950738916,0.303179579041648,0.322884012539185,0.0501567398119122,1,1,2014,90,0.12389165258192385,0
Retail banking,External fraud,External event,Shandong,2015-09,1,20000000.0,20000000.0,20000000.0,20000000.0,1,1.0,2015-09-01,1.0,950000.0,0.0,1.0,900000.0,0.0,1.0,228000.0,0.0,1.0,71000.0,0.0,1.0,53097.73,0.0,3.0,2078000.0,0.0,6.0,20049000.0,1.0,12.0,22587097.73,1.0,20000000.0,16.811242881518265,2015-11-30,0,0,0.4088669950738916,0.303179579041648,0.322884012539185,0.0501567398119122,9,3,2015,90,0.1307909558362657,0
Retail banking,External fraud,External event,Shandong,2016-06,1,5000.0,5000.0,5000.0,5000.0,0,0.0,2016-06-01,1.0,20000000.0,1.0,1.0,950000.0,0.0,1.0,900000.0,0.0,1.0,50000.0,0.0,1.0,110000.0,0.0,3.0,21850000.0,1.0,6.0,39978000.0,2.0,12.0,42534000.0,2.0,5000.0,8.517393171418904,2016-08-30,0,0,0.4088669950738916,0.303179579041648,0.322884012539185,0.0501567398119122,6,2,2016,90,0.05667658360642103,0
Retail banking,External fraud,External event,Shandong,2018-10,1,24000000.0,24000000.0,24000000.0,24000000.0,1,1.0,2018-10-01,1.0,5000.0,0.0,1.0,20000000.0,1.0,1.0,950000.0,0.0,1.0,17850000.0,1.0,1.0,15000.0,0.0,3.0,20955000.0,1.0,6.0,39933000.0,2.0,12.0,42429000.0,2.0,24000000.0,16.993564429978885,2018-12-30,0,0,0.4088669950738916,0.303179579041648,0.322884012539185,0.0501567398119122,10,4,2018,90,0.16881744148734223,0
Retail banking,External fraud,External event,"Shandong,Shaanxi",2010-04,1,300000.0,300000.0,300000.0,300000.0,0,0.0,2010-04-01,0.0,0.0,0.0,0.0,0.0,0.0,0.0,0.0,0.0,0.0,0.0,0.0,0.0,0.0,0.0,0.0,0.0,0.0,0.0,0.0,0.0,0.0,0.0,0.0,300000.0,12.611541086966117,2010-06-30,0,0,0.4088669950738916,0.303179579041648,0.322884012539185,0.0004478280340349,4,2,2010,90,0.0694128515208901,0
Retail banking,External fraud,External event,Shanghai,2002-04,1,1160000.0,1160000.0,1160000.0,1160000.0,0,8.0,2002-04-01,0.0,0.0,0.0,0.0,0.0,0.0,0.0,0.0,0.0,0.0,0.0,0.0,0.0,0.0,0.0,0.0,0.0,0.0,0.0,0.0,0.0,0.0,0.0,0.0,1160000.0,13.96393142515114,2002-06-30,0,0,0.4088669950738916,0.303179579041648,0.322884012539185,0.0452306314375279,4,2,2002,90,0.08310815816507161,0
Retail banking,External fraud,External event,Shanghai,2003-08,1,410000.0,410000.0,410000.0,410000.0,0,0.0,2003-08-01,1.0,1160000.0,0.0,0.0,0.0,0.0,0.0,0.0,0.0,0.0,0.0,0.0,0.0,0.0,0.0,1.0,1160000.0,0.0,1.0,1160000.0,0.0,1.0,1160000.0,0.0,410000.0,12.923914877701906,2003-10-30,0,1,0.4088669950738916,0.303179579041648,0.322884012539185,0.0452306314375279,8,3,2003,90,0.03909840023882787,0
Retail banking,External fraud,External event,Shanghai,2003-10,1,60000.0,60000.0,60000.0,60000.0,0,1.0,2003-10-01,1.0,410000.0,0.0,1.0,1160000.0,0.0,0.0,0.0,0.0,0.0,0.0,0.0,0.0,0.0,0.0,2.0,1570000.0,0.0,2.0,1570000.0,0.0,2.0,1570000.0,0.0,60000.0,11.002116507732016,2003-12-30,0,0,0.4088669950738916,0.303179579041648,0.322884012539185,0.0452306314375279,10,4,2003,90,0.03773322597963168,0
Retail banking,External fraud,External event,Shanghai,2005-08,1,154750.0,154750.0,154750.0,154750.0,0,7.0,2005-08-01,1.0,60000.0,0.0,1.0,410000.0,0.0,1.0,1160000.0,0.0,0.0,0.0,0.0,0.0,0.0,0.0,3.0,1630000.0,0.0,3.0,1630000.0,0.0,3.0,1630000.0,0.0,154750.0,11.949572652561503,2005-10-30,0,0,0.4088669950738916,0.303179579041648,0.322884012539185,0.0452306314375279,8,3,2005,90,0.02695696466754799,0
Retail banking,External fraud,External event,Shanghai,2006-02,1,110000.0,110000.0,110000.0,110000.0,0,1.0,2006-02-01,1.0,154750.0,0.0,1.0,60000.0,0.0,1.0,410000.0,0.0,0.0,0.0,0.0,0.0,0.0,0.0,3.0,624750.0,0.0,4.0,1784750.0,0.0,4.0,1784750.0,0.0,110000.0,11.60824473564232,2006-05-02,0,0,0.4088669950738916,0.303179579041648,0.322884012539185,0.0452306314375279,2,1,2006,90,0.04488048456857739,0
Retail banking,External fraud,External event,Shanghai,2007-01,1,78000.0,78000.0,78000.0,78000.0,0,0.0,2007-01-01,1.0,110000.0,0.0,1.0,154750.0,0.0,1.0,60000.0,0.0,0.0,0.0,0.0,0.0,0.0,0.0,3.0,324750.0,0.0,5.0,1894750.0,0.0,5.0,1894750.0,0.0,78000.0,11.264476926102368,2007-04-01,0,1,0.4088669950738916,0.303179579041648,0.322884012539185,0.0452306314375279,1,1,2007,90,0.07178899557430687,0
Retail banking,External fraud,External event,Shanghai,2007-03,1,160000.0,160000.0,160000.0,160000.0,0,1.0,2007-03-01,1.0,78000.0,0.0,1.0,110000.0,0.0,1.0,154750.0,0.0,1.0,1160000.0,0.0,0.0,0.0,0.0,3.0,342750.0,0.0,6.0,1972750.0,0.0,6.0,1972750.0,0.0,160000.0,11.982935344196433,2007-05-30,0,0,0.4088669950738916,0.303179579041648,0.322884012539185,0.0452306314375279,3,1,2007,90,0.029495034400644392,0
Retail banking,External fraud,External event,Shanghai,2007-08,1,190000.0,190000.0,190000.0,190000.0,0,1.0,2007-08-01,1.0,160000.0,0.0,1.0,78000.0,0.0,1.0,110000.0,0.0,1.0,410000.0,0.0,0.0,0.0,0.0,3.0,348000.0,0.0,6.0,972750.0,0.0,7.0,2132750.0,0.0,190000.0,12.154784614286667,2007-10-30,0,0,0.4088669950738916,0.303179579041648,0.322884012539185,0.0452306314375279,8,3,2007,90,0.030357193885651158,0
Retail banking,External fraud,External event,Shanghai,2008-08,1,750000.0,750000.0,750000.0,750000.0,0,0.0,2008-08-01,1.0,190000.0,0.0,1.0,160000.0,0.0,1.0,78000.0,0.0,1.0,60000.0,0.0,0.0,0.0,0.0,3.0,428000.0,0.0,6.0,752750.0,0.0,8.0,2322750.0,0.0,750000.0,13.527829818844936,2008-10-30,0,0,0.4088669950738916,0.303179579041648,0.322884012539185,0.0452306314375279,8,3,2008,90,0.046240733908997085,0
Retail banking,External fraud,External event,Shanghai,2009-02,1,240000.0,240000.0,240000.0,240000.0,0,2.0,2009-02-01,1.0,750000.0,0.0,1.0,190000.0,0.0,1.0,160000.0,0.0,1.0,154750.0,0.0,0.0,0.0,0.0,3.0,1100000.0,0.0,6.0,1442750.0,0.0,9.0,3072750.0,0.0,240000.0,12.388398368982116,2009-05-02,0,1,0.4088669950738916,0.303179579041648,0.322884012539185,0.0452306314375279,2,1,2009,90,0.0327625101863529,0
Retail banking,External fraud,External event,Shanghai,2009-03,2,460000.0,230000.0,230000.0,420000.0,0,0.0,2009-03-01,1.0,240000.0,0.0,1.0,750000.0,0.0,1.0,190000.0,0.0,1.0,110000.0,0.0,0.0,0.0,0.0,3.0,1180000.0,0.0,6.0,1528000.0,0.0,10.0,3312750.0,0.0,230000.0,13.03898394237596,2009-05-30,0,1,0.4088669950738916,0.303179579041648,0.322884012539185,0.0452306314375279,3,1,2009,90,0.03315744133442664,0
Retail banking,External fraud,External event,Shanghai,2009-04,1,13000.0,13000.0,13000.0,13000.0,0,2.0,2009-04-01,2.0,460000.0,0.0,1.0,240000.0,0.0,1.0,750000.0,0.0,1.0,78000.0,0.0,0.0,0.0,0.0,4.0,1450000.0,0.0,7.0,1878000.0,0.0,12.0,3772750.0,0.0,13000.0,9.472781556562168,2009-06-30,0,0,0.4088669950738916,0.303179579041648,0.322884012539185,0.0452306314375279,4,2,2009,90,0.054037526092723914,0
Retail banking,External fraud,External event,Shanghai,2009-08,1,280000.0,280000.0,280000.0,280000.0,0,0.0,2009-08-01,1.0,13000.0,0.0,2.0,460000.0,0.0,1.0,240000.0,0.0,1.0,160000.0,0.0,1.0,1160000.0,0.0,4.0,713000.0,0.0,7.0,1813000.0,0.0,13.0,3785750.0,0.0,280000.0,12.54254845357358,2009-10-30,0,1,0.4088669950738916,0.303179579041648,0.322884012539185,0.0452306314375279,8,3,2009,90,0.03638123027110832,0
Retail banking,External fraud,External event,Shanghai,2009-10,1,9500.0,9500.0,9500.0,9500.0,0,0.0,2009-10-01,1.0,280000.0,0.0,1.0,13000.0,0.0,2.0,460000.0,0.0,1.0,190000.0,0.0,1.0,410000.0,0.0,4.0,753000.0,0.0,7.0,1933000.0,0.0,13.0,2905750.0,0.0,9500.0,9.15915233520675,2009-12-30,0,0,0.4088669950738916,0.303179579041648,0.322884012539185,0.0452306314375279,10,4,2009,90,0.08811478002627064,0
Retail banking,External fraud,External event,Shanghai,2010-04,1,170000.0,170000.0,170000.0,170000.0,0,0.0,2010-04-01,1.0,9500.0,0.0,1.0,280000.0,0.0,1.0,13000.0,0.0,1.0,750000.0,0.0,1.0,60000.0,0.0,3.0,302500.0,0.0,7.0,1752500.0,0.0,13.0,2505250.0,0.0,170000.0,12.04355959836804,2010-06-30,0,0,0.4088669950738916,0.303179579041648,0.322884012539185,0.0452306314375279,4,2,2010,90,0.05134138287662173,0
Retail banking,External fraud,External event,Shanghai,2010-10,1,215907.0,215907.0,215907.0,215907.0,0,3.0,2010-10-01,1.0,170000.0,0.0,1.0,9500.0,0.0,1.0,280000.0,0.0,1.0,240000.0,0.0,1.0,154750.0,0.0,3.0,459500.0,0.0,7.0,1172500.0,0.0,13.0,2615250.0,0.0,215907.0,12.282607670008163,2010-12-30,0,1,0.4088669950738916,0.303179579041648,0.322884012539185,0.0452306314375279,10,4,2010,90,0.05377306537741981,0
Retail banking,External fraud,External event,Shanghai,2010-11,1,22771.5,22771.5,22771.5,22771.5,0,0.0,2010-11-01,1.0,215907.0,0.0,1.0,170000.0,0.0,1.0,9500.0,0.0,2.0,460000.0,0.0,1.0,110000.0,0.0,3.0,395407.0,0.0,7.0,1148407.0,0.0,13.0,2676407.0,0.0,22771.5,10.033308946618964,2011-01-30,0,1,0.4088669950738916,0.303179579041648,0.322884012539185,0.0452306314375279,11,4,2010,90,0.08685850994371172,0
Retail banking,External fraud,External event,Shanghai,2010-12,1,30000.0,30000.0,30000.0,30000.0,0,0.0,2010-12-01,1.0,22771.5,0.0,1.0,215907.0,0.0,1.0,170000.0,0.0,1.0,13000.0,0.0,1.0,78000.0,0.0,3.0,408678.5,0.0,6.0,711178.5,0.0,13.0,2589178.5,0.0,30000.0,10.308985993422082,2011-03-01,0,0,0.4088669950738916,0.303179579041648,0.322884012539185,0.0452306314375279,12,4,2010,90,0.10628642199626526,0
Retail banking,External fraud,External event,Shanghai,2011-04,1,90000.0,90000.0,90000.0,90000.0,0,0.0,2011-04-01,1.0,30000.0,0.0,1.0,22771.5,0.0,1.0,215907.0,0.0,1.0,280000.0,0.0,1.0,160000.0,0.0,3.0,268678.49999999994,0.0,6.0,728178.5,0.0,13.0,2541178.5,0.0,90000.0,11.407576060361786,2011-06-30,0,1,0.4088669950738916,0.303179579041648,0.322884012539185,0.0452306314375279,4,2,2011,90,0.06724012379636318,0
Retail banking,External fraud,External event,Shanghai,2011-05,1,5000.0,5000.0,5000.0,5000.0,0,0.0,2011-05-01,1.0,90000.0,0.0,1.0,30000.0,0.0,1.0,22771.5,0.0,1.0,9500.0,0.0,1.0,190000.0,0.0,3.0,142771.5,0.0,6.0,538178.5,0.0,13.0,2471178.5,0.0,5000.0,8.517393171418904,2011-07-30,0,1,0.4088669950738916,0.303179579041648,0.322884012539185,0.0452306314375279,5,2,2011,90,0.1252005368863775,0
Retail banking,External fraud,External event,Shanghai,2011-06,1,26400.0,26400.0,26400.0,26400.0,0,1.0,2011-06-01,1.0,5000.0,0.0,1.0,90000.0,0.0,1.0,30000.0,0.0,1.0,170000.0,0.0,1.0,750000.0,0.0,3.0,125000.0,0.0,6.0,533678.5,0.0,13.0,2286178.5,0.0,26400.0,10.181157167204905,2011-08-30,0,0,0.4088669950738916,0.303179579041648,0.322884012539185,0.0452306314375279,6,2,2011,90,0.06395108587123384,0
Retail banking,External fraud,External event,Shanghai,2013-08,1,43800000.0,43800000.0,43800000.0,43800000.0,1,4.0,2013-08-01,1.0,26400.0,0.0,1.0,5000.0,0.0,1.0,90000.0,0.0,1.0,215907.0,0.0,1.0,240000.0,0.0,3.0,121400.0,0.0,6.0,390078.5,0.0,13.0,1562578.5,0.0,43800000.0,17.595144398177723,2013-10-30,0,0,0.4088669950738916,0.303179579041648,0.322884012539185,0.0452306314375279,8,3,2013,90,0.05287535897907585,0
Retail banking,External fraud,External event,Shanghai,2014-06,1,500000.0,500000.0,500000.0,500000.0,0,6.0,2014-06-01,1.0,43800000.0,1.0,1.0,26400.0,0.0,1.0,5000.0,0.0,1.0,22771.5,0.0,2.0,460000.0,0.0,3.0,43831400.0,1.0,6.0,43974171.5,1.0,13.0,45122578.5,1.0,500000.0,13.122365377402328,2014-08-30,0,0,0.4088669950738916,0.303179579041648,0.322884012539185,0.0452306314375279,6,2,2014,90,0.0989658936282074,0
Retail banking,External fraud,External event,Shanghai,2015-03,1,49397.0,49397.0,49397.0,49397.0,0,1.0,2015-03-01,1.0,500000.0,0.0,1.0,43800000.0,1.0,1.0,26400.0,0.0,1.0,30000.0,0.0,1.0,13000.0,0.0,3.0,44326400.0,1.0,6.0,44451400.0,1.0,12.0,45162578.5,1.0,49397.0,10.80766521652648,2015-05-30,0,0,0.4088669950738916,0.303179579041648,0.322884012539185,0.0452306314375279,3,1,2015,90,0.0219396028908579,0
Retail banking,External fraud,External event,"Shanghai,Anhui,Fujian,Guangdong,Macao",2011-03,1,700100.0,700100.0,700100.0,700100.0,0,3.0,2011-03-01,0.0,0.0,0.0,0.0,0.0,0.0,0.0,0.0,0.0,0.0,0.0,0.0,0.0,0.0,0.0,0.0,0.0,0.0,0.0,0.0,0.0,0.0,0.0,0.0,700100.0,13.458979889331644,2011-05-30,0,0,0.4088669950738916,0.303179579041648,0.322884012539185,0.0004478280340349,3,1,2011,90,0.07352957757252247,0
Retail banking,External fraud,External event,"Shanghai,Anhui,Hongkong",2009-07,1,52000.0,52000.0,52000.0,52000.0,0,0.0,2009-07-01,0.0,0.0,0.0,0.0,0.0,0.0,0.0,0.0,0.0,0.0,0.0,0.0,0.0,0.0,0.0,0.0,0.0,0.0,0.0,0.0,0.0,0.0,0.0,0.0,52000.0,10.859018228147889,2009-09-29,0,0,0.4088669950738916,0.303179579041648,0.322884012539185,0.0004478280340349,7,3,2009,90,0.05615045221275152,0
Retail banking,External fraud,External event,"Shanghai,Guangxi",2011-01,1,1400000.0,1400000.0,1400000.0,1400000.0,0,0.0,2011-01-01,0.0,0.0,0.0,0.0,0.0,0.0,0.0,0.0,0.0,0.0,0.0,0.0,0.0,0.0,0.0,0.0,0.0,0.0,0.0,0.0,0.0,0.0,0.0,0.0,1400000.0,14.151983508870948,2011-04-01,0,0,0.4088669950738916,0.303179579041648,0.322884012539185,0.0008956560680698,1,1,2011,90,0.11452978005890581,0
Retail banking,External fraud,External event,"Shanghai,Hongkong",2017-04,1,87000.0,87000.0,87000.0,87000.0,0,0.0,2017-04-01,0.0,0.0,0.0,0.0,0.0,0.0,0.0,0.0,0.0,0.0,0.0,0.0,0.0,0.0,0.0,0.0,0.0,0.0,0.0,0.0,0.0,0.0,0.0,0.0,87000.0,11.373674891823535,2017-06-30,0,0,0.4088669950738916,0.303179579041648,0.322884012539185,0.0013434841021047,4,2,2017,90,0.07972489706754461,0
Retail banking,External fraud,External event,"Shanghai,Jiangsu",2017-03,1,9420.0,9420.0,9420.0,9420.0,0,1.0,2017-03-01,0.0,0.0,0.0,0.0,0.0,0.0,0.0,0.0,0.0,0.0,0.0,0.0,0.0,0.0,0.0,0.0,0.0,0.0,0.0,0.0,0.0,0.0,0.0,0.0,9420.0,9.150696519048669,2017-05-30,0,0,0.4088669950738916,0.303179579041648,0.322884012539185,0.0013434841021047,3,1,2017,90,0.04757428768278884,0
Retail banking,External fraud,External event,"Shanghai,Jiangsu,Zhejiang,Hainan",2012-08,1,14000000.0,14000000.0,14000000.0,14000000.0,1,0.0,2012-08-01,0.0,0.0,0.0,0.0,0.0,0.0,0.0,0.0,0.0,0.0,0.0,0.0,0.0,0.0,0.0,0.0,0.0,0.0,0.0,0.0,0.0,0.0,0.0,0.0,14000000.0,16.454567959008102,2012-10-30,0,0,0.4088669950738916,0.303179579041648,0.322884012539185,0.0004478280340349,8,3,2012,90,0.07839484394839705,0
Retail banking,External fraud,External event,"Shanghai,Shandong",2014-06,1,44700.0,44700.0,44700.0,44700.0,0,0.0,2014-06-01,0.0,0.0,0.0,0.0,0.0,0.0,0.0,0.0,0.0,0.0,0.0,0.0,0.0,0.0,0.0,0.0,0.0,0.0,0.0,0.0,0.0,0.0,0.0,0.0,44700.0,10.707751151716078,2014-08-30,0,0,0.4088669950738916,0.303179579041648,0.322884012539185,0.0013434841021047,6,2,2014,90,0.06551880395601857,0
Retail banking,External fraud,External event,"Shanghai,Xinjiang",2011-06,1,14300.0,14300.0,14300.0,14300.0,0,1.0,2011-06-01,0.0,0.0,0.0,0.0,0.0,0.0,0.0,0.0,0.0,0.0,0.0,0.0,0.0,0.0,0.0,0.0,0.0,0.0,0.0,0.0,0.0,0.0,0.0,0.0,14300.0,9.568084743872936,2011-08-30,0,0,0.4088669950738916,0.303179579041648,0.322884012539185,0.0004478280340349,6,2,2011,90,0.04502958649962261,0
Retail banking,External fraud,External event,"Shanghai,Zhejiang",2010-08,1,230000.0,230000.0,230000.0,230000.0,0,3.0,2010-08-01,0.0,0.0,0.0,0.0,0.0,0.0,0.0,0.0,0.0,0.0,0.0,0.0,0.0,0.0,0.0,0.0,0.0,0.0,0.0,0.0,0.0,0.0,0.0,0.0,230000.0,12.345838935721968,2010-10-30,0,0,0.4088669950738916,0.303179579041648,0.322884012539185,0.0022391401701746,8,3,2010,90,0.036971660805719245,0
Retail banking,External fraud,External event,"Shanghai,Zhejiang",2012-02,1,23000000.0,23000000.0,23000000.0,23000000.0,1,2.0,2012-02-01,1.0,230000.0,0.0,0.0,0.0,0.0,0.0,0.0,0.0,0.0,0.0,0.0,0.0,0.0,0.0,1.0,230000.0,0.0,1.0,230000.0,0.0,1.0,230000.0,0.0,23000000.0,16.951004817371683,2012-05-01,0,0,0.4088669950738916,0.303179579041648,0.322884012539185,0.0022391401701746,2,1,2012,90,0.02982640035985866,0
Retail banking,External fraud,External event,"Shanghai,Zhejiang,Anhui,Hongkong",2011-01,1,300000.0,300000.0,300000.0,300000.0,0,1.0,2011-01-01,0.0,0.0,0.0,0.0,0.0,0.0,0.0,0.0,0.0,0.0,0.0,0.0,0.0,0.0,0.0,0.0,0.0,0.0,0.0,0.0,0.0,0.0,0.0,0.0,300000.0,12.611541086966117,2011-04-01,0,0,0.4088669950738916,0.303179579041648,0.322884012539185,0.0004478280340349,1,1,2011,90,0.061283857057379446,0
Retail banking,External fraud,External event,"Shanghai,Zhejiang,Fujian",2014-08,1,2000000.0,2000000.0,2000000.0,2000000.0,0,1.0,2014-08-01,0.0,0.0,0.0,0.0,0.0,0.0,0.0,0.0,0.0,0.0,0.0,0.0,0.0,0.0,0.0,0.0,0.0,0.0,0.0,0.0,0.0,0.0,0.0,0.0,2000000.0,14.508658238524095,2014-10-30,0,0,0.4088669950738916,0.303179579041648,0.322884012539185,0.0004478280340349,8,3,2014,90,0.0525678543881083,0
Retail banking,External fraud,External event,"Shanghai,Zhejiang,Fujian,Sichuan",2014-09,1,2000000.0,2000000.0,2000000.0,2000000.0,0,1.0,2014-09-01,0.0,0.0,0.0,0.0,0.0,0.0,0.0,0.0,0.0,0.0,0.0,0.0,0.0,0.0,0.0,0.0,0.0,0.0,0.0,0.0,0.0,0.0,0.0,0.0,2000000.0,14.508658238524095,2014-11-30,0,0,0.4088669950738916,0.303179579041648,0.322884012539185,0.0004478280340349,9,3,2014,90,0.04989343578345713,0
Retail banking,External fraud,External event,"Shanghai,Zhejiang,Hunan,Shaanxi",2007-11,1,25000.0,25000.0,25000.0,25000.0,0,0.0,2007-11-01,0.0,0.0,0.0,0.0,0.0,0.0,0.0,0.0,0.0,0.0,0.0,0.0,0.0,0.0,0.0,0.0,0.0,0.0,0.0,0.0,0.0,0.0,0.0,0.0,25000.0,10.12667110305036,2008-01-30,0,0,0.4088669950738916,0.303179579041648,0.322884012539185,0.0004478280340349,11,4,2007,90,0.05919571860700072,0
Retail banking,External fraud,External event,"Shanghai,Zhejiang,Shandong,Hunan,Hongkong",2009-07,1,1199000.0,1199000.0,1199000.0,1199000.0,0,0.0,2009-07-01,0.0,0.0,0.0,0.0,0.0,0.0,0.0,0.0,0.0,0.0,0.0,0.0,0.0,0.0,0.0,0.0,0.0,0.0,0.0,0.0,0.0,0.0,0.0,0.0,1199000.0,13.99699926803766,2009-09-29,0,0,0.4088669950738916,0.303179579041648,0.322884012539185,0.0004478280340349,7,3,2009,90,0.0851457462154836,0
Retail banking,External fraud,External event,Shanxi,2002-12,1,473000.0,473000.0,473000.0,473000.0,0,1.0,2002-12-01,0.0,0.0,0.0,0.0,0.0,0.0,0.0,0.0,0.0,0.0,0.0,0.0,0.0,0.0,0.0,0.0,0.0,0.0,0.0,0.0,0.0,0.0,0.0,0.0,473000.0,13.06685278163674,2003-03-01,0,1,0.4088669950738916,0.303179579041648,0.322884012539185,0.0214957456336766,12,4,2002,90,0.057240517988234006,0
Retail banking,External fraud,External event,Shanxi,2003-02,1,245000.0,245000.0,245000.0,245000.0,0,0.0,2003-02-01,1.0,473000.0,0.0,0.0,0.0,0.0,0.0,0.0,0.0,0.0,0.0,0.0,0.0,0.0,0.0,1.0,473000.0,0.0,1.0,473000.0,0.0,1.0,473000.0,0.0,245000.0,12.409017571151187,2003-05-02,0,0,0.4088669950738916,0.303179579041648,0.322884012539185,0.0214957456336766,2,1,2003,90,0.028689693222833105,0
Retail banking,External fraud,External event,Shanxi,2010-06,1,420000.0,420000.0,420000.0,420000.0,0,0.0,2010-06-01,1.0,245000.0,0.0,1.0,473000.0,0.0,0.0,0.0,0.0,0.0,0.0,0.0,0.0,0.0,0.0,2.0,718000.0,0.0,2.0,718000.0,0.0,2.0,718000.0,0.0,420000.0,12.948012371209098,2010-08-30,0,0,0.4088669950738916,0.303179579041648,0.322884012539185,0.0214957456336766,6,2,2010,90,0.04194745592925122,0
Retail banking,External fraud,External event,Shanxi,2015-04,1,2700000.0,2700000.0,2700000.0,2700000.0,0,1.0,2015-04-01,1.0,420000.0,0.0,1.0,245000.0,0.0,1.0,473000.0,0.0,0.0,0.0,0.0,0.0,0.0,0.0,3.0,1138000.0,0.0,3.0,1138000.0,0.0,3.0,1138000.0,0.0,2700000.0,14.80876270134486,2015-06-30,0,0,0.4088669950738916,0.303179579041648,0.322884012539185,0.0214957456336766,4,2,2015,90,0.06642741273837655,0
Retail banking,External fraud,External event,Shanxi,2015-09,1,7402500.0,7402500.0,7402500.0,7402500.0,0,0.0,2015-09-01,1.0,2700000.0,0.0,1.0,420000.0,0.0,1.0,245000.0,0.0,0.0,0.0,0.0,0.0,0.0,0.0,3.0,3365000.0,0.0,4.0,3838000.0,0.0,4.0,3838000.0,0.0,7402500.0,15.817328474047372,2015-11-30,0,0,0.4088669950738916,0.303179579041648,0.322884012539185,0.0214957456336766,9,3,2015,90,0.09299493823458309,0
Retail banking,External fraud,External event,Sichuan,2005-09,1,50000.0,50000.0,50000.0,50000.0,0,3.0,2005-09-01,0.0,0.0,0.0,0.0,0.0,0.0,0.0,0.0,0.0,0.0,0.0,0.0,0.0,0.0,0.0,0.0,0.0,0.0,0.0,0.0,0.0,0.0,0.0,0.0,50000.0,10.819798284210286,2005-11-30,0,0,0.4088669950738916,0.303179579041648,0.322884012539185,0.0273175100761307,9,3,2005,90,0.032700614979589024,0
Retail banking,External fraud,External event,Sichuan,2006-06,1,80000.0,80000.0,80000.0,80000.0,0,2.0,2006-06-01,1.0,50000.0,0.0,0.0,0.0,0.0,0.0,0.0,0.0,0.0,0.0,0.0,0.0,0.0,0.0,1.0,50000.0,0.0,1.0,50000.0,0.0,1.0,50000.0,0.0,80000.0,11.289794413577894,2006-08-30,0,0,0.4088669950738916,0.303179579041648,0.322884012539185,0.0273175100761307,6,2,2006,90,0.017062082080429593,0
Retail banking,External fraud,External event,Sichuan,2008-09,1,35259.81,35259.81,35259.81,35259.81,0,0.0,2008-09-01,1.0,80000.0,0.0,1.0,50000.0,0.0,0.0,0.0,0.0,0.0,0.0,0.0,0.0,0.0,0.0,2.0,130000.0,0.0,2.0,130000.0,0.0,2.0,130000.0,0.0,35259.81,10.47052742789447,2008-11-30,0,0,0.4088669950738916,0.303179579041648,0.322884012539185,0.0273175100761307,9,3,2008,90,0.03408813353391728,0
Retail banking,External fraud,External event,Sichuan,2009-02,1,109600.0,109600.0,109600.0,109600.0,0,0.0,2009-02-01,1.0,35259.81,0.0,1.0,80000.0,0.0,1.0,50000.0,0.0,0.0,0.0,0.0,0.0,0.0,0.0,3.0,165259.81,0.0,3.0,165259.81,0.0,3.0,165259.81,0.0,109600.0,11.60460177754202,2009-05-02,0,1,0.4088669950738916,0.303179579041648,0.322884012539185,0.0273175100761307,2,1,2009,90,0.050466492096128,0
Retail banking,External fraud,External event,Sichuan,2009-05,1,100000.0,100000.0,100000.0,100000.0,0,0.0,2009-05-01,1.0,109600.0,0.0,1.0,35259.81,0.0,1.0,80000.0,0.0,0.0,0.0,0.0,0.0,0.0,0.0,3.0,224859.81,0.0,4.0,274859.81,0.0,4.0,274859.81,0.0,100000.0,11.51293546492023,2009-07-30,0,0,0.4088669950738916,0.303179579041648,0.322884012539185,0.0273175100761307,5,2,2009,90,0.07260022548029883,0
Retail banking,External fraud,External event,Sichuan,2009-09,2,700000.0,350000.0,350000.0,400000.0,0,0.0,2009-09-01,1.0,100000.0,0.0,1.0,109600.0,0.0,1.0,35259.81,0.0,0.0,0.0,0.0,0.0,0.0,0.0,3.0,244859.81,0.0,5.0,374859.81,0.0,5.0,374859.81,0.0,350000.0,13.45883704259595,2009-11-30,0,0,0.4088669950738916,0.303179579041648,0.322884012539185,0.0273175100761307,9,3,2009,90,0.03353348719775723,0
Retail banking,External fraud,External event,Sichuan,2010-01,1,20600.0,20600.0,20600.0,20600.0,0,0.0,2010-01-01,2.0,700000.0,0.0,1.0,100000.0,0.0,1.0,109600.0,0.0,1.0,50000.0,0.0,0.0,0.0,0.0,4.0,909600.0,0.0,7.0,1074859.81,0.0,7.0,1074859.81,0.0,20600.0,9.933094897288786,2010-04-01,0,0,0.4088669950738916,0.303179579041648,0.322884012539185,0.0273175100761307,1,1,2010,90,0.05397765025034836,0
Retail banking,External fraud,External event,Sichuan,2010-11,1,31000.0,31000.0,31000.0,31000.0,0,0.0,2010-11-01,1.0,20600.0,0.0,2.0,700000.0,0.0,1.0,100000.0,0.0,1.0,80000.0,0.0,0.0,0.0,0.0,4.0,820600.0,0.0,7.0,1045459.81,0.0,8.0,1095459.81,0.0,31000.0,10.34177474101152,2011-01-30,0,0,0.4088669950738916,0.303179579041648,0.322884012539185,0.0273175100761307,11,4,2010,90,0.05847609888107969,0
Retail banking,External fraud,External event,Sichuan,2012-07,1,127212.0,127212.0,127212.0,127212.0,0,0.0,2012-07-01,1.0,31000.0,0.0,1.0,20600.0,0.0,2.0,700000.0,0.0,1.0,35259.81,0.0,0.0,0.0,0.0,4.0,751600.0,0.0,7.0,996459.81,0.0,9.0,1126459.81,0.0,127212.0,11.753618125923827,2012-09-29,0,0,0.4088669950738916,0.303179579041648,0.322884012539185,0.0273175100761307,7,3,2012,90,0.06086425860876064,0
Retail banking,External fraud,External event,Sichuan,2013-09,1,1000000.0,1000000.0,1000000.0,1000000.0,0,1.0,2013-09-01,1.0,127212.0,0.0,1.0,31000.0,0.0,1.0,20600.0,0.0,1.0,109600.0,0.0,0.0,0.0,0.0,3.0,178812.0,0.0,7.0,1088412.0,0.0,10.0,1253671.81,0.0,1000000.0,13.815511557963774,2013-11-30,0,0,0.4088669950738916,0.303179579041648,0.322884012539185,0.0273175100761307,9,3,2013,90,0.1000097791166989,0
Retail banking,External fraud,External event,"Sichuan,Hongkong,Macao",2012-01,1,560000.0,560000.0,560000.0,560000.0,0,2.0,2012-01-01,0.0,0.0,0.0,0.0,0.0,0.0,0.0,0.0,0.0,0.0,0.0,0.0,0.0,0.0,0.0,0.0,0.0,0.0,0.0,0.0,0.0,0.0,0.0,0.0,560000.0,13.235693848424024,2012-03-31,0,0,0.4088669950738916,0.303179579041648,0.322884012539185,0.0004478280340349,1,1,2012,90,0.08464994161355835,0
Retail banking,External fraud,External event,Tianjin,2000-07,1,2060000.0,2060000.0,2060000.0,2060000.0,0,1.0,2000-07-01,0.0,0.0,0.0,0.0,0.0,0.0,0.0,0.0,0.0,0.0,0.0,0.0,0.0,0.0,0.0,0.0,0.0,0.0,0.0,0.0,0.0,0.0,0.0,0.0,2060000.0,14.53821702620254,2000-09-29,0,0,0.4088669950738916,0.303179579041648,0.322884012539185,0.0116435288849081,7,3,2000,90,0.049924041080673845,0
Retail banking,External fraud,External event,Tianjin,2001-06,1,530000.0,530000.0,530000.0,530000.0,0,1.0,2001-06-01,1.0,2060000.0,0.0,0.0,0.0,0.0,0.0,0.0,0.0,0.0,0.0,0.0,0.0,0.0,0.0,1.0,2060000.0,0.0,1.0,2060000.0,0.0,1.0,2060000.0,0.0,530000.0,13.180634172318978,2001-08-30,0,0,0.4088669950738916,0.303179579041648,0.322884012539185,0.0116435288849081,6,2,2001,90,0.02281021742153111,0
Retail banking,External fraud,External event,Tianjin,2004-02,1,400000.0,400000.0,400000.0,400000.0,0,1.0,2004-02-01,1.0,530000.0,0.0,1.0,2060000.0,0.0,0.0,0.0,0.0,0.0,0.0,0.0,0.0,0.0,0.0,2.0,2590000.0,0.0,2.0,2590000.0,0.0,2.0,2590000.0,0.0,400000.0,12.899222326086994,2004-05-01,0,0,0.4088669950738916,0.303179579041648,0.322884012539185,0.0116435288849081,2,1,2004,90,0.038218833457647615,0
Retail banking,External fraud,External event,Tianjin,2007-07,1,1137000.0,1137000.0,1137000.0,1137000.0,0,0.0,2007-07-01,1.0,400000.0,0.0,1.0,530000.0,0.0,1.0,2060000.0,0.0,0.0,0.0,0.0,0.0,0.0,0.0,3.0,2990000.0,0.0,3.0,2990000.0,0.0,3.0,2990000.0,0.0,1137000.0,13.943904652239762,2007-09-29,0,0,0.4088669950738916,0.303179579041648,0.322884012539185,0.0116435288849081,7,3,2007,90,0.07428539959735302,0
Retail banking,External fraud,External event,Tianjin,2011-02,1,2900.0,2900.0,2900.0,2900.0,0,0.0,2011-02-01,1.0,1137000.0,0.0,1.0,400000.0,0.0,1.0,530000.0,0.0,0.0,0.0,0.0,0.0,0.0,0.0,3.0,2067000.0,0.0,4.0,4127000.0,0.0,4.0,4127000.0,0.0,2900.0,7.972810784121404,2011-05-02,0,0,0.4088669950738916,0.303179579041648,0.322884012539185,0.0116435288849081,2,1,2011,90,0.035107799108618595,0
Retail banking,External fraud,External event,"Tianjin,Shaanxi",2012-05,1,4800.0,4800.0,4800.0,4800.0,0,3.0,2012-05-01,0.0,0.0,0.0,0.0,0.0,0.0,0.0,0.0,0.0,0.0,0.0,0.0,0.0,0.0,0.0,0.0,0.0,0.0,0.0,0.0,0.0,0.0,0.0,0.0,4800.0,8.476579508530941,2012-07-30,0,0,0.4088669950738916,0.303179579041648,0.322884012539185,0.0004478280340349,5,2,2012,90,0.05031056834408836,0
Retail banking,External fraud,External event,"Tianjin,Zhejiang,Henan,Hubei,Guangxi,Hainan,Chongqing,Sichuan,Yunnan,Shaanxi",2022-11,1,1800000.0,1800000.0,1800000.0,1800000.0,0,7.0,2022-11-01,0.0,0.0,0.0,0.0,0.0,0.0,0.0,0.0,0.0,0.0,0.0,0.0,0.0,0.0,0.0,0.0,0.0,0.0,0.0,0.0,0.0,0.0,0.0,0.0,1800000.0,14.403297778421797,2023-01-30,0,0,0.4088669950738916,0.303179579041648,0.322884012539185,0.0004478280340349,11,4,2022,90,0.056008618979797205,0
Retail banking,External fraud,External event,Tibet,2007-08,1,200000.0,200000.0,200000.0,200000.0,0,0.0,2007-08-01,0.0,0.0,0.0,0.0,0.0,0.0,0.0,0.0,0.0,0.0,0.0,0.0,0.0,0.0,0.0,0.0,0.0,0.0,0.0,0.0,0.0,0.0,0.0,0.0,200000.0,12.206077645517674,2007-10-30,0,0,0.4088669950738916,0.303179579041648,0.322884012539185,0.0026869682042095,8,3,2007,90,0.06621999329963225,0
Retail banking,External fraud,External event,Xinjiang,2002-08,1,1111000.0,1111000.0,1111000.0,1111000.0,0,1.0,2002-08-01,0.0,0.0,0.0,0.0,0.0,0.0,0.0,0.0,0.0,0.0,0.0,0.0,0.0,0.0,0.0,0.0,0.0,0.0,0.0,0.0,0.0,0.0,0.0,0.0,1111000.0,13.920771968711373,2002-10-30,0,0,0.4088669950738916,0.303179579041648,0.322884012539185,0.005821764442454,8,3,2002,90,0.05011960581616865,0
Retail banking,External fraud,External event,Xinjiang,2006-11,1,120000.0,120000.0,120000.0,120000.0,0,1.0,2006-11-01,1.0,1111000.0,0.0,0.0,0.0,0.0,0.0,0.0,0.0,0.0,0.0,0.0,0.0,0.0,0.0,1.0,1111000.0,0.0,1.0,1111000.0,0.0,1.0,1111000.0,0.0,120000.0,11.695255355062796,2007-01-30,0,0,0.4088669950738916,0.303179579041648,0.322884012539185,0.005821764442454,11,4,2006,90,0.016295332926586803,0
Retail banking,External fraud,External event,Xinjiang,2018-04,1,500000.0,500000.0,500000.0,500000.0,0,1.0,2018-04-01,1.0,120000.0,0.0,1.0,1111000.0,0.0,0.0,0.0,0.0,0.0,0.0,0.0,0.0,0.0,0.0,2.0,1231000.0,0.0,2.0,1231000.0,0.0,2.0,1231000.0,0.0,500000.0,13.122365377402328,2018-06-30,0,0,0.4088669950738916,0.303179579041648,0.322884012539185,0.005821764442454,4,2,2018,90,0.09210951269225186,0
Retail banking,External fraud,External event,Yunnan,2007-06,1,600000.0,600000.0,600000.0,600000.0,0,2.0,2007-06-01,0.0,0.0,0.0,0.0,0.0,0.0,0.0,0.0,0.0,0.0,0.0,0.0,0.0,0.0,0.0,0.0,0.0,0.0,0.0,0.0,0.0,0.0,0.0,0.0,600000.0,13.304686600863562,2007-08-30,0,0,0.4088669950738916,0.303179579041648,0.322884012539185,0.0134348410210479,6,2,2007,90,0.05508737628493332,0
Retail banking,External fraud,External event,Yunnan,2011-11,1,20000.0,20000.0,20000.0,20000.0,0,1.0,2011-11-01,1.0,600000.0,0.0,0.0,0.0,0.0,0.0,0.0,0.0,0.0,0.0,0.0,0.0,0.0,0.0,1.0,600000.0,0.0,1.0,600000.0,0.0,1.0,600000.0,0.0,20000.0,9.90353755128617,2012-01-30,0,0,0.4088669950738916,0.303179579041648,0.322884012539185,0.0134348410210479,11,4,2011,90,0.016583869552831323,0
Retail banking,External fraud,External event,Zhejiang,2002-01,1,1130000.0,1130000.0,1130000.0,1130000.0,0,2.0,2002-01-01,0.0,0.0,0.0,0.0,0.0,0.0,0.0,0.0,0.0,0.0,0.0,0.0,0.0,0.0,0.0,0.0,0.0,0.0,0.0,0.0,0.0,0.0,0.0,0.0,1130000.0,13.937729075643883,2002-04-01,0,0,0.4088669950738916,0.303179579041648,0.322884012539185,0.0523958799820868,1,1,2002,90,0.06548204517682876,0
Retail banking,External fraud,External event,Zhejiang,2002-05,1,7380000.0,7380000.0,7380000.0,7380000.0,0,0.0,2002-05-01,1.0,1130000.0,0.0,0.0,0.0,0.0,0.0,0.0,0.0,0.0,0.0,0.0,0.0,0.0,0.0,1.0,1130000.0,0.0,1.0,1130000.0,0.0,1.0,1130000.0,0.0,7380000.0,15.814284332078,2002-07-30,0,0,0.4088669950738916,0.303179579041648,0.322884012539185,0.0523958799820868,5,2,2002,90,0.028743667156973463,0
Retail banking,External fraud,External event,Zhejiang,2006-04,1,7100.0,7100.0,7100.0,7100.0,0,0.0,2006-04-01,1.0,7380000.0,0.0,1.0,1130000.0,0.0,0.0,0.0,0.0,0.0,0.0,0.0,0.0,0.0,0.0,2.0,8510000.0,0.0,2.0,8510000.0,0.0,2.0,8510000.0,0.0,7100.0,8.867990898182093,2006-06-30,0,0,0.4088669950738916,0.303179579041648,0.322884012539185,0.0523958799820868,4,2,2006,90,0.03559256122632764,0
Retail banking,External fraud,External event,Zhejiang,2007-03,1,80000000.0,80000000.0,80000000.0,80000000.0,1,0.0,2007-03-01,1.0,7100.0,0.0,1.0,7380000.0,0.0,1.0,1130000.0,0.0,0.0,0.0,0.0,0.0,0.0,0.0,3.0,8517100.0,0.0,3.0,8517100.0,0.0,3.0,8517100.0,0.0,80000000.0,18.197537205138158,2007-05-30,0,1,0.4088669950738916,0.303179579041648,0.322884012539185,0.0523958799820868,3,1,2007,90,0.06898537790778049,0
Retail banking,External fraud,External event,Zhejiang,2007-04,1,1000000.0,1000000.0,1000000.0,1000000.0,0,1.0,2007-04-01,1.0,80000000.0,1.0,1.0,7100.0,0.0,1.0,7380000.0,0.0,0.0,0.0,0.0,0.0,0.0,0.0,3.0,87387100.0,1.0,4.0,88517100.0,1.0,4.0,88517100.0,1.0,1000000.0,13.815511557963774,2007-06-30,0,0,0.4088669950738916,0.303179579041648,0.322884012539185,0.0523958799820868,4,2,2007,90,0.1808116120626288,0
Retail banking,External fraud,External event,Zhejiang,2007-10,1,330000.0,330000.0,330000.0,330000.0,0,0.0,2007-10-01,1.0,1000000.0,0.0,1.0,80000000.0,1.0,1.0,7100.0,0.0,0.0,0.0,0.0,0.0,0.0,0.0,3.0,81007100.0,1.0,5.0,89517100.0,1.0,5.0,89517100.0,1.0,330000.0,12.706850963741102,2007-12-30,0,1,0.4088669950738916,0.303179579041648,0.322884012539185,0.0523958799820868,10,4,2007,90,0.04662793141771872,0
Retail banking,External fraud,External event,Zhejiang,2007-11,1,188000.0,188000.0,188000.0,188000.0,0,0.0,2007-11-01,1.0,330000.0,0.0,1.0,1000000.0,0.0,1.0,80000000.0,1.0,1.0,1130000.0,0.0,0.0,0.0,0.0,3.0,81330000.0,1.0,6.0,89847100.0,1.0,6.0,89847100.0,1.0,188000.0,12.144202560946876,2008-01-30,0,0,0.4088669950738916,0.303179579041648,0.322884012539185,0.0523958799820868,11,4,2007,90,0.029279709844207826,0
Retail banking,External fraud,External event,Zhejiang,2008-04,1,197000.0,197000.0,197000.0,197000.0,0,0.0,2008-04-01,1.0,188000.0,0.0,1.0,330000.0,0.0,1.0,1000000.0,0.0,1.0,7380000.0,0.0,0.0,0.0,0.0,3.0,1518000.0,0.0,6.0,88905100.0,1.0,7.0,90035100.0,1.0,197000.0,12.190964083849376,2008-06-30,0,1,0.4088669950738916,0.303179579041648,0.322884012539185,0.0523958799820868,4,2,2008,90,0.04426345322618499,0
Retail banking,External fraud,External event,Zhejiang,2008-05,1,330000.0,330000.0,330000.0,330000.0,0,5.0,2008-05-01,1.0,197000.0,0.0,1.0,188000.0,0.0,1.0,330000.0,0.0,1.0,7100.0,0.0,0.0,0.0,0.0,3.0,715000.0,0.0,6.0,81722100.0,1.0,8.0,90232100.0,1.0,330000.0,12.706850963741102,2008-07-30,0,1,0.4088669950738916,0.303179579041648,0.322884012539185,0.0523958799820868,5,2,2008,90,0.04291352113722521,0
Retail banking,External fraud,External event,Zhejiang,2008-06,1,19500.0,19500.0,19500.0,19500.0,0,1.0,2008-06-01,1.0,330000.0,0.0,1.0,197000.0,0.0,1.0,188000.0,0.0,1.0,80000000.0,1.0,0.0,0.0,0.0,3.0,715000.0,0.0,6.0,82045000.0,1.0,9.0,90562100.0,1.0,19500.0,9.87822102528824,2008-08-30,0,1,0.4088669950738916,0.303179579041648,0.322884012539185,0.0523958799820868,6,2,2008,90,0.03587060692738884,0
Retail banking,External fraud,External event,Zhejiang,2008-07,3,1084000.0,361333.3333333333,459000.0,600000.0,0,0.6666666666666666,2008-07-01,1.0,19500.0,0.0,1.0,330000.0,0.0,1.0,197000.0,0.0,1.0,1000000.0,0.0,0.0,0.0,0.0,3.0,546500.0,0.0,6.0,2064500.0,0.0,10.0,90581600.0,1.0,361333.3333333333,13.896169383490529,2008-09-29,0,0,0.4088669950738916,0.303179579041648,0.322884012539185,0.0523958799820868,7,3,2008,90,0.046892721469079406,0
Retail banking,External fraud,External event,Zhejiang,2008-12,1,15400.0,15400.0,15400.0,15400.0,0,1.0,2008-12-01,3.0,1084000.0,0.0,1.0,19500.0,0.0,1.0,330000.0,0.0,1.0,330000.0,0.0,0.0,0.0,0.0,5.0,1433500.0,0.0,8.0,2148500.0,0.0,13.0,91665600.0,1.0,15400.0,9.642187721358466,2009-03-01,0,1,0.4088669950738916,0.303179579041648,0.322884012539185,0.0523958799820868,12,4,2008,90,0.07519556332063343,0
Retail banking,External fraud,External event,Zhejiang,2009-01,1,60000.0,60000.0,60000.0,60000.0,0,1.0,2009-01-01,1.0,15400.0,0.0,3.0,1084000.0,0.0,1.0,19500.0,0.0,1.0,188000.0,0.0,1.0,1130000.0,0.0,5.0,1118900.0,0.0,8.0,1833900.0,0.0,14.0,91681000.0,1.0,60000.0,11.002116507732016,2009-04-01,0,1,0.4088669950738916,0.303179579041648,0.322884012539185,0.0523958799820868,1,1,2009,90,0.027285881715583292,0
Retail banking,External fraud,External event,Zhejiang,2009-02,3,534850.0,178283.33333333334,19600.0,500000.0,0,1.3333333333333333,2009-02-01,1.0,60000.0,0.0,1.0,15400.0,0.0,3.0,1084000.0,0.0,1.0,197000.0,0.0,1.0,7380000.0,0.0,5.0,1159400.0,0.0,8.0,1705900.0,0.0,14.0,90611000.0,1.0,178283.33333333334,13.18974348241562,2009-05-02,0,1,0.4088669950738916,0.303179579041648,0.322884012539185,0.0523958799820868,2,1,2009,90,0.0416460591639707,0
Retail banking,External fraud,External event,Zhejiang,2009-04,3,854245.9099999999,284748.63666666666,46000.0,795149.9099999999,0,1.3333333333333333,2009-04-01,3.0,534850.0,0.0,1.0,60000.0,0.0,1.0,15400.0,0.0,1.0,330000.0,0.0,1.0,7100.0,0.0,5.0,610250.0,0.0,10.0,2043750.0,0.0,16.0,83765850.0,1.0,284748.63666666666,13.65797555276292,2009-06-30,0,1,0.4088669950738916,0.303179579041648,0.322884012539185,0.0523958799820868,4,2,2009,90,0.046215817976637666,0
Retail banking,External fraud,External event,Zhejiang,2009-05,2,54557.0,27278.5,27278.5,27629.0,0,0.0,2009-05-01,3.0,854245.9099999999,0.0,3.0,534850.0,0.0,1.0,60000.0,0.0,1.0,19500.0,0.0,1.0,80000000.0,1.0,7.0,1449095.91,0.0,12.0,2567995.91,0.0,18.0,84612995.91,1.0,27278.5,10.907019634953969,2009-07-30,0,1,0.4088669950738916,0.303179579041648,0.322884012539185,0.0523958799820868,5,2,2009,90,0.05344916865092428,0
Retail banking,External fraud,External event,Zhejiang,2009-06,1,156101.61,156101.61,156101.61,156101.61,0,0.0,2009-06-01,2.0,54557.0,0.0,3.0,854245.9099999999,0.0,3.0,534850.0,0.0,3.0,1084000.0,0.0,1.0,1000000.0,0.0,8.0,1443652.91,0.0,13.0,2603052.91,0.0,19.0,4667552.91,0.0,156101.61,11.958268826414994,2009-08-30,0,1,0.4088669950738916,0.303179579041648,0.322884012539185,0.0523958799820868,6,2,2009,90,0.05745327050070427,0
Retail banking,External fraud,External event,Zhejiang,2009-08,1,44800.00000000001,44800.00000000001,44800.00000000001,44800.00000000001,0,1.0,2009-08-01,1.0,156101.61,0.0,2.0,54557.0,0.0,3.0,854245.9099999999,0.0,1.0,15400.0,0.0,1.0,330000.0,0.0,6.0,1064904.52,0.0,11.0,1675154.52,0.0,19.0,3823654.52,0.0,44800.00000000001,10.709985739582528,2009-10-30,0,0,0.4088669950738916,0.303179579041648,0.322884012539185,0.0523958799820868,8,3,2009,90,0.04152435833417263,0
Retail banking,External fraud,External event,Zhejiang,2010-01,1,230400.0,230400.0,230400.0,230400.0,0,0.0,2010-01-01,1.0,44800.00000000001,0.0,1.0,156101.61,0.0,2.0,54557.0,0.0,1.0,60000.0,0.0,1.0,188000.0,0.0,4.0,255458.61,0.0,11.0,1704554.52,0.0,19.0,3538454.52,0.0,230400.0,12.347576548072231,2010-04-01,0,1,0.4088669950738916,0.303179579041648,0.322884012539185,0.0523958799820868,1,1,2010,90,0.04258962268828059,0
Retail banking,External fraud,External event,Zhejiang,2010-03,1,270000.0,270000.0,270000.0,270000.0,0,0.0,2010-03-01,1.0,230400.0,0.0,1.0,44800.00000000001,0.0,1.0,156101.61,0.0,3.0,534850.0,0.0,1.0,197000.0,0.0,3.0,431301.61,0.0,11.0,1874954.52,0.0,19.0,3580854.52,0.0,270000.0,12.506180941677355,2010-05-30,0,0,0.4088669950738916,0.303179579041648,0.322884012539185,0.0523958799820868,3,1,2010,90,0.06235020462067003,0
Retail banking,External fraud,External event,Zhejiang,2010-06,1,60590.0,60590.0,60590.0,60590.0,0,0.0,2010-06-01,1.0,270000.0,0.0,1.0,230400.0,0.0,1.0,44800.00000000001,0.0,3.0,854245.9099999999,0.0,1.0,330000.0,0.0,3.0,545200.0,0.0,9.0,1610104.52,0.0,19.0,3653854.52,0.0,60590.0,11.0119016461765,2010-08-30,0,0,0.4088669950738916,0.303179579041648,0.322884012539185,0.0523958799820868,6,2,2010,90,0.06337731000866763,0
Retail banking,External fraud,External event,Zhejiang,2010-09,1,48000.0,48000.0,48000.0,48000.0,0,1.0,2010-09-01,1.0,60590.0,0.0,1.0,270000.0,0.0,1.0,230400.0,0.0,2.0,54557.0,0.0,1.0,19500.0,0.0,3.0,560990.0,0.0,7.0,816448.61,0.0,19.0,3384444.52,0.0,48000.0,10.778977123006351,2010-11-30,0,1,0.4088669950738916,0.303179579041648,0.322884012539185,0.0523958799820868,9,3,2010,90,0.03955988954077061,0
Retail banking,External fraud,External event,Zhejiang,2010-11,1,31512.0,31512.0,31512.0,31512.0,0,1.0,2010-11-01,1.0,48000.0,0.0,1.0,60590.0,0.0,1.0,270000.0,0.0,1.0,156101.61,0.0,3.0,1084000.0,0.0,3.0,378590.0,0.0,6.0,809891.61,0.0,19.0,3412944.52,0.0,31512.0,10.358155438089856,2011-01-30,0,1,0.4088669950738916,0.303179579041648,0.322884012539185,0.0523958799820868,11,4,2010,90,0.10356462032322025,0
Retail banking,External fraud,External event,Zhejiang,2010-12,1,1000000.0,1000000.0,1000000.0,1000000.0,0,0.0,2010-12-01,1.0,31512.0,0.0,1.0,48000.0,0.0,1.0,60590.0,0.0,1.0,44800.00000000001,0.0,1.0,15400.0,0.0,3.0,140102.0,0.0,6.0,685302.0,0.0,17.0,2360456.52,0.0,1000000.0,13.815511557963774,2011-03-01,0,1,0.4088669950738916,0.303179579041648,0.322884012539185,0.0523958799820868,12,4,2010,90,0.09859334370241411,0
Retail banking,External fraud,External event,Zhejiang,2011-01,1,3000.0,3000.0,3000.0,3000.0,0,1.0,2011-01-01,1.0,1000000.0,0.0,1.0,31512.0,0.0,1.0,48000.0,0.0,1.0,230400.0,0.0,1.0,60000.0,0.0,3.0,1079512.0,0.0,6.0,1640502.0,0.0,17.0,3345056.52,0.0,3000.0,8.006700845440367,2011-04-01,0,1,0.4088669950738916,0.303179579041648,0.322884012539185,0.0523958799820868,1,1,2011,90,0.062429789776944404,0
Retail banking,External fraud,External event,Zhejiang,2011-03,2,114000.0,57000.0,57000.0,105000.0,0,0.5,2011-03-01,1.0,3000.0,0.0,1.0,1000000.0,0.0,1.0,31512.0,0.0,1.0,270000.0,0.0,3.0,534850.0,0.0,3.0,1034512.0,0.0,6.0,1413102.0,0.0,17.0,3288056.52,0.0,57000.0,11.643962499267984,2011-05-30,0,1,0.4088669950738916,0.303179579041648,0.322884012539185,0.0523958799820868,3,1,2011,90,0.0827386694238,0
Retail banking,External fraud,External event,Zhejiang,2011-04,1,900000.0,900000.0,900000.0,900000.0,0,1.0,2011-04-01,2.0,114000.0,0.0,1.0,3000.0,0.0,1.0,1000000.0,0.0,1.0,60590.0,0.0,3.0,854245.9099999999,0.0,4.0,1117000.0,0.0,7.0,1257102.0,0.0,16.0,2867206.52,0.0,900000.0,13.71015115341694,2011-06-30,0,0,0.4088669950738916,0.303179579041648,0.322884012539185,0.0523958799820868,4,2,2011,90,0.11741631170958806,0
Retail banking,External fraud,External event,Zhejiang,2011-08,1,70000.0,70000.0,70000.0,70000.0,0,1.0,2011-08-01,1.0,900000.0,0.0,2.0,114000.0,0.0,1.0,3000.0,0.0,1.0,48000.0,0.0,2.0,54557.0,0.0,4.0,1017000.0,0.0,7.0,2096512.0,0.0,14.0,2912960.61,0.0,70000.0,11.156264806643742,2011-10-30,0,1,0.4088669950738916,0.303179579041648,0.322884012539185,0.0523958799820868,8,3,2011,90,0.07576906482330178,0
Retail banking,External fraud,External event,Zhejiang,2011-09,3,304500.0,101500.0,2500.0,300000.0,0,0.3333333333333333,2011-09-01,1.0,70000.0,0.0,1.0,900000.0,0.0,2.0,114000.0,0.0,1.0,31512.0,0.0,1.0,156101.61,0.0,4.0,1084000.0,0.0,7.0,2118512.0,0.0,13.0,2928403.61,0.0,101500.0,12.626429650198943,2011-11-30,0,1,0.4088669950738916,0.303179579041648,0.322884012539185,0.0523958799820868,9,3,2011,90,0.04421831822495839,0
Retail banking,External fraud,External event,Zhejiang,2011-10,1,2000.0,2000.0,2000.0,2000.0,0,0.0,2011-10-01,3.0,304500.0,0.0,1.0,70000.0,0.0,1.0,900000.0,0.0,1.0,1000000.0,0.0,1.0,44800.00000000001,0.0,5.0,1274500.0,0.0,9.0,2391500.0,0.0,15.0,3076802.0,0.0,2000.0,7.601402334583733,2011-12-30,0,0,0.4088669950738916,0.303179579041648,0.322884012539185,0.0523958799820868,10,4,2011,90,0.09619539020180387,0
Retail banking,External fraud,External event,Zhejiang,2013-04,1,5000000.0,5000000.0,5000000.0,5000000.0,0,0.0,2013-04-01,1.0,2000.0,0.0,3.0,304500.0,0.0,1.0,70000.0,0.0,1.0,3000.0,0.0,1.0,230400.0,0.0,5.0,376500.0,0.0,9.0,1393500.0,0.0,15.0,3034002.0,0.0,5000000.0,15.424948670398354,2013-06-30,0,0,0.4088669950738916,0.303179579041648,0.322884012539185,0.0523958799820868,4,2,2013,90,0.06460339662639052,0
Retail banking,External fraud,External event,Zhejiang,2014-06,1,2079500.0,2079500.0,2079500.0,2079500.0,0,0.0,2014-06-01,1.0,5000000.0,0.0,1.0,2000.0,0.0,3.0,304500.0,0.0,2.0,114000.0,0.0,1.0,270000.0,0.0,5.0,5306500.0,0.0,9.0,6390500.0,0.0,15.0,7803602.0,0.0,2079500.0,14.547638519049816,2014-08-30,0,0,0.4088669950738916,0.303179579041648,0.322884012539185,0.0523958799820868,6,2,2014,90,0.13786120760388537,0
Retail banking,External fraud,External event,Zhejiang,2018-03,1,12500000.0,12500000.0,12500000.0,12500000.0,1,1.0,2018-03-01,1.0,2079500.0,0.0,1.0,5000000.0,0.0,1.0,2000.0,0.0,1.0,900000.0,0.0,1.0,60590.0,0.0,3.0,7081500.0,0.0,8.0,8356000.0,0.0,15.0,9613102.0,0.0,12500000.0,16.341239282272525,2018-05-30,0,0,0.4088669950738916,0.303179579041648,0.322884012539185,0.0523958799820868,3,1,2018,90,0.11561685028777809,0
Retail banking,External fraud,External event,Zhejiang,2019-12,1,218800.0,218800.0,218800.0,218800.0,0,1.0,2019-12-01,1.0,12500000.0,1.0,1.0,2079500.0,0.0,1.0,5000000.0,0.0,1.0,70000.0,0.0,1.0,48000.0,0.0,3.0,19579500.0,1.0,8.0,19956000.0,1.0,15.0,22052512.0,1.0,218800.0,12.295917919903433,2020-02-29,0,0,0.4088669950738916,0.303179579041648,0.322884012539185,0.0523958799820868,12,4,2019,90,0.05777736737850608,0
Retail banking,External fraud,External event,Zhejiang,2020-09,1,268000.0,268000.0,268000.0,268000.0,0,1.0,2020-09-01,1.0,218800.0,0.0,1.0,12500000.0,1.0,1.0,2079500.0,0.0,3.0,304500.0,0.0,1.0,31512.0,0.0,3.0,14798300.0,1.0,8.0,20104800.0,1.0,15.0,22223312.0,1.0,268000.0,12.498745990829317,2020-11-30,0,0,0.4088669950738916,0.303179579041648,0.322884012539185,0.0523958799820868,9,3,2020,90,0.022335676520774866,0
Retail banking,External fraud,External event,"Zhejiang,Anhui",2011-05,1,13500.0,13500.0,13500.0,13500.0,0,1.0,2011-05-01,0.0,0.0,0.0,0.0,0.0,0.0,0.0,0.0,0.0,0.0,0.0,0.0,0.0,0.0,0.0,0.0,0.0,0.0,0.0,0.0,0.0,0.0,0.0,0.0,13500.0,9.510519035757246,2011-07-30,0,0,0.4088669950738916,0.303179579041648,0.322884012539185,0.0013434841021047,5,2,2011,90,0.04279180766715939,0
Retail banking,External fraud,External event,"Zhejiang,Anhui,Jiangxi,Henan,Sichuan,Guizhou",2009-06,1,810000.0,810000.0,810000.0,810000.0,0,0.0,2009-06-01,0.0,0.0,0.0,0.0,0.0,0.0,0.0,0.0,0.0,0.0,0.0,0.0,0.0,0.0,0.0,0.0,0.0,0.0,0.0,0.0,0.0,0.0,0.0,0.0,810000.0,13.60479076121576,2009-08-30,0,0,0.4088669950738916,0.303179579041648,0.322884012539185,0.0004478280340349,6,2,2009,90,0.11272211119056053,0
Retail banking,External fraud,External event,"Zhejiang,Guangdong",2011-03,1,34374.0,34374.0,34374.0,34374.0,0,1.0,2011-03-01,0.0,0.0,0.0,0.0,0.0,0.0,0.0,0.0,0.0,0.0,0.0,0.0,0.0,0.0,0.0,0.0,0.0,0.0,0.0,0.0,0.0,0.0,0.0,0.0,34374.0,10.445084834968872,2011-05-30,0,0,0.4088669950738916,0.303179579041648,0.322884012539185,0.0008956560680698,3,1,2011,90,0.04144382281588272,0
Retail banking,External fraud,External event,"Zhejiang,Hunan",2011-03,1,32000.0,32000.0,32000.0,32000.0,0,3.0,2011-03-01,0.0,0.0,0.0,0.0,0.0,0.0,0.0,0.0,0.0,0.0,0.0,0.0,0.0,0.0,0.0,0.0,0.0,0.0,0.0,0.0,0.0,0.0,0.0,0.0,32000.0,10.373522431293592,2011-05-30,0,0,0.4088669950738916,0.303179579041648,0.322884012539185,0.0017913121361397,3,1,2011,90,0.04144382281588272,0
Retail banking,External fraud,External event,"Zhejiang,Hunan,Hongkong",2011-10,1,361000.0,361000.0,361000.0,361000.0,0,2.0,2011-10-01,0.0,0.0,0.0,0.0,0.0,0.0,0.0,0.0,0.0,0.0,0.0,0.0,0.0,0.0,0.0,0.0,0.0,0.0,0.0,0.0,0.0,0.0,0.0,0.0,361000.0,12.796636007394284,2011-12-30,0,0,0.4088669950738916,0.303179579041648,0.322884012539185,0.0004478280340349,10,4,2011,90,0.09735936808253869,0
Retail banking,External fraud,External event,"Zhejiang,Jiangxi",2010-03,1,87100.00000000001,87100.00000000001,87100.00000000001,87100.00000000001,0,1.0,2010-03-01,0.0,0.0,0.0,0.0,0.0,0.0,0.0,0.0,0.0,0.0,0.0,0.0,0.0,0.0,0.0,0.0,0.0,0.0,0.0,0.0,0.0,0.0,0.0,0.0,87100.00000000001,11.374823643830943,2010-05-30,0,0,0.4088669950738916,0.303179579041648,0.322884012539185,0.0004478280340349,3,1,2010,90,0.06225022650719636,0
Retail banking,External fraud,External event,"Zhejiang,Jiangxi,Hubei",2011-04,1,80000.0,80000.0,80000.0,80000.0,0,0.0,2011-04-01,0.0,0.0,0.0,0.0,0.0,0.0,0.0,0.0,0.0,0.0,0.0,0.0,0.0,0.0,0.0,0.0,0.0,0.0,0.0,0.0,0.0,0.0,0.0,0.0,80000.0,11.289794413577894,2011-06-30,0,0,0.4088669950738916,0.303179579041648,0.322884012539185,0.0004478280340349,4,2,2011,90,0.06784887662682423,0
Retail banking,External fraud,External event,"Zhejiang,Shaanxi",2017-03,1,350000.0,350000.0,350000.0,350000.0,0,1.0,2017-03-01,0.0,0.0,0.0,0.0,0.0,0.0,0.0,0.0,0.0,0.0,0.0,0.0,0.0,0.0,0.0,0.0,0.0,0.0,0.0,0.0,0.0,0.0,0.0,0.0,350000.0,12.765691290604371,2017-05-30,0,0,0.4088669950738916,0.303179579041648,0.322884012539185,0.0004478280340349,3,1,2017,90,0.059756804775047336,0
Retail banking,External fraud,People,Anhui,2009-02,1,1652660.0,1652660.0,1652660.0,1652660.0,0,1.0,2009-02-01,0.0,0.0,0.0,0.0,0.0,0.0,0.0,0.0,0.0,0.0,0.0,0.0,0.0,0.0,0.0,0.0,0.0,0.0,0.0,0.0,0.0,0.0,0.0,0.0,1652660.0,14.317897274101348,2009-05-02,0,0,0.4088669950738916,0.303179579041648,0.4594715629198387,0.0250783699059561,2,1,2009,90,0.04549752245609426,0
Retail banking,External fraud,People,"Hebei,Hubei",2013-03,1,356000000.0,356000000.0,356000000.0,356000000.0,1,5.0,2013-03-01,0.0,0.0,0.0,0.0,0.0,0.0,0.0,0.0,0.0,0.0,0.0,0.0,0.0,0.0,0.0,0.0,0.0,0.0,0.0,0.0,0.0,0.0,0.0,0.0,356000000.0,19.69044129162529,2013-05-30,0,0,0.4088669950738916,0.303179579041648,0.4594715629198387,0.0008956560680698,3,1,2013,90,0.10038553249919967,0
Retail banking,External fraud,People,"Hunan,Guizhou",2009-02,1,30000.0,30000.0,30000.0,30000.0,0,1.0,2009-02-01,0.0,0.0,0.0,0.0,0.0,0.0,0.0,0.0,0.0,0.0,0.0,0.0,0.0,0.0,0.0,0.0,0.0,0.0,0.0,0.0,0.0,0.0,0.0,0.0,30000.0,10.308985993422082,2009-05-02,0,0,0.4088669950738916,0.303179579041648,0.4594715629198387,0.0004478280340349,2,1,2009,90,0.040406122881399845,0
Retail banking,External fraud,People,Shandong,2009-07,1,1000000.0,1000000.0,1000000.0,1000000.0,0,1.0,2009-07-01,0.0,0.0,0.0,0.0,0.0,0.0,0.0,0.0,0.0,0.0,0.0,0.0,0.0,0.0,0.0,0.0,0.0,0.0,0.0,0.0,0.0,0.0,0.0,0.0,1000000.0,13.815511557963774,2009-09-29,0,0,0.4088669950738916,0.303179579041648,0.4594715629198387,0.0501567398119122,7,3,2009,90,0.12143633253270776,0
Retail banking,External fraud,Process,Hunan,2008-04,1,11505.0,11505.0,11505.0,11505.0,0,2.0,2008-04-01,0.0,0.0,0.0,0.0,0.0,0.0,0.0,0.0,0.0,0.0,0.0,0.0,0.0,0.0,0.0,0.0,0.0,0.0,0.0,0.0,0.0,0.0,0.0,0.0,11505.0,9.350623917423238,2008-06-30,0,0,0.4088669950738916,0.303179579041648,0.2001791312136139,0.0277653381101656,4,2,2008,90,0.03186427327085016,0
Retail banking,External fraud,Process,Shanghai,2016-01,1,1500000.0,1500000.0,1500000.0,1500000.0,0,0.0,2016-01-01,0.0,0.0,0.0,0.0,0.0,0.0,0.0,0.0,0.0,0.0,0.0,0.0,0.0,0.0,0.0,0.0,0.0,0.0,0.0,0.0,0.0,0.0,0.0,0.0,1500000.0,14.220976332738882,2016-03-31,0,0,0.4088669950738916,0.303179579041648,0.2001791312136139,0.0452306314375279,1,1,2016,90,0.0937156095605462,0
Retail banking,External fraud,System,Anhui,2007-04,1,99900.0,99900.0,99900.0,99900.0,0,1.0,2007-04-01,0.0,0.0,0.0,0.0,0.0,0.0,0.0,0.0,0.0,0.0,0.0,0.0,0.0,0.0,0.0,0.0,0.0,0.0,0.0,0.0,0.0,0.0,0.0,0.0,99900.0,11.511934974596556,2007-06-30,0,0,0.4088669950738916,0.303179579041648,0.0174652933273622,0.0250783699059561,4,2,2007,90,0.0391392765013443,0
Retail banking,External fraud,System,Beijing,2010-03,1,70000.0,70000.0,70000.0,70000.0,0,1.0,2010-03-01,0.0,0.0,0.0,0.0,0.0,0.0,0.0,0.0,0.0,0.0,0.0,0.0,0.0,0.0,0.0,0.0,0.0,0.0,0.0,0.0,0.0,0.0,0.0,0.0,70000.0,11.156264806643742,2010-05-30,0,0,0.4088669950738916,0.303179579041648,0.0174652933273622,0.0940438871473354,3,1,2010,90,0.0511923327334203,0
Retail banking,External fraud,System,Fujian,2005-04,1,60000.0,60000.0,60000.0,60000.0,0,1.0,2005-04-01,0.0,0.0,0.0,0.0,0.0,0.0,0.0,0.0,0.0,0.0,0.0,0.0,0.0,0.0,0.0,0.0,0.0,0.0,0.0,0.0,0.0,0.0,0.0,0.0,60000.0,11.002116507732016,2005-06-30,0,0,0.4088669950738916,0.303179579041648,0.0174652933273622,0.0237348858038513,4,2,2005,90,0.02258009209478994,0
Retail banking,External fraud,System,Fujian,2005-07,1,62500.0,62500.0,62500.0,62500.0,0,1.0,2005-07-01,1.0,60000.0,0.0,0.0,0.0,0.0,0.0,0.0,0.0,0.0,0.0,0.0,0.0,0.0,0.0,1.0,60000.0,0.0,1.0,60000.0,0.0,1.0,60000.0,0.0,62500.0,11.042937835596494,2005-09-29,0,0,0.4088669950738916,0.303179579041648,0.0174652933273622,0.0237348858038513,7,3,2005,90,0.010850973359307176,0
Retail banking,External fraud,System,Fujian,2011-05,1,10800.0,10800.0,10800.0,10800.0,0,0.0,2011-05-01,1.0,62500.0,0.0,1.0,60000.0,0.0,0.0,0.0,0.0,0.0,0.0,0.0,0.0,0.0,0.0,2.0,122500.0,0.0,2.0,122500.0,0.0,2.0,122500.0,0.0,10800.0,9.287394001418471,2011-07-30,0,0,0.4088669950738916,0.303179579041648,0.0174652933273622,0.0237348858038513,5,2,2011,90,0.030994744201066463,0
Retail banking,External fraud,System,Guangdong,2001-02,1,270000.0,270000.0,270000.0,270000.0,0,0.0,2001-02-01,0.0,0.0,0.0,0.0,0.0,0.0,0.0,0.0,0.0,0.0,0.0,0.0,0.0,0.0,0.0,0.0,0.0,0.0,0.0,0.0,0.0,0.0,0.0,0.0,270000.0,12.506180941677355,2001-05-02,0,0,0.4088669950738916,0.303179579041648,0.0174652933273622,0.044782803403493,2,1,2001,90,0.08003638368072218,0
Retail banking,External fraud,System,Guangdong,2007-01,1,5000.0,5000.0,5000.0,5000.0,0,0.0,2007-01-01,1.0,270000.0,0.0,0.0,0.0,0.0,0.0,0.0,0.0,0.0,0.0,0.0,0.0,0.0,0.0,1.0,270000.0,0.0,1.0,270000.0,0.0,1.0,270000.0,0.0,5000.0,8.517393171418904,2007-04-01,0,0,0.4088669950738916,0.303179579041648,0.0174652933273622,0.044782803403493,1,1,2007,90,0.04984950996073727,0
Retail banking,External fraud,System,Jiangsu,2006-04,1,138500.0,138500.0,138500.0,138500.0,0,1.0,2006-04-01,0.0,0.0,0.0,0.0,0.0,0.0,0.0,0.0,0.0,0.0,0.0,0.0,0.0,0.0,0.0,0.0,0.0,0.0,0.0,0.0,0.0,0.0,0.0,0.0,138500.0,11.83863282480007,2006-06-30,0,0,0.4088669950738916,0.303179579041648,0.0174652933273622,0.032243618450515,4,2,2006,90,0.01909521604790921,0
Retail banking,External fraud,System,Jiangsu,2007-12,1,460000.0,460000.0,460000.0,460000.0,0,0.0,2007-12-01,1.0,138500.0,0.0,0.0,0.0,0.0,0.0,0.0,0.0,0.0,0.0,0.0,0.0,0.0,0.0,1.0,138500.0,0.0,1.0,138500.0,0.0,1.0,138500.0,0.0,460000.0,13.03898394237596,2008-02-29,0,0,0.4088669950738916,0.303179579041648,0.0174652933273622,0.032243618450515,12,4,2007,90,0.024329507485023563,0
Retail banking,External fraud,System,Jiangsu,2009-04,1,100000.0,100000.0,100000.0,100000.0,0,0.0,2009-04-01,1.0,460000.0,0.0,1.0,138500.0,0.0,0.0,0.0,0.0,0.0,0.0,0.0,0.0,0.0,0.0,2.0,598500.0,0.0,2.0,598500.0,0.0,2.0,598500.0,0.0,100000.0,11.51293546492023,2009-06-30,0,0,0.4088669950738916,0.303179579041648,0.0174652933273622,0.032243618450515,4,2,2009,90,0.03611254882407931,0
Retail banking,External fraud,System,Zhejiang,2009-03,1,180000.0,180000.0,180000.0,180000.0,0,1.0,2009-03-01,0.0,0.0,0.0,0.0,0.0,0.0,0.0,0.0,0.0,0.0,0.0,0.0,0.0,0.0,0.0,0.0,0.0,0.0,0.0,0.0,0.0,0.0,0.0,0.0,180000.0,12.100717685412471,2009-05-30,0,0,0.4088669950738916,0.303179579041648,0.0174652933273622,0.0523958799820868,3,1,2009,90,0.03494755017579272,0
Retail banking,External fraud,System,"Zhejiang,Guangxi",2016-03,1,300000.0,300000.0,300000.0,300000.0,0,0.0,2016-03-01,0.0,0.0,0.0,0.0,0.0,0.0,0.0,0.0,0.0,0.0,0.0,0.0,0.0,0.0,0.0,0.0,0.0,0.0,0.0,0.0,0.0,0.0,0.0,0.0,300000.0,12.611541086966117,2016-05-30,0,0,0.4088669950738916,0.303179579041648,0.0174652933273622,0.0008956560680698,3,1,2016,90,0.048792427434676156,0
Retail banking,Internal fraud,External event,Beijing,2012-03,1,5400000.0,5400000.0,5400000.0,5400000.0,0,1.0,2012-03-01,0.0,0.0,0.0,0.0,0.0,0.0,0.0,0.0,0.0,0.0,0.0,0.0,0.0,0.0,0.0,0.0,0.0,0.0,0.0,0.0,0.0,0.0,0.0,0.0,5400000.0,15.501909696719672,2012-05-30,0,0,0.4088669950738916,0.380653828929691,0.322884012539185,0.0940438871473354,3,1,2012,90,0.05484236933723237,0
Retail banking,Internal fraud,External event,Guangdong,2009-07,1,32697.0,32697.0,32697.0,32697.0,0,0.0,2009-07-01,0.0,0.0,0.0,0.0,0.0,0.0,0.0,0.0,0.0,0.0,0.0,0.0,0.0,0.0,0.0,0.0,0.0,0.0,0.0,0.0,0.0,0.0,0.0,0.0,32697.0,10.395069192935358,2009-09-29,0,0,0.4088669950738916,0.380653828929691,0.322884012539185,0.044782803403493,7,3,2009,90,0.07284885139324929,0
Retail banking,Internal fraud,External event,Shandong,2013-09,1,3000000.0,3000000.0,3000000.0,3000000.0,0,1.0,2013-09-01,0.0,0.0,0.0,0.0,0.0,0.0,0.0,0.0,0.0,0.0,0.0,0.0,0.0,0.0,0.0,0.0,0.0,0.0,0.0,0.0,0.0,0.0,0.0,0.0,3000000.0,14.914123179965662,2013-11-30,0,0,0.4088669950738916,0.380653828929691,0.322884012539185,0.0501567398119122,9,3,2013,90,0.053555372064122225,0
Retail banking,Internal fraud,External event,Sichuan,2014-08,1,570000.0,570000.0,570000.0,570000.0,0,0.0,2014-08-01,0.0,0.0,0.0,0.0,0.0,0.0,0.0,0.0,0.0,0.0,0.0,0.0,0.0,0.0,0.0,0.0,0.0,0.0,0.0,0.0,0.0,0.0,0.0,0.0,570000.0,13.25339339419516,2014-10-30,0,0,0.4088669950738916,0.380653828929691,0.322884012539185,0.0273175100761307,8,3,2014,90,0.07658972971439129,0
Retail banking,Internal fraud,External event,Zhejiang,2017-10,1,36740000.0,36740000.0,36740000.0,36740000.0,1,1.0,2017-10-01,0.0,0.0,0.0,0.0,0.0,0.0,0.0,0.0,0.0,0.0,0.0,0.0,0.0,0.0,0.0,0.0,0.0,0.0,0.0,0.0,0.0,0.0,0.0,0.0,36740000.0,17.419376664969544,2017-12-30,0,0,0.4088669950738916,0.380653828929691,0.322884012539185,0.0523958799820868,10,4,2017,90,0.07804655595164833,0
Retail banking,Internal fraud,People,Anhui,1996-08,1,800000.0,800000.0,800000.0,800000.0,0,1.0,1996-08-01,0.0,0.0,0.0,0.0,0.0,0.0,0.0,0.0,0.0,0.0,0.0,0.0,0.0,0.0,0.0,0.0,0.0,0.0,0.0,0.0,0.0,0.0,0.0,0.0,800000.0,13.592368256649284,1996-10-30,0,0,0.4088669950738916,0.380653828929691,0.4594715629198387,0.0250783699059561,8,3,1996,90,0.07291680619757054,0
Retail banking,Internal fraud,People,Anhui,2002-04,1,5975000.0,5975000.0,5975000.0,5975000.0,0,1.0,2002-04-01,1.0,800000.0,0.0,0.0,0.0,0.0,0.0,0.0,0.0,0.0,0.0,0.0,0.0,0.0,0.0,1.0,800000.0,0.0,1.0,800000.0,0.0,1.0,800000.0,0.0,5975000.0,15.60309482314585,2002-06-30,0,0,0.4088669950738916,0.380653828929691,0.4594715629198387,0.0250783699059561,4,2,2002,90,0.04564427224804296,0
Retail banking,Internal fraud,People,Anhui,2004-08,1,360000.0,360000.0,360000.0,360000.0,0,1.0,2004-08-01,1.0,5975000.0,0.0,1.0,800000.0,0.0,0.0,0.0,0.0,0.0,0.0,0.0,0.0,0.0,0.0,2.0,6775000.0,0.0,2.0,6775000.0,0.0,2.0,6775000.0,0.0,360000.0,12.793862088206213,2004-10-30,0,0,0.4088669950738916,0.380653828929691,0.4594715629198387,0.0250783699059561,8,3,2004,90,0.058493463571365714,0
Retail banking,Internal fraud,People,Anhui,2006-01,1,839500.0,839500.0,839500.0,839500.0,0,1.0,2006-01-01,1.0,360000.0,0.0,1.0,5975000.0,0.0,1.0,800000.0,0.0,0.0,0.0,0.0,0.0,0.0,0.0,3.0,7135000.0,0.0,3.0,7135000.0,0.0,3.0,7135000.0,0.0,839500.0,13.640562946684252,2006-04-01,0,0,0.4088669950738916,0.380653828929691,0.4594715629198387,0.0250783699059561,1,1,2006,90,0.08743838818255505,0
Retail banking,Internal fraud,People,Anhui,2008-06,1,602000.0,602000.0,602000.0,602000.0,0,0.0,2008-06-01,1.0,839500.0,0.0,1.0,360000.0,0.0,1.0,5975000.0,0.0,0.0,0.0,0.0,0.0,0.0,0.0,3.0,7174500.0,0.0,4.0,7974500.0,0.0,4.0,7974500.0,0.0,602000.0,13.308014385419147,2008-08-30,0,0,0.4088669950738916,0.380653828929691,0.4594715629198387,0.0250783699059561,6,2,2008,90,0.0658876616207383,0
Retail banking,Internal fraud,People,Anhui,2008-10,1,4435000.0,4435000.0,4435000.0,4435000.0,0,0.0,2008-10-01,1.0,602000.0,0.0,1.0,839500.0,0.0,1.0,360000.0,0.0,0.0,0.0,0.0,0.0,0.0,0.0,3.0,1801500.0,0.0,5.0,8576500.0,0.0,5.0,8576500.0,0.0,4435000.0,15.305038399204935,2008-12-30,0,0,0.4088669950738916,0.380653828929691,0.4594715629198387,0.0250783699059561,10,4,2008,90,0.11077479728611427,0
Retail banking,Internal fraud,People,Anhui,2009-11,1,2700000.0,2700000.0,2700000.0,2700000.0,0,1.0,2009-11-01,1.0,4435000.0,0.0,1.0,602000.0,0.0,1.0,839500.0,0.0,1.0,800000.0,0.0,0.0,0.0,0.0,3.0,5876500.0,0.0,6.0,13011500.0,0.0,6.0,13011500.0,0.0,2700000.0,14.80876270134486,2010-01-30,0,0,0.4088669950738916,0.380653828929691,0.4594715629198387,0.0250783699059561,11,4,2009,90,0.14246949690962596,0
Retail banking,Internal fraud,People,Anhui,2010-03,1,11000.0,11000.0,11000.0,11000.0,0,0.0,2010-03-01,1.0,2700000.0,0.0,1.0,4435000.0,0.0,1.0,602000.0,0.0,1.0,5975000.0,0.0,0.0,0.0,0.0,3.0,7737000.0,0.0,6.0,14911500.0,0.0,7.0,15711500.0,0.0,11000.0,9.305741456739437,2010-05-30,0,0,0.4088669950738916,0.380653828929691,0.4594715629198387,0.0250783699059561,3,1,2010,90,0.036143481711811504,0
Retail banking,Internal fraud,People,Anhui,2011-12,1,28730000.0,28730000.0,28730000.0,28730000.0,1,1.0,2011-12-01,1.0,11000.0,0.0,1.0,2700000.0,0.0,1.0,4435000.0,0.0,1.0,360000.0,0.0,0.0,0.0,0.0,3.0,7146000.0,0.0,6.0,8947500.0,0.0,8.0,15722500.0,0.0,28730000.0,17.173452465762296,2012-02-29,0,0,0.4088669950738916,0.380653828929691,0.4594715629198387,0.0250783699059561,12,4,2011,90,0.12904379550612569,0
Retail banking,Internal fraud,People,Anhui,2017-02,1,2056000.0,2056000.0,2056000.0,2056000.0,0,1.0,2017-02-01,1.0,28730000.0,1.0,1.0,11000.0,0.0,1.0,2700000.0,0.0,1.0,839500.0,0.0,0.0,0.0,0.0,3.0,31441000.0,1.0,6.0,37317500.0,1.0,9.0,44452500.0,1.0,2056000.0,14.536273391938398,2017-05-02,0,0,0.4088669950738916,0.380653828929691,0.4594715629198387,0.0250783699059561,2,1,2017,90,0.24868796453929684,0
Retail banking,Internal fraud,People,Anhui,2017-08,1,60000.0,60000.0,60000.0,60000.0,0,1.0,2017-08-01,1.0,2056000.0,0.0,1.0,28730000.0,1.0,1.0,11000.0,0.0,1.0,602000.0,0.0,0.0,0.0,0.0,3.0,30797000.0,1.0,6.0,38534000.0,1.0,10.0,46508500.0,1.0,60000.0,11.002116507732016,2017-10-30,0,0,0.4088669950738916,0.380653828929691,0.4594715629198387,0.0250783699059561,8,3,2017,90,0.03568580245756397,0
Retail banking,Internal fraud,People,Anhui,2017-11,1,7300000.0,7300000.0,7300000.0,7300000.0,0,1.0,2017-11-01,1.0,60000.0,0.0,1.0,2056000.0,0.0,1.0,28730000.0,1.0,1.0,4435000.0,0.0,0.0,0.0,0.0,3.0,30846000.0,1.0,6.0,37992000.0,1.0,11.0,46568500.0,1.0,7300000.0,15.803385043104912,2018-01-30,0,0,0.4088669950738916,0.380653828929691,0.4594715629198387,0.0250783699059561,11,4,2017,90,0.1753235108909407,0
Retail banking,Internal fraud,People,Anhui,2018-09,1,260000.0,260000.0,260000.0,260000.0,0,1.0,2018-09-01,1.0,7300000.0,0.0,1.0,60000.0,0.0,1.0,2056000.0,0.0,1.0,2700000.0,0.0,1.0,800000.0,0.0,3.0,9416000.0,0.0,6.0,40857000.0,1.0,12.0,53868500.0,1.0,260000.0,12.468440756144114,2018-11-30,0,0,0.4088669950738916,0.380653828929691,0.4594715629198387,0.0250783699059561,9,3,2018,90,0.0632058304564012,0
Retail banking,Internal fraud,People,"Anhui,Henan",2019-02,1,2780000.0,2780000.0,2780000.0,2780000.0,0,3.0,2019-02-01,0.0,0.0,0.0,0.0,0.0,0.0,0.0,0.0,0.0,0.0,0.0,0.0,0.0,0.0,0.0,0.0,0.0,0.0,0.0,0.0,0.0,0.0,0.0,0.0,2780000.0,14.837961845378985,2019-05-02,0,0,0.4088669950738916,0.380653828929691,0.4594715629198387,0.0004478280340349,2,1,2019,90,0.062484670387806966,0
Retail banking,Internal fraud,People,Beijing,1994-11,1,303487.0,303487.0,303487.0,303487.0,0,1.0,1994-11-01,0.0,0.0,0.0,0.0,0.0,0.0,0.0,0.0,0.0,0.0,0.0,0.0,0.0,0.0,0.0,0.0,0.0,0.0,0.0,0.0,0.0,0.0,0.0,0.0,303487.0,12.623097349985022,1995-01-30,0,0,0.4088669950738916,0.380653828929691,0.4594715629198387,0.0940438871473354,11,4,1994,90,0.17606781737152163,0
Retail banking,Internal fraud,People,Beijing,1998-04,1,1430000.0,1430000.0,1430000.0,1430000.0,0,1.0,1998-04-01,1.0,303487.0,0.0,0.0,0.0,0.0,0.0,0.0,0.0,0.0,0.0,0.0,0.0,0.0,0.0,1.0,303487.0,0.0,1.0,303487.0,0.0,1.0,303487.0,0.0,1430000.0,14.173185701536545,1998-06-30,0,0,0.4088669950738916,0.380653828929691,0.4594715629198387,0.0940438871473354,4,2,1998,90,0.03492528783474669,0
Retail banking,Internal fraud,People,Beijing,2002-02,1,280000000.0,280000000.0,280000000.0,280000000.0,1,1.0,2002-02-01,1.0,1430000.0,0.0,1.0,303487.0,0.0,0.0,0.0,0.0,0.0,0.0,0.0,0.0,0.0,0.0,2.0,1733487.0,0.0,2.0,1733487.0,0.0,2.0,1733487.0,0.0,280000000.0,19.450300164704952,2002-05-02,0,0,0.4088669950738916,0.380653828929691,0.4594715629198387,0.0940438871473354,2,1,2002,90,0.13301407367829743,0
Retail banking,Internal fraud,People,Beijing,2002-07,1,20000.0,20000.0,20000.0,20000.0,0,0.0,2002-07-01,1.0,280000000.0,1.0,1.0,1430000.0,0.0,1.0,303487.0,0.0,0.0,0.0,0.0,0.0,0.0,0.0,3.0,281733487.0,1.0,3.0,281733487.0,1.0,3.0,281733487.0,1.0,20000.0,9.90353755128617,2002-09-29,0,0,0.4088669950738916,0.380653828929691,0.4594715629198387,0.0940438871473354,7,3,2002,90,0.03753945707334953,0
Retail banking,Internal fraud,People,Beijing,2003-01,2,45950000.0,22975000.0,22975000.0,23450000.0,2,1.0,2003-01-01,1.0,20000.0,0.0,1.0,280000000.0,1.0,1.0,1430000.0,0.0,0.0,0.0,0.0,0.0,0.0,0.0,3.0,281450000.0,1.0,4.0,281753487.0,1.0,4.0,281753487.0,1.0,22975000.0,17.643064428528756,2003-04-01,0,0,0.4088669950738916,0.380653828929691,0.4594715629198387,0.0940438871473354,1,1,2003,90,0.3001296556071369,0
Retail banking,Internal fraud,People,Beijing,2003-09,1,38555000.0,38555000.0,38555000.0,38555000.0,1,1.0,2003-09-01,2.0,45950000.0,2.0,1.0,20000.0,0.0,1.0,280000000.0,1.0,0.0,0.0,0.0,0.0,0.0,0.0,4.0,325970000.0,3.0,6.0,327703487.0,3.0,6.0,327703487.0,3.0,38555000.0,17.467596377186172,2003-11-30,0,0,0.4088669950738916,0.380653828929691,0.4594715629198387,0.0940438871473354,9,3,2003,90,0.2814160479179216,0
Retail banking,Internal fraud,People,Beijing,2006-01,1,200000.0,200000.0,200000.0,200000.0,0,0.0,2006-01-01,1.0,38555000.0,1.0,2.0,45950000.0,2.0,1.0,20000.0,0.0,1.0,303487.0,0.0,0.0,0.0,0.0,4.0,84525000.0,3.0,7.0,366258487.0,4.0,7.0,366258487.0,4.0,200000.0,12.206077645517674,2006-04-01,0,0,0.4088669950738916,0.380653828929691,0.4594715629198387,0.0940438871473354,1,1,2006,90,0.05755802936889665,0
Retail banking,Internal fraud,People,Beijing,2006-09,2,31830000.0,15915000.0,15915000.0,17000000.0,2,0.5,2006-09-01,1.0,200000.0,0.0,1.0,38555000.0,1.0,2.0,45950000.0,2.0,1.0,1430000.0,0.0,0.0,0.0,0.0,4.0,84705000.0,3.0,7.0,366155000.0,4.0,8.0,366458487.0,4.0,15915000.0,17.27591983067518,2006-11-30,0,0,0.4088669950738916,0.380653828929691,0.4594715629198387,0.0940438871473354,9,3,2006,90,0.36667908984865716,1
Retail banking,Internal fraud,People,Beijing,2008-01,1,20000.0,20000.0,20000.0,20000.0,0,0.0,2008-01-01,2.0,31830000.0,2.0,1.0,200000.0,0.0,1.0,38555000.0,1.0,1.0,280000000.0,1.0,0.0,0.0,0.0,4.0,70585000.0,3.0,8.0,396555000.0,6.0,10.0,398288487.0,6.0,20000.0,9.90353755128617,2008-03-31,0,0,0.4088669950738916,0.380653828929691,0.4594715629198387,0.0940438871473354,1,1,2008,90,0.09392786988302387,0
Retail banking,Internal fraud,People,Beijing,2008-05,1,2240000.0,2240000.0,2240000.0,2240000.0,0,1.0,2008-05-01,1.0,20000.0,0.0,2.0,31830000.0,2.0,1.0,200000.0,0.0,1.0,20000.0,0.0,0.0,0.0,0.0,4.0,32050000.0,2.0,8.0,116575000.0,5.0,11.0,398308487.0,6.0,2240000.0,14.621986870259695,2008-07-30,0,0,0.4088669950738916,0.380653828929691,0.4594715629198387,0.0940438871473354,5,2,2008,90,0.21840762427800248,0
Retail banking,Internal fraud,People,Beijing,2009-05,1,90000.0,90000.0,90000.0,90000.0,0,0.0,2009-05-01,1.0,2240000.0,0.0,1.0,20000.0,0.0,2.0,31830000.0,2.0,2.0,45950000.0,2.0,0.0,0.0,0.0,4.0,34090000.0,2.0,8.0,118795000.0,5.0,12.0,400548487.0,6.0,90000.0,11.407576060361786,2009-07-30,0,0,0.4088669950738916,0.380653828929691,0.4594715629198387,0.0940438871473354,5,2,2009,90,0.09392882925915327,0
Retail banking,Internal fraud,People,Beijing,2009-08,1,90000.0,90000.0,90000.0,90000.0,0,0.0,2009-08-01,1.0,90000.0,0.0,1.0,2240000.0,0.0,1.0,20000.0,0.0,1.0,38555000.0,1.0,0.0,0.0,0.0,3.0,2350000.0,0.0,7.0,72935000.0,3.0,13.0,400638487.0,6.0,90000.0,11.407576060361786,2009-10-30,0,0,0.4088669950738916,0.380653828929691,0.4594715629198387,0.0940438871473354,8,3,2009,90,0.08506155793981655,0
Retail banking,Internal fraud,People,Beijing,2010-02,1,82000.0,82000.0,82000.0,82000.0,0,0.0,2010-02-01,1.0,90000.0,0.0,1.0,90000.0,0.0,1.0,2240000.0,0.0,1.0,200000.0,0.0,1.0,303487.0,0.0,3.0,2420000.0,0.0,7.0,34470000.0,2.0,14.0,400728487.0,6.0,82000.0,11.31448672129398,2010-05-02,0,0,0.4088669950738916,0.380653828929691,0.4594715629198387,0.0940438871473354,2,1,2010,90,0.04868157772160413,0
Retail banking,Internal fraud,People,Beijing,2011-09,1,20000000.0,20000000.0,20000000.0,20000000.0,1,0.0,2011-09-01,1.0,82000.0,0.0,1.0,90000.0,0.0,1.0,90000.0,0.0,2.0,31830000.0,2.0,1.0,1430000.0,0.0,3.0,262000.0,0.0,7.0,34352000.0,2.0,14.0,400507000.0,6.0,20000000.0,16.811242881518265,2011-11-30,0,0,0.4088669950738916,0.380653828929691,0.4594715629198387,0.0940438871473354,9,3,2011,90,0.17953995327512787,0
Retail banking,Internal fraud,People,Beijing,2012-08,1,1500000.0,1500000.0,1500000.0,1500000.0,0,2.0,2012-08-01,1.0,20000000.0,1.0,1.0,82000.0,0.0,1.0,90000.0,0.0,1.0,20000.0,0.0,1.0,280000000.0,1.0,3.0,20172000.0,1.0,6.0,22522000.0,1.0,14.0,419077000.0,7.0,1500000.0,14.220976332738882,2012-10-30,0,0,0.4088669950738916,0.380653828929691,0.4594715629198387,0.0940438871473354,8,3,2012,90,0.2210675098598287,0
Retail banking,Internal fraud,People,Beijing,2013-01,1,3110000.0,3110000.0,3110000.0,3110000.0,0,0.0,2013-01-01,1.0,1500000.0,0.0,1.0,20000000.0,1.0,1.0,82000.0,0.0,1.0,2240000.0,0.0,1.0,20000.0,0.0,3.0,21582000.0,1.0,6.0,24002000.0,1.0,14.0,140577000.0,6.0,3110000.0,14.950133605698774,2013-04-01,0,0,0.4088669950738916,0.380653828929691,0.4594715629198387,0.0940438871473354,1,1,2013,90,0.2303544206682121,0
Retail banking,Internal fraud,People,Beijing,2015-04,1,1800000.0,1800000.0,1800000.0,1800000.0,0,1.0,2015-04-01,1.0,3110000.0,0.0,1.0,1500000.0,0.0,1.0,20000000.0,1.0,1.0,90000.0,0.0,2.0,45950000.0,2.0,3.0,24610000.0,1.0,6.0,24872000.0,1.0,14.0,143667000.0,6.0,1800000.0,14.403297778421797,2015-06-30,0,0,0.4088669950738916,0.380653828929691,0.4594715629198387,0.0940438871473354,4,2,2015,90,0.24506897226402563,0
Retail banking,Internal fraud,People,Beijing,2019-03,1,2000000.0,2000000.0,2000000.0,2000000.0,0,1.0,2019-03-01,1.0,1800000.0,0.0,1.0,3110000.0,0.0,1.0,1500000.0,0.0,1.0,90000.0,0.0,1.0,38555000.0,1.0,3.0,6410000.0,0.0,6.0,26582000.0,1.0,13.0,99517000.0,4.0,2000000.0,14.508658238524095,2019-05-30,0,0,0.4088669950738916,0.380653828929691,0.4594715629198387,0.0940438871473354,3,1,2019,90,0.24514563775492274,0
Retail banking,Internal fraud,People,"Beijing,Anhui",1994-07,1,76400000.0,76400000.0,76400000.0,76400000.0,1,1.0,1994-07-01,0.0,0.0,0.0,0.0,0.0,0.0,0.0,0.0,0.0,0.0,0.0,0.0,0.0,0.0,0.0,0.0,0.0,0.0,0.0,0.0,0.0,0.0,0.0,0.0,76400000.0,18.151493267225757,1994-09-29,0,0,0.4088669950738916,0.380653828929691,0.4594715629198387,0.0031347962382445,7,3,1994,90,0.11334973322254432,0
Retail banking,Internal fraud,People,"Beijing,Hunan",2015-08,1,6970000.0,6970000.0,6970000.0,6970000.0,0,1.0,2015-08-01,0.0,0.0,0.0,0.0,0.0,0.0,0.0,0.0,0.0,0.0,0.0,0.0,0.0,0.0,0.0,0.0,0.0,0.0,0.0,0.0,0.0,0.0,0.0,0.0,6970000.0,15.75712592620872,2015-10-30,0,0,0.4088669950738916,0.380653828929691,0.4594715629198387,0.0008956560680698,8,3,2015,90,0.059558023340031546,0
Retail banking,Internal fraud,People,"Beijing,Jiangsu",2016-11,1,26600000.0,26600000.0,26600000.0,26600000.0,1,1.0,2016-11-01,0.0,0.0,0.0,0.0,0.0,0.0,0.0,0.0,0.0,0.0,0.0,0.0,0.0,0.0,0.0,0.0,0.0,0.0,0.0,0.0,0.0,0.0,0.0,0.0,26600000.0,17.096421811345913,2017-01-30,0,0,0.4088669950738916,0.380653828929691,0.4594715629198387,0.0031347962382445,11,4,2016,90,0.1400743512139024,0
Retail banking,Internal fraud,People,"Beijing,Jiangxi",2020-03,1,22390000.0,22390000.0,22390000.0,22390000.0,1,1.0,2020-03-01,0.0,0.0,0.0,0.0,0.0,0.0,0.0,0.0,0.0,0.0,0.0,0.0,0.0,0.0,0.0,0.0,0.0,0.0,0.0,0.0,0.0,0.0,0.0,0.0,22390000.0,16.924125033237733,2020-05-30,0,0,0.4088669950738916,0.380653828929691,0.4594715629198387,0.0026869682042095,3,1,2020,90,0.07899333941499373,0
Retail banking,Internal fraud,People,"Beijing,Shandong",2014-03,1,1160000.0,1160000.0,1160000.0,1160000.0,0,1.0,2014-03-01,0.0,0.0,0.0,0.0,0.0,0.0,0.0,0.0,0.0,0.0,0.0,0.0,0.0,0.0,0.0,0.0,0.0,0.0,0.0,0.0,0.0,0.0,0.0,0.0,1160000.0,13.96393142515114,2014-05-30,0,0,0.4088669950738916,0.380653828929691,0.4594715629198387,0.0035826242722794,3,1,2014,90,0.05938174379397973,0
Retail banking,Internal fraud,People,"Beijing,Shanghai,Fujian",2013-04,1,188000000.0,188000000.0,188000000.0,188000000.0,1,2.0,2013-04-01,0.0,0.0,0.0,0.0,0.0,0.0,0.0,0.0,0.0,0.0,0.0,0.0,0.0,0.0,0.0,0.0,0.0,0.0,0.0,0.0,0.0,0.0,0.0,0.0,188000000.0,19.05195252611337,2013-06-30,0,0,0.4088669950738916,0.380653828929691,0.4594715629198387,0.0004478280340349,4,2,2013,90,0.09270062337728317,0
Retail banking,Internal fraud,People,"Beijing,Shanghai,Jiangsu",2011-09,1,44000000.0,44000000.0,44000000.0,44000000.0,1,2.0,2011-09-01,0.0,0.0,0.0,0.0,0.0,0.0,0.0,0.0,0.0,0.0,0.0,0.0,0.0,0.0,0.0,0.0,0.0,0.0,0.0,0.0,0.0,0.0,0.0,0.0,44000000.0,17.599700214609808,2011-11-30,0,0,0.4088669950738916,0.380653828929691,0.4594715629198387,0.0004478280340349,9,3,2011,90,0.09115954089540766,0
Retail banking,Internal fraud,People,"Beijing,Tianjin,Shanxi",2005-08,1,900000.0,900000.0,900000.0,900000.0,0,1.0,2005-08-01,0.0,0.0,0.0,0.0,0.0,0.0,0.0,0.0,0.0,0.0,0.0,0.0,0.0,0.0,0.0,0.0,0.0,0.0,0.0,0.0,0.0,0.0,0.0,0.0,900000.0,13.71015115341694,2005-10-30,0,0,0.4088669950738916,0.380653828929691,0.4594715629198387,0.0004478280340349,8,3,2005,90,0.07210500717605443,0
Retail banking,Internal fraud,People,Chongqing,2003-08,1,100000.0,100000.0,100000.0,100000.0,0,1.0,2003-08-01,0.0,0.0,0.0,0.0,0.0,0.0,0.0,0.0,0.0,0.0,0.0,0.0,0.0,0.0,0.0,0.0,0.0,0.0,0.0,0.0,0.0,0.0,0.0,0.0,100000.0,11.51293546492023,2003-10-30,0,0,0.4088669950738916,0.380653828929691,0.4594715629198387,0.0232870577698163,8,3,2003,90,0.09793985944727805,0
Retail banking,Internal fraud,People,Chongqing,2005-02,2,12100000.0,6050000.0,6050000.0,10000000.0,1,0.0,2005-02-01,1.0,100000.0,0.0,0.0,0.0,0.0,0.0,0.0,0.0,0.0,0.0,0.0,0.0,0.0,0.0,1.0,100000.0,0.0,1.0,100000.0,0.0,1.0,100000.0,0.0,6050000.0,16.308716093211594,2005-05-02,0,0,0.4088669950738916,0.380653828929691,0.4594715629198387,0.0232870577698163,2,1,2005,90,0.046804965505192184,0
Retail banking,Internal fraud,People,Chongqing,2005-12,1,429600.0,429600.0,429600.0,429600.0,0,1.0,2005-12-01,2.0,12100000.0,1.0,1.0,100000.0,0.0,0.0,0.0,0.0,0.0,0.0,0.0,0.0,0.0,0.0,3.0,12200000.0,1.0,3.0,12200000.0,1.0,3.0,12200000.0,1.0,429600.0,12.970612149920823,2006-03-01,0,1,0.4088669950738916,0.380653828929691,0.4594715629198387,0.0232870577698163,12,4,2005,90,0.03184257257296626,0
Retail banking,Internal fraud,People,Chongqing,2006-01,1,8910000.0,8910000.0,8910000.0,8910000.0,0,1.0,2006-01-01,1.0,429600.0,0.0,2.0,12100000.0,1.0,1.0,100000.0,0.0,0.0,0.0,0.0,0.0,0.0,0.0,4.0,12629600.0,1.0,4.0,12629600.0,1.0,4.0,12629600.0,1.0,8910000.0,16.002684911680433,2006-04-01,0,1,0.4088669950738916,0.380653828929691,0.4594715629198387,0.0232870577698163,1,1,2006,90,0.1957882502770805,0
Retail banking,Internal fraud,People,Chongqing,2006-04,1,150000.0,150000.0,150000.0,150000.0,0,0.0,2006-04-01,1.0,8910000.0,0.0,1.0,429600.0,0.0,2.0,12100000.0,1.0,0.0,0.0,0.0,0.0,0.0,0.0,4.0,21439600.0,1.0,5.0,21539600.0,1.0,5.0,21539600.0,1.0,150000.0,11.918397239722838,2006-06-30,0,0,0.4088669950738916,0.380653828929691,0.4594715629198387,0.0232870577698163,4,2,2006,90,0.026995393069261613,0
Retail banking,Internal fraud,People,Chongqing,2007-03,1,15000.0,15000.0,15000.0,15000.0,0,0.0,2007-03-01,1.0,150000.0,0.0,1.0,8910000.0,0.0,1.0,429600.0,0.0,0.0,0.0,0.0,0.0,0.0,0.0,3.0,9489600.0,0.0,6.0,21689600.0,1.0,6.0,21689600.0,1.0,15000.0,9.61587214452889,2007-05-30,0,0,0.4088669950738916,0.380653828929691,0.4594715629198387,0.0232870577698163,3,1,2007,90,0.04410195746952896,0
Retail banking,Internal fraud,People,Chongqing,2009-12,1,4000000.0,4000000.0,4000000.0,4000000.0,0,0.0,2009-12-01,1.0,15000.0,0.0,1.0,150000.0,0.0,1.0,8910000.0,0.0,1.0,100000.0,0.0,0.0,0.0,0.0,3.0,9075000.0,0.0,7.0,21704600.0,1.0,7.0,21704600.0,1.0,4000000.0,15.201805169084134,2010-03-01,0,0,0.4088669950738916,0.380653828929691,0.4594715629198387,0.0232870577698163,12,4,2009,90,0.18224650787329782,0
Retail banking,Internal fraud,People,Chongqing,2010-04,1,1329866.0,1329866.0,1329866.0,1329866.0,0,0.0,2010-04-01,1.0,4000000.0,0.0,1.0,15000.0,0.0,1.0,150000.0,0.0,2.0,12100000.0,1.0,0.0,0.0,0.0,3.0,4165000.0,0.0,7.0,25604600.0,1.0,8.0,25704600.0,1.0,1329866.0,14.100589495197603,2010-06-30,1,1,0.4088669950738916,0.380653828929691,0.4594715629198387,0.0232870577698163,4,2,2010,90,0.6490321357339194,1
Retail banking,Internal fraud,People,Chongqing,2010-05,1,75400000.0,75400000.0,75400000.0,75400000.0,1,0.0,2010-05-01,1.0,1329866.0,0.0,1.0,4000000.0,0.0,1.0,15000.0,0.0,1.0,429600.0,0.0,0.0,0.0,0.0,3.0,5344866.0,0.0,6.0,14834466.0,0.0,9.0,27034466.0,1.0,75400000.0,18.138317846240785,2010-07-30,0,1,0.4088669950738916,0.380653828929691,0.4594715629198387,0.0232870577698163,5,2,2010,90,0.1765040900768319,0
Retail banking,Internal fraud,People,Chongqing,2010-06,2,600000.0,300000.0,300000.0,300000.0,0,0.0,2010-06-01,1.0,75400000.0,1.0,1.0,1329866.0,0.0,1.0,4000000.0,0.0,1.0,8910000.0,0.0,0.0,0.0,0.0,3.0,80729866.0,1.0,6.0,89804866.0,1.0,10.0,102434466.0,2.0,300000.0,13.304686600863562,2010-08-30,0,0,0.4088669950738916,0.380653828929691,0.4594715629198387,0.0232870577698163,6,2,2010,90,0.05824223298706227,0
Retail banking,Internal fraud,People,Chongqing,2014-08,1,6000000.0,6000000.0,6000000.0,6000000.0,0,0.0,2014-08-01,2.0,600000.0,0.0,1.0,75400000.0,1.0,1.0,1329866.0,0.0,1.0,150000.0,0.0,0.0,0.0,0.0,4.0,77329866.0,1.0,7.0,81494866.0,1.0,12.0,103034466.0,2.0,6000000.0,15.607270193858982,2014-10-30,0,0,0.4088669950738916,0.380653828929691,0.4594715629198387,0.0232870577698163,8,3,2014,90,0.2314550999329299,0
Retail banking,Internal fraud,People,Fujian,2001-08,1,650000.0,650000.0,650000.0,650000.0,0,0.0,2001-08-01,0.0,0.0,0.0,0.0,0.0,0.0,0.0,0.0,0.0,0.0,0.0,0.0,0.0,0.0,0.0,0.0,0.0,0.0,0.0,0.0,0.0,0.0,0.0,0.0,650000.0,13.384729180332174,2001-10-30,0,0,0.4088669950738916,0.380653828929691,0.4594715629198387,0.0237348858038513,8,3,2001,90,0.07449113223014882,0
Retail banking,Internal fraud,People,Fujian,2005-06,1,108408.0,108408.0,108408.0,108408.0,0,1.0,2005-06-01,1.0,650000.0,0.0,0.0,0.0,0.0,0.0,0.0,0.0,0.0,0.0,0.0,0.0,0.0,0.0,1.0,650000.0,0.0,1.0,650000.0,0.0,1.0,650000.0,0.0,108408.0,11.593666390371489,2005-08-30,0,0,0.4088669950738916,0.380653828929691,0.4594715629198387,0.0237348858038513,6,2,2005,90,0.010275584071697158,0
Retail banking,Internal fraud,People,Fujian,2008-10,1,34000.0,34000.0,34000.0,34000.0,0,0.0,2008-10-01,1.0,108408.0,0.0,1.0,650000.0,0.0,0.0,0.0,0.0,0.0,0.0,0.0,0.0,0.0,0.0,2.0,758408.0,0.0,2.0,758408.0,0.0,2.0,758408.0,0.0,34000.0,10.434145214930489,2008-12-30,0,0,0.4088669950738916,0.380653828929691,0.4594715629198387,0.0237348858038513,10,4,2008,90,0.03212999531332172,0
Retail banking,Internal fraud,People,Fujian,2009-03,1,180000.0,180000.0,180000.0,180000.0,0,0.0,2009-03-01,1.0,34000.0,0.0,1.0,108408.0,0.0,1.0,650000.0,0.0,0.0,0.0,0.0,0.0,0.0,0.0,3.0,792408.0,0.0,3.0,792408.0,0.0,3.0,792408.0,0.0,180000.0,12.100717685412471,2009-05-30,0,0,0.4088669950738916,0.380653828929691,0.4594715629198387,0.0237348858038513,3,1,2009,90,0.025167480493302634,0
Retail banking,Internal fraud,People,Fujian,2012-06,1,37248400.0,37248400.0,37248400.0,37248400.0,1,1.0,2012-06-01,1.0,180000.0,0.0,1.0,34000.0,0.0,1.0,108408.0,0.0,0.0,0.0,0.0,0.0,0.0,0.0,3.0,322408.0,0.0,4.0,972408.0,0.0,4.0,972408.0,0.0,37248400.0,17.43311957569399,2012-08-30,0,0,0.4088669950738916,0.380653828929691,0.4594715629198387,0.0237348858038513,6,2,2012,90,0.11492866685502125,0
Retail banking,Internal fraud,People,Fujian,2013-03,1,31600000.0,31600000.0,31600000.0,31600000.0,1,1.0,2013-03-01,1.0,37248400.0,1.0,1.0,180000.0,0.0,1.0,34000.0,0.0,0.0,0.0,0.0,0.0,0.0,0.0,3.0,37462400.0,1.0,5.0,38220808.0,1.0,5.0,38220808.0,1.0,31600000.0,17.26866771020271,2013-05-30,0,0,0.4088669950738916,0.380653828929691,0.4594715629198387,0.0237348858038513,3,1,2013,90,0.2945470430192798,0
Retail banking,Internal fraud,People,Gansu,1996-05,1,450000.0,450000.0,450000.0,450000.0,0,0.0,1996-05-01,0.0,0.0,0.0,0.0,0.0,0.0,0.0,0.0,0.0,0.0,0.0,0.0,0.0,0.0,0.0,0.0,0.0,0.0,0.0,0.0,0.0,0.0,0.0,0.0,450000.0,13.017005083966255,1996-07-30,0,0,0.4088669950738916,0.380653828929691,0.4594715629198387,0.0076130765785938,5,2,1996,90,0.11297207374044066,0
Retail banking,Internal fraud,People,Gansu,2001-05,1,22500000.0,22500000.0,22500000.0,22500000.0,1,1.0,2001-05-01,1.0,450000.0,0.0,0.0,0.0,0.0,0.0,0.0,0.0,0.0,0.0,0.0,0.0,0.0,0.0,1.0,450000.0,0.0,1.0,450000.0,0.0,1.0,450000.0,0.0,22500000.0,16.929025911619092,2001-07-30,0,0,0.4088669950738916,0.380653828929691,0.4594715629198387,0.0076130765785938,5,2,2001,90,0.052623387350312745,0
Retail banking,Internal fraud,People,Gansu,2002-10,1,150000.0,150000.0,150000.0,150000.0,0,1.0,2002-10-01,1.0,22500000.0,1.0,1.0,450000.0,0.0,0.0,0.0,0.0,0.0,0.0,0.0,0.0,0.0,0.0,2.0,22950000.0,1.0,2.0,22950000.0,1.0,2.0,22950000.0,1.0,150000.0,11.918397239722838,2002-12-30,0,0,0.4088669950738916,0.380653828929691,0.4594715629198387,0.0076130765785938,10,4,2002,90,0.02056396981584096,0
Retail banking,Internal fraud,People,Gansu,2016-05,1,3000000.0,3000000.0,3000000.0,3000000.0,0,0.0,2016-05-01,1.0,150000.0,0.0,1.0,22500000.0,1.0,1.0,450000.0,0.0,0.0,0.0,0.0,0.0,0.0,0.0,3.0,23100000.0,1.0,3.0,23100000.0,1.0,3.0,23100000.0,1.0,3000000.0,14.914123179965662,2016-07-30,0,0,0.4088669950738916,0.380653828929691,0.4594715629198387,0.0076130765785938,5,2,2016,90,0.3039123849885762,0
Retail banking,Internal fraud,People,"Gansu,Macao",2018-12,1,5160000.0,5160000.0,5160000.0,5160000.0,0,1.0,2018-12-01,0.0,0.0,0.0,0.0,0.0,0.0,0.0,0.0,0.0,0.0,0.0,0.0,0.0,0.0,0.0,0.0,0.0,0.0,0.0,0.0,0.0,0.0,0.0,0.0,5160000.0,15.456447331256175,2019-03-01,0,0,0.4088669950738916,0.380653828929691,0.4594715629198387,0.0004478280340349,12,4,2018,90,0.06904280155232334,0
Retail banking,Internal fraud,People,Guangdong,1993-07,1,980000.0,980000.0,980000.0,980000.0,0,0.0,1993-07-01,0.0,0.0,0.0,0.0,0.0,0.0,0.0,0.0,0.0,0.0,0.0,0.0,0.0,0.0,0.0,0.0,0.0,0.0,0.0,0.0,0.0,0.0,0.0,0.0,980000.0,13.795308871054395,1993-09-29,0,0,0.4088669950738916,0.380653828929691,0.4594715629198387,0.044782803403493,7,3,1993,90,0.07843748892552992,0
Retail banking,Internal fraud,People,Guangdong,1995-02,1,13989300.0,13989300.0,13989300.0,13989300.0,1,1.0,1995-02-01,1.0,980000.0,0.0,0.0,0.0,0.0,0.0,0.0,0.0,0.0,0.0,0.0,0.0,0.0,0.0,1.0,980000.0,0.0,1.0,980000.0,0.0,1.0,980000.0,0.0,13989300.0,16.453803381133223,1995-05-02,0,0,0.4088669950738916,0.380653828929691,0.4594715629198387,0.044782803403493,2,1,1995,90,0.04578295641451822,0
Retail banking,Internal fraud,People,Guangdong,2000-04,1,120000000.0,120000000.0,120000000.0,120000000.0,1,1.0,2000-04-01,1.0,13989300.0,1.0,1.0,980000.0,0.0,0.0,0.0,0.0,0.0,0.0,0.0,0.0,0.0,0.0,2.0,14969300.0,1.0,2.0,14969300.0,1.0,2.0,14969300.0,1.0,120000000.0,18.603002309079653,2000-06-30,0,1,0.4088669950738916,0.380653828929691,0.4594715629198387,0.044782803403493,4,2,2000,90,0.20133160150119558,0
Retail banking,Internal fraud,People,Guangdong,2000-05,1,1137190.0,1137190.0,1137190.0,1137190.0,0,1.0,2000-05-01,1.0,120000000.0,1.0,1.0,13989300.0,1.0,1.0,980000.0,0.0,0.0,0.0,0.0,0.0,0.0,0.0,3.0,134969300.0,2.0,3.0,134969300.0,2.0,3.0,134969300.0,2.0,1137190.0,13.944071744552495,2000-07-30,0,0,0.4088669950738916,0.380653828929691,0.4594715629198387,0.044782803403493,5,2,2000,90,0.22032935642716467,0
Retail banking,Internal fraud,People,Guangdong,2000-12,1,49690000.0,49690000.0,49690000.0,49690000.0,1,1.0,2000-12-01,1.0,1137190.0,0.0,1.0,120000000.0,1.0,1.0,13989300.0,1.0,0.0,0.0,0.0,0.0,0.0,0.0,3.0,135126490.0,2.0,4.0,136106490.0,2.0,4.0,136106490.0,2.0,49690000.0,17.721314283703276,2001-03-01,0,1,0.4088669950738916,0.380653828929691,0.4594715629198387,0.044782803403493,12,4,2000,90,0.3367545306720776,1
Retail banking,Internal fraud,People,Guangdong,2001-02,1,870000.0,870000.0,870000.0,870000.0,0,1.0,2001-02-01,1.0,49690000.0,1.0,1.0,1137190.0,0.0,1.0,120000000.0,1.0,0.0,0.0,0.0,0.0,0.0,0.0,3.0,170827190.0,2.0,5.0,185796490.0,3.0,5.0,185796490.0,3.0,870000.0,13.676249640055394,2001-05-02,0,1,0.4088669950738916,0.380653828929691,0.4594715629198387,0.044782803403493,2,1,2001,90,0.13112371920016866,0
Retail banking,Internal fraud,People,Guangdong,2001-04,1,3590000.0,3590000.0,3590000.0,3590000.0,0,1.0,2001-04-01,1.0,870000.0,0.0,1.0,49690000.0,1.0,1.0,1137190.0,0.0,1.0,980000.0,0.0,0.0,0.0,0.0,3.0,51697190.0,1.0,6.0,186666490.0,3.0,6.0,186666490.0,3.0,3590000.0,15.093663039015954,2001-06-30,0,0,0.4088669950738916,0.380653828929691,0.4594715629198387,0.044782803403493,4,2,2001,90,0.2672366501262931,0
Retail banking,Internal fraud,People,Guangdong,2002-08,1,2920000.0,2920000.0,2920000.0,2920000.0,0,0.0,2002-08-01,1.0,3590000.0,0.0,1.0,870000.0,0.0,1.0,49690000.0,1.0,1.0,13989300.0,1.0,0.0,0.0,0.0,3.0,54150000.0,1.0,6.0,189276490.0,3.0,7.0,190256490.0,3.0,2920000.0,14.887094516710158,2002-10-30,0,0,0.4088669950738916,0.380653828929691,0.4594715629198387,0.044782803403493,8,3,2002,90,0.26888509916836334,0
Retail banking,Internal fraud,People,Guangdong,2002-12,1,2310000.0,2310000.0,2310000.0,2310000.0,0,1.0,2002-12-01,1.0,2920000.0,0.0,1.0,3590000.0,0.0,1.0,870000.0,0.0,1.0,120000000.0,1.0,0.0,0.0,0.0,3.0,7380000.0,0.0,6.0,178207190.0,2.0,8.0,193176490.0,3.0,2310000.0,14.652758515398316,2003-03-01,0,0,0.4088669950738916,0.380653828929691,0.4594715629198387,0.044782803403493,12,4,2002,90,0.25759274841490526,0
Retail banking,Internal fraud,People,Guangdong,2003-08,1,154200.0,154200.0,154200.0,154200.0,0,1.0,2003-08-01,1.0,2310000.0,0.0,1.0,2920000.0,0.0,1.0,3590000.0,0.0,1.0,1137190.0,0.0,0.0,0.0,0.0,3.0,8820000.0,0.0,6.0,60517190.0,1.0,9.0,195486490.0,3.0,154200.0,11.946012225174645,2003-10-30,0,0,0.4088669950738916,0.380653828929691,0.4594715629198387,0.044782803403493,8,3,2003,90,0.033687167156602,0
Retail banking,Internal fraud,People,Guangdong,2004-04,1,900000.0,900000.0,900000.0,900000.0,0,1.0,2004-04-01,1.0,154200.0,0.0,1.0,2310000.0,0.0,1.0,2920000.0,0.0,1.0,49690000.0,1.0,0.0,0.0,0.0,3.0,5384200.0,0.0,6.0,59534200.0,1.0,10.0,195640690.0,3.0,900000.0,13.71015115341694,2004-06-30,0,0,0.4088669950738916,0.380653828929691,0.4594715629198387,0.044782803403493,4,2,2004,90,0.1462793217664721,0
Retail banking,Internal fraud,People,Guangdong,2005-08,1,78800.0,78800.0,78800.0,78800.0,0,1.0,2005-08-01,1.0,900000.0,0.0,1.0,154200.0,0.0,1.0,2310000.0,0.0,1.0,870000.0,0.0,0.0,0.0,0.0,3.0,3364200.0,0.0,6.0,10744200.0,0.0,11.0,196540690.0,3.0,78800.0,11.274680966120778,2005-10-30,0,0,0.4088669950738916,0.380653828929691,0.4594715629198387,0.044782803403493,8,3,2005,90,0.04062032725352898,0
Retail banking,Internal fraud,People,Guangdong,2006-09,1,12600000.0,12600000.0,12600000.0,12600000.0,1,0.0,2006-09-01,1.0,78800.0,0.0,1.0,900000.0,0.0,1.0,154200.0,0.0,1.0,3590000.0,0.0,1.0,980000.0,0.0,3.0,1133000.0,0.0,6.0,9953000.0,0.0,12.0,196619490.0,3.0,12600000.0,16.349207451286784,2006-11-30,0,0,0.4088669950738916,0.380653828929691,0.4594715629198387,0.044782803403493,9,3,2006,90,0.08770467790280269,0
Retail banking,Internal fraud,People,Guangdong,2007-12,1,6000000.0,6000000.0,6000000.0,6000000.0,0,0.0,2007-12-01,1.0,12600000.0,1.0,1.0,78800.0,0.0,1.0,900000.0,0.0,1.0,2920000.0,0.0,1.0,13989300.0,1.0,3.0,13578800.0,1.0,6.0,18963000.0,1.0,12.0,208239490.0,4.0,6000000.0,15.607270193858982,2008-02-29,0,0,0.4088669950738916,0.380653828929691,0.4594715629198387,0.044782803403493,12,4,2007,90,0.1754999687400552,0
Retail banking,Internal fraud,People,Guangdong,2008-08,2,46000.0,23000.0,23000.0,25000.0,0,0.0,2008-08-01,1.0,6000000.0,0.0,1.0,12600000.0,1.0,1.0,78800.0,0.0,1.0,2310000.0,0.0,1.0,120000000.0,1.0,3.0,18678800.0,1.0,6.0,22043000.0,1.0,12.0,200250190.0,3.0,23000.0,10.736418414365376,2008-10-30,0,1,0.4088669950738916,0.380653828929691,0.4594715629198387,0.044782803403493,8,3,2008,90,0.048574863556477214,0
Retail banking,Internal fraud,People,Guangdong,2008-10,1,8700000.0,8700000.0,8700000.0,8700000.0,0,1.0,2008-10-01,2.0,46000.0,0.0,1.0,6000000.0,0.0,1.0,12600000.0,1.0,1.0,154200.0,0.0,1.0,1137190.0,0.0,4.0,18646000.0,1.0,7.0,19779000.0,1.0,13.0,80296190.0,2.0,8700000.0,15.978833698567334,2008-12-30,0,1,0.4088669950738916,0.380653828929691,0.4594715629198387,0.044782803403493,10,4,2008,90,0.13185013928340156,0
Retail banking,Internal fraud,People,Guangdong,2008-11,1,110000.0,110000.0,110000.0,110000.0,0,6.0,2008-11-01,1.0,8700000.0,0.0,2.0,46000.0,0.0,1.0,6000000.0,0.0,1.0,900000.0,0.0,1.0,49690000.0,1.0,4.0,14746000.0,0.0,7.0,28324800.0,1.0,13.0,87859000.0,2.0,110000.0,11.60824473564232,2009-01-30,0,0,0.4088669950738916,0.380653828929691,0.4594715629198387,0.044782803403493,11,4,2008,90,0.06773631243379681,0
Retail banking,Internal fraud,People,Guangdong,2009-11,1,10000.0,10000.0,10000.0,10000.0,0,1.0,2009-11-01,1.0,110000.0,0.0,1.0,8700000.0,0.0,2.0,46000.0,0.0,1.0,78800.0,0.0,1.0,870000.0,0.0,4.0,8856000.0,0.0,7.0,27534800.0,1.0,13.0,38279000.0,1.0,10000.0,9.210440366976515,2010-01-30,0,0,0.4088669950738916,0.380653828929691,0.4594715629198387,0.044782803403493,11,4,2009,90,0.055260316535091704,0
Retail banking,Internal fraud,People,Guangdong,2010-12,1,750000.0,750000.0,750000.0,750000.0,0,1.0,2010-12-01,1.0,10000.0,0.0,1.0,110000.0,0.0,1.0,8700000.0,0.0,1.0,12600000.0,1.0,1.0,3590000.0,0.0,3.0,8820000.0,0.0,7.0,27466000.0,1.0,13.0,37419000.0,1.0,750000.0,13.527829818844936,2011-03-01,0,0,0.4088669950738916,0.380653828929691,0.4594715629198387,0.044782803403493,12,4,2010,90,0.1635449031323567,0
Retail banking,Internal fraud,People,Guangxi,2003-04,1,795000.0,795000.0,795000.0,795000.0,0,1.0,2003-04-01,0.0,0.0,0.0,0.0,0.0,0.0,0.0,0.0,0.0,0.0,0.0,0.0,0.0,0.0,0.0,0.0,0.0,0.0,0.0,0.0,0.0,0.0,0.0,0.0,795000.0,13.586098651497313,2003-06-30,0,0,0.4088669950738916,0.380653828929691,0.4594715629198387,0.0143304970891177,4,2,2003,90,0.06274279307067976,0
Retail banking,Internal fraud,People,Guangxi,2007-10,1,12100.0,12100.0,12100.0,12100.0,0,1.0,2007-10-01,1.0,795000.0,0.0,0.0,0.0,0.0,0.0,0.0,0.0,0.0,0.0,0.0,0.0,0.0,0.0,1.0,795000.0,0.0,1.0,795000.0,0.0,1.0,795000.0,0.0,12100.0,9.401043372798052,2007-12-30,0,0,0.4088669950738916,0.380653828929691,0.4594715629198387,0.0143304970891177,10,4,2007,90,0.042120321781767854,0
Retail banking,Internal fraud,People,Guangxi,2011-03,2,41921100.0,20960550.0,20960550.0,37000000.0,1,1.0,2011-03-01,1.0,12100.0,0.0,1.0,795000.0,0.0,0.0,0.0,0.0,0.0,0.0,0.0,0.0,0.0,0.0,2.0,807100.0,0.0,2.0,807100.0,0.0,2.0,807100.0,0.0,20960550.0,17.551299861945136,2011-05-30,0,0,0.4088669950738916,0.380653828929691,0.4594715629198387,0.0143304970891177,3,1,2011,90,0.11669893594138839,0
Retail banking,Internal fraud,People,Guangxi,2011-11,1,10000000.0,10000000.0,10000000.0,10000000.0,1,1.0,2011-11-01,2.0,41921100.0,1.0,1.0,12100.0,0.0,1.0,795000.0,0.0,0.0,0.0,0.0,0.0,0.0,0.0,4.0,42728200.0,1.0,4.0,42728200.0,1.0,4.0,42728200.0,1.0,10000000.0,16.118095750958314,2012-01-30,0,0,0.4088669950738916,0.380653828929691,0.4594715629198387,0.0143304970891177,11,4,2011,90,0.22875145495943205,0
Retail banking,Internal fraud,People,Guangxi,2018-01,1,253360000.0,253360000.0,253360000.0,253360000.0,1,2.0,2018-01-01,1.0,10000000.0,1.0,2.0,41921100.0,1.0,1.0,12100.0,0.0,0.0,0.0,0.0,0.0,0.0,0.0,4.0,51933200.0,2.0,5.0,52728200.0,2.0,5.0,52728200.0,2.0,253360000.0,19.35032196414161,2018-04-01,0,0,0.4088669950738916,0.380653828929691,0.4594715629198387,0.0143304970891177,1,1,2018,90,0.2709692067629643,0
Retail banking,Internal fraud,People,"Guangxi,Chongqing",2018-01,1,2383000.0,2383000.0,2383000.0,2383000.0,0,1.0,2018-01-01,0.0,0.0,0.0,0.0,0.0,0.0,0.0,0.0,0.0,0.0,0.0,0.0,0.0,0.0,0.0,0.0,0.0,0.0,0.0,0.0,0.0,0.0,0.0,0.0,2383000.0,14.6838711757199,2018-04-01,0,1,0.4088669950738916,0.380653828929691,0.4594715629198387,0.0017913121361397,1,1,2018,90,0.0648187855316408,0
Retail banking,Internal fraud,People,"Guangxi,Chongqing",2018-03,1,1350000.0,1350000.0,1350000.0,1350000.0,0,1.0,2018-03-01,1.0,2383000.0,0.0,0.0,0.0,0.0,0.0,0.0,0.0,0.0,0.0,0.0,0.0,0.0,0.0,1.0,2383000.0,0.0,1.0,2383000.0,0.0,1.0,2383000.0,0.0,1350000.0,14.11561589115508,2018-05-30,0,0,0.4088669950738916,0.380653828929691,0.4594715629198387,0.0017913121361397,3,1,2018,90,0.08135447763368762,0
Retail banking,Internal fraud,People,Guizhou,1998-01,1,599400.0,599400.0,599400.0,599400.0,0,1.0,1998-01-01,0.0,0.0,0.0,0.0,0.0,0.0,0.0,0.0,0.0,0.0,0.0,0.0,0.0,0.0,0.0,0.0,0.0,0.0,0.0,0.0,0.0,0.0,0.0,0.0,599400.0,13.30368610219831,1998-04-01,0,0,0.4088669950738916,0.380653828929691,0.4594715629198387,0.0107478728168383,1,1,1998,90,0.0991027589300584,0
Retail banking,Internal fraud,People,Guizhou,1999-11,1,244000.0,244000.0,244000.0,244000.0,0,1.0,1999-11-01,1.0,599400.0,0.0,0.0,0.0,0.0,0.0,0.0,0.0,0.0,0.0,0.0,0.0,0.0,0.0,1.0,599400.0,0.0,1.0,599400.0,0.0,1.0,599400.0,0.0,244000.0,12.404927602627597,2000-01-30,0,0,0.4088669950738916,0.380653828929691,0.4594715629198387,0.0107478728168383,11,4,1999,90,0.06490304641308048,0
Retail banking,Internal fraud,People,Guizhou,2002-09,1,796000.0,796000.0,796000.0,796000.0,0,1.0,2002-09-01,1.0,244000.0,0.0,1.0,599400.0,0.0,0.0,0.0,0.0,0.0,0.0,0.0,0.0,0.0,0.0,2.0,843400.0,0.0,2.0,843400.0,0.0,2.0,843400.0,0.0,796000.0,13.587355721107135,2002-11-30,0,0,0.4088669950738916,0.380653828929691,0.4594715629198387,0.0107478728168383,9,3,2002,90,0.04556435011873495,0
Retail banking,Internal fraud,People,Guizhou,2003-09,1,150000.0,150000.0,150000.0,150000.0,0,1.0,2003-09-01,1.0,796000.0,0.0,1.0,244000.0,0.0,1.0,599400.0,0.0,0.0,0.0,0.0,0.0,0.0,0.0,3.0,1639400.0,0.0,3.0,1639400.0,0.0,3.0,1639400.0,0.0,150000.0,11.918397239722838,2003-11-30,0,0,0.4088669950738916,0.380653828929691,0.4594715629198387,0.0107478728168383,9,3,2003,90,0.04079955374501513,0
Retail banking,Internal fraud,People,Guizhou,2009-01,1,100000.0,100000.0,100000.0,100000.0,0,0.0,2009-01-01,1.0,150000.0,0.0,1.0,796000.0,0.0,1.0,244000.0,0.0,0.0,0.0,0.0,0.0,0.0,0.0,3.0,1190000.0,0.0,4.0,1789400.0,0.0,4.0,1789400.0,0.0,100000.0,11.51293546492023,2009-04-01,0,0,0.4088669950738916,0.380653828929691,0.4594715629198387,0.0107478728168383,1,1,2009,90,0.047520013125240824,0
Retail banking,Internal fraud,People,Guizhou,2020-02,1,5960000.0,5960000.0,5960000.0,5960000.0,0,1.0,2020-02-01,1.0,100000.0,0.0,1.0,150000.0,0.0,1.0,796000.0,0.0,0.0,0.0,0.0,0.0,0.0,0.0,3.0,1046000.0,0.0,5.0,1889400.0,0.0,5.0,1889400.0,0.0,5960000.0,15.600581206826751,2020-05-01,1,1,0.4088669950738916,0.380653828929691,0.4594715629198387,0.0107478728168383,2,1,2020,90,0.5143604828849789,1
Retail banking,Internal fraud,People,Guizhou,2020-04,1,12820000.0,12820000.0,12820000.0,12820000.0,1,1.0,2020-04-01,1.0,5960000.0,0.0,1.0,100000.0,0.0,1.0,150000.0,0.0,1.0,599400.0,0.0,0.0,0.0,0.0,3.0,6210000.0,0.0,6.0,7849400.0,0.0,6.0,7849400.0,0.0,12820000.0,16.366517087459915,2020-06-30,0,0,0.4088669950738916,0.380653828929691,0.4594715629198387,0.0107478728168383,4,2,2020,90,0.2018825877883262,0
Retail banking,Internal fraud,People,"Guizhou,Gansu",2014-04,1,2050000.0,2050000.0,2050000.0,2050000.0,0,1.0,2014-04-01,0.0,0.0,0.0,0.0,0.0,0.0,0.0,0.0,0.0,0.0,0.0,0.0,0.0,0.0,0.0,0.0,0.0,0.0,0.0,0.0,0.0,0.0,0.0,0.0,2050000.0,14.53335083891935,2014-06-30,0,0,0.4088669950738916,0.380653828929691,0.4594715629198387,0.0004478280340349,4,2,2014,90,0.061130356531474715,0
Retail banking,Internal fraud,People,Hainan,2000-10,1,360000.0,360000.0,360000.0,360000.0,0,1.0,2000-10-01,0.0,0.0,0.0,0.0,0.0,0.0,0.0,0.0,0.0,0.0,0.0,0.0,0.0,0.0,0.0,0.0,0.0,0.0,0.0,0.0,0.0,0.0,0.0,0.0,360000.0,12.793862088206213,2000-12-30,1,1,0.4088669950738916,0.380653828929691,0.4594715629198387,0.0103000447828034,10,4,2000,90,0.4799482891479218,1
Retail banking,Internal fraud,People,Hainan,2000-12,1,81100000.0,81100000.0,81100000.0,81100000.0,1,1.0,2000-12-01,1.0,360000.0,0.0,0.0,0.0,0.0,0.0,0.0,0.0,0.0,0.0,0.0,0.0,0.0,0.0,1.0,360000.0,0.0,1.0,360000.0,0.0,1.0,360000.0,0.0,81100000.0,18.211193531416097,2001-03-01,0,0,0.4088669950738916,0.380653828929691,0.4594715629198387,0.0103000447828034,12,4,2000,90,0.09941180555259242,0
Retail banking,Internal fraud,People,Hainan,2004-03,1,1140000.0,1140000.0,1140000.0,1140000.0,0,1.0,2004-03-01,1.0,81100000.0,1.0,1.0,360000.0,0.0,0.0,0.0,0.0,0.0,0.0,0.0,0.0,0.0,0.0,2.0,81460000.0,1.0,2.0,81460000.0,1.0,2.0,81460000.0,1.0,1140000.0,13.946539697563276,2004-05-30,0,0,0.4088669950738916,0.380653828929691,0.4594715629198387,0.0103000447828034,3,1,2004,90,0.20868873498276558,0
Retail banking,Internal fraud,People,Hainan,2006-07,1,256000.0,256000.0,256000.0,256000.0,0,1.0,2006-07-01,1.0,1140000.0,0.0,1.0,81100000.0,1.0,1.0,360000.0,0.0,0.0,0.0,0.0,0.0,0.0,0.0,3.0,82600000.0,1.0,3.0,82600000.0,1.0,3.0,82600000.0,1.0,256000.0,12.45293662970407,2006-09-29,0,0,0.4088669950738916,0.380653828929691,0.4594715629198387,0.0103000447828034,7,3,2006,90,0.042139390865551365,0
Retail banking,Internal fraud,People,Hebei,2001-12,1,1151390.0,1151390.0,1151390.0,1151390.0,0,1.0,2001-12-01,0.0,0.0,0.0,0.0,0.0,0.0,0.0,0.0,0.0,0.0,0.0,0.0,0.0,0.0,0.0,0.0,0.0,0.0,0.0,0.0,0.0,0.0,0.0,0.0,1151390.0,13.956481334622168,2002-03-01,0,0,0.4088669950738916,0.380653828929691,0.4594715629198387,0.0111957008508732,12,4,2001,90,0.08258350260574977,0
Retail banking,Internal fraud,People,Hebei,2005-12,1,2000000.0,2000000.0,2000000.0,2000000.0,0,1.0,2005-12-01,1.0,1151390.0,0.0,0.0,0.0,0.0,0.0,0.0,0.0,0.0,0.0,0.0,0.0,0.0,0.0,1.0,1151390.0,0.0,1.0,1151390.0,0.0,1.0,1151390.0,0.0,2000000.0,14.508658238524095,2006-03-01,0,0,0.4088669950738916,0.380653828929691,0.4594715629198387,0.0111957008508732,12,4,2005,90,0.03312309165971708,0
Retail banking,Internal fraud,People,Hebei,2013-11,1,247000000.0,247000000.0,247000000.0,247000000.0,1,1.0,2013-11-01,1.0,2000000.0,0.0,1.0,1151390.0,0.0,0.0,0.0,0.0,0.0,0.0,0.0,0.0,0.0,0.0,2.0,3151390.0,0.0,2.0,3151390.0,0.0,2.0,3151390.0,0.0,247000000.0,19.32489889864084,2014-01-30,0,0,0.4088669950738916,0.380653828929691,0.4594715629198387,0.0111957008508732,11,4,2013,90,0.13763971952792048,0
Retail banking,Internal fraud,People,"Hebei,Jilin,Fujian,Hunan,Guangdong,Gansu",2017-09,1,886000.0,886000.0,886000.0,886000.0,0,12.0,2017-09-01,0.0,0.0,0.0,0.0,0.0,0.0,0.0,0.0,0.0,0.0,0.0,0.0,0.0,0.0,0.0,0.0,0.0,0.0,0.0,0.0,0.0,0.0,0.0,0.0,886000.0,13.694473358254752,2017-11-30,0,0,0.4088669950738916,0.380653828929691,0.4594715629198387,0.0004478280340349,9,3,2017,90,0.06578495266481921,0
Retail banking,Internal fraud,People,"Hebei,Liaoning,Jiangxi",2015-08,1,70000.0,70000.0,70000.0,70000.0,0,1.0,2015-08-01,0.0,0.0,0.0,0.0,0.0,0.0,0.0,0.0,0.0,0.0,0.0,0.0,0.0,0.0,0.0,0.0,0.0,0.0,0.0,0.0,0.0,0.0,0.0,0.0,70000.0,11.156264806643742,2015-10-30,0,0,0.4088669950738916,0.380653828929691,0.4594715629198387,0.0004478280340349,8,3,2015,90,0.05460774703870616,0
Retail banking,Internal fraud,People,Heilongjiang,2000-10,1,3420000.0,3420000.0,3420000.0,3420000.0,0,1.0,2000-10-01,0.0,0.0,0.0,0.0,0.0,0.0,0.0,0.0,0.0,0.0,0.0,0.0,0.0,0.0,0.0,0.0,0.0,0.0,0.0,0.0,0.0,0.0,0.0,0.0,3420000.0,15.045151401436408,2000-12-30,1,1,0.4088669950738916,0.380653828929691,0.4594715629198387,0.0228392297357814,10,4,2000,90,0.09399794295994597,0
Retail banking,Internal fraud,People,Heilongjiang,2000-12,1,44100000.0,44100000.0,44100000.0,44100000.0,1,1.0,2000-12-01,1.0,3420000.0,0.0,0.0,0.0,0.0,0.0,0.0,0.0,0.0,0.0,0.0,0.0,0.0,0.0,1.0,3420000.0,0.0,1.0,3420000.0,0.0,1.0,3420000.0,0.0,44100000.0,17.60197036309281,2001-03-01,0,1,0.4088669950738916,0.380653828929691,0.4594715629198387,0.0228392297357814,12,4,2000,90,0.061064072693609625,0
Retail banking,Internal fraud,People,Heilongjiang,2001-01,1,5600000.0,5600000.0,5600000.0,5600000.0,0,1.0,2001-01-01,1.0,44100000.0,1.0,1.0,3420000.0,0.0,0.0,0.0,0.0,0.0,0.0,0.0,0.0,0.0,0.0,2.0,47520000.0,1.0,2.0,47520000.0,1.0,2.0,47520000.0,1.0,5600000.0,15.53827733427679,2001-04-01,0,0,0.4088669950738916,0.380653828929691,0.4594715629198387,0.0228392297357814,1,1,2001,90,0.1917852791336518,0
Retail banking,Internal fraud,People,Heilongjiang,2001-05,1,20000000.0,20000000.0,20000000.0,20000000.0,1,1.0,2001-05-01,1.0,5600000.0,0.0,1.0,44100000.0,1.0,1.0,3420000.0,0.0,0.0,0.0,0.0,0.0,0.0,0.0,3.0,53120000.0,1.0,3.0,53120000.0,1.0,3.0,53120000.0,1.0,20000000.0,16.811242881518265,2001-07-30,0,1,0.4088669950738916,0.380653828929691,0.4594715629198387,0.0228392297357814,5,2,2001,90,0.3291012793891501,1
Retail banking,Internal fraud,People,Heilongjiang,2001-07,1,9000.0,9000.0,9000.0,9000.0,0,0.0,2001-07-01,1.0,20000000.0,1.0,1.0,5600000.0,0.0,1.0,44100000.0,1.0,0.0,0.0,0.0,0.0,0.0,0.0,3.0,69700000.0,2.0,4.0,73120000.0,2.0,4.0,73120000.0,2.0,9000.0,9.105090961257083,2001-09-29,0,0,0.4088669950738916,0.380653828929691,0.4594715629198387,0.0228392297357814,7,3,2001,90,0.023653634163665813,0
Retail banking,Internal fraud,People,Heilongjiang,2002-01,1,5600000.0,5600000.0,5600000.0,5600000.0,0,1.0,2002-01-01,1.0,9000.0,0.0,1.0,20000000.0,1.0,1.0,5600000.0,0.0,0.0,0.0,0.0,0.0,0.0,0.0,3.0,25609000.0,1.0,5.0,73129000.0,2.0,5.0,73129000.0,2.0,5600000.0,15.53827733427679,2002-04-01,0,0,0.4088669950738916,0.380653828929691,0.4594715629198387,0.0228392297357814,1,1,2002,90,0.2555068649861421,0
Retail banking,Internal fraud,People,Heilongjiang,2002-05,1,7030000.0,7030000.0,7030000.0,7030000.0,0,0.0,2002-05-01,1.0,5600000.0,0.0,1.0,9000.0,0.0,1.0,20000000.0,1.0,1.0,3420000.0,0.0,0.0,0.0,0.0,3.0,25609000.0,1.0,6.0,78729000.0,2.0,6.0,78729000.0,2.0,7030000.0,15.765697406034349,2002-07-30,0,0,0.4088669950738916,0.380653828929691,0.4594715629198387,0.0228392297357814,5,2,2002,90,0.20627775269475282,0
Retail banking,Internal fraud,People,Heilongjiang,2003-04,1,440000.0,440000.0,440000.0,440000.0,0,1.0,2003-04-01,1.0,7030000.0,0.0,1.0,5600000.0,0.0,1.0,9000.0,0.0,1.0,44100000.0,1.0,0.0,0.0,0.0,3.0,12639000.0,0.0,6.0,82339000.0,2.0,7.0,85759000.0,2.0,440000.0,12.994532278619134,2003-06-30,0,0,0.4088669950738916,0.380653828929691,0.4594715629198387,0.0228392297357814,4,2,2003,90,0.06987935981682623,0
Retail banking,Internal fraud,People,Heilongjiang,2004-08,1,500000.0,500000.0,500000.0,500000.0,0,0.0,2004-08-01,1.0,440000.0,0.0,1.0,7030000.0,0.0,1.0,5600000.0,0.0,1.0,5600000.0,0.0,0.0,0.0,0.0,3.0,13070000.0,0.0,6.0,38679000.0,1.0,8.0,86199000.0,2.0,500000.0,13.122365377402328,2004-10-30,0,0,0.4088669950738916,0.380653828929691,0.4594715629198387,0.0228392297357814,8,3,2004,90,0.07153694040785083,0
Retail banking,Internal fraud,People,Heilongjiang,2007-10,1,4800000.0,4800000.0,4800000.0,4800000.0,0,1.0,2007-10-01,1.0,500000.0,0.0,1.0,440000.0,0.0,1.0,7030000.0,0.0,1.0,20000000.0,1.0,0.0,0.0,0.0,3.0,7970000.0,0.0,6.0,33579000.0,1.0,9.0,86699000.0,2.0,4800000.0,15.38412668421143,2007-12-30,0,0,0.4088669950738916,0.380653828929691,0.4594715629198387,0.0228392297357814,10,4,2007,90,0.18414054516699632,0
Retail banking,Internal fraud,People,Heilongjiang,2008-02,1,1700000.0,1700000.0,1700000.0,1700000.0,0,1.0,2008-02-01,1.0,4800000.0,0.0,1.0,500000.0,0.0,1.0,440000.0,0.0,1.0,9000.0,0.0,0.0,0.0,0.0,3.0,5740000.0,0.0,6.0,18379000.0,0.0,10.0,91499000.0,2.0,1700000.0,14.346139397261563,2008-05-01,0,0,0.4088669950738916,0.380653828929691,0.4594715629198387,0.0228392297357814,2,1,2008,90,0.22539706348326607,0
Retail banking,Internal fraud,People,Heilongjiang,2009-12,1,37000.0,37000.0,37000.0,37000.0,0,5.0,2009-12-01,1.0,1700000.0,0.0,1.0,4800000.0,0.0,1.0,500000.0,0.0,1.0,5600000.0,0.0,0.0,0.0,0.0,3.0,7000000.0,0.0,6.0,20070000.0,0.0,11.0,93199000.0,2.0,37000.0,10.518700218288163,2010-03-01,1,1,0.4088669950738916,0.380653828929691,0.4594715629198387,0.0228392297357814,12,4,2009,90,0.03539651824296317,0
Retail banking,Internal fraud,People,Heilongjiang,2010-03,1,115000000.0,115000000.0,115000000.0,115000000.0,1,1.0,2010-03-01,1.0,37000.0,0.0,1.0,1700000.0,0.0,1.0,4800000.0,0.0,1.0,7030000.0,0.0,1.0,3420000.0,0.0,3.0,6537000.0,0.0,6.0,14507000.0,0.0,12.0,93236000.0,2.0,115000000.0,18.560442695023177,2010-05-30,0,0,0.4088669950738916,0.380653828929691,0.4594715629198387,0.0228392297357814,3,1,2010,90,0.1437272677676182,0
Retail banking,Internal fraud,People,Heilongjiang,2011-12,1,136000000.0,136000000.0,136000000.0,136000000.0,1,1.0,2011-12-01,1.0,115000000.0,1.0,1.0,37000.0,0.0,1.0,1700000.0,0.0,1.0,440000.0,0.0,1.0,44100000.0,1.0,3.0,116737000.0,1.0,6.0,122477000.0,1.0,12.0,204816000.0,3.0,136000000.0,18.72816545105327,2012-02-29,0,0,0.4088669950738916,0.380653828929691,0.4594715629198387,0.0228392297357814,12,4,2011,90,0.2489470186385273,0
Retail banking,Internal fraud,People,Heilongjiang,2013-08,2,4370000.0,2185000.0,2185000.0,3000000.0,0,1.0,2013-08-01,1.0,136000000.0,1.0,1.0,115000000.0,1.0,1.0,37000.0,0.0,1.0,500000.0,0.0,1.0,5600000.0,0.0,3.0,251037000.0,2.0,6.0,258037000.0,2.0,12.0,296716000.0,3.0,2185000.0,15.2902737959047,2013-10-30,0,0,0.4088669950738916,0.380653828929691,0.4594715629198387,0.0228392297357814,8,3,2013,90,0.29286501899150785,0
Retail banking,Internal fraud,People,Heilongjiang,2015-03,1,4610000.0,4610000.0,4610000.0,4610000.0,0,1.0,2015-03-01,2.0,4370000.0,0.0,1.0,136000000.0,1.0,1.0,115000000.0,1.0,1.0,4800000.0,0.0,1.0,20000000.0,1.0,4.0,255370000.0,2.0,7.0,261907000.0,2.0,13.0,295486000.0,3.0,4610000.0,15.343738631892547,2015-05-30,0,0,0.4088669950738916,0.380653828929691,0.4594715629198387,0.0228392297357814,3,1,2015,90,0.23888609461002677,0
Retail banking,Internal fraud,People,"Heilongjiang,Shandong",2015-05,1,3000000.0,3000000.0,3000000.0,3000000.0,0,0.0,2015-05-01,0.0,0.0,0.0,0.0,0.0,0.0,0.0,0.0,0.0,0.0,0.0,0.0,0.0,0.0,0.0,0.0,0.0,0.0,0.0,0.0,0.0,0.0,0.0,0.0,3000000.0,14.914123179965662,2015-07-30,0,0,0.4088669950738916,0.380653828929691,0.4594715629198387,0.0008956560680698,5,2,2015,90,0.09576108245253782,0
Retail banking,Internal fraud,People,"Heilongjiang,Shanghai,Guangdong,Hainan",2016-06,1,190000000.0,190000000.0,190000000.0,190000000.0,1,5.0,2016-06-01,0.0,0.0,0.0,0.0,0.0,0.0,0.0,0.0,0.0,0.0,0.0,0.0,0.0,0.0,0.0,0.0,0.0,0.0,0.0,0.0,0.0,0.0,0.0,0.0,190000000.0,19.06253463538792,2016-08-30,0,0,0.4088669950738916,0.380653828929691,0.4594715629198387,0.0004478280340349,6,2,2016,90,0.08645089325189659,0
Retail banking,Internal fraud,People,Henan,1997-07,1,14200000.0,14200000.0,14200000.0,14200000.0,1,1.0,1997-07-01,0.0,0.0,0.0,0.0,0.0,0.0,0.0,0.0,0.0,0.0,0.0,0.0,0.0,0.0,0.0,0.0,0.0,0.0,0.0,0.0,0.0,0.0,0.0,0.0,14200000.0,16.468752592994022,1997-09-29,0,0,0.4088669950738916,0.380653828929691,0.4594715629198387,0.0497089117778772,7,3,1997,90,0.0787710176107103,0
Retail banking,Internal fraud,People,Henan,1998-11,1,326000.0,326000.0,326000.0,326000.0,0,1.0,1998-11-01,1.0,14200000.0,1.0,0.0,0.0,0.0,0.0,0.0,0.0,0.0,0.0,0.0,0.0,0.0,0.0,1.0,14200000.0,1.0,1.0,14200000.0,1.0,1.0,14200000.0,1.0,326000.0,12.694655727828804,1999-01-30,0,0,0.4088669950738916,0.380653828929691,0.4594715629198387,0.0497089117778772,11,4,1998,90,0.03136993045948573,0
Retail banking,Internal fraud,People,Henan,2000-01,1,385000.0,385000.0,385000.0,385000.0,0,1.0,2000-01-01,1.0,326000.0,0.0,1.0,14200000.0,1.0,0.0,0.0,0.0,0.0,0.0,0.0,0.0,0.0,0.0,2.0,14526000.0,1.0,2.0,14526000.0,1.0,2.0,14526000.0,1.0,385000.0,12.861001210669146,2000-03-31,0,0,0.4088669950738916,0.380653828929691,0.4594715629198387,0.0497089117778772,1,1,2000,90,0.05046022375370231,0
Retail banking,Internal fraud,People,Henan,2001-01,1,2800000.0,2800000.0,2800000.0,2800000.0,0,1.0,2001-01-01,1.0,385000.0,0.0,1.0,326000.0,0.0,1.0,14200000.0,1.0,0.0,0.0,0.0,0.0,0.0,0.0,3.0,14911000.0,1.0,3.0,14911000.0,1.0,3.0,14911000.0,1.0,2800000.0,14.845130332288226,2001-04-01,0,0,0.4088669950738916,0.380653828929691,0.4594715629198387,0.0497089117778772,1,1,2001,90,0.16508451782665215,0
Retail banking,Internal fraud,People,Henan,2001-09,1,404000.0,404000.0,404000.0,404000.0,0,1.0,2001-09-01,1.0,2800000.0,0.0,1.0,385000.0,0.0,1.0,326000.0,0.0,0.0,0.0,0.0,0.0,0.0,0.0,3.0,3511000.0,0.0,4.0,17711000.0,1.0,4.0,17711000.0,1.0,404000.0,12.90917263218775,2001-11-30,0,0,0.4088669950738916,0.380653828929691,0.4594715629198387,0.0497089117778772,9,3,2001,90,0.029223599873367683,0
Retail banking,Internal fraud,People,Henan,2002-01,1,323000.0,323000.0,323000.0,323000.0,0,1.0,2002-01-01,1.0,404000.0,0.0,1.0,2800000.0,0.0,1.0,385000.0,0.0,0.0,0.0,0.0,0.0,0.0,0.0,3.0,3589000.0,0.0,5.0,18115000.0,1.0,5.0,18115000.0,1.0,323000.0,12.685410698175234,2002-04-01,0,0,0.4088669950738916,0.380653828929691,0.4594715629198387,0.0497089117778772,1,1,2002,90,0.02690195553219878,0
Retail banking,Internal fraud,People,Henan,2004-06,1,285000.0,285000.0,285000.0,285000.0,0,1.0,2004-06-01,1.0,323000.0,0.0,1.0,404000.0,0.0,1.0,2800000.0,0.0,1.0,14200000.0,1.0,0.0,0.0,0.0,3.0,3527000.0,0.0,6.0,18438000.0,1.0,6.0,18438000.0,1.0,285000.0,12.560247968016562,2004-08-30,0,1,0.4088669950738916,0.380653828929691,0.4594715629198387,0.0497089117778772,6,2,2004,90,0.04627920912267645,0
Retail banking,Internal fraud,People,Henan,2004-07,1,1000000.0,1000000.0,1000000.0,1000000.0,0,1.0,2004-07-01,1.0,285000.0,0.0,1.0,323000.0,0.0,1.0,404000.0,0.0,1.0,326000.0,0.0,0.0,0.0,0.0,3.0,1012000.0,0.0,6.0,4523000.0,0.0,7.0,18723000.0,1.0,1000000.0,13.815511557963774,2004-09-29,0,0,0.4088669950738916,0.380653828929691,0.4594715629198387,0.0497089117778772,7,3,2004,90,0.11457003977500302,0
Retail banking,Internal fraud,People,Henan,2005-07,1,2470000.0,2470000.0,2470000.0,2470000.0,0,1.0,2005-07-01,1.0,1000000.0,0.0,1.0,285000.0,0.0,1.0,323000.0,0.0,1.0,385000.0,0.0,0.0,0.0,0.0,3.0,1608000.0,0.0,6.0,5197000.0,0.0,8.0,19723000.0,1.0,2470000.0,14.719729113462378,2005-09-29,0,0,0.4088669950738916,0.380653828929691,0.4594715629198387,0.0497089117778772,7,3,2005,90,0.13653453249556352,0
Retail banking,Internal fraud,People,Henan,2006-10,1,29426700.0,29426700.0,29426700.0,29426700.0,1,1.0,2006-10-01,1.0,2470000.0,0.0,1.0,1000000.0,0.0,1.0,285000.0,0.0,1.0,2800000.0,0.0,0.0,0.0,0.0,3.0,3755000.0,0.0,6.0,7282000.0,0.0,9.0,22193000.0,1.0,29426700.0,17.197413017426204,2006-12-30,0,0,0.4088669950738916,0.380653828929691,0.4594715629198387,0.0497089117778772,10,4,2006,90,0.18053827419528773,0
Retail banking,Internal fraud,People,Henan,2007-07,1,80000.0,80000.0,80000.0,80000.0,0,1.0,2007-07-01,1.0,29426700.0,1.0,1.0,2470000.0,0.0,1.0,1000000.0,0.0,1.0,404000.0,0.0,0.0,0.0,0.0,3.0,32896700.0,1.0,6.0,33908700.0,1.0,10.0,51619700.0,2.0,80000.0,11.289794413577894,2007-09-29,0,1,0.4088669950738916,0.380653828929691,0.4594715629198387,0.0497089117778772,7,3,2007,90,0.024885032918663057,0
Retail banking,Internal fraud,People,Henan,2007-09,1,30000.0,30000.0,30000.0,30000.0,0,1.0,2007-09-01,1.0,80000.0,0.0,1.0,29426700.0,1.0,1.0,2470000.0,0.0,1.0,323000.0,0.0,0.0,0.0,0.0,3.0,31976700.0,1.0,6.0,33584700.0,1.0,11.0,51699700.0,2.0,30000.0,10.308985993422082,2007-11-30,0,0,0.4088669950738916,0.380653828929691,0.4594715629198387,0.0497089117778772,9,3,2007,90,0.02694822778999386,0
Retail banking,Internal fraud,People,Henan,2007-12,1,40000000.0,40000000.0,40000000.0,40000000.0,1,1.0,2007-12-01,1.0,30000.0,0.0,1.0,80000.0,0.0,1.0,29426700.0,1.0,1.0,285000.0,0.0,1.0,14200000.0,1.0,3.0,29536700.0,1.0,6.0,33291700.0,1.0,12.0,51729700.0,2.0,40000000.0,17.50439003707821,2008-02-29,0,0,0.4088669950738916,0.380653828929691,0.4594715629198387,0.0497089117778772,12,4,2007,90,0.16418015410306863,0
Retail banking,Internal fraud,People,Henan,2008-11,1,5550000.0,5550000.0,5550000.0,5550000.0,0,0.0,2008-11-01,1.0,40000000.0,1.0,1.0,30000.0,0.0,1.0,80000.0,0.0,1.0,1000000.0,0.0,1.0,326000.0,0.0,3.0,40110000.0,1.0,6.0,73006700.0,2.0,12.0,77529700.0,2.0,5550000.0,15.52930866590278,2009-01-30,0,0,0.4088669950738916,0.380653828929691,0.4594715629198387,0.0497089117778772,11,4,2008,90,0.22416909150661696,0
Retail banking,Internal fraud,People,Henan,2009-06,1,1920000.0,1920000.0,1920000.0,1920000.0,0,1.0,2009-06-01,1.0,5550000.0,0.0,1.0,40000000.0,1.0,1.0,30000.0,0.0,1.0,2470000.0,0.0,1.0,385000.0,0.0,3.0,45580000.0,1.0,6.0,77556700.0,2.0,12.0,82753700.0,2.0,1920000.0,14.467836264837162,2009-08-30,0,0,0.4088669950738916,0.380653828929691,0.4594715629198387,0.0497089117778772,6,2,2009,90,0.30606366439515786,0
Retail banking,Internal fraud,People,Henan,2011-03,1,300000.0,300000.0,300000.0,300000.0,0,0.0,2011-03-01,1.0,1920000.0,0.0,1.0,5550000.0,0.0,1.0,40000000.0,1.0,1.0,29426700.0,1.0,1.0,2800000.0,0.0,3.0,47470000.0,1.0,6.0,77006700.0,2.0,12.0,84288700.0,2.0,300000.0,12.611541086966117,2011-05-30,0,0,0.4088669950738916,0.380653828929691,0.4594715629198387,0.0497089117778772,3,1,2011,90,0.05485627211275612,0
Retail banking,Internal fraud,People,Henan,2012-07,1,1200000.0,1200000.0,1200000.0,1200000.0,0,0.0,2012-07-01,1.0,300000.0,0.0,1.0,1920000.0,0.0,1.0,5550000.0,0.0,1.0,80000.0,0.0,1.0,404000.0,0.0,3.0,7770000.0,0.0,6.0,47880000.0,1.0,12.0,81788700.0,2.0,1200000.0,13.997832948091215,2012-09-29,0,0,0.4088669950738916,0.380653828929691,0.4594715629198387,0.0497089117778772,7,3,2012,90,0.23357461098526816,0
Retail banking,Internal fraud,People,Henan,2014-01,1,10500000.0,10500000.0,10500000.0,10500000.0,1,0.0,2014-01-01,1.0,1200000.0,0.0,1.0,300000.0,0.0,1.0,1920000.0,0.0,1.0,30000.0,0.0,1.0,323000.0,0.0,3.0,3420000.0,0.0,6.0,49000000.0,1.0,12.0,82584700.0,2.0,10500000.0,16.166885910365842,2014-04-01,0,0,0.4088669950738916,0.380653828929691,0.4594715629198387,0.0497089117778772,1,1,2014,90,0.3255285954079248,1
Retail banking,Internal fraud,People,Henan,2015-06,1,161200.0,161200.0,161200.0,161200.0,0,0.0,2015-06-01,1.0,10500000.0,1.0,1.0,1200000.0,0.0,1.0,300000.0,0.0,1.0,40000000.0,1.0,1.0,285000.0,0.0,3.0,12000000.0,1.0,6.0,59470000.0,2.0,12.0,92761700.0,3.0,161200.0,11.990407312509369,2015-08-30,0,0,0.4088669950738916,0.380653828929691,0.4594715629198387,0.0497089117778772,6,2,2015,90,0.0843994864901691,0
Retail banking,Internal fraud,People,Henan,2019-06,1,200000.0,200000.0,200000.0,200000.0,0,1.0,2019-06-01,1.0,161200.0,0.0,1.0,10500000.0,1.0,1.0,1200000.0,0.0,1.0,5550000.0,0.0,1.0,1000000.0,0.0,3.0,11861200.0,1.0,6.0,19631200.0,1.0,12.0,92637900.0,3.0,200000.0,12.206077645517674,2019-08-30,0,0,0.4088669950738916,0.380653828929691,0.4594715629198387,0.0497089117778772,6,2,2019,90,0.034944666725222714,0
Retail banking,Internal fraud,People,"Henan,Hainan",2008-03,1,3368000.0,3368000.0,3368000.0,3368000.0,0,1.0,2008-03-01,0.0,0.0,0.0,0.0,0.0,0.0,0.0,0.0,0.0,0.0,0.0,0.0,0.0,0.0,0.0,0.0,0.0,0.0,0.0,0.0,0.0,0.0,0.0,0.0,3368000.0,15.029829951256424,2008-05-30,0,0,0.4088669950738916,0.380653828929691,0.4594715629198387,0.0004478280340349,3,1,2008,90,0.06173439433157237,0
Retail banking,Internal fraud,People,Hubei,1997-08,1,828000.0,828000.0,828000.0,828000.0,0,0.0,1997-08-01,0.0,0.0,0.0,0.0,0.0,0.0,0.0,0.0,0.0,0.0,0.0,0.0,0.0,0.0,0.0,0.0,0.0,0.0,0.0,0.0,0.0,0.0,0.0,0.0,828000.0,13.626769641096136,1997-10-30,0,0,0.4088669950738916,0.380653828929691,0.4594715629198387,0.0313479623824451,8,3,1997,90,0.07488316764159103,0
Retail banking,Internal fraud,People,Hubei,2006-03,1,3310000.0,3310000.0,3310000.0,3310000.0,0,1.0,2006-03-01,1.0,828000.0,0.0,0.0,0.0,0.0,0.0,0.0,0.0,0.0,0.0,0.0,0.0,0.0,0.0,1.0,828000.0,0.0,1.0,828000.0,0.0,1.0,828000.0,0.0,3310000.0,15.012459049468005,2006-05-30,0,1,0.4088669950738916,0.380653828929691,0.4594715629198387,0.0313479623824451,3,1,2006,90,0.02499615219096634,0
Retail banking,Internal fraud,People,Hubei,2006-04,1,6150000.0,6150000.0,6150000.0,6150000.0,0,1.0,2006-04-01,1.0,3310000.0,0.0,1.0,828000.0,0.0,0.0,0.0,0.0,0.0,0.0,0.0,0.0,0.0,0.0,2.0,4138000.0,0.0,2.0,4138000.0,0.0,2.0,4138000.0,0.0,6150000.0,15.631962802384312,2006-06-30,0,1,0.4088669950738916,0.380653828929691,0.4594715629198387,0.0313479623824451,4,2,2006,90,0.15623306371715767,0
Retail banking,Internal fraud,People,Hubei,2006-06,1,900274.0,900274.0,900274.0,900274.0,0,0.0,2006-06-01,1.0,6150000.0,0.0,1.0,3310000.0,0.0,1.0,828000.0,0.0,0.0,0.0,0.0,0.0,0.0,0.0,3.0,10288000.0,0.0,3.0,10288000.0,0.0,3.0,10288000.0,0.0,900274.0,13.710455551189412,2006-08-30,0,1,0.4088669950738916,0.380653828929691,0.4594715629198387,0.0313479623824451,6,2,2006,90,0.07177949916287674,0
Retail banking,Internal fraud,People,Hubei,2006-07,1,498000.0,498000.0,498000.0,498000.0,0,1.0,2006-07-01,1.0,900274.0,0.0,1.0,6150000.0,0.0,1.0,3310000.0,0.0,0.0,0.0,0.0,0.0,0.0,0.0,3.0,10360274.0,0.0,4.0,11188274.0,0.0,4.0,11188274.0,0.0,498000.0,13.118357364036902,2006-09-29,0,0,0.4088669950738916,0.380653828929691,0.4594715629198387,0.0313479623824451,7,3,2006,90,0.04303175518999118,0
Retail banking,Internal fraud,People,Hubei,2008-06,1,3250000.0,3250000.0,3250000.0,3250000.0,0,0.0,2008-06-01,1.0,498000.0,0.0,1.0,900274.0,0.0,1.0,6150000.0,0.0,0.0,0.0,0.0,0.0,0.0,0.0,3.0,7548274.0,0.0,5.0,11686274.0,0.0,5.0,11686274.0,0.0,3250000.0,14.99416586199818,2008-08-30,0,0,0.4088669950738916,0.380653828929691,0.4594715629198387,0.0313479623824451,6,2,2008,90,0.14881910178360694,0
Retail banking,Internal fraud,People,Hubei,2014-10,1,5000000.0,5000000.0,5000000.0,5000000.0,0,1.0,2014-10-01,1.0,3250000.0,0.0,1.0,498000.0,0.0,1.0,900274.0,0.0,1.0,828000.0,0.0,0.0,0.0,0.0,3.0,4648274.0,0.0,6.0,14936274.0,0.0,6.0,14936274.0,0.0,5000000.0,15.424948670398354,2014-12-30,0,1,0.4088669950738916,0.380653828929691,0.4594715629198387,0.0313479623824451,10,4,2014,90,0.16527544012986928,0
Retail banking,Internal fraud,People,Hubei,2014-11,1,2400.0,2400.0,2400.0,2400.0,0,0.0,2014-11-01,1.0,5000000.0,0.0,1.0,3250000.0,0.0,1.0,498000.0,0.0,1.0,3310000.0,0.0,0.0,0.0,0.0,3.0,8748000.0,0.0,6.0,19108274.0,0.0,7.0,19936274.0,0.0,2400.0,7.783640596221253,2015-01-30,0,0,0.4088669950738916,0.380653828929691,0.4594715629198387,0.0313479623824451,11,4,2014,90,0.035189627224347445,0
Retail banking,Internal fraud,People,Hubei,2015-06,1,769000.0,769000.0,769000.0,769000.0,0,1.0,2015-06-01,1.0,2400.0,0.0,1.0,5000000.0,0.0,1.0,3250000.0,0.0,1.0,6150000.0,0.0,0.0,0.0,0.0,3.0,8252400.0,0.0,6.0,15800674.0,0.0,8.0,19938674.0,0.0,769000.0,13.552847548877052,2015-08-30,0,0,0.4088669950738916,0.380653828929691,0.4594715629198387,0.0313479623824451,6,2,2015,90,0.07092883935883396,0
Retail banking,Internal fraud,People,Hubei,2017-01,1,3400000.0,3400000.0,3400000.0,3400000.0,0,1.0,2017-01-01,1.0,769000.0,0.0,1.0,2400.0,0.0,1.0,5000000.0,0.0,1.0,900274.0,0.0,0.0,0.0,0.0,3.0,5771400.0,0.0,6.0,10419674.0,0.0,9.0,20707674.0,0.0,3400000.0,15.039286283703994,2017-04-01,0,0,0.4088669950738916,0.380653828929691,0.4594715629198387,0.0313479623824451,1,1,2017,90,0.1491998277269844,0
Retail banking,Internal fraud,People,Hubei,2018-04,1,65000.0,65000.0,65000.0,65000.0,0,1.0,2018-04-01,1.0,3400000.0,0.0,1.0,769000.0,0.0,1.0,2400.0,0.0,1.0,498000.0,0.0,0.0,0.0,0.0,3.0,4171400.0,0.0,6.0,12919400.0,0.0,10.0,24107674.0,0.0,65000.0,11.082157933374816,2018-06-30,0,1,0.4088669950738916,0.380653828929691,0.4594715629198387,0.0313479623824451,4,2,2018,90,0.016471709508845963,0
Retail banking,Internal fraud,People,Hubei,2018-06,1,300000.0,300000.0,300000.0,300000.0,0,1.0,2018-06-01,1.0,65000.0,0.0,1.0,3400000.0,0.0,1.0,769000.0,0.0,1.0,3250000.0,0.0,0.0,0.0,0.0,3.0,4234000.0,0.0,6.0,12486400.0,0.0,11.0,24172674.0,0.0,300000.0,12.611541086966117,2018-08-30,0,1,0.4088669950738916,0.380653828929691,0.4594715629198387,0.0313479623824451,6,2,2018,90,0.023675954735501423,0
Retail banking,Internal fraud,People,Hubei,2018-07,1,1045800.0,1045800.0,1045800.0,1045800.0,0,1.0,2018-07-01,1.0,300000.0,0.0,1.0,65000.0,0.0,1.0,3400000.0,0.0,1.0,5000000.0,0.0,1.0,828000.0,0.0,3.0,3765000.0,0.0,6.0,9536400.0,0.0,12.0,24472674.0,0.0,1045800.0,13.860293656941485,2018-09-29,0,0,0.4088669950738916,0.380653828929691,0.4594715629198387,0.0313479623824451,7,3,2018,90,0.12030880874801243,0
Retail banking,Internal fraud,People,"Hubei,Guangdong",2016-05,1,8000000.0,8000000.0,8000000.0,8000000.0,0,0.0,2016-05-01,0.0,0.0,0.0,0.0,0.0,0.0,0.0,0.0,0.0,0.0,0.0,0.0,0.0,0.0,0.0,0.0,0.0,0.0,0.0,0.0,0.0,0.0,0.0,0.0,8000000.0,15.894952224644102,2016-07-30,0,0,0.4088669950738916,0.380653828929691,0.4594715629198387,0.0017913121361397,5,2,2016,90,0.09540203053863079,0
Retail banking,Internal fraud,People,Hunan,1999-04,1,639880.0,639880.0,639880.0,639880.0,0,1.0,1999-04-01,0.0,0.0,0.0,0.0,0.0,0.0,0.0,0.0,0.0,0.0,0.0,0.0,0.0,0.0,0.0,0.0,0.0,0.0,0.0,0.0,0.0,0.0,0.0,0.0,639880.0,13.369037500547334,1999-06-30,0,0,0.4088669950738916,0.380653828929691,0.4594715629198387,0.0277653381101656,4,2,1999,90,0.07499371377540527,0
Retail banking,Internal fraud,People,Hunan,1999-10,1,776414982.0,776414982.0,776414982.0,776414982.0,1,1.0,1999-10-01,1.0,639880.0,0.0,0.0,0.0,0.0,0.0,0.0,0.0,0.0,0.0,0.0,0.0,0.0,0.0,1.0,639880.0,0.0,1.0,639880.0,0.0,1.0,639880.0,0.0,776414982.0,20.47019770711517,1999-12-30,0,0,0.4088669950738916,0.380653828929691,0.4594715629198387,0.0277653381101656,10,4,1999,90,0.073976175815462,0
Retail banking,Internal fraud,People,Hunan,2002-01,1,5988000.0,5988000.0,5988000.0,5988000.0,0,1.0,2002-01-01,1.0,776414982.0,1.0,1.0,639880.0,0.0,0.0,0.0,0.0,0.0,0.0,0.0,0.0,0.0,0.0,2.0,777054862.0,1.0,2.0,777054862.0,1.0,2.0,777054862.0,1.0,5988000.0,15.60526819152231,2002-04-01,0,1,0.4088669950738916,0.380653828929691,0.4594715629198387,0.0277653381101656,1,1,2002,90,0.30291731407030237,0
Retail banking,Internal fraud,People,Hunan,2002-03,1,498800.0,498800.0,498800.0,498800.0,0,1.0,2002-03-01,1.0,5988000.0,0.0,1.0,776414982.0,1.0,1.0,639880.0,0.0,0.0,0.0,0.0,0.0,0.0,0.0,3.0,783042862.0,1.0,3.0,783042862.0,1.0,3.0,783042862.0,1.0,498800.0,13.119962497597555,2002-05-30,0,0,0.4088669950738916,0.380653828929691,0.4594715629198387,0.0277653381101656,3,1,2002,90,0.07667501104641457,0
Retail banking,Internal fraud,People,Hunan,2003-04,1,610000.0,610000.0,610000.0,610000.0,0,0.0,2003-04-01,1.0,498800.0,0.0,1.0,5988000.0,0.0,1.0,776414982.0,1.0,0.0,0.0,0.0,0.0,0.0,0.0,3.0,782901782.0,1.0,4.0,783541662.0,1.0,4.0,783541662.0,1.0,610000.0,13.321215875492411,2003-06-30,0,0,0.4088669950738916,0.380653828929691,0.4594715629198387,0.0277653381101656,4,2,2003,90,0.06141989185773305,0
Retail banking,Internal fraud,People,Hunan,2006-12,1,442000.0,442000.0,442000.0,442000.0,0,1.0,2006-12-01,1.0,610000.0,0.0,1.0,498800.0,0.0,1.0,5988000.0,0.0,0.0,0.0,0.0,0.0,0.0,0.0,3.0,7096800.0,0.0,5.0,784151662.0,1.0,5.0,784151662.0,1.0,442000.0,12.999067423500716,2007-03-01,0,0,0.4088669950738916,0.380653828929691,0.4594715629198387,0.0277653381101656,12,4,2006,90,0.03975153989429558,0
Retail banking,Internal fraud,People,Hunan,2008-12,1,3090000.0,3090000.0,3090000.0,3090000.0,0,1.0,2008-12-01,1.0,442000.0,0.0,1.0,610000.0,0.0,1.0,498800.0,0.0,1.0,639880.0,0.0,0.0,0.0,0.0,3.0,1550800.0,0.0,6.0,784593662.0,1.0,6.0,784593662.0,1.0,3090000.0,14.94368197249847,2009-03-01,0,1,0.4088669950738916,0.380653828929691,0.4594715629198387,0.0277653381101656,12,4,2008,90,0.21912218507786022,0
Retail banking,Internal fraud,People,Hunan,2009-03,1,27090.0,27090.0,27090.0,27090.0,0,0.0,2009-03-01,1.0,3090000.0,0.0,1.0,442000.0,0.0,1.0,610000.0,0.0,1.0,776414982.0,1.0,0.0,0.0,0.0,3.0,4142000.0,0.0,6.0,787043782.0,1.0,7.0,787683662.0,1.0,27090.0,10.206956848388238,2009-05-30,0,0,0.4088669950738916,0.380653828929691,0.4594715629198387,0.0277653381101656,3,1,2009,90,0.057907154611949695,0
Retail banking,Internal fraud,People,Hunan,2011-07,1,71140000.0,71140000.0,71140000.0,71140000.0,1,1.0,2011-07-01,1.0,27090.0,0.0,1.0,3090000.0,0.0,1.0,442000.0,0.0,1.0,5988000.0,0.0,0.0,0.0,0.0,3.0,3559090.0,0.0,6.0,10655890.0,0.0,8.0,787710752.0,1.0,71140000.0,18.08016033854137,2011-09-29,0,0,0.4088669950738916,0.380653828929691,0.4594715629198387,0.0277653381101656,7,3,2011,90,0.17047092368055392,0
Retail banking,Internal fraud,People,Hunan,2012-07,1,2300000.0,2300000.0,2300000.0,2300000.0,0,1.0,2012-07-01,1.0,71140000.0,1.0,1.0,27090.0,0.0,1.0,3090000.0,0.0,1.0,498800.0,0.0,0.0,0.0,0.0,3.0,74257090.0,1.0,6.0,75807890.0,1.0,9.0,858850752.0,2.0,2300000.0,14.648420115681892,2012-09-29,0,0,0.4088669950738916,0.380653828929691,0.4594715629198387,0.0277653381101656,7,3,2012,90,0.31986206109556636,0
Retail banking,Internal fraud,People,Hunan,2013-06,1,4806900.0,4806900.0,4806900.0,4806900.0,0,1.0,2013-06-01,1.0,2300000.0,0.0,1.0,71140000.0,1.0,1.0,27090.0,0.0,1.0,610000.0,0.0,0.0,0.0,0.0,3.0,73467090.0,1.0,6.0,77609090.0,1.0,10.0,861150752.0,2.0,4806900.0,15.385563151698344,2013-08-30,0,0,0.4088669950738916,0.380653828929691,0.4594715629198387,0.0277653381101656,6,2,2013,90,0.37925674217125843,1
Retail banking,Internal fraud,People,Hunan,2014-07,1,222000000.0,222000000.0,222000000.0,222000000.0,1,1.0,2014-07-01,1.0,4806900.0,0.0,1.0,2300000.0,0.0,1.0,71140000.0,1.0,1.0,442000.0,0.0,0.0,0.0,0.0,3.0,78246900.0,1.0,6.0,81805990.0,1.0,11.0,865957652.0,2.0,222000000.0,19.218187944341057,2014-09-29,0,0,0.4088669950738916,0.380653828929691,0.4594715629198387,0.0277653381101656,7,3,2014,90,0.3058913706889278,0
Retail banking,Internal fraud,People,Hunan,2015-05,1,3000000.0,3000000.0,3000000.0,3000000.0,0,1.0,2015-05-01,1.0,222000000.0,1.0,1.0,4806900.0,0.0,1.0,2300000.0,0.0,1.0,3090000.0,0.0,1.0,639880.0,0.0,3.0,229106900.0,1.0,6.0,303363990.0,2.0,12.0,1087957652.0,3.0,3000000.0,14.914123179965662,2015-07-30,0,0,0.4088669950738916,0.380653828929691,0.4594715629198387,0.0277653381101656,5,2,2015,90,0.4568826988182187,1
Retail banking,Internal fraud,People,Hunan,2016-04,1,1100000.0,1100000.0,1100000.0,1100000.0,0,1.0,2016-04-01,1.0,3000000.0,0.0,1.0,222000000.0,1.0,1.0,4806900.0,0.0,1.0,27090.0,0.0,1.0,776414982.0,1.0,3.0,229806900.0,1.0,6.0,303273990.0,2.0,12.0,1090317772.0,3.0,1100000.0,13.910821646859096,2016-06-30,1,1,0.4088669950738916,0.380653828929691,0.4594715629198387,0.0277653381101656,4,2,2016,90,0.700460947427532,1
Retail banking,Internal fraud,People,Hunan,2016-06,1,12000000.0,12000000.0,12000000.0,12000000.0,1,1.0,2016-06-01,1.0,1100000.0,0.0,1.0,3000000.0,0.0,1.0,222000000.0,1.0,1.0,71140000.0,1.0,1.0,5988000.0,0.0,3.0,226100000.0,1.0,6.0,304346900.0,2.0,12.0,315002790.0,2.0,12000000.0,16.300417291085605,2016-08-30,0,0,0.4088669950738916,0.380653828929691,0.4594715629198387,0.0277653381101656,6,2,2016,90,0.23394268540253,0
Retail banking,Internal fraud,People,Hunan,2016-11,1,1470000.0,1470000.0,1470000.0,1470000.0,0,0.0,2016-11-01,1.0,12000000.0,1.0,1.0,1100000.0,0.0,1.0,3000000.0,0.0,1.0,2300000.0,0.0,1.0,498800.0,0.0,3.0,16100000.0,1.0,6.0,245206900.0,2.0,12.0,321014790.0,3.0,1470000.0,14.200773639026796,2017-01-30,1,1,0.4088669950738916,0.380653828929691,0.4594715629198387,0.0277653381101656,11,4,2016,90,0.696632645336041,1
Retail banking,Internal fraud,People,Hunan,2017-01,1,28425000.0,28425000.0,28425000.0,28425000.0,1,1.0,2017-01-01,1.0,1470000.0,0.0,1.0,12000000.0,1.0,1.0,1100000.0,0.0,1.0,4806900.0,0.0,1.0,610000.0,0.0,3.0,14570000.0,1.0,6.0,244376900.0,2.0,12.0,321985990.0,3.0,28425000.0,17.162779632781174,2017-04-01,0,0,0.4088669950738916,0.380653828929691,0.4594715629198387,0.0277653381101656,1,1,2017,90,0.27705525535065706,0
Retail banking,Internal fraud,People,Hunan,2018-03,2,9430000.0,4715000.0,4715000.0,7580000.0,0,1.0,2018-03-01,1.0,28425000.0,1.0,1.0,1470000.0,0.0,1.0,12000000.0,1.0,1.0,222000000.0,1.0,1.0,442000.0,0.0,3.0,41895000.0,2.0,6.0,267995000.0,3.0,12.0,349800990.0,4.0,4715000.0,16.059406760654173,2018-05-30,0,0,0.4088669950738916,0.380653828929691,0.4594715629198387,0.0277653381101656,3,1,2018,90,0.35659155305172996,1
Retail banking,Internal fraud,People,Hunan,2018-12,1,7070000.0,7070000.0,7070000.0,7070000.0,0,1.0,2018-12-01,2.0,9430000.0,0.0,1.0,28425000.0,1.0,1.0,1470000.0,0.0,1.0,3000000.0,0.0,1.0,3090000.0,0.0,4.0,39325000.0,1.0,7.0,55425000.0,2.0,13.0,358788990.0,4.0,7070000.0,15.77137117931546,2019-03-01,0,0,0.4088669950738916,0.380653828929691,0.4594715629198387,0.0277653381101656,12,4,2018,90,0.2715589467021149,0
Retail banking,Internal fraud,People,Hunan,2019-07,1,10103200.0,10103200.0,10103200.0,10103200.0,1,1.0,2019-07-01,1.0,7070000.0,0.0,2.0,9430000.0,0.0,1.0,28425000.0,1.0,1.0,1100000.0,0.0,1.0,27090.0,0.0,4.0,44925000.0,1.0,7.0,59495000.0,2.0,13.0,362768990.0,4.0,10103200.0,16.128362862292633,2019-09-29,0,0,0.4088669950738916,0.380653828929691,0.4594715629198387,0.0277653381101656,7,3,2019,90,0.22977290110304746,0
Retail banking,Internal fraud,People,"Hunan,Guangdong",2006-05,1,5751559.999999999,5751559.999999999,5751559.999999999,5751559.999999999,0,1.0,2006-05-01,0.0,0.0,0.0,0.0,0.0,0.0,0.0,0.0,0.0,0.0,0.0,0.0,0.0,0.0,0.0,0.0,0.0,0.0,0.0,0.0,0.0,0.0,0.0,0.0,5751559.999999999,15.564981854190847,2006-07-30,0,0,0.4088669950738916,0.380653828929691,0.4594715629198387,0.0013434841021047,5,2,2006,90,0.06950509556770165,0
Retail banking,Internal fraud,People,Inner mongolia,1999-10,1,1222110.92,1222110.92,1222110.92,1222110.92,0,1.0,1999-10-01,0.0,0.0,0.0,0.0,0.0,0.0,0.0,0.0,0.0,0.0,0.0,0.0,0.0,0.0,0.0,0.0,0.0,0.0,0.0,0.0,0.0,0.0,0.0,0.0,1222110.92,14.016091002081168,1999-12-30,0,0,0.4088669950738916,0.380653828929691,0.4594715629198387,0.0053739364084191,10,4,1999,90,0.11838209175949053,0
Retail banking,Internal fraud,People,Inner mongolia,2001-03,1,1451200.0,1451200.0,1451200.0,1451200.0,0,1.0,2001-03-01,1.0,1222110.92,0.0,0.0,0.0,0.0,0.0,0.0,0.0,0.0,0.0,0.0,0.0,0.0,0.0,1.0,1222110.92,0.0,1.0,1222110.92,0.0,1.0,1222110.92,0.0,1451200.0,14.187902047427666,2001-05-30,0,0,0.4088669950738916,0.380653828929691,0.4594715629198387,0.0053739364084191,3,1,2001,90,0.05761130434873076,0
Retail banking,Internal fraud,People,"Inner mongolia,Henan,Inner mongolia",2012-06,1,1114600.0,1114600.0,1114600.0,1114600.0,0,1.0,2012-06-01,0.0,0.0,0.0,0.0,0.0,0.0,0.0,0.0,0.0,0.0,0.0,0.0,0.0,0.0,0.0,0.0,0.0,0.0,0.0,0.0,0.0,0.0,0.0,0.0,1114600.0,13.924007051300016,2012-08-30,0,0,0.4088669950738916,0.380653828929691,0.4594715629198387,0.0004478280340349,6,2,2012,90,0.07886719430186012,0
Retail banking,Internal fraud,People,"Inner mongolia,Inner mongolia",2010-04,1,5899.0,5899.0,5899.0,5899.0,0,0.0,2010-04-01,0.0,0.0,0.0,0.0,0.0,0.0,0.0,0.0,0.0,0.0,0.0,0.0,0.0,0.0,0.0,0.0,0.0,0.0,0.0,0.0,0.0,0.0,0.0,0.0,5899.0,8.68270762989381,2010-06-30,0,0,0.4088669950738916,0.380653828929691,0.4594715629198387,0.0071652485445588,4,2,2010,90,0.06827008432509661,0
Retail banking,Internal fraud,People,"Inner mongolia,Inner mongolia",2013-04,1,900000.0,900000.0,900000.0,900000.0,0,1.0,2013-04-01,1.0,5899.0,0.0,0.0,0.0,0.0,0.0,0.0,0.0,0.0,0.0,0.0,0.0,0.0,0.0,1.0,5899.0,0.0,1.0,5899.0,0.0,1.0,5899.0,0.0,900000.0,13.71015115341694,2013-06-30,0,0,0.4088669950738916,0.380653828929691,0.4594715629198387,0.0071652485445588,4,2,2013,90,0.04852774012650358,0
Retail banking,Internal fraud,People,"Inner mongolia,Jiangsu,Hainan,Xinjiang,Inner mongolia",2013-06,1,108000000.0,108000000.0,108000000.0,108000000.0,1,1.0,2013-06-01,0.0,0.0,0.0,0.0,0.0,0.0,0.0,0.0,0.0,0.0,0.0,0.0,0.0,0.0,0.0,0.0,0.0,0.0,0.0,0.0,0.0,0.0,0.0,0.0,108000000.0,18.497641794347757,2013-08-30,0,0,0.4088669950738916,0.380653828929691,0.4594715629198387,0.0004478280340349,6,2,2013,90,0.09819263620059,0
Retail banking,Internal fraud,People,"Inner mongolia,Shanghai,Jiangxi,Inner mongolia",2017-06,1,317600.0,317600.0,317600.0,317600.0,0,1.0,2017-06-01,0.0,0.0,0.0,0.0,0.0,0.0,0.0,0.0,0.0,0.0,0.0,0.0,0.0,0.0,0.0,0.0,0.0,0.0,0.0,0.0,0.0,0.0,0.0,0.0,317600.0,12.66855115696477,2017-08-30,0,0,0.4088669950738916,0.380653828929691,0.4594715629198387,0.0004478280340349,6,2,2017,90,0.06560025771619543,0
Retail banking,Internal fraud,People,Jiangsu,2001-05,1,2793000.0,2793000.0,2793000.0,2793000.0,0,1.0,2001-05-01,0.0,0.0,0.0,0.0,0.0,0.0,0.0,0.0,0.0,0.0,0.0,0.0,0.0,0.0,0.0,0.0,0.0,0.0,0.0,0.0,0.0,0.0,0.0,0.0,2793000.0,14.842627202965202,2001-07-30,0,0,0.4088669950738916,0.380653828929691,0.4594715629198387,0.032243618450515,5,2,2001,90,0.06072605078610936,0
Retail banking,Internal fraud,People,Jiangsu,2004-02,1,20000000.0,20000000.0,20000000.0,20000000.0,1,1.0,2004-02-01,1.0,2793000.0,0.0,0.0,0.0,0.0,0.0,0.0,0.0,0.0,0.0,0.0,0.0,0.0,0.0,1.0,2793000.0,0.0,1.0,2793000.0,0.0,1.0,2793000.0,0.0,20000000.0,16.811242881518265,2004-05-01,0,0,0.4088669950738916,0.380653828929691,0.4594715629198387,0.032243618450515,2,1,2004,90,0.05361391122008219,0
Retail banking,Internal fraud,People,Jiangsu,2006-02,1,40000.0,40000.0,40000.0,40000.0,0,1.0,2006-02-01,1.0,20000000.0,1.0,1.0,2793000.0,0.0,0.0,0.0,0.0,0.0,0.0,0.0,0.0,0.0,0.0,2.0,22793000.0,1.0,2.0,22793000.0,1.0,2.0,22793000.0,1.0,40000.0,10.59665973278358,2006-05-02,0,0,0.4088669950738916,0.380653828929691,0.4594715629198387,0.032243618450515,2,1,2006,90,0.01905305514224342,0
Retail banking,Internal fraud,People,Jiangsu,2007-03,1,4000000.0,4000000.0,4000000.0,4000000.0,0,0.0,2007-03-01,1.0,40000.0,0.0,1.0,20000000.0,1.0,1.0,2793000.0,0.0,0.0,0.0,0.0,0.0,0.0,0.0,3.0,22833000.0,1.0,3.0,22833000.0,1.0,3.0,22833000.0,1.0,4000000.0,15.201805169084134,2007-05-30,0,0,0.4088669950738916,0.380653828929691,0.4594715629198387,0.032243618450515,3,1,2007,90,0.26288959669058803,0
Retail banking,Internal fraud,People,Jiangsu,2009-02,1,15957100.0,15957100.0,15957100.0,15957100.0,1,0.0,2009-02-01,1.0,4000000.0,0.0,1.0,40000.0,0.0,1.0,20000000.0,1.0,0.0,0.0,0.0,0.0,0.0,0.0,3.0,24040000.0,1.0,4.0,26833000.0,1.0,4.0,26833000.0,1.0,15957100.0,16.585414491883093,2009-05-02,0,0,0.4088669950738916,0.380653828929691,0.4594715629198387,0.032243618450515,2,1,2009,90,0.25609466670771186,0
Retail banking,Internal fraud,People,Jiangsu,2009-06,1,1000000.0,1000000.0,1000000.0,1000000.0,0,1.0,2009-06-01,1.0,15957100.0,1.0,1.0,4000000.0,0.0,1.0,40000.0,0.0,0.0,0.0,0.0,0.0,0.0,0.0,3.0,19997100.0,1.0,5.0,42790100.0,2.0,5.0,42790100.0,2.0,1000000.0,13.815511557963774,2009-08-30,0,0,0.4088669950738916,0.380653828929691,0.4594715629198387,0.032243618450515,6,2,2009,90,0.19900327187373323,0
Retail banking,Internal fraud,People,Jiangsu,2009-09,1,300000.0,300000.0,300000.0,300000.0,0,0.0,2009-09-01,1.0,1000000.0,0.0,1.0,15957100.0,1.0,1.0,4000000.0,0.0,1.0,2793000.0,0.0,0.0,0.0,0.0,3.0,20957100.0,1.0,6.0,43790100.0,2.0,6.0,43790100.0,2.0,300000.0,12.611541086966117,2009-11-30,0,0,0.4088669950738916,0.380653828929691,0.4594715629198387,0.032243618450515,9,3,2009,90,0.028376865168503653,0
Retail banking,Internal fraud,People,Jiangsu,2011-03,1,2300000.0,2300000.0,2300000.0,2300000.0,0,1.0,2011-03-01,1.0,300000.0,0.0,1.0,1000000.0,0.0,1.0,15957100.0,1.0,1.0,20000000.0,1.0,0.0,0.0,0.0,3.0,17257100.0,1.0,6.0,41297100.0,2.0,7.0,44090100.0,2.0,2300000.0,14.648420115681892,2011-05-30,0,0,0.4088669950738916,0.380653828929691,0.4594715629198387,0.032243618450515,3,1,2011,90,0.2301392883623305,0
Retail banking,Internal fraud,People,Jiangsu,2011-09,1,100000000.0,100000000.0,100000000.0,100000000.0,1,3.0,2011-09-01,1.0,2300000.0,0.0,1.0,300000.0,0.0,1.0,1000000.0,0.0,1.0,40000.0,0.0,0.0,0.0,0.0,3.0,3600000.0,0.0,6.0,23597100.0,1.0,8.0,46390100.0,2.0,100000000.0,18.420680753952364,2011-11-30,1,1,0.4088669950738916,0.380653828929691,0.4594715629198387,0.032243618450515,9,3,2011,90,0.6190699607130475,1
Retail banking,Internal fraud,People,Jiangsu,2011-11,2,12120000.0,6060000.0,6060000.0,11520000.0,1,1.0,2011-11-01,1.0,100000000.0,1.0,1.0,2300000.0,0.0,1.0,300000.0,0.0,1.0,4000000.0,0.0,0.0,0.0,0.0,3.0,102600000.0,1.0,6.0,123557100.0,2.0,9.0,146390100.0,3.0,6060000.0,16.31036762111369,2012-01-30,0,0,0.4088669950738916,0.380653828929691,0.4594715629198387,0.032243618450515,11,4,2011,90,0.27771756941069115,0
Retail banking,Internal fraud,People,Jiangsu,2012-11,1,6030000.0,6030000.0,6030000.0,6030000.0,0,0.0,2012-11-01,2.0,12120000.0,1.0,1.0,100000000.0,1.0,1.0,2300000.0,0.0,1.0,15957100.0,1.0,0.0,0.0,0.0,4.0,114420000.0,2.0,7.0,131677100.0,3.0,11.0,158510100.0,4.0,6030000.0,15.612257734540831,2013-01-30,0,0,0.4088669950738916,0.380653828929691,0.4594715629198387,0.032243618450515,11,4,2012,90,0.3067138562120107,0
Retail banking,Internal fraud,People,Jiangsu,2013-07,2,14820000.0,7410000.0,7410000.0,10920000.0,1,1.0,2013-07-01,1.0,6030000.0,0.0,2.0,12120000.0,1.0,1.0,100000000.0,1.0,1.0,1000000.0,0.0,0.0,0.0,0.0,4.0,118150000.0,2.0,7.0,121750000.0,2.0,12.0,164540100.0,4.0,7410000.0,16.511488245308595,2013-09-29,0,0,0.4088669950738916,0.380653828929691,0.4594715629198387,0.032243618450515,7,3,2013,90,0.25336106596113966,0
Retail banking,Internal fraud,People,Jiangsu,2015-01,1,19900000.0,19900000.0,19900000.0,19900000.0,1,1.0,2015-01-01,2.0,14820000.0,1.0,1.0,6030000.0,0.0,2.0,12120000.0,1.0,1.0,300000.0,0.0,1.0,2793000.0,0.0,5.0,32970000.0,2.0,8.0,135570000.0,3.0,14.0,179360100.0,5.0,19900000.0,16.806230339945976,2015-04-01,0,0,0.4088669950738916,0.380653828929691,0.4594715629198387,0.032243618450515,1,1,2015,90,0.23366744823328853,0
Retail banking,Internal fraud,People,"Jiangsu,Zhejiang",2008-06,1,9000000.0,9000000.0,9000000.0,9000000.0,0,1.0,2008-06-01,0.0,0.0,0.0,0.0,0.0,0.0,0.0,0.0,0.0,0.0,0.0,0.0,0.0,0.0,0.0,0.0,0.0,0.0,0.0,0.0,0.0,0.0,0.0,0.0,9000000.0,16.012735246411598,2008-08-30,0,0,0.4088669950738916,0.380653828929691,0.4594715629198387,0.0013434841021047,6,2,2008,90,0.07617496068496729,0
Retail banking,Internal fraud,People,Jiangxi,2001-05,1,8502000.0,8502000.0,8502000.0,8502000.0,0,1.0,2001-05-01,0.0,0.0,0.0,0.0,0.0,0.0,0.0,0.0,0.0,0.0,0.0,0.0,0.0,0.0,0.0,0.0,0.0,0.0,0.0,0.0,0.0,0.0,0.0,0.0,8502000.0,15.955812105520248,2001-07-30,0,1,0.4088669950738916,0.380653828929691,0.4594715629198387,0.0156739811912225,5,2,2001,90,0.07478202614208135,0
Retail banking,Internal fraud,People,Jiangxi,2001-06,1,1260000.0,1260000.0,1260000.0,1260000.0,0,1.0,2001-06-01,1.0,8502000.0,0.0,0.0,0.0,0.0,0.0,0.0,0.0,0.0,0.0,0.0,0.0,0.0,0.0,1.0,8502000.0,0.0,1.0,8502000.0,0.0,1.0,8502000.0,0.0,1260000.0,14.04662307257814,2001-08-30,0,1,0.4088669950738916,0.380653828929691,0.4594715629198387,0.0156739811912225,6,2,2001,90,0.04044248967650674,0
Retail banking,Internal fraud,People,Jiangxi,2001-08,1,26777.000000000004,26777.000000000004,26777.000000000004,26777.000000000004,0,1.0,2001-08-01,1.0,1260000.0,0.0,1.0,8502000.0,0.0,0.0,0.0,0.0,0.0,0.0,0.0,0.0,0.0,0.0,2.0,9762000.0,0.0,2.0,9762000.0,0.0,2.0,9762000.0,0.0,26777.000000000004,10.195335933857326,2001-10-30,0,0,0.4088669950738916,0.380653828929691,0.4594715629198387,0.0156739811912225,8,3,2001,90,0.021706012939255614,0
Retail banking,Internal fraud,People,Jiangxi,2002-02,1,115000.0,115000.0,115000.0,115000.0,0,1.0,2002-02-01,1.0,26777.000000000004,0.0,1.0,1260000.0,0.0,1.0,8502000.0,0.0,0.0,0.0,0.0,0.0,0.0,0.0,3.0,9788777.0,0.0,3.0,9788777.0,0.0,3.0,9788777.0,0.0,115000.0,11.652696102959752,2002-05-02,0,0,0.4088669950738916,0.380653828929691,0.4594715629198387,0.0156739811912225,2,1,2002,90,0.02227688013082625,0
Retail banking,Internal fraud,People,Jiangxi,2002-08,1,784000.0,784000.0,784000.0,784000.0,0,1.0,2002-08-01,1.0,115000.0,0.0,1.0,26777.000000000004,0.0,1.0,1260000.0,0.0,0.0,0.0,0.0,0.0,0.0,0.0,3.0,1401777.0,0.0,4.0,9903777.0,0.0,4.0,9903777.0,0.0,784000.0,13.572165574841936,2002-10-30,0,0,0.4088669950738916,0.380653828929691,0.4594715629198387,0.0156739811912225,8,3,2002,90,0.06564693027055438,0
Retail banking,Internal fraud,People,Jiangxi,2006-10,1,44000.0,44000.0,44000.0,44000.0,0,1.0,2006-10-01,1.0,784000.0,0.0,1.0,115000.0,0.0,1.0,26777.000000000004,0.0,0.0,0.0,0.0,0.0,0.0,0.0,3.0,925777.0,0.0,5.0,10687777.0,0.0,5.0,10687777.0,0.0,44000.0,10.691967639914864,2006-12-30,0,0,0.4088669950738916,0.380653828929691,0.4594715629198387,0.0156739811912225,10,4,2006,90,0.033850836874379585,0
Retail banking,Internal fraud,People,Jiangxi,2009-04,1,1880000.0,1880000.0,1880000.0,1880000.0,0,0.0,2009-04-01,1.0,44000.0,0.0,1.0,784000.0,0.0,1.0,115000.0,0.0,1.0,8502000.0,0.0,0.0,0.0,0.0,3.0,943000.0,0.0,6.0,10731777.0,0.0,6.0,10731777.0,0.0,1880000.0,14.446782866720884,2009-06-30,0,0,0.4088669950738916,0.380653828929691,0.4594715629198387,0.0156739811912225,4,2,2009,90,0.13399463021430819,0
Retail banking,Internal fraud,People,Jiangxi,2014-03,1,32000000.0,32000000.0,32000000.0,32000000.0,1,1.0,2014-03-01,1.0,1880000.0,0.0,1.0,44000.0,0.0,1.0,784000.0,0.0,1.0,1260000.0,0.0,0.0,0.0,0.0,3.0,2708000.0,0.0,6.0,4109777.0,0.0,7.0,12611777.0,0.0,32000000.0,17.281246492014,2014-05-30,0,0,0.4088669950738916,0.380653828929691,0.4594715629198387,0.0156739811912225,3,1,2014,90,0.17138794976987226,0
Retail banking,Internal fraud,People,Jilin,2000-10,1,2865000.0,2865000.0,2865000.0,2865000.0,0,1.0,2000-10-01,0.0,0.0,0.0,0.0,0.0,0.0,0.0,0.0,0.0,0.0,0.0,0.0,0.0,0.0,0.0,0.0,0.0,0.0,0.0,0.0,0.0,0.0,0.0,0.0,2865000.0,14.868079257171056,2000-12-30,0,0,0.4088669950738916,0.380653828929691,0.4594715629198387,0.0197044334975369,10,4,2000,90,0.11976044802906015,0
Retail banking,Internal fraud,People,Jilin,2001-08,1,120000000.0,120000000.0,120000000.0,120000000.0,1,1.0,2001-08-01,1.0,2865000.0,0.0,0.0,0.0,0.0,0.0,0.0,0.0,0.0,0.0,0.0,0.0,0.0,0.0,1.0,2865000.0,0.0,1.0,2865000.0,0.0,1.0,2865000.0,0.0,120000000.0,18.603002309079653,2001-10-30,0,0,0.4088669950738916,0.380653828929691,0.4594715629198387,0.0197044334975369,8,3,2001,90,0.08167114722327473,0
Retail banking,Internal fraud,People,Jilin,2007-11,1,2300000.0,2300000.0,2300000.0,2300000.0,0,1.0,2007-11-01,1.0,120000000.0,1.0,1.0,2865000.0,0.0,0.0,0.0,0.0,0.0,0.0,0.0,0.0,0.0,0.0,2.0,122865000.0,1.0,2.0,122865000.0,1.0,2.0,122865000.0,1.0,2300000.0,14.648420115681892,2008-01-30,0,0,0.4088669950738916,0.380653828929691,0.4594715629198387,0.0197044334975369,11,4,2007,90,0.2463575606457373,0
Retail banking,Internal fraud,People,Jilin,2017-06,1,7000000.0,7000000.0,7000000.0,7000000.0,0,1.0,2017-06-01,1.0,2300000.0,0.0,1.0,120000000.0,1.0,1.0,2865000.0,0.0,0.0,0.0,0.0,0.0,0.0,0.0,3.0,125165000.0,1.0,3.0,125165000.0,1.0,3.0,125165000.0,1.0,7000000.0,15.76142084987672,2017-08-30,0,0,0.4088669950738916,0.380653828929691,0.4594715629198387,0.0197044334975369,6,2,2017,90,0.3343735998401521,1
Retail banking,Internal fraud,People,Jilin,2021-01,1,2600000.0,2600000.0,2600000.0,2600000.0,0,2.0,2021-01-01,1.0,7000000.0,0.0,1.0,2300000.0,0.0,1.0,120000000.0,1.0,0.0,0.0,0.0,0.0,0.0,0.0,3.0,129300000.0,1.0,4.0,132165000.0,1.0,4.0,132165000.0,1.0,2600000.0,14.77102238760702,2021-04-01,0,0,0.4088669950738916,0.380653828929691,0.4594715629198387,0.0197044334975369,1,1,2021,90,0.2327549920578115,0
Retail banking,Internal fraud,People,Liaoning,2000-10,1,674116.0000000001,674116.0000000001,674116.0000000001,674116.0000000001,0,0.0,2000-10-01,0.0,0.0,0.0,0.0,0.0,0.0,0.0,0.0,0.0,0.0,0.0,0.0,0.0,0.0,0.0,0.0,0.0,0.0,0.0,0.0,0.0,0.0,0.0,0.0,674116.0000000001,13.421158965333808,2000-12-30,0,0,0.4088669950738916,0.380653828929691,0.4594715629198387,0.0291088222122704,10,4,2000,90,0.1196568852847995,0
Retail banking,Internal fraud,People,Liaoning,2002-11,1,3000000.0,3000000.0,3000000.0,3000000.0,0,1.0,2002-11-01,1.0,674116.0000000001,0.0,0.0,0.0,0.0,0.0,0.0,0.0,0.0,0.0,0.0,0.0,0.0,0.0,1.0,674116.0000000001,0.0,1.0,674116.0000000001,0.0,1.0,674116.0000000001,0.0,3000000.0,14.914123179965662,2003-01-30,0,1,0.4088669950738916,0.380653828929691,0.4594715629198387,0.0291088222122704,11,4,2002,90,0.030051666392119144,0
Retail banking,Internal fraud,People,Liaoning,2003-01,1,1220000.0,1220000.0,1220000.0,1220000.0,0,0.0,2003-01-01,1.0,3000000.0,0.0,1.0,674116.0000000001,0.0,0.0,0.0,0.0,0.0,0.0,0.0,0.0,0.0,0.0,2.0,3674116.0,0.0,2.0,3674116.0,0.0,2.0,3674116.0,0.0,1220000.0,14.014362236381237,2003-04-01,0,0,0.4088669950738916,0.380653828929691,0.4594715629198387,0.0291088222122704,1,1,2003,90,0.135542427345458,0
Retail banking,Internal fraud,People,Liaoning,2004-03,1,4300000.0,4300000.0,4300000.0,4300000.0,0,1.0,2004-03-01,1.0,1220000.0,0.0,1.0,3000000.0,0.0,1.0,674116.0000000001,0.0,0.0,0.0,0.0,0.0,0.0,0.0,3.0,4894116.0,0.0,3.0,4894116.0,0.0,3.0,4894116.0,0.0,4300000.0,15.274125813221904,2004-05-30,0,0,0.4088669950738916,0.380653828929691,0.4594715629198387,0.0291088222122704,3,1,2004,90,0.14547515040608905,0
Retail banking,Internal fraud,People,Liaoning,2005-01,1,152070000.0,152070000.0,152070000.0,152070000.0,1,1.0,2005-01-01,1.0,4300000.0,0.0,1.0,1220000.0,0.0,1.0,3000000.0,0.0,0.0,0.0,0.0,0.0,0.0,0.0,3.0,8520000.0,0.0,4.0,9194116.0,0.0,4.0,9194116.0,0.0,152070000.0,18.83985150569256,2005-04-01,0,0,0.4088669950738916,0.380653828929691,0.4594715629198387,0.0291088222122704,1,1,2005,90,0.18276220863163334,0
Retail banking,Internal fraud,People,Liaoning,2005-08,1,40000000.0,40000000.0,40000000.0,40000000.0,1,0.0,2005-08-01,1.0,152070000.0,1.0,1.0,4300000.0,0.0,1.0,1220000.0,0.0,0.0,0.0,0.0,0.0,0.0,0.0,3.0,157590000.0,1.0,5.0,161264116.0,1.0,5.0,161264116.0,1.0,40000000.0,17.50439003707821,2005-10-30,0,0,0.4088669950738916,0.380653828929691,0.4594715629198387,0.0291088222122704,8,3,2005,90,0.24484636700989326,0
Retail banking,Internal fraud,People,Liaoning,2006-11,1,200000.0,200000.0,200000.0,200000.0,0,0.0,2006-11-01,1.0,40000000.0,1.0,1.0,152070000.0,1.0,1.0,4300000.0,0.0,1.0,674116.0000000001,0.0,0.0,0.0,0.0,3.0,196370000.0,2.0,6.0,201264116.0,2.0,6.0,201264116.0,2.0,200000.0,12.206077645517674,2007-01-30,0,0,0.4088669950738916,0.380653828929691,0.4594715629198387,0.0291088222122704,11,4,2006,90,0.0626317207375743,0
Retail banking,Internal fraud,People,Liaoning,2008-03,1,58900.0,58900.0,58900.0,58900.0,0,0.0,2008-03-01,1.0,200000.0,0.0,1.0,40000000.0,1.0,1.0,152070000.0,1.0,1.0,3000000.0,0.0,0.0,0.0,0.0,3.0,192270000.0,2.0,6.0,200790000.0,2.0,7.0,201464116.0,2.0,58900.0,10.983613347424248,2008-05-30,0,0,0.4088669950738916,0.380653828929691,0.4594715629198387,0.0291088222122704,3,1,2008,90,0.021707755159184553,0
Retail banking,Internal fraud,People,Liaoning,2009-09,1,102000.0,102000.0,102000.0,102000.0,0,0.0,2009-09-01,1.0,58900.0,0.0,1.0,200000.0,0.0,1.0,40000000.0,1.0,1.0,1220000.0,0.0,0.0,0.0,0.0,3.0,40258900.0,1.0,6.0,197848900.0,2.0,8.0,201523016.0,2.0,102000.0,11.53273789613992,2009-11-30,0,0,0.4088669950738916,0.380653828929691,0.4594715629198387,0.0291088222122704,9,3,2009,90,0.057387701458861407,0
Retail banking,Internal fraud,People,"Liaoning,Hainan,Sichuan,Yunnan",2008-11,1,1000000.0,1000000.0,1000000.0,1000000.0,0,6.0,2008-11-01,0.0,0.0,0.0,0.0,0.0,0.0,0.0,0.0,0.0,0.0,0.0,0.0,0.0,0.0,0.0,0.0,0.0,0.0,0.0,0.0,0.0,0.0,0.0,0.0,1000000.0,13.815511557963774,2009-01-30,0,0,0.4088669950738916,0.380653828929691,0.4594715629198387,0.0004478280340349,11,4,2008,90,0.14178852422868699,0
Retail banking,Internal fraud,People,Macao,1997-10,1,8130000.0,8130000.0,8130000.0,8130000.0,0,1.0,1997-10-01,0.0,0.0,0.0,0.0,0.0,0.0,0.0,0.0,0.0,0.0,0.0,0.0,0.0,0.0,0.0,0.0,0.0,0.0,0.0,0.0,0.0,0.0,0.0,0.0,8130000.0,15.911071604525215,1997-12-30,0,0,0.4088669950738916,0.380653828929691,0.4594715629198387,0.0008956560680698,10,4,1997,90,0.10774106046112043,0
Retail banking,Internal fraud,People,Ningxia,2001-01,1,396000.0,396000.0,396000.0,396000.0,0,1.0,2001-01-01,0.0,0.0,0.0,0.0,0.0,0.0,0.0,0.0,0.0,0.0,0.0,0.0,0.0,0.0,0.0,0.0,0.0,0.0,0.0,0.0,0.0,0.0,0.0,0.0,396000.0,12.889172015485954,2001-04-01,0,0,0.4088669950738916,0.380653828929691,0.4594715629198387,0.0031347962382445,1,1,2001,90,0.10127078715617874,0
Retail banking,Internal fraud,People,Shaanxi,1998-11,1,36000000.0,36000000.0,36000000.0,36000000.0,1,0.0,1998-11-01,0.0,0.0,0.0,0.0,0.0,0.0,0.0,0.0,0.0,0.0,0.0,0.0,0.0,0.0,0.0,0.0,0.0,0.0,0.0,0.0,0.0,0.0,0.0,0.0,36000000.0,17.399029524198163,1999-01-30,0,0,0.4088669950738916,0.380653828929691,0.4594715629198387,0.0237348858038513,11,4,1998,90,0.15863511176126532,0
Retail banking,Internal fraud,People,Shaanxi,1999-03,1,16460000.0,16460000.0,16460000.0,16460000.0,1,1.0,1999-03-01,1.0,36000000.0,1.0,0.0,0.0,0.0,0.0,0.0,0.0,0.0,0.0,0.0,0.0,0.0,0.0,1.0,36000000.0,1.0,1.0,36000000.0,1.0,1.0,36000000.0,1.0,16460000.0,16.616443813966537,1999-05-30,0,0,0.4088669950738916,0.380653828929691,0.4594715629198387,0.0237348858038513,3,1,1999,90,0.12313334402690729,0
Retail banking,Internal fraud,People,Shaanxi,2002-12,1,1181140.0,1181140.0,1181140.0,1181140.0,0,1.0,2002-12-01,1.0,16460000.0,1.0,1.0,36000000.0,1.0,0.0,0.0,0.0,0.0,0.0,0.0,0.0,0.0,0.0,2.0,52460000.0,2.0,2.0,52460000.0,2.0,2.0,52460000.0,2.0,1181140.0,13.981991478400202,2003-03-01,0,0,0.4088669950738916,0.380653828929691,0.4594715629198387,0.0237348858038513,12,4,2002,90,0.21525678968237527,0
Retail banking,Internal fraud,People,Shaanxi,2006-03,1,570000.0,570000.0,570000.0,570000.0,0,1.0,2006-03-01,1.0,1181140.0,0.0,1.0,16460000.0,1.0,1.0,36000000.0,1.0,0.0,0.0,0.0,0.0,0.0,0.0,3.0,53641140.0,2.0,3.0,53641140.0,2.0,3.0,53641140.0,2.0,570000.0,13.25339339419516,2006-05-30,0,0,0.4088669950738916,0.380653828929691,0.4594715629198387,0.0237348858038513,3,1,2006,90,0.05321047896078656,0
Retail banking,Internal fraud,People,Shaanxi,2006-07,1,30000.0,30000.0,30000.0,30000.0,0,1.0,2006-07-01,1.0,570000.0,0.0,1.0,1181140.0,0.0,1.0,16460000.0,1.0,0.0,0.0,0.0,0.0,0.0,0.0,3.0,18211140.0,1.0,4.0,54211140.0,2.0,4.0,54211140.0,2.0,30000.0,10.308985993422082,2006-09-29,0,0,0.4088669950738916,0.380653828929691,0.4594715629198387,0.0237348858038513,7,3,2006,90,0.009693470516867109,0
Retail banking,Internal fraud,People,Shaanxi,2008-08,1,244200.00000000003,244200.00000000003,244200.00000000003,244200.00000000003,0,0.0,2008-08-01,1.0,30000.0,0.0,1.0,570000.0,0.0,1.0,1181140.0,0.0,0.0,0.0,0.0,0.0,0.0,0.0,3.0,1781140.0,0.0,5.0,54241140.0,2.0,5.0,54241140.0,2.0,244200.00000000003,12.405746935654452,2008-10-30,0,0,0.4088669950738916,0.380653828929691,0.4594715629198387,0.0237348858038513,8,3,2008,90,0.03131043417363935,0
Retail banking,Internal fraud,People,Shaanxi,2010-01,1,910000.0,910000.0,910000.0,910000.0,0,1.0,2010-01-01,1.0,244200.00000000003,0.0,1.0,30000.0,0.0,1.0,570000.0,0.0,1.0,36000000.0,1.0,0.0,0.0,0.0,3.0,844200.0,0.0,6.0,54485340.0,2.0,6.0,54485340.0,2.0,910000.0,13.721200977393528,2010-04-01,0,0,0.4088669950738916,0.380653828929691,0.4594715629198387,0.0237348858038513,1,1,2010,90,0.14152933705251367,0
Retail banking,Internal fraud,People,Shaanxi,2013-03,1,152000000.0,152000000.0,152000000.0,152000000.0,1,0.0,2013-03-01,1.0,910000.0,0.0,1.0,244200.00000000003,0.0,1.0,30000.0,0.0,1.0,16460000.0,1.0,0.0,0.0,0.0,3.0,1184200.0,0.0,6.0,19395340.0,1.0,7.0,55395340.0,2.0,152000000.0,18.839391085389497,2013-05-30,0,0,0.4088669950738916,0.380653828929691,0.4594715629198387,0.0237348858038513,3,1,2013,90,0.25431027164201886,0
Retail banking,Internal fraud,People,Shandong,1999-11,1,20000000.0,20000000.0,20000000.0,20000000.0,1,0.0,1999-11-01,0.0,0.0,0.0,0.0,0.0,0.0,0.0,0.0,0.0,0.0,0.0,0.0,0.0,0.0,0.0,0.0,0.0,0.0,0.0,0.0,0.0,0.0,0.0,0.0,20000000.0,16.811242881518265,2000-01-30,0,0,0.4088669950738916,0.380653828929691,0.4594715629198387,0.0501567398119122,11,4,1999,90,0.10563744847553651,0
Retail banking,Internal fraud,People,Shandong,2000-08,1,190000.0,190000.0,190000.0,190000.0,0,1.0,2000-08-01,1.0,20000000.0,1.0,0.0,0.0,0.0,0.0,0.0,0.0,0.0,0.0,0.0,0.0,0.0,0.0,1.0,20000000.0,1.0,1.0,20000000.0,1.0,1.0,20000000.0,1.0,190000.0,12.154784614286667,2000-10-30,0,0,0.4088669950738916,0.380653828929691,0.4594715629198387,0.0501567398119122,8,3,2000,90,0.01445565474226101,0
Retail banking,Internal fraud,People,Shandong,2001-03,1,1800000.0,1800000.0,1800000.0,1800000.0,0,2.0,2001-03-01,1.0,190000.0,0.0,1.0,20000000.0,1.0,0.0,0.0,0.0,0.0,0.0,0.0,0.0,0.0,0.0,2.0,20190000.0,1.0,2.0,20190000.0,1.0,2.0,20190000.0,1.0,1800000.0,14.403297778421797,2001-05-30,0,0,0.4088669950738916,0.380653828929691,0.4594715629198387,0.0501567398119122,3,1,2001,90,0.2432646102223486,0
Retail banking,Internal fraud,People,Shandong,2001-12,1,18090000.0,18090000.0,18090000.0,18090000.0,1,1.0,2001-12-01,1.0,1800000.0,0.0,1.0,190000.0,0.0,1.0,20000000.0,1.0,0.0,0.0,0.0,0.0,0.0,0.0,3.0,21990000.0,1.0,3.0,21990000.0,1.0,3.0,21990000.0,1.0,18090000.0,16.710869912650637,2002-03-01,0,0,0.4088669950738916,0.380653828929691,0.4594715629198387,0.0501567398119122,12,4,2001,90,0.21211651687086533,0
Retail banking,Internal fraud,People,Shandong,2002-12,1,245000.0,245000.0,245000.0,245000.0,0,1.0,2002-12-01,1.0,18090000.0,1.0,1.0,1800000.0,0.0,1.0,190000.0,0.0,0.0,0.0,0.0,0.0,0.0,0.0,3.0,20080000.0,1.0,4.0,40080000.0,2.0,4.0,40080000.0,2.0,245000.0,12.409017571151187,2003-03-01,0,0,0.4088669950738916,0.380653828929691,0.4594715629198387,0.0501567398119122,12,4,2002,90,0.03083761638770896,0
Retail banking,Internal fraud,People,Shandong,2004-08,1,13600000.0,13600000.0,13600000.0,13600000.0,1,1.0,2004-08-01,1.0,245000.0,0.0,1.0,18090000.0,1.0,1.0,1800000.0,0.0,0.0,0.0,0.0,0.0,0.0,0.0,3.0,20135000.0,1.0,5.0,40325000.0,2.0,5.0,40325000.0,2.0,13600000.0,16.42558042423569,2004-10-30,0,0,0.4088669950738916,0.380653828929691,0.4594715629198387,0.0501567398119122,8,3,2004,90,0.3278041593051763,1
Retail banking,Internal fraud,People,Shandong,2005-05,1,5160000.0,5160000.0,5160000.0,5160000.0,0,1.0,2005-05-01,1.0,13600000.0,1.0,1.0,245000.0,0.0,1.0,18090000.0,1.0,1.0,20000000.0,1.0,0.0,0.0,0.0,3.0,31935000.0,2.0,6.0,53925000.0,3.0,6.0,53925000.0,3.0,5160000.0,15.456447331256175,2005-07-30,0,0,0.4088669950738916,0.380653828929691,0.4594715629198387,0.0501567398119122,5,2,2005,90,0.262301797632749,0
Retail banking,Internal fraud,People,Shandong,2005-08,1,1200000.0,1200000.0,1200000.0,1200000.0,0,1.0,2005-08-01,1.0,5160000.0,0.0,1.0,13600000.0,1.0,1.0,245000.0,0.0,1.0,190000.0,0.0,0.0,0.0,0.0,3.0,19005000.0,1.0,6.0,39085000.0,2.0,7.0,59085000.0,3.0,1200000.0,13.997832948091215,2005-10-30,0,1,0.4088669950738916,0.380653828929691,0.4594715629198387,0.0501567398119122,8,3,2005,90,0.2513229225237155,0
Retail banking,Internal fraud,People,Shandong,2005-09,1,300000.0,300000.0,300000.0,300000.0,0,0.0,2005-09-01,1.0,1200000.0,0.0,1.0,5160000.0,0.0,1.0,13600000.0,1.0,1.0,1800000.0,0.0,0.0,0.0,0.0,3.0,19960000.0,1.0,6.0,40095000.0,2.0,8.0,60285000.0,3.0,300000.0,12.611541086966117,2005-11-30,0,0,0.4088669950738916,0.380653828929691,0.4594715629198387,0.0501567398119122,9,3,2005,90,0.040291785232047725,0
Retail banking,Internal fraud,People,Shandong,2008-02,1,3846100.0,3846100.0,3846100.0,3846100.0,0,1.0,2008-02-01,1.0,300000.0,0.0,1.0,1200000.0,0.0,1.0,5160000.0,0.0,1.0,18090000.0,1.0,0.0,0.0,0.0,3.0,6660000.0,0.0,6.0,38595000.0,2.0,9.0,60585000.0,3.0,3846100.0,15.162570465836488,2008-05-01,0,1,0.4088669950738916,0.380653828929691,0.4594715629198387,0.0501567398119122,2,1,2008,90,0.23523697825869444,0
Retail banking,Internal fraud,People,Shandong,2008-03,1,7000.0,7000.0,7000.0,7000.0,0,0.0,2008-03-01,1.0,3846100.0,0.0,1.0,300000.0,0.0,1.0,1200000.0,0.0,1.0,245000.0,0.0,0.0,0.0,0.0,3.0,5346100.0,0.0,6.0,24351100.0,1.0,10.0,64431100.0,3.0,7000.0,8.853808274977197,2008-05-30,0,0,0.4088669950738916,0.380653828929691,0.4594715629198387,0.0501567398119122,3,1,2008,90,0.05502122750309876,0
Retail banking,Internal fraud,People,Shandong,2008-07,1,23500000.0,23500000.0,23500000.0,23500000.0,1,1.0,2008-07-01,1.0,7000.0,0.0,1.0,3846100.0,0.0,1.0,300000.0,0.0,1.0,13600000.0,1.0,0.0,0.0,0.0,3.0,4153100.0,0.0,6.0,24113100.0,1.0,11.0,64438100.0,3.0,23500000.0,16.97251102166758,2008-09-29,0,0,0.4088669950738916,0.380653828929691,0.4594715629198387,0.0501567398119122,7,3,2008,90,0.18610080183209324,0
Retail banking,Internal fraud,People,Shandong,2010-12,1,40000.0,40000.0,40000.0,40000.0,0,0.0,2010-12-01,1.0,23500000.0,1.0,1.0,7000.0,0.0,1.0,3846100.0,0.0,1.0,5160000.0,0.0,1.0,20000000.0,1.0,3.0,27353100.0,1.0,6.0,34013100.0,1.0,12.0,87938100.0,4.0,40000.0,10.59665973278358,2011-03-01,0,0,0.4088669950738916,0.380653828929691,0.4594715629198387,0.0501567398119122,12,4,2010,90,0.0828427872730475,0
Retail banking,Internal fraud,People,Shandong,2012-05,1,790000.0,790000.0,790000.0,790000.0,0,1.0,2012-05-01,1.0,40000.0,0.0,1.0,23500000.0,1.0,1.0,7000.0,0.0,1.0,1200000.0,0.0,1.0,190000.0,0.0,3.0,23547000.0,1.0,6.0,28893100.0,1.0,12.0,67978100.0,3.0,790000.0,13.579789490265188,2012-07-30,0,0,0.4088669950738916,0.380653828929691,0.4594715629198387,0.0501567398119122,5,2,2012,90,0.131992681071317,0
Retail banking,Internal fraud,People,Shandong,2013-03,1,3902256.0,3902256.0,3902256.0,3902256.0,0,1.0,2013-03-01,1.0,790000.0,0.0,1.0,40000.0,0.0,1.0,23500000.0,1.0,1.0,300000.0,0.0,1.0,1800000.0,0.0,3.0,24330000.0,1.0,6.0,28483100.0,1.0,12.0,68578100.0,3.0,3902256.0,15.17706566165594,2013-05-30,0,0,0.4088669950738916,0.380653828929691,0.4594715629198387,0.0501567398119122,3,1,2013,90,0.16844818792140634,0
Retail banking,Internal fraud,People,Shandong,2013-06,1,8070000.0,8070000.0,8070000.0,8070000.0,0,1.0,2013-06-01,1.0,3902256.0,0.0,1.0,790000.0,0.0,1.0,40000.0,0.0,1.0,3846100.0,0.0,1.0,18090000.0,1.0,3.0,4732256.0,0.0,6.0,32085356.0,1.0,12.0,70680356.0,3.0,8070000.0,15.903664164161862,2013-08-30,0,0,0.4088669950738916,0.380653828929691,0.4594715629198387,0.0501567398119122,6,2,2013,90,0.23192156763352775,0
Retail banking,Internal fraud,People,Shandong,2014-01,1,3216000.0,3216000.0,3216000.0,3216000.0,0,1.0,2014-01-01,1.0,8070000.0,0.0,1.0,3902256.0,0.0,1.0,790000.0,0.0,1.0,7000.0,0.0,1.0,245000.0,0.0,3.0,12762256.0,0.0,6.0,36309256.0,1.0,12.0,60660356.0,2.0,3216000.0,14.98364922022622,2014-04-01,0,0,0.4088669950738916,0.380653828929691,0.4594715629198387,0.0501567398119122,1,1,2014,90,0.29315274719468737,0
Retail banking,Internal fraud,People,Shandong,2016-03,1,800000.0,800000.0,800000.0,800000.0,0,1.0,2016-03-01,1.0,3216000.0,0.0,1.0,8070000.0,0.0,1.0,3902256.0,0.0,1.0,23500000.0,1.0,1.0,13600000.0,1.0,3.0,15188256.0,0.0,6.0,39518256.0,1.0,12.0,63631356.0,2.0,800000.0,13.592368256649284,2016-05-30,0,0,0.4088669950738916,0.380653828929691,0.4594715629198387,0.0501567398119122,3,1,2016,90,0.20816644524086458,0
Retail banking,Internal fraud,People,"Shandong,Henan,Hunan,Macao",2018-01,1,1388200.0,1388200.0,1388200.0,1388200.0,0,5.0,2018-01-01,0.0,0.0,0.0,0.0,0.0,0.0,0.0,0.0,0.0,0.0,0.0,0.0,0.0,0.0,0.0,0.0,0.0,0.0,0.0,0.0,0.0,0.0,0.0,0.0,1388200.0,14.143519222244658,2018-04-01,0,0,0.4088669950738916,0.380653828929691,0.4594715629198387,0.0004478280340349,1,1,2018,90,0.058161807513794225,0
Retail banking,Internal fraud,People,"Shandong,Yunnan",2012-05,1,790000.0,790000.0,790000.0,790000.0,0,0.0,2012-05-01,0.0,0.0,0.0,0.0,0.0,0.0,0.0,0.0,0.0,0.0,0.0,0.0,0.0,0.0,0.0,0.0,0.0,0.0,0.0,0.0,0.0,0.0,0.0,0.0,790000.0,13.579789490265188,2012-07-30,0,0,0.4088669950738916,0.380653828929691,0.4594715629198387,0.0008956560680698,5,2,2012,90,0.10425901463433437,0
Retail banking,Internal fraud,People,Shanghai,2006-06,1,2120000.0,2120000.0,2120000.0,2120000.0,0,1.0,2006-06-01,0.0,0.0,0.0,0.0,0.0,0.0,0.0,0.0,0.0,0.0,0.0,0.0,0.0,0.0,0.0,0.0,0.0,0.0,0.0,0.0,0.0,0.0,0.0,0.0,2120000.0,14.566927118346197,2006-08-30,0,0,0.4088669950738916,0.380653828929691,0.4594715629198387,0.0452306314375279,6,2,2006,90,0.057015592995995575,0
Retail banking,Internal fraud,People,Shanghai,2007-01,1,1000000.0,1000000.0,1000000.0,1000000.0,0,0.0,2007-01-01,1.0,2120000.0,0.0,0.0,0.0,0.0,0.0,0.0,0.0,0.0,0.0,0.0,0.0,0.0,0.0,1.0,2120000.0,0.0,1.0,2120000.0,0.0,1.0,2120000.0,0.0,1000000.0,13.815511557963774,2007-04-01,0,0,0.4088669950738916,0.380653828929691,0.4594715629198387,0.0452306314375279,1,1,2007,90,0.08604356657754156,0
Retail banking,Internal fraud,People,Shanghai,2008-03,1,470000.0,470000.0,470000.0,470000.0,0,1.0,2008-03-01,1.0,1000000.0,0.0,1.0,2120000.0,0.0,0.0,0.0,0.0,0.0,0.0,0.0,0.0,0.0,0.0,2.0,3120000.0,0.0,2.0,3120000.0,0.0,2.0,3120000.0,0.0,470000.0,13.060490101343552,2008-05-30,0,1,0.4088669950738916,0.380653828929691,0.4594715629198387,0.0452306314375279,3,1,2008,90,0.023789255618684977,0
Retail banking,Internal fraud,People,Shanghai,2008-05,1,540000.0,540000.0,540000.0,540000.0,0,1.0,2008-05-01,1.0,470000.0,0.0,1.0,1000000.0,0.0,1.0,2120000.0,0.0,0.0,0.0,0.0,0.0,0.0,0.0,3.0,3590000.0,0.0,3.0,3590000.0,0.0,3.0,3590000.0,0.0,540000.0,13.199326270390594,2008-07-30,0,0,0.4088669950738916,0.380653828929691,0.4594715629198387,0.0452306314375279,5,2,2008,90,0.055221979325098806,0
Retail banking,Internal fraud,People,"Shanghai,Guangxi",2018-09,1,253360000.0,253360000.0,253360000.0,253360000.0,1,1.0,2018-09-01,0.0,0.0,0.0,0.0,0.0,0.0,0.0,0.0,0.0,0.0,0.0,0.0,0.0,0.0,0.0,0.0,0.0,0.0,0.0,0.0,0.0,0.0,0.0,0.0,253360000.0,19.35032196414161,2018-11-30,0,0,0.4088669950738916,0.380653828929691,0.4594715629198387,0.0008956560680698,9,3,2018,90,0.1382903064301627,0
Retail banking,Internal fraud,People,Shanxi,2004-07,1,15292000.0,15292000.0,15292000.0,15292000.0,1,1.0,2004-07-01,0.0,0.0,0.0,0.0,0.0,0.0,0.0,0.0,0.0,0.0,0.0,0.0,0.0,0.0,0.0,0.0,0.0,0.0,0.0,0.0,0.0,0.0,0.0,0.0,15292000.0,16.54284043919211,2004-09-29,0,0,0.4088669950738916,0.380653828929691,0.4594715629198387,0.0214957456336766,7,3,2004,90,0.06602008215552502,0
Retail banking,Internal fraud,People,Shanxi,2004-12,1,4320000.0,4320000.0,4320000.0,4320000.0,0,1.0,2004-12-01,1.0,15292000.0,1.0,0.0,0.0,0.0,0.0,0.0,0.0,0.0,0.0,0.0,0.0,0.0,0.0,1.0,15292000.0,1.0,1.0,15292000.0,1.0,1.0,15292000.0,1.0,4320000.0,15.278766191701749,2005-03-01,0,0,0.4088669950738916,0.380653828929691,0.4594715629198387,0.0214957456336766,12,4,2004,90,0.09658605911588497,0
Retail banking,Internal fraud,People,Shanxi,2005-04,1,42000000.0,42000000.0,42000000.0,42000000.0,1,1.0,2005-04-01,1.0,4320000.0,0.0,1.0,15292000.0,1.0,0.0,0.0,0.0,0.0,0.0,0.0,0.0,0.0,0.0,2.0,19612000.0,1.0,2.0,19612000.0,1.0,2.0,19612000.0,1.0,42000000.0,17.553180200057167,2005-06-30,1,1,0.4088669950738916,0.380653828929691,0.4594715629198387,0.0214957456336766,4,2,2005,90,0.6222557146558103,1
Retail banking,Internal fraud,People,Shanxi,2005-05,1,73000000.0,73000000.0,73000000.0,73000000.0,1,1.0,2005-05-01,1.0,42000000.0,1.0,1.0,4320000.0,0.0,1.0,15292000.0,1.0,0.0,0.0,0.0,0.0,0.0,0.0,3.0,61612000.0,2.0,3.0,61612000.0,2.0,3.0,61612000.0,2.0,73000000.0,18.10597001281129,2005-07-30,0,0,0.4088669950738916,0.380653828929691,0.4594715629198387,0.0214957456336766,5,2,2005,90,0.2945784142643217,0
Retail banking,Internal fraud,People,Shanxi,2006-04,1,537400.0,537400.0,537400.0,537400.0,0,1.0,2006-04-01,1.0,73000000.0,1.0,1.0,42000000.0,1.0,1.0,4320000.0,0.0,0.0,0.0,0.0,0.0,0.0,0.0,3.0,119320000.0,2.0,4.0,134612000.0,3.0,4.0,134612000.0,3.0,537400.0,13.19449983597311,2006-06-30,0,0,0.4088669950738916,0.380653828929691,0.4594715629198387,0.0214957456336766,4,2,2006,90,0.07291164210553683,0
Retail banking,Internal fraud,People,Shanxi,2007-06,1,537000.0,537000.0,537000.0,537000.0,0,1.0,2007-06-01,1.0,537400.0,0.0,1.0,73000000.0,1.0,1.0,42000000.0,1.0,0.0,0.0,0.0,0.0,0.0,0.0,3.0,115537400.0,2.0,5.0,135149400.0,3.0,5.0,135149400.0,3.0,537000.0,13.19375523568666,2007-08-30,0,0,0.4088669950738916,0.380653828929691,0.4594715629198387,0.0214957456336766,6,2,2007,90,0.05185717399899705,0
Retail banking,Internal fraud,People,Shanxi,2009-03,1,800000.0,800000.0,800000.0,800000.0,0,1.0,2009-03-01,1.0,537000.0,0.0,1.0,537400.0,0.0,1.0,73000000.0,1.0,1.0,15292000.0,1.0,0.0,0.0,0.0,3.0,74074400.0,1.0,6.0,135686400.0,3.0,6.0,135686400.0,3.0,800000.0,13.592368256649284,2009-05-30,0,0,0.4088669950738916,0.380653828929691,0.4594715629198387,0.0214957456336766,3,1,2009,90,0.13599443285582064,0
Retail banking,Internal fraud,People,Shanxi,2009-06,1,68600000.0,68600000.0,68600000.0,68600000.0,1,1.0,2009-06-01,1.0,800000.0,0.0,1.0,537000.0,0.0,1.0,537400.0,0.0,1.0,4320000.0,0.0,0.0,0.0,0.0,3.0,1874400.0,0.0,6.0,121194400.0,2.0,7.0,136486400.0,3.0,68600000.0,18.043803107273373,2009-08-30,0,0,0.4088669950738916,0.380653828929691,0.4594715629198387,0.0214957456336766,6,2,2009,90,0.2456924646258277,0
Retail banking,Internal fraud,People,Shanxi,2010-11,1,20000000.0,20000000.0,20000000.0,20000000.0,1,1.0,2010-11-01,1.0,68600000.0,1.0,1.0,800000.0,0.0,1.0,537000.0,0.0,1.0,42000000.0,1.0,0.0,0.0,0.0,3.0,69937000.0,1.0,6.0,185474400.0,3.0,8.0,205086400.0,4.0,20000000.0,16.811242881518265,2011-01-30,0,0,0.4088669950738916,0.380653828929691,0.4594715629198387,0.0214957456336766,11,4,2010,90,0.31062497735073824,0
Retail banking,Internal fraud,People,Shanxi,2013-01,1,2960000.0,2960000.0,2960000.0,2960000.0,0,1.0,2013-01-01,1.0,20000000.0,1.0,1.0,68600000.0,1.0,1.0,800000.0,0.0,1.0,73000000.0,1.0,0.0,0.0,0.0,3.0,89400000.0,2.0,6.0,163474400.0,3.0,9.0,225086400.0,5.0,2960000.0,14.900700164138025,2013-04-01,0,0,0.4088669950738916,0.380653828929691,0.4594715629198387,0.0214957456336766,1,1,2013,90,0.27772357914044027,0
Retail banking,Internal fraud,People,Shanxi,2015-08,1,3000000.0,3000000.0,3000000.0,3000000.0,0,1.0,2015-08-01,1.0,2960000.0,0.0,1.0,20000000.0,1.0,1.0,68600000.0,1.0,1.0,537400.0,0.0,0.0,0.0,0.0,3.0,91560000.0,2.0,6.0,93434400.0,2.0,10.0,228046400.0,5.0,3000000.0,14.914123179965662,2015-10-30,0,0,0.4088669950738916,0.380653828929691,0.4594715629198387,0.0214957456336766,8,3,2015,90,0.31590985011892014,0
Retail banking,Internal fraud,People,Shanxi,2016-02,1,14000000.0,14000000.0,14000000.0,14000000.0,1,1.0,2016-02-01,1.0,3000000.0,0.0,1.0,2960000.0,0.0,1.0,20000000.0,1.0,1.0,537000.0,0.0,0.0,0.0,0.0,3.0,25960000.0,1.0,6.0,95897000.0,2.0,11.0,231046400.0,5.0,14000000.0,16.454567959008102,2016-05-01,0,0,0.4088669950738916,0.380653828929691,0.4594715629198387,0.0214957456336766,2,1,2016,90,0.29437083339007003,0
Retail banking,Internal fraud,People,Shanxi,2016-12,2,3394000.0,1697000.0,1697000.0,3319000.0,0,1.0,2016-12-01,1.0,14000000.0,1.0,1.0,3000000.0,0.0,1.0,2960000.0,0.0,1.0,800000.0,0.0,1.0,15292000.0,1.0,3.0,19960000.0,1.0,6.0,109360000.0,3.0,12.0,245046400.0,6.0,1697000.0,15.03752001941386,2017-03-01,0,0,0.4088669950738916,0.380653828929691,0.4594715629198387,0.0214957456336766,12,4,2016,90,0.3109886347602266,0
Retail banking,Internal fraud,People,"Shanxi,Ningxia",2019-03,1,12000000.0,12000000.0,12000000.0,12000000.0,1,1.0,2019-03-01,0.0,0.0,0.0,0.0,0.0,0.0,0.0,0.0,0.0,0.0,0.0,0.0,0.0,0.0,0.0,0.0,0.0,0.0,0.0,0.0,0.0,0.0,0.0,0.0,12000000.0,16.300417291085605,2019-05-30,0,0,0.4088669950738916,0.380653828929691,0.4594715629198387,0.0004478280340349,3,1,2019,90,0.07118463063607114,0
Retail banking,Internal fraud,People,"Shanxi,Shaanxi",2014-11,2,15140000.0,7570000.0,7570000.0,12320000.0,1,1.0,2014-11-01,0.0,0.0,0.0,0.0,0.0,0.0,0.0,0.0,0.0,0.0,0.0,0.0,0.0,0.0,0.0,0.0,0.0,0.0,0.0,0.0,0.0,0.0,0.0,0.0,7570000.0,16.532850872023772,2015-01-30,0,0,0.4088669950738916,0.380653828929691,0.4594715629198387,0.0008956560680698,11,4,2014,90,0.06849209627154318,0
Retail banking,Internal fraud,People,"Shanxi,Shaanxi",2019-11,1,6658500.0,6658500.0,6658500.0,6658500.0,0,0.0,2019-11-01,2.0,15140000.0,1.0,0.0,0.0,0.0,0.0,0.0,0.0,0.0,0.0,0.0,0.0,0.0,0.0,2.0,15140000.0,1.0,2.0,15140000.0,1.0,2.0,15140000.0,1.0,6658500.0,15.7114049421083,2020-01-30,0,0,0.4088669950738916,0.380653828929691,0.4594715629198387,0.0008956560680698,11,4,2019,90,0.16158059909526762,0
Retail banking,Internal fraud,People,Sichuan,2002-01,1,4000000.0,4000000.0,4000000.0,4000000.0,0,1.0,2002-01-01,0.0,0.0,0.0,0.0,0.0,0.0,0.0,0.0,0.0,0.0,0.0,0.0,0.0,0.0,0.0,0.0,0.0,0.0,0.0,0.0,0.0,0.0,0.0,0.0,4000000.0,15.201805169084134,2002-04-01,0,0,0.4088669950738916,0.380653828929691,0.4594715629198387,0.0273175100761307,1,1,2002,90,0.05609916310942894,0
Retail banking,Internal fraud,People,Sichuan,2002-06,1,49000.0,49000.0,49000.0,49000.0,0,1.0,2002-06-01,1.0,4000000.0,0.0,0.0,0.0,0.0,0.0,0.0,0.0,0.0,0.0,0.0,0.0,0.0,0.0,1.0,4000000.0,0.0,1.0,4000000.0,0.0,1.0,4000000.0,0.0,49000.0,10.799595985047786,2002-08-30,0,0,0.4088669950738916,0.380653828929691,0.4594715629198387,0.0273175100761307,6,2,2002,90,0.018676455454458882,0
Retail banking,Internal fraud,People,Sichuan,2003-11,1,1500000.0,1500000.0,1500000.0,1500000.0,0,0.0,2003-11-01,1.0,49000.0,0.0,1.0,4000000.0,0.0,0.0,0.0,0.0,0.0,0.0,0.0,0.0,0.0,0.0,2.0,4049000.0,0.0,2.0,4049000.0,0.0,2.0,4049000.0,0.0,1500000.0,14.220976332738882,2004-01-30,0,0,0.4088669950738916,0.380653828929691,0.4594715629198387,0.0273175100761307,11,4,2003,90,0.0952778950452062,0
Retail banking,Internal fraud,People,Sichuan,2008-04,1,250000.0,250000.0,250000.0,250000.0,0,0.0,2008-04-01,1.0,1500000.0,0.0,1.0,49000.0,0.0,1.0,4000000.0,0.0,0.0,0.0,0.0,0.0,0.0,0.0,3.0,5549000.0,0.0,3.0,5549000.0,0.0,3.0,5549000.0,0.0,250000.0,12.429220196836384,2008-06-30,0,0,0.4088669950738916,0.380653828929691,0.4594715629198387,0.0273175100761307,4,2,2008,90,0.030888692120847622,0
Retail banking,Internal fraud,People,Sichuan,2009-04,1,17620000.0,17620000.0,17620000.0,17620000.0,1,0.0,2009-04-01,1.0,250000.0,0.0,1.0,1500000.0,0.0,1.0,49000.0,0.0,0.0,0.0,0.0,0.0,0.0,0.0,3.0,1799000.0,0.0,4.0,5799000.0,0.0,4.0,5799000.0,0.0,17620000.0,16.684545235225993,2009-06-30,0,0,0.4088669950738916,0.380653828929691,0.4594715629198387,0.0273175100761307,4,2,2009,90,0.11689249460069957,0
Retail banking,Internal fraud,People,Sichuan,2010-04,1,300000.0,300000.0,300000.0,300000.0,0,1.0,2010-04-01,1.0,17620000.0,1.0,1.0,250000.0,0.0,1.0,1500000.0,0.0,0.0,0.0,0.0,0.0,0.0,0.0,3.0,19370000.0,1.0,5.0,23419000.0,1.0,5.0,23419000.0,1.0,300000.0,12.611541086966117,2010-06-30,0,0,0.4088669950738916,0.380653828929691,0.4594715629198387,0.0273175100761307,4,2,2010,90,0.02801400652134011,0
Retail banking,Internal fraud,People,Sichuan,2011-11,1,12000000.0,12000000.0,12000000.0,12000000.0,1,1.0,2011-11-01,1.0,300000.0,0.0,1.0,17620000.0,1.0,1.0,250000.0,0.0,1.0,4000000.0,0.0,0.0,0.0,0.0,3.0,18170000.0,1.0,6.0,23719000.0,1.0,6.0,23719000.0,1.0,12000000.0,16.300417291085605,2012-01-30,0,0,0.4088669950738916,0.380653828929691,0.4594715629198387,0.0273175100761307,11,4,2011,90,0.283777482191206,0
Retail banking,Internal fraud,People,Sichuan,2012-03,1,9899100.0,9899100.0,9899100.0,9899100.0,0,1.0,2012-03-01,1.0,12000000.0,1.0,1.0,300000.0,0.0,1.0,17620000.0,1.0,1.0,49000.0,0.0,0.0,0.0,0.0,3.0,29920000.0,2.0,6.0,31719000.0,2.0,7.0,35719000.0,2.0,9899100.0,16.107954502900707,2012-05-30,0,0,0.4088669950738916,0.380653828929691,0.4594715629198387,0.0273175100761307,3,1,2012,90,0.3162661913282925,0
Retail banking,Internal fraud,People,Sichuan,2014-03,1,28000000.0,28000000.0,28000000.0,28000000.0,1,1.0,2014-03-01,1.0,9899100.0,0.0,1.0,12000000.0,1.0,1.0,300000.0,0.0,1.0,1500000.0,0.0,0.0,0.0,0.0,3.0,22199100.0,1.0,6.0,41569100.0,2.0,8.0,45618100.0,2.0,28000000.0,17.147715103853763,2014-05-30,0,0,0.4088669950738916,0.380653828929691,0.4594715629198387,0.0273175100761307,3,1,2014,90,0.3348065090112562,1
Retail banking,Internal fraud,People,Tianjin,2001-01,1,800000.0,800000.0,800000.0,800000.0,0,0.0,2001-01-01,0.0,0.0,0.0,0.0,0.0,0.0,0.0,0.0,0.0,0.0,0.0,0.0,0.0,0.0,0.0,0.0,0.0,0.0,0.0,0.0,0.0,0.0,0.0,0.0,800000.0,13.592368256649284,2001-04-01,0,0,0.4088669950738916,0.380653828929691,0.4594715629198387,0.0116435288849081,1,1,2001,90,0.07941464824485621,0
Retail banking,Internal fraud,People,Tianjin,2016-08,1,2050000.0,2050000.0,2050000.0,2050000.0,0,1.0,2016-08-01,1.0,800000.0,0.0,0.0,0.0,0.0,0.0,0.0,0.0,0.0,0.0,0.0,0.0,0.0,0.0,1.0,800000.0,0.0,1.0,800000.0,0.0,1.0,800000.0,0.0,2050000.0,14.53335083891935,2016-10-30,0,0,0.4088669950738916,0.380653828929691,0.4594715629198387,0.0116435288849081,8,3,2016,90,0.024157726159893596,0
Retail banking,Internal fraud,People,Tianjin,2018-09,1,32470000.0,32470000.0,32470000.0,32470000.0,1,0.0,2018-09-01,1.0,2050000.0,0.0,1.0,800000.0,0.0,0.0,0.0,0.0,0.0,0.0,0.0,0.0,0.0,0.0,2.0,2850000.0,0.0,2.0,2850000.0,0.0,2.0,2850000.0,0.0,32470000.0,17.29582717487669,2018-11-30,0,0,0.4088669950738916,0.380653828929691,0.4594715629198387,0.0116435288849081,9,3,2018,90,0.12099308662043716,0
Retail banking,Internal fraud,People,"Tianjin,Shanxi",2015-05,1,750000000.0,750000000.0,750000000.0,750000000.0,1,1.0,2015-05-01,0.0,0.0,0.0,0.0,0.0,0.0,0.0,0.0,0.0,0.0,0.0,0.0,0.0,0.0,0.0,0.0,0.0,0.0,0.0,0.0,0.0,0.0,0.0,0.0,750000000.0,20.435583765827964,2015-07-30,0,0,0.4088669950738916,0.380653828929691,0.4594715629198387,0.0004478280340349,5,2,2015,90,0.11764770004320017,0
Retail banking,Internal fraud,People,Xinjiang,2014-12,1,5950000.0,5950000.0,5950000.0,5950000.0,0,1.0,2014-12-01,0.0,0.0,0.0,0.0,0.0,0.0,0.0,0.0,0.0,0.0,0.0,0.0,0.0,0.0,0.0,0.0,0.0,0.0,0.0,0.0,0.0,0.0,0.0,0.0,5950000.0,15.598901945589024,2015-03-01,0,0,0.4088669950738916,0.380653828929691,0.4594715629198387,0.005821764442454,12,4,2014,90,0.0695343167601037,0
Retail banking,Internal fraud,People,Yunnan,2000-01,1,825300.0,825300.0,825300.0,825300.0,0,1.0,2000-01-01,0.0,0.0,0.0,0.0,0.0,0.0,0.0,0.0,0.0,0.0,0.0,0.0,0.0,0.0,0.0,0.0,0.0,0.0,0.0,0.0,0.0,0.0,0.0,0.0,825300.0,13.623503447260642,2000-03-31,0,1,0.4088669950738916,0.380653828929691,0.4594715629198387,0.0134348410210479,1,1,2000,90,0.07013059693462056,0
Retail banking,Internal fraud,People,Yunnan,2000-03,1,666500.0,666500.0,666500.0,666500.0,0,1.0,2000-03-01,1.0,825300.0,0.0,0.0,0.0,0.0,0.0,0.0,0.0,0.0,0.0,0.0,0.0,0.0,0.0,1.0,825300.0,0.0,1.0,825300.0,0.0,1.0,825300.0,0.0,666500.0,13.409796918974868,2000-05-30,0,0,0.4088669950738916,0.380653828929691,0.4594715629198387,0.0134348410210479,3,1,2000,90,0.022997913681590026,0
Retail banking,Internal fraud,People,Yunnan,2002-06,1,640000.0,640000.0,640000.0,640000.0,0,1.0,2002-06-01,1.0,666500.0,0.0,1.0,825300.0,0.0,0.0,0.0,0.0,0.0,0.0,0.0,0.0,0.0,0.0,2.0,1491800.0,0.0,2.0,1491800.0,0.0,2.0,1491800.0,0.0,640000.0,13.369225017834632,2002-08-30,0,1,0.4088669950738916,0.380653828929691,0.4594715629198387,0.0134348410210479,6,2,2002,90,0.02799917155705363,0
Retail banking,Internal fraud,People,Yunnan,2002-08,1,62474.99999999999,62474.99999999999,62474.99999999999,62474.99999999999,0,1.0,2002-08-01,1.0,640000.0,0.0,1.0,666500.0,0.0,1.0,825300.0,0.0,0.0,0.0,0.0,0.0,0.0,0.0,3.0,2131800.0,0.0,3.0,2131800.0,0.0,3.0,2131800.0,0.0,62474.99999999999,11.042537761977613,2002-10-30,0,0,0.4088669950738916,0.380653828929691,0.4594715629198387,0.0134348410210479,8,3,2002,90,0.027456321280318968,0
Retail banking,Internal fraud,People,Yunnan,2007-12,1,7000.0,7000.0,7000.0,7000.0,0,1.0,2007-12-01,1.0,62474.99999999999,0.0,1.0,640000.0,0.0,1.0,666500.0,0.0,0.0,0.0,0.0,0.0,0.0,0.0,3.0,1368975.0,0.0,4.0,2194275.0,0.0,4.0,2194275.0,0.0,7000.0,8.853808274977197,2008-02-29,0,0,0.4088669950738916,0.380653828929691,0.4594715629198387,0.0134348410210479,12,4,2007,90,0.02751551939219929,0
Retail banking,Internal fraud,People,Zhejiang,2002-01,1,66520000.0,66520000.0,66520000.0,66520000.0,1,1.0,2002-01-01,0.0,0.0,0.0,0.0,0.0,0.0,0.0,0.0,0.0,0.0,0.0,0.0,0.0,0.0,0.0,0.0,0.0,0.0,0.0,0.0,0.0,0.0,0.0,0.0,66520000.0,18.013013227322073,2002-04-01,0,1,0.4088669950738916,0.380653828929691,0.4594715629198387,0.0523958799820868,1,1,2002,90,0.08327363073095496,0
Retail banking,Internal fraud,People,Zhejiang,2002-03,1,220000.0,220000.0,220000.0,220000.0,0,0.0,2002-03-01,1.0,66520000.0,1.0,0.0,0.0,0.0,0.0,0.0,0.0,0.0,0.0,0.0,0.0,0.0,0.0,1.0,66520000.0,1.0,1.0,66520000.0,1.0,1.0,66520000.0,1.0,220000.0,12.301387370778713,2002-05-30,0,0,0.4088669950738916,0.380653828929691,0.4594715629198387,0.0523958799820868,3,1,2002,90,0.025419005722173645,0
Retail banking,Internal fraud,People,Zhejiang,2002-11,1,3000000.0,3000000.0,3000000.0,3000000.0,0,1.0,2002-11-01,1.0,220000.0,0.0,1.0,66520000.0,1.0,0.0,0.0,0.0,0.0,0.0,0.0,0.0,0.0,0.0,2.0,66740000.0,1.0,2.0,66740000.0,1.0,2.0,66740000.0,1.0,3000000.0,14.914123179965662,2003-01-30,1,1,0.4088669950738916,0.380653828929691,0.4594715629198387,0.0523958799820868,11,4,2002,90,0.6174167844001169,1
Retail banking,Internal fraud,People,Zhejiang,2002-12,1,41000000.0,41000000.0,41000000.0,41000000.0,1,1.0,2002-12-01,1.0,3000000.0,0.0,1.0,220000.0,0.0,1.0,66520000.0,1.0,0.0,0.0,0.0,0.0,0.0,0.0,3.0,69740000.0,1.0,3.0,69740000.0,1.0,3.0,69740000.0,1.0,41000000.0,17.529082649058825,2003-03-01,0,0,0.4088669950738916,0.380653828929691,0.4594715629198387,0.0523958799820868,12,4,2002,90,0.3028456273950307,0
Retail banking,Internal fraud,People,Zhejiang,2004-04,2,9180490.0,4590245.0,4590245.0,9139900.0,0,0.5,2004-04-01,1.0,41000000.0,1.0,1.0,3000000.0,0.0,1.0,220000.0,0.0,0.0,0.0,0.0,0.0,0.0,0.0,3.0,44220000.0,1.0,4.0,110740000.0,2.0,4.0,110740000.0,2.0,4590245.0,16.032591247005136,2004-06-30,0,0,0.4088669950738916,0.380653828929691,0.4594715629198387,0.0523958799820868,4,2,2004,90,0.26813564029828224,0
Retail banking,Internal fraud,People,Zhejiang,2004-10,1,2500000.0,2500000.0,2500000.0,2500000.0,0,1.0,2004-10-01,2.0,9180490.0,0.0,1.0,41000000.0,1.0,1.0,3000000.0,0.0,0.0,0.0,0.0,0.0,0.0,0.0,4.0,53180490.0,1.0,6.0,119920490.0,2.0,6.0,119920490.0,2.0,2500000.0,14.731801689838347,2004-12-30,0,1,0.4088669950738916,0.380653828929691,0.4594715629198387,0.0523958799820868,10,4,2004,90,0.3744792243615795,1
Retail banking,Internal fraud,People,Zhejiang,2004-12,1,120000.0,120000.0,120000.0,120000.0,0,0.0,2004-12-01,1.0,2500000.0,0.0,2.0,9180490.0,0.0,1.0,41000000.0,1.0,1.0,66520000.0,1.0,0.0,0.0,0.0,4.0,52680490.0,1.0,7.0,122420490.0,2.0,7.0,122420490.0,2.0,120000.0,11.695255355062796,2005-03-01,0,0,0.4088669950738916,0.380653828929691,0.4594715629198387,0.0523958799820868,12,4,2004,90,0.07462373900375034,0
Retail banking,Internal fraud,People,Zhejiang,2005-12,1,10000000.0,10000000.0,10000000.0,10000000.0,1,1.0,2005-12-01,1.0,120000.0,0.0,1.0,2500000.0,0.0,2.0,9180490.0,0.0,1.0,220000.0,0.0,0.0,0.0,0.0,4.0,11800490.0,0.0,7.0,56020490.0,1.0,8.0,122540490.0,2.0,10000000.0,16.118095750958314,2006-03-01,0,0,0.4088669950738916,0.380653828929691,0.4594715629198387,0.0523958799820868,12,4,2005,90,0.22732761231340257,0
Retail banking,Internal fraud,People,Zhejiang,2009-10,1,432269.54,432269.54,432269.54,432269.54,0,1.0,2009-10-01,1.0,10000000.0,1.0,1.0,120000.0,0.0,1.0,2500000.0,0.0,1.0,3000000.0,0.0,0.0,0.0,0.0,3.0,12620000.0,1.0,7.0,65800490.0,2.0,9.0,132540490.0,3.0,432269.54,12.976806921213548,2009-12-30,0,0,0.4088669950738916,0.380653828929691,0.4594715629198387,0.0523958799820868,10,4,2009,90,0.08536592181437502,0
Retail banking,Internal fraud,People,Zhejiang,2010-05,1,16520000.0,16520000.0,16520000.0,16520000.0,1,0.0,2010-05-01,1.0,432269.54,0.0,1.0,10000000.0,1.0,1.0,120000.0,0.0,1.0,41000000.0,1.0,0.0,0.0,0.0,3.0,10552269.54,1.0,7.0,63232759.54,2.0,10.0,132972759.54,3.0,16520000.0,16.620082386589793,2010-07-30,0,0,0.4088669950738916,0.380653828929691,0.4594715629198387,0.0523958799820868,5,2,2010,90,0.2349719082773815,0
Retail banking,Internal fraud,People,Zhejiang,2013-12,1,684990.0,684990.0,684990.0,684990.0,0,0.0,2013-12-01,1.0,16520000.0,1.0,1.0,432269.54,0.0,1.0,10000000.0,1.0,2.0,9180490.0,0.0,0.0,0.0,0.0,3.0,26952269.54,2.0,7.0,38752759.54,2.0,11.0,149492759.54,4.0,684990.0,13.437160978471915,2014-03-01,1,1,0.4088669950738916,0.380653828929691,0.4594715629198387,0.0523958799820868,12,4,2013,90,0.6123529214019399,1
Retail banking,Internal fraud,People,Zhejiang,2014-01,1,14660000.0,14660000.0,14660000.0,14660000.0,1,1.0,2014-01-01,1.0,684990.0,0.0,1.0,16520000.0,1.0,1.0,432269.54,0.0,1.0,2500000.0,0.0,0.0,0.0,0.0,3.0,17637259.54,1.0,6.0,30257259.54,2.0,12.0,150177749.54,4.0,14660000.0,16.5006333226356,2014-04-01,0,0,0.4088669950738916,0.380653828929691,0.4594715629198387,0.0523958799820868,1,1,2014,90,0.3039945040599999,0
Retail banking,Internal fraud,People,"Zhejiang,Fujian",1998-10,1,700000.0,700000.0,700000.0,700000.0,0,2.0,1998-10-01,0.0,0.0,0.0,0.0,0.0,0.0,0.0,0.0,0.0,0.0,0.0,0.0,0.0,0.0,0.0,0.0,0.0,0.0,0.0,0.0,0.0,0.0,0.0,0.0,700000.0,13.45883704259595,1998-12-30,0,0,0.4088669950738916,0.380653828929691,0.4594715629198387,0.0004478280340349,10,4,1998,90,0.13369734945832773,0
Retail banking,Internal fraud,People,"Zhejiang,Guangxi",2011-11,1,10000000.0,10000000.0,10000000.0,10000000.0,1,1.0,2011-11-01,0.0,0.0,0.0,0.0,0.0,0.0,0.0,0.0,0.0,0.0,0.0,0.0,0.0,0.0,0.0,0.0,0.0,0.0,0.0,0.0,0.0,0.0,0.0,0.0,10000000.0,16.118095750958314,2012-01-30,0,0,0.4088669950738916,0.380653828929691,0.4594715629198387,0.0008956560680698,11,4,2011,90,0.08415853107967924,0
Retail banking,Internal fraud,People,"Zhejiang,Jiangxi,Henan,Hubei",2014-07,1,111400000.0,111400000.0,111400000.0,111400000.0,1,1.0,2014-07-01,0.0,0.0,0.0,0.0,0.0,0.0,0.0,0.0,0.0,0.0,0.0,0.0,0.0,0.0,0.0,0.0,0.0,0.0,0.0,0.0,0.0,0.0,0.0,0.0,111400000.0,18.52863789443412,2014-09-29,0,0,0.4088669950738916,0.380653828929691,0.4594715629198387,0.0004478280340349,7,3,2014,90,0.08802862783522168,0
Retail banking,Internal fraud,People,"Zhejiang,Shandong",2014-05,1,150000000.0,150000000.0,150000000.0,150000000.0,1,1.0,2014-05-01,0.0,0.0,0.0,0.0,0.0,0.0,0.0,0.0,0.0,0.0,0.0,0.0,0.0,0.0,0.0,0.0,0.0,0.0,0.0,0.0,0.0,0.0,0.0,0.0,150000000.0,18.8261458587272,2014-07-30,0,0,0.4088669950738916,0.380653828929691,0.4594715629198387,0.0008956560680698,5,2,2014,90,0.09898738844282878,0
Retail banking,Internal fraud,People,"Zhejiang,Sichuan",2012-09,1,21300000.0,21300000.0,21300000.0,21300000.0,1,1.0,2012-09-01,0.0,0.0,0.0,0.0,0.0,0.0,0.0,0.0,0.0,0.0,0.0,0.0,0.0,0.0,0.0,0.0,0.0,0.0,0.0,0.0,0.0,0.0,0.0,0.0,21300000.0,16.87421767762801,2012-11-30,0,0,0.4088669950738916,0.380653828929691,0.4594715629198387,0.0004478280340349,9,3,2012,90,0.07305413232212064,0
Retail banking,Internal fraud,Process,Zhejiang,1997-11,1,32540000.0,32540000.0,32540000.0,32540000.0,1,1.0,1997-11-01,0.0,0.0,0.0,0.0,0.0,0.0,0.0,0.0,0.0,0.0,0.0,0.0,0.0,0.0,0.0,0.0,0.0,0.0,0.0,0.0,0.0,0.0,0.0,0.0,32540000.0,17.297980690486572,1998-01-30,0,0,0.4088669950738916,0.380653828929691,0.2001791312136139,0.0523958799820868,11,4,1997,90,0.10729016446116778,0
Retail banking,Internal fraud,Process,Zhejiang,2016-01,1,220000000.0,220000000.0,220000000.0,220000000.0,1,1.0,2016-01-01,1.0,32540000.0,1.0,0.0,0.0,0.0,0.0,0.0,0.0,0.0,0.0,0.0,0.0,0.0,0.0,1.0,32540000.0,1.0,1.0,32540000.0,1.0,1.0,32540000.0,1.0,220000000.0,19.20913810886209,2016-03-31,0,0,0.4088669950738916,0.380653828929691,0.2001791312136139,0.0523958799820868,1,1,2016,90,0.25118025232650787,0
Retail brokerage,"Clients, products & business practices",Process,Hebei,1989-07,1,90000.0,90000.0,90000.0,90000.0,0,1.0,1989-07-01,0.0,0.0,0.0,0.0,0.0,0.0,0.0,0.0,0.0,0.0,0.0,0.0,0.0,0.0,0.0,0.0,0.0,0.0,0.0,0.0,0.0,0.0,0.0,0.0,90000.0,11.407576060361786,1989-09-29,0,0,0.0008956560680698,0.1424093148231079,0.2001791312136139,0.0111957008508732,7,3,1989,90,0.053458732926725726,0
Retail brokerage,Internal fraud,People,Tianjin,2005-06,1,20000000.0,20000000.0,20000000.0,20000000.0,1,0.0,2005-06-01,0.0,0.0,0.0,0.0,0.0,0.0,0.0,0.0,0.0,0.0,0.0,0.0,0.0,0.0,0.0,0.0,0.0,0.0,0.0,0.0,0.0,0.0,0.0,0.0,20000000.0,16.811242881518265,2005-08-30,0,0,0.0008956560680698,0.380653828929691,0.4594715629198387,0.0116435288849081,6,2,2005,90,0.09025384061149613,0
Trading & sales,Business disruption and system failures,Process,"Shanghai,Hongkong",2017-04,1,2100000.0,2100000.0,2100000.0,2100000.0,0,0.0,2017-04-01,0.0,0.0,0.0,0.0,0.0,0.0,0.0,0.0,0.0,0.0,0.0,0.0,0.0,0.0,0.0,0.0,0.0,0.0,0.0,0.0,0.0,0.0,0.0,0.0,2100000.0,14.557448378884017,2017-06-30,0,0,0.0376175548589341,0.0094043887147335,0.2001791312136139,0.0013434841021047,4,2,2017,90,0.0314055545157568,0
Trading & sales,"Clients, products & business practices",External event,"Inner mongolia,Fujian,Jiangxi,Inner mongolia",2013-08,1,80000000.0,80000000.0,80000000.0,80000000.0,1,1.0,2013-08-01,0.0,0.0,0.0,0.0,0.0,0.0,0.0,0.0,0.0,0.0,0.0,0.0,0.0,0.0,0.0,0.0,0.0,0.0,0.0,0.0,0.0,0.0,0.0,0.0,80000000.0,18.197537205138158,2013-10-30,0,0,0.0376175548589341,0.1424093148231079,0.322884012539185,0.0004478280340349,8,3,2013,90,0.029269000484005703,0
Trading & sales,"Clients, products & business practices",External event,Shanghai,2011-09,1,343000.0,343000.0,343000.0,343000.0,0,1.0,2011-09-01,0.0,0.0,0.0,0.0,0.0,0.0,0.0,0.0,0.0,0.0,0.0,0.0,0.0,0.0,0.0,0.0,0.0,0.0,0.0,0.0,0.0,0.0,0.0,0.0,343000.0,12.745488641595722,2011-11-30,0,0,0.0376175548589341,0.1424093148231079,0.322884012539185,0.0452306314375279,9,3,2011,90,0.043176587062668255,0
Trading & sales,"Clients, products & business practices",External event,"Tianjin,Shanghai,Zhejiang,Hongkong",2016-04,1,786000000.0,786000000.0,786000000.0,786000000.0,1,7.0,2016-04-01,0.0,0.0,0.0,0.0,0.0,0.0,0.0,0.0,0.0,0.0,0.0,0.0,0.0,0.0,0.0,0.0,0.0,0.0,0.0,0.0,0.0,0.0,0.0,0.0,786000000.0,20.482467351665747,2016-06-30,0,0,0.0376175548589341,0.1424093148231079,0.322884012539185,0.0004478280340349,4,2,2016,90,0.030307430265962457,0
Trading & sales,"Clients, products & business practices",External event,Zhejiang,2012-11,1,62885000.0,62885000.0,62885000.0,62885000.0,1,2.0,2012-11-01,0.0,0.0,0.0,0.0,0.0,0.0,0.0,0.0,0.0,0.0,0.0,0.0,0.0,0.0,0.0,0.0,0.0,0.0,0.0,0.0,0.0,0.0,0.0,0.0,62885000.0,17.956818235365436,2013-01-30,0,0,0.0376175548589341,0.1424093148231079,0.322884012539185,0.0523958799820868,11,4,2012,90,0.03290620137315626,0
Trading & sales,"Clients, products & business practices",People,Anhui,2017-08,1,500000.0,500000.0,500000.0,500000.0,0,1.0,2017-08-01,0.0,0.0,0.0,0.0,0.0,0.0,0.0,0.0,0.0,0.0,0.0,0.0,0.0,0.0,0.0,0.0,0.0,0.0,0.0,0.0,0.0,0.0,0.0,0.0,500000.0,13.122365377402328,2017-10-30,0,0,0.0376175548589341,0.1424093148231079,0.4594715629198387,0.0250783699059561,8,3,2017,90,0.01472265428027906,0
Trading & sales,"Clients, products & business practices",People,Beijing,2012-10,1,1600000.0,1600000.0,1600000.0,1600000.0,0,5.0,2012-10-01,0.0,0.0,0.0,0.0,0.0,0.0,0.0,0.0,0.0,0.0,0.0,0.0,0.0,0.0,0.0,0.0,0.0,0.0,0.0,0.0,0.0,0.0,0.0,0.0,1600000.0,14.285514812209817,2012-12-30,0,0,0.0376175548589341,0.1424093148231079,0.4594715629198387,0.0940438871473354,10,4,2012,90,0.028473174271218423,0
Trading & sales,"Clients, products & business practices",People,Beijing,2013-09,1,32000000.0,32000000.0,32000000.0,32000000.0,1,5.0,2013-09-01,1.0,1600000.0,0.0,0.0,0.0,0.0,0.0,0.0,0.0,0.0,0.0,0.0,0.0,0.0,0.0,1.0,1600000.0,0.0,1.0,1600000.0,0.0,1.0,1600000.0,0.0,32000000.0,17.281246492014,2013-11-30,0,0,0.0376175548589341,0.1424093148231079,0.4594715629198387,0.0940438871473354,9,3,2013,90,0.04526835456749539,0
Trading & sales,"Clients, products & business practices",People,Beijing,2016-06,1,150441.0,150441.0,150441.0,150441.0,0,1.0,2016-06-01,1.0,32000000.0,1.0,1.0,1600000.0,0.0,0.0,0.0,0.0,0.0,0.0,0.0,0.0,0.0,0.0,2.0,33600000.0,1.0,2.0,33600000.0,1.0,2.0,33600000.0,1.0,150441.0,11.921332906832516,2016-08-30,0,0,0.0376175548589341,0.1424093148231079,0.4594715629198387,0.0940438871473354,6,2,2016,90,0.024808403095587798,0
Trading & sales,"Clients, products & business practices",People,Beijing,2017-08,1,350000.0,350000.0,350000.0,350000.0,0,1.0,2017-08-01,1.0,150441.0,0.0,1.0,32000000.0,1.0,1.0,1600000.0,0.0,0.0,0.0,0.0,0.0,0.0,0.0,3.0,33750441.0,1.0,3.0,33750441.0,1.0,3.0,33750441.0,1.0,350000.0,12.765691290604371,2017-10-30,0,0,0.0376175548589341,0.1424093148231079,0.4594715629198387,0.0940438871473354,8,3,2017,90,0.023424538432409825,0
Trading & sales,"Clients, products & business practices",People,"Beijing,Anhui",2018-04,1,200000.0,200000.0,200000.0,200000.0,0,1.0,2018-04-01,0.0,0.0,0.0,0.0,0.0,0.0,0.0,0.0,0.0,0.0,0.0,0.0,0.0,0.0,0.0,0.0,0.0,0.0,0.0,0.0,0.0,0.0,0.0,0.0,200000.0,12.206077645517674,2018-06-30,0,0,0.0376175548589341,0.1424093148231079,0.4594715629198387,0.0031347962382445,4,2,2018,90,0.009063056032722096,0
Trading & sales,"Clients, products & business practices",People,"Beijing,Hubei",2017-11,1,250000.0,250000.0,250000.0,250000.0,0,3.0,2017-11-01,0.0,0.0,0.0,0.0,0.0,0.0,0.0,0.0,0.0,0.0,0.0,0.0,0.0,0.0,0.0,0.0,0.0,0.0,0.0,0.0,0.0,0.0,0.0,0.0,250000.0,12.429220196836384,2018-01-30,0,0,0.0376175548589341,0.1424093148231079,0.4594715629198387,0.0053739364084191,11,4,2017,90,0.020309269753669396,0
Trading & sales,"Clients, products & business practices",People,"Beijing,Jilin",2019-04,1,1600000.0,1600000.0,1600000.0,1600000.0,0,1.0,2019-04-01,0.0,0.0,0.0,0.0,0.0,0.0,0.0,0.0,0.0,0.0,0.0,0.0,0.0,0.0,0.0,0.0,0.0,0.0,0.0,0.0,0.0,0.0,0.0,0.0,1600000.0,14.285514812209817,2019-06-30,0,0,0.0376175548589341,0.1424093148231079,0.4594715629198387,0.006269592476489,4,2,2019,90,0.030726801843380086,0
Trading & sales,"Clients, products & business practices",People,"Beijing,Zhejiang",2019-02,1,250000.0,250000.0,250000.0,250000.0,0,1.0,2019-02-01,0.0,0.0,0.0,0.0,0.0,0.0,0.0,0.0,0.0,0.0,0.0,0.0,0.0,0.0,0.0,0.0,0.0,0.0,0.0,0.0,0.0,0.0,0.0,0.0,250000.0,12.429220196836384,2019-05-02,0,0,0.0376175548589341,0.1424093148231079,0.4594715629198387,0.0076130765785938,2,1,2019,90,0.01636166646433028,0
Trading & sales,"Clients, products & business practices",People,Guangxi,2016-06,1,200000.0,200000.0,200000.0,200000.0,0,1.0,2016-06-01,0.0,0.0,0.0,0.0,0.0,0.0,0.0,0.0,0.0,0.0,0.0,0.0,0.0,0.0,0.0,0.0,0.0,0.0,0.0,0.0,0.0,0.0,0.0,0.0,200000.0,12.206077645517674,2016-08-30,0,0,0.0376175548589341,0.1424093148231079,0.4594715629198387,0.0143304970891177,6,2,2016,90,0.01175311451225426,0
Trading & sales,"Clients, products & business practices",People,Heilongjiang,2010-04,1,2000.0,2000.0,2000.0,2000.0,0,1.0,2010-04-01,0.0,0.0,0.0,0.0,0.0,0.0,0.0,0.0,0.0,0.0,0.0,0.0,0.0,0.0,0.0,0.0,0.0,0.0,0.0,0.0,0.0,0.0,0.0,0.0,2000.0,7.601402334583733,2010-06-30,0,0,0.0376175548589341,0.1424093148231079,0.4594715629198387,0.0228392297357814,4,2,2010,90,0.0317193009198181,0
Trading & sales,"Clients, products & business practices",People,Jiangxi,2017-09,2,744400.0,372200.0,372200.0,685200.0,0,1.0,2017-09-01,0.0,0.0,0.0,0.0,0.0,0.0,0.0,0.0,0.0,0.0,0.0,0.0,0.0,0.0,0.0,0.0,0.0,0.0,0.0,0.0,0.0,0.0,0.0,0.0,372200.0,13.520335147113114,2017-11-30,0,0,0.0376175548589341,0.1424093148231079,0.4594715629198387,0.0156739811912225,9,3,2017,90,0.020978483721581048,0
Trading & sales,"Clients, products & business practices",People,Jilin,2017-07,1,1372200.0,1372200.0,1372200.0,1372200.0,0,1.0,2017-07-01,0.0,0.0,0.0,0.0,0.0,0.0,0.0,0.0,0.0,0.0,0.0,0.0,0.0,0.0,0.0,0.0,0.0,0.0,0.0,0.0,0.0,0.0,0.0,0.0,1372200.0,14.131926577995404,2017-09-29,0,1,0.0376175548589341,0.1424093148231079,0.4594715629198387,0.0197044334975369,7,3,2017,90,0.04692586860022542,0
Trading & sales,"Clients, products & business practices",People,Jilin,2017-08,1,300000.0,300000.0,300000.0,300000.0,0,1.0,2017-08-01,1.0,1372200.0,0.0,0.0,0.0,0.0,0.0,0.0,0.0,0.0,0.0,0.0,0.0,0.0,0.0,1.0,1372200.0,0.0,1.0,1372200.0,0.0,1.0,1372200.0,0.0,300000.0,12.611541086966117,2017-10-30,0,0,0.0376175548589341,0.1424093148231079,0.4594715629198387,0.0197044334975369,8,3,2017,90,0.006737044854674102,0
Trading & sales,"Clients, products & business practices",People,Shanghai,2018-10,1,340000.0,340000.0,340000.0,340000.0,0,1.0,2018-10-01,0.0,0.0,0.0,0.0,0.0,0.0,0.0,0.0,0.0,0.0,0.0,0.0,0.0,0.0,0.0,0.0,0.0,0.0,0.0,0.0,0.0,0.0,0.0,0.0,340000.0,12.73670383776449,2018-12-30,0,0,0.0376175548589341,0.1424093148231079,0.4594715629198387,0.0452306314375279,10,4,2018,90,0.03843882255383126,0
Trading & sales,"Clients, products & business practices",People,Shanghai,2019-06,1,600000.0,600000.0,600000.0,600000.0,0,1.0,2019-06-01,1.0,340000.0,0.0,0.0,0.0,0.0,0.0,0.0,0.0,0.0,0.0,0.0,0.0,0.0,0.0,1.0,340000.0,0.0,1.0,340000.0,0.0,1.0,340000.0,0.0,600000.0,13.304686600863562,2019-08-30,0,0,0.0376175548589341,0.1424093148231079,0.4594715629198387,0.0452306314375279,6,2,2019,90,0.008947496832015612,0
Trading & sales,"Clients, products & business practices",People,"Shanghai,Chongqing",2015-06,1,800000000.0,800000000.0,800000000.0,800000000.0,1,2.0,2015-06-01,0.0,0.0,0.0,0.0,0.0,0.0,0.0,0.0,0.0,0.0,0.0,0.0,0.0,0.0,0.0,0.0,0.0,0.0,0.0,0.0,0.0,0.0,0.0,0.0,800000000.0,20.500122286882203,2015-08-30,0,0,0.0376175548589341,0.1424093148231079,0.4594715629198387,0.0013434841021047,6,2,2015,90,0.06204260518500991,0
Trading & sales,"Clients, products & business practices",People,"Tianjin,Heilongjiang,Sichuan,Hongkong",2019-03,1,6600000.0,6600000.0,6600000.0,6600000.0,0,4.0,2019-03-01,0.0,0.0,0.0,0.0,0.0,0.0,0.0,0.0,0.0,0.0,0.0,0.0,0.0,0.0,0.0,0.0,0.0,0.0,0.0,0.0,0.0,0.0,0.0,0.0,6600000.0,15.702580358511794,2019-05-30,0,0,0.0376175548589341,0.1424093148231079,0.4594715629198387,0.0004478280340349,3,1,2019,90,0.02539976653247596,0
Trading & sales,"Clients, products & business practices",Process,Beijing,2011-01,1,2790000.0,2790000.0,2790000.0,2790000.0,0,1.0,2011-01-01,0.0,0.0,0.0,0.0,0.0,0.0,0.0,0.0,0.0,0.0,0.0,0.0,0.0,0.0,0.0,0.0,0.0,0.0,0.0,0.0,0.0,0.0,0.0,0.0,2790000.0,14.841552512220424,2011-04-01,0,0,0.0376175548589341,0.1424093148231079,0.2001791312136139,0.0940438871473354,1,1,2011,90,0.013565573908818343,0
Trading & sales,"Clients, products & business practices",Process,Beijing,2015-05,1,160000.0,160000.0,160000.0,160000.0,0,1.0,2015-05-01,1.0,2790000.0,0.0,0.0,0.0,0.0,0.0,0.0,0.0,0.0,0.0,0.0,0.0,0.0,0.0,1.0,2790000.0,0.0,1.0,2790000.0,0.0,1.0,2790000.0,0.0,160000.0,11.982935344196433,2015-07-30,0,1,0.0376175548589341,0.1424093148231079,0.2001791312136139,0.0940438871473354,5,2,2015,90,0.0029637729652731803,0
Trading & sales,"Clients, products & business practices",Process,Beijing,2015-06,1,576500.0,576500.0,576500.0,576500.0,0,2.0,2015-06-01,1.0,160000.0,0.0,1.0,2790000.0,0.0,0.0,0.0,0.0,0.0,0.0,0.0,0.0,0.0,0.0,2.0,2950000.0,0.0,2.0,2950000.0,0.0,2.0,2950000.0,0.0,576500.0,13.264732353295123,2015-08-30,0,0,0.0376175548589341,0.1424093148231079,0.2001791312136139,0.0940438871473354,6,2,2015,90,0.06198812916869445,0
Trading & sales,"Clients, products & business practices",Process,Beijing,2015-12,1,600000.0,600000.0,600000.0,600000.0,0,1.0,2015-12-01,1.0,576500.0,0.0,1.0,160000.0,0.0,1.0,2790000.0,0.0,0.0,0.0,0.0,0.0,0.0,0.0,3.0,3526500.0,0.0,3.0,3526500.0,0.0,3.0,3526500.0,0.0,600000.0,13.304686600863562,2016-02-29,0,0,0.0376175548589341,0.1424093148231079,0.2001791312136139,0.0940438871473354,12,4,2015,90,0.056925432926048174,0
Trading & sales,"Clients, products & business practices",Process,Beijing,2017-12,3,521550000.0,173850000.0,500000.0,521000000.0,1,1.0,2017-12-01,1.0,600000.0,0.0,1.0,576500.0,0.0,1.0,160000.0,0.0,0.0,0.0,0.0,0.0,0.0,0.0,3.0,1336500.0,0.0,4.0,4126500.0,0.0,4.0,4126500.0,0.0,173850000.0,20.07231570700361,2018-03-01,0,0,0.0376175548589341,0.1424093148231079,0.2001791312136139,0.0940438871473354,12,4,2017,90,0.09967131006138227,0
Trading & sales,"Clients, products & business practices",Process,Beijing,2018-07,1,10000000.0,10000000.0,10000000.0,10000000.0,1,1.0,2018-07-01,3.0,521550000.0,1.0,1.0,600000.0,0.0,1.0,576500.0,0.0,0.0,0.0,0.0,0.0,0.0,0.0,5.0,522726500.0,1.0,7.0,525676500.0,1.0,7.0,525676500.0,1.0,10000000.0,16.118095750958314,2018-09-29,0,0,0.0376175548589341,0.1424093148231079,0.2001791312136139,0.0940438871473354,7,3,2018,90,0.2800120991550148,0
Trading & sales,"Clients, products & business practices",Process,Beijing,2019-03,1,300000.0,300000.0,300000.0,300000.0,0,1.0,2019-03-01,1.0,10000000.0,1.0,3.0,521550000.0,1.0,1.0,600000.0,0.0,1.0,2790000.0,0.0,0.0,0.0,0.0,5.0,532150000.0,2.0,8.0,535676500.0,2.0,8.0,535676500.0,2.0,300000.0,12.611541086966117,2019-05-30,0,0,0.0376175548589341,0.1424093148231079,0.2001791312136139,0.0940438871473354,3,1,2019,90,0.06392401597211464,0
Trading & sales,"Clients, products & business practices",Process,"Beijing,Anhui",2018-04,1,80000.0,80000.0,80000.0,80000.0,0,1.0,2018-04-01,0.0,0.0,0.0,0.0,0.0,0.0,0.0,0.0,0.0,0.0,0.0,0.0,0.0,0.0,0.0,0.0,0.0,0.0,0.0,0.0,0.0,0.0,0.0,0.0,80000.0,11.289794413577894,2018-06-30,0,1,0.0376175548589341,0.1424093148231079,0.2001791312136139,0.0031347962382445,4,2,2018,90,0.021266880158319793,0
Trading & sales,"Clients, products & business practices",Process,"Beijing,Anhui",2018-06,1,80000.0,80000.0,80000.0,80000.0,0,1.0,2018-06-01,1.0,80000.0,0.0,0.0,0.0,0.0,0.0,0.0,0.0,0.0,0.0,0.0,0.0,0.0,0.0,1.0,80000.0,0.0,1.0,80000.0,0.0,1.0,80000.0,0.0,80000.0,11.289794413577894,2018-08-30,0,0,0.0376175548589341,0.1424093148231079,0.2001791312136139,0.0031347962382445,6,2,2018,90,0.011323301961490822,0
Trading & sales,"Clients, products & business practices",Process,"Beijing,Chongqing",2017-11,1,19500000.0,19500000.0,19500000.0,19500000.0,1,3.0,2017-11-01,0.0,0.0,0.0,0.0,0.0,0.0,0.0,0.0,0.0,0.0,0.0,0.0,0.0,0.0,0.0,0.0,0.0,0.0,0.0,0.0,0.0,0.0,0.0,0.0,19500000.0,16.785925074816024,2018-01-30,0,0,0.0376175548589341,0.1424093148231079,0.2001791312136139,0.0022391401701746,11,4,2017,90,0.022747261128614627,0
Trading & sales,"Clients, products & business practices",Process,"Beijing,Chongqing",2019-04,1,200000.0,200000.0,200000.0,200000.0,0,1.0,2019-04-01,1.0,19500000.0,1.0,0.0,0.0,0.0,0.0,0.0,0.0,0.0,0.0,0.0,0.0,0.0,0.0,1.0,19500000.0,1.0,1.0,19500000.0,1.0,1.0,19500000.0,1.0,200000.0,12.206077645517674,2019-06-30,0,0,0.0376175548589341,0.1424093148231079,0.2001791312136139,0.0022391401701746,4,2,2019,90,0.011375117357420365,0
Trading & sales,"Clients, products & business practices",Process,"Beijing,Hebei",2017-12,1,600000.0,600000.0,600000.0,600000.0,0,1.0,2017-12-01,0.0,0.0,0.0,0.0,0.0,0.0,0.0,0.0,0.0,0.0,0.0,0.0,0.0,0.0,0.0,0.0,0.0,0.0,0.0,0.0,0.0,0.0,0.0,0.0,600000.0,13.304686600863562,2018-03-01,0,0,0.0376175548589341,0.1424093148231079,0.2001791312136139,0.0017913121361397,12,4,2017,90,0.014720790206766298,0
Trading & sales,"Clients, products & business practices",Process,"Beijing,Heilongjiang",2018-07,2,13000000.0,6500000.0,6500000.0,7000000.0,0,1.0,2018-07-01,0.0,0.0,0.0,0.0,0.0,0.0,0.0,0.0,0.0,0.0,0.0,0.0,0.0,0.0,0.0,0.0,0.0,0.0,0.0,0.0,0.0,0.0,0.0,0.0,6500000.0,16.380459992348886,2018-09-29,0,0,0.0376175548589341,0.1424093148231079,0.2001791312136139,0.0031347962382445,7,3,2018,90,0.012243726824391404,0
Trading & sales,"Clients, products & business practices",Process,"Beijing,Shanghai",2018-03,1,500000.0,500000.0,500000.0,500000.0,0,2.0,2018-03-01,0.0,0.0,0.0,0.0,0.0,0.0,0.0,0.0,0.0,0.0,0.0,0.0,0.0,0.0,0.0,0.0,0.0,0.0,0.0,0.0,0.0,0.0,0.0,0.0,500000.0,13.122365377402328,2018-05-30,0,0,0.0376175548589341,0.1424093148231079,0.2001791312136139,0.0076130765785938,3,1,2018,90,0.055051345514018545,0
Trading & sales,"Clients, products & business practices",Process,"Beijing,Tianjin,Shanghai,Hunan",2016-03,1,1800000.0,1800000.0,1800000.0,1800000.0,0,4.0,2016-03-01,0.0,0.0,0.0,0.0,0.0,0.0,0.0,0.0,0.0,0.0,0.0,0.0,0.0,0.0,0.0,0.0,0.0,0.0,0.0,0.0,0.0,0.0,0.0,0.0,1800000.0,14.403297778421797,2016-05-30,0,0,0.0376175548589341,0.1424093148231079,0.2001791312136139,0.0008956560680698,3,1,2016,90,0.01140848710701434,0
Trading & sales,"Clients, products & business practices",Process,Guangdong,2018-01,1,4000000.0,4000000.0,4000000.0,4000000.0,0,1.0,2018-01-01,0.0,0.0,0.0,0.0,0.0,0.0,0.0,0.0,0.0,0.0,0.0,0.0,0.0,0.0,0.0,0.0,0.0,0.0,0.0,0.0,0.0,0.0,0.0,0.0,4000000.0,15.201805169084134,2018-04-01,0,0,0.0376175548589341,0.1424093148231079,0.2001791312136139,0.044782803403493,1,1,2018,90,0.015996386044805286,0
Trading & sales,"Clients, products & business practices",Process,Henan,2018-06,1,500000.0,500000.0,500000.0,500000.0,0,1.0,2018-06-01,0.0,0.0,0.0,0.0,0.0,0.0,0.0,0.0,0.0,0.0,0.0,0.0,0.0,0.0,0.0,0.0,0.0,0.0,0.0,0.0,0.0,0.0,0.0,0.0,500000.0,13.122365377402328,2018-08-30,0,1,0.0376175548589341,0.1424093148231079,0.2001791312136139,0.0497089117778772,6,2,2018,90,0.010044896384943623,0
Trading & sales,"Clients, products & business practices",Process,Henan,2018-07,1,2500000.0,2500000.0,2500000.0,2500000.0,0,1.0,2018-07-01,1.0,500000.0,0.0,0.0,0.0,0.0,0.0,0.0,0.0,0.0,0.0,0.0,0.0,0.0,0.0,1.0,500000.0,0.0,1.0,500000.0,0.0,1.0,500000.0,0.0,2500000.0,14.731801689838347,2018-09-29,0,0,0.0376175548589341,0.1424093148231079,0.2001791312136139,0.0497089117778772,7,3,2018,90,0.013242426604487394,0
Trading & sales,"Clients, products & business practices",Process,"Inner mongolia,Inner mongolia",2018-08,1,220000.0,220000.0,220000.0,220000.0,0,2.0,2018-08-01,0.0,0.0,0.0,0.0,0.0,0.0,0.0,0.0,0.0,0.0,0.0,0.0,0.0,0.0,0.0,0.0,0.0,0.0,0.0,0.0,0.0,0.0,0.0,0.0,220000.0,12.301387370778713,2018-10-30,0,0,0.0376175548589341,0.1424093148231079,0.2001791312136139,0.0071652485445588,8,3,2018,90,0.004519333797119088,0
Trading & sales,"Clients, products & business practices",Process,Jiangsu,2017-05,1,2000000.0,2000000.0,2000000.0,2000000.0,0,1.0,2017-05-01,0.0,0.0,0.0,0.0,0.0,0.0,0.0,0.0,0.0,0.0,0.0,0.0,0.0,0.0,0.0,0.0,0.0,0.0,0.0,0.0,0.0,0.0,0.0,0.0,2000000.0,14.508658238524095,2017-07-30,0,0,0.0376175548589341,0.1424093148231079,0.2001791312136139,0.032243618450515,5,2,2017,90,0.014443489780438802,0
Trading & sales,"Clients, products & business practices",Process,Qinghai,2019-08,1,300000.0,300000.0,300000.0,300000.0,0,1.0,2019-08-01,0.0,0.0,0.0,0.0,0.0,0.0,0.0,0.0,0.0,0.0,0.0,0.0,0.0,0.0,0.0,0.0,0.0,0.0,0.0,0.0,0.0,0.0,0.0,0.0,300000.0,12.611541086966117,2019-10-30,0,0,0.0376175548589341,0.1424093148231079,0.2001791312136139,0.0049261083743842,8,3,2019,90,0.004519333797119088,0
Trading & sales,"Clients, products & business practices",Process,Shandong,2015-07,1,7330000.0,7330000.0,7330000.0,7330000.0,0,1.0,2015-07-01,0.0,0.0,0.0,0.0,0.0,0.0,0.0,0.0,0.0,0.0,0.0,0.0,0.0,0.0,0.0,0.0,0.0,0.0,0.0,0.0,0.0,0.0,0.0,0.0,7330000.0,15.807486210288474,2015-09-29,0,0,0.0376175548589341,0.1424093148231079,0.2001791312136139,0.0501567398119122,7,3,2015,90,0.014877528984911119,0
Trading & sales,"Clients, products & business practices",Process,Shandong,2019-06,1,350000.0,350000.0,350000.0,350000.0,0,1.0,2019-06-01,1.0,7330000.0,0.0,0.0,0.0,0.0,0.0,0.0,0.0,0.0,0.0,0.0,0.0,0.0,0.0,1.0,7330000.0,0.0,1.0,7330000.0,0.0,1.0,7330000.0,0.0,350000.0,12.765691290604371,2019-08-30,0,0,0.0376175548589341,0.1424093148231079,0.2001791312136139,0.0501567398119122,6,2,2019,90,0.0036703781880074358,0
Trading & sales,"Clients, products & business practices",Process,Shanghai,2017-12,1,500000.0,500000.0,500000.0,500000.0,0,1.0,2017-12-01,0.0,0.0,0.0,0.0,0.0,0.0,0.0,0.0,0.0,0.0,0.0,0.0,0.0,0.0,0.0,0.0,0.0,0.0,0.0,0.0,0.0,0.0,0.0,0.0,500000.0,13.122365377402328,2018-03-01,0,0,0.0376175548589341,0.1424093148231079,0.2001791312136139,0.0452306314375279,12,4,2017,90,0.021452283173158594,0
Trading & sales,"Clients, products & business practices",Process,Shanghai,2019-04,1,60000.0,60000.0,60000.0,60000.0,0,1.0,2019-04-01,1.0,500000.0,0.0,0.0,0.0,0.0,0.0,0.0,0.0,0.0,0.0,0.0,0.0,0.0,0.0,1.0,500000.0,0.0,1.0,500000.0,0.0,1.0,500000.0,0.0,60000.0,11.002116507732016,2019-06-30,0,0,0.0376175548589341,0.1424093148231079,0.2001791312136139,0.0452306314375279,4,2,2019,90,0.022445300933895473,0
Trading & sales,"Clients, products & business practices",Process,"Shanghai,Anhui",2017-08,1,400000.0,400000.0,400000.0,400000.0,0,1.0,2017-08-01,0.0,0.0,0.0,0.0,0.0,0.0,0.0,0.0,0.0,0.0,0.0,0.0,0.0,0.0,0.0,0.0,0.0,0.0,0.0,0.0,0.0,0.0,0.0,0.0,400000.0,12.899222326086994,2017-10-30,0,0,0.0376175548589341,0.1424093148231079,0.2001791312136139,0.0017913121361397,8,3,2017,90,0.008971738838503635,0
Trading & sales,"Clients, products & business practices",Process,Shanxi,2018-01,1,200000.0,200000.0,200000.0,200000.0,0,1.0,2018-01-01,0.0,0.0,0.0,0.0,0.0,0.0,0.0,0.0,0.0,0.0,0.0,0.0,0.0,0.0,0.0,0.0,0.0,0.0,0.0,0.0,0.0,0.0,0.0,0.0,200000.0,12.206077645517674,2018-04-01,0,0,0.0376175548589341,0.1424093148231079,0.2001791312136139,0.0214957456336766,1,1,2018,90,0.01359103632215725,0
Trading & sales,"Clients, products & business practices",Process,Shanxi,2018-06,1,300000.0,300000.0,300000.0,300000.0,0,1.0,2018-06-01,1.0,200000.0,0.0,0.0,0.0,0.0,0.0,0.0,0.0,0.0,0.0,0.0,0.0,0.0,0.0,1.0,200000.0,0.0,1.0,200000.0,0.0,1.0,200000.0,0.0,300000.0,12.611541086966117,2018-08-30,0,0,0.0376175548589341,0.1424093148231079,0.2001791312136139,0.0214957456336766,6,2,2018,90,0.0062344807521099955,0
Trading & sales,"Clients, products & business practices",Process,Sichuan,2012-10,1,12000000.0,12000000.0,12000000.0,12000000.0,1,0.0,2012-10-01,0.0,0.0,0.0,0.0,0.0,0.0,0.0,0.0,0.0,0.0,0.0,0.0,0.0,0.0,0.0,0.0,0.0,0.0,0.0,0.0,0.0,0.0,0.0,0.0,12000000.0,16.300417291085605,2012-12-30,0,0,0.0376175548589341,0.1424093148231079,0.2001791312136139,0.0273175100761307,10,4,2012,90,0.02651545349291047,0
Trading & sales,"Clients, products & business practices",Process,Zhejiang,2017-12,1,1050000.0,1050000.0,1050000.0,1050000.0,0,1.0,2017-12-01,0.0,0.0,0.0,0.0,0.0,0.0,0.0,0.0,0.0,0.0,0.0,0.0,0.0,0.0,0.0,0.0,0.0,0.0,0.0,0.0,0.0,0.0,0.0,0.0,1050000.0,13.864301674514206,2018-03-01,0,0,0.0376175548589341,0.1424093148231079,0.2001791312136139,0.0523958799820868,12,4,2017,90,0.020693682723213,0
Trading & sales,"Execution, delivery & process management",People,Beijing,2019-05,1,1000000.0,1000000.0,1000000.0,1000000.0,0,1.0,2019-05-01,0.0,0.0,0.0,0.0,0.0,0.0,0.0,0.0,0.0,0.0,0.0,0.0,0.0,0.0,0.0,0.0,0.0,0.0,0.0,0.0,0.0,0.0,0.0,0.0,1000000.0,13.815511557963774,2019-07-30,0,0,0.0376175548589341,0.1527093596059113,0.4594715629198387,0.0940438871473354,5,2,2019,90,0.07578078574447984,0
Trading & sales,"Execution, delivery & process management",Process,"Beijing,Shanghai",2018-01,1,500000.0,500000.0,500000.0,500000.0,0,1.0,2018-01-01,0.0,0.0,0.0,0.0,0.0,0.0,0.0,0.0,0.0,0.0,0.0,0.0,0.0,0.0,0.0,0.0,0.0,0.0,0.0,0.0,0.0,0.0,0.0,0.0,500000.0,13.122365377402328,2018-04-01,0,0,0.0376175548589341,0.1527093596059113,0.2001791312136139,0.0076130765785938,1,1,2018,90,0.07147796320036706,0
Trading & sales,"Execution, delivery & process management",Process,"Beijing,Tianjin",2018-02,1,500000.0,500000.0,500000.0,500000.0,0,1.0,2018-02-01,0.0,0.0,0.0,0.0,0.0,0.0,0.0,0.0,0.0,0.0,0.0,0.0,0.0,0.0,0.0,0.0,0.0,0.0,0.0,0.0,0.0,0.0,0.0,0.0,500000.0,13.122365377402328,2018-05-02,0,0,0.0376175548589341,0.1527093596059113,0.2001791312136139,0.0040304523063143,2,1,2018,90,0.01518926413250726,0
Trading & sales,"Execution, delivery & process management",Process,Fujian,2019-09,1,50000.0,50000.0,50000.0,50000.0,0,1.0,2019-09-01,0.0,0.0,0.0,0.0,0.0,0.0,0.0,0.0,0.0,0.0,0.0,0.0,0.0,0.0,0.0,0.0,0.0,0.0,0.0,0.0,0.0,0.0,0.0,0.0,50000.0,10.819798284210286,2019-11-30,0,0,0.0376175548589341,0.1527093596059113,0.2001791312136139,0.0237348858038513,9,3,2019,90,0.014544458291740293,0
Trading & sales,"Execution, delivery & process management",Process,Henan,2005-01,1,2910600.0,2910600.0,2910600.0,2910600.0,0,1.0,2005-01-01,0.0,0.0,0.0,0.0,0.0,0.0,0.0,0.0,0.0,0.0,0.0,0.0,0.0,0.0,0.0,0.0,0.0,0.0,0.0,0.0,0.0,0.0,0.0,0.0,2910600.0,14.883870147033075,2005-04-01,0,0,0.0376175548589341,0.1527093596059113,0.2001791312136139,0.0497089117778772,1,1,2005,90,0.020295263430875284,0
Trading & sales,"Execution, delivery & process management",Process,Shandong,2019-05,1,200000.0,200000.0,200000.0,200000.0,0,1.0,2019-05-01,0.0,0.0,0.0,0.0,0.0,0.0,0.0,0.0,0.0,0.0,0.0,0.0,0.0,0.0,0.0,0.0,0.0,0.0,0.0,0.0,0.0,0.0,0.0,0.0,200000.0,12.206077645517674,2019-07-30,0,0,0.0376175548589341,0.1527093596059113,0.2001791312136139,0.0501567398119122,5,2,2019,90,0.010891741246004867,0
Trading & sales,"Execution, delivery & process management",Process,"Shandong,Yunnan",2019-07,1,500000.0,500000.0,500000.0,500000.0,0,1.0,2019-07-01,0.0,0.0,0.0,0.0,0.0,0.0,0.0,0.0,0.0,0.0,0.0,0.0,0.0,0.0,0.0,0.0,0.0,0.0,0.0,0.0,0.0,0.0,0.0,0.0,500000.0,13.122365377402328,2019-09-29,0,0,0.0376175548589341,0.1527093596059113,0.2001791312136139,0.0008956560680698,7,3,2019,90,0.013107731315548432,0
Trading & sales,"Execution, delivery & process management",Process,Shanghai,2017-05,1,500000.0,500000.0,500000.0,500000.0,0,1.0,2017-05-01,0.0,0.0,0.0,0.0,0.0,0.0,0.0,0.0,0.0,0.0,0.0,0.0,0.0,0.0,0.0,0.0,0.0,0.0,0.0,0.0,0.0,0.0,0.0,0.0,500000.0,13.122365377402328,2017-07-30,0,0,0.0376175548589341,0.1527093596059113,0.2001791312136139,0.0452306314375279,5,2,2017,90,0.026312666591912278,0
Trading & sales,External fraud,External event,"Beijing,Hebei,Shanxi,Heilongjiang,Shanghai",2014-02,1,2780000000.0,2780000000.0,2780000000.0,2780000000.0,1,0.0,2014-02-01,0.0,0.0,0.0,0.0,0.0,0.0,0.0,0.0,0.0,0.0,0.0,0.0,0.0,0.0,0.0,0.0,0.0,0.0,0.0,0.0,0.0,0.0,0.0,0.0,2780000000.0,21.74571676500867,2014-05-02,0,0,0.0376175548589341,0.303179579041648,0.322884012539185,0.0004478280340349,2,1,2014,90,0.09133373184916621,0
Trading & sales,External fraud,External event,"Inner mongolia,Sichuan,Inner mongolia",2011-09,1,400000000.0,400000000.0,400000000.0,400000000.0,1,0.0,2011-09-01,0.0,0.0,0.0,0.0,0.0,0.0,0.0,0.0,0.0,0.0,0.0,0.0,0.0,0.0,0.0,0.0,0.0,0.0,0.0,0.0,0.0,0.0,0.0,0.0,400000000.0,19.806975107572256,2011-11-30,0,0,0.0376175548589341,0.303179579041648,0.322884012539185,0.0004478280340349,9,3,2011,90,0.07747231744489165,0
Trading & sales,External fraud,External event,Shanghai,2008-02,1,560000.0,560000.0,560000.0,560000.0,0,0.0,2008-02-01,0.0,0.0,0.0,0.0,0.0,0.0,0.0,0.0,0.0,0.0,0.0,0.0,0.0,0.0,0.0,0.0,0.0,0.0,0.0,0.0,0.0,0.0,0.0,0.0,560000.0,13.235693848424024,2008-05-01,0,0,0.0376175548589341,0.303179579041648,0.322884012539185,0.0452306314375279,2,1,2008,90,0.14360773403175994,0
Trading & sales,External fraud,People,Shanghai,2019-03,1,37000000.0,37000000.0,37000000.0,37000000.0,1,5.0,2019-03-01,0.0,0.0,0.0,0.0,0.0,0.0,0.0,0.0,0.0,0.0,0.0,0.0,0.0,0.0,0.0,0.0,0.0,0.0,0.0,0.0,0.0,0.0,0.0,0.0,37000000.0,17.426428497635523,2019-05-30,0,0,0.0376175548589341,0.303179579041648,0.4594715629198387,0.0452306314375279,3,1,2019,90,0.05079467302968222,0
Trading & sales,Internal fraud,People,Beijing,2017-11,1,27500000.0,27500000.0,27500000.0,27500000.0,1,1.0,2017-11-01,0.0,0.0,0.0,0.0,0.0,0.0,0.0,0.0,0.0,0.0,0.0,0.0,0.0,0.0,0.0,0.0,0.0,0.0,0.0,0.0,0.0,0.0,0.0,0.0,27500000.0,17.129696599000436,2018-01-30,0,0,0.0376175548589341,0.380653828929691,0.4594715629198387,0.0940438871473354,11,4,2017,90,0.17928552789720442,0
Trading & sales,Internal fraud,People,Beijing,2019-09,1,1000000.0,1000000.0,1000000.0,1000000.0,0,2.0,2019-09-01,1.0,27500000.0,1.0,0.0,0.0,0.0,0.0,0.0,0.0,0.0,0.0,0.0,0.0,0.0,0.0,1.0,27500000.0,1.0,1.0,27500000.0,1.0,1.0,27500000.0,1.0,1000000.0,13.815511557963774,2019-11-30,0,0,0.0376175548589341,0.380653828929691,0.4594715629198387,0.0940438871473354,9,3,2019,90,0.11084064552315558,0
Trading & sales,Internal fraud,People,"Beijing,Liaoning",2014-04,1,3500000.0,3500000.0,3500000.0,3500000.0,0,1.0,2014-04-01,0.0,0.0,0.0,0.0,0.0,0.0,0.0,0.0,0.0,0.0,0.0,0.0,0.0,0.0,0.0,0.0,0.0,0.0,0.0,0.0,0.0,0.0,0.0,0.0,3500000.0,15.068273812173889,2014-06-30,0,0,0.0376175548589341,0.380653828929691,0.4594715629198387,0.0017913121361397,4,2,2014,90,0.042991266829841036,0
Trading & sales,Internal fraud,People,"Beijing,Shaanxi",2009-09,1,1820000.0,1820000.0,1820000.0,1820000.0,0,1.0,2009-09-01,0.0,0.0,0.0,0.0,0.0,0.0,0.0,0.0,0.0,0.0,0.0,0.0,0.0,0.0,0.0,0.0,0.0,0.0,0.0,0.0,0.0,0.0,0.0,0.0,1820000.0,14.414347608503377,2009-11-30,0,0,0.0376175548589341,0.380653828929691,0.4594715629198387,0.0026869682042095,9,3,2009,90,0.04715368480135963,0
Trading & sales,Internal fraud,People,"Beijing,Shanghai,Henan",2018-06,1,500000.0,500000.0,500000.0,500000.0,0,1.0,2018-06-01,0.0,0.0,0.0,0.0,0.0,0.0,0.0,0.0,0.0,0.0,0.0,0.0,0.0,0.0,0.0,0.0,0.0,0.0,0.0,0.0,0.0,0.0,0.0,0.0,500000.0,13.122365377402328,2018-08-30,0,0,0.0376175548589341,0.380653828929691,0.4594715629198387,0.0008956560680698,6,2,2018,90,0.03095406047465017,0
Trading & sales,Internal fraud,People,"Beijing,Shanxi",2013-02,1,29800000.0,29800000.0,29800000.0,29800000.0,1,1.0,2013-02-01,0.0,0.0,0.0,0.0,0.0,0.0,0.0,0.0,0.0,0.0,0.0,0.0,0.0,0.0,0.0,0.0,0.0,0.0,0.0,0.0,0.0,0.0,0.0,0.0,29800000.0,17.21001898503268,2013-05-02,0,0,0.0376175548589341,0.380653828929691,0.4594715629198387,0.0031347962382445,2,1,2013,90,0.08484239382351864,0
Trading & sales,Internal fraud,People,Gansu,2000-02,1,7960000.0,7960000.0,7960000.0,7960000.0,0,1.0,2000-02-01,0.0,0.0,0.0,0.0,0.0,0.0,0.0,0.0,0.0,0.0,0.0,0.0,0.0,0.0,0.0,0.0,0.0,0.0,0.0,0.0,0.0,0.0,0.0,0.0,7960000.0,15.8899396834487,2000-05-01,0,0,0.0376175548589341,0.380653828929691,0.4594715629198387,0.0076130765785938,2,1,2000,90,0.06218701245641899,0
Trading & sales,Internal fraud,People,Hainan,2015-06,1,20993500.0,20993500.0,20993500.0,20993500.0,1,1.0,2015-06-01,0.0,0.0,0.0,0.0,0.0,0.0,0.0,0.0,0.0,0.0,0.0,0.0,0.0,0.0,0.0,0.0,0.0,0.0,0.0,0.0,0.0,0.0,0.0,0.0,20993500.0,16.859723471599583,2015-08-30,0,0,0.0376175548589341,0.380653828929691,0.4594715629198387,0.0103000447828034,6,2,2015,90,0.07877545936172395,0
Trading & sales,Internal fraud,People,Hebei,2016-11,1,18200000.0,18200000.0,18200000.0,18200000.0,1,2.0,2016-11-01,0.0,0.0,0.0,0.0,0.0,0.0,0.0,0.0,0.0,0.0,0.0,0.0,0.0,0.0,0.0,0.0,0.0,0.0,0.0,0.0,0.0,0.0,0.0,0.0,18200000.0,16.716932206992077,2017-01-30,0,0,0.0376175548589341,0.380653828929691,0.4594715629198387,0.0111957008508732,11,4,2016,90,0.0628509546866475,0
Trading & sales,Internal fraud,People,Hubei,2000-06,1,18440000.0,18440000.0,18440000.0,18440000.0,1,1.0,2000-06-01,0.0,0.0,0.0,0.0,0.0,0.0,0.0,0.0,0.0,0.0,0.0,0.0,0.0,0.0,0.0,0.0,0.0,0.0,0.0,0.0,0.0,0.0,0.0,0.0,18440000.0,16.730032830322656,2000-08-30,0,0,0.0376175548589341,0.380653828929691,0.4594715629198387,0.0313479623824451,6,2,2000,90,0.059322748124509134,0
Trading & sales,Internal fraud,People,Hunan,2013-05,1,50000000.0,50000000.0,50000000.0,50000000.0,1,3.0,2013-05-01,0.0,0.0,0.0,0.0,0.0,0.0,0.0,0.0,0.0,0.0,0.0,0.0,0.0,0.0,0.0,0.0,0.0,0.0,0.0,0.0,0.0,0.0,0.0,0.0,50000000.0,17.72753358339242,2013-07-30,0,0,0.0376175548589341,0.380653828929691,0.4594715629198387,0.0277653381101656,5,2,2013,90,0.0739952040656224,0
Trading & sales,Internal fraud,People,Jiangsu,2013-09,1,11400000.0,11400000.0,11400000.0,11400000.0,1,1.0,2013-09-01,0.0,0.0,0.0,0.0,0.0,0.0,0.0,0.0,0.0,0.0,0.0,0.0,0.0,0.0,0.0,0.0,0.0,0.0,0.0,0.0,0.0,0.0,0.0,0.0,11400000.0,16.249124001084017,2013-11-30,0,0,0.0376175548589341,0.380653828929691,0.4594715629198387,0.032243618450515,9,3,2013,90,0.04603218896735882,0
Trading & sales,Internal fraud,People,Liaoning,1999-08,1,15070000.0,15070000.0,15070000.0,15070000.0,1,1.0,1999-08-01,0.0,0.0,0.0,0.0,0.0,0.0,0.0,0.0,0.0,0.0,0.0,0.0,0.0,0.0,0.0,0.0,0.0,0.0,0.0,0.0,0.0,0.0,0.0,0.0,15070000.0,16.528216636959677,1999-10-30,0,0,0.0376175548589341,0.380653828929691,0.4594715629198387,0.0291088222122704,8,3,1999,90,0.0692749141132555,0
Trading & sales,Internal fraud,People,Liaoning,2011-01,1,98600000.0,98600000.0,98600000.0,98600000.0,1,1.0,2011-01-01,1.0,15070000.0,1.0,0.0,0.0,0.0,0.0,0.0,0.0,0.0,0.0,0.0,0.0,0.0,0.0,1.0,15070000.0,1.0,1.0,15070000.0,1.0,1.0,15070000.0,1.0,98600000.0,18.40658182971485,2011-04-01,0,0,0.0376175548589341,0.380653828929691,0.4594715629198387,0.0291088222122704,1,1,2011,90,0.144380262704984,0
Trading & sales,Internal fraud,People,Liaoning,2016-07,1,950000.0,950000.0,950000.0,950000.0,0,1.0,2016-07-01,1.0,98600000.0,1.0,1.0,15070000.0,1.0,0.0,0.0,0.0,0.0,0.0,0.0,0.0,0.0,0.0,2.0,113670000.0,2.0,2.0,113670000.0,2.0,2.0,113670000.0,2.0,950000.0,13.76421831620775,2016-09-29,0,0,0.0376175548589341,0.380653828929691,0.4594715629198387,0.0291088222122704,7,3,2016,90,0.10870462806830328,0
Trading & sales,Internal fraud,People,"Shanghai,Jiangxi,Guangdong",2013-06,1,155130000.0,155130000.0,155130000.0,155130000.0,1,2.0,2013-06-01,0.0,0.0,0.0,0.0,0.0,0.0,0.0,0.0,0.0,0.0,0.0,0.0,0.0,0.0,0.0,0.0,0.0,0.0,0.0,0.0,0.0,0.0,0.0,0.0,155130000.0,18.85977403948672,2013-08-30,0,0,0.0376175548589341,0.380653828929691,0.4594715629198387,0.0004478280340349,6,2,2013,90,0.08181397313703967,0
Trading & sales,Internal fraud,People,"Shanghai,Shandong",2008-06,2,2254369600.0,1127184800.0,1127184800.0,2229000000.0,2,1.0,2008-06-01,0.0,0.0,0.0,0.0,0.0,0.0,0.0,0.0,0.0,0.0,0.0,0.0,0.0,0.0,0.0,0.0,0.0,0.0,0.0,0.0,0.0,0.0,0.0,0.0,1127184800.0,21.5361362147204,2008-08-30,0,0,0.0376175548589341,0.380653828929691,0.4594715629198387,0.0013434841021047,6,2,2008,90,0.10471128179805532,0
Trading & sales,Internal fraud,People,Shanxi,2005-09,1,5820000.0,5820000.0,5820000.0,5820000.0,0,0.0,2005-09-01,0.0,0.0,0.0,0.0,0.0,0.0,0.0,0.0,0.0,0.0,0.0,0.0,0.0,0.0,0.0,0.0,0.0,0.0,0.0,0.0,0.0,0.0,0.0,0.0,5820000.0,15.576810991528912,2005-11-30,0,0,0.0376175548589341,0.380653828929691,0.4594715629198387,0.0214957456336766,9,3,2005,90,0.049873157504405956,0
Trading & sales,Internal fraud,People,Sichuan,2019-01,1,400000.0,400000.0,400000.0,400000.0,0,0.0,2019-01-01,0.0,0.0,0.0,0.0,0.0,0.0,0.0,0.0,0.0,0.0,0.0,0.0,0.0,0.0,0.0,0.0,0.0,0.0,0.0,0.0,0.0,0.0,0.0,0.0,400000.0,12.899222326086994,2019-04-01,0,0,0.0376175548589341,0.380653828929691,0.4594715629198387,0.0273175100761307,1,1,2019,90,0.04760716806755331,0
