business_line,event_type,causal_factor,province_occurred,year_month,future_high_loss,RandomForest_pred_proba,RandomForest_pred_flag,LogisticRegression_pred_proba,LogisticRegression_pred_flag,ExtraTrees_pred_proba,ExtraTrees_pred_flag
Agency services,Business disruption and system failures,System,Guangdong,2008-02,0,0.032840834567955286,0,0.42472767799209865,0,0.08533086075081409,0
Agency services,"Clients, products & business practices",People,Beijing,2015-05,0,0.030563648522686407,0,0.4244642720751523,0,0.06386526570692608,0
Agency services,"Clients, products & business practices",People,Hainan,2009-10,0,0.11525070466330377,0,0.4246856569529857,0,0.13611660292359876,0
Agency services,"Execution, delivery & process management",External event,Shanghai,2010-08,0,0.11536231148072379,0,0.4246511897216897,0,0.19181739177516438,0
Agency services,"Execution, delivery & process management",People,Hebei,2003-07,0,0.05586321524876215,0,0.42491018432995215,0,0.08532407712886904,0
Agency services,"Execution, delivery & process management",People,Shandong,2006-01,0,0.09725519304229588,0,0.4247960391305253,0,0.12177022471451406,0
Agency services,"Execution, delivery & process management",Process,Shanghai,2006-04,0,0.059017520384041795,0,0.42478875884254347,0,0.146581052321671,0
Agency services,"Execution, delivery & process management",Process,Zhejiang,2018-10,0,0.02589299536813753,0,0.4243240210733603,0,0.07518725000387033,0
Agency services,Internal fraud,People,Gansu,2007-01,0,0.06280110873643784,0,0.4246735377607505,0,0.23983579227788282,0
Agency services,Internal fraud,People,Guangdong,2004-08,0,0.04982343184997796,0,0.42473899114936103,0,0.24141076845925516,0
Agency services,Internal fraud,People,Guizhou,2000-05,0,0.07456733897152393,0,0.42497702262723286,0,0.25737886784286895,0
Agency services,Internal fraud,People,Liaoning,2005-07,0,0.05901400444876693,0,0.42477036691048564,0,0.19580202480612877,0
Agency services,Internal fraud,People,Shandong,2008-01,0,0.06689942921316731,0,0.4247220834274194,0,0.22956569851635475,0
Agency services,Internal fraud,People,"Yunnan,Ningxia",2013-07,0,0.112035800778906,0,0.37708515543848287,0,0.2830678742423828,0
Asset management,Business disruption and system failures,System,Beijing,2016-11,0,0.022926452743031945,0,0.424021759243111,0,0.09208545186418748,0
Asset management,Business disruption and system failures,System,"Henan,Guangxi",2017-11,0,0.014773763425677463,0,0.42438421965846934,0,0.05690462544069845,0
Asset management,"Clients, products & business practices",External event,Anhui,2018-07,0,0.02206248291619392,0,0.4243479899358655,0,0.0562811695272039,0
Asset management,"Clients, products & business practices",External event,Beijing,2019-04,0,0.0344946595235261,0,0.09662349575628403,0,0.0852942667193835,0
Asset management,"Clients, products & business practices",External event,"Beijing,Shanghai,Jiangsu,Chongqing,Hongkong",2012-11,0,0.03243561917907683,0,0.4125621195817677,0,0.04596929061411208,0
Asset management,"Clients, products & business practices",External event,Fujian,2011-04,0,0.03142682670171649,0,0.42461347663507165,0,0.07097816145488893,0
Asset management,"Clients, products & business practices",People,Anhui,2018-11,0,0.016737408302917006,0,0.4243393731961645,0,0.047240580635802255,0
Asset management,"Clients, products & business practices",People,Beijing,2017-08,0,0.011131928479956522,0,0.42438470980676896,0,0.060108763981669984,0
Asset management,"Clients, products & business practices",People,Beijing,2017-11,0,0.021258418593615967,0,0.42448122089141344,0,0.056566369218480426,0
Asset management,"Clients, products & business practices",People,Beijing,2017-12,0,0.030048561771574535,0,0.4244950948467389,0,0.09193011449672167,0
Asset management,"Clients, products & business practices",People,Beijing,2018-04,0,0.01814515932201772,0,0.42428079363733734,0,0.11151455324849166,0
Asset management,"Clients, products & business practices",People,"Beijing,Guangxi",2017-11,0,0.020106749797420703,0,0.42432585806706014,0,0.04578975550592095,0
Asset management,"Clients, products & business practices",People,"Beijing,Hebei,Jiangsu,Hunan,Guangdong,Gansu",2018-01,0,0.028895469426199524,0,0.42310766679657813,0,0.05119020122843813,0
Asset management,"Clients, products & business practices",People,"Beijing,Henan",2018-01,0,0.020030951800797146,0,0.4243412053494806,0,0.04564314735776071,0
Asset management,"Clients, products & business practices",People,"Beijing,Hubei",2017-11,0,0.012569447829182767,0,0.4243821546663375,0,0.046814531430849356,0
Asset management,"Clients, products & business practices",People,"Beijing,Hubei",2017-12,0,0.01939026774600446,0,0.424478367474149,0,0.04790218443729785,0
Asset management,"Clients, products & business practices",People,"Beijing,Hubei",2019-05,0,0.03547550899177336,0,0.424882660097686,0,0.09691979897297841,0
Asset management,"Clients, products & business practices",People,"Beijing,Jilin",2017-11,0,0.017282044088808735,0,0.4243802381826161,0,0.0479950578673627,0
Asset management,"Clients, products & business practices",People,"Beijing,Shanghai,Guangxi",2017-11,0,0.016849740415249122,0,0.4243763285491944,0,0.04852379349954661,0
Asset management,"Clients, products & business practices",People,"Beijing,Tianjin,Jiangsu",2019-09,0,0.013686461282457794,0,0.4242989487844992,0,0.04822422301273058,0
Asset management,"Clients, products & business practices",People,"Beijing,Tianjin,Jilin",2017-01,0,0.016119633131523127,0,0.42438157812861504,0,0.04690822666638217,0
Asset management,"Clients, products & business practices",People,"Beijing,Zhejiang",2017-12,0,0.028070094628690062,0,0.42433732185573386,0,0.041351208654904485,0
Asset management,"Clients, products & business practices",People,Chongqing,2012-09,0,0.047505661122586966,0,0.42303063650821504,0,0.06024560220997643,0
Asset management,"Clients, products & business practices",People,Chongqing,2017-06,0,0.03369858808972783,0,0.4428570240525501,0,0.11756903165243882,0
Asset management,"Clients, products & business practices",People,Chongqing,2017-07,0,0.029180268867870833,0,0.444902735487855,0,0.15010875412563376,0
Asset management,"Clients, products & business practices",People,Chongqing,2017-09,0,0.0785618596795019,0,0.3250325273336317,0,0.12579165852905155,0
Asset management,"Clients, products & business practices",People,Guangxi,2017-07,0,0.011131928479956522,0,0.42438290095659154,0,0.04930640946255719,0
Asset management,"Clients, products & business practices",People,Guangxi,2018-12,0,0.0038793788540216014,0,0.4244623495642349,0,0.05042622174710403,0
Asset management,"Clients, products & business practices",People,Hebei,2018-12,0,0.022724795606519244,0,0.42435208451849066,0,0.039743267408911945,0
Asset management,"Clients, products & business practices",People,Heilongjiang,2017-11,0,0.020817193691209792,0,0.4243802365341984,0,0.04529517812688502,0
Asset management,"Clients, products & business practices",People,Henan,2018-02,0,0.012796735325833858,0,0.4243215955541459,0,0.06581625679652914,0
Asset management,"Clients, products & business practices",People,Henan,2018-07,0,0.036217763179425044,0,0.42473090894679866,0,0.05930360670238892,0
Asset management,"Clients, products & business practices",People,Henan,2018-12,0,0.047660564815823786,0,0.42377483443307545,0,0.08460851707808276,0
Asset management,"Clients, products & business practices",People,Henan,2019-01,0,0.12051135648073197,0,0.42252612390953076,0,0.13989008090433047,0
Asset management,"Clients, products & business practices",People,Henan,2019-05,1,0.08036336225446437,0,0.4236992613261755,0,0.16710817998857783,0
Asset management,"Clients, products & business practices",People,Henan,2019-06,0,0.18753735217678863,0,0.42003111768721785,0,0.16806907293931872,0
Asset management,"Clients, products & business practices",People,"Inner mongolia,Inner mongolia",2018-12,0,0.02008917703496743,0,0.42433925866234556,0,0.046496670525091266,0
Asset management,"Clients, products & business practices",People,"Inner mongolia,Inner mongolia",2019-03,0,0.005448340866507748,0,0.424492089683451,0,0.06361668903660092,0
Asset management,"Clients, products & business practices",People,"Inner mongolia,Jiangsu,Henan,Inner mongolia",2019-03,0,0.019678342260331213,0,0.4240431109069421,0,0.051769115868697944,0
Asset management,"Clients, products & business practices",People,Jiangsu,2017-06,0,0.010351606172916658,0,0.4243811604691136,0,0.056863030912163735,0
Asset management,"Clients, products & business practices",People,Jiangsu,2017-08,0,0.002253896422063303,0,0.4245209815294335,0,0.06695707950350126,0
Asset management,"Clients, products & business practices",People,Jiangxi,2017-09,0,0.013574129170125678,0,0.4243767081761777,0,0.047565053079653766,0
Asset management,"Clients, products & business practices",People,Jilin,2017-06,0,0.0182635212530849,0,0.4243733520936114,0,0.0734172843943295,0
Asset management,"Clients, products & business practices",People,Jilin,2017-07,0,0.005448340866507748,0,0.42461505605609917,0,0.08024705581597659,0
Asset management,"Clients, products & business practices",People,Jilin,2017-09,0,0.048565771151605666,0,0.42472157802311655,0,0.09639857387241317,0
Asset management,"Clients, products & business practices",People,Jilin,2019-05,0,0.023050833081205663,0,0.42328670190598794,0,0.11186463591924531,0
Asset management,"Clients, products & business practices",People,Liaoning,2019-04,0,0.011764435270718167,0,0.42429985404472825,0,0.046947878419334475,0
Asset management,"Clients, products & business practices",People,Shaanxi,2017-09,0,0.018343593089518627,0,0.42327214787673223,0,0.04292923643222533,0
Asset management,"Clients, products & business practices",People,Shandong,2017-08,0,0.01915382064573626,0,0.4238648363110954,0,0.060007288175569044,0
Asset management,"Clients, products & business practices",People,Shanghai,2002-11,0,0.029046559505069507,0,0.42459517256348805,0,0.08559262912232103,0
Asset management,"Clients, products & business practices",People,Shanghai,2018-12,0,0.0038793788540216014,0,0.42851261345266206,0,0.07112693786817666,0
Asset management,"Clients, products & business practices",People,Shanghai,2019-05,0,0.024734806217372996,0,0.4289720124053363,0,0.09603820602093248,0
Asset management,"Clients, products & business practices",People,"Shanghai,Hunan",2015-12,0,0.016849740415249122,0,0.42444985352528547,0,0.04819548602025345,0
Asset management,"Clients, products & business practices",People,"Shanghai,Jiangsu",2017-02,0,0.012360468750032404,0,0.4243739197264357,0,0.04770011355569636,0
Asset management,"Clients, products & business practices",People,Shanxi,2017-12,0,0.01762274924676535,0,0.4243840070241998,0,0.04958140410535974,0
Asset management,"Clients, products & business practices",People,Sichuan,2017-12,0,0.023684348065695866,0,0.4243606458558143,0,0.053800465582433704,0
Asset management,"Clients, products & business practices",People,Yunnan,2018-03,0,0.021816562783831553,0,0.4243421802908951,0,0.046245507395150404,0
Asset management,"Clients, products & business practices",People,Yunnan,2019-06,0,0.015566758053950025,0,0.4245203155420525,0,0.07158176116867528,0
Asset management,"Clients, products & business practices",Process,Anhui,2018-11,0,0.005649970384769176,0,0.4243471978636388,0,0.030648080791418078,0
Asset management,"Clients, products & business practices",Process,Beijing,2017-05,0,0.004280201681807052,0,0.4243852376938944,0,0.07739763571564566,0
Asset management,"Clients, products & business practices",Process,Beijing,2017-09,0,0.009181117384827782,0,0.424221788787607,0,0.08781310834710361,0
Asset management,"Clients, products & business practices",Process,Beijing,2017-12,0,0.030565996336705262,0,0.42029738108136155,0,0.13591540923006987,0
Asset management,"Clients, products & business practices",Process,Beijing,2018-01,0,0.041155359700176246,0,0.42478719385455066,0,0.24038597320264846,0
Asset management,"Clients, products & business practices",Process,Beijing,2018-05,0,0.037476654478486186,0,0.42419279160171414,0,0.2199471188904982,0
Asset management,"Clients, products & business practices",Process,Beijing,2018-07,0,0.036547262310336066,0,0.41978004963529897,0,0.20469633983334284,0
Asset management,"Clients, products & business practices",Process,Beijing,2018-08,0,0.03585085893861319,0,0.42490139268612814,0,0.23236744629055744,0
Asset management,"Clients, products & business practices",Process,Beijing,2018-09,0,0.04663045462397516,0,0.42547308038971104,0,0.22624812100502287,0
Asset management,"Clients, products & business practices",Process,Beijing,2018-11,0,0.0670676870504444,0,0.426701411363034,0,0.25125202708896033,0
Asset management,"Clients, products & business practices",Process,Beijing,2018-12,0,0.05510327334939113,0,0.4254147032231029,0,0.17847250821695185,0
Asset management,"Clients, products & business practices",Process,Beijing,2019-03,0,0.12060631302197278,0,0.42582810538598437,0,0.23748928405211392,0
Asset management,"Clients, products & business practices",Process,Beijing,2019-04,0,0.1326660346587836,0,0.4261474409236192,0,0.24804300710894897,0
Asset management,"Clients, products & business practices",Process,Beijing,2019-05,0,0.07196284835644445,0,0.4258703911321113,0,0.23375373655581433,0
Asset management,"Clients, products & business practices",Process,Beijing,2019-06,0,0.0682137935866297,0,0.4252983378325535,0,0.19810880934878586,0
Asset management,"Clients, products & business practices",Process,Beijing,2019-07,0,0.09944174520632448,0,0.42673374167553835,0,0.20441909374435038,0
Asset management,"Clients, products & business practices",Process,"Beijing,Fujian",2019-03,0,0.011106510631676432,0,0.42235741696276424,0,0.04992374137875147,0
Asset management,"Clients, products & business practices",Process,"Beijing,Gansu",2017-06,0,0.004263732252645102,0,0.4243919440995852,0,0.0429254260474726,0
Asset management,"Clients, products & business practices",Process,"Beijing,Guizhou",2018-12,0,0.008751802911972998,0,0.4243355403280466,0,0.035243874372742436,0
Asset management,"Clients, products & business practices",Process,"Beijing,Heilongjiang",2019-04,0,0.005657671646584496,0,0.4243167695466849,0,0.05023547273780102,0
Asset management,"Clients, products & business practices",Process,"Beijing,Henan",2018-08,0,0.00820613268658747,0,0.42433604759404403,0,0.03914012561397174,0
Asset management,"Clients, products & business practices",Process,"Beijing,Hubei",2017-12,0,0.020062589012467172,0,0.42437810700542605,0,0.03516549271541341,0
Asset management,"Clients, products & business practices",Process,"Beijing,Hubei",2018-12,0,0.04674579392838597,0,0.4244770875213578,0,0.06507994950410816,0
Asset management,"Clients, products & business practices",Process,"Beijing,Jilin",2018-05,0,0.012030070707827436,0,0.4233341590934207,0,0.053830427619950265,0
Asset management,"Clients, products & business practices",Process,"Beijing,Shanghai",2019-07,0,0.0712066407090457,0,0.4242993051578975,0,0.23782977703584507,0
Asset management,"Clients, products & business practices",Process,"Beijing,Shanxi",2017-06,0,0.004280201681807052,0,0.4243811472291016,0,0.04596006588450666,0
Asset management,"Clients, products & business practices",Process,"Beijing,Shanxi",2018-04,0,0.019786051021730686,0,0.42446137588625993,0,0.09992340700396446,0
Asset management,"Clients, products & business practices",Process,"Beijing,Shanxi",2018-09,0,0.018783289996412555,0,0.4248904268973588,0,0.12104717926587352,0
Asset management,"Clients, products & business practices",Process,"Beijing,Tianjin",2019-04,0,0.005674141075746446,0,0.42431158046235157,0,0.05232016624945686,0
Asset management,"Clients, products & business practices",Process,"Beijing,Tianjin,Hebei,Shanghai,Anhui,Shandong,Hunan,Guangdong,Sichuan",2015-11,0,0.012866303250097627,0,0.424387594948441,0,0.03285032227751841,0
Asset management,"Clients, products & business practices",Process,"Beijing,Tianjin,Shanghai,Hunan",2016-03,0,0.011614287422194301,0,0.42436020911183203,0,0.04615306867156805,0
Asset management,"Clients, products & business practices",Process,"Beijing,Xinjiang",2018-09,0,0.008751802911972998,0,0.4243358872277311,0,0.03903183853112133,0
Asset management,"Clients, products & business practices",Process,"Beijing,Zhejiang",2018-06,0,0.019340187127533656,0,0.42431893601888754,0,0.04642127903218061,0
Asset management,"Clients, products & business practices",Process,Chongqing,2019-04,0,0.018271380256581548,0,0.4243037873541798,0,0.0538299198723539,0
Asset management,"Clients, products & business practices",Process,Guangdong,2019-04,0,0.016515029336691092,0,0.4237939982142469,0,0.059186544855666864,0
Asset management,"Clients, products & business practices",Process,Guangxi,2018-07,0,0.02422611844345113,0,0.42434179104528186,0,0.03836474219875678,0
Asset management,"Clients, products & business practices",Process,Hainan,2018-10,0,0.06781491422500062,0,0.4208241819947083,0,0.0604754850855436,0
Asset management,"Clients, products & business practices",Process,Hebei,2018-12,0,0.023002807994514686,0,0.42419222374788274,0,0.027135945628252802,0
Asset management,"Clients, products & business practices",Process,Henan,2018-07,0,0.04105199321018176,0,0.424316777862649,0,0.04762196795372325,0
Asset management,"Clients, products & business practices",Process,Henan,2018-08,0,0.013436830302424952,0,0.41627638112585014,0,0.0643462666429398,0
Asset management,"Clients, products & business practices",Process,Henan,2018-09,0,0.0753220622225853,0,0.425887624829123,0,0.1009976641268123,0
Asset management,"Clients, products & business practices",Process,Hubei,2011-02,0,0.03238586610808803,0,0.4246159814833151,0,0.040332060599894935,0
Asset management,"Clients, products & business practices",Process,Hubei,2019-06,0,0.007818943430801174,0,0.4243000368410516,0,0.07550361572480577,0
Asset management,"Clients, products & business practices",Process,"Inner mongolia,Inner mongolia",2018-09,0,0.005606194214232441,0,0.4243456575590227,0,0.03795202632454855,0
Asset management,"Clients, products & business practices",Process,Jiangsu,2019-05,0,0.00927929023302746,0,0.4243035810015261,0,0.0502343342645748,0
Asset management,"Clients, products & business practices",Process,Jilin,2017-09,0,0.013684015863482663,0,0.42438453520306246,0,0.04405033616014342,0
Asset management,"Clients, products & business practices",Process,Jilin,2017-12,0,0.014129687333397728,0,0.4239700373369549,0,0.06514066228465044,0
Asset management,"Clients, products & business practices",Process,Jilin,2018-07,0,0.10268200985760341,0,0.424648522190153,0,0.10817406375514589,0
Asset management,"Clients, products & business practices",Process,Jilin,2018-10,0,0.023678325280899214,0,0.4245339448313534,0,0.10656499073240597,0
Asset management,"Clients, products & business practices",Process,Liaoning,2018-10,0,0.010121581398470728,0,0.42433566458004407,0,0.02918702460627775,0
Asset management,"Clients, products & business practices",Process,Liaoning,2019-04,0,0.02004930034959912,0,0.42453005830728,0,0.0872500433998991,0
Asset management,"Clients, products & business practices",Process,Liaoning,2019-06,0,0.025893466504697333,0,0.4247940404360889,0,0.11642808000145662,0
Asset management,"Clients, products & business practices",Process,Shaanxi,2017-09,0,0.005606194214232441,0,0.4243833511037888,0,0.034070728456799405,0
Asset management,"Clients, products & business practices",Process,Shandong,2018-05,0,0.06111624590341832,0,0.4243171539552854,0,0.05792032380997038,0
Asset management,"Clients, products & business practices",Process,Shandong,2019-03,0,0.0056055077736746565,0,0.42476596012038387,0,0.09319468788308914,0
Asset management,"Clients, products & business practices",Process,Shandong,2019-06,0,0.02197000864950971,0,0.4249754155232109,0,0.1240042399276592,0
Asset management,"Clients, products & business practices",Process,Shanghai,2010-09,0,0.027013716644340414,0,0.424629665562072,0,0.0644726051020945,0
Asset management,"Clients, products & business practices",Process,Shanghai,2015-12,0,0.012167671359086675,0,0.42469465839438897,0,0.07522927262497288,0
Asset management,"Clients, products & business practices",Process,Shanghai,2018-03,0,0.13123644023328207,0,0.42479136345588453,0,0.14600341206060619,0
Asset management,"Clients, products & business practices",Process,"Shanghai,Anhui",2017-09,0,0.008751802911972998,0,0.42437669561553804,0,0.03903183853112133,0
Asset management,"Clients, products & business practices",Process,Shanxi,2018-10,0,0.008844414829213618,0,0.42434347752435564,0,0.04119663578194729,0
Asset management,"Clients, products & business practices",Process,Shanxi,2019-06,0,0.018451388902331806,0,0.4242712108226245,0,0.08337430535778317,0
Asset management,"Clients, products & business practices",Process,Tianjin,2018-07,0,0.010059612540067321,0,0.42434006318069667,0,0.035232154739548036,0
Asset management,"Clients, products & business practices",Process,"Tianjin,Shanghai",2015-02,0,0.05569426153088699,0,0.42442842530727365,0,0.04803613754631382,0
Asset management,"Clients, products & business practices",Process,Xinjiang,2018-09,0,0.008751802911972998,0,0.42433588678360834,0,0.03738020755478605,0
Asset management,"Clients, products & business practices",Process,Yunnan,2018-07,0,0.008811083446626131,0,0.424344062984577,0,0.03781845829641855,0
Asset management,"Clients, products & business practices",Process,Zhejiang,2017-12,0,0.014158981564778118,0,0.4243567071097577,0,0.049218418287924594,0
Asset management,"Clients, products & business practices",Process,Zhejiang,2018-03,0,0.007968016229716246,0,0.4237540463876442,0,0.10512786951299243,0
Asset management,"Clients, products & business practices",Process,Zhejiang,2018-08,0,0.05944878941823248,0,0.42505340427406796,0,0.10972229962278507,0
Asset management,Damage to physical assets,External event,Anhui,2011-03,0,0.02044785336774227,0,0.42461455912021817,0,0.11440134758997741,0
Asset management,Damage to physical assets,System,Anhui,2017-07,0,0.007504717420713609,0,0.4243848756343979,0,0.06158214245216215,0
Asset management,"Execution, delivery & process management",External event,Beijing,2016-12,0,0.02676153943835438,0,0.4237520908639636,0,0.12210137117610957,0
Asset management,"Execution, delivery & process management",External event,Shaanxi,2018-07,0,0.01610028518676034,0,0.42434593975470875,0,0.1036319917298054,0
Asset management,"Execution, delivery & process management",People,Anhui,2018-11,0,0.01903268247614409,0,0.42434529506040247,0,0.07240967903622032,0
Asset management,"Execution, delivery & process management",People,Anhui,2019-09,0,0.006815219009264258,0,0.4244220573189686,0,0.08590311510613736,0
Asset management,"Execution, delivery & process management",People,Beijing,2017-06,0,0.020191630998075305,0,0.42384812441543285,0,0.10218229438681423,0
Asset management,"Execution, delivery & process management",People,Beijing,2017-09,0,0.016165268945879944,0,0.4247073589139326,0,0.13691891067855685,0
Asset management,"Execution, delivery & process management",People,Beijing,2017-11,0,0.05295306060758856,0,0.42457552196217585,0,0.15315681534712092,0
Asset management,"Execution, delivery & process management",People,Beijing,2018-01,0,0.21805294655188276,0,0.41852495386675,0,0.26871339305815856,0
Asset management,"Execution, delivery & process management",People,Beijing,2018-08,0,0.05738906840096553,0,0.42552775163662077,0,0.2317920904129519,0
Asset management,"Execution, delivery & process management",People,Beijing,2018-10,0,0.05532672971058053,0,0.4250323412245021,0,0.2226166790290632,0
Asset management,"Execution, delivery & process management",People,Beijing,2019-06,0,0.08788083740276736,0,0.41896624889100026,0,0.2994745787089975,0
Asset management,"Execution, delivery & process management",People,Beijing,2019-07,0,0.07564055083269135,0,0.4241026840384277,0,0.2517517193865471,0
Asset management,"Execution, delivery & process management",People,Beijing,2019-09,0,0.08010377795457926,0,0.4266000307374553,0,0.29152422395895616,0
Asset management,"Execution, delivery & process management",People,"Beijing,Jiangxi",2019-09,0,0.012256349057369926,0,0.42431073757760407,0,0.078096297755633,0
Asset management,"Execution, delivery & process management",People,"Beijing,Jilin",2018-08,0,0.02062336639211843,0,0.4243380164980198,0,0.0790291621870018,0
Asset management,"Execution, delivery & process management",People,"Beijing,Jilin",2019-07,0,0.006269548783878731,0,0.424514319272585,0,0.09985874345573825,0
Asset management,"Execution, delivery & process management",People,"Beijing,Shandong",2017-12,0,0.029694430365876337,0,0.42429278913809265,0,0.0727201073838664,0
Asset management,"Execution, delivery & process management",People,"Beijing,Shanxi",2017-06,0,0.012398272255003832,0,0.42438509579805667,0,0.08317068850583481,0
Asset management,"Execution, delivery & process management",People,"Beijing,Sichuan",2018-07,0,0.0117106788319844,0,0.42434796692576876,0,0.07806226816468435,0
Asset management,"Execution, delivery & process management",People,"Beijing,Tibet",2018-10,0,0.02302002044033494,0,0.42432785999728256,0,0.07316671050581317,0
Asset management,"Execution, delivery & process management",People,"Beijing,Zhejiang",2017-12,0,0.031201164431873464,0,0.42437227354850776,0,0.0757302295306385,0
Asset management,"Execution, delivery & process management",People,Chongqing,2019-04,0,0.018048440310935332,0,0.4242920806723939,0,0.08463946375991019,0
Asset management,"Execution, delivery & process management",People,Guizhou,2019-03,0,0.022997213314120857,0,0.42430008418215664,0,0.10587045639394041,0
Asset management,"Execution, delivery & process management",People,Guizhou,2019-04,0,0.019853165760946968,0,0.424530037461182,0,0.1380778456503628,0
Asset management,"Execution, delivery & process management",People,Hainan,2017-08,0,0.06506718528953308,0,0.4243827490462349,0,0.14052486334806033,0
Asset management,"Execution, delivery & process management",People,Hainan,2018-10,0,0.04720439047931998,0,0.4243308170384083,0,0.13395154410144947,0
Asset management,"Execution, delivery & process management",People,Hebei,2018-12,0,0.040889299984214256,0,0.4242965892407637,0,0.07394603939214321,0
Asset management,"Execution, delivery & process management",People,Hubei,2018-07,0,0.016162149819511987,0,0.4243245580905887,0,0.0731362452191517,0
Asset management,"Execution, delivery & process management",People,Jiangxi,2019-07,0,0.013509264443299508,0,0.4243110578602234,0,0.073639691167628,0
Asset management,"Execution, delivery & process management",People,"Jiangxi,Shandong",2017-09,0,0.011364876189152872,0,0.4243845543605278,0,0.0768066986527454,0
Asset management,"Execution, delivery & process management",People,Jilin,2019-04,0,0.024773899334254404,0,0.4243184694893529,0,0.11839311958116312,0
Asset management,"Execution, delivery & process management",People,Liaoning,2016-06,0,0.04380345235562487,0,0.4230767305989659,0,0.07041064106175292,0
Asset management,"Execution, delivery & process management",People,Ningxia,2019-10,0,0.01543974180925766,0,0.42430658890120715,0,0.07743073506725923,0
Asset management,"Execution, delivery & process management",People,Shandong,2017-08,0,0.013509264443299508,0,0.4243827447186333,0,0.0842943653227239,0
Asset management,"Execution, delivery & process management",People,Shandong,2019-05,0,0.011546667427886905,0,0.4244149488273227,0,0.10761797985026711,0
Asset management,"Execution, delivery & process management",People,Shandong,2019-10,0,0.03494505879191496,0,0.4246483161359583,0,0.12942782878095327,0
Asset management,"Execution, delivery & process management",People,"Shanghai,Sichuan",2019-06,0,0.040148672613868085,0,0.4242684736584946,0,0.08537645185896192,0
Asset management,"Execution, delivery & process management",People,Shanxi,2019-03,0,0.014860660806113563,0,0.4243118215477925,0,0.09125086135902959,0
Asset management,"Execution, delivery & process management",People,Sichuan,2016-08,0,0.015129454123350051,0,0.4244176978821246,0,0.08794416490566134,0
Asset management,"Execution, delivery & process management",People,Sichuan,2018-08,0,0.008857141197893518,0,0.42448604607133195,0,0.1078213334161795,0
Asset management,"Execution, delivery & process management",People,Tibet,2018-10,0,0.029827914277775733,0,0.4243265552125459,0,0.071041656739875,0
Asset management,"Execution, delivery & process management",People,Yunnan,2019-06,0,0.02500873574667848,0,0.42429958561826275,0,0.08609672570099108,0
Asset management,"Execution, delivery & process management",People,Zhejiang,2016-11,0,0.020940141091656816,0,0.4244089919160204,0,0.08321922836488022,0
Asset management,"Execution, delivery & process management",People,Zhejiang,2019-06,0,0.025243732913496273,0,0.42449089458567235,0,0.10381938447232163,0
Asset management,"Execution, delivery & process management",People,Zhejiang,2019-07,0,0.12071676810972663,0,0.4251333851864691,0,0.15686017144868047,0
Asset management,"Execution, delivery & process management",Process,Anhui,2018-12,0,0.016057626564080395,0,0.42435106156569075,0,0.07063465344831812,0
Asset management,"Execution, delivery & process management",Process,Beijing,2016-12,0,0.011603232068451649,0,0.4244189418192845,0,0.13280921097641368,0
Asset management,"Execution, delivery & process management",Process,Beijing,2017-07,0,0.03314862944083703,0,0.4245079327829697,0,0.18042598015889386,0
Asset management,"Execution, delivery & process management",Process,Beijing,2017-09,0,0.034729815440543044,0,0.4235159254365758,0,0.24418992353447805,0
Asset management,"Execution, delivery & process management",Process,Beijing,2017-10,0,0.03798675675609045,0,0.42354116062679714,0,0.26415591632802293,0
Asset management,"Execution, delivery & process management",Process,Beijing,2017-11,0,0.06675768018989683,0,0.42156931500888584,0,0.3215163196555555,0
Asset management,"Execution, delivery & process management",Process,Beijing,2017-12,0,0.10300150540364404,0,0.4239054321434974,0,0.4693574925755047,0
Asset management,"Execution, delivery & process management",Process,Beijing,2018-01,0,0.27385423294926314,0,0.4255295486000468,0,0.6656953128182957,1
Asset management,"Execution, delivery & process management",Process,Beijing,2018-03,1,0.6647720108519531,1,0.41912182363502015,0,0.7938423632341628,1
Asset management,"Execution, delivery & process management",Process,Beijing,2018-04,1,0.631984540899983,1,0.4258631707094078,0,0.787362455265683,1
Asset management,"Execution, delivery & process management",Process,Beijing,2018-05,0,0.2828416388945105,0,0.17280497499141773,0,0.5808814175416058,1
Asset management,"Execution, delivery & process management",Process,Beijing,2018-06,0,0.1643796009913552,0,0.4799971316698103,0,0.44930885276056814,0
Asset management,"Execution, delivery & process management",Process,Beijing,2018-07,0,0.10608537282802155,0,0.4908398131634336,0,0.37516183154873806,0
Asset management,"Execution, delivery & process management",Process,Beijing,2018-10,0,0.0913340639022413,0,0.16344352004556276,0,0.3534663581389354,0
Asset management,"Execution, delivery & process management",Process,Beijing,2018-11,0,0.08384705405100971,0,0.47477639943083944,0,0.414392430447212,0
Asset management,"Execution, delivery & process management",Process,Beijing,2018-12,0,0.11222500423917021,0,0.4753452744281299,0,0.3616769038896329,0
Asset management,"Execution, delivery & process management",Process,Beijing,2019-01,0,0.12370761615321714,0,0.6145452510361219,0,0.4990419408082802,0
Asset management,"Execution, delivery & process management",Process,Beijing,2019-04,0,0.1424954057548,0,0.49373954741534193,0,0.4297417245329131,0
Asset management,"Execution, delivery & process management",Process,Beijing,2019-05,0,0.07452876012306876,0,0.4890608264383757,0,0.47400721529873163,0
Asset management,"Execution, delivery & process management",Process,Beijing,2019-07,0,0.0667003466619693,0,0.49277197777587767,0,0.4159764553173349,0
Asset management,"Execution, delivery & process management",Process,Beijing,2019-08,0,0.10866550942741092,0,0.492504206415204,0,0.3710265371083889,0
Asset management,"Execution, delivery & process management",Process,Beijing,2019-09,0,0.07183140254281814,0,0.4886739587649219,0,0.3819698911484053,0
Asset management,"Execution, delivery & process management",Process,"Beijing,Chongqing",2019-02,0,0.019414802937050404,0,0.4243198638582378,0,0.11336491042374724,0
Asset management,"Execution, delivery & process management",Process,"Beijing,Chongqing",2019-06,0,0.02704827697716484,0,0.42431653028230554,0,0.2041771955220315,0
Asset management,"Execution, delivery & process management",Process,"Beijing,Fujian",2019-04,0,0.01088071462725027,0,0.42431760169560023,0,0.1207366567917775,0
Asset management,"Execution, delivery & process management",Process,"Beijing,Guangdong",2019-02,0,0.015130263203325353,0,0.42430018516110735,0,0.11483384846142504,0
Asset management,"Execution, delivery & process management",Process,"Beijing,Guizhou",2018-09,0,0.013594400611752053,0,0.424331999940128,0,0.09488753020730764,0
Asset management,"Execution, delivery & process management",Process,"Beijing,Hebei",2019-03,0,0.019180918658875824,0,0.4243157806391135,0,0.11304666468641664,0
Asset management,"Execution, delivery & process management",Process,"Beijing,Hebei",2019-09,0,0.011908954599779531,0,0.42436180515549465,0,0.14167093992640242,0
Asset management,"Execution, delivery & process management",Process,"Beijing,Heilongjiang",2018-08,0,0.013048730386366524,0,0.4243360539930367,0,0.0963878718143457,0
Asset management,"Execution, delivery & process management",Process,"Beijing,Henan",2018-07,0,0.017143928145648975,0,0.4242780255266822,0,0.09764823054004766,0
Asset management,"Execution, delivery & process management",Process,"Beijing,Henan",2018-08,0,0.02526314295231141,0,0.4252559608607485,0,0.15372292675935706,0
Asset management,"Execution, delivery & process management",Process,"Beijing,Henan",2018-12,0,0.20237561598122922,0,0.4255364276298389,0,0.234385510746921,0
Asset management,"Execution, delivery & process management",Process,"Beijing,Henan",2019-09,0,0.043207789456101355,0,0.42003771968546805,0,0.2172651841730025,0
Asset management,"Execution, delivery & process management",Process,"Beijing,Hubei",2017-12,0,0.012385572199774568,0,0.42438399843075825,0,0.08537713362933569,0
Asset management,"Execution, delivery & process management",Process,"Beijing,Hubei",2018-12,0,0.01847263305339693,0,0.4244354296371689,0,0.1373589274508536,0
Asset management,"Execution, delivery & process management",Process,"Beijing,Hubei",2019-04,0,0.03980402023407158,0,0.4245431665301113,0,0.31453406671827494,0
Asset management,"Execution, delivery & process management",Process,"Beijing,Jiangsu",2018-08,0,0.009903121688625966,0,0.4243438638649011,0,0.09788748607253366,0
Asset management,"Execution, delivery & process management",Process,"Beijing,Jiangsu",2019-09,0,0.0188380906525118,0,0.4239370277770284,0,0.1480987808279903,0
Asset management,"Execution, delivery & process management",Process,"Beijing,Jilin",2018-06,0,0.013736323809385957,0,0.42433643465551163,0,0.11680891116758518,0
Asset management,"Execution, delivery & process management",Process,"Beijing,Jilin",2018-07,0,0.013145284753147832,0,0.42456639310633076,0,0.16163419254656483,0
Asset management,"Execution, delivery & process management",Process,"Beijing,Jilin",2018-08,0,0.05053768146433001,0,0.42482665696489863,0,0.25503182664990076,0
Asset management,"Execution, delivery & process management",Process,"Beijing,Liaoning",2019-03,0,0.01793906918412193,0,0.4223297582024158,0,0.11851672992636075,0
Asset management,"Execution, delivery & process management",Process,"Beijing,Liaoning",2019-05,0,0.011893928642509152,0,0.42459622192440477,0,0.22047574507385442,0
Asset management,"Execution, delivery & process management",Process,"Beijing,Qinghai",2019-07,0,0.01116137547469857,0,0.42430445881319795,0,0.09432140738001286,0
Asset management,"Execution, delivery & process management",Process,"Beijing,Shaanxi",2018-05,0,0.010590715111645398,0,0.4243483340374238,0,0.12484874495671498,0
Asset management,"Execution, delivery & process management",Process,"Beijing,Shandong",2019-03,0,0.019811778546690598,0,0.4243059219125654,0,0.11580874205877917,0
Asset management,"Execution, delivery & process management",Process,"Beijing,Shandong",2019-04,0,0.01743230590809352,0,0.42445717315187803,0,0.20811511922503081,0
Asset management,"Execution, delivery & process management",Process,"Beijing,Shanghai",2016-12,0,0.15274503219437877,0,0.42438973992652496,0,0.3282781446298085,0
Asset management,"Execution, delivery & process management",Process,"Beijing,Shanghai",2018-03,1,0.06791845658371792,0,0.42480877832601166,0,0.4414153445439364,0
Asset management,"Execution, delivery & process management",Process,"Beijing,Shanghai",2018-04,1,0.5859293068351196,1,0.42491448319299663,0,0.6360750262795163,1
Asset management,"Execution, delivery & process management",Process,"Beijing,Shanghai",2018-05,0,0.1834796250525223,0,0.4200455267175375,0,0.4721422332682756,0
Asset management,"Execution, delivery & process management",Process,"Beijing,Shanghai",2018-06,0,0.05729016148816119,0,0.451833021887646,0,0.39200535632927197,0
Asset management,"Execution, delivery & process management",Process,"Beijing,Shanxi",2018-07,0,0.013048730386366524,0,0.42433621475552913,0,0.09937562066030352,0
Asset management,"Execution, delivery & process management",Process,"Beijing,Shanxi",2019-07,0,0.010782776297106245,0,0.42453729121292477,0,0.1495929857334132,0
Asset management,"Execution, delivery & process management",Process,"Beijing,Tianjin",2018-02,0,0.01361586017934366,0,0.42434494703028497,0,0.11790861452683418,0
Asset management,"Execution, delivery & process management",Process,"Beijing,Tianjin",2018-07,0,0.03083491403826311,0,0.4243892000859034,0,0.15748369469020398,0
Asset management,"Execution, delivery & process management",Process,"Beijing,Tibet",2019-01,0,0.034394671245769885,0,0.4243181433601759,0,0.12199536134518583,0
Asset management,"Execution, delivery & process management",Process,"Beijing,Xinjiang",2019-07,0,0.009903121688625966,0,0.42431389801352254,0,0.09314215849730628,0
Asset management,"Execution, delivery & process management",Process,"Beijing,Yunnan",2018-04,0,0.011984654505584794,0,0.4243445664194574,0,0.12419998542915285,0
Asset management,"Execution, delivery & process management",Process,"Beijing,Yunnan",2018-07,0,0.013145284753147832,0,0.42447640093932326,0,0.15322789695825434,0
Asset management,"Execution, delivery & process management",Process,"Beijing,Zhejiang",2018-01,0,0.020442739943723427,0,0.42434903613082636,0,0.12576424254961768,0
Asset management,"Execution, delivery & process management",Process,"Beijing,Zhejiang",2018-10,0,0.039928896481390405,0,0.4243271661602096,0,0.1464978789144227,0
Asset management,"Execution, delivery & process management",Process,Chongqing,2018-02,0,0.03374524296457924,0,0.4243567339885079,0,0.11088967273182762,0
Asset management,"Execution, delivery & process management",Process,Chongqing,2018-08,0,0.022224396481025508,0,0.42432543361120395,0,0.13736674120239792,0
Asset management,"Execution, delivery & process management",Process,Chongqing,2019-04,0,0.07642591777115706,0,0.42470373508793685,0,0.3025630670938458,0
Asset management,"Execution, delivery & process management",Process,Chongqing,2019-06,0,0.05817456002823318,0,0.4251422982240795,0,0.25421685030424795,0
Asset management,"Execution, delivery & process management",Process,Fujian,2017-11,0,0.01778496865625279,0,0.4243915206063591,0,0.07654700140229403,0
Asset management,"Execution, delivery & process management",Process,Guangdong,2006-04,0,0.04255570643334613,0,0.42477917723526326,0,0.12552551173141066,0
Asset management,"Execution, delivery & process management",Process,Guangdong,2019-06,0,0.011175938690268637,0,0.4245444100164665,0,0.16528180831706157,0
Asset management,"Execution, delivery & process management",Process,Guangxi,2017-07,0,0.009903121688625966,0,0.4243848608477567,0,0.09206182591242855,0
Asset management,"Execution, delivery & process management",Process,Guangxi,2018-08,0,0.009703852856480673,0,0.4236043661380464,0,0.13691000006595944,0
Asset management,"Execution, delivery & process management",Process,Guangxi,2018-09,0,0.04039983636375251,0,0.4245466564081299,0,0.22650764529634065,0
Asset management,"Execution, delivery & process management",Process,"Guangxi,Chongqing",2019-01,0,0.019561309634371783,0,0.4243003906087403,0,0.12535918583635663,0
Asset management,"Execution, delivery & process management",Process,Guizhou,2017-08,0,0.01759226871937854,0,0.424376863926805,0,0.10228863997019642,0
Asset management,"Execution, delivery & process management",Process,Hainan,2018-09,0,0.03699167545037947,0,0.42429319974108143,0,0.1242267734937943,0
Asset management,"Execution, delivery & process management",Process,Hainan,2019-05,0,0.05141127539524186,0,0.42503757383797774,0,0.20899717132987014,0
Asset management,"Execution, delivery & process management",Process,Hebei,2018-10,0,0.0638833382159957,0,0.4243162397726301,0,0.08931665190882482,0
Asset management,"Execution, delivery & process management",Process,Hebei,2019-04,0,0.03530891622231291,0,0.41467584135047947,0,0.21226155964676857,0
Asset management,"Execution, delivery & process management",Process,"Hebei,Shanghai",2019-04,0,0.01802334496433164,0,0.4242998490510002,0,0.1265188099368147,0
Asset management,"Execution, delivery & process management",Process,"Hebei,Shanxi",2018-06,0,0.020161493953411307,0,0.4243286527458185,0,0.11443202706961482,0
Asset management,"Execution, delivery & process management",Process,Heilongjiang,2017-11,0,0.014836297400764371,0,0.42362678270288934,0,0.07686344924926417,0
Asset management,"Execution, delivery & process management",Process,Henan,2014-12,0,0.014488616709109114,0,0.42443254502000394,0,0.09157801570113006,0
Asset management,"Execution, delivery & process management",Process,Henan,2018-08,0,0.012161038535473954,0,0.42306847549745163,0,0.13670558359317764,0
Asset management,"Execution, delivery & process management",Process,Henan,2018-09,0,0.13728100239132762,0,0.42545366883283525,0,0.21042747480835688,0
Asset management,"Execution, delivery & process management",Process,Henan,2018-12,0,0.05993751844248018,0,0.4198530242933899,0,0.20788313081582485,0
Asset management,"Execution, delivery & process management",Process,Henan,2019-01,0,0.1411852919235512,0,0.4247463142578517,0,0.28936633835778686,0
Asset management,"Execution, delivery & process management",Process,Henan,2019-04,0,0.038093274287377694,0,0.42051205093432326,0,0.3025913745819019,0
Asset management,"Execution, delivery & process management",Process,Hubei,2017-12,0,0.024568367347976006,0,0.423872086411439,0,0.073472565155311,0
Asset management,"Execution, delivery & process management",Process,Hubei,2019-05,0,0.010695231574105239,0,0.4246398945076941,0,0.1918058721453223,0
Asset management,"Execution, delivery & process management",Process,Hubei,2019-06,0,0.08941360132925649,0,0.42256337846413433,0,0.2571430299179963,0
Asset management,"Execution, delivery & process management",Process,"Inner mongolia,Inner mongolia",2017-11,0,0.02534861687968438,0,0.4243923191441988,0,0.07996127377595708,0
Asset management,"Execution, delivery & process management",Process,"Inner mongolia,Inner mongolia",2018-08,0,0.008383384285607809,0,0.4243504244700414,0,0.14479649856850005,0
Asset management,"Execution, delivery & process management",Process,"Inner mongolia,Inner mongolia",2019-03,0,0.07211321579262969,0,0.42439518387840536,0,0.3129072301078836,0
Asset management,"Execution, delivery & process management",Process,Jiangsu,2016-10,0,0.00888530043954474,0,0.42441725590770724,0,0.07792860876455526,0
Asset management,"Execution, delivery & process management",Process,Jiangsu,2017-11,0,0.009852703173508988,0,0.4245184709531225,0,0.12420165499856196,0
Asset management,"Execution, delivery & process management",Process,Jilin,2017-09,0,0.024604583212659938,0,0.4243865190208297,0,0.10476862252991487,0
Asset management,"Execution, delivery & process management",Process,Jilin,2018-07,0,0.017922281352323686,0,0.42441349494745806,0,0.14530268973556082,0
Asset management,"Execution, delivery & process management",Process,Ningxia,2019-10,0,0.013594400611752053,0,0.4242987654412218,0,0.09058394791521543,0
Asset management,"Execution, delivery & process management",Process,Qinghai,2017-08,0,0.03167787093024931,0,0.4220741547140504,0,0.08059569752105275,0
Asset management,"Execution, delivery & process management",Process,Qinghai,2019-08,0,0.06958527368842833,0,0.45207454447356316,0,0.18220462622224343,0
Asset management,"Execution, delivery & process management",Process,Shaanxi,2016-10,0,0.01049256808454823,0,0.4244212281711999,0,0.07763529207698483,0
Asset management,"Execution, delivery & process management",Process,Shaanxi,2019-04,0,0.012757223768333398,0,0.42441072003072733,0,0.1707739595684166,0
Asset management,"Execution, delivery & process management",Process,Shandong,2005-12,0,0.01844737322236754,0,0.4246989441662226,0,0.08655650587856803,0
Asset management,"Execution, delivery & process management",Process,Shandong,2017-08,0,0.012161038535473954,0,0.4252365473542838,0,0.13812448993471035,0
Asset management,"Execution, delivery & process management",Process,Shandong,2018-05,0,0.03312578466700696,0,0.4263767931659049,0,0.2503260722930969,0
Asset management,"Execution, delivery & process management",Process,Shandong,2019-03,0,0.13198924134148457,0,0.4152021007848792,0,0.30865315291076,0
Asset management,"Execution, delivery & process management",Process,Shandong,2019-05,0,0.12780418661859583,0,0.4246127155897048,0,0.3043755794002538,0
Asset management,"Execution, delivery & process management",Process,Shanghai,2016-04,0,0.02191043976737262,0,0.424418385123117,0,0.15585088121017354,0
Asset management,"Execution, delivery & process management",Process,Shanghai,2016-12,0,0.019007586746732873,0,0.4244892165124175,0,0.13807518372967573,0
Asset management,"Execution, delivery & process management",Process,Shanghai,2019-05,0,0.06156244792513269,0,0.4253713295337318,0,0.25989343791481667,0
Asset management,"Execution, delivery & process management",Process,Shanghai,2019-07,0,0.02306131804709909,0,0.4247686894416415,0,0.2191234972147613,0
Asset management,"Execution, delivery & process management",Process,"Shanghai,Anhui",2018-10,0,0.01795063067930673,0,0.42435138517944254,0,0.08501620477614619,0
Asset management,"Execution, delivery & process management",Process,"Shanghai,Chongqing",2018-03,0,0.015351426473848644,0,0.4243547298746146,0,0.11500397174717196,0
Asset management,"Execution, delivery & process management",Process,"Shanghai,Qinghai",2019-08,0,0.014378158691481785,0,0.4243014390256464,0,0.09432140738001286,0
Asset management,"Execution, delivery & process management",Process,"Shanghai,Yunnan",2019-08,0,0.02048894309660014,0,0.4242677665063588,0,0.09129650222150802,0
Asset management,"Execution, delivery & process management",Process,Shanxi,2018-06,0,0.015157419341516128,0,0.42435577992472245,0,0.1064495371392479,0
Asset management,"Execution, delivery & process management",Process,Shanxi,2018-10,0,0.010008866717566105,0,0.4243541816508047,0,0.13197434665815877,0
Asset management,"Execution, delivery & process management",Process,Shanxi,2019-07,0,0.03999665224006534,0,0.4244107022710464,0,0.24168383626075068,0
Asset management,"Execution, delivery & process management",Process,Sichuan,2019-02,0,0.025178478889905823,0,0.4243010110564251,0,0.12506698567896724,0
Asset management,"Execution, delivery & process management",Process,Tianjin,2019-03,0,0.016983743056805202,0,0.4243000683048002,0,0.11362197459820356,0
Asset management,"Execution, delivery & process management",Process,"Tianjin,Henan,Macao",2018-09,0,0.010448791914011496,0,0.4243452717656737,0,0.0947203852987364,0
Asset management,"Execution, delivery & process management",Process,"Tianjin,Shandong",2019-03,0,0.015130263203325353,0,0.424298121811832,0,0.11693922480977131,0
Asset management,"Execution, delivery & process management",Process,Xinjiang,2017-11,0,0.010899662517575988,0,0.4228678031678921,0,0.0839162465845675,0
Asset management,"Execution, delivery & process management",Process,Xinjiang,2018-11,0,0.01908376657127541,0,0.42425530406796275,0,0.1585246106720402,0
Asset management,"Execution, delivery & process management",Process,Yunnan,2018-07,0,0.013961514943322862,0,0.42433816365269394,0,0.09659911213395533,0
Asset management,"Execution, delivery & process management",Process,Zhejiang,2017-08,0,0.009903121688625966,0,0.4243847061966259,0,0.09671388648392125,0
Asset management,"Execution, delivery & process management",Process,Zhejiang,2018-03,0,0.013792530344596135,0,0.4244405945994275,0,0.18146860984150165,0
Asset management,"Execution, delivery & process management",Process,Zhejiang,2018-09,0,0.030824678043719366,0,0.4245398452784132,0,0.21791669063635485,0
Asset management,"Execution, delivery & process management",Process,Zhejiang,2018-12,0,0.03184849952619523,0,0.4238343542831861,0,0.2049468338108129,0
Asset management,External fraud,External event,"Beijing,Henan,Yunnan",1999-12,0,0.07401896249250112,0,0.4249754861312196,0,0.14594613709483165,0
Asset management,External fraud,External event,Gansu,2011-06,0,0.0753741035730736,0,0.42461248540280877,0,0.1853907083749219,0
Asset management,External fraud,External event,Heilongjiang,2011-08,0,0.06369302960040442,0,0.4246130811877577,0,0.15082867440176106,0
Asset management,External fraud,External event,Hubei,2018-10,0,0.028653030967088284,0,0.4243342821765327,0,0.13227797652658124,0
Asset management,External fraud,External event,Hunan,2015-10,0,0.04042880613762962,0,0.4243108455163319,0,0.1449138673731507,0
Asset management,External fraud,External event,Jiangsu,2011-01,0,0.07179825755302727,0,0.424592212700581,0,0.20778771603525456,0
Asset management,External fraud,External event,Liaoning,2002-07,0,0.04731552580882121,0,0.3943462401624157,0,0.12289865940797352,0
Asset management,External fraud,External event,Shanxi,2011-06,0,0.08401435282033243,0,0.42460026633914405,0,0.17380724017168292,0
Asset management,External fraud,External event,Tianjin,2007-08,0,0.08026925588737538,0,0.42475785176973585,0,0.16468086128171364,0
Asset management,Internal fraud,External event,"Beijing,Tianjin,Hebei",2016-07,0,0.04640319637693745,0,0.4234241629447341,0,0.1377476596165091,0
Asset management,Internal fraud,External event,Liaoning,2016-09,0,0.05316887160048824,0,0.4244155794812399,0,0.11409142307007185,0
Asset management,Internal fraud,External event,Shanghai,2013-12,0,0.07927313066794277,0,0.4227982104747506,0,0.15211194587591292,0
Asset management,Internal fraud,External event,"Zhejiang,Guangdong",2010-05,0,0.048285826876681134,0,0.4239163314398067,0,0.14092526846139725,0
Asset management,Internal fraud,People,Anhui,2013-09,0,0.04290370660662103,0,0.42441960939240797,0,0.15109605769030893,0
Asset management,Internal fraud,People,Anhui,2017-10,0,0.014487607822954735,0,0.4258151774811494,0,0.12965587034097667,0
Asset management,Internal fraud,People,Anhui,2018-05,0,0.06457151668987957,0,0.42594670754344965,0,0.1904185968582527,0
Asset management,Internal fraud,People,Anhui,2018-08,0,0.03123067468115561,0,0.41665907443666883,0,0.1935231000657056,0
Asset management,Internal fraud,People,Anhui,2018-12,0,0.046722626800553474,0,0.4256869074801039,0,0.19731686232680315,0
Asset management,Internal fraud,People,"Anhui,Sichuan",2018-03,0,0.03989341268832403,0,0.4243556137619872,0,0.13974143112185353,0
Asset management,Internal fraud,People,Beijing,2017-09,0,0.028704971450190103,0,0.41734131058702195,0,0.1390339984505902,0
Asset management,Internal fraud,People,Beijing,2017-11,0,0.02123906179428344,0,0.42553444103799676,0,0.17715880950632737,0
Asset management,Internal fraud,People,Beijing,2018-01,0,0.08822668783972963,0,0.42227687761023536,0,0.2170772245591853,0
Asset management,Internal fraud,People,Beijing,2018-03,0,0.09917197884198069,0,0.41858631397660656,0,0.3131091075164759,0
Asset management,Internal fraud,People,Beijing,2018-05,0,0.07755699330842196,0,0.4256599950171617,0,0.2731245358403802,0
Asset management,Internal fraud,People,Beijing,2018-07,0,0.1167562928248784,0,0.4221095954162415,0,0.2560454456481143,0
Asset management,Internal fraud,People,Beijing,2018-11,0,0.13390272500495498,0,0.4282153841024435,0,0.3122873523063974,0
Asset management,Internal fraud,People,Beijing,2018-12,0,0.1302941668220613,0,0.42519632087402404,0,0.27824085455961156,0
Asset management,Internal fraud,People,Beijing,2019-03,0,0.15516679139632225,0,0.42759863211643984,0,0.3203334160898163,0
Asset management,Internal fraud,People,Beijing,2019-06,0,0.15369458315380027,0,0.4178514882457674,0,0.27476988222536586,0
Asset management,Internal fraud,People,Beijing,2019-09,0,0.15655017689434808,0,0.42812117965256946,0,0.2687668152552474,0
Asset management,Internal fraud,People,"Beijing,Anhui",2019-06,0,0.0263379585829496,0,0.4243073676194718,0,0.1477679148212225,0
Asset management,Internal fraud,People,"Beijing,Hebei",1997-08,0,0.09162448853289487,0,0.4227922079536494,0,0.17299440119613632,0
Asset management,Internal fraud,People,"Beijing,Hebei,Shanxi",2013-11,0,0.10445896800877354,0,0.4168269042869715,0,0.1800980370962972,0
Asset management,Internal fraud,People,"Beijing,Heilongjiang",2019-08,0,0.03271585574476628,0,0.42429917700615677,0,0.14959932497240575,0
Asset management,Internal fraud,People,"Beijing,Hubei",2018-04,0,0.03263639748161567,0,0.42435454004463685,0,0.14711257775069803,0
Asset management,Internal fraud,People,"Beijing,Jiangsu,Shandong",2008-01,0,0.09412480423038809,0,0.39602146064052585,0,0.1850681892733526,0
Asset management,Internal fraud,People,"Beijing,Jiangxi",2018-08,0,0.03701090753627589,0,0.4243329051082263,0,0.14049003232600335,0
Asset management,Internal fraud,People,"Beijing,Jilin",2017-12,0,0.04333577976957968,0,0.4243801004880855,0,0.15266861749878466,0
Asset management,Internal fraud,People,"Beijing,Jilin,Hubei,Sichuan,Xinjiang",2013-09,0,0.08240729306085814,0,0.4200422365011564,0,0.1809570582922301,0
Asset management,Internal fraud,People,"Beijing,Liaoning,Guangdong,Guangxi,Macao",1996-12,0,0.09954955059367371,0,0.4246281703018379,0,0.17531566088925998,0
Asset management,Internal fraud,People,"Beijing,Liaoning,Hongkong",2019-03,0,0.045110634504160946,0,0.42424191208022,0,0.15116007590969358,0
Asset management,Internal fraud,People,"Beijing,Shandong,Hainan",2017-08,0,0.02499766566011645,0,0.42438473194985865,0,0.1505250896451815,0
Asset management,Internal fraud,People,"Beijing,Shanghai",2018-07,0,0.1047923496463239,0,0.42434210291629293,0,0.30428402598243187,0
Asset management,Internal fraud,People,"Beijing,Shanghai,Chongqing",2015-05,0,0.08803459281501033,0,0.2846492390344867,0,0.17450909960692668,0
Asset management,Internal fraud,People,"Beijing,Tianjin",2003-02,0,0.07291909037820478,0,0.42483310718520706,0,0.16277744050548681,0
Asset management,Internal fraud,People,"Beijing,Tianjin",2018-02,0,0.009404639043366315,0,0.42526426599884704,0,0.15420711256828126,0
Asset management,Internal fraud,People,"Beijing,Tianjin,Liaoning,Heilongjiang,Hubei,Hunan,Guangdong,Guangxi,Macao",1996-12,0,0.09101271240467862,0,0.4246250302138744,0,0.1742862832563747,0
Asset management,Internal fraud,People,"Beijing,Xinjiang",2017-11,0,0.04014133532513524,0,0.42438419026464946,0,0.15636627436703285,0
Asset management,Internal fraud,People,"Beijing,Yunnan",2019-06,0,0.04789470458740703,0,0.4243054111494623,0,0.14729260129259497,0
Asset management,Internal fraud,People,"Beijing,Zhejiang",2018-05,0,0.05903014251593435,0,0.4242765007683974,0,0.16312075461213182,0
Asset management,Internal fraud,People,"Beijing,Zhejiang",2018-06,0,0.05532088252837447,0,0.4232687913253751,0,0.14930934154815673,0
Asset management,Internal fraud,People,"Beijing,Zhejiang",2019-05,0,0.12359243109568174,0,0.4257945169036667,0,0.24170394651196403,0
Asset management,Internal fraud,People,"Beijing,Zhejiang",2019-08,0,0.1667651637963336,0,0.4202507796727439,0,0.25863420435995027,0
Asset management,Internal fraud,People,Chongqing,2017-06,0,0.02622783050131865,0,0.42438511306539173,0,0.1506732297925375,0
Asset management,Internal fraud,People,Chongqing,2017-08,0,0.012862070175163798,0,0.4244770029561176,0,0.15399723657094738,0
Asset management,Internal fraud,People,Guangdong,2006-10,0,0.0505841251788597,0,0.4230032747042621,0,0.16156518560893743,0
Asset management,Internal fraud,People,Guangdong,2008-07,0,0.02270162073467673,0,0.4254562467845077,0,0.19004526185771342,0
Asset management,Internal fraud,People,Guangxi,2017-06,0,0.024794808694465063,0,0.4243851116679218,0,0.14308166239851397,0
Asset management,Internal fraud,People,"Guangxi,Yunnan",2006-11,0,0.05804836035448371,0,0.4246235274778759,0,0.17430272861607726,0
Asset management,Internal fraud,People,Guizhou,2018-11,0,0.048323163359550295,0,0.42433554448504873,0,0.1695599371414794,0
Asset management,Internal fraud,People,Hebei,2006-10,0,0.10247962429059505,0,0.42282854872670644,0,0.1766846482493598,0
Asset management,Internal fraud,People,Henan,2019-01,0,0.04119031428077859,0,0.42154409906542273,0,0.13412900068402622,0
Asset management,Internal fraud,People,Henan,2019-04,0,0.013174585262885615,0,0.42479106211909534,0,0.1967905063599027,0
Asset management,Internal fraud,People,Henan,2019-08,0,0.027478251400014257,0,0.4249701853544642,0,0.20223720915002,0
Asset management,Internal fraud,People,"Henan,Hunan",2013-10,0,0.05983452768524076,0,0.42411714604586465,0,0.18480981787271242,0
Asset management,Internal fraud,People,Hongkong,2007-05,0,0.08657977024434275,0,0.4242203975166263,0,0.20078326031337787,0
Asset management,Internal fraud,People,Hongkong,2018-02,0,0.016717300268036014,0,0.43079319459332793,0,0.22725519101263822,0
Asset management,Internal fraud,People,Hubei,2007-06,0,0.03817567063459751,0,0.42473977661121987,0,0.13925597496249936,0
Asset management,Internal fraud,People,Hubei,2008-01,0,0.014002561425290558,0,0.424972186009027,0,0.13615300223918902,0
Asset management,Internal fraud,People,Hubei,2018-05,0,0.13442372190262894,0,0.42479672738815655,0,0.20007277277057597,0
Asset management,Internal fraud,People,Hunan,2004-06,0,0.04526611345411765,0,0.4248245497896192,0,0.16017694258620097,0
Asset management,Internal fraud,People,Hunan,2014-03,0,0.0677514472393399,0,0.4249971652259545,0,0.16887004986518722,0
Asset management,Internal fraud,People,Hunan,2015-02,0,0.08060861427647606,0,0.425971804783376,0,0.2345842631768327,0
Asset management,Internal fraud,People,Hunan,2018-01,0,0.191619697008037,0,0.42233366061581223,0,0.2971510203972494,0
Asset management,Internal fraud,People,Hunan,2018-12,0,0.1392828368010645,0,0.42199994851214867,0,0.2750661067765165,0
Asset management,Internal fraud,People,"Inner mongolia,Inner mongolia",2018-08,0,0.03271585574476628,0,0.42433803326469255,0,0.15388070206173465,0
Asset management,Internal fraud,People,"Inner mongolia,Jiangxi,Henan,Inner mongolia",2015-02,0,0.09974296975356613,0,0.42442828355841133,0,0.14254022217908896,0
Asset management,Internal fraud,People,"Inner mongolia,Jiangxi,Henan,Inner mongolia",2016-12,0,0.03703189463994717,0,0.4246987946240115,0,0.1481736121541685,0
Asset management,Internal fraud,People,Jiangsu,2003-06,0,0.08915666918544683,0,0.4220888875225757,0,0.18711552467220238,0
Asset management,Internal fraud,People,Jiangsu,2012-06,0,0.17787023783193173,0,0.4582931131535185,0,0.23863797044656881,0
Asset management,Internal fraud,People,Jiangsu,2015-07,0,0.36740730556734663,1,0.4624395815159977,0,0.4007245282032562,0
Asset management,Internal fraud,People,Jiangsu,2017-06,0,0.02719470466775972,0,0.2620117025622789,0,0.3162388874098375,0
Asset management,Internal fraud,People,Jiangsu,2019-08,0,0.056442465572379905,0,0.45408283760957197,0,0.31347438080347345,0
Asset management,Internal fraud,People,"Jiangsu,Hongkong",2006-09,0,0.06136898746161602,0,0.4240034264506903,0,0.19056752560767176,0
Asset management,Internal fraud,People,"Jiangsu,Hongkong",2012-08,0,0.16547265745615164,0,0.42978013256475434,0,0.2706875685185581,0
Asset management,Internal fraud,People,"Jiangsu,Zhejiang",2011-10,0,0.11361720538124745,0,0.4207518180591106,0,0.19132941636019474,0
Asset management,Internal fraud,People,"Jiangsu,Zhejiang,Jiangxi,Hubei",1994-09,0,0.0619645381189655,0,0.4249570607399546,0,0.17032298719390945,0
Asset management,Internal fraud,People,Jiangxi,2017-09,0,0.023565415047658588,0,0.42388411114995284,0,0.12858147397066194,0
Asset management,Internal fraud,People,"Jilin,Henan",2018-09,0,0.024651863017284923,0,0.42434373398915476,0,0.14964027507635108,0
Asset management,Internal fraud,People,Liaoning,2018-11,0,0.03699677460860202,0,0.42432780288045585,0,0.13296232921824802,0
Asset management,Internal fraud,People,Qinghai,2019-08,0,0.03271585574476628,0,0.42429917700657843,0,0.15350692718211228,0
Asset management,Internal fraud,People,Shaanxi,2005-08,0,0.04961204643541008,0,0.4245179442536375,0,0.15725950703839953,0
Asset management,Internal fraud,People,Shaanxi,2013-03,0,0.0545142815754156,0,0.4281314140628464,0,0.15231371064504357,0
Asset management,Internal fraud,People,Shandong,2010-11,0,0.05085984897640168,0,0.42453391498242027,0,0.1700846929362276,0
Asset management,Internal fraud,People,Shandong,2012-03,0,0.0522374088605377,0,0.42530275841676685,0,0.17497790728982396,0
Asset management,Internal fraud,People,Shandong,2012-08,0,0.17740545284679066,0,0.43368297638716113,0,0.30349519562461746,0
Asset management,Internal fraud,People,"Shandong,Henan",2014-05,0,0.051839098539452726,0,0.4245036328315493,0,0.15664896193417924,0
Asset management,Internal fraud,People,Shanghai,2015-03,0,0.08351663717795159,0,0.42442830178144286,0,0.18013861667354927,0
Asset management,Internal fraud,People,Shanghai,2016-01,0,0.10703753970999783,0,0.39482105244999527,0,0.21101268595501135,0
Asset management,Internal fraud,People,Shanghai,2017-07,0,0.2985585785742271,0,0.7556283290998987,1,0.30854520322085294,0
Asset management,Internal fraud,People,Shanghai,2018-07,0,0.09059766555534784,0,0.8666912503501972,1,0.34680641361337305,0
Asset management,Internal fraud,People,Shanghai,2019-08,0,0.16413561240693997,0,0.00030532298043743167,0,0.34690147029713087,0
Asset management,Internal fraud,People,"Shanghai,Chongqing",2017-07,0,0.045705516791041435,0,0.4243420850456607,0,0.15685307741115456,0
Asset management,Internal fraud,People,"Shanghai,Guangdong",2018-11,0,0.04309302439564784,0,0.4243238750298841,0,0.15540241997488263,0
Asset management,Internal fraud,People,"Shanghai,Jiangxi",2012-09,0,0.08943291292490146,0,0.421433178859891,0,0.18430805933357097,0
Asset management,Internal fraud,People,"Shanghai,Zhejiang",2018-07,0,0.0338044815979549,0,0.4243186192715598,0,0.14725692281256933,0
Asset management,Internal fraud,People,Shanxi,2004-07,0,0.04254785788657631,0,0.42464312648992497,0,0.17462339760095924,0
Asset management,Internal fraud,People,Shanxi,2018-11,0,0.07243092152117718,0,0.40784217061856953,0,0.15628143772955194,0
Asset management,Internal fraud,People,Sichuan,2018-01,0,0.09267681412588057,0,0.4066057413534845,0,0.1653684705368316,0
Asset management,Internal fraud,People,Tibet,2018-10,0,0.04141911310291302,0,0.4243435135988932,0,0.1498756316332751,0
Asset management,Internal fraud,People,Xinjiang,2018-09,0,0.0292104303743448,0,0.4243378279639242,0,0.14779633154714628,0
Asset management,Internal fraud,People,Yunnan,2018-07,0,0.028368124664486852,0,0.4243460608904627,0,0.15578103728634632,0
Asset management,Internal fraud,People,Zhejiang,2011-10,0,0.05329671058813129,0,0.42457515463508955,0,0.18675151549814922,0
Asset management,Internal fraud,People,Zhejiang,2017-07,0,0.008472570785664418,0,0.4248370216424907,0,0.16460571914732192,0
Asset management,Internal fraud,People,Zhejiang,2017-11,0,0.05324411671687909,0,0.4249821685705944,0,0.24877913184025108,0
Asset management,Internal fraud,People,Zhejiang,2017-12,0,0.04846302560914987,0,0.4221987549061781,0,0.2864132132703013,0
Asset management,Internal fraud,People,Zhejiang,2018-07,0,0.020974416962575355,0,0.42457156603729207,0,0.273490631248743,0
Asset management,Internal fraud,People,Zhejiang,2018-12,0,0.07978310527246471,0,0.4235879965207911,0,0.2941365847034284,0
Asset management,Internal fraud,People,Zhejiang,2019-06,0,0.07002002554677589,0,0.4253890565456684,0,0.3133270439180322,0
Asset management,Internal fraud,People,Zhejiang,2019-09,0,0.10117991833289516,0,0.42546917024890224,0,0.3150779340258851,0
Asset management,Internal fraud,People,"Zhejiang,Shandong,Henan,Guangdong,Sichuan",2010-05,0,0.05522828590759763,0,0.42391595992634984,0,0.17653181421890263,0
Asset management,Internal fraud,Process,Anhui,2017-09,0,0.0201955062491163,0,0.42438062668055637,0,0.08389815332321404,0
Asset management,Internal fraud,Process,Beijing,2017-06,0,0.026974978716334235,0,0.42437336140588416,0,0.1190045249879662,0
Asset management,Internal fraud,Process,Beijing,2017-11,0,0.016837313718051878,0,0.4246167380925162,0,0.14040330513649138,0
Asset management,Internal fraud,Process,Beijing,2018-01,0,0.04964245469377624,0,0.4246663309767584,0,0.22530262269115692,0
Asset management,Internal fraud,Process,"Beijing,Zhejiang",2019-02,0,0.031558642098768616,0,0.42431799897605443,0,0.1087962861272092,0
Asset management,Internal fraud,Process,Chongqing,2017-06,0,0.023785277165284793,0,0.4243911142260701,0,0.10476521214628685,0
Asset management,Internal fraud,Process,Henan,2016-12,0,0.028297999375106422,0,0.4243813911929521,0,0.1009301045110199,0
Asset management,Internal fraud,Process,Qinghai,2019-08,0,0.027684363280489024,0,0.4242836120651128,0,0.1046644688487871,0
Asset management,Internal fraud,Process,Zhejiang,2018-12,0,0.030071342764112816,0,0.4243333815359254,0,0.09705599420498011,0
Commercial banking,"Clients, products & business practices",External event,Beijing,2014-04,0,0.026223670895706833,0,0.4244463652447758,0,0.12442956316877521,0
Commercial banking,"Clients, products & business practices",People,Beijing,2019-10,0,0.04774466494299089,0,0.4240858603363278,0,0.10084335704376121,0
Commercial banking,"Clients, products & business practices",People,"Beijing,Hubei",2019-02,0,0.01719413647595008,0,0.4243080252183844,0,0.09636573354549269,0
Commercial banking,"Clients, products & business practices",People,"Beijing,Shaanxi",2019-09,0,0.015429728871480973,0,0.42430869773959107,0,0.09817744864786576,0
Commercial banking,"Clients, products & business practices",People,"Beijing,Tianjin,Shanghai,Chongqing",2019-09,0,0.03030078364327579,0,0.4242717369138667,0,0.10027409848492792,0
Commercial banking,"Clients, products & business practices",People,Henan,2019-01,0,0.03167546684568455,0,0.4243003786425452,0,0.10045015940753334,0
Commercial banking,"Clients, products & business practices",People,Zhejiang,2012-09,0,0.06226072017998457,0,0.42148659437893937,0,0.12418011171591871,0
Commercial banking,"Clients, products & business practices",Process,Beijing,2018-12,0,0.008639223450993674,0,0.42434714217790653,0,0.07216757070233486,0
Commercial banking,"Clients, products & business practices",Process,Chongqing,2001-10,0,0.03608633536512726,0,0.4249515764783427,0,0.0463725894807172,0
Commercial banking,"Clients, products & business practices",Process,Chongqing,2019-09,0,0.005725297853636891,0,0.42467883606657464,0,0.07091672202580547,0
Commercial banking,"Clients, products & business practices",Process,Guangxi,2019-05,0,0.008764718369806176,0,0.4243114419883468,0,0.055010171358300435,0
Commercial banking,"Clients, products & business practices",Process,Hubei,2018-07,0,0.01784819439447344,0,0.42435194139623894,0,0.04762115698187854,0
Commercial banking,"Clients, products & business practices",Process,"Inner mongolia,Inner mongolia",2019-03,0,0.02074358118585471,0,0.42430398524884416,0,0.05913255950519782,0
Commercial banking,"Clients, products & business practices",Process,Jiangsu,2017-08,0,0.011409275732570456,0,0.424382749974238,0,0.05082212054296191,0
Commercial banking,"Clients, products & business practices",Process,Jiangxi,2002-10,0,0.0395097503458154,0,0.4249294908052561,0,0.043125142572082074,0
Commercial banking,"Clients, products & business practices",Process,Shandong,2017-09,0,0.01650844990043943,0,0.42437281599073595,0,0.06272397130655018,0
Commercial banking,"Clients, products & business practices",Process,Shandong,2018-08,0,0.00588623285098562,0,0.42457601910146997,0,0.08095788784119518,0
Commercial banking,"Clients, products & business practices",Process,Shandong,2019-02,0,0.024978055276246316,0,0.4246739370684309,0,0.12083465074756716,0
Commercial banking,"Clients, products & business practices",Process,Shandong,2019-03,0,0.02404239988510116,0,0.4232932527583452,0,0.1444914711067033,0
Commercial banking,"Clients, products & business practices",Process,"Shanghai,Anhui",2017-08,0,0.015861680773955004,0,0.42437687952176334,0,0.04973444219227658,0
Commercial banking,"Clients, products & business practices",Process,"Shanghai,Guizhou",2018-12,0,0.0190836016692243,0,0.4243196833354928,0,0.04112556230588389,0
Commercial banking,"Clients, products & business practices",Process,"Shanghai,Macao",2014-03,0,0.05454312379577305,0,0.41833076548821874,0,0.06296030644916388,0
Commercial banking,"Clients, products & business practices",Process,Sichuan,2011-05,0,0.03219458010039514,0,0.42380219094335503,0,0.0793721015814346,0
Commercial banking,"Clients, products & business practices",Process,Sichuan,2016-05,0,0.05364507027759361,0,0.4340916954497994,0,0.2307363013804399,0
Commercial banking,"Clients, products & business practices",Process,"Tianjin,Shanghai,Jiangsu",2020-10,0,0.01691842259375581,0,0.4242783867894154,0,0.04472022285732468,0
Commercial banking,"Execution, delivery & process management",External event,Jiangsu,2008-11,0,0.06192823465393538,0,0.40933832841987206,0,0.12235469805547944,0
Commercial banking,"Execution, delivery & process management",External event,Shandong,2014-03,0,0.03880518960031997,0,0.4239237567473798,0,0.1697379324407473,0
Commercial banking,"Execution, delivery & process management",People,Guangdong,1998-07,0,0.08870355856501591,0,0.41784036116902923,0,0.16340045764062214,0
Commercial banking,"Execution, delivery & process management",People,Hebei,2013-03,0,0.08699581611235233,0,0.42338494015245814,0,0.17005289915918018,0
Commercial banking,"Execution, delivery & process management",People,"Hebei,Hubei",2013-03,0,0.13108533430613453,0,0.41084098160744464,0,0.16815373126514666,0
Commercial banking,"Execution, delivery & process management",People,Hubei,2015-07,0,0.04247401064452397,0,0.4240793738969379,0,0.1518792785445723,0
Commercial banking,"Execution, delivery & process management",People,"Jilin,Shanghai",2011-01,0,0.13898090052980985,0,0.4188265718684454,0,0.18990188960584375,0
Commercial banking,"Execution, delivery & process management",People,Liaoning,2008-12,0,0.16845319270495102,0,0.41624129673207916,0,0.14600689851613213,0
Commercial banking,"Execution, delivery & process management",People,Shaanxi,2006-10,0,0.060083983890793925,0,0.42479442680020324,0,0.12912505301278182,0
Commercial banking,"Execution, delivery & process management",People,Shanghai,2003-01,0,0.10667026184409983,0,0.414697610435866,0,0.20824569147636074,0
Commercial banking,"Execution, delivery & process management",People,Sichuan,2010-03,0,0.06936092387596775,0,0.4219472400621841,0,0.17971229442162592,0
Commercial banking,"Execution, delivery & process management",People,"Tianjin,Chongqing,Sichuan",2020-08,0,0.07305242952090267,0,0.42196358441636134,0,0.16828159365782266,0
Commercial banking,"Execution, delivery & process management",People,"Tianjin,Hubei",2018-05,0,0.03352176900652938,0,0.42433663284659473,0,0.14592592214589067,0
Commercial banking,"Execution, delivery & process management",People,Zhejiang,2020-03,0,0.061986382647592715,0,0.42273666730143733,0,0.17058286781648063,0
Commercial banking,"Execution, delivery & process management",Process,Beijing,1991-05,0,0.055706519208812345,0,0.4252969718930496,0,0.16136816755241495,0
Commercial banking,"Execution, delivery & process management",Process,Beijing,2006-06,0,0.047895864565740597,0,0.42430083515214956,0,0.16524821451898702,0
Commercial banking,"Execution, delivery & process management",Process,Beijing,2019-09,0,0.03520049110117032,0,0.43889636711182367,0,0.209750899711309,0
Commercial banking,"Execution, delivery & process management",Process,"Beijing,Guangxi",2019-05,0,0.017234084425493578,0,0.42431140465016015,0,0.10929189944385782,0
Commercial banking,"Execution, delivery & process management",Process,Guangxi,2012-07,0,0.11662420687657897,0,0.4235330874019817,0,0.0927869455044719,0
Commercial banking,"Execution, delivery & process management",Process,Henan,2004-12,0,0.049489636765989414,0,0.3935555530878256,0,0.09695684896472383,0
Commercial banking,"Execution, delivery & process management",Process,Henan,2019-04,0,0.09607788235718365,0,0.7748691695812777,1,0.27945968568038954,0
Commercial banking,"Execution, delivery & process management",Process,Hubei,2006-06,0,0.046643851845050426,0,0.4210523602482173,0,0.0942923278098703,0
Commercial banking,"Execution, delivery & process management",Process,Hubei,2008-02,0,0.21087615906093668,0,0.45958446774790007,0,0.2489310089844855,0
Commercial banking,"Execution, delivery & process management",Process,Jiangsu,2004-08,0,0.024004370694183104,0,0.4248675237369109,0,0.07991696746333185,0
Commercial banking,"Execution, delivery & process management",Process,"Jiangsu,Jiangxi",2020-11,0,0.08119817995415791,0,0.4144563809051489,0,0.0871534370221018,0
Commercial banking,"Execution, delivery & process management",Process,Shanxi,2005-12,0,0.052736791295056054,0,0.42058677958871976,0,0.09423331305783586,0
Commercial banking,"Execution, delivery & process management",Process,Zhejiang,2003-12,0,0.035843671130183684,0,0.4248852006868904,0,0.08801715686727767,0
Commercial banking,External fraud,External event,Anhui,2013-07,0,0.03997354177691242,0,0.42376666232765414,0,0.22240590752110478,0
Commercial banking,External fraud,External event,Anhui,2014-06,0,0.24481515376031046,0,0.4259673043382947,0,0.5242635158028335,1
Commercial banking,External fraud,External event,Anhui,2014-10,0,0.31379552150169526,0,0.5169151666847743,0,0.4750358294989578,0
Commercial banking,External fraud,External event,"Anhui,Yunnan",2013-09,0,0.05603949463432044,0,0.42017713703627885,0,0.2349072802970846,0
Commercial banking,External fraud,External event,Beijing,1997-01,0,0.06292945404932722,0,0.42165481062965504,0,0.2504319079179861,0
Commercial banking,External fraud,External event,Beijing,1999-12,0,0.17266380739009152,0,0.46254479183124003,0,0.3981071874614518,0
Commercial banking,External fraud,External event,Beijing,2007-01,0,0.3479067165838454,1,0.5053911169991637,0,0.45190408314193653,0
Commercial banking,External fraud,External event,Beijing,2014-10,0,0.3392229551829969,1,0.423155980386908,0,0.4571327397621715,0
Commercial banking,External fraud,External event,"Beijing,Fujian,Guangdong",2017-08,0,0.06487419250272981,0,0.41860462328477405,0,0.23839238091095075,0
Commercial banking,External fraud,External event,"Beijing,Guangxi",2014-05,0,0.07551465076283016,0,0.004522532402023828,0,0.23787793555732828,0
Commercial banking,External fraud,External event,"Beijing,Guangxi,Shaanxi,Xinjiang",2017-03,0,0.0572826937064499,0,0.4197611564490901,0,0.2444055497332195,0
Commercial banking,External fraud,External event,"Beijing,Hebei,Shaanxi",2005-04,0,0.05004523217567383,0,0.4228045592680012,0,0.24578520867360945,0
Commercial banking,External fraud,External event,"Beijing,Hebei,Shanghai",2016-06,0,0.05695925933334889,0,0.35314740157600333,0,0.2389082140085328,0
Commercial banking,External fraud,External event,"Beijing,Henan",2013-07,0,0.05512520988888793,0,0.42353483156366717,0,0.2446244535699563,0
Commercial banking,External fraud,External event,"Beijing,Henan,Hunan,Sichuan",2015-01,0,0.06676832312558702,0,0.41099806375578324,0,0.25399592731681164,0
Commercial banking,External fraud,External event,"Beijing,Jiangsu",2013-12,0,0.06680842742259664,0,0.2596187857045325,0,0.19207809882339985,0
Commercial banking,External fraud,External event,"Beijing,Jiangxi",2015-10,0,0.0613455690207249,0,0.4191784892291326,0,0.2244310756665423,0
Commercial banking,External fraud,External event,"Beijing,Jilin",2015-03,0,0.07223302532180834,0,0.4014573168763197,0,0.24826366326758545,0
Commercial banking,External fraud,External event,"Beijing,Shandong",2012-03,0,0.06601222593015889,0,0.4095378645701949,0,0.23812109324599884,0
Commercial banking,External fraud,External event,"Beijing,Shandong,Gansu",2013-12,0,0.06910677992832188,0,0.4236127932901259,0,0.22706818652908392,0
Commercial banking,External fraud,External event,"Beijing,Shandong,Hainan",2011-04,0,0.0489245557202889,0,0.42430483677384057,0,0.24263837249735953,0
Commercial banking,External fraud,External event,"Beijing,Shanghai,Guangxi",2011-12,0,0.06795374334988645,0,0.41440230154762697,0,0.21880128758447526,0
Commercial banking,External fraud,External event,"Beijing,Tianjin,Hebei,Shanghai,Anhui,Chongqing,Sichuan,Guizhou",2017-03,0,0.07010292938087884,0,0.418605455503586,0,0.31609957083327506,0
Commercial banking,External fraud,External event,"Beijing,Tianjin,Hebei,Shanghai,Anhui,Chongqing,Sichuan,Guizhou",2017-06,1,0.6350934295148984,1,0.488441170318868,0,0.7737295052664144,1
Commercial banking,External fraud,External event,"Beijing,Tianjin,Hebei,Shanghai,Anhui,Chongqing,Sichuan,Guizhou",2017-07,0,0.260038815945767,0,0.46114129877211485,0,0.5745219776197901,1
Commercial banking,External fraud,External event,"Beijing,Tianjin,Hebei,Shanghai,Anhui,Chongqing,Sichuan,Guizhou",2017-11,0,0.2386823649627151,0,0.9739488415266107,1,0.5534310784726508,1
Commercial banking,External fraud,External event,"Beijing,Tianjin,Jiangsu,Shandong,Henan",2014-05,0,0.07196674500015118,0,0.41640656797651193,0,0.24558885455495935,0
Commercial banking,External fraud,External event,"Beijing,Tianjin,Shandong",2015-04,0,0.06441261214767212,0,0.41306845245555796,0,0.2350709384671626,0
Commercial banking,External fraud,External event,"Beijing,Tianjin,Shanghai",2011-08,0,0.045218952659525906,0,0.42171623617159565,0,0.22169547189302638,0
Commercial banking,External fraud,External event,"Chongqing,Guizhou",2005-06,0,0.0762823141908585,0,0.4242553822455232,0,0.2563477979415595,0
Commercial banking,External fraud,External event,Fujian,1999-09,0,0.0658513217678472,0,0.4205536224135564,0,0.19184209654970868,0
Commercial banking,External fraud,External event,Fujian,2002-09,0,0.17819607375722193,0,0.47905808959632507,0,0.45045797258358033,0
Commercial banking,External fraud,External event,Fujian,2013-09,0,0.2675205224992801,0,0.43443060582006815,0,0.38478552723645243,0
Commercial banking,External fraud,External event,"Fujian,Hongkong",2008-11,0,0.07867866268027897,0,0.4246592836244716,0,0.20894840052722977,0
Commercial banking,External fraud,External event,Guangdong,2014-08,0,0.061564272857758964,0,0.42043694201151094,0,0.24612170301111103,0
Commercial banking,External fraud,External event,"Guangdong,Guangxi",2010-12,0,0.05892629768654777,0,0.000958845502415403,0,0.19767027466042875,0
Commercial banking,External fraud,External event,Guangxi,2010-12,0,0.09027364442167016,0,8.379110532442927e-280,0,0.1948505448738199,0
Commercial banking,External fraud,External event,Guizhou,2000-05,0,0.06532768941141615,0,0.4248848062743626,0,0.23618773336365773,0
Commercial banking,External fraud,External event,Guizhou,2007-03,0,0.09098681183202854,0,0.4199995070465274,0,0.2999635023914206,0
Commercial banking,External fraud,External event,Guizhou,2016-05,1,0.32788865468181666,1,0.5019690119954014,0,0.566682253430386,1
Commercial banking,External fraud,External event,Guizhou,2016-07,0,0.3291978468016185,1,0.5005592726618255,0,0.531743704802343,1
Commercial banking,External fraud,External event,Hainan,2008-12,0,0.123529174931571,0,0.4246923269673904,0,0.24487730672614225,0
Commercial banking,External fraud,External event,"Hebei,Jiangxi,Hunan",2013-07,0,0.0874373779920371,0,0.42307133540686487,0,0.25061426828339783,0
Commercial banking,External fraud,External event,"Hebei,Jiangxi,Hunan",2015-09,0,0.2022070560332568,0,0.44184626576887603,0,0.5208800287831327,1
Commercial banking,External fraud,External event,"Hebei,Jiangxi,Hunan",2016-12,0,0.2915271708349625,0,0.44540414539399203,0,0.4487860090747383,0
Commercial banking,External fraud,External event,"Hebei,Shanxi,Jilin,Sichuan",2014-06,0,0.06022167068086662,0,0.38104178568920544,0,0.24400638773707883,0
Commercial banking,External fraud,External event,Heilongjiang,2016-12,0,0.06543197191346821,0,0.42284780194159194,0,0.18705925994361902,0
Commercial banking,External fraud,External event,Henan,2000-01,0,0.062038832836907434,0,0.41730608105941586,0,0.24317346284578575,0
Commercial banking,External fraud,External event,Henan,2007-04,0,0.3826525050428943,1,0.5143125659745894,0,0.5954193418047726,1
Commercial banking,External fraud,External event,Henan,2007-08,0,0.4156731679955952,1,0.5696779886827736,0,0.544057363617682,1
Commercial banking,External fraud,External event,Hongkong,2002-06,0,0.05813309800530291,0,0.42150831109434805,0,0.24349026193354242,0
Commercial banking,External fraud,External event,Hubei,1995-08,0,0.06469644530128549,0,0.4012952138193667,0,0.2026177330739695,0
Commercial banking,External fraud,External event,Hubei,2001-03,0,0.34775928538454093,1,0.7038822111513342,1,0.49712777290521265,0
Commercial banking,External fraud,External event,Hubei,2003-10,0,0.4098536201545208,1,0.7298003363521082,1,0.46304382372135555,0
Commercial banking,External fraud,External event,Hubei,2006-06,0,0.16524279580768794,0,0.0017495060102080497,0,0.3650643703201104,0
Commercial banking,External fraud,External event,Hubei,2012-01,0,0.32518068751176554,1,0.7175095187733892,1,0.43846244658055705,0
Commercial banking,External fraud,External event,Hubei,2012-09,0,0.2768761279021585,0,0.09414665704018921,0,0.4580733630260871,0
Commercial banking,External fraud,External event,Hubei,2014-11,0,0.4312103430912881,1,0.9869940989500026,1,0.5304968181742679,1
Commercial banking,External fraud,External event,"Hubei,Guangdong",2013-10,0,0.0629216648308703,0,0.4193675053243978,0,0.21581473570245857,0
Commercial banking,External fraud,External event,"Hubei,Guizhou",2013-11,0,0.059654457982328164,0,0.42222115358040496,0,0.22275797262616068,0
Commercial banking,External fraud,External event,Hunan,1999-09,0,0.09059474802319246,0,0.4204227153360576,0,0.21864789960988262,0
Commercial banking,External fraud,External event,Hunan,2013-11,0,0.25798072086631835,0,0.4764716469892083,0,0.4879028079815469,0
Commercial banking,External fraud,External event,Jiangsu,2001-02,0,0.07058273191329278,0,0.4243263978018138,0,0.22976798977449742,0
Commercial banking,External fraud,External event,Jiangsu,2007-12,0,0.1126309124275785,0,0.4322068761663792,0,0.39080827729567746,0
Commercial banking,External fraud,External event,Jiangsu,2010-01,0,0.18030886540541327,0,0.4378316201255067,0,0.46610090387899933,0
Commercial banking,External fraud,External event,Jiangsu,2012-08,0,0.17711973646730453,0,0.35346981192601096,0,0.4114509894227983,0
Commercial banking,External fraud,External event,Jiangsu,2013-08,0,0.3168943439674108,0,0.7771736615797981,1,0.5150405025397787,1
Commercial banking,External fraud,External event,"Jiangsu,Zhejiang,Guangdong",2016-02,0,0.04585858803410887,0,0.4228455927702968,0,0.23938482481064763,0
Commercial banking,External fraud,External event,Jiangxi,2008-12,0,0.0637538703352787,0,0.4244915039206945,0,0.18838616087980645,0
Commercial banking,External fraud,External event,Jiangxi,2014-09,0,0.06735629885958296,0,0.42494160865329494,0,0.25611166140900643,0
Commercial banking,External fraud,External event,Jilin,2016-04,0,0.07795041612173502,0,0.42431369290412185,0,0.29047317752909996,0
Commercial banking,External fraud,External event,Liaoning,1996-10,0,0.07517632922768706,0,0.4247801103580672,0,0.17292034614823926,0
Commercial banking,External fraud,External event,Liaoning,2005-03,0,0.1319081383572985,0,0.4246013200718954,0,0.42805440984615445,0
Commercial banking,External fraud,External event,Liaoning,2006-03,0,0.23303599837806582,0,0.4804482691673578,0,0.3871696712348597,0
Commercial banking,External fraud,External event,Liaoning,2011-02,0,0.3778005739900252,1,0.5521708999464487,0,0.39282389125100503,0
Commercial banking,External fraud,External event,Liaoning,2015-07,0,0.27322810130946773,0,0.2400848170653889,0,0.36245477826573697,0
Commercial banking,External fraud,External event,Shaanxi,2000-08,0,0.08210118716617475,0,0.4238617060116544,0,0.2218444637125478,0
Commercial banking,External fraud,External event,Shaanxi,2004-02,0,0.14549890203866273,0,0.4385047937047785,0,0.4771700073056055,0
Commercial banking,External fraud,External event,Shaanxi,2013-02,0,0.27956965385212756,0,0.4410616589339385,0,0.4028367962470077,0
Commercial banking,External fraud,External event,Shandong,2004-05,0,0.07962060314702119,0,0.4247178213361011,0,0.270205615826609,0
Commercial banking,External fraud,External event,Shandong,2004-12,0,0.05969815182393814,0,0.4016490934805184,0,0.24337854370008563,0
Commercial banking,External fraud,External event,Shandong,2006-09,0,0.17888383671307434,0,0.7178375863253044,1,0.4993356602123893,0
Commercial banking,External fraud,External event,Shandong,2009-03,0,0.05567995824230862,0,0.7318495626993631,1,0.4963352899292312,0
Commercial banking,External fraud,External event,Shandong,2009-08,0,0.21915532196381918,0,0.0006845218399379427,0,0.5435089410037979,1
Commercial banking,External fraud,External event,Shandong,2012-03,0,0.32441948895120437,1,0.6764880773471799,0,0.6659639771445037,1
Commercial banking,External fraud,External event,Shandong,2012-09,1,0.7134176023153985,1,0.6832825125595706,0,0.7970816257292356,1
Commercial banking,External fraud,External event,Shandong,2012-10,1,0.6973912121864733,1,0.9695993428158378,1,0.8725907649621253,1
Commercial banking,External fraud,External event,Shandong,2012-11,0,0.46550420807825454,1,0.7380606569569267,1,0.6501307644558487,1
Commercial banking,External fraud,External event,Shandong,2013-05,0,0.3541744005595712,1,0.7073149821969836,1,0.5386096696530912,1
Commercial banking,External fraud,External event,Shandong,2014-04,0,0.22298003221671275,0,0.76428585872941,1,0.4320539272062957,0
Commercial banking,External fraud,External event,Shandong,2014-11,0,0.34488594982692605,1,0.7784943702916401,1,0.46134753750999236,0
Commercial banking,External fraud,External event,Shandong,2015-05,0,0.22698251792413288,0,0.7942299949328229,1,0.41528792796386804,0
Commercial banking,External fraud,External event,Shandong,2015-09,0,0.19587068684120837,0,0.8411586823631771,1,0.47358270100445937,0
Commercial banking,External fraud,External event,Shandong,2015-12,0,0.2860534928528937,0,0.7459007829890183,1,0.4476742959217676,0
Commercial banking,External fraud,External event,Shandong,2016-03,0,0.22318775563200924,0,0.05162368862552911,0,0.4688872057755425,0
Commercial banking,External fraud,External event,Shandong,2018-03,0,0.26102814940161545,0,0.33476303555835657,0,0.4553737073524255,0
Commercial banking,External fraud,External event,Shandong,2018-04,0,0.18618704861946853,0,0.7200060879095329,1,0.48718778403637125,0
Commercial banking,External fraud,External event,Shanghai,1999-03,0,0.08137301831559968,0,0.42474800642455873,0,0.3303641307213924,0
Commercial banking,External fraud,External event,Shanghai,2001-04,0,0.06536873449264761,0,0.42789147792681353,0,0.3088249325736087,0
Commercial banking,External fraud,External event,Shanghai,2005-03,0,0.23565221583301532,0,0.42978252292691943,0,0.47431671479386683,0
Commercial banking,External fraud,External event,Shanghai,2008-06,0,0.3878383699735777,1,0.5024057207390086,0,0.5107542705397345,1
Commercial banking,External fraud,External event,Shanghai,2009-01,0,0.3620769996508114,1,0.6075183823183427,0,0.47771056521420613,0
Commercial banking,External fraud,External event,Shanghai,2011-12,0,0.1879555404870217,0,0.1867901991278147,0,0.42015231739931386,0
Commercial banking,External fraud,External event,Shanghai,2012-08,0,0.3033942327260416,0,0.3366740775611877,0,0.44815484903256464,0
Commercial banking,External fraud,External event,Shanghai,2013-04,0,0.11922879089159158,0,0.2244766115256961,0,0.3910481324815682,0
Commercial banking,External fraud,External event,Shanghai,2014-10,0,0.20592732968929167,0,0.004214390603769222,0,0.4638437979219426,0
Commercial banking,External fraud,External event,"Shanghai,Guangdong,Hongkong",2013-04,0,0.07191832446643541,0,0.20613253885546634,0,0.23628792081535713,0
Commercial banking,External fraud,External event,"Shanghai,Jiangsu,Zhejiang,Guizhou",2016-01,0,0.08250019235587974,0,0.41479680421151577,0,0.2531786463568378,0
Commercial banking,External fraud,External event,"Shanghai,Jiangxi",2012-11,0,0.053975659497279255,0,0.4238294485418628,0,0.22131880864753284,0
Commercial banking,External fraud,External event,"Shanghai,Qinghai",2013-02,0,0.08165433228253362,0,0.4053379758171916,0,0.25213569507219535,0
Commercial banking,External fraud,External event,"Shanghai,Zhejiang",2016-04,0,0.057419314090459396,0,0.4200290264807559,0,0.2532350327680767,0
Commercial banking,External fraud,External event,"Shanghai,Zhejiang,Guizhou",2010-06,0,0.09495111382940506,0,0.41751510956609267,0,0.26111467250481796,0
Commercial banking,External fraud,External event,"Shanghai,Zhejiang,Jiangxi,Hubei,Qinghai",2011-10,0,0.04632214931721188,0,0.4238397808481604,0,0.21654652542145403,0
Commercial banking,External fraud,External event,Shanxi,2000-01,0,0.05591249070572342,0,0.4249242230036219,0,0.2701017060006808,0
Commercial banking,External fraud,External event,Shanxi,2013-10,0,0.06169198976816087,0,0.3982154479580044,0,0.2487747384718412,0
Commercial banking,External fraud,External event,Shanxi,2014-10,0,0.41495681310702265,1,0.7401740483397886,1,0.5016736979527702,0
Commercial banking,External fraud,External event,"Shanxi,Zhejiang",2011-05,0,0.09244205332931928,0,0.4246115615674976,0,0.25613076589591005,0
Commercial banking,External fraud,External event,Sichuan,2005-10,0,0.1050007014862254,0,0.41558295234677456,0,0.23504567294527906,0
Commercial banking,External fraud,External event,Sichuan,2013-03,1,0.6342782013040157,1,0.5367336976897769,0,0.7703214485943602,1
Commercial banking,External fraud,External event,Sichuan,2013-04,0,0.3531067469819906,1,0.5448211800316669,0,0.4977239916586343,0
Commercial banking,External fraud,External event,Tianjin,2004-05,0,0.08368235828777078,0,0.4243697677886082,0,0.23992717976495304,0
Commercial banking,External fraud,External event,"Tianjin,Hongkong",2012-01,0,0.06037805146722517,0,0.3948553544031512,0,0.23690559279005788,0
Commercial banking,External fraud,External event,Zhejiang,1995-06,0,0.129784945173729,0,0.4117290220265717,0,0.23541773695783144,0
Commercial banking,External fraud,External event,Zhejiang,2004-01,0,0.48013870445331264,1,0.5807372707913885,0,0.5595820195778922,1
Commercial banking,External fraud,External event,Zhejiang,2006-08,0,0.3248914983344905,1,0.6848794577098362,0,0.5500804650114621,1
Commercial banking,External fraud,External event,Zhejiang,2010-06,0,0.27473807181552073,0,0.025204670106867895,0,0.5403810617945924,1
Commercial banking,External fraud,External event,Zhejiang,2011-12,0,0.32093366200167284,1,0.1426258809984987,0,0.5833437981257545,1
Commercial banking,External fraud,External event,Zhejiang,2013-01,1,0.7069343906021874,1,0.639079858666078,0,0.830236336542375,1
Commercial banking,External fraud,External event,Zhejiang,2013-03,1,0.7307893144233751,1,0.858266112564029,1,0.8791534694052202,1
Commercial banking,External fraud,External event,Zhejiang,2013-04,0,0.3880852214428091,1,0.8063522941192115,1,0.583823762106297,1
Commercial banking,External fraud,External event,Zhejiang,2014-06,0,0.28724654773923247,0,9.880539391695498e-05,0,0.5422479374430939,1
Commercial banking,External fraud,External event,Zhejiang,2015-02,0,0.370974491421491,1,0.7229853728347932,1,0.5070421476404223,0
Commercial banking,External fraud,External event,"Zhejiang,Anhui",2014-02,0,0.0650423591757853,0,0.41871597839822994,0,0.24575705299560233,0
Commercial banking,External fraud,External event,"Zhejiang,Anhui",2018-06,0,0.4185271682585608,1,0.4934254864726015,0,0.6644864622578089,1
Commercial banking,External fraud,External event,"Zhejiang,Anhui,Yunnan",2013-09,0,0.05603949463432044,0,0.42017713703627885,0,0.2349072802970846,0
Commercial banking,External fraud,External event,"Zhejiang,Hunan",2009-07,0,0.058687608291046016,0,0.4243008335588928,0,0.2408795582486273,0
Commercial banking,External fraud,External event,"Zhejiang,Hunan",2013-12,0,0.14339738604229926,0,0.42527092503363273,0,0.4862257310492483,0
Commercial banking,External fraud,People,Beijing,2000-09,0,0.083378277672927,0,0.42293243074907844,0,0.2431958520995255,0
Commercial banking,External fraud,People,"Beijing,Macao",2000-09,0,0.09971084644420435,0,0.40398037662578157,0,0.2634633391296984,0
Commercial banking,External fraud,People,"Inner mongolia,Inner mongolia",2008-09,0,0.08412423608266223,0,0.42449597232431646,0,0.22373711511160968,0
Commercial banking,Internal fraud,External event,Anhui,2013-11,0,0.08960107775777582,0,0.423843267093566,0,0.2330500339178129,0
Commercial banking,Internal fraud,External event,"Beijing,Hunan,Guangdong,Sichuan,Hongkong",2013-09,0,0.09730649755199253,0,0.4168272929340471,0,0.26933800697811655,0
Commercial banking,Internal fraud,External event,"Heilongjiang,Shandong",2012-11,0,0.10962706072704603,0,0.42110045983653044,0,0.2661724827287415,0
Commercial banking,Internal fraud,External event,Henan,2018-02,0,0.06750869313732086,0,0.4239735020711502,0,0.23279965730465937,0
Commercial banking,Internal fraud,External event,Hubei,2008-05,0,0.06312389106328521,0,0.4245446005363817,0,0.22693770022149298,0
Commercial banking,Internal fraud,External event,"Hubei,Hunan",2013-04,0,0.14546065606418027,0,0.42260850638546377,0,0.2944733676581175,0
Commercial banking,Internal fraud,External event,"Shanxi,Liaoning,Jilin,Jiangsu,Anhui,Guangdong",2016-12,0,0.10525123538424569,0,0.41287597608495497,0,0.25843968766024505,0
Commercial banking,Internal fraud,External event,Yunnan,2000-03,0,0.07348657819120902,0,0.42455466461599534,0,0.259289096221155,0
Commercial banking,Internal fraud,External event,Zhejiang,2015-09,0,0.040280464988925804,0,0.4244466667282191,0,0.22688788978833074,0
Commercial banking,Internal fraud,People,Anhui,2004-08,0,0.06201087511183864,0,0.4248437586966075,0,0.2996680648594369,0
Commercial banking,Internal fraud,People,Anhui,2007-10,0,0.03895546741106073,0,0.42503344061585774,0,0.2925654968287238,0
Commercial banking,Internal fraud,People,Anhui,2011-07,0,0.12226234791479546,0,0.07000647482746837,0,0.34999934577294717,0
Commercial banking,Internal fraud,People,Anhui,2017-06,0,0.2823372075074741,0,0.4728073070179899,0,0.5135555471464733,1
Commercial banking,Internal fraud,People,Beijing,1997-09,0,0.1535640341479571,0,0.4224407727972224,0,0.3200501307307509,0
Commercial banking,Internal fraud,People,Beijing,2000-08,0,0.15796829079429123,0,0.45392122846754995,0,0.4217425299319211,0
Commercial banking,Internal fraud,People,Beijing,2001-06,0,0.2934393136011846,0,0.5006652264188822,0,0.5635987320269991,1
Commercial banking,Internal fraud,People,Beijing,2001-10,0,0.378309375887158,1,0.2960102015317848,0,0.6215522522315595,1
Commercial banking,Internal fraud,People,Beijing,2003-01,1,0.28930405950741883,0,0.022202169275155947,0,0.5614724103701719,1
Commercial banking,Internal fraud,People,Beijing,2003-04,1,0.7469270715380619,1,0.6395591174337527,0,0.8724907334787181,1
Commercial banking,Internal fraud,People,Beijing,2003-05,0,0.21668413325135266,0,0.6436211591162437,0,0.5478085268839081,1
Commercial banking,Internal fraud,People,Beijing,2004-09,0,0.23122329150097481,0,0.19997897423373925,0,0.6003988170830921,1
Commercial banking,Internal fraud,People,Beijing,2007-12,0,0.28015492333475833,0,0.08083569913153169,0,0.5424653995794155,1
Commercial banking,Internal fraud,People,Beijing,2008-04,0,0.28683459054105837,0,0.002891002915225465,0,0.6395884913964308,1
Commercial banking,Internal fraud,People,Beijing,2013-09,0,0.256943750604275,0,0.999416274576715,1,0.5330854219564979,1
Commercial banking,Internal fraud,People,Beijing,2016-09,0,0.17940104985538993,0,5.6442127302479126e-08,0,0.4852054660475634,0
Commercial banking,Internal fraud,People,"Beijing,Guangdong",2010-12,0,0.1760818290618601,0,0.4232583081926853,0,0.40734635707691375,0
Commercial banking,Internal fraud,People,"Beijing,Hebei,Shanghai,Shandong",2013-03,0,0.20130620119423562,0,0.4130281439088585,0,0.4164528487951164,0
Commercial banking,Internal fraud,People,"Beijing,Hebei,Zhejiang",2015-09,0,0.14464631992376398,0,0.328310751813091,0,0.37771755563684667,0
Commercial banking,Internal fraud,People,"Beijing,Heilongjiang",2014-03,0,0.1344312858427889,0,0.42299658537847684,0,0.39763775332530343,0
Commercial banking,Internal fraud,People,"Beijing,Heilongjiang,Hainan",2001-05,0,0.24287524481512776,0,0.41653840498987516,0,0.43531822670492876,0
Commercial banking,Internal fraud,People,"Beijing,Inner mongolia,Inner mongolia",2016-12,0,0.14442495000468653,0,0.41671654344131864,0,0.39604109517846037,0
Commercial banking,Internal fraud,People,"Beijing,Jiangsu",2011-06,0,0.14549131732893564,0,0.4226818026483734,0,0.40233779243420725,0
Commercial banking,Internal fraud,People,"Beijing,Jiangsu",2014-09,0,0.2066759015581354,0,0.4460708838047647,0,0.4798194433830697,0
Commercial banking,Internal fraud,People,"Beijing,Liaoning,Shandong,Guangdong,Ningxia,Xinjiang",2014-01,0,0.07757476734484182,0,0.42422944781365135,0,0.34330061406806106,0
Commercial banking,Internal fraud,People,"Beijing,Shandong",2011-10,0,0.16370999919238705,0,0.42140855859832094,0,0.40565241893985626,0
Commercial banking,Internal fraud,People,"Beijing,Shandong",2015-03,0,0.2142167049000144,0,0.3491027803166997,0,0.4671726823050389,0
Commercial banking,Internal fraud,People,"Beijing,Shanxi,Heilongjiang,Shanghai,Fujian,Jiangxi",2016-12,0,0.14120704743689194,0,0.4167164101847292,0,0.37395999449509093,0
Commercial banking,Internal fraud,People,"Beijing,Shanxi,Jilin",2012-06,0,0.1865518510938126,0,0.4057551695700335,0,0.42182002132466384,0
Commercial banking,Internal fraud,People,"Beijing,Tianjin",2018-07,0,0.04623289772357981,0,0.4243362684142883,0,0.3321874171046218,0
Commercial banking,Internal fraud,People,"Beijing,Tianjin,Inner mongolia,Gansu,Inner mongolia",2013-07,0,0.15448312806584003,0,0.3796900338991423,0,0.3826312893781599,0
Commercial banking,Internal fraud,People,"Beijing,Tibet",1992-10,0,0.20675296110104793,0,0.41452338085592155,0,0.40746454900158097,0
Commercial banking,Internal fraud,People,"Beijing,Zhejiang",2015-05,0,0.1947773547295207,0,0.40717260725515075,0,0.39323732062096106,0
Commercial banking,Internal fraud,People,Chongqing,1995-05,0,0.15767881191474764,0,0.4233327241592476,0,0.3848501366837254,0
Commercial banking,Internal fraud,People,Chongqing,1997-03,0,0.21202432856838652,0,0.44012034741520095,0,0.4792569216811375,0
Commercial banking,Internal fraud,People,Chongqing,2003-06,0,0.4049215171726703,1,0.5380557355717579,0,0.6063870464526239,1
Commercial banking,Internal fraud,People,Chongqing,2004-09,0,0.2088915103907502,0,0.40118299805835067,0,0.5553221111339355,1
Commercial banking,Internal fraud,People,Chongqing,2007-07,0,0.2060593250848383,0,0.09625156786452725,0,0.6078175213117056,1
Commercial banking,Internal fraud,People,Chongqing,2007-11,0,0.41722210207795013,1,0.5060182304548312,0,0.6020532936060913,1
Commercial banking,Internal fraud,People,"Chongqing,Shaanxi",2013-05,1,0.4991088853650655,1,0.41605904634769664,0,0.452939054042607,0
Commercial banking,Internal fraud,People,"Chongqing,Shaanxi",2013-07,0,0.3173615110527814,0,0.20129198148759622,0,0.5026869247976262,0
Commercial banking,Internal fraud,People,"Chongqing,Sichuan",2015-09,0,0.1489380078795843,0,0.05333908708626062,0,0.35750666532895853,0
Commercial banking,Internal fraud,People,"Chongqing,Yunnan",2013-02,0,0.2296930504201092,0,0.42349715220266765,0,0.40302673766766445,0
Commercial banking,Internal fraud,People,Fujian,2006-06,0,0.17506673190357663,0,0.4101776781296823,0,0.3773482561255004,0
Commercial banking,Internal fraud,People,Fujian,2012-01,0,0.4010227076458922,1,0.5998199486617802,0,0.5270591965559852,1
Commercial banking,Internal fraud,People,Fujian,2013-05,0,0.46083836269314227,1,0.6218285524651145,0,0.5611748485448874,1
Commercial banking,Internal fraud,People,Fujian,2013-08,0,0.3849620703791824,1,0.02674292524699094,0,0.5960591053067268,1
Commercial banking,Internal fraud,People,Gansu,1995-03,0,0.1873813043504068,0,0.3874415259491075,0,0.3702594618555065,0
Commercial banking,Internal fraud,People,Gansu,2004-04,0,0.3302399076319335,1,0.8262061393747138,1,0.4988983955518347,0
Commercial banking,Internal fraud,People,Gansu,2018-02,0,0.3549424172361719,1,0.8521721462339891,1,0.5144848529916213,1
Commercial banking,Internal fraud,People,Guangdong,1992-06,0,0.11652305613193471,0,0.42473251839669984,0,0.3607378055031391,0
Commercial banking,Internal fraud,People,Guangdong,1992-12,0,0.0991199408712675,0,0.43009494164487744,0,0.4561811314807509,0
Commercial banking,Internal fraud,People,Guangdong,1998-01,0,0.24951998052481378,0,0.45676257089649386,0,0.6280358134662836,1
Commercial banking,Internal fraud,People,Guangdong,2002-01,0,0.412648235946702,1,0.43211151440273277,0,0.7362444876047964,1
Commercial banking,Internal fraud,People,Guangdong,2002-12,0,0.395589800289268,1,0.3514669894127229,0,0.7520347862769755,1
Commercial banking,Internal fraud,People,Guangdong,2007-12,1,0.7172323106451755,1,0.4134368041151865,0,0.8356973674051296,1
Commercial banking,Internal fraud,People,Guangdong,2008-01,0,0.4763823951418591,1,0.2957334153639567,0,0.7130561024267068,1
Commercial banking,Internal fraud,People,Guangdong,2017-12,0,0.3187904533327002,0,0.4977104134204893,0,0.6774230039299829,1
Commercial banking,Internal fraud,People,"Guangdong,Hongkong",2002-10,0,0.14765955031892739,0,0.06698351682439806,0,0.39457197664628924,0
Commercial banking,Internal fraud,People,Guangxi,2005-12,0,0.1768124844646537,0,0.4168129055769274,0,0.38601694052444196,0
Commercial banking,Internal fraud,People,Guangxi,2013-10,0,0.346107270111056,1,0.48846519188110443,0,0.4590847296962851,0
Commercial banking,Internal fraud,People,Guangxi,2015-03,0,0.2670151068804013,0,0.8253687879954646,1,0.5450210392100584,1
Commercial banking,Internal fraud,People,Guizhou,1997-04,0,0.18161371530244283,0,0.4230092306672862,0,0.3885545303443147,0
Commercial banking,Internal fraud,People,Guizhou,1998-06,0,0.11582259607543985,0,0.45046446657525124,0,0.4482032944115196,0
Commercial banking,Internal fraud,People,Guizhou,2003-05,0,0.3560200481593071,1,0.4508435609638055,0,0.61914302109636,1
Commercial banking,Internal fraud,People,Hainan,1995-11,0,0.23541760155019295,0,0.4078455523560389,0,0.4810195333778308,0
Commercial banking,Internal fraud,People,Hainan,2000-04,0,0.27996888208699766,0,0.6333490700388729,0,0.522904652344912,1
Commercial banking,Internal fraud,People,Hainan,2002-12,0,0.20124310353130645,0,0.654331076415831,0,0.5511747722908138,1
Commercial banking,Internal fraud,People,Hainan,2009-09,0,0.22866358456728975,0,0.005897511483479009,0,0.5206129090895835,1
Commercial banking,Internal fraud,People,Hebei,2001-06,0,0.0933106800250052,0,0.42489963775097145,0,0.34121772234605086,0
Commercial banking,Internal fraud,People,Hebei,2011-04,0,0.058597406334993295,0,0.42525965569857294,0,0.3265685317392478,0
Commercial banking,Internal fraud,People,Hebei,2015-07,0,0.14672758295499672,0,0.42853879071455925,0,0.3839178530600266,0
Commercial banking,Internal fraud,People,"Hebei,Shanxi,Inner mongolia,Inner mongolia",2014-06,0,0.13794544599131808,0,0.4221852489117341,0,0.41834160186865726,0
Commercial banking,Internal fraud,People,"Hebei,Zhejiang",2015-09,0,0.14464631992376398,0,0.3283107517839497,0,0.37771755563684667,0
Commercial banking,Internal fraud,People,Heilongjiang,2001-03,0,0.13020794910544764,0,0.42356920322147407,0,0.3495452954282952,0
Commercial banking,Internal fraud,People,Heilongjiang,2006-10,0,0.1924011627006267,0,0.4184377714470127,0,0.40033806605511485,0
Commercial banking,Internal fraud,People,Heilongjiang,2015-06,0,0.4498953610652135,1,0.7107808331145056,1,0.5304779162884501,1
Commercial banking,Internal fraud,People,Henan,1999-07,0,0.16611386308886808,0,0.4236070314396681,0,0.3786009127281739,0
Commercial banking,Internal fraud,People,Henan,1999-11,0,0.19192241477762026,0,0.43071045685682197,0,0.4852200751517941,0
Commercial banking,Internal fraud,People,Henan,2003-11,1,0.715319137810527,1,0.5836371786639555,0,0.8121278825161407,1
Commercial banking,Internal fraud,People,Henan,2003-12,0,0.5426182248136722,1,0.47966658787075506,0,0.701231369674193,1
Commercial banking,Internal fraud,People,Henan,2004-12,0,0.35870009677221704,1,0.03662922483237237,0,0.6963940471547084,1
Commercial banking,Internal fraud,People,Henan,2012-07,0,0.5847816219186758,1,0.6428293287552828,0,0.6740585021048011,1
Commercial banking,Internal fraud,People,Henan,2014-03,0,0.41283907239912504,1,0.4104872613257615,0,0.6443745133767645,1
Commercial banking,Internal fraud,People,Henan,2015-04,0,0.35494702951013757,1,0.5668755522861464,0,0.5872538240454587,1
Commercial banking,Internal fraud,People,Henan,2017-02,0,0.4271460561146962,1,0.697016616098305,0,0.6235490400803937,1
Commercial banking,Internal fraud,People,Henan,2019-08,0,0.09183557604794672,0,0.7160266606069976,1,0.48429980034364917,0
Commercial banking,Internal fraud,People,Hongkong,2002-10,0,0.16761697344418888,0,0.4199265795332572,0,0.41654607807296284,0
Commercial banking,Internal fraud,People,Hongkong,2006-08,0,0.19724032314161097,0,0.4073528462956736,0,0.4555512946335684,0
Commercial banking,Internal fraud,People,Hubei,2000-06,0,0.14616015122315165,0,0.42379251994510997,0,0.360887555439654,0
Commercial banking,Internal fraud,People,Hubei,2006-09,0,0.1777267044266403,0,0.436268304450979,0,0.4155262136999124,0
Commercial banking,Internal fraud,People,Hubei,2008-01,0,0.33798382178031644,1,0.478292422871715,0,0.5427101552886685,1
Commercial banking,Internal fraud,People,Hunan,2001-01,0,0.1602525762769633,0,0.40386921441955875,0,0.3579845886788693,0
Commercial banking,Internal fraud,People,Hunan,2001-09,0,0.17204470216598833,0,0.6753503699186417,0,0.4457738351701814,0
Commercial banking,Internal fraud,People,Hunan,2003-09,0,0.06005658892392336,0,0.6972806335303906,0,0.48926181377929434,0
Commercial banking,Internal fraud,People,Hunan,2004-11,0,0.23991068274558927,0,0.00205325998898476,0,0.486463996196345,0
Commercial banking,Internal fraud,People,Hunan,2005-04,0,0.34493379588062484,1,0.6284463458333372,0,0.5681724781993973,1
Commercial banking,Internal fraud,People,Hunan,2005-11,0,0.47281975084564,1,0.6838101747177842,0,0.622885496412913,1
Commercial banking,Internal fraud,People,Hunan,2010-06,0,0.4236413661009581,1,0.9636790192669669,1,0.6773379306397754,1
Commercial banking,Internal fraud,People,Hunan,2011-04,0,0.42188689007441715,1,0.4338150160236013,0,0.6950456377426096,1
Commercial banking,Internal fraud,People,Hunan,2013-01,1,0.7436867089961332,1,0.7408726102959415,1,0.8556138545855477,1
Commercial banking,Internal fraud,People,Hunan,2013-02,0,0.4690154366091481,1,0.8562875764192293,1,0.7503121176390596,1
Commercial banking,Internal fraud,People,Inner mongolia,2006-04,0,0.2005654818568078,0,0.413819269830445,0,0.4190468299026054,0
Commercial banking,Internal fraud,People,"Inner mongolia,Inner mongolia",2012-08,0,0.1455331443921436,0,0.42324665985838433,0,0.3950209277870174,0
Commercial banking,Internal fraud,People,"Inner mongolia,Inner mongolia",2014-11,0,0.18371876892294192,0,0.4396288996689418,0,0.4555977777325353,0
Commercial banking,Internal fraud,People,Jiangsu,1998-01,0,0.17424704103293384,0,0.39789815080023366,0,0.3565903353768166,0
Commercial banking,Internal fraud,People,Jiangsu,1998-04,0,0.2503575906795911,0,0.7376229317162164,1,0.4277594716762015,0
Commercial banking,Internal fraud,People,Jiangsu,2003-03,0,0.3660634414554152,1,0.7586891905030956,1,0.5162803987563457,1
Commercial banking,Internal fraud,People,Jiangsu,2004-09,0,0.2919153060196519,0,0.00045183764551515973,0,0.5455148615635885,1
Commercial banking,Internal fraud,People,Jiangsu,2015-01,0,0.43517183617266114,1,0.89322387998158,1,0.6140596164137897,1
Commercial banking,Internal fraud,People,"Jiangsu,Hubei",2019-07,0,0.04680174231568022,0,0.42429546780050514,0,0.3329375583370354,0
Commercial banking,Internal fraud,People,"Jiangsu,Qinghai",2013-04,0,0.08961187480436374,0,0.4244882171495417,0,0.33960434213822505,0
Commercial banking,Internal fraud,People,Jiangxi,2008-08,0,0.15642814532926436,0,0.42317831598530914,0,0.3619890550298167,0
Commercial banking,Internal fraud,People,Jilin,1999-11,1,0.5002214957616579,1,0.4240120548119684,0,0.5644313354051897,1
Commercial banking,Internal fraud,People,Jilin,1999-12,1,0.1734038039305199,0,0.41888300364736214,0,0.4752177147273532,0
Commercial banking,Internal fraud,People,Jilin,2000-02,0,0.3724314137308111,1,0.7251957848319948,1,0.5835217397104493,1
Commercial banking,Internal fraud,People,Jilin,2003-04,0,0.18798954245879582,0,0.6444881112436532,0,0.49916181850083413,0
Commercial banking,Internal fraud,People,Jilin,2006-09,0,0.23456923873807392,0,0.08816816293341827,0,0.5323777580841377,1
Commercial banking,Internal fraud,People,Jilin,2009-11,0,0.1849486128856066,0,0.9929498136673816,1,0.5326483035052791,1
Commercial banking,Internal fraud,People,Jilin,2013-04,0,0.26282568806495415,0,1.0957740434598839e-10,0,0.5574405494370446,1
Commercial banking,Internal fraud,People,Jilin,2015-08,0,0.2700558557402959,0,0.9994786875479483,1,0.6163728694170371,1
Commercial banking,Internal fraud,People,"Jilin,Jiangsu",2014-03,0,0.18296414148274057,0,0.41103439839525124,0,0.4104515190963854,0
Commercial banking,Internal fraud,People,Liaoning,1996-12,0,0.1888639009932466,0,0.42313743663127273,0,0.3441759037313263,0
Commercial banking,Internal fraud,People,Liaoning,2000-09,0,0.1832852967568596,0,0.4144032659876192,0,0.40238261092194566,0
Commercial banking,Internal fraud,People,Liaoning,2002-07,0,0.35551247708816375,1,0.8150936077119639,1,0.5165409550810681,1
Commercial banking,Internal fraud,People,Liaoning,2005-03,0,0.4008659000021622,1,0.7643648251494741,1,0.4910345300060313,0
Commercial banking,Internal fraud,People,Liaoning,2008-12,0,0.2775265400380037,0,6.874136429374423e-05,0,0.5364442411159497,1
Commercial banking,Internal fraud,People,"Liaoning,Hubei,Chongqing",2013-10,0,0.1589181798530621,0,1.4416711810738514e-07,0,0.3704225857531992,0
Commercial banking,Internal fraud,People,"Liaoning,Jilin,Henan",2009-04,0,0.11065488418098629,0,0.42403076998634015,0,0.41034660675398554,0
Commercial banking,Internal fraud,People,Shaanxi,1997-09,0,0.17132491507124795,0,0.4065134326495679,0,0.3605249406913059,0
Commercial banking,Internal fraud,People,Shaanxi,1999-08,0,0.2813905624580306,0,0.6441425920974678,0,0.41844071495323404,0
Commercial banking,Internal fraud,People,Shaanxi,2001-05,1,0.35740315221628793,1,0.7087257490830717,1,0.5158517848662598,1
Commercial banking,Internal fraud,People,Shaanxi,2001-07,0,0.13563944637755532,0,0.003733546982376407,0,0.42284994303471735,0
Commercial banking,Internal fraud,People,Shaanxi,2003-01,1,0.3329712397041286,1,0.9592891569636409,1,0.5198120988291822,1
Commercial banking,Internal fraud,People,Shaanxi,2003-04,0,0.44544677319103,1,0.9930079021097611,1,0.5548830451497136,1
Commercial banking,Internal fraud,People,Shaanxi,2007-03,0,0.21951689429024868,0,8.06615281295677e-09,0,0.496487037711052,0
Commercial banking,Internal fraud,People,Shaanxi,2014-04,0,0.39709240884586855,1,0.9605418678977344,1,0.5770756391997589,1
Commercial banking,Internal fraud,People,Shandong,2000-12,0,0.11535871427203712,0,0.4249649697807095,0,0.34970087184665266,0
Commercial banking,Internal fraud,People,Shandong,2011-03,0,0.059776931638952736,0,0.42514436119047544,0,0.3512719689678392,0
Commercial banking,Internal fraud,People,Shandong,2012-10,0,0.11748065171171695,0,0.4166107210049659,0,0.3774551207777412,0
Commercial banking,Internal fraud,People,Shandong,2014-04,0,0.30891110493914803,0,0.5438225698417096,0,0.5373186687615006,1
Commercial banking,Internal fraud,People,Shandong,2015-12,0,0.3486920753034502,1,0.5511560528581508,0,0.5675650423197977,1
Commercial banking,Internal fraud,People,Shandong,2016-03,0,0.32975877972232137,1,0.04338277740170837,0,0.5980565185732808,1
Commercial banking,Internal fraud,People,"Shandong,Hongkong",2014-12,0,0.16486879129608958,0,0.4052998273425463,0,0.3995979507390091,0
Commercial banking,Internal fraud,People,"Shandong,Yunnan,Hongkong",2017-04,0,0.16872270357231883,0,0.2976467525376088,0,0.39542401920786324,0
Commercial banking,Internal fraud,People,Shanghai,1999-03,0,0.1716164178346451,0,0.4114375675978924,0,0.39956354658480725,0
Commercial banking,Internal fraud,People,Shanghai,2001-01,1,0.6510587159155002,1,0.5546217445239013,0,0.7703493419441827,1
Commercial banking,Internal fraud,People,Shanghai,2001-04,0,0.37290789998231844,1,0.8938168270967862,1,0.650344996800925,1
Commercial banking,Internal fraud,People,Shanghai,2001-11,0,0.13991023205150369,0,0.09262653905408481,0,0.5211566913530828,1
Commercial banking,Internal fraud,People,Shanghai,2005-10,0,0.32765855048102527,1,0.0009745983533928547,0,0.6381420564725251,1
Commercial banking,Internal fraud,People,Shanghai,2008-11,0,0.5561440699228111,1,0.9788295232657905,1,0.7035772972466287,1
Commercial banking,Internal fraud,People,Shanghai,2009-03,0,0.33238022359460323,1,3.559795583695983e-05,0,0.6787056280952551,1
Commercial banking,Internal fraud,People,Shanghai,2009-11,1,0.7153185437230378,1,0.9986932455896237,1,0.8698052956725619,1
Commercial banking,Internal fraud,People,Shanghai,2010-01,0,0.5356496515890883,1,0.9920094111005251,1,0.7356668135807788,1
Commercial banking,Internal fraud,People,"Shanghai,Jiangsu",2011-09,0,0.15291968381840673,0,0.4229130378700504,0,0.39820849253025214,0
Commercial banking,Internal fraud,People,"Shanghai,Jiangsu,Zhejiang,Chongqing",2014-03,0,0.11946117583913733,0,0.4191009547669792,0,0.3990772235041656,0
Commercial banking,Internal fraud,People,"Shanghai,Sichuan",2016-01,0,0.16984047558849494,0,0.10438499479830371,0,0.38062658678915445,0
Commercial banking,Internal fraud,People,"Shanghai,Zhejiang",2012-02,0,0.13399827211594695,0,0.42187371207119506,0,0.404419582420652,0
Commercial banking,Internal fraud,People,"Shanghai,Zhejiang,Anhui,Sichuan",2008-07,0,0.16371023086312836,0,0.4210171255431753,0,0.4161399840303044,0
Commercial banking,Internal fraud,People,"Shanghai,Zhejiang,Chongqing",2013-12,0,0.1764647308977109,0,0.4214492306073581,0,0.40699004344650885,0
Commercial banking,Internal fraud,People,Shanxi,1998-07,0,0.1304321879485153,0,0.42428388234108044,0,0.39190911708463005,0
Commercial banking,Internal fraud,People,Shanxi,2001-05,0,0.2101890920138761,0,0.42776872218602463,0,0.4980683370752656,0
Commercial banking,Internal fraud,People,Shanxi,2004-05,0,0.2873083866014,0,0.4835583558045595,0,0.5785590018150514,1
Commercial banking,Internal fraud,People,Shanxi,2014-07,0,0.5137695986877504,1,0.816422802109244,1,0.6404523184617184,1
Commercial banking,Internal fraud,People,Shanxi,2015-10,0,0.3093565779310101,0,0.4215889219927285,0,0.6403456972129766,1
Commercial banking,Internal fraud,People,"Shanxi,Jiangsu,Zhejiang",2011-06,0,0.1585971407936677,0,0.42345432723354826,0,0.41518566451550126,0
Commercial banking,Internal fraud,People,Sichuan,1994-06,0,0.1478629320988437,0,0.42330876071525725,0,0.38184065297494013,0
Commercial banking,Internal fraud,People,Sichuan,2000-11,0,0.1589036869697741,0,0.447228822776792,0,0.47967136277614286,0
Commercial banking,Internal fraud,People,Sichuan,2007-06,0,0.38347985798603484,1,0.46077959367289184,0,0.6268711868195891,1
Commercial banking,Internal fraud,People,Sichuan,2009-12,0,0.3814124899066665,1,0.3147465960709717,0,0.6781636371511894,1
Commercial banking,Internal fraud,People,Sichuan,2012-03,0,0.39155266562274976,1,0.41355898039978917,0,0.669595679046703,1
Commercial banking,Internal fraud,People,Sichuan,2014-02,1,0.7721163987801792,1,0.5685882701232793,0,0.8800390280546347,1
Commercial banking,Internal fraud,People,Sichuan,2014-05,0,0.30775116371670336,0,0.4465634660546655,0,0.5879302318664383,1
Commercial banking,Internal fraud,People,Sichuan,2015-03,0,0.31760768379974647,0,0.09701492065957279,0,0.6315618839088034,1
Commercial banking,Internal fraud,People,"Sichuan,Tibet",2014-06,0,0.13794544599131808,0,0.42111258523222467,0,0.4179643980966195,0
Commercial banking,Internal fraud,People,Tianjin,1999-07,0,0.1377489991390396,0,0.42466993569995376,0,0.3793637644801526,0
Commercial banking,Internal fraud,People,Tianjin,1999-10,0,0.12144180246999585,0,0.42749137868615406,0,0.4271459788207585,0
Commercial banking,Internal fraud,People,Tianjin,2000-03,0,0.23214002602039016,0,0.45387472627437103,0,0.5536292151844886,1
Commercial banking,Internal fraud,People,Tianjin,2002-02,0,0.05958047731702707,0,0.45300575775796126,0,0.5544982214395856,1
Commercial banking,Internal fraud,People,Tianjin,2002-07,0,0.2839071915875569,0,0.3152920273292007,0,0.595762805975831,1
Commercial banking,Internal fraud,People,Tianjin,2003-10,0,0.29961227817505287,0,0.3222794238323316,0,0.6073087683688819,1
Commercial banking,Internal fraud,People,"Tianjin,Fujian",2014-04,0,0.2835554417784732,0,0.3397478390082223,0,0.4253213779762662,0
Commercial banking,Internal fraud,People,"Tianjin,Fujian",2015-04,0,0.3140149049645136,0,0.9769267996087505,1,0.49450232929089,0
Commercial banking,Internal fraud,People,Tibet,2001-04,0,0.20322381677279588,0,0.41082025845572084,0,0.4152744266681316,0
Commercial banking,Internal fraud,People,Xinjiang,2019-07,0,0.08137154675982584,0,0.42397043702529286,0,0.3339711259015771,0
Commercial banking,Internal fraud,People,Yunnan,2002-10,0,0.17075807786740468,0,0.42260754363624337,0,0.4153342633270494,0
Commercial banking,Internal fraud,People,Yunnan,2006-11,0,0.19121499438294282,0,0.45238880284248634,0,0.4555416119176158,0
Commercial banking,Internal fraud,People,Yunnan,2011-11,0,0.3595250558054686,1,0.458293497591097,0,0.6473871732076784,1
Commercial banking,Internal fraud,People,Yunnan,2013-08,0,0.20850906826966403,0,0.2747150753322962,0,0.6087079635386913,1
Commercial banking,Internal fraud,People,Yunnan,2014-06,1,0.7512385650797759,1,0.8312885654646849,1,0.816210933985166,1
Commercial banking,Internal fraud,People,Yunnan,2014-07,0,0.4534611025405412,1,0.7544969518483371,1,0.7130051189169968,1
Commercial banking,Internal fraud,People,Yunnan,2019-06,0,0.07338712765668563,0,8.615614227706191e-05,0,0.5428088724260663,1
Commercial banking,Internal fraud,People,Zhejiang,1999-01,0,0.14527177168739147,0,0.4236078854532394,0,0.3529257763892519,0
Commercial banking,Internal fraud,People,Zhejiang,2000-05,0,0.165446926921736,0,0.4407523974856113,0,0.4897957675164876,0
Commercial banking,Internal fraud,People,Zhejiang,2002-03,0,0.4013601253440484,1,0.4627327662336337,0,0.6244734733681473,1
Commercial banking,Internal fraud,People,Zhejiang,2008-12,1,0.6513416585492884,1,0.35353405548522443,0,0.8219741039842304,1
Commercial banking,Internal fraud,People,Zhejiang,2009-03,0,0.3948399899371282,1,0.34060283072059466,0,0.6436120434833543,1
Commercial banking,Internal fraud,People,Zhejiang,2012-01,0,0.3640822934219914,1,3.5310461749950314e-06,0,0.643952462325007,1
Commercial banking,Internal fraud,People,Zhejiang,2014-08,0,0.22513278138831802,0,0.7261264870923483,1,0.5359850239596379,1
Commercial banking,Internal fraud,People,Zhejiang,2016-01,0,0.32485346775990775,1,0.9999357347961721,1,0.5563519339305274,1
Commercial banking,Internal fraud,People,Zhejiang,2018-10,0,0.18843495147428274,0,0.3679609765483434,0,0.5131161109984445,1
Commercial banking,Internal fraud,People,Zhejiang,2019-11,0,0.21469318976249363,0,3.878667793852057e-20,0,0.5659894662642931,1
Commercial banking,Internal fraud,People,"Zhejiang,Henan",2014-11,0,0.1616755652819307,0,0.4200341270865144,0,0.41382691406192396,0
Commercial banking,Internal fraud,People,"Zhejiang,Hunan",2013-11,0,0.18251678590844383,0,0.4206779895650483,0,0.41722937370415775,0
Commercial banking,Internal fraud,People,"Zhejiang,Shandong",2013-03,0,0.15744469822508186,0,0.41835410253535743,0,0.4128648377860335,0
Commercial banking,Internal fraud,People,"Zhejiang,Shandong,Xinjiang",2007-06,0,0.14300719573559667,0,0.42306070080069164,0,0.41861696453439345,0
Commercial banking,Internal fraud,Process,Anhui,2008-04,0,0.1555547236265568,0,0.4151666413307789,0,0.17805234460818883,0
Commercial banking,Internal fraud,Process,"Beijing,Guangxi",2017-12,0,0.04769425881275524,0,0.4243762000954123,0,0.1554573022117521,0
Commercial banking,Internal fraud,Process,"Beijing,Tianjin,Shanxi,Shanghai",2018-12,0,0.10139158132665278,0,0.4170277326867398,0,0.17918486100019318,0
Commercial banking,Internal fraud,Process,Jiangsu,2011-08,0,0.05341354225525227,0,0.4244201285642058,0,0.15862640176211937,0
Corporate finance,"Clients, products & business practices",Process,"Tianjin,Shanghai,Jiangsu",2018-03,0,0.028886279361166074,0,0.4234669485024737,0,0.10815082448634948,0
Corporate finance,"Execution, delivery & process management",Process,Beijing,2019-09,0,0.023946580046581775,0,0.42414407165588947,0,0.18506571706110714,0
Corporate finance,"Execution, delivery & process management",Process,"Heilongjiang,Henan,Hubei",2018-06,0,0.08531443030640103,0,0.4243170145127462,0,0.15872545808982955,0
Corporate finance,External fraud,External event,"Beijing,Hebei,Shanxi,Shanghai",2014-05,0,0.13098009029469196,0,0.4091202641187458,0,0.3033094689922624,0
Corporate finance,External fraud,External event,"Beijing,Hebei,Shanxi,Shanghai",2015-04,0,0.47279380843396307,1,0.5843443903807589,0,0.5715953904361147,1
Corporate finance,External fraud,External event,"Beijing,Hebei,Shanxi,Shanghai",2015-08,1,0.6599961124304443,1,0.8442768732619577,1,0.8211912804992073,1
Corporate finance,External fraud,External event,"Beijing,Hebei,Shanxi,Shanghai",2015-09,0,0.23194228166717704,0,0.11698406143975862,0,0.6158567010251506,1
Corporate finance,Internal fraud,People,Beijing,2000-02,0,0.0568677308803203,0,0.42482732232066006,0,0.2575961711492336,0
Corporate finance,Internal fraud,People,Hunan,2008-08,0,0.048310724769149396,0,0.42466716679067934,0,0.25538314572770554,0
No business line,Business disruption and system failures,System,"Beijing,Shanghai",2018-04,0,0.08286348837889769,0,0.42434072905617687,0,0.2708224402483839,0
No business line,"Clients, products & business practices",External event,"Hunan,Guangdong",2015-12,0,0.03343183214587955,0,0.4244643958496953,0,0.05254878119562555,0
No business line,"Clients, products & business practices",People,Shanghai,2003-03,0,0.055155796088350036,0,0.4249036371863991,0,0.11289061825042034,0
No business line,"Clients, products & business practices",People,"Shanghai,Zhejiang,Guizhou,Inner mongolia",2016-04,0,0.009078029459328627,0,0.42442199845461737,0,0.0543299107850889,0
No business line,"Clients, products & business practices",Process,Beijing,2018-04,0,0.025363209323594715,0,0.42435368723432043,0,0.06187422577637129,0
No business line,Damage to physical assets,External event,Chongqing,2004-09,0,0.04728951192553604,0,0.42371202698780697,0,0.10241662880090657,0
No business line,Damage to physical assets,External event,Chongqing,2007-07,0,0.10416910496089511,0,0.43783098619328764,0,0.22249219833608075,0
No business line,Damage to physical assets,External event,Fujian,2001-06,0,0.04340787311841929,0,0.42498218877369065,0,0.10046202416323237,0
No business line,Damage to physical assets,External event,Guangdong,2000-07,0,0.04945798931314522,0,0.42499479412138186,0,0.10586349664981966,0
No business line,Damage to physical assets,External event,Guangdong,2000-08,0,0.04423939361902617,0,0.4248645856552861,0,0.14300748680061426,0
No business line,Damage to physical assets,External event,Heilongjiang,2001-06,0,0.05710730899024356,0,0.4249833090694052,0,0.08762795981206901,0
No business line,Damage to physical assets,External event,Heilongjiang,2001-08,0,0.005771928123586067,0,0.42383331581933886,0,0.08870093471905949,0
No business line,Damage to physical assets,External event,Inner mongolia,2001-06,0,0.046170479811518894,0,0.4249830722834263,0,0.10851687331371036,0
No business line,Damage to physical assets,External event,Liaoning,2001-05,0,0.04530087723364563,0,0.4249819272771692,0,0.0911087276704884,0
No business line,Damage to physical assets,External event,Sichuan,2008-05,0,0.028421695900043453,0,0.42427938747967353,0,0.13288228019984086,0
No business line,Employment practices and workplace safety,People,"Beijing,Jiangsu,Zhejiang,Jiangxi,Guangdong",2012-02,0,0.024708316574179597,0,0.424568507864045,0,0.10271099560587299,0
No business line,Employment practices and workplace safety,People,"Beijing,Jilin",2018-12,0,0.029221148764422337,0,0.4242965592538479,0,0.08950159423953619,0
No business line,Employment practices and workplace safety,People,"Beijing,Shandong",2019-06,0,0.022131019469628203,0,0.42430285792590405,0,0.0936639228707577,0
No business line,Employment practices and workplace safety,People,Henan,2018-12,0,0.024148652317514563,0,0.42434712021629817,0,0.10809128336646844,0
No business line,Employment practices and workplace safety,Process,Beijing,2017-05,0,0.01090148640166986,0,0.4243696261755307,0,0.10304176624209575,0
No business line,Employment practices and workplace safety,Process,Beijing,2017-07,0,0.011886072013465254,0,0.42466705306446495,0,0.12501952847379166,0
No business line,Employment practices and workplace safety,Process,Hubei,2004-12,0,0.03331161300777118,0,0.4248708159454626,0,0.054839010894157866,0
No business line,Employment practices and workplace safety,Process,"Tianjin,Jilin,Shanghai,Hubei",2016-04,0,0.008515282401214118,0,0.42442232781383205,0,0.07403477074385756,0
No business line,Employment practices and workplace safety,System,Liaoning,2005-07,0,0.03360663347200175,0,0.4248355075042436,0,0.0499575505488023,0
No business line,"Execution, delivery & process management",People,"Beijing,Sichuan",2018-08,0,0.03265144172082543,0,0.42412313444935,0,0.07740749593366685,0
No business line,"Execution, delivery & process management",People,Liaoning,2019-04,0,0.03578881815057665,0,0.42429075959524076,0,0.06687883914254975,0
No business line,"Execution, delivery & process management",Process,Beijing,2017-12,0,0.011219508585181639,0,0.4243840082593575,0,0.1019535362536317,0
No business line,"Execution, delivery & process management",Process,"Beijing,Guizhou",2017-09,0,0.01213108588030427,0,0.42437671031882435,0,0.05902481575990848,0
No business line,"Execution, delivery & process management",Process,"Beijing,Jiangxi",2019-08,0,0.008655326274163886,0,0.42431084840250166,0,0.06157878771066663,0
No business line,"Execution, delivery & process management",Process,"Beijing,Zhejiang",2017-12,0,0.023394963214549966,0,0.4243600171274361,0,0.05551717506182984,0
No business line,"Execution, delivery & process management",Process,Hebei,2018-12,0,0.015037416029849645,0,0.42434709788799463,0,0.05475959821455643,0
No business line,"Execution, delivery & process management",Process,Hunan,2016-06,0,0.019029400451684594,0,0.42437130620353264,0,0.07657367955633837,0
No business line,"Execution, delivery & process management",Process,"Inner mongolia,Inner mongolia",2018-09,0,0.015370522500022582,0,0.42433980123755904,0,0.05728676554708247,0
No business line,"Execution, delivery & process management",Process,Jiangsu,2019-08,0,0.01237729808878063,0,0.42430300940690485,0,0.06082936436143554,0
No business line,"Execution, delivery & process management",Process,Liaoning,2018-06,0,0.020020963615687226,0,0.4243053727662931,0,0.07089148564048069,0
No business line,"Execution, delivery & process management",Process,"Tianjin,Hunan",2018-09,0,0.01213108588030427,0,0.424335634139125,0,0.053927770068255006,0
No business line,"Execution, delivery & process management",Process,Tibet,2017-12,0,0.024693645294591365,0,0.4243918205949792,0,0.05495551367149056,0
No business line,External fraud,External event,Beijing,2009-05,0,0.04579194270573062,0,0.4246829263448607,0,0.23472516404469612,0
No business line,External fraud,External event,Beijing,2009-07,0,0.055580003647005126,0,0.4247488456701645,0,0.2315389335452696,0
No business line,External fraud,External event,Jilin,2005-05,0,0.06390484306094442,0,0.4247656340853926,0,0.24240888371277383,0
No business line,Internal fraud,People,Anhui,2000-09,0,0.04763650236684851,0,0.4249938957444257,0,0.1856437538092116,0
No business line,Internal fraud,People,Anhui,2000-10,0,0.03321407803095747,0,0.4253160247192376,0,0.1778737825580554,0
No business line,Internal fraud,People,Anhui,2001-12,0,0.029656541385416013,0,0.425436217568787,0,0.23351694145118354,0
No business line,Internal fraud,People,Anhui,2007-02,0,0.1308195837641103,0,0.4232713654860904,0,0.3272722388310237,0
No business line,Internal fraud,People,Anhui,2009-01,0,0.06025810433603591,0,0.4248888982341895,0,0.3471253446452519,0
No business line,Internal fraud,People,Beijing,1995-02,0,0.06400733032545083,0,0.4245942314594374,0,0.20840561060683882,0
No business line,Internal fraud,People,Beijing,1997-03,0,0.10099036142771257,0,0.4319315923085795,0,0.27424717978267066,0
No business line,Internal fraud,People,Beijing,2011-12,0,0.267447564254831,0,0.41658675205371665,0,0.45606294603658964,0
No business line,Internal fraud,People,"Beijing,Chongqing",2017-10,0,0.05382867906270286,0,0.42433771998772163,0,0.2195148720528592,0
No business line,Internal fraud,People,"Beijing,Jiangsu",2017-12,0,0.04574303514228293,0,0.42438207034313497,0,0.2064484610913573,0
No business line,Internal fraud,People,Chongqing,2003-06,0,0.03662248620714551,0,0.4248901904802855,0,0.2209207683936204,0
No business line,Internal fraud,People,Fujian,1988-06,0,0.05398890955325398,0,0.4253524409863513,0,0.19581402969066689,0
No business line,Internal fraud,People,Fujian,1996-12,0,0.04247201978429728,0,0.4261727952305432,0,0.18277298040825563,0
No business line,Internal fraud,People,Fujian,2001-07,0,0.035607508891613474,0,0.43011941374293977,0,0.2506444727645126,0
No business line,Internal fraud,People,Gansu,2005-08,0,0.06243657254649079,0,0.4248109905805151,0,0.2071283084536219,0
No business line,Internal fraud,People,Gansu,2008-03,0,0.031324530929034464,0,0.42491810939763064,0,0.22268672582039475,0
No business line,Internal fraud,People,Guangdong,1995-11,0,0.07210958662904289,0,0.4251695960207212,0,0.22221072787428406,0
No business line,Internal fraud,People,Guangdong,1997-01,0,0.03060333678502231,0,0.4253466325588325,0,0.22163415968327424,0
No business line,Internal fraud,People,Guangdong,1998-12,0,0.10687162432371015,0,0.2665001576500839,0,0.27161012464545514,0
No business line,Internal fraud,People,Guangdong,2000-02,0,0.23910289706339583,0,0.45163259231008146,0,0.5600094861109752,1
No business line,Internal fraud,People,Guangdong,2000-03,0,0.1886694001973834,0,0.4518322940201758,0,0.460181964892674,0
No business line,Internal fraud,People,Guangdong,2001-09,0,0.22034636117675135,0,0.29433217324286903,0,0.40913137372389463,0
No business line,Internal fraud,People,Guangdong,2002-05,0,0.2517234586278214,0,0.39715398239530303,0,0.4155776822787806,0
No business line,Internal fraud,People,Guangdong,2004-09,0,0.24381870871971037,0,0.45798260936145535,0,0.5047304596781813,0
No business line,Internal fraud,People,Guangdong,2006-05,0,0.05328530560831043,0,0.5261015954563917,0,0.41813293614414154,0
No business line,Internal fraud,People,Guangxi,2001-02,0,0.043830667099101245,0,0.4248383805166227,0,0.21692939686901175,0
No business line,Internal fraud,People,Heilongjiang,1999-03,0,0.06680825323565419,0,0.42482538535256015,0,0.2025905652234698,0
No business line,Internal fraud,People,Heilongjiang,2002-11,0,0.04872001452410815,0,0.4270484003554294,0,0.21929214716243717,0
No business line,Internal fraud,People,Heilongjiang,2005-01,0,0.1513843041783345,0,0.43566777637854376,0,0.303025933043592,0
No business line,Internal fraud,People,Heilongjiang,2006-05,0,0.26193922137045234,0,0.4172734646065517,0,0.4309609757260055,0
No business line,Internal fraud,People,Heilongjiang,2007-10,0,0.13235980254891536,0,0.3954142182144384,0,0.3262278919633987,0
No business line,Internal fraud,People,Henan,1996-03,0,0.07273758196289022,0,0.4246114820536991,0,0.2649995408163349,0
No business line,Internal fraud,People,Henan,1999-04,0,0.019893348770544574,0,0.43168677480719236,0,0.29615894750199623,0
No business line,Internal fraud,People,Henan,2001-01,0,0.21814797525260668,0,0.43205562230593264,0,0.515125056106436,1
No business line,Internal fraud,People,Henan,2001-08,0,0.14333031790759126,0,0.39068684228965905,0,0.4492493434201775,0
No business line,Internal fraud,People,Henan,2005-12,0,0.24302871746087704,0,0.43580068638198405,0,0.4970508464289201,0
No business line,Internal fraud,People,Henan,2007-01,1,0.6194782984944122,1,0.4166317904674742,0,0.7325974467093505,1
No business line,Internal fraud,People,Henan,2007-04,0,0.2880289629310193,0,0.43939444050060317,0,0.5639727343428966,1
No business line,Internal fraud,People,Henan,2007-07,0,0.35804922997697003,1,0.45420362426277705,0,0.5992326598177902,1
No business line,Internal fraud,People,Hubei,2003-03,0,0.05553620859677978,0,0.42459885609643133,0,0.19024437765957858,0
No business line,Internal fraud,People,Hubei,2006-11,0,0.0395253445386848,0,0.42839800498742003,0,0.18133458734728222,0
No business line,Internal fraud,People,Hubei,2009-08,0,0.06713559524708874,0,0.4299168305337445,0,0.2293196468966407,0
No business line,Internal fraud,People,Hunan,2018-03,0,0.03449104498284059,0,0.42425370180880795,0,0.20625698444399215,0
No business line,Internal fraud,People,Inner mongolia,1998-09,0,0.05711078770144982,0,0.42478772576002294,0,0.22249414258206404,0
No business line,Internal fraud,People,Jiangsu,2001-08,0,0.04584845750915769,0,0.4249241708462747,0,0.21011883860140182,0
No business line,Internal fraud,People,Jiangsu,2002-08,0,0.024481824462467668,0,0.42553861498761913,0,0.20634739032383498,0
No business line,Internal fraud,People,Jiangsu,2003-09,0,0.01639588003228821,0,0.4269142583838478,0,0.2723716429178136,0
No business line,Internal fraud,People,Jiangxi,1995-07,0,0.10341962864380685,0,0.42016149669588837,0,0.22553277369200705,0
No business line,Internal fraud,People,Jilin,2001-04,0,0.07183227786618121,0,0.42492319466719025,0,0.3113204781396874,0
No business line,Internal fraud,People,Jilin,2004-06,0,0.04066481959292955,0,0.42553608412440286,0,0.28466121579330517,0
No business line,Internal fraud,People,"Jilin,Heilongjiang,Jiangsu,Shandong,Henan,Hunan,Sichuan,Yunnan",1988-12,0,0.1223953440623223,0,0.42449179097139206,0,0.24267778690712713,0
No business line,Internal fraud,People,Liaoning,1996-09,0,0.050329869586093846,0,0.42510151855059364,0,0.17371643249861463,0
No business line,Internal fraud,People,Liaoning,2004-03,0,0.06913516887957158,0,0.3047947972613152,0,0.1995959815821357,0
No business line,Internal fraud,People,Liaoning,2005-12,0,0.2030328332545854,0,0.9973845644882658,1,0.28674116567871766,0
No business line,Internal fraud,People,Ningxia,1998-02,0,0.060095621011409056,0,0.42495107911602553,0,0.22527138785280576,0
No business line,Internal fraud,People,Ningxia,2002-09,0,0.052026948761211396,0,0.41850127440729756,0,0.19702064656387483,0
No business line,Internal fraud,People,Qinghai,1998-06,0,0.06639107851628635,0,0.42488884738832905,0,0.2266684744366061,0
No business line,Internal fraud,People,Shaanxi,1995-11,0,0.07686865200681238,0,0.42511098166741224,0,0.20450395602223576,0
No business line,Internal fraud,People,Shaanxi,1997-03,0,0.05054413296925028,0,0.4257801072322048,0,0.21089880557269935,0
No business line,Internal fraud,People,Shaanxi,1997-11,0,0.08728719794862791,0,0.4311931351432517,0,0.3177779543855449,0
No business line,Internal fraud,People,Shaanxi,1999-05,0,0.1821614065688354,0,0.4311839204754905,0,0.4117965136503789,0
No business line,Internal fraud,People,Shaanxi,2001-12,0,0.13223419787843516,0,0.4061078330059352,0,0.4031837671882825,0
No business line,Internal fraud,People,Shaanxi,2007-04,0,0.23058825112719286,0,0.39606532165945774,0,0.3892868577274173,0
No business line,Internal fraud,People,Shaanxi,2007-12,0,0.24360914084015514,0,0.4199240200413036,0,0.4615201643093228,0
No business line,Internal fraud,People,Shandong,2002-12,0,0.11271553271085305,0,0.4231285186582572,0,0.2410400445294589,0
No business line,Internal fraud,People,Shandong,2003-08,0,0.11862227519501663,0,0.44629781044729433,0,0.3071818396821685,0
No business line,Internal fraud,People,Shandong,2005-08,0,0.2678495240048359,0,0.4527974262365026,0,0.4750502711725192,0
No business line,Internal fraud,People,Shandong,2006-02,0,0.30866238088800346,0,0.3120203823176005,0,0.50311009921112,0
No business line,Internal fraud,People,Shanghai,1999-04,0,0.06720680500087788,0,0.42454173702964043,0,0.26037848947620773,0
No business line,Internal fraud,People,Shanghai,2000-04,0,0.10488911155846563,0,0.42705243487587263,0,0.39910936526356733,0
No business line,Internal fraud,People,Shanghai,2004-04,0,0.3340581449819505,1,0.4767049571921036,0,0.5076688253623595,0
No business line,Internal fraud,People,Shanxi,2000-10,0,0.06621246155473236,0,0.42482585360720493,0,0.23242168678850983,0
No business line,Internal fraud,People,Sichuan,1997-04,0,0.05900986577296178,0,0.4250538362214804,0,0.22399829331783636,0
No business line,Internal fraud,People,Sichuan,1998-02,0,0.06826799407460814,0,0.4248291764378808,0,0.24307987414471255,0
No business line,Internal fraud,People,Sichuan,1998-12,0,0.1378800000887032,0,0.44010237389345364,0,0.37462037464129333,0
No business line,Internal fraud,People,Sichuan,2000-10,0,0.040840173090127774,0,0.4371968490518347,0,0.43514803347969394,0
No business line,Internal fraud,People,Sichuan,2002-05,0,0.1801189863642321,0,0.3498354608236634,0,0.44910900286500116,0
No business line,Internal fraud,People,Sichuan,2014-05,0,0.3170873156621262,0,0.4292311664999826,0,0.5154757380893703,1
No business line,Internal fraud,People,Tianjin,2000-04,0,0.09911593560680212,0,0.4250075238491081,0,0.2114298586192447,0
No business line,Internal fraud,People,"Tibet,Gansu",2020-12,0,0.062478594832860716,0,0.4240873150460124,0,0.21741573623220142,0
No business line,Internal fraud,People,Xinjiang,2003-01,0,0.0923408313405427,0,0.417342015903069,0,0.27065369637607856,0
No business line,Internal fraud,People,Yunnan,2001-07,0,0.03951565565912836,0,0.4249258459576372,0,0.21724327551040262,0
No business line,Internal fraud,People,Yunnan,2001-12,0,0.0400965299854587,0,0.4255489969198807,0,0.21668258272871105,0
No business line,Internal fraud,People,Yunnan,2007-11,0,0.08938846395667549,0,0.42680057702052804,0,0.27121400237525317,0
No business line,Internal fraud,People,Yunnan,2008-03,0,0.16921871511978387,0,0.42274202235592284,0,0.4018076707946481,0
No business line,Internal fraud,People,Zhejiang,1996-12,0,0.18069140887311017,0,0.4240452933618536,0,0.22691975624102043,0
No business line,Internal fraud,People,Zhejiang,2001-05,0,0.035164235731955346,0,0.4383464680551914,0,0.3027446321287515,0
No business line,Internal fraud,People,Zhejiang,2019-08,0,0.032793189040194494,0,0.43928966274938586,0,0.4465332699649466,0
No business line,Internal fraud,Process,Beijing,2019-09,0,0.02387928486034056,0,0.4243028672039867,0,0.10476788064323675,0
Payment and settlement,Business disruption and system failures,System,Guangxi,2011-01,0,0.06123598761492364,0,0.424615231361317,0,0.09671356706782343,0
Payment and settlement,"Clients, products & business practices",External event,"Beijing,Inner mongolia,Jilin,Zhejiang,Anhui,Jiangxi,Shandong,Guizhou,Inner mongolia",2015-06,0,0.02863182577998111,0,0.3923671179455767,0,0.07698457358825969,0
Payment and settlement,"Clients, products & business practices",External event,Guangdong,2003-05,0,0.12146198926439077,0,0.4249077471027944,0,0.12978826002826255,0
Payment and settlement,"Clients, products & business practices",External event,"Hebei,Liaoning,Jiangsu",2011-12,0,0.031167428016487597,0,0.42152286284304497,0,0.07585585619826846,0
Payment and settlement,"Clients, products & business practices",External event,Jiangsu,2017-07,0,0.018055561627856466,0,0.42437702517346776,0,0.08299131454808943,0
Payment and settlement,"Clients, products & business practices",External event,Shanghai,2019-02,0,0.03756287494698015,0,0.3955859361096915,0,0.1597002666966984,0
Payment and settlement,"Clients, products & business practices",External event,"Shanghai,Hunan",2013-10,0,0.03284699655934043,0,0.422645907394381,0,0.07534574534929081,0
Payment and settlement,"Clients, products & business practices",External event,"Tianjin,Shanghai",2015-08,0,0.032930077062513385,0,0.3890521951400843,0,0.0749580565394133,0
Payment and settlement,"Clients, products & business practices",People,Beijing,2017-11,0,0.0476847746808322,0,0.42435300464795506,0,0.07733546942874152,0
Payment and settlement,"Clients, products & business practices",People,Beijing,2018-10,0,0.0035140352922439816,0,0.4248055193056991,0,0.07452030086110012,0
Payment and settlement,"Clients, products & business practices",People,Beijing,2019-04,0,0.13681818725455558,0,0.4246529121584463,0,0.11869537817492658,0
Payment and settlement,"Clients, products & business practices",People,"Beijing,Guangxi",2017-03,0,0.01646937622656192,0,0.424385461192109,0,0.07215076344310312,0
Payment and settlement,"Clients, products & business practices",People,"Beijing,Guizhou",2019-10,0,0.045050756815995685,0,0.42431525647559865,0,0.06216151735032363,0
Payment and settlement,"Clients, products & business practices",People,"Beijing,Henan",2018-08,0,0.032792706166075054,0,0.42433611440861363,0,0.06705941588368036,0
Payment and settlement,"Clients, products & business practices",People,"Beijing,Henan",2018-12,0,0.0116821633433906,0,0.42456550116455427,0,0.06037694265324654,0
Payment and settlement,"Clients, products & business practices",People,"Beijing,Jilin,Shanghai,Anhui,Jiangxi,Guangxi,Xinjiang",2016-04,0,0.05381856922151137,0,0.4124933741915471,0,0.07946362137243343,0
Payment and settlement,"Clients, products & business practices",People,Chongqing,2017-06,0,0.011434684235830142,0,0.4243733151354429,0,0.07084351223654517,0
Payment and settlement,"Clients, products & business practices",People,Chongqing,2017-07,0,0.00151266886432681,0,0.42461506374029834,0,0.06573428105674389,0
Payment and settlement,"Clients, products & business practices",People,Guizhou,2017-08,0,0.020998609818907246,0,0.42438471854818627,0,0.07015336373037717,0
Payment and settlement,"Clients, products & business practices",People,Henan,2018-03,0,0.012141289458564398,0,0.42433699467807195,0,0.10003869778065495,0
Payment and settlement,"Clients, products & business practices",People,Henan,2018-12,0,0.006583148971019825,0,0.42306640042060334,0,0.07474755059214876,0
Payment and settlement,"Clients, products & business practices",People,Hubei,2017-12,0,0.031137685691332944,0,0.42438401235625484,0,0.06901421534877543,0
Payment and settlement,"Clients, products & business practices",People,Jiangsu,2018-12,0,0.02071273501254006,0,0.42432327868165404,0,0.07183992690909112,0
Payment and settlement,"Clients, products & business practices",People,Jiangxi,2017-09,0,0.018854221564760607,0,0.4243845551996116,0,0.06565391510359564,0
Payment and settlement,"Clients, products & business practices",People,Shandong,2017-08,0,0.012141289458564398,0,0.4243667132413158,0,0.08312330741542788,0
Payment and settlement,"Clients, products & business practices",People,Shandong,2019-03,0,0.006921288564282265,0,0.42472622589882053,0,0.10257002524288318,0
Payment and settlement,"Clients, products & business practices",People,Shanghai,2017-12,0,0.02984120708025097,0,0.42437227664023813,0,0.12569020829609684,0
Payment and settlement,"Clients, products & business practices",People,Sichuan,2014-07,0,0.01830855133937508,0,0.4244936436221697,0,0.08435952837665303,0
Payment and settlement,"Clients, products & business practices",People,Zhejiang,2019-01,0,0.031035507153715423,0,0.42408360748802365,0,0.1170822498619175,0
Payment and settlement,"Clients, products & business practices",Process,Beijing,2015-12,0,0.01578472485725822,0,0.42427180140716303,0,0.05825984905470321,0
Payment and settlement,"Clients, products & business practices",Process,Beijing,2017-06,0,0.006687760395246558,0,0.42517258696309196,0,0.07725147533184365,0
Payment and settlement,"Clients, products & business practices",Process,Beijing,2017-12,0,0.031728631447901674,0,0.4272387627261899,0,0.09764975982875033,0
Payment and settlement,"Clients, products & business practices",Process,Beijing,2018-04,0,0.1126656268121531,0,0.41164222774580106,0,0.12498035732902212,0
Payment and settlement,"Clients, products & business practices",Process,Beijing,2018-06,0,0.04367162432947587,0,0.42516623762325606,0,0.12518956330803466,0
Payment and settlement,"Clients, products & business practices",Process,Beijing,2018-07,0,0.04398641525402618,0,0.4272607996229179,0,0.11618566819437187,0
Payment and settlement,"Clients, products & business practices",Process,Beijing,2018-10,0,0.10881434890885659,0,0.4277852148035264,0,0.13748571747247604,0
Payment and settlement,"Clients, products & business practices",Process,Beijing,2019-02,0,0.10022119539920757,0,0.42867982768816204,0,0.1838770138926492,0
Payment and settlement,"Clients, products & business practices",Process,Beijing,2019-06,0,0.03760043751656054,0,0.4287714916431576,0,0.1490530886699288,0
Payment and settlement,"Clients, products & business practices",Process,"Beijing,Gansu",2017-06,0,0.016498838842910056,0,0.4243919524764406,0,0.041881258986262423,0
Payment and settlement,"Clients, products & business practices",Process,"Beijing,Heilongjiang",2019-05,0,0.010107852857225898,0,0.4242996901704036,0,0.04456936762643954,0
Payment and settlement,"Clients, products & business practices",Process,"Beijing,Henan",2018-03,0,0.009684791478412407,0,0.42434867223422423,0,0.05528261732255196,0
Payment and settlement,"Clients, products & business practices",Process,"Beijing,Henan",2018-08,0,0.010543931505251613,0,0.4244283239995023,0,0.047693109853474885,0
Payment and settlement,"Clients, products & business practices",Process,"Beijing,Shanghai",2015-03,0,0.06484172565956649,0,0.42308570432035053,0,0.14967187616222025,0
Payment and settlement,"Clients, products & business practices",Process,"Beijing,Shanghai",2019-01,0,0.13563118997570064,0,0.4399254904420219,0,0.16545489139706027,0
Payment and settlement,"Clients, products & business practices",Process,"Beijing,Shanghai",2019-03,0,0.06970613427095651,0,0.4531394491247121,0,0.24510229479437076,0
Payment and settlement,"Clients, products & business practices",Process,"Beijing,Tianjin",2018-07,0,0.017279161149949922,0,0.4243548230500058,0,0.03693311437571906,0
Payment and settlement,"Clients, products & business practices",Process,Chongqing,2018-12,0,0.013037539548787882,0,0.4243319159701344,0,0.032945511813634545,0
Payment and settlement,"Clients, products & business practices",Process,Chongqing,2019-04,0,0.002906608258266205,0,0.4245784287176375,0,0.06629892219586021,0
Payment and settlement,"Clients, products & business practices",Process,Fujian,2019-08,0,0.007995093403259473,0,0.4243030466329385,0,0.037097950081408884,0
Payment and settlement,"Clients, products & business practices",Process,Henan,2018-12,0,0.013744144771522138,0,0.42433535587329274,0,0.04661381672136833,0
Payment and settlement,"Clients, products & business practices",Process,Henan,2019-06,0,0.007474864304108943,0,0.4245316541024622,0,0.063908022676435,0
Payment and settlement,"Clients, products & business practices",Process,Hubei,2018-12,0,0.0143677286988253,0,0.42434512236461935,0,0.03612986476214448,0
Payment and settlement,"Clients, products & business practices",Process,Hubei,2019-01,0,0.021537707379379423,0,0.424423494967163,0,0.07980262321249394,0
Payment and settlement,"Clients, products & business practices",Process,Jiangsu,2011-07,0,0.031645463724945117,0,0.42461026062518525,0,0.04891806499032391,0
Payment and settlement,"Clients, products & business practices",Process,Jiangxi,2017-09,0,0.014435060739572897,0,0.4204358506589617,0,0.03171670025235949,0
Payment and settlement,"Clients, products & business practices",Process,Jiangxi,2018-08,0,0.009987955230948932,0,0.4249924026760674,0,0.06432810131120567,0
Payment and settlement,"Clients, products & business practices",Process,Jiangxi,2019-05,0,0.03589773785297354,0,0.42511548095019136,0,0.08726326432437448,0
Payment and settlement,"Clients, products & business practices",Process,Jilin,2018-06,0,0.032925348520087584,0,0.4243442926497656,0,0.05916788605855461,0
Payment and settlement,"Clients, products & business practices",Process,Jilin,2019-07,0,0.011874068245015726,0,0.4244552983781109,0,0.06072205837436315,0
Payment and settlement,"Clients, products & business practices",Process,"Jilin,Shanghai",2019-07,0,0.017279161149949922,0,0.424317062258003,0,0.03720546487897543,0
Payment and settlement,"Clients, products & business practices",Process,Shaanxi,2011-11,0,0.014765222797236216,0,0.42457135894213216,0,0.029086115317385725,0
Payment and settlement,"Clients, products & business practices",Process,Shaanxi,2018-06,0,0.00364108724657914,0,0.4248348365117735,0,0.051903264743894756,0
Payment and settlement,"Clients, products & business practices",Process,Shaanxi,2018-07,0,0.01926783781362564,0,0.42508404501668073,0,0.0723994285749595,0
Payment and settlement,"Clients, products & business practices",Process,Shanghai,2019-01,0,0.07501541838336956,0,0.42431496877621533,0,0.15123619610440922,0
Payment and settlement,"Clients, products & business practices",Process,"Shanghai,Guizhou",2019-01,0,0.023766685945984613,0,0.42387832236364,0,0.05132784113051672,0
Payment and settlement,"Clients, products & business practices",Process,"Shanghai,Zhejiang,Chongqing",2018-12,0,0.01440262647860617,0,0.42429136260481093,0,0.030915483417161542,0
Payment and settlement,"Clients, products & business practices",Process,"Tianjin,Shanghai,Jiangsu",2018-10,0,0.0177969995872448,0,0.42432722830894853,0,0.03219614701677119,0
Payment and settlement,"Clients, products & business practices",Process,"Tianjin,Shanghai,Jiangsu",2019-01,0,0.02589178422474151,0,0.42464846077592544,0,0.07314311048061431,0
Payment and settlement,"Clients, products & business practices",Process,"Tianjin,Shanghai,Jiangsu",2020-05,0,0.04791103472501985,0,0.4246514757755604,0,0.08288525357140308,0
Payment and settlement,"Clients, products & business practices",Process,Yunnan,2011-07,0,0.0092503139715078,0,0.4246082707070514,0,0.03689809080363291,0
Payment and settlement,"Clients, products & business practices",Process,Yunnan,2019-06,0,0.00994076241417883,0,0.42437009170805023,0,0.05569582184281375,0
Payment and settlement,"Clients, products & business practices",Process,Zhejiang,2004-06,0,0.023035686746082414,0,0.4230751236916561,0,0.05708096707774344,0
Payment and settlement,"Clients, products & business practices",System,"Beijing,Shanghai,Jiangsu,Guangdong",2012-07,0,0.034119917927750966,0,0.42457704973832977,0,0.04190277237826989,0
Payment and settlement,"Clients, products & business practices",System,Xinjiang,2018-12,0,0.017671664196944915,0,0.4090642147240675,0,0.03521117620270848,0
Payment and settlement,Employment practices and workplace safety,People,Inner mongolia,2009-01,0,0.031780006359845354,0,0.4243792013937471,0,0.14330897194211084,0
Payment and settlement,Employment practices and workplace safety,Process,"Beijing,Shaanxi",2019-09,0,0.010680377037315602,0,0.4243087705612254,0,0.06459965625448398,0
Payment and settlement,"Execution, delivery & process management",External event,"Beijing,Shanghai,Henan",2018-06,0,0.025865152917232,0,0.42433644382877234,0,0.1344589677098263,0
Payment and settlement,"Execution, delivery & process management",External event,Shanghai,2017-09,0,0.024444456340709887,0,0.4238968569612796,0,0.19872594474776317,0
Payment and settlement,"Execution, delivery & process management",People,Beijing,2018-01,0,0.03678038046896085,0,0.4243450866044657,0,0.13965047484662443,0
Payment and settlement,"Execution, delivery & process management",People,Beijing,2018-12,0,0.04147163086350189,0,0.4244931649808302,0,0.11433546821331475,0
Payment and settlement,"Execution, delivery & process management",People,Inner mongolia,2000-07,0,0.039971028365774416,0,0.42455565145984736,0,0.10472891612017689,0
Payment and settlement,"Execution, delivery & process management",People,Zhejiang,2006-07,0,0.03757910028032138,0,0.42449894774401753,0,0.11104915382349004,0
Payment and settlement,"Execution, delivery & process management",Process,Anhui,2018-07,0,0.013124782743620354,0,0.42434403103881946,0,0.06453432418800284,0
Payment and settlement,"Execution, delivery & process management",Process,Beijing,2005-06,0,0.020067230288151362,0,0.42446795742464377,0,0.12498560468438626,0
Payment and settlement,"Execution, delivery & process management",Process,Beijing,2015-07,0,0.04111206150519284,0,0.41149478660358596,0,0.1233881874911345,0
Payment and settlement,"Execution, delivery & process management",Process,Beijing,2018-05,0,0.053384623942681224,0,0.6367948511902299,0,0.18464403403704444,0
Payment and settlement,"Execution, delivery & process management",Process,Beijing,2018-12,0,0.045626294441175,0,0.627788885993447,0,0.18336191175202776,0
Payment and settlement,"Execution, delivery & process management",Process,Beijing,2019-04,0,0.031796786854286815,0,0.006026166872407252,0,0.2104212431826794,0
Payment and settlement,"Execution, delivery & process management",Process,Beijing,2019-05,0,0.13913935374681496,0,0.5989773119156232,0,0.23155762883059153,0
Payment and settlement,"Execution, delivery & process management",Process,Beijing,2019-07,0,0.07541467400008535,0,0.6048365790102092,0,0.2367765668203326,0
Payment and settlement,"Execution, delivery & process management",Process,Beijing,2019-08,0,0.0722853456739544,0,0.9195386765243597,1,0.3461351242096977,0
Payment and settlement,"Execution, delivery & process management",Process,Beijing,2019-09,0,0.15412767138506434,0,0.6534648850168553,0,0.2933630427792471,0
Payment and settlement,"Execution, delivery & process management",Process,"Beijing,Hunan",2018-05,0,0.03783962982288763,0,0.4243529214706343,0,0.09580537775532753,0
Payment and settlement,"Execution, delivery & process management",Process,"Beijing,Jilin",2019-07,0,0.011575961194798806,0,0.4243110532840781,0,0.07473860719462226,0
Payment and settlement,"Execution, delivery & process management",Process,"Beijing,Shanghai",2019-09,0,0.07958677910882749,0,0.4243021572534679,0,0.27849959874607255,0
Payment and settlement,"Execution, delivery & process management",Process,"Beijing,Tianjin",2019-08,0,0.01784263481379425,0,0.42415650436001817,0,0.07523114506715005,0
Payment and settlement,"Execution, delivery & process management",Process,"Beijing,Zhejiang",2019-08,0,0.011575961194798806,0,0.4243124733963035,0,0.07193231718807384,0
Payment and settlement,"Execution, delivery & process management",Process,Fujian,2017-12,0,0.03773064036035489,0,0.4243888698164557,0,0.05959967630018739,0
Payment and settlement,"Execution, delivery & process management",Process,Hainan,2002-08,0,0.053470223567543836,0,0.42491836745394573,0,0.10727213863295414,0
Payment and settlement,"Execution, delivery & process management",Process,Heilongjiang,2007-12,0,0.030682460521769764,0,0.40338243575879035,0,0.06446380421833338,0
Payment and settlement,"Execution, delivery & process management",Process,Henan,2006-06,0,0.01736536267916387,0,0.4247872150706017,0,0.1020795036701519,0
Payment and settlement,"Execution, delivery & process management",Process,Henan,2007-08,0,0.018742116737899488,0,0.4248994386462885,0,0.0982154536049951,0
Payment and settlement,"Execution, delivery & process management",Process,Hubei,2000-10,0,0.050062319637124736,0,0.4250155818347823,0,0.06426247742463198,0
Payment and settlement,"Execution, delivery & process management",Process,Jiangxi,2010-07,0,0.04494187842882625,0,0.42465019085997646,0,0.080594212198274,0
Payment and settlement,"Execution, delivery & process management",Process,Jilin,2002-04,0,0.039528074900637165,0,0.42491767389912843,0,0.13320500712413627,0
Payment and settlement,"Execution, delivery & process management",Process,Jilin,2019-08,0,0.010456235392354277,0,0.4238077850823569,0,0.10788039318203012,0
Payment and settlement,"Execution, delivery & process management",Process,Liaoning,2000-04,0,0.03674858621428992,0,0.3366444752354184,0,0.06897626690004148,0
Payment and settlement,"Execution, delivery & process management",Process,Liaoning,2019-06,0,0.0598975974766925,0,0.9847487421523506,1,0.14560500263381845,0
Payment and settlement,"Execution, delivery & process management",Process,Qinghai,2019-08,0,0.011575961194798806,0,0.4243069643791922,0,0.07378693894032223,0
Payment and settlement,"Execution, delivery & process management",Process,Shandong,2008-10,0,0.042345792094055784,0,0.4247028205534413,0,0.09745849538744739,0
Payment and settlement,"Execution, delivery & process management",Process,Shanxi,2019-06,0,0.013812376166639788,0,0.4243112494666301,0,0.0889308115525564,0
Payment and settlement,"Execution, delivery & process management",Process,Sichuan,2008-04,0,0.020659301064098617,0,0.42471960893983834,0,0.10514727936435735,0
Payment and settlement,"Execution, delivery & process management",Process,Tibet,2018-10,0,0.020396725291096433,0,0.4243473751441579,0,0.06275019379155196,0
Payment and settlement,External fraud,External event,Anhui,2006-08,0,0.09968819800933176,0,0.424794015084991,0,0.2217661062282806,0
Payment and settlement,External fraud,External event,Beijing,1997-10,0,0.05348232476587597,0,0.42186574580591935,0,0.20675374132462768,0
Payment and settlement,External fraud,External event,Beijing,2002-12,0,0.04401079156045015,0,0.46418043070528087,0,0.24970409013149988,0
Payment and settlement,External fraud,External event,Beijing,2015-03,0,0.25700122106114975,0,0.46738157859609336,0,0.3293592554331902,0
Payment and settlement,External fraud,External event,"Beijing,Hubei,Guangdong",2016-04,0,0.06943744620470392,0,0.424043030274123,0,0.23402771762620167,0
Payment and settlement,External fraud,External event,"Beijing,Shaanxi",2011-06,0,0.03828864660582584,0,0.4232611314715956,0,0.21616197932972156,0
Payment and settlement,External fraud,External event,"Beijing,Shanghai",2018-01,0,0.1213774764601638,0,0.42400605788698603,0,0.420517291980403,0
Payment and settlement,External fraud,External event,"Beijing,Zhejiang",2014-08,0,0.04197451159244223,0,0.42442546015377436,0,0.20674172906865568,0
Payment and settlement,External fraud,External event,"Beijing,Zhejiang,Guangdong,Hongkong",2012-01,0,0.09261504108520002,0,4.9634983496134733e-29,0,0.2548233994674151,0
Payment and settlement,External fraud,External event,Fujian,2000-07,0,0.18080232502786464,0,0.4250165327456826,0,0.22163707400455132,0
Payment and settlement,External fraud,External event,Fujian,2006-08,0,0.03856776924816879,0,0.42483878947598197,0,0.21154433872520337,0
Payment and settlement,External fraud,External event,Gansu,2000-01,0,0.06462381615840856,0,0.42494357349884937,0,0.2892587748793994,0
Payment and settlement,External fraud,External event,"Hebei,Shanghai,Henan",2016-07,0,0.04267314013703487,0,0.34954149955801345,0,0.19068522706081192,0
Payment and settlement,External fraud,External event,Heilongjiang,2006-04,0,0.07306035882879983,0,0.4245667630012528,0,0.21294901751861328,0
Payment and settlement,External fraud,External event,Henan,2001-03,0,0.054204091552018004,0,0.11224105139819118,0,0.2533366399416549,0
Payment and settlement,External fraud,External event,Henan,2002-10,0,0.1204348274752824,0,0.9999999989737589,1,0.40481563445052504,0
Payment and settlement,External fraud,External event,Hubei,2000-12,0,0.06325765141831945,0,0.423492004467966,0,0.18226168257067688,0
Payment and settlement,External fraud,External event,Hubei,2007-06,0,0.15497091565640972,0,0.4426263655474592,0,0.30915204115660977,0
Payment and settlement,External fraud,External event,Jiangsu,2000-12,0,0.04182770493895642,0,0.42490441757387104,0,0.1893202002495771,0
Payment and settlement,External fraud,External event,Jiangsu,2003-09,0,0.029494844492204925,0,0.426193717692088,0,0.21557751214513496,0
Payment and settlement,External fraud,External event,Jiangsu,2006-06,0,0.0812301265576873,0,0.42645558691963203,0,0.23219326696670536,0
Payment and settlement,External fraud,External event,Jiangsu,2011-06,0,0.1895939884766914,0,0.41263825325974574,0,0.33219216672051755,0
Payment and settlement,External fraud,External event,Liaoning,2003-05,0,0.04108477067900274,0,0.42435249070317294,0,0.17600678265271003,0
Payment and settlement,External fraud,External event,Liaoning,2005-12,0,0.05802982632381422,0,0.4314358532724627,0,0.20520598892441635,0
Payment and settlement,External fraud,External event,Ningxia,2006-09,0,0.0555176975699159,0,0.42470210756738636,0,0.23039721577069558,0
Payment and settlement,External fraud,External event,Qinghai,2002-10,0,0.044876902770645086,0,0.4241720043244424,0,0.1879084257387902,0
Payment and settlement,External fraud,External event,Shaanxi,2004-07,0,0.0386308938557053,0,0.424813407249204,0,0.2035700261032873,0
Payment and settlement,External fraud,External event,Shandong,2000-05,0,0.0661806765278225,0,0.4250049827647018,0,0.26328323697033035,0
Payment and settlement,External fraud,External event,Shandong,2000-10,0,0.01699039376621463,0,0.42169179213154306,0,0.2075700111847852,0
Payment and settlement,External fraud,External event,Shandong,2001-05,0,0.1786697844789635,0,0.4671917348188931,0,0.3280795214046183,0
Payment and settlement,External fraud,External event,Shandong,2006-09,0,0.3567847759576321,1,0.44934791770338994,0,0.42005504140331545,0
Payment and settlement,External fraud,External event,Shandong,2010-12,0,0.19440939993578127,0,0.3794825348928206,0,0.41589768984494796,0
Payment and settlement,External fraud,External event,Shanghai,2004-01,1,0.5585576814807622,1,0.4248701592719983,0,0.5725347400376823,1
Payment and settlement,External fraud,External event,Shanghai,2004-03,0,0.05975350740519078,0,0.4143192909725406,0,0.3219640668812645,0
Payment and settlement,External fraud,External event,"Shanghai,Hubei",2015-11,0,0.04471395860250393,0,0.40526338948718943,0,0.1756254957750014,0
Payment and settlement,External fraud,External event,Shanxi,2001-09,0,0.034805270953628564,0,0.42447973760892843,0,0.20263278659003872,0
Payment and settlement,External fraud,External event,Shanxi,2002-03,0,0.09245617889561042,0,0.4305475333461041,0,0.33897920880834,0
Payment and settlement,External fraud,External event,Shanxi,2003-04,0,0.19381691616557514,0,0.43604792486937616,0,0.40012518154997284,0
Payment and settlement,External fraud,External event,Sichuan,2000-01,0,0.04748330012743307,0,0.37299923583974404,0,0.2747489088134912,0
Payment and settlement,External fraud,External event,Sichuan,2002-10,0,0.037395910071171726,0,0.43201904361757154,0,0.3174920828382536,0
Payment and settlement,External fraud,External event,Sichuan,2006-03,0,0.14356096273849306,0,0.43214975270168504,0,0.3410667998836137,0
Payment and settlement,External fraud,External event,Sichuan,2007-01,0,0.17797887895393263,0,0.3900352602803029,0,0.39776974368423573,0
Payment and settlement,External fraud,External event,Tianjin,1998-04,0,0.08781945121398427,0,0.42207281024023535,0,0.2138706621282391,0
Payment and settlement,External fraud,External event,Tianjin,1999-10,0,0.16142779897196755,0,0.4370424302016048,0,0.3104767914489468,0
Payment and settlement,External fraud,External event,Yunnan,2015-07,0,0.031135414968029174,0,0.42433069488585307,0,0.19985308636292776,0
Payment and settlement,External fraud,External event,Zhejiang,2019-02,0,0.03898546500832432,0,0.42382328818323883,0,0.24459272067349241,0
Payment and settlement,External fraud,People,Liaoning,2002-04,0,0.065927372962002,0,0.3322456074383443,0,0.14637451691158973,0
Payment and settlement,External fraud,People,Liaoning,2006-02,0,0.2783001837511929,0,0.987847845276179,1,0.2711435780730057,0
Payment and settlement,Internal fraud,People,Beijing,2000-02,0,0.0907403489414937,0,0.42386083290534526,0,0.24201345521149353,0
Payment and settlement,Internal fraud,People,"Beijing,Hebei,Henan",2015-12,0,0.09777487404074392,0,0.3976596741328487,0,0.24012979721914984,0
Payment and settlement,Internal fraud,People,"Beijing,Jiangxi",2019-07,0,0.030898787878637392,0,0.42431108434487286,0,0.22155970423804963,0
Payment and settlement,Internal fraud,People,"Beijing,Shaanxi",2017-11,0,0.05126413892838726,0,0.42438439571305,0,0.23395466555547836,0
Payment and settlement,Internal fraud,People,Chongqing,2000-06,0,0.05900719368713404,0,0.4248773083047261,0,0.24551399998359794,0
Payment and settlement,Internal fraud,People,Fujian,2000-06,0,0.0663325480976237,0,0.4244746911727108,0,0.25013600433485084,0
Payment and settlement,Internal fraud,People,Fujian,2001-04,0,0.10447974072582994,0,0.4295363929742964,0,0.3296321071395238,0
Payment and settlement,Internal fraud,People,Fujian,2002-11,0,0.04403847876731477,0,0.4553423167272608,0,0.41632647967552566,0
Payment and settlement,Internal fraud,People,Gansu,1999-05,0,0.11760828505984783,0,0.42334083793920846,0,0.2708614001080224,0
Payment and settlement,Internal fraud,People,Guangdong,1997-07,0,0.05487099964889411,0,0.42500217788684524,0,0.2384563906726978,0
Payment and settlement,Internal fraud,People,Guangdong,1998-10,0,0.05377428906058128,0,0.4158204101415532,0,0.2523922188943165,0
Payment and settlement,Internal fraud,People,Guangdong,2002-06,0,0.34386757822896924,1,0.5525416714003254,0,0.4878189106605953,0
Payment and settlement,Internal fraud,People,Guangdong,2004-02,1,0.7635785489501136,1,0.6067743099406203,0,0.8257622060978008,1
Payment and settlement,Internal fraud,People,Guangdong,2004-03,0,0.4035788863676797,1,0.07800463823177733,0,0.6982114817830938,1
Payment and settlement,Internal fraud,People,Guangdong,2004-11,0,0.5091810347215258,1,0.3637330179803877,0,0.6745737414297638,1
Payment and settlement,Internal fraud,People,Guizhou,2018-11,0,0.06252556332234893,0,0.42432388465080295,0,0.24485850562853093,0
Payment and settlement,Internal fraud,People,Hebei,2002-12,0,0.11155701478065827,0,0.4131586472302877,0,0.25943878715799323,0
Payment and settlement,Internal fraud,People,"Hebei,Shanghai,Henan",2015-01,0,0.08453620286070672,0,0.2688195208930094,0,0.2635405759120876,0
Payment and settlement,Internal fraud,People,Heilongjiang,1999-05,0,0.14673274144349385,0,0.4173423137007816,0,0.25707559488882564,0
Payment and settlement,Internal fraud,People,Heilongjiang,2000-09,0,0.19967295654975287,0,0.5165913032697222,0,0.2809185976312774,0
Payment and settlement,Internal fraud,People,Heilongjiang,2001-04,0,0.0484083724764003,0,0.5505375408096932,0,0.412500807883719,0
Payment and settlement,Internal fraud,People,Heilongjiang,2003-03,0,0.23737009599886552,0,0.07686735467587469,0,0.47668031766661717,0
Payment and settlement,Internal fraud,People,Heilongjiang,2004-05,0,0.15520779992712064,0,0.7687938724584837,1,0.3820535890483065,0
Payment and settlement,Internal fraud,People,Heilongjiang,2015-08,0,0.049825029307295585,0,0.8770750205317096,1,0.38183121239974577,0
Payment and settlement,Internal fraud,People,Henan,2001-04,0,0.047509128055824974,0,0.424907300956443,0,0.2533508861064799,0
Payment and settlement,Internal fraud,People,Henan,2002-05,0,0.05622164998238472,0,0.4234711261285398,0,0.2903032187631305,0
Payment and settlement,Internal fraud,People,Henan,2002-11,0,0.2945412758661259,0,0.4540879517197787,0,0.4779503029847578,0
Payment and settlement,Internal fraud,People,Henan,2003-02,1,0.6910558565204566,1,0.4507861057067524,0,0.8293820266683706,1
Payment and settlement,Internal fraud,People,Henan,2003-04,0,0.4082545229894658,1,0.08877048224052213,0,0.6282392796053371,1
Payment and settlement,Internal fraud,People,Henan,2005-10,0,0.5739792764528633,1,0.5331202146476021,0,0.6204851080562339,1
Payment and settlement,Internal fraud,People,Henan,2018-12,0,0.06223727147068864,0,0.3154552225907325,0,0.48360772690284437,0
Payment and settlement,Internal fraud,People,Hubei,2005-09,0,0.03682613527017797,0,0.42471887827292676,0,0.19843652402761858,0
Payment and settlement,Internal fraud,People,Hubei,2006-05,0,0.031144680926886336,0,0.4259950683452139,0,0.19635324700071852,0
Payment and settlement,Internal fraud,People,Hunan,2001-05,0,0.04438473078145987,0,0.42492320656379234,0,0.23307750255754855,0
Payment and settlement,Internal fraud,People,Hunan,2002-01,0,0.044805813421269096,0,0.42527586548160873,0,0.241792146628494,0
Payment and settlement,Internal fraud,People,Hunan,2005-06,0,0.13397969459998876,0,0.4301737054171401,0,0.3823138053582008,0
Payment and settlement,Internal fraud,People,Hunan,2006-02,0,0.27467808006607225,0,0.42568854006377804,0,0.5925210451248593,1
Payment and settlement,Internal fraud,People,Hunan,2006-10,0,0.2861879379510468,0,0.40800043240690687,0,0.5392864232188048,1
Payment and settlement,Internal fraud,People,Inner mongolia,1996-09,0,0.11505407550164397,0,0.41088927321778695,0,0.24195868522486852,0
Payment and settlement,Internal fraud,People,Inner mongolia,1997-11,0,0.30893637626790893,0,0.5779382525244988,0,0.3481442854077278,0
Payment and settlement,Internal fraud,People,Inner mongolia,2000-01,0,0.33454297875379685,1,0.8080164409008512,1,0.5556300954187973,1
Payment and settlement,Internal fraud,People,Inner mongolia,2000-05,0,0.25191048662869786,0,0.039687785171465956,0,0.5344779884331945,1
Payment and settlement,Internal fraud,People,Jiangsu,2019-07,0,0.02204091353302035,0,0.42430324534812985,0,0.21878953621635114,0
Payment and settlement,Internal fraud,People,Jilin,2013-05,0,0.0793732895036763,0,0.4243828285299525,0,0.33294174081441696,0
Payment and settlement,Internal fraud,People,Jilin,2015-07,0,0.08395488681683282,0,0.4220482683830021,0,0.3143040622044784,0
Payment and settlement,Internal fraud,People,"Jilin,Shandong,Henan,Qinghai,Ningxia",2013-01,0,0.12808313035791047,0,0.4245381185162119,0,0.25311805639496543,0
Payment and settlement,Internal fraud,People,Liaoning,1999-04,0,0.06940641545434185,0,0.42486385372686053,0,0.19738706978662968,0
Payment and settlement,Internal fraud,People,Shandong,2000-10,0,0.10004730112308957,0,0.42156196054976197,0,0.26760208293790816,0
Payment and settlement,Internal fraud,People,Shandong,2003-03,0,0.17362689978364146,0,0.14047667529378577,0,0.40271647048092435,0
Payment and settlement,Internal fraud,People,Shandong,2004-03,0,0.44331154510875204,1,0.9999999975408917,1,0.6941526627487392,1
Payment and settlement,Internal fraud,People,Shandong,2006-07,1,0.7158194989621428,1,0.9999999988587351,1,0.8559745278623843,1
Payment and settlement,Internal fraud,People,Shandong,2006-09,0,0.3771696700094992,1,1.5303639744386707e-49,0,0.7482647672118945,1
Payment and settlement,Internal fraud,People,Shandong,2016-02,0,0.2662519329022748,0,0.9999999541011498,1,0.6423191728727976,1
Payment and settlement,Internal fraud,People,Shandong,2019-03,0,0.24067579555246202,0,0.9999952242322042,1,0.5110892584565814,1
Payment and settlement,Internal fraud,People,"Shandong,Gansu",2013-03,0,0.13701221450126272,0,0.4143408810762659,0,0.2812270519998681,0
Payment and settlement,Internal fraud,People,"Shandong,Hubei,Guangdong",2016-02,0,0.044618226676857956,0,0.42415524442885905,0,0.24704354517528596,0
Payment and settlement,Internal fraud,People,Shanghai,2001-09,0,0.09415231350146894,0,0.4134260142264918,0,0.28905413195144497,0
Payment and settlement,Internal fraud,People,Shanghai,2004-06,0,0.36631544250956727,1,0.5615541037597525,0,0.502813536384264,0
Payment and settlement,Internal fraud,People,Shanxi,2001-07,0,0.09346944467780174,0,0.41934736682886287,0,0.26775357053485405,0
Payment and settlement,Internal fraud,People,Shanxi,2007-11,0,0.2462600743347317,0,0.4924475587201511,0,0.33822344126749515,0
Payment and settlement,Internal fraud,People,Sichuan,1996-12,0,0.20157950077923428,0,0.4240491548585558,0,0.2516820773672235,0
Payment and settlement,Internal fraud,People,Sichuan,1998-02,0,0.14667908596769175,0,0.4372424532370879,0,0.3924742524215353,0
Payment and settlement,Internal fraud,People,Sichuan,2014-09,0,0.29607264248852727,0,0.4463479041553096,0,0.5542877950044514,1
Payment and settlement,Internal fraud,People,Tianjin,2000-02,0,0.06338465405546635,0,0.42420788439464613,0,0.2588562677374444,0
Payment and settlement,Internal fraud,People,Tianjin,2000-12,0,0.09141478666541045,0,0.43451849616748894,0,0.2956454950334715,0
Payment and settlement,Internal fraud,People,"Tianjin,Hebei,Shanghai,Chongqing",2015-10,0,0.08882845226286325,0,0.35318122131181073,0,0.24951065450623255,0
Payment and settlement,Internal fraud,People,Yunnan,2000-08,0,0.04904558141595253,0,0.4249959012488519,0,0.23867133767313548,0
Payment and settlement,Internal fraud,People,Zhejiang,2002-08,0,0.045574331855430104,0,0.42485458099976037,0,0.24335828385568084,0
Payment and settlement,Internal fraud,People,Zhejiang,2003-04,0,0.022588949705716174,0,0.42596935885696824,0,0.243649840076555,0
Payment and settlement,Internal fraud,People,Zhejiang,2004-04,0,0.11707437609872992,0,0.4259479592809689,0,0.3556051145625146,0
Payment and settlement,Internal fraud,Process,Anhui,2009-02,0,0.04072705343928636,0,0.4172062370991519,0,0.142734516909926,0
Payment and settlement,Internal fraud,Process,Beijing,2007-03,0,0.04435423845281541,0,0.42256622816003986,0,0.14160847992129366,0
Payment and settlement,Internal fraud,Process,"Beijing,Jilin",2018-12,0,0.06292358469822106,0,0.42435230393160744,0,0.12640480136780122,0
Payment and settlement,Internal fraud,Process,Jiangsu,2006-06,0,0.06805436446841454,0,0.4174394002429454,0,0.16122036849448299,0
Payment and settlement,Internal fraud,Process,Ningxia,2019-06,0,0.023294474828988266,0,0.4243029672141427,0,0.14117652833410052,0
Payment and settlement,Internal fraud,Process,Zhejiang,2016-03,0,0.03815984586160489,0,0.42178035252738644,0,0.13234181602141984,0
Retail banking,Business disruption and system failures,People,Henan,2015-03,0,0.053672201028084614,0,0.4243472291571114,0,0.12807611447286177,0
Retail banking,Business disruption and system failures,System,Guangdong,2003-05,0,0.03092057385636523,0,0.4246440480563796,0,0.0865073191460241,0
Retail banking,Business disruption and system failures,System,Guangdong,2006-04,0,0.011875883128139277,0,0.42794998920111815,0,0.09218417748401919,0
Retail banking,Business disruption and system failures,System,Guangdong,2007-01,0,0.02907250788713192,0,0.42830969321359036,0,0.10626352531859631,0
Retail banking,Business disruption and system failures,System,Guangdong,2010-01,0,0.018312130019546492,0,0.40691455594204723,0,0.13809128346375105,0
Retail banking,Business disruption and system failures,System,Guangxi,2002-01,0,0.028330784827644364,0,0.42492171851892013,0,0.07116654785154831,0
Retail banking,Business disruption and system failures,System,Hubei,2010-06,0,0.019377246209635744,0,0.4246506820507894,0,0.07639997587721964,0
Retail banking,Business disruption and system failures,System,Hunan,2002-04,0,0.022171853955400413,0,0.42493639726066956,0,0.07938474801432563,0
Retail banking,Business disruption and system failures,System,Macao,2010-12,0,0.02242414712064527,0,0.42465062678733456,0,0.06701882594099944,0
Retail banking,Business disruption and system failures,System,Shaanxi,2015-10,0,0.022109293138085597,0,0.42446658423316813,0,0.08037091424282948,0
Retail banking,Business disruption and system failures,System,"Shandong,Hubei",2008-09,0,0.01607896792964785,0,0.4247248207480018,0,0.06453157062774775,0
Retail banking,Business disruption and system failures,System,"Shanghai,Hongkong",2017-04,0,0.05113881694532373,0,0.4243116604590135,0,0.09568523031139754,0
Retail banking,Business disruption and system failures,System,Zhejiang,2000-07,0,0.03710161435223764,0,0.42501870235500044,0,0.08334339317801273,0
Retail banking,Business disruption and system failures,System,Zhejiang,2004-04,0,0.01850052132572174,0,0.42489396700689785,0,0.09883618694002112,0
Retail banking,Business disruption and system failures,System,Zhejiang,2007-01,0,0.020835522259487232,0,0.4247684826669126,0,0.12186835687158443,0
Retail banking,"Clients, products & business practices",External event,Beijing,2005-07,0,0.03954786121880095,0,0.4247656710414383,0,0.10868253399304635,0
Retail banking,"Clients, products & business practices",External event,"Beijing,Anhui",2004-11,0,0.05436819059439482,0,0.424865747606239,0,0.06984958558078823,0
Retail banking,"Clients, products & business practices",External event,Fujian,2014-01,0,0.03149829782598921,0,0.42449670679145174,0,0.08316805765190956,0
Retail banking,"Clients, products & business practices",External event,Shanghai,2003-05,0,0.07050725468306368,0,0.42491028388097696,0,0.11021910845410014,0
Retail banking,"Clients, products & business practices",External event,Shanghai,2010-08,0,0.027671733390931832,0,0.42465303430904544,0,0.08258039672943764,0
Retail banking,"Clients, products & business practices",External event,"Shanghai,Henan",2010-12,0,0.05331938015717344,0,0.42464639505750146,0,0.06693759264588219,0
Retail banking,"Clients, products & business practices",External event,Zhejiang,2014-06,0,0.023354011324373796,0,0.4245040162846907,0,0.09039900045330707,0
Retail banking,"Clients, products & business practices",People,Beijing,2000-11,0,0.07945066594670706,0,0.42501920639748064,0,0.08272606447896248,0
Retail banking,"Clients, products & business practices",People,"Beijing,Zhejiang,Anhui,Henan,Hunan,Guangdong,Sichuan",2013-11,0,0.06363446699952637,0,0.4244425576610881,0,0.08739214366514753,0
Retail banking,"Clients, products & business practices",People,Chongqing,2017-07,0,0.018631875913278417,0,0.42438486802174596,0,0.08325942426350201,0
Retail banking,"Clients, products & business practices",People,"Hunan,Guangdong",2015-12,0,0.034303520257379275,0,0.4244643096829492,0,0.07914728618721288,0
Retail banking,"Clients, products & business practices",People,Jiangsu,2019-06,0,0.035234478023220675,0,0.42350683248433263,0,0.0981574457005939,0
Retail banking,"Clients, products & business practices",People,Liaoning,2019-04,0,0.02469736162046477,0,0.42428818427148607,0,0.06477534150714677,0
Retail banking,"Clients, products & business practices",People,Shandong,2014-04,0,0.03181843264406262,0,0.4244028390312689,0,0.06997782219351285,0
Retail banking,"Clients, products & business practices",People,Shanghai,2016-03,0,0.05238075708340724,0,0.42441865569726156,0,0.09788360663725247,0
Retail banking,"Clients, products & business practices",People,Shanghai,2017-08,0,0.002253896422063303,0,0.4245229485452954,0,0.08385542792803788,0
Retail banking,"Clients, products & business practices",People,Zhejiang,2001-10,0,0.07048031466748868,0,0.42497068734727467,0,0.1115920572658133,0
Retail banking,"Clients, products & business practices",Process,Beijing,2017-09,0,0.006001627191306229,0,0.4243845334204573,0,0.06598717582945722,0
Retail banking,"Clients, products & business practices",Process,Beijing,2020-12,0,0.010000525622391131,0,0.42436874917561257,0,0.07905417301378857,0
Retail banking,"Clients, products & business practices",Process,"Beijing,Shanghai,Fujian,Sichuan,Tibet",2017-08,0,0.01431346382618028,0,0.4243795903016711,0,0.04367199955862624,0
Retail banking,"Clients, products & business practices",Process,Fujian,2018-08,0,0.021466486313877237,0,0.42434194219605464,0,0.0450845360656894,0
Retail banking,"Clients, products & business practices",Process,Guangdong,2000-04,0,0.028474672130654306,0,0.4249856754400548,0,0.052756684024912716,0
Retail banking,"Clients, products & business practices",Process,Guangdong,2000-07,0,0.00912195272123875,0,0.4254318727842246,0,0.06444429909706072,0
Retail banking,"Clients, products & business practices",Process,Guangdong,2016-07,0,0.0266216418785734,0,0.424904832382075,0,0.08845839705651551,0
Retail banking,"Clients, products & business practices",Process,"Hebei,Hunan,Guangdong",2018-10,0,0.016259479682907984,0,0.424350296189754,0,0.04060222380299943,0
Retail banking,"Clients, products & business practices",Process,Hunan,2011-04,0,0.010742232802292995,0,0.42461518879237664,0,0.05298299993389226,0
Retail banking,"Clients, products & business practices",Process,Jiangxi,2010-07,0,0.012389451187488376,0,0.4246501744613961,0,0.04301235687347716,0
Retail banking,"Clients, products & business practices",Process,Jilin,2006-04,0,0.020026163063135795,0,0.42479542350620675,0,0.0739182340848891,0
Retail banking,"Clients, products & business practices",Process,Shandong,2001-05,0,0.013411133015794274,0,0.4249817359311316,0,0.04630032850607733,0
Retail banking,"Clients, products & business practices",Process,Shanghai,2017-05,0,0.012428248008512253,0,0.4243852353675824,0,0.06438722402998952,0
Retail banking,"Clients, products & business practices",Process,Shanghai,2017-06,0,0.014817613026681452,0,0.42446946168772404,0,0.06039961672187511,0
Retail banking,"Clients, products & business practices",Process,"Shanghai,Shandong",2008-10,0,0.02604098080318189,0,0.4247027177232155,0,0.03908680971563279,0
Retail banking,"Clients, products & business practices",System,Beijing,2005-01,0,0.03254041184380442,0,0.4248305007921833,0,0.07312350707611014,0
Retail banking,"Clients, products & business practices",System,"Hebei,Hunan,Guangdong",2020-07,0,0.007914736330581696,0,0.4242814577799457,0,0.0476332277308927,0
Retail banking,"Clients, products & business practices",System,Tianjin,2004-09,0,0.024147731569811752,0,0.4248731727039087,0,0.039192446019392174,0
Retail banking,Damage to physical assets,External event,Shanghai,2004-01,0,0.07736396508706134,0,0.42484366355383774,0,0.21142552261214934,0
Retail banking,Employment practices and workplace safety,External event,Yunnan,2003-02,0,0.039579736144950306,0,0.42430918265537665,0,0.11632393971658796,0
Retail banking,Employment practices and workplace safety,System,Sichuan,2009-10,0,0.030989997160375662,0,0.4246871944923798,0,0.10004930204667842,0
Retail banking,"Execution, delivery & process management",External event,Beijing,2004-06,0,0.05109087361456423,0,0.4248733321874756,0,0.1345460633467804,0
Retail banking,"Execution, delivery & process management",External event,Beijing,2006-04,0,0.024529889703622007,0,0.4247971586719281,0,0.14581021768756877,0
Retail banking,"Execution, delivery & process management",External event,"Jiangsu,Hunan",2011-03,0,0.042099053821276954,0,0.4246147472055076,0,0.10819868085452228,0
Retail banking,"Execution, delivery & process management",External event,Liaoning,2004-03,0,0.03626116901488603,0,0.42487238090075713,0,0.09147026720217438,0
Retail banking,"Execution, delivery & process management",External event,Shanghai,2003-05,0,0.07632717226686135,0,0.4249098653676467,0,0.16276032175823107,0
Retail banking,"Execution, delivery & process management",External event,Shanghai,2021-09,0,0.0176370890147035,0,0.4240556086791558,0,0.12669325762719783,0
Retail banking,"Execution, delivery & process management",People,Beijing,2001-04,0,0.04850580673144398,0,0.42498400026850514,0,0.1160688771602595,0
Retail banking,"Execution, delivery & process management",People,Beijing,2015-02,0,0.025372607298322896,0,0.4240456287374664,0,0.11571041066712892,0
Retail banking,"Execution, delivery & process management",People,Beijing,2015-10,0,0.13051314691648225,0,0.42945724060715407,0,0.18390322683472327,0
Retail banking,"Execution, delivery & process management",People,Beijing,2018-07,0,0.0934781821667316,0,0.4307856393781491,0,0.223860167512965,0
Retail banking,"Execution, delivery & process management",People,"Beijing,Heilongjiang",2019-06,0,0.03939489394273352,0,0.42430343117017966,0,0.11150708804459797,0
Retail banking,"Execution, delivery & process management",People,Hainan,2001-09,0,0.10336507944049057,0,0.4088294301391803,0,0.18741135293655287,0
Retail banking,"Execution, delivery & process management",People,Hainan,2002-05,0,0.260857611179328,0,0.6194837479142518,0,0.22928901077753627,0
Retail banking,"Execution, delivery & process management",People,Hebei,2006-01,0,0.0544018337653412,0,0.424799824463767,0,0.09260494610415175,0
Retail banking,"Execution, delivery & process management",People,Hebei,2016-12,0,0.01853385689533242,0,0.42427851540710804,0,0.10863524176001495,0
Retail banking,"Execution, delivery & process management",People,Henan,2001-10,0,0.05467415562450526,0,0.42498177635056833,0,0.11560240018660442,0
Retail banking,"Execution, delivery & process management",People,Henan,2007-07,0,0.013261348569482903,0,0.4247312354224079,0,0.0999140380321932,0
Retail banking,"Execution, delivery & process management",People,Henan,2011-07,0,0.084607066364687,0,0.42508015886349787,0,0.14041081084175946,0
Retail banking,"Execution, delivery & process management",People,Henan,2016-10,0,0.02712257791976186,0,0.4259789131788552,0,0.16289049008050915,0
Retail banking,"Execution, delivery & process management",People,Henan,2019-05,0,0.02545211750373235,0,0.4225157483767766,0,0.18455355817818828,0
Retail banking,"Execution, delivery & process management",People,Henan,2020-01,0,0.03886898286263068,0,0.41896339271407657,0,0.21166145294479954,0
Retail banking,"Execution, delivery & process management",People,Hunan,2006-06,0,0.03040620307476783,0,0.42037973840790965,0,0.10669954845023177,0
Retail banking,"Execution, delivery & process management",People,Jiangsu,2018-11,0,0.041269568711311495,0,0.42431997224871953,0,0.10918978393359055,0
Retail banking,"Execution, delivery & process management",People,Liaoning,2013-07,0,0.026916131022449243,0,0.42444321909389554,0,0.0914293821437933,0
Retail banking,"Execution, delivery & process management",People,Shaanxi,2008-07,0,0.025776080268554408,0,0.4247240164125743,0,0.09896828521716546,0
Retail banking,"Execution, delivery & process management",People,Shandong,2009-09,0,0.04903080362249304,0,0.4246874526850831,0,0.1020603043743032,0
Retail banking,"Execution, delivery & process management",People,Shanghai,2006-09,0,0.04449933030346527,0,0.42476412895622573,0,0.13617802372365717,0
Retail banking,"Execution, delivery & process management",People,Sichuan,2008-07,0,0.0200713861110139,0,0.4247235007258613,0,0.11372818981525924,0
Retail banking,"Execution, delivery & process management",People,Zhejiang,2003-05,0,0.041273423579144645,0,0.4246357030200839,0,0.11013249231609051,0
Retail banking,"Execution, delivery & process management",People,Zhejiang,2003-07,0,0.039608128765640446,0,0.4278872575942861,0,0.10801438967781386,0
Retail banking,"Execution, delivery & process management",People,Zhejiang,2005-01,0,0.036634964010038754,0,0.4316928426986154,0,0.15861323794507404,0
Retail banking,"Execution, delivery & process management",Process,Anhui,1999-03,0,0.02820377601604439,0,0.4250554976708566,0,0.06364326416459389,0
Retail banking,"Execution, delivery & process management",Process,"Anhui,Hongkong",2019-07,0,0.02203908824219574,0,0.42429926088492614,0,0.07458924656102747,0
Retail banking,"Execution, delivery & process management",Process,Beijing,2007-02,0,0.021093893267844423,0,0.42475649935458265,0,0.11842514619277152,0
Retail banking,"Execution, delivery & process management",Process,Beijing,2007-03,0,0.014055291082514602,0,0.4248282628816911,0,0.1401866141123601,0
Retail banking,"Execution, delivery & process management",Process,Beijing,2009-12,0,0.05016988004966894,0,0.42486559229250104,0,0.16337104730764815,0
Retail banking,"Execution, delivery & process management",Process,"Beijing,Sichuan",2019-01,0,0.03547980071004992,0,0.42399848083299735,0,0.086352065262022,0
Retail banking,"Execution, delivery & process management",Process,Chongqing,2004-04,0,0.021267605699714257,0,0.42486383579606507,0,0.09440378417767996,0
Retail banking,"Execution, delivery & process management",Process,Fujian,2010-08,0,0.016144578438094855,0,0.42465044661074497,0,0.06642673112198329,0
Retail banking,"Execution, delivery & process management",Process,Guangdong,2002-10,0,0.041014880757401624,0,0.4249400765724823,0,0.08238993271060972,0
Retail banking,"Execution, delivery & process management",Process,Guangdong,2009-07,0,0.02450855796275145,0,0.42475551439415427,0,0.08837292289369626,0
Retail banking,"Execution, delivery & process management",Process,Guangxi,2000-12,0,0.06688289441581574,0,0.4250094478926154,0,0.06818055770859252,0
Retail banking,"Execution, delivery & process management",Process,Hainan,2002-12,0,0.0771818163499932,0,0.4247145159467819,0,0.12409494236290726,0
Retail banking,"Execution, delivery & process management",Process,Hebei,2001-07,0,0.024055484487593044,0,0.424973546094185,0,0.07253419633697589,0
Retail banking,"Execution, delivery & process management",Process,Heilongjiang,2000-03,0,0.11431774898524164,0,0.4249820141427276,0,0.07192621658361288,0
Retail banking,"Execution, delivery & process management",Process,Heilongjiang,2007-04,0,0.012016915684575677,0,0.4252187285294086,0,0.10492688715313912,0
Retail banking,"Execution, delivery & process management",Process,Heilongjiang,2019-09,0,0.06134996258879685,0,0.42486970742253044,0,0.12675167840141055,0
Retail banking,"Execution, delivery & process management",Process,Henan,1999-02,0,0.060705908690863515,0,0.42505466539623665,0,0.07811195107064811,0
Retail banking,"Execution, delivery & process management",Process,Henan,2011-05,0,0.020545404704037398,0,0.4246523985761039,0,0.10227500587122774,0
Retail banking,"Execution, delivery & process management",Process,Henan,2018-05,0,0.0337483700086075,0,0.42444036576104155,0,0.16337840765604664,0
Retail banking,"Execution, delivery & process management",Process,Henan,2018-12,0,0.04109129178887239,0,0.42425523073573773,0,0.1481372594835466,0
Retail banking,"Execution, delivery & process management",Process,Hongkong,2013-03,0,0.03797428551973847,0,0.42145079693966836,0,0.07594715236238024,0
Retail banking,"Execution, delivery & process management",Process,Hubei,2003-12,0,0.027856801925110267,0,0.4249086051657141,0,0.06524577734213091,0
Retail banking,"Execution, delivery & process management",Process,Jiangsu,2006-08,0,0.011390365148640927,0,0.42479850591770807,0,0.06120135807921771,0
Retail banking,"Execution, delivery & process management",Process,Jiangsu,2007-06,0,0.011415206523006496,0,0.42476798244509023,0,0.08586301988855341,0
Retail banking,"Execution, delivery & process management",Process,Jiangsu,2009-04,0,0.026339152682818803,0,0.42469651780853956,0,0.15963187980849497,0
Retail banking,"Execution, delivery & process management",Process,Liaoning,2007-09,0,0.020304549311488944,0,0.4247615300388083,0,0.05908238452594128,0
Retail banking,"Execution, delivery & process management",Process,Liaoning,2008-05,0,0.015302523734304907,0,0.4247304820256496,0,0.09056994102334026,0
Retail banking,"Execution, delivery & process management",Process,Liaoning,2019-06,0,0.027050280516400373,0,0.4243197247542335,0,0.1386953235513072,0
Retail banking,"Execution, delivery & process management",Process,Shaanxi,2000-07,0,0.03300091436889905,0,0.4250200955660369,0,0.06557419628764209,0
Retail banking,"Execution, delivery & process management",Process,Shaanxi,2007-01,0,0.013365567847265716,0,0.4247687073729026,0,0.09363207396714815,0
Retail banking,"Execution, delivery & process management",Process,Shandong,2008-09,0,0.024692376504689913,0,0.42472388865627075,0,0.07616608855731691,0
Retail banking,"Execution, delivery & process management",Process,Shanghai,2005-10,0,0.030281698955215035,0,0.41985465429873176,0,0.10055300349484626,0
Retail banking,"Execution, delivery & process management",Process,Shanghai,2006-08,0,0.029596871155255975,0,0.48491428733723385,0,0.13427899357556414,0
Retail banking,"Execution, delivery & process management",Process,Shanghai,2011-01,0,0.05573738652209909,0,0.4906408392161508,0,0.1709203410514852,0
Retail banking,"Execution, delivery & process management",Process,Shanghai,2017-06,0,0.04881322347516715,0,0.15642112018176238,0,0.1556069431322758,0
Retail banking,"Execution, delivery & process management",Process,Shanghai,2019-05,0,0.014901542089820096,0,0.47350572630132687,0,0.1591674971229961,0
Retail banking,"Execution, delivery & process management",Process,Shanxi,2013-03,0,0.028524231119380693,0,0.4245428331457027,0,0.08783506260249861,0
Retail banking,"Execution, delivery & process management",Process,Sichuan,2018-11,0,0.021945907989908163,0,0.4243518297262627,0,0.08891088921660208,0
Retail banking,"Execution, delivery & process management",Process,Sichuan,2019-02,0,0.009013304741950638,0,0.42434940534551285,0,0.12086971609583767,0
Retail banking,"Execution, delivery & process management",Process,Tianjin,2001-10,0,0.04363122128821584,0,0.4249789921425171,0,0.07249224359675875,0
Retail banking,"Execution, delivery & process management",Process,Xinjiang,2010-07,0,0.009982529227420251,0,0.42465007559878026,0,0.06519379000138854,0
Retail banking,"Execution, delivery & process management",Process,Xinjiang,2010-09,0,0.037495938453716245,0,0.42467020133151495,0,0.1167371624096501,0
Retail banking,"Execution, delivery & process management",Process,Zhejiang,2009-09,0,0.030363020612895166,0,0.424687709026911,0,0.08431994528834955,0
Retail banking,External fraud,External event,Anhui,2000-08,0,0.044191453146828055,0,0.4249117214722353,0,0.172177932610523,0
Retail banking,External fraud,External event,Anhui,2000-09,0,0.01905542751910072,0,0.4260477026209035,0,0.14629899900973595,0
Retail banking,External fraud,External event,Anhui,2007-03,0,0.03873405698450241,0,0.4292117957937749,0,0.16719103145355846,0
Retail banking,External fraud,External event,Anhui,2009-02,0,0.023461837751946178,0,0.4207236794804342,0,0.16851795339511752,0
Retail banking,External fraud,External event,Anhui,2010-04,0,0.0317214078190291,0,0.40864058551428956,0,0.1878511950352558,0
Retail banking,External fraud,External event,Anhui,2012-03,0,0.10133553685776148,0,0.4280917389382983,0,0.18524466230595743,0
Retail banking,External fraud,External event,Anhui,2015-02,0,0.10948300206994838,0,0.4333784470441437,0,0.18781752075329006,0
Retail banking,External fraud,External event,Anhui,2016-09,0,0.20318613631317406,0,0.4431146148789495,0,0.23385154802626124,0
Retail banking,External fraud,External event,"Anhui,Fujian,Hubei,Hunan,Guangdong",2011-02,0,0.07491290109235262,0,0.4246151105243506,0,0.20482927194420986,0
Retail banking,External fraud,External event,"Anhui,Jiangxi,Guangdong,Hongkong",2012-08,0,0.04712054982496401,0,0.4245698408978808,0,0.19940356505518894,0
Retail banking,External fraud,External event,"Anhui,Shandong",2011-04,0,0.0694128515208901,0,0.42461008756777,0,0.22287389603772487,0
Retail banking,External fraud,External event,Beijing,2000-04,0,0.058696964181048895,0,0.42472515001013084,0,0.21948146562303886,0
Retail banking,External fraud,External event,Beijing,2000-09,0,0.04167971147029741,0,0.42234373916100315,0,0.18546767656542498,0
Retail banking,External fraud,External event,Beijing,2001-09,0,0.04079217366999507,0,0.5036091876540243,0,0.25883909178274195,0
Retail banking,External fraud,External event,Beijing,2002-12,0,0.2375792416115891,0,0.48406379160379964,0,0.28425623179193255,0
Retail banking,External fraud,External event,Beijing,2003-08,0,0.16036372529558876,0,0.12826255964657768,0,0.24592391954707282,0
Retail banking,External fraud,External event,Beijing,2003-09,0,0.3073945332679026,0,0.5282877104507796,0,0.2784884166484732,0
Retail banking,External fraud,External event,Beijing,2004-02,0,0.054311425715184075,0,0.33370677589985326,0,0.21612292165733613,0
Retail banking,External fraud,External event,Beijing,2004-12,0,0.06201270902741206,0,0.6589763733061718,0,0.29655622809777904,0
Retail banking,External fraud,External event,Beijing,2005-09,0,0.10050814782226097,0,0.5286888857768954,0,0.30747129956638586,0
Retail banking,External fraud,External event,Beijing,2006-04,0,0.09093633778484714,0,0.6174304870341941,0,0.275748786561651,0
Retail banking,External fraud,External event,Beijing,2006-10,0,0.057815074281602014,0,0.5666904055020363,0,0.3233348456217368,0
Retail banking,External fraud,External event,Beijing,2006-12,0,0.06689224396263058,0,0.557836353319366,0,0.33597681101615284,0
Retail banking,External fraud,External event,Beijing,2007-04,0,0.06276981923194513,0,0.5569916932261334,0,0.2793388581569551,0
Retail banking,External fraud,External event,Beijing,2007-11,0,0.10870133585005355,0,0.6331772365332989,0,0.3624064085945957,0
Retail banking,External fraud,External event,Beijing,2007-12,0,0.09925047291868655,0,0.46999760929993994,0,0.33451889722266276,0
Retail banking,External fraud,External event,Beijing,2008-02,0,0.04755872080362328,0,0.5056182420689411,0,0.30710302542915696,0
Retail banking,External fraud,External event,Beijing,2008-04,0,0.09566993498111649,0,0.4397925359171821,0,0.38416270105682704,0
Retail banking,External fraud,External event,Beijing,2008-05,0,0.08644698352540396,0,0.4289810953013416,0,0.33850366422149814,0
Retail banking,External fraud,External event,Beijing,2009-01,0,0.07217981658340648,0,0.4272953273520821,0,0.3623991067260122,0
Retail banking,External fraud,External event,Beijing,2009-04,0,0.0791813968136099,0,0.42402319112712444,0,0.3240482533815841,0
Retail banking,External fraud,External event,Beijing,2009-05,0,0.05795580057414847,0,0.42543562699424897,0,0.3197881154983823,0
Retail banking,External fraud,External event,Beijing,2009-06,0,0.0654441039527555,0,0.43067294800276806,0,0.3446402458830127,0
Retail banking,External fraud,External event,Beijing,2009-11,0,0.05626668180731028,0,0.4275730316590072,0,0.38336124631232027,0
Retail banking,External fraud,External event,Beijing,2011-01,0,0.11647260076211978,0,0.4099355574942176,0,0.3463948151977975,0
Retail banking,External fraud,External event,Beijing,2011-05,0,0.1580622404834405,0,0.42958704266887116,0,0.41735468128783115,0
Retail banking,External fraud,External event,Beijing,2012-05,0,0.07227950599943979,0,0.43033187717727084,0,0.3684971793020515,0
Retail banking,External fraud,External event,Beijing,2015-08,0,0.1414307698193429,0,0.4371593891759104,0,0.44324420736605985,0
Retail banking,External fraud,External event,Beijing,2015-09,0,0.20967412143347927,0,0.42941338237816984,0,0.49819745680787414,0
Retail banking,External fraud,External event,Beijing,2015-11,0,0.131911577596871,0,0.4294875604606616,0,0.4267823552427899,0
Retail banking,External fraud,External event,Beijing,2016-09,1,0.5664758394262305,1,0.42964455564507154,0,0.5222756086275347,1
Retail banking,External fraud,External event,Beijing,2016-11,0,0.07130712224873538,0,0.4263800355939228,0,0.3905847318755701,0
Retail banking,External fraud,External event,Beijing,2021-11,0,0.1227593602266441,0,0.4577356547970527,0,0.35732019242159196,0
Retail banking,External fraud,External event,"Beijing,Anhui",2010-01,0,0.07526813169928637,0,0.42465203541584595,0,0.2067236037956473,0
Retail banking,External fraud,External event,"Beijing,Guangdong",2009-06,0,0.07022618268443126,0,0.42468840056010787,0,0.22381711910918647,0
Retail banking,External fraud,External event,"Beijing,Hebei,Shaanxi",2011-10,0,0.04141029305423445,0,0.4246115943966435,0,0.1907902505867955,0
Retail banking,External fraud,External event,"Beijing,Hebei,Shandong",2009-11,0,0.06410968061418976,0,0.4246800929327212,0,0.20243871175113487,0
Retail banking,External fraud,External event,"Beijing,Hebei,Shanghai,Zhejiang",2021-10,0,0.041991649387759684,0,0.4242414638477297,0,0.1857781890257149,0
Retail banking,External fraud,External event,"Beijing,Hebei,Shanghai,Zhejiang",2021-11,0,0.02625181403571979,0,0.4229079542668139,0,0.16891981961596053,0
Retail banking,External fraud,External event,"Beijing,Hebei,Shanxi,Zhejiang,Henan,Sichuan",2017-03,0,0.0820967410826866,0,0.4243563440931,0,0.1972723822755911,0
Retail banking,External fraud,External event,"Beijing,Henan",2010-04,0,0.059354214803473665,0,0.4246506110095543,0,0.22892132358796527,0
Retail banking,External fraud,External event,"Beijing,Hubei",2016-04,0,0.03601235686667462,0,0.42442933215408163,0,0.2173774804626332,0
Retail banking,External fraud,External event,"Beijing,Jilin",2009-01,0,0.06959748759108111,0,0.4246879412754482,0,0.20743768481719385,0
Retail banking,External fraud,External event,"Beijing,Jilin,Shandong,Macao",2015-11,0,0.0588760505266575,0,0.007682365721172892,0,0.17851270397340863,0
Retail banking,External fraud,External event,"Beijing,Jilin,Shanghai,Shandong,Chongqing",2018-10,0,0.06541795136608058,0,0.4243555854611552,0,0.1984738507067095,0
Retail banking,External fraud,External event,"Beijing,Liaoning",2009-12,0,0.0551522377604631,0,0.4246696989128365,0,0.1927142755830464,0
Retail banking,External fraud,External event,"Beijing,Liaoning,Henan,Guangxi,Yunnan,Shaanxi",2013-12,0,0.05394794655376429,0,0.41913592896069984,0,0.16224553561000113,0
Retail banking,External fraud,External event,"Beijing,Liaoning,Shandong,Ningxia",2019-01,0,0.11377312993573042,0,0.42428034524813374,0,0.20612167822103442,0
Retail banking,External fraud,External event,"Beijing,Shanghai",2012-06,1,0.49758577623841593,1,0.4245385081926016,0,0.5105132535383293,1
Retail banking,External fraud,External event,"Beijing,Shanghai",2012-08,0,0.12180916638079542,0,0.4245146109550072,0,0.3719412838942844,0
Retail banking,External fraud,External event,"Beijing,Shanghai,Guangdong",2011-06,0,0.10335543207852774,0,0.4246105676977304,0,0.23059946653890612,0
Retail banking,External fraud,External event,"Beijing,Shanghai,Hainan,Hongkong",2011-08,0,0.21144874056281965,0,0.42457503633583693,0,0.21306626102357382,0
Retail banking,External fraud,External event,"Beijing,Shanghai,Hunan,Shaanxi",2010-10,0,0.0405188201860174,0,0.4246497478272802,0,0.18907941508781478,0
Retail banking,External fraud,External event,"Beijing,Shanghai,Yunnan",2018-12,0,0.03430749825426656,0,0.42434708631523643,0,0.18755891458476992,0
Retail banking,External fraud,External event,"Beijing,Shanghai,Zhejiang,Fujian,Henan,Guangdong",2011-02,0,0.046222994055870915,0,0.424614960007247,0,0.19684531855818593,0
Retail banking,External fraud,External event,"Beijing,Shanghai,Zhejiang,Hongkong",2011-03,0,0.0907078200192959,0,0.42453719662979184,0,0.21228725802732995,0
Retail banking,External fraud,External event,"Beijing,Shanxi,Shanghai,Zhejiang,Shaanxi",2015-05,0,0.062338056325749396,0,0.4244583159547529,0,0.23073409842286688,0
Retail banking,External fraud,External event,"Beijing,Sichuan",2011-04,0,0.06656604674928868,0,0.4245130629354976,0,0.19518232429650254,0
Retail banking,External fraud,External event,"Beijing,Sichuan",2012-02,0,0.02819732268368391,0,0.42577546909165187,0,0.2002777828783151,0
Retail banking,External fraud,External event,"Beijing,Sichuan",2014-12,0,0.05715643240400295,0,0.42585139876900374,0,0.1846654756506101,0
Retail banking,External fraud,External event,"Beijing,Zhejiang",2005-05,0,0.041179398293076264,0,0.42483471506544734,0,0.21010466290691907,0
Retail banking,External fraud,External event,"Beijing,Zhejiang",2011-08,0,0.026237545849017333,0,0.42463231252661604,0,0.18161068180107948,0
Retail banking,External fraud,External event,Chongqing,2000-06,0,0.08657638482636312,0,0.4250149527889794,0,0.20838848956779765,0
Retail banking,External fraud,External event,Chongqing,2002-08,0,0.031076121613070763,0,0.4249564403302058,0,0.17339725835804567,0
Retail banking,External fraud,External event,Chongqing,2006-08,0,0.0156859838500148,0,0.4255205624512636,0,0.2007561526394783,0
Retail banking,External fraud,External event,Chongqing,2007-07,0,0.03192508771840704,0,0.42517013142997,0,0.2052946254125214,0
Retail banking,External fraud,External event,Chongqing,2008-03,0,0.06389392666675717,0,0.42113526873237184,0,0.20842620274086932,0
Retail banking,External fraud,External event,Chongqing,2008-08,0,0.03539196708232074,0,0.4250208920836223,0,0.21963518195713191,0
Retail banking,External fraud,External event,Chongqing,2008-11,0,0.05543233548459094,0,0.4255384562522946,0,0.23051414213885627,0
Retail banking,External fraud,External event,Chongqing,2010-04,0,0.04924791006150639,0,0.4266910559615636,0,0.24238138348904134,0
Retail banking,External fraud,External event,Chongqing,2016-04,0,0.04241598068268719,0,0.42569993447102505,0,0.24217081694103362,0
Retail banking,External fraud,External event,Chongqing,2016-10,0,0.05191080860054337,0,0.4255474379754052,0,0.27324339386631447,0
Retail banking,External fraud,External event,"Chongqing,Hongkong",2016-09,0,0.07873886895303144,0,0.4244074154039921,0,0.21515030915289918,0
Retail banking,External fraud,External event,"Chongqing,Macao",2011-12,0,0.0568163204478016,0,0.42459546467878106,0,0.19300717593325334,0
Retail banking,External fraud,External event,"Chongqing,Sichuan",2007-07,0,0.034837258385381556,0,0.42476108393166584,0,0.19316259707054262,0
Retail banking,External fraud,External event,Fujian,2000-10,0,0.05737839343952964,0,0.4249422790748427,0,0.16616375981333026,0
Retail banking,External fraud,External event,Fujian,2004-03,0,0.01821127573982024,0,0.42578404262539676,0,0.15258566149111144,0
Retail banking,External fraud,External event,Fujian,2004-11,0,0.031908409290399606,0,0.4259233797483017,0,0.16563261261565057,0
Retail banking,External fraud,External event,Fujian,2005-12,0,0.037360624203023565,0,0.41981107260901923,0,0.17544414002934874,0
Retail banking,External fraud,External event,Fujian,2007-04,0,0.03134427489971442,0,0.42569691715792185,0,0.1917973216220228,0
Retail banking,External fraud,External event,Fujian,2008-02,0,0.02857942343294976,0,0.42516975388443373,0,0.17978641703546838,0
Retail banking,External fraud,External event,Fujian,2008-03,0,0.032863302791340865,0,0.4258637877830057,0,0.18437739703816514,0
Retail banking,External fraud,External event,Fujian,2008-09,0,0.02328709719113652,0,0.42503497521349665,0,0.21328319861463696,0
Retail banking,External fraud,External event,Fujian,2008-11,0,0.04385452255801213,0,0.42635111378417334,0,0.24838651731754804,0
Retail banking,External fraud,External event,Fujian,2009-03,0,0.03141592751948849,0,0.42651532452921614,0,0.1784273439115749,0
Retail banking,External fraud,External event,Fujian,2009-07,0,0.069493159110938,0,0.42579341667187903,0,0.24488875937965943,0
Retail banking,External fraud,External event,Fujian,2009-08,0,0.044886593570531715,0,0.4262812990423778,0,0.23025997500760098,0
Retail banking,External fraud,External event,Fujian,2009-11,0,0.05547218764461337,0,0.4275406665917729,0,0.25236545744995237,0
Retail banking,External fraud,External event,Fujian,2009-12,1,0.06691754614472414,0,0.42636747021077803,0,0.2678099762572568,0
Retail banking,External fraud,External event,Fujian,2010-03,0,0.044956023718578195,0,0.42038846779319833,0,0.19142354758041885,0
Retail banking,External fraud,External event,Fujian,2010-08,0,0.04165183327386721,0,0.4999316982030121,0,0.24032206203881568,0
Retail banking,External fraud,External event,Fujian,2010-11,0,0.04129466072187363,0,0.507811399184976,0,0.22189581032562888,0
Retail banking,External fraud,External event,Fujian,2011-07,0,0.04910830134739,0,0.11807292360699001,0,0.19730143423726307,0
Retail banking,External fraud,External event,Fujian,2011-11,0,0.05455238931466145,0,0.4871087978989599,0,0.21547295844594558,0
Retail banking,External fraud,External event,Fujian,2018-10,0,0.0783280497482666,0,0.486435179208162,0,0.26179960698162935,0
Retail banking,External fraud,External event,"Fujian,Guangdong",2009-01,0,0.1146413527928337,0,0.4246617621540857,0,0.21558705965644875,0
Retail banking,External fraud,External event,"Fujian,Guangdong",2013-03,0,0.025068070983003635,0,0.42486297486121266,0,0.19963249764717259,0
Retail banking,External fraud,External event,"Fujian,Guangdong,Sichuan,Macao",2014-03,0,0.04101217070636654,0,0.4245036761746068,0,0.20068242041188078,0
Retail banking,External fraud,External event,"Fujian,Henan,Guangdong",2018-07,0,0.03654025657071591,0,0.4243552304464738,0,0.17988522708177465,0
Retail banking,External fraud,External event,"Fujian,Jiangxi,Hainan",2019-10,0,0.033282304455816945,0,0.4243121811336246,0,0.18690743676545293,0
Retail banking,External fraud,External event,"Fujian,Jiangxi,Hainan",2020-12,0,0.029498126063314582,0,0.42435176509644085,0,0.17212776790298898,0
Retail banking,External fraud,External event,"Fujian,Yunnan",2011-05,0,0.10024674981778185,0,0.4245950140236667,0,0.23146872042284233,0
Retail banking,External fraud,External event,Gansu,2005-06,0,0.08532910796217757,0,0.42482612551534876,0,0.22907452440428316,0
Retail banking,External fraud,External event,Gansu,2010-03,0,0.023600413310663256,0,0.42475657039373754,0,0.19660510443076182,0
Retail banking,External fraud,External event,Gansu,2010-08,0,0.03616130422994147,0,0.4248908864403419,0,0.20297220540366048,0
Retail banking,External fraud,External event,Guangdong,2000-08,0,0.0864376075723551,0,0.4250063982641301,0,0.2065505710637272,0
Retail banking,External fraud,External event,Guangdong,2000-10,0,0.016865586536729465,0,0.40543923794685743,0,0.17962457543657565,0
Retail banking,External fraud,External event,Guangdong,2001-07,0,0.06668393630504078,0,0.4267963132681096,0,0.18835108898667396,0
Retail banking,External fraud,External event,Guangdong,2001-09,0,0.0318281259034914,0,0.42879330463605275,0,0.21563195397726068,0
Retail banking,External fraud,External event,Guangdong,2003-12,0,0.06549505611313573,0,0.41756763784503026,0,0.22458103604062765,0
Retail banking,External fraud,External event,Guangdong,2004-10,0,0.10595302804769254,0,0.41157113765533665,0,0.2339703478538488,0
Retail banking,External fraud,External event,Guangdong,2004-12,0,0.09788878851521142,0,0.42980417352994915,0,0.23730649955036262,0
Retail banking,External fraud,External event,Guangdong,2006-02,0,0.14560435892813403,0,0.43377150098917,0,0.23521790786584248,0
Retail banking,External fraud,External event,Guangdong,2006-10,0,0.08248591657877644,0,0.4289754693160505,0,0.275610016472802,0
Retail banking,External fraud,External event,Guangdong,2007-01,0,0.06653528063714256,0,0.431097768589031,0,0.24527285862106732,0
Retail banking,External fraud,External event,Guangdong,2007-11,0,0.04412933278379997,0,0.42933617464768953,0,0.3066378394786971,0
Retail banking,External fraud,External event,Guangdong,2008-01,0,0.06798138329612337,0,0.43410577200885914,0,0.22499043664344456,0
Retail banking,External fraud,External event,Guangdong,2008-07,0,0.05420812549646379,0,0.4344000833501671,0,0.3067007857724599,0
Retail banking,External fraud,External event,Guangdong,2008-09,0,0.07006560574817391,0,0.43637759664269066,0,0.32640970969647093,0
Retail banking,External fraud,External event,Guangdong,2008-10,0,0.050392391126520934,0,0.4283127169400532,0,0.349882673357441,0
Retail banking,External fraud,External event,Guangdong,2008-12,0,0.11745975386286084,0,0.42879166618952563,0,0.3493351984920221,0
Retail banking,External fraud,External event,Guangdong,2009-02,0,0.05311712984389725,0,0.4283076712181806,0,0.2662875305236698,0
Retail banking,External fraud,External event,Guangdong,2009-03,0,0.08001836385950829,0,0.43127819967433867,0,0.29152551684812184,0
Retail banking,External fraud,External event,Guangdong,2009-06,0,0.04722220956149922,0,0.42696187707357364,0,0.25524474439679423,0
Retail banking,External fraud,External event,Guangdong,2009-07,0,0.08715428251298526,0,0.4270252519472609,0,0.34970742114566705,0
Retail banking,External fraud,External event,Guangdong,2009-11,0,0.07215889222198842,0,0.42668821630440523,0,0.35310848435496783,0
Retail banking,External fraud,External event,Guangdong,2009-12,0,0.15688907898355575,0,0.4260268660116405,0,0.35586124741432895,0
Retail banking,External fraud,External event,Guangdong,2010-04,0,0.09833276928282321,0,0.4260149372953285,0,0.31111551182550157,0
Retail banking,External fraud,External event,Guangdong,2010-05,0,0.14951799476706093,0,0.42681285598130814,0,0.3814259157477172,0
Retail banking,External fraud,External event,Guangdong,2010-06,0,0.0943626101551242,0,0.42524246288422946,0,0.33192341898468175,0
Retail banking,External fraud,External event,Guangdong,2010-09,0,0.17334214350800237,0,0.424978612094085,0,0.42373479670675435,0
Retail banking,External fraud,External event,Guangdong,2010-10,0,0.15981823390439967,0,0.4243871545451268,0,0.4283807310174881,0
Retail banking,External fraud,External event,Guangdong,2010-12,1,0.5769709423104693,1,0.4252532795535759,0,0.6110882663788926,1
Retail banking,External fraud,External event,Guangdong,2011-03,0,0.1313956594679348,0,0.42016309137064084,0,0.3176440412714724,0
Retail banking,External fraud,External event,Guangdong,2011-04,0,0.031331132662426125,0,0.4766007524337847,0,0.2429211455585396,0
Retail banking,External fraud,External event,Guangdong,2011-08,0,0.06455789462380088,0,0.4820658925258411,0,0.3182639434150986,0
Retail banking,External fraud,External event,Guangdong,2012-10,0,0.04297026893745735,0,0.18257729848220267,0,0.24675819092653797,0
Retail banking,External fraud,External event,Guangdong,2013-12,0,0.05682689939399615,0,0.46780430852367755,0,0.2832571979858725,0
Retail banking,External fraud,External event,"Guangdong,Guangxi",2011-10,0,0.06008719147521776,0,0.42461226874257396,0,0.19773568857017193,0
Retail banking,External fraud,External event,"Guangdong,Guangxi",2016-07,0,0.02963984977899715,0,0.42444766924372324,0,0.18470315652804428,0
Retail banking,External fraud,External event,"Guangdong,Guangxi",2019-05,0,0.03664391985559804,0,0.42435061154214143,0,0.2003680881317468,0
Retail banking,External fraud,External event,Guangxi,2009-04,0,0.03555582274608048,0,0.4246826772934762,0,0.20181587228483952,0
Retail banking,External fraud,External event,Guangxi,2009-11,0,0.041197309572693006,0,0.4247569151033815,0,0.17519284316536862,0
Retail banking,External fraud,External event,Guangxi,2010-03,0,0.033174574161151764,0,0.4247295224764408,0,0.18524656140717924,0
Retail banking,External fraud,External event,Guangxi,2011-01,0,0.0662188653390568,0,0.42423268476374293,0,0.19621647096615927,0
Retail banking,External fraud,External event,Guangxi,2011-03,0,0.04344371312628276,0,0.42476510534591033,0,0.20566277358976331,0
Retail banking,External fraud,External event,Guangxi,2011-05,0,0.03733442385879072,0,0.42471373117038497,0,0.21172753712126588,0
Retail banking,External fraud,External event,Guangxi,2011-07,0,0.033051562762164935,0,0.42436483253901386,0,0.23594630918944953,0
Retail banking,External fraud,External event,Guangxi,2011-10,0,0.07005183572639564,0,0.4247246397033917,0,0.23735549859066302,0
Retail banking,External fraud,External event,Guangxi,2013-01,0,0.04493516965188424,0,0.42460792772599437,0,0.20058548792162162,0
Retail banking,External fraud,External event,"Guangxi,Chongqing",2009-04,0,0.0379362094967993,0,0.42468438922423646,0,0.20539550555014457,0
Retail banking,External fraud,External event,"Guangxi,Gansu,Macao",2014-03,0,0.05985341388890506,0,0.4243103266000915,0,0.2036435221157254,0
Retail banking,External fraud,External event,"Guangxi,Xinjiang",2007-04,0,0.0694128515208901,0,0.4247533970894921,0,0.22266523034022523,0
Retail banking,External fraud,External event,Guizhou,2009-09,0,0.028655069528043142,0,0.4246854282196123,0,0.1991363970347725,0
Retail banking,External fraud,External event,Guizhou,2009-11,0,0.037170824814356275,0,0.4247242711656017,0,0.21601687477063986,0
Retail banking,External fraud,External event,Guizhou,2017-06,0,0.06360759899165086,0,0.4243707306401164,0,0.23655542727783468,0
Retail banking,External fraud,External event,Hainan,2004-09,0,0.14309039110017346,0,0.42487153373015407,0,0.26349052284591423,0
Retail banking,External fraud,External event,Hainan,2010-02,0,0.06997776860683705,0,0.4246271282783845,0,0.21756707802483324,0
Retail banking,External fraud,External event,Hainan,2011-04,0,0.04891833069489001,0,0.4250571776421216,0,0.22675026729035164,0
Retail banking,External fraud,External event,"Hainan,Hongkong",2010-02,0,0.10035025131113268,0,0.39405853135016106,0,0.19342769696290182,0
Retail banking,External fraud,External event,Hebei,2007-04,0,0.09196300089672027,0,0.42474869146282324,0,0.22538354709930328,0
Retail banking,External fraud,External event,Hebei,2009-04,0,0.014048361143726913,0,0.4248479726167909,0,0.1979815923395355,0
Retail banking,External fraud,External event,Hebei,2011-06,0,0.03757706570534547,0,0.42480566170199163,0,0.2159232051624195,0
Retail banking,External fraud,External event,Hebei,2014-02,0,0.054975573339754766,0,0.42245592756338285,0,0.21085314495948881,0
Retail banking,External fraud,External event,"Hebei,Guangdong",2010-12,0,0.14700421873470845,0,0.4157835004211017,0,0.1876421285337782,0
Retail banking,External fraud,External event,"Hebei,Heilongjiang",2010-07,0,0.07234512546973378,0,0.4246134248479124,0,0.20150007264230535,0
Retail banking,External fraud,External event,"Hebei,Heilongjiang",2015-04,0,0.04268960130277636,0,0.4248377401090065,0,0.20823198076170013,0
Retail banking,External fraud,External event,"Hebei,Heilongjiang",2016-06,0,0.11010726957741428,0,0.4228837436009572,0,0.2017593388771071,0
Retail banking,External fraud,External event,"Hebei,Heilongjiang",2016-12,0,0.10214734141871179,0,0.4233034317663517,0,0.23754902018708965,0
Retail banking,External fraud,External event,Heilongjiang,2004-11,0,0.10972101221759864,0,0.4248716475987019,0,0.17069907449720295,0
Retail banking,External fraud,External event,Heilongjiang,2005-10,0,0.02942427268370809,0,0.4242587295061716,0,0.14400412402840823,0
Retail banking,External fraud,External event,Heilongjiang,2005-12,0,0.04213118483069165,0,0.43177056166141603,0,0.20858045363611813,0
Retail banking,External fraud,External event,Heilongjiang,2009-11,0,0.02995321415127261,0,0.43251832652688554,0,0.18556955643355388,0
Retail banking,External fraud,External event,Heilongjiang,2010-11,0,0.03690103358152835,0,0.38607016986563836,0,0.17489856416066923,0
Retail banking,External fraud,External event,Heilongjiang,2011-09,0,0.03453213817078959,0,0.4289297122018408,0,0.19248048996248676,0
Retail banking,External fraud,External event,Heilongjiang,2013-10,0,0.08473084949165545,0,0.4263822482598106,0,0.2222391238852177,0
Retail banking,External fraud,External event,Heilongjiang,2013-12,0,0.23065226928398616,0,0.4946661435817922,0,0.23732067723922223,0
Retail banking,External fraud,External event,Heilongjiang,2016-08,0,0.1712653619985397,0,0.48612128800833954,0,0.2205718818031519,0
Retail banking,External fraud,External event,"Heilongjiang,Hainan,Sichuan",2010-11,0,0.0808769326116494,0,0.4244952302782842,0,0.20010783114051503,0
Retail banking,External fraud,External event,Henan,2000-12,0,0.05318271098723859,0,0.42493851927557696,0,0.19198097925341262,0
Retail banking,External fraud,External event,Henan,2003-12,0,0.0809423569576376,0,0.4258266846417098,0,0.1705422793120208,0
Retail banking,External fraud,External event,Henan,2006-05,0,0.035930896082094835,0,0.42628644164543184,0,0.19200763029272933,0
Retail banking,External fraud,External event,Henan,2007-09,0,0.0329470012411247,0,0.42009116382402373,0,0.18777398205329837,0
Retail banking,External fraud,External event,Henan,2007-12,0,0.041331740613294345,0,0.4235507599964795,0,0.2341073132205598,0
Retail banking,External fraud,External event,Henan,2008-11,0,0.03280024852070797,0,0.42468585345135124,0,0.19900274341587873,0
Retail banking,External fraud,External event,Henan,2009-06,0,0.03686049482526573,0,0.42657211375083304,0,0.23238909576633845,0
Retail banking,External fraud,External event,Henan,2009-08,0,0.032684554856480995,0,0.4276345800902059,0,0.24923087079402365,0
Retail banking,External fraud,External event,Henan,2009-12,0,0.04267844992614133,0,0.4273881733267113,0,0.26055850282764587,0
Retail banking,External fraud,External event,Henan,2010-01,0,0.05194244883108405,0,0.42750217866567297,0,0.23154257031389047,0
Retail banking,External fraud,External event,Henan,2010-12,0,0.10160722590429677,0,0.4271413380746989,0,0.2774426113107204,0
Retail banking,External fraud,External event,Henan,2011-01,0,0.06732549781587137,0,0.42678472929027655,0,0.2339645113319458,0
Retail banking,External fraud,External event,Henan,2011-11,0,0.06340494136782987,0,0.42704351990374834,0,0.256658939200708,0
Retail banking,External fraud,External event,Henan,2013-03,0,0.04508658361306587,0,0.42789669067517144,0,0.25235391074411595,0
Retail banking,External fraud,External event,Henan,2013-09,0,0.05828780019701211,0,0.4265081291686631,0,0.2577011378652318,0
Retail banking,External fraud,External event,Henan,2015-07,0,0.08926056391176847,0,0.4190164691366776,0,0.2792634199469692,0
Retail banking,External fraud,External event,Henan,2016-01,0,0.1035442928281373,0,0.4267617935193182,0,0.23324229648595052,0
Retail banking,External fraud,External event,"Henan,Guangdong",2009-04,0,0.058462741935256614,0,0.4246867612718011,0,0.2212465993006167,0
Retail banking,External fraud,External event,"Henan,Guangdong,Hongkong,Macao",2011-07,0,0.09081783293635083,0,0.4245674377116868,0,0.21505038800770085,0
Retail banking,External fraud,External event,Hongkong,2011-04,0,0.03712116355895414,0,0.42461188147167805,0,0.1982991528230195,0
Retail banking,External fraud,External event,Hubei,2003-09,0,0.07320960169477006,0,0.42489550514836955,0,0.18196651584447307,0
Retail banking,External fraud,External event,Hubei,2004-12,0,0.047505710239488304,0,0.42503220966573346,0,0.15743493472365774,0
Retail banking,External fraud,External event,Hubei,2006-12,0,0.03621973310529056,0,0.42497164958894007,0,0.16724697520317275,0
Retail banking,External fraud,External event,Hubei,2007-06,0,0.027025335576477055,0,0.4239722667126344,0,0.18096921035484395,0
Retail banking,External fraud,External event,Hubei,2007-07,0,0.031733600684213104,0,0.42494231606212246,0,0.18920914024609592,0
Retail banking,External fraud,External event,Hubei,2009-01,0,0.029539898261227535,0,0.42489439765859743,0,0.1719617441071781,0
Retail banking,External fraud,External event,Hubei,2009-02,0,0.020189166047474873,0,0.4259529191801049,0,0.18302522330696788,0
Retail banking,External fraud,External event,Hubei,2009-03,0,0.0392065650815624,0,0.4211963799696414,0,0.18450285178098672,0
Retail banking,External fraud,External event,Hubei,2009-11,0,0.039590297585114204,0,0.42593728947674003,0,0.21864250014648004,0
Retail banking,External fraud,External event,Hubei,2010-01,0,0.06282014674169394,0,0.4248907160255282,0,0.1843891063108288,0
Retail banking,External fraud,External event,Hubei,2010-03,0,0.019233535376367728,0,0.42754781046011625,0,0.19045159981691528,0
Retail banking,External fraud,External event,Hubei,2010-06,0,0.030064902165694286,0,0.42497811647281203,0,0.20865540800371038,0
Retail banking,External fraud,External event,Hubei,2011-08,0,0.06569197399105522,0,0.4265892174490559,0,0.2596880785395323,0
Retail banking,External fraud,External event,Hubei,2011-09,0,0.0945619149318988,0,0.4258425602164407,0,0.2581327565513652,0
Retail banking,External fraud,External event,Hubei,2015-01,0,0.05009916425912287,0,0.4190099553249268,0,0.18018929279815205,0
Retail banking,External fraud,External event,Hubei,2015-10,0,0.06227695936278894,0,0.5098326814987814,0,0.2405574760028063,0
Retail banking,External fraud,External event,Hubei,2019-08,0,0.04870738271131996,0,0.5187751826315841,0,0.24991393167983159,0
Retail banking,External fraud,External event,"Hubei,Chongqing,Shaanxi",2018-07,0,0.03654025657071591,0,0.4243551089630751,0,0.1872860709619707,0
Retail banking,External fraud,External event,"Hubei,Guangdong",2007-07,0,0.03374359063028065,0,0.42475597023394024,0,0.19804808462964316,0
Retail banking,External fraud,External event,"Hubei,Guangdong",2009-10,0,0.04193378207110753,0,0.42475739467911605,0,0.181621309599525,0
Retail banking,External fraud,External event,"Hubei,Hunan",2016-09,0,0.043186938131717,0,0.42372905508488967,0,0.19311831854032496,0
Retail banking,External fraud,External event,"Hubei,Shaanxi",2019-12,0,0.10201484162323426,0,0.38620455380145025,0,0.1918176047507446,0
Retail banking,External fraud,External event,Hunan,2004-01,0,0.09378048643224926,0,0.4248644877858105,0,0.2023285665498231,0
Retail banking,External fraud,External event,Hunan,2005-01,0,0.02529258776523021,0,0.42492205943351163,0,0.17630679153493894,0
Retail banking,External fraud,External event,Hunan,2007-10,0,0.03869237045125107,0,0.4247749864812907,0,0.17406362363630065,0
Retail banking,External fraud,External event,Hunan,2008-06,0,0.0459064382848015,0,0.4288217477878897,0,0.186734509663151,0
Retail banking,External fraud,External event,Hunan,2008-11,0,0.015367352573341797,0,0.4273773395483975,0,0.16575073881262467,0
Retail banking,External fraud,External event,Hunan,2009-03,0,0.050116190306860535,0,0.40028833235977124,0,0.19974244281931006,0
Retail banking,External fraud,External event,Hunan,2009-08,0,0.037084650704121994,0,0.4287690892345202,0,0.2240350538452847,0
Retail banking,External fraud,External event,Hunan,2009-11,0,0.058724299367071416,0,0.42860567145702105,0,0.23245225634049727,0
Retail banking,External fraud,External event,Hunan,2010-10,0,0.048061385398641965,0,0.4395758847419465,0,0.2597046029810483,0
Retail banking,External fraud,External event,Hunan,2013-11,0,0.10250931736713505,0,0.4296533662031873,0,0.2630432357925839,0
Retail banking,External fraud,External event,Hunan,2016-10,0,0.09177660632069597,0,0.43033428642596117,0,0.2422127718829277,0
Retail banking,External fraud,External event,"Hunan,Shaanxi",2013-12,0,0.052289484915804624,0,0.4242527493127428,0,0.1881332282514036,0
Retail banking,External fraud,External event,Inner mongolia,2001-10,0,0.05783634030769003,0,0.4249065659492205,0,0.19816916441768911,0
Retail banking,External fraud,External event,"Inner mongolia,Inner mongolia",2011-02,0,0.08180336365400102,0,0.42460611381127017,0,0.21684751650767828,0
Retail banking,External fraud,External event,"Inner mongolia,Jiangsu,Inner mongolia",2006-02,0,0.04674117211838714,0,0.4190102254241182,0,0.17911651140235046,0
Retail banking,External fraud,External event,"Inner mongolia,Liaoning,Jilin,Heilongjiang,Shaanxi,Inner mongolia",2013-11,0,0.10100578853989145,0,0.42450998892500924,0,0.21146670682953422,0
Retail banking,External fraud,External event,"Inner mongolia,Shanghai,Zhejiang,Fujian,Hainan,Yunnan,Qinghai,Inner mongolia",2010-11,0,0.05919571860700072,0,0.42464932362878316,0,0.20089857663729258,0
Retail banking,External fraud,External event,Jiangsu,2001-04,0,0.057145981879222665,0,0.42488022844303175,0,0.19139343857569371,0
Retail banking,External fraud,External event,Jiangsu,2001-10,0,0.016737613834974033,0,0.42620578571963896,0,0.15561496811976086,0
Retail banking,External fraud,External event,Jiangsu,2003-12,0,0.04720824747905856,0,0.4263115479605573,0,0.17415943802755648,0
Retail banking,External fraud,External event,Jiangsu,2006-07,0,0.04563358803908009,0,0.4178569397574037,0,0.19623640946653825,0
Retail banking,External fraud,External event,Jiangsu,2006-09,0,0.02318009247616455,0,0.42604184143058393,0,0.21090853347765848,0
Retail banking,External fraud,External event,Jiangsu,2007-03,0,0.04133445389003772,0,0.42639533751375797,0,0.19095672893072432,0
Retail banking,External fraud,External event,Jiangsu,2007-09,0,0.030557453841323932,0,0.4258692516363358,0,0.2464032485146888,0
Retail banking,External fraud,External event,Jiangsu,2007-12,0,0.05359215732862618,0,0.4269221143714116,0,0.2379900497033105,0
Retail banking,External fraud,External event,Jiangsu,2008-04,0,0.03784290027488035,0,0.4255658756057307,0,0.20446616588222744,0
Retail banking,External fraud,External event,Jiangsu,2009-04,0,0.06217960874774631,0,0.4281444037054746,0,0.23029819431355444,0
Retail banking,External fraud,External event,Jiangsu,2011-12,0,0.10213355198888656,0,0.42588663221861767,0,0.26001264226765824,0
Retail banking,External fraud,External event,"Jiangsu,Anhui,Hunan",2010-02,0,0.045281364545958366,0,0.42464473242999395,0,0.17830172367005132,0
Retail banking,External fraud,External event,"Jiangsu,Fujian",2008-11,0,0.06242378878243931,0,0.4247213218538631,0,0.20129923577100256,0
Retail banking,External fraud,External event,"Jiangsu,Hongkong",2012-12,0,0.07507133608628358,0,0.4238027167117987,0,0.19757188787555954,0
Retail banking,External fraud,External event,"Jiangsu,Shandong",2014-02,0,0.11621485886613545,0,0.4244421184861494,0,0.21865863550349615,0
Retail banking,External fraud,External event,"Jiangsu,Yunnan",2011-04,0,0.06413338604346187,0,0.42461503158607544,0,0.21742488194133855,0
Retail banking,External fraud,External event,"Jiangsu,Zhejiang",2006-07,0,0.06299192312419367,0,0.42479174466446856,0,0.20638999226104007,0
Retail banking,External fraud,External event,"Jiangsu,Zhejiang,Fujian,Guangdong,Guangxi",2010-10,0,0.08322387138715959,0,0.42457280609699016,0,0.20467602973241522,0
Retail banking,External fraud,External event,"Jiangsu,Zhejiang,Jiangxi,Chongqing,Guizhou",2011-04,0,0.28794902997612026,0,0.42457573887134226,0,0.22910645114143716,0
Retail banking,External fraud,External event,"Jiangsu,Zhejiang,Qinghai",2010-07,0,0.05615045221275152,0,0.42464823308114735,0,0.2095462976312022,0
Retail banking,External fraud,External event,Jiangxi,2000-11,0,0.0815995587388672,0,0.42499998891328555,0,0.18477586787586212,0
Retail banking,External fraud,External event,Jiangxi,2001-03,0,0.02836798624337033,0,0.4250668781540497,0,0.16512556745740517,0
Retail banking,External fraud,External event,Jiangxi,2007-11,0,0.02724968144131835,0,0.4267614018981003,0,0.16955193883481878,0
Retail banking,External fraud,External event,Jiangxi,2008-08,0,0.02419814281316483,0,0.42534728892674434,0,0.18661905275077403,0
Retail banking,External fraud,External event,Jiangxi,2009-03,0,0.03156744920438666,0,0.4150303919916038,0,0.18452077446656573,0
Retail banking,External fraud,External event,Jiangxi,2009-04,0,0.02984960390570468,0,0.4262703700164984,0,0.2036329198384932,0
Retail banking,External fraud,External event,Jiangxi,2009-05,0,0.03455711909905753,0,0.42665568883028016,0,0.22461042938894782,0
Retail banking,External fraud,External event,Jiangxi,2009-06,0,0.03068925182815151,0,0.43063055869727446,0,0.22165362391613186,0
Retail banking,External fraud,External event,Jiangxi,2010-06,0,0.07149524924608408,0,0.42692292284978844,0,0.23642488783639048,0
Retail banking,External fraud,External event,Jiangxi,2010-10,0,0.043546204082568214,0,0.4263160716324348,0,0.2362171885314894,0
Retail banking,External fraud,External event,Jiangxi,2010-12,0,0.0576428423396806,0,0.4338581154652829,0,0.22969095451940494,0
Retail banking,External fraud,External event,Jiangxi,2011-01,0,0.04102732090205224,0,0.43507927874553426,0,0.20936377214965676,0
Retail banking,External fraud,External event,"Jiangxi,Guangdong",2022-03,0,0.07032624985393691,0,0.4242064113501997,0,0.21613523887451583,0
Retail banking,External fraud,External event,Jilin,2006-02,0,0.09093660841002885,0,0.42479941757603834,0,0.23126565904019866,0
Retail banking,External fraud,External event,Jilin,2006-09,0,0.06003649449987526,0,0.4247563940877334,0,0.19383092193405,0
Retail banking,External fraud,External event,Jilin,2009-06,0,0.06393598596401757,0,0.42521644852221896,0,0.22185492203710286,0
Retail banking,External fraud,External event,Jilin,2010-02,0,0.024112735734236185,0,0.4260106505750803,0,0.20917328581412697,0
Retail banking,External fraud,External event,Jilin,2010-04,0,0.05754141933955028,0,0.42217918009261046,0,0.21920362086197695,0
Retail banking,External fraud,External event,Jilin,2011-01,0,0.039379533495942746,0,0.4210459207972422,0,0.21265030369734259,0
Retail banking,External fraud,External event,Jilin,2014-01,0,0.06670404083908023,0,0.42497922309273134,0,0.2203154646603014,0
Retail banking,External fraud,External event,"Jilin,Guangxi,Chongqing,Sichuan,Guizhou",2011-04,0,0.0694128515208901,0,0.4246049472563386,0,0.22562990132188654,0
Retail banking,External fraud,External event,"Jilin,Heilongjiang",2011-01,0,0.06870601472286406,0,0.424614685038721,0,0.20247717224720238,0
Retail banking,External fraud,External event,"Jilin,Jiangsu,Hubei,Hunan,Sichuan",2010-11,0,0.04304387829964237,0,0.4246457133315462,0,0.18944408177707595,0
Retail banking,External fraud,External event,Liaoning,2000-08,0,0.055569676026453685,0,0.4249950778574158,0,0.16395194913071554,0
Retail banking,External fraud,External event,Liaoning,2002-06,0,0.024646099829653854,0,0.42436275512086996,0,0.1430720301620516,0
Retail banking,External fraud,External event,Liaoning,2003-04,0,0.04153062207911382,0,0.4357018162628484,0,0.1959682403510966,0
Retail banking,External fraud,External event,Liaoning,2004-03,0,0.018439263495773708,0,0.43472840088345577,0,0.1672391244571663,0
Retail banking,External fraud,External event,Liaoning,2006-01,0,0.03511454724351538,0,0.36708833575136895,0,0.16576365773323143,0
Retail banking,External fraud,External event,Liaoning,2007-01,0,0.1340638688248496,0,0.4333890481472776,0,0.1619613292289034,0
Retail banking,External fraud,External event,Liaoning,2007-05,0,0.118408873070244,0,0.43351889082236,0,0.18276800269091242,0
Retail banking,External fraud,External event,Liaoning,2007-12,0,0.2043061454493925,0,0.47309258277480787,0,0.20168882360395304,0
Retail banking,External fraud,External event,Liaoning,2008-07,0,0.18304390320760355,0,0.45339502439026064,0,0.18282624739728615,0
Retail banking,External fraud,External event,Liaoning,2008-12,0,0.03584707968587635,0,0.3652067383244166,0,0.17661465330026346,0
Retail banking,External fraud,External event,Liaoning,2009-03,0,0.030556454837937057,0,0.4321870838244642,0,0.16426782258856912,0
Retail banking,External fraud,External event,Liaoning,2010-06,0,0.017043982314331057,0,0.43202903152020183,0,0.18651510663187146,0
Retail banking,External fraud,External event,Liaoning,2011-10,0,0.08316704811019801,0,0.48965716700944606,0,0.23704801834489747,0
Retail banking,External fraud,External event,"Liaoning,Henan,Hunan,Sichuan",2019-08,0,0.053080024931240644,0,0.4242984661488928,0,0.18178459690396828,0
Retail banking,External fraud,External event,Qinghai,2007-04,0,0.0379362094967993,0,0.42475651194402336,0,0.21586604579019944,0
Retail banking,External fraud,External event,Qinghai,2010-05,0,0.03595442980159601,0,0.4247207809543641,0,0.2028750062180439,0
Retail banking,External fraud,External event,Qinghai,2010-08,0,0.04911228304279868,0,0.4247319831894971,0,0.19727082077440095,0
Retail banking,External fraud,External event,Shaanxi,2000-02,0,0.08546908999088747,0,0.42501979618112307,0,0.18690104935154953,0
Retail banking,External fraud,External event,Shaanxi,2001-12,0,0.024867792925257384,0,0.42499180041503054,0,0.15374375010328425,0
Retail banking,External fraud,External event,Shaanxi,2005-08,0,0.03323360212802368,0,0.42495114438717985,0,0.17930226587524217,0
Retail banking,External fraud,External event,Shaanxi,2005-10,0,0.036550888243919374,0,0.4250204266885739,0,0.16313344495300572,0
Retail banking,External fraud,External event,Shaanxi,2006-12,0,0.07428413616289818,0,0.4245533043304055,0,0.20002684149493938,0
Retail banking,External fraud,External event,Shaanxi,2007-01,0,0.05826733433512963,0,0.4240407563839216,0,0.1815041029264643,0
Retail banking,External fraud,External event,Shaanxi,2007-04,0,0.024866079278100413,0,0.42442089254700804,0,0.20423964665672523,0
Retail banking,External fraud,External event,Shaanxi,2007-09,0,0.02733498519811802,0,0.42549492471162764,0,0.22251995744086728,0
Retail banking,External fraud,External event,Shaanxi,2008-12,0,0.04849250706210159,0,0.4240817711411386,0,0.22249363692801646,0
Retail banking,External fraud,External event,Shaanxi,2009-03,0,0.02784577114888367,0,0.4258321562431083,0,0.21215822301815015,0
Retail banking,External fraud,External event,Shaanxi,2012-07,0,0.06677241997283904,0,0.425563021137959,0,0.22772341486510891,0
Retail banking,External fraud,External event,Shandong,2005-07,0,0.03762492052313784,0,0.42483514650052434,0,0.1973503199076215,0
Retail banking,External fraud,External event,Shandong,2006-04,0,0.027408209941039333,0,0.4247756237212747,0,0.1919790686763769,0
Retail banking,External fraud,External event,Shandong,2006-09,0,0.04417509236944254,0,0.42519992606451634,0,0.20837507459247567,0
Retail banking,External fraud,External event,Shandong,2007-10,0,0.04035950207046268,0,0.4251423037383634,0,0.21023416853962854,0
Retail banking,External fraud,External event,Shandong,2007-12,0,0.03678213954935029,0,0.4225797319243859,0,0.21399745428635186,0
Retail banking,External fraud,External event,Shandong,2008-06,0,0.04090761978841237,0,0.4251201523434767,0,0.21032264780756024,0
Retail banking,External fraud,External event,Shandong,2008-08,0,0.04452886499626833,0,0.4250031694340013,0,0.26420003602366116,0
Retail banking,External fraud,External event,Shandong,2008-11,0,0.0875801698729747,0,0.4257089304548782,0,0.2610557031001958,0
Retail banking,External fraud,External event,Shandong,2008-12,0,0.05811741549309877,0,0.42512983971664314,0,0.2548862767846716,0
Retail banking,External fraud,External event,Shandong,2009-01,0,0.03181862754701552,0,0.42572463254872905,0,0.22296996654565612,0
Retail banking,External fraud,External event,Shandong,2009-03,0,0.052415528424440506,0,0.426218801116258,0,0.22227788264658885,0
Retail banking,External fraud,External event,Shandong,2009-05,0,0.03710797890627122,0,0.4217898017350172,0,0.24727219315133037,0
Retail banking,External fraud,External event,Shandong,2009-11,0,0.0375007557011033,0,0.4260392870062001,0,0.29659163896024965,0
Retail banking,External fraud,External event,Shandong,2010-04,0,0.0554166684177688,0,0.42390409778213783,0,0.23952126359854595,0
Retail banking,External fraud,External event,Shandong,2010-05,0,0.03172517066909397,0,0.4355023675333044,0,0.24908865362847807,0
Retail banking,External fraud,External event,Shandong,2010-11,0,0.0828077550486984,0,0.43512792930938504,0,0.2657860645503015,0
Retail banking,External fraud,External event,Shandong,2014-01,0,0.12389165258192385,0,0.38120614518272966,0,0.21691583191915464,0
Retail banking,External fraud,External event,Shandong,2015-09,0,0.1307909558362657,0,0.4321369423163546,0,0.26933317434335574,0
Retail banking,External fraud,External event,Shandong,2016-06,0,0.05667658360642103,0,0.44002664039301614,0,0.27082219136065755,0
Retail banking,External fraud,External event,Shandong,2018-10,0,0.16881744148734223,0,0.45945876027919036,0,0.33838572088235697,0
Retail banking,External fraud,External event,"Shandong,Shaanxi",2010-04,0,0.0694128515208901,0,0.4246399005458671,0,0.22562990132188654,0
Retail banking,External fraud,External event,Shanghai,2002-04,0,0.08310815816507161,0,0.42490142875641546,0,0.2592294247813811,0
Retail banking,External fraud,External event,Shanghai,2003-08,0,0.03909840023882787,0,0.4254271279990361,0,0.22304531117001053,0
Retail banking,External fraud,External event,Shanghai,2003-10,0,0.03773322597963168,0,0.4256814794869176,0,0.20035289174418264,0
Retail banking,External fraud,External event,Shanghai,2005-08,0,0.02695696466754799,0,0.4220341657759733,0,0.18095187457395545,0
Retail banking,External fraud,External event,Shanghai,2006-02,0,0.04488048456857739,0,0.4242614869559767,0,0.20436071813155404,0
Retail banking,External fraud,External event,Shanghai,2007-01,0,0.07178899557430687,0,0.42532249048920434,0,0.2159359111399056,0
Retail banking,External fraud,External event,Shanghai,2007-03,0,0.029495034400644392,0,0.4263387386670161,0,0.20074933302105796,0
Retail banking,External fraud,External event,Shanghai,2007-08,0,0.030357193885651158,0,0.42585509915236897,0,0.2266654470968975,0
Retail banking,External fraud,External event,Shanghai,2008-08,0,0.046240733908997085,0,0.42564306945084673,0,0.23887345049477063,0
Retail banking,External fraud,External event,Shanghai,2009-02,0,0.0327625101863529,0,0.4258272376778667,0,0.2130496316859857,0
Retail banking,External fraud,External event,Shanghai,2009-03,0,0.03315744133442664,0,0.4239243800583599,0,0.20583579991727716,0
Retail banking,External fraud,External event,Shanghai,2009-04,0,0.054037526092723914,0,0.42426668042363924,0,0.24145088317537935,0
Retail banking,External fraud,External event,Shanghai,2009-08,0,0.03638123027110832,0,0.42647706454986123,0,0.2637324217465807,0
Retail banking,External fraud,External event,Shanghai,2009-10,0,0.08811478002627064,0,0.42497905973343986,0,0.2821128441692916,0
Retail banking,External fraud,External event,Shanghai,2010-04,0,0.05134138287662173,0,0.4265443206745378,0,0.2538292274787019,0
Retail banking,External fraud,External event,Shanghai,2010-10,0,0.05377306537741981,0,0.4253372172120417,0,0.2705965578973669,0
Retail banking,External fraud,External event,Shanghai,2010-11,0,0.08685850994371172,0,0.426433053389943,0,0.2902748006665745,0
Retail banking,External fraud,External event,Shanghai,2010-12,0,0.10628642199626526,0,0.4254438560187188,0,0.294002130332593,0
Retail banking,External fraud,External event,Shanghai,2011-04,0,0.06724012379636318,0,0.42555518828382916,0,0.25714883875080724,0
Retail banking,External fraud,External event,Shanghai,2011-05,0,0.1252005368863775,0,0.42584837062502023,0,0.2604351016129484,0
Retail banking,External fraud,External event,Shanghai,2011-06,0,0.06395108587123384,0,0.42620033209614316,0,0.25445041321044665,0
Retail banking,External fraud,External event,Shanghai,2013-08,0,0.05287535897907585,0,0.4236839153776688,0,0.2514641738808322,0
Retail banking,External fraud,External event,Shanghai,2014-06,0,0.0989658936282074,0,0.4456427515922722,0,0.2784271497688464,0
Retail banking,External fraud,External event,Shanghai,2015-03,0,0.0219396028908579,0,0.44731604044166756,0,0.23702523217587065,0
Retail banking,External fraud,External event,"Shanghai,Anhui,Fujian,Guangdong,Macao",2011-03,0,0.07352957757252249,0,0.4245874735141035,0,0.19294673693061082,0
Retail banking,External fraud,External event,"Shanghai,Anhui,Hongkong",2009-07,0,0.05615045221275152,0,0.42468613601707245,0,0.20717341627526997,0
Retail banking,External fraud,External event,"Shanghai,Guangxi",2011-01,0,0.11452978005890584,0,0.4245607662471608,0,0.2165957176651068,0
Retail banking,External fraud,External event,"Shanghai,Hongkong",2017-04,0,0.07972489706754463,0,0.42438994252913326,0,0.22687383115921372,0
Retail banking,External fraud,External event,"Shanghai,Jiangsu",2017-03,0,0.04757428768278884,0,0.42439346533236627,0,0.2003354589285735,0
Retail banking,External fraud,External event,"Shanghai,Jiangsu,Zhejiang,Hainan",2012-08,0,0.07839484394839703,0,0.4240353051317105,0,0.21106147769297023,0
Retail banking,External fraud,External event,"Shanghai,Shandong",2014-06,0,0.06551880395601857,0,0.42450209222814766,0,0.23296477538414104,0
Retail banking,External fraud,External event,"Shanghai,Xinjiang",2011-06,0,0.04502958649962261,0,0.4246141410324984,0,0.21716649905649593,0
Retail banking,External fraud,External event,"Shanghai,Zhejiang",2010-08,0,0.036971660805719245,0,0.4246418114817154,0,0.191809115746005,0
Retail banking,External fraud,External event,"Shanghai,Zhejiang",2012-02,0,0.02982640035985866,0,0.42379450386414386,0,0.16816381607745595,0
Retail banking,External fraud,External event,"Shanghai,Zhejiang,Anhui,Hongkong",2011-01,0,0.061283857057379446,0,0.4246034830668388,0,0.20479372102874258,0
Retail banking,External fraud,External event,"Shanghai,Zhejiang,Fujian",2014-08,0,0.0525678543881083,0,0.4244254951404611,0,0.2075289791406799,0
Retail banking,External fraud,External event,"Shanghai,Zhejiang,Fujian,Sichuan",2014-09,0,0.04989343578345713,0,0.42442533436899105,0,0.20480362775419406,0
Retail banking,External fraud,External event,"Shanghai,Zhejiang,Hunan,Shaanxi",2007-11,0,0.05919571860700072,0,0.4247604259227658,0,0.1959591812677617,0
Retail banking,External fraud,External event,"Shanghai,Zhejiang,Shandong,Hunan,Hongkong",2009-07,0,0.0851457462154836,0,0.42464130489918084,0,0.2137170546743675,0
Retail banking,External fraud,External event,Shanxi,2002-12,0,0.057240517988234006,0,0.42492703787125086,0,0.20623879606905698,0
Retail banking,External fraud,External event,Shanxi,2003-02,0,0.028689693222833105,0,0.42511870786184913,0,0.19333204215667024,0
Retail banking,External fraud,External event,Shanxi,2010-06,0,0.04194745592925122,0,0.4249868774905952,0,0.22541675050623444,0
Retail banking,External fraud,External event,Shanxi,2015-04,0,0.06642741273837655,0,0.4234437540271039,0,0.22801944668660085,0
Retail banking,External fraud,External event,Shanxi,2015-09,0,0.09299493823458309,0,0.42517093411597157,0,0.2415271969453644,0
Retail banking,External fraud,External event,Sichuan,2005-09,0,0.032700614979589024,0,0.4248334366784759,0,0.20709043518814158,0
Retail banking,External fraud,External event,Sichuan,2006-06,0,0.017062082080429593,0,0.4248191944062134,0,0.21791678217347368,0
Retail banking,External fraud,External event,Sichuan,2008-09,0,0.03408813353391728,0,0.42478611364015345,0,0.2192089817166722,0
Retail banking,External fraud,External event,Sichuan,2009-02,0,0.050466492096128,0,0.42461158086175055,0,0.22799585425680344,0
Retail banking,External fraud,External event,Sichuan,2009-05,0,0.07260022548029883,0,0.4245636126247134,0,0.2274567067621371,0
Retail banking,External fraud,External event,Sichuan,2009-09,0,0.03353348719775723,0,0.4242272419617651,0,0.22542845496619923,0
Retail banking,External fraud,External event,Sichuan,2010-01,0,0.05397765025034836,0,0.4248567676793766,0,0.2556782699232882,0
Retail banking,External fraud,External event,Sichuan,2010-11,0,0.05847609888107969,0,0.4249508897578371,0,0.2567776571888873,0
Retail banking,External fraud,External event,Sichuan,2012-07,0,0.060864258608760644,0,0.4229667024249656,0,0.25565459327186746,0
Retail banking,External fraud,External event,Sichuan,2013-09,0,0.1000097791166989,0,0.42506956084381603,0,0.27326264738669587,0
Retail banking,External fraud,External event,"Sichuan,Hongkong,Macao",2012-01,0,0.08464994161355835,0,0.42455637668792545,0,0.20397379618999098,0
Retail banking,External fraud,External event,Tianjin,2000-07,0,0.049924041080673845,0,0.4249401548380483,0,0.1956103498666872,0
Retail banking,External fraud,External event,Tianjin,2001-06,0,0.02281021742153111,0,0.42591068687484934,0,0.17979283086942557,0
Retail banking,External fraud,External event,Tianjin,2004-02,0,0.038218833457647615,0,0.42614221344662256,0,0.180003559300807,0
Retail banking,External fraud,External event,Tianjin,2007-07,0,0.07428539959735302,0,0.4197918117090894,0,0.20194440635294092,0
Retail banking,External fraud,External event,Tianjin,2011-02,0,0.035107799108618595,0,0.4247287184518273,0,0.2110201323885572,0
Retail banking,External fraud,External event,"Tianjin,Shaanxi",2012-05,0,0.05031056834408836,0,0.42457783697098594,0,0.20441593012605278,0
Retail banking,External fraud,External event,"Tianjin,Zhejiang,Henan,Hubei,Guangxi,Hainan,Chongqing,Sichuan,Yunnan,Shaanxi",2022-11,0,0.05600861897979721,0,0.4241371770071302,0,0.17022212427388822,0
Retail banking,External fraud,External event,Tibet,2007-08,0,0.06621999329963225,0,0.4247538759159919,0,0.20716648007624988,0
Retail banking,External fraud,External event,Xinjiang,2002-08,0,0.05011960581616865,0,0.4249029390079765,0,0.20031216790382061,0
Retail banking,External fraud,External event,Xinjiang,2006-11,0,0.016295332926586803,0,0.4253046166794219,0,0.16916654153562213,0
Retail banking,External fraud,External event,Xinjiang,2018-04,0,0.09210951269225186,0,0.42495314462839234,0,0.207309739425746,0
Retail banking,External fraud,External event,Yunnan,2007-06,0,0.05508737628493332,0,0.4247385318752389,0,0.21661170304055208,0
Retail banking,External fraud,External event,Yunnan,2011-11,0,0.016583869552831323,0,0.42488914353190865,0,0.1753736619056974,0
Retail banking,External fraud,External event,Zhejiang,2002-01,0,0.06548204517682876,0,0.42490340701274343,0,0.2051065192261499,0
Retail banking,External fraud,External event,Zhejiang,2002-05,0,0.028743667156973463,0,0.42518081322119805,0,0.1790418891883847,0
Retail banking,External fraud,External event,Zhejiang,2006-04,0,0.03559256122632764,0,0.4287683338052673,0,0.19030374917160905,0
Retail banking,External fraud,External event,Zhejiang,2007-03,0,0.06898537790778049,0,0.42244437107623994,0,0.1875327684912427,0
Retail banking,External fraud,External event,Zhejiang,2007-04,0,0.1808116120626288,0,0.4427304383930231,0,0.2748639495975231,0
Retail banking,External fraud,External event,Zhejiang,2007-10,0,0.04662793141771872,0,0.4692342303412536,0,0.28248808062322817,0
Retail banking,External fraud,External event,Zhejiang,2007-11,0,0.029279709844207826,0,0.24260902001611384,0,0.25113177498601974,0
Retail banking,External fraud,External event,Zhejiang,2008-04,0,0.04426345322618499,0,0.46426341449304376,0,0.21321601993911596,0
Retail banking,External fraud,External event,Zhejiang,2008-05,0,0.04291352113722521,0,0.4590428641414144,0,0.20177674139697357,0
Retail banking,External fraud,External event,Zhejiang,2008-06,0,0.03587060692738884,0,0.5497901261220971,0,0.2367231494931127,0
Retail banking,External fraud,External event,Zhejiang,2008-07,0,0.046892721469079406,0,0.46841845690468764,0,0.21248384295990433,0
Retail banking,External fraud,External event,Zhejiang,2008-12,0,0.07519556332063343,0,0.4707314735690888,0,0.2729113663037,0
Retail banking,External fraud,External event,Zhejiang,2009-01,0,0.027285881715583292,0,0.47217449782890264,0,0.19779308349943883,0
Retail banking,External fraud,External event,Zhejiang,2009-02,0,0.0416460591639707,0,0.468948237868388,0,0.19443639413125696,0
Retail banking,External fraud,External event,Zhejiang,2009-04,0,0.046215817976637666,0,0.46336089560760035,0,0.22149842752578253,0
Retail banking,External fraud,External event,Zhejiang,2009-05,0,0.05344916865092428,0,0.5098053555515898,0,0.22923299731342145,0
Retail banking,External fraud,External event,Zhejiang,2009-06,0,0.05745327050070427,0,0.42693856048177936,0,0.24089835441678475,0
Retail banking,External fraud,External event,Zhejiang,2009-08,0,0.04152435833417263,0,0.4240584515340862,0,0.24791176192572853,0
Retail banking,External fraud,External event,Zhejiang,2010-01,0,0.04258962268828059,0,0.426238285884803,0,0.23364079828435413,0
Retail banking,External fraud,External event,Zhejiang,2010-03,0,0.06235020462067003,0,0.42646277059301485,0,0.24813055913025703,0
Retail banking,External fraud,External event,Zhejiang,2010-06,0,0.06337731000866763,0,0.42732443585834534,0,0.2766789623938084,0
Retail banking,External fraud,External event,Zhejiang,2010-09,0,0.03955988954077061,0,0.42567791097930974,0,0.2951833254067581,0
Retail banking,External fraud,External event,Zhejiang,2010-11,0,0.10356462032322025,0,0.42620981827807647,0,0.35281638010845373,0
Retail banking,External fraud,External event,Zhejiang,2010-12,0,0.09859334370241411,0,0.4256031259670268,0,0.2993819609094169,0
Retail banking,External fraud,External event,Zhejiang,2011-01,0,0.062429789776944404,0,0.42632685493367967,0,0.23711326154831458,0
Retail banking,External fraud,External event,Zhejiang,2011-03,0,0.0827386694238,0,0.4262232682761926,0,0.2779793178571027,0
Retail banking,External fraud,External event,Zhejiang,2011-04,0,0.11741631170958809,0,0.42339736760573604,0,0.31495866308454973,0
Retail banking,External fraud,External event,Zhejiang,2011-08,0,0.07576906482330178,0,0.4259769984628813,0,0.3053062924988316,0
Retail banking,External fraud,External event,Zhejiang,2011-09,0,0.04421831822495839,0,0.4241391511322879,0,0.26028988201434144,0
Retail banking,External fraud,External event,Zhejiang,2011-10,0,0.09619539020180387,0,0.4243331813625269,0,0.3123888461827793,0
Retail banking,External fraud,External event,Zhejiang,2013-04,0,0.06460339662639052,0,0.42565495432807665,0,0.22142003918340455,0
Retail banking,External fraud,External event,Zhejiang,2014-06,0,0.13786120760388537,0,0.4273181450143091,0,0.2410330237374642,0
Retail banking,External fraud,External event,Zhejiang,2018-03,0,0.11561685028777809,0,0.4294950718394668,0,0.21823603663995883,0
Retail banking,External fraud,External event,Zhejiang,2019-12,0,0.05777736737850608,0,0.4193484118700314,0,0.27690639599852157,0
Retail banking,External fraud,External event,Zhejiang,2020-09,0,0.022335676520774866,0,0.42866410739359706,0,0.27514919658368336,0
Retail banking,External fraud,External event,"Zhejiang,Anhui",2011-05,0,0.04279180766715939,0,0.42461434162748013,0,0.2099132003113206,0
Retail banking,External fraud,External event,"Zhejiang,Anhui,Jiangxi,Henan,Sichuan,Guizhou",2009-06,0,0.11272211119056053,0,0.42465662381142016,0,0.23605110088798426,0
Retail banking,External fraud,External event,"Zhejiang,Guangdong",2011-03,0,0.04144382281588272,0,0.42461376910872106,0,0.19945519578306392,0
Retail banking,External fraud,External event,"Zhejiang,Hunan",2011-03,0,0.04144382281588272,0,0.4246137827614844,0,0.18901743160258702,0
Retail banking,External fraud,External event,"Zhejiang,Hunan,Hongkong",2011-10,0,0.09735936808253869,0,0.4245994261119422,0,0.19165353933371682,0
Retail banking,External fraud,External event,"Zhejiang,Jiangxi",2010-03,0,0.06225022650719636,0,0.4246484999191995,0,0.20465538564087224,0
Retail banking,External fraud,External event,"Zhejiang,Jiangxi,Hubei",2011-04,0,0.06784887662682423,0,0.4246116973935879,0,0.22469929286312176,0
Retail banking,External fraud,External event,"Zhejiang,Shaanxi",2017-03,0,0.059756804775047336,0,0.4243797348919194,0,0.2002379465807095,0
Retail banking,External fraud,People,Anhui,2009-02,0,0.04549752245609426,0,0.42462460745687747,0,0.15728197890627652,0
Retail banking,External fraud,People,"Hebei,Hubei",2013-03,0,0.10038553249919967,0,0.4108409545515722,0,0.17055043371028297,0
Retail banking,External fraud,People,"Hunan,Guizhou",2009-02,0,0.040406122881399845,0,0.42468796435680056,0,0.16358713761503804,0
Retail banking,External fraud,People,Shandong,2009-07,0,0.12143633253270777,0,0.42464899175204246,0,0.19000205011751783,0
Retail banking,External fraud,Process,Hunan,2008-04,0,0.03186427327085016,0,0.4247253074940991,0,0.13095214089184248,0
Retail banking,External fraud,Process,Shanghai,2016-01,0,0.0937156095605462,0,0.4243723350029253,0,0.22538634177396757,0
Retail banking,External fraud,System,Anhui,2007-04,0,0.0391392765013443,0,0.4247585200529485,0,0.1138723155742301,0
Retail banking,External fraud,System,Beijing,2010-03,0,0.0511923327334203,0,0.42464920558051555,0,0.1431516523426878,0
Retail banking,External fraud,System,Fujian,2005-04,0,0.02258009209478994,0,0.42483398000107553,0,0.11150205458853626,0
Retail banking,External fraud,System,Fujian,2005-07,0,0.010850973359307176,0,0.42486125747845566,0,0.10514735047102114,0
Retail banking,External fraud,System,Fujian,2011-05,0,0.030994744201066463,0,0.42467420195228434,0,0.13826919530124537,0
Retail banking,External fraud,System,Guangdong,2001-02,0,0.08003638368072218,0,0.42497373922944504,0,0.14912266024295298,0
Retail banking,External fraud,System,Guangdong,2007-01,0,0.04984950996073727,0,0.42488772895432814,0,0.13978046193367,0
Retail banking,External fraud,System,Jiangsu,2006-04,0,0.01909521604790921,0,0.4247938960375964,0,0.12555938975900502,0
Retail banking,External fraud,System,Jiangsu,2007-12,0,0.024329507485023563,0,0.42480701426192363,0,0.126038617366946,0
Retail banking,External fraud,System,Jiangsu,2009-04,0,0.03611254882407931,0,0.4249667841524703,0,0.15202359337992108,0
Retail banking,External fraud,System,Zhejiang,2009-03,0,0.03494755017579272,0,0.4246817247578066,0,0.13938604159011608,0
Retail banking,External fraud,System,"Zhejiang,Guangxi",2016-03,0,0.048792427434676156,0,0.4244186551520251,0,0.13662733616997574,0
Retail banking,Internal fraud,External event,Beijing,2012-03,0,0.05484236933723237,0,0.42436869149941464,0,0.19262680897628742,0
Retail banking,Internal fraud,External event,Guangdong,2009-07,0,0.07284885139324929,0,0.4246869769095579,0,0.1990571004125404,0
Retail banking,Internal fraud,External event,Shandong,2013-09,0,0.053555372064122225,0,0.4244235466494806,0,0.191391543537572,0
Retail banking,Internal fraud,External event,Sichuan,2014-08,0,0.07658972971439129,0,0.4244810289565034,0,0.2231654180422007,0
Retail banking,Internal fraud,External event,Zhejiang,2017-10,0,0.07804655595164835,0,0.4229718999475727,0,0.19038896493037918,0
Retail banking,Internal fraud,People,Anhui,1996-08,0,0.07291680619757053,0,0.425136588079587,0,0.26587210979405584,0
Retail banking,Internal fraud,People,Anhui,2002-04,0,0.04564427224804296,0,0.42508355489825866,0,0.2541825047856785,0
Retail banking,Internal fraud,People,Anhui,2004-08,0,0.058493463571365714,0,0.4280130435046234,0,0.290647440246931,0
Retail banking,Internal fraud,People,Anhui,2006-01,0,0.08743838818255505,0,0.4258573094478454,0,0.3273835527787711,0
Retail banking,Internal fraud,People,Anhui,2008-06,0,0.0658876616207383,0,0.41002085137796873,0,0.3419951438940219,0
Retail banking,Internal fraud,People,Anhui,2008-10,0,0.11077479728611427,0,0.4268565935832739,0,0.3721923389772703,0
Retail banking,Internal fraud,People,Anhui,2009-11,0,0.14246949690962596,0,0.4282970174887533,0,0.3816511861667254,0
Retail banking,Internal fraud,People,Anhui,2010-03,0,0.036143481711811504,0,0.43629463606467167,0,0.3322572722995864,0
Retail banking,Internal fraud,People,Anhui,2011-12,0,0.12904379550612569,0,0.41778720654177215,0,0.3919726359676479,0
Retail banking,Internal fraud,People,Anhui,2017-02,0,0.24868796453929684,0,0.437253313535669,0,0.41632209296794104,0
Retail banking,Internal fraud,People,Anhui,2017-08,0,0.03568580245756397,0,0.4475448960989565,0,0.4242614766968811,0
Retail banking,Internal fraud,People,Anhui,2017-11,0,0.1753235108909407,0,0.36349623748461746,0,0.42761382514948393,0
Retail banking,Internal fraud,People,Anhui,2018-09,0,0.0632058304564012,0,0.4442311788448316,0,0.39368924105003633,0
Retail banking,Internal fraud,People,"Anhui,Henan",2019-02,0,0.062484670387806966,0,0.4242117863805009,0,0.26727512850444685,0
Retail banking,Internal fraud,People,Beijing,1994-11,0,0.17606781737152163,0,0.42522925544840845,0,0.2798364675228898,0
Retail banking,Internal fraud,People,Beijing,1998-04,0,0.03492528783474669,0,0.42517889302968587,0,0.24559853185997899,0
Retail banking,Internal fraud,People,Beijing,2002-02,0,0.13301407367829743,0,0.414964004353403,0,0.34072550436708826,0
Retail banking,Internal fraud,People,Beijing,2002-07,0,0.03753945707334953,0,0.5557889898892727,0,0.3641784746384876,0
Retail banking,Internal fraud,People,Beijing,2003-01,0,0.3001296556071369,0,0.5587368675974966,0,0.4811532410116375,0
Retail banking,Internal fraud,People,Beijing,2003-09,0,0.2814160479179216,0,0.03858072807401424,0,0.424144126667674,0
Retail banking,Internal fraud,People,Beijing,2006-01,0,0.05755802936889665,0,0.5739863683141918,0,0.38156393930320137,0
Retail banking,Internal fraud,People,Beijing,2006-09,0,0.36667908984865716,1,0.419812593949079,0,0.3813474359128416,0
Retail banking,Internal fraud,People,Beijing,2008-01,0,0.09392786988302387,0,0.7529658811552253,1,0.34123067398585205,0
Retail banking,Internal fraud,People,Beijing,2008-05,0,0.21840762427800248,0,0.6159002384988426,0,0.411453531048951,0
Retail banking,Internal fraud,People,Beijing,2009-05,0,0.09392882925915327,0,0.569641711823369,0,0.3914324669942361,0
Retail banking,Internal fraud,People,Beijing,2009-08,0,0.08506155793981655,0,0.6595233930870669,0,0.3982418220612537,0
Retail banking,Internal fraud,People,Beijing,2010-02,0,0.04868157772160413,0,0.6178858950211361,0,0.39453511513633355,0
Retail banking,Internal fraud,People,Beijing,2011-09,0,0.17953995327512787,0,0.6566891538040888,0,0.4943518138440224,0
Retail banking,Internal fraud,People,Beijing,2012-08,0,0.2210675098598287,0,0.7592605934411374,1,0.48260665491147337,0
Retail banking,Internal fraud,People,Beijing,2013-01,0,0.2303544206682121,0,0.49837048625502894,0,0.42500522061280377,0
Retail banking,Internal fraud,People,Beijing,2015-04,0,0.24506897226402563,0,0.4585545763507604,0,0.40078853992246816,0
Retail banking,Internal fraud,People,Beijing,2019-03,0,0.24514563775492274,0,0.4880369385051072,0,0.425361223457373,0
Retail banking,Internal fraud,People,"Beijing,Anhui",1994-07,0,0.11334973322254432,0,0.4222891567171776,0,0.3103317406048713,0
Retail banking,Internal fraud,People,"Beijing,Hunan",2015-08,0,0.059558023340031546,0,0.4241963449833904,0,0.3010102277227752,0
Retail banking,Internal fraud,People,"Beijing,Jiangsu",2016-11,0,0.1400743512139024,0,0.42340029306417576,0,0.33462157336717674,0
Retail banking,Internal fraud,People,"Beijing,Jiangxi",2020-03,0,0.07899333941499373,0,0.42341685223639447,0,0.301407637941962,0
Retail banking,Internal fraud,People,"Beijing,Shandong",2014-03,0,0.05938174379397973,0,0.4244590023543861,0,0.26715403181346936,0
Retail banking,Internal fraud,People,"Beijing,Shanghai,Fujian",2013-04,0,0.09270062337728317,0,0.417289694809323,0,0.31279203092450325,0
Retail banking,Internal fraud,People,"Beijing,Shanghai,Jiangsu",2011-09,0,0.09115954089540766,0,0.42291296838199754,0,0.3111360903829657,0
Retail banking,Internal fraud,People,"Beijing,Tianjin,Shanxi",2005-08,0,0.07210500717605443,0,0.4248004031536365,0,0.29502982742796463,0
Retail banking,Internal fraud,People,Chongqing,2003-08,0,0.09793985944727807,0,0.4249055164350026,0,0.30349165299753406,0
Retail banking,Internal fraud,People,Chongqing,2005-02,0,0.046804965505192184,0,0.3856195696451439,0,0.2702237139898554,0
Retail banking,Internal fraud,People,Chongqing,2005-12,0,0.03184257257296626,0,0.43044260515895744,0,0.4339040576784423,0
Retail banking,Internal fraud,People,Chongqing,2006-01,0,0.19578825027708047,0,0.4305077450211176,0,0.48930047349340156,0
Retail banking,Internal fraud,People,Chongqing,2006-04,0,0.026995393069261613,0,0.39776525845846306,0,0.43247169480821035,0
Retail banking,Internal fraud,People,Chongqing,2007-03,0,0.044101957469528955,0,0.43280289380723314,0,0.4841334482508074,0
Retail banking,Internal fraud,People,Chongqing,2009-12,0,0.18224650787329782,0,0.40628567608813493,0,0.5847042808667701,1
Retail banking,Internal fraud,People,Chongqing,2010-04,1,0.6490321357339194,1,0.44766297847350583,0,0.7279928486760696,1
Retail banking,Internal fraud,People,Chongqing,2010-05,0,0.1765040900768319,0,0.4345542150724875,0,0.573473420432581,1
Retail banking,Internal fraud,People,Chongqing,2010-06,0,0.05824223298706227,0,0.469634292469463,0,0.49651472331070495,0
Retail banking,Internal fraud,People,Chongqing,2014-08,0,0.2314550999329299,0,0.47226801768771864,0,0.4840504773335327,0
Retail banking,Internal fraud,People,Fujian,2001-08,0,0.07449113223014882,0,0.4249578441203222,0,0.2921057455716324,0
Retail banking,Internal fraud,People,Fujian,2005-06,0,0.010275584071697158,0,0.4251309468908943,0,0.24436904008691576,0
Retail banking,Internal fraud,People,Fujian,2008-10,0,0.03212999531332172,0,0.425101828979909,0,0.30924307960052055,0
Retail banking,Internal fraud,People,Fujian,2009-03,0,0.025167480493302634,0,0.42305460339655965,0,0.3792907580829808,0
Retail banking,Internal fraud,People,Fujian,2012-06,0,0.11492866685502125,0,0.42319900280051487,0,0.4764113694257699,0
Retail banking,Internal fraud,People,Fujian,2013-03,0,0.2945470430192798,0,0.44080596081884926,0,0.47460470813129424,0
Retail banking,Internal fraud,People,Gansu,1996-05,0,0.11297207374044066,0,0.4251508003218512,0,0.2852647872098544,0
Retail banking,Internal fraud,People,Gansu,2001-05,0,0.052623387350312745,0,0.4243203888537299,0,0.2990417819385696,0
Retail banking,Internal fraud,People,Gansu,2002-10,0,0.02056396981584096,0,0.4355469050571796,0,0.42424583354196155,0
Retail banking,Internal fraud,People,Gansu,2016-05,0,0.3039123849885762,0,0.4345888058873114,0,0.5440766489830439,1
Retail banking,Internal fraud,People,"Gansu,Macao",2018-12,0,0.06904280155232334,0,0.42415492317874426,0,0.31004953598286467,0
Retail banking,Internal fraud,People,Guangdong,1993-07,0,0.07843748892552992,0,0.4252405886082639,0,0.2767410081990705,0
Retail banking,Internal fraud,People,Guangdong,1995-02,0,0.04578295641451822,0,0.42511518638118256,0,0.252223607992282,0
Retail banking,Internal fraud,People,Guangdong,2000-04,0,0.20133160150119558,0,0.42730998310517004,0,0.47075977632910043,0
Retail banking,Internal fraud,People,Guangdong,2000-05,0,0.22032935642716467,0,0.4854633983520349,0,0.49842587039534303,0
Retail banking,Internal fraud,People,Guangdong,2000-12,0,0.33675453067207767,1,0.4481150912867036,0,0.5670643346404595,1
Retail banking,Internal fraud,People,Guangdong,2001-02,0,0.13112371920016866,0,0.1872968629303916,0,0.4196145066979229,0
Retail banking,Internal fraud,People,Guangdong,2001-04,0,0.2672366501262931,0,0.5002196492859043,0,0.49686791904335886,0
Retail banking,Internal fraud,People,Guangdong,2002-08,0,0.26888509916836334,0,0.36509608586528347,0,0.4203957698252396,0
Retail banking,Internal fraud,People,Guangdong,2002-12,0,0.25759274841490526,0,0.6310143813857806,0,0.43585707277517843,0
Retail banking,Internal fraud,People,Guangdong,2003-08,0,0.033687167156602,0,0.5082091678239372,0,0.428643310355982,0
Retail banking,Internal fraud,People,Guangdong,2004-04,0,0.1462793217664721,0,0.5646518232320541,0,0.43227099456780393,0
Retail banking,Internal fraud,People,Guangdong,2005-08,0,0.04062032725352898,0,0.5184135623374179,0,0.4074940197483048,0
Retail banking,Internal fraud,People,Guangdong,2006-09,0,0.08770467790280269,0,0.5282191108403828,0,0.46377893259433106,0
Retail banking,Internal fraud,People,Guangdong,2007-12,0,0.1754999687400552,0,0.5380252227180935,0,0.49962249828764543,0
Retail banking,Internal fraud,People,Guangdong,2008-08,0,0.048574863556477214,0,0.5916871190768732,0,0.4292280722258724,0
Retail banking,Internal fraud,People,Guangdong,2008-10,0,0.13185013928340156,0,0.42624808898237104,0,0.38777829692814203,0
Retail banking,Internal fraud,People,Guangdong,2008-11,0,0.06773631243379681,0,0.47551948762643476,0,0.39989780334305025,0
Retail banking,Internal fraud,People,Guangdong,2009-11,0,0.055260316535091704,0,0.4420678594550684,0,0.3853985749364579,0
Retail banking,Internal fraud,People,Guangdong,2010-12,0,0.1635449031323567,0,0.42974494333741986,0,0.447239940657201,0
Retail banking,Internal fraud,People,Guangxi,2003-04,0,0.06274279307067974,0,0.42487902247415804,0,0.2818488077156731,0
Retail banking,Internal fraud,People,Guangxi,2007-10,0,0.042120321781767854,0,0.4251270839669274,0,0.26330463228785655,0
Retail banking,Internal fraud,People,Guangxi,2011-03,0,0.11669893594138839,0,0.2762300794339611,0,0.3551277011883453,0
Retail banking,Internal fraud,People,Guangxi,2011-11,0,0.22875145495943205,0,0.44150910543904076,0,0.4570322702815137,0
Retail banking,Internal fraud,People,Guangxi,2018-01,0,0.2709692067629643,0,0.4406523637076837,0,0.5085606598528554,0
Retail banking,Internal fraud,People,"Guangxi,Chongqing",2018-01,0,0.0648187855316408,0,0.4242643088417383,0,0.2585281677046578,0
Retail banking,Internal fraud,People,"Guangxi,Chongqing",2018-03,0,0.08135447763368762,0,0.42540004185323954,0,0.26863505927906367,0
Retail banking,Internal fraud,People,Guizhou,1998-01,0,0.0991027589300584,0,0.42507178694901676,0,0.2948997195932262,0
Retail banking,Internal fraud,People,Guizhou,1999-11,0,0.06490304641308048,0,0.4253229549119134,0,0.3217642139902068,0
Retail banking,Internal fraud,People,Guizhou,2002-09,0,0.04556435011873495,0,0.4253304351263248,0,0.39196361796721485,0
Retail banking,Internal fraud,People,Guizhou,2003-09,0,0.04079955374501513,0,0.42382660128156907,0,0.4261622189996456,0
Retail banking,Internal fraud,People,Guizhou,2009-01,0,0.047520013125240824,0,0.42474414677981,0,0.5052295837173268,0
Retail banking,Internal fraud,People,Guizhou,2020-02,1,0.5143604828849789,1,0.4224120334993271,0,0.6701604999980131,1
Retail banking,Internal fraud,People,Guizhou,2020-04,0,0.2018825877883262,0,0.4274659882040211,0,0.6004932331191754,1
Retail banking,Internal fraud,People,"Guizhou,Gansu",2014-04,0,0.061130356531474715,0,0.42442429387181874,0,0.2890437657542516,0
Retail banking,Internal fraud,People,Hainan,2000-10,1,0.4799482891479218,1,0.42500564971999516,0,0.5351557684571411,1
Retail banking,Internal fraud,People,Hainan,2000-12,0,0.09941180555259242,0,0.42205132439646187,0,0.4162885953358203,0
Retail banking,Internal fraud,People,Hainan,2004-03,0,0.20868873498276558,0,0.4626629044756699,0,0.435084646102063,0
Retail banking,Internal fraud,People,Hainan,2006-07,0,0.042139390865551365,0,0.465712540356208,0,0.5323493601322168,1
Retail banking,Internal fraud,People,Hebei,2001-12,0,0.08258350260574977,0,0.42493762295523463,0,0.32422841895053783,0
Retail banking,Internal fraud,People,Hebei,2005-12,0,0.03312309165971708,0,0.42528685104949127,0,0.2874136577401849,0
Retail banking,Internal fraud,People,Hebei,2013-11,0,0.13763971952792048,0,0.4165127732121932,0,0.36743246608631464,0
Retail banking,Internal fraud,People,"Hebei,Jilin,Fujian,Hunan,Guangdong,Gansu",2017-09,0,0.06578495266481921,0,0.4243573314640966,0,0.2754026395238869,0
Retail banking,Internal fraud,People,"Hebei,Liaoning,Jiangxi",2015-08,0,0.05460774703870617,0,0.42446373970101964,0,0.28101533324581424,0
Retail banking,Internal fraud,People,Heilongjiang,2000-10,1,0.09399794295994594,0,0.4248869842508698,0,0.29650853957321854,0
Retail banking,Internal fraud,People,Heilongjiang,2000-12,0,0.061064072693609625,0,0.42488641239740377,0,0.2561330227349469,0
Retail banking,Internal fraud,People,Heilongjiang,2001-01,0,0.1917852791336518,0,0.4469051384987782,0,0.34241394896891403,0
Retail banking,Internal fraud,People,Heilongjiang,2001-05,0,0.3291012793891502,1,0.44016430246244376,0,0.4872884818485641,0
Retail banking,Internal fraud,People,Heilongjiang,2001-07,0,0.023653634163665813,0,0.32744288196217514,0,0.3249432385318675,0
Retail banking,Internal fraud,People,Heilongjiang,2002-01,0,0.2555068649861421,0,0.43806892359225885,0,0.4332858270342053,0
Retail banking,Internal fraud,People,Heilongjiang,2002-05,0,0.20627775269475282,0,0.39890831186637554,0,0.3679011654549024,0
Retail banking,Internal fraud,People,Heilongjiang,2003-04,0,0.06987935981682623,0,0.5088693498778118,0,0.38123126618513936,0
Retail banking,Internal fraud,People,Heilongjiang,2004-08,0,0.07153694040785083,0,0.45398834391213594,0,0.4037105539580614,0
Retail banking,Internal fraud,People,Heilongjiang,2007-10,0,0.18414054516699635,0,0.4655993848855129,0,0.39294842851132517,0
Retail banking,Internal fraud,People,Heilongjiang,2008-02,0,0.22539706348326607,0,0.4681178816613835,0,0.3966773491480967,0
Retail banking,Internal fraud,People,Heilongjiang,2009-12,1,0.03539651824296317,0,0.4752125430765876,0,0.3875673899526883,0
Retail banking,Internal fraud,People,Heilongjiang,2010-03,0,0.14372726776761824,0,0.4611625401100661,0,0.41937923582483283,0
Retail banking,Internal fraud,People,Heilongjiang,2011-12,0,0.24894701863852736,0,0.5367473250522334,0,0.4517300464946275,0
Retail banking,Internal fraud,People,Heilongjiang,2013-08,0,0.2928650189915078,0,0.564593347492213,0,0.42485625690507317,0
Retail banking,Internal fraud,People,Heilongjiang,2015-03,0,0.23888609461002677,0,0.24915025867977492,0,0.3654627676388855,0
Retail banking,Internal fraud,People,"Heilongjiang,Shandong",2015-05,0,0.09576108245253782,0,0.42435049157697474,0,0.2916239048902725,0
Retail banking,Internal fraud,People,"Heilongjiang,Shanghai,Guangdong,Hainan",2016-06,0,0.08645089325189659,0,0.417102089758919,0,0.29704378911914114,0
Retail banking,Internal fraud,People,Henan,1997-07,0,0.0787710176107103,0,0.4245813355613686,0,0.2919706358679637,0
Retail banking,Internal fraud,People,Henan,1998-11,0,0.03136993045948573,0,0.43162400736409706,0,0.35543787780012837,0
Retail banking,Internal fraud,People,Henan,2000-01,0,0.05046022375370231,0,0.4323392523177689,0,0.5145010659170371,1
Retail banking,Internal fraud,People,Henan,2001-01,0,0.16508451782665215,0,0.38856905962748345,0,0.4386607489251647,0
Retail banking,Internal fraud,People,Henan,2001-09,0,0.029223599873367683,0,0.4309375464993689,0,0.4553433267749801,0
Retail banking,Internal fraud,People,Henan,2002-01,0,0.02690195553219878,0,0.43099068084976144,0,0.4975592793471871,0
Retail banking,Internal fraud,People,Henan,2004-06,0,0.04627920912267645,0,0.43923744642356954,0,0.46327550312414634,0
Retail banking,Internal fraud,People,Henan,2004-07,0,0.11457003977500302,0,0.43294314445445264,0,0.4465777402273883,0
Retail banking,Internal fraud,People,Henan,2005-07,0,0.13653453249556352,0,0.4336332391215643,0,0.4521270109460547,0
Retail banking,Internal fraud,People,Henan,2006-10,0,0.1805382741952877,0,0.4365456755083305,0,0.5098040127055854,0
Retail banking,Internal fraud,People,Henan,2007-07,0,0.024885032918663057,0,0.4468290347647507,0,0.449157892126907,0
Retail banking,Internal fraud,People,Henan,2007-09,0,0.02694822778999386,0,0.4433982654380543,0,0.4696138602832477,0
Retail banking,Internal fraud,People,Henan,2007-12,0,0.16418015410306863,0,0.36609397892809176,0,0.4830158872163137,0
Retail banking,Internal fraud,People,Henan,2008-11,0,0.22416909150661696,0,0.4589120175767524,0,0.5165947216217087,1
Retail banking,Internal fraud,People,Henan,2009-06,0,0.3060636643951578,0,0.46523341193968343,0,0.5424831655404111,1
Retail banking,Internal fraud,People,Henan,2011-03,0,0.05485627211275612,0,0.373449645642496,0,0.4187659559643682,0
Retail banking,Internal fraud,People,Henan,2012-07,0,0.23357461098526816,0,0.44370515327202925,0,0.4787493002458006,0
Retail banking,Internal fraud,People,Henan,2014-01,0,0.3255285954079248,1,0.45428163202066824,0,0.5117677430529184,1
Retail banking,Internal fraud,People,Henan,2015-06,0,0.0843994864901691,0,0.5094296394174145,0,0.46848981466569656,0
Retail banking,Internal fraud,People,Henan,2019-06,0,0.034944666725222714,0,0.47355500223584573,0,0.46880563239836126,0
Retail banking,Internal fraud,People,"Henan,Hainan",2008-03,0,0.06173439433157237,0,0.4245949643475465,0,0.275489715845237,0
Retail banking,Internal fraud,People,Hubei,1997-08,0,0.07488316764159103,0,0.42509861850066705,0,0.25439000621817465,0
Retail banking,Internal fraud,People,Hubei,2006-03,0,0.02499615219096634,0,0.4250520891940167,0,0.2300367199707969,0
Retail banking,Internal fraud,People,Hubei,2006-04,0,0.15623306371715767,0,0.42650217613698016,0,0.32613167962190737,0
Retail banking,Internal fraud,People,Hubei,2006-06,0,0.07177949916287674,0,0.42709958940662407,0,0.33708390370940683,0
Retail banking,Internal fraud,People,Hubei,2006-07,0,0.04303175518999118,0,0.41996166047476613,0,0.34380745699993936,0
Retail banking,Internal fraud,People,Hubei,2008-06,0,0.14881910178360694,0,0.410821232302482,0,0.3936149832226788,0
Retail banking,Internal fraud,People,Hubei,2014-10,0,0.16527544012986928,0,0.42848180066827474,0,0.39636615538207237,0
Retail banking,Internal fraud,People,Hubei,2014-11,0,0.035189627224347445,0,0.4351357747109986,0,0.35699038182615334,0
Retail banking,Internal fraud,People,Hubei,2015-06,0,0.07092883935883396,0,0.4301909852193349,0,0.37932672211518353,0
Retail banking,Internal fraud,People,Hubei,2017-01,0,0.1491998277269844,0,0.4194902110211253,0,0.3942381886156713,0
Retail banking,Internal fraud,People,Hubei,2018-04,0,0.016471709508845963,0,0.4358206923344261,0,0.3654515059799542,0
Retail banking,Internal fraud,People,Hubei,2018-06,0,0.023675954735501423,0,0.4367126988053353,0,0.3657333026775779,0
Retail banking,Internal fraud,People,Hubei,2018-07,0,0.12030880874801243,0,0.4312733135322784,0,0.36421239590954857,0
Retail banking,Internal fraud,People,"Hubei,Guangdong",2016-05,0,0.09540203053863079,0,0.4241202020127251,0,0.2983640791023645,0
Retail banking,Internal fraud,People,Hunan,1999-04,0,0.07499371377540529,0,0.4250327446705338,0,0.2832145202807272,0
Retail banking,Internal fraud,People,Hunan,1999-10,0,0.073976175815462,0,0.3956338735557201,0,0.2795870753731889,0
Retail banking,Internal fraud,People,Hunan,2002-01,0,0.30291731407030237,0,0.7611275707680488,1,0.41376423466217604,0
Retail banking,Internal fraud,People,Hunan,2002-03,0,0.07667501104641457,0,0.7867167752884073,1,0.5030499035071326,0
Retail banking,Internal fraud,People,Hunan,2003-04,0,0.06141989185773305,0,0.00018475153033131977,0,0.43394061871588413,0
Retail banking,Internal fraud,People,Hunan,2006-12,0,0.03975153989429558,0,0.6959838178426245,0,0.49050496987818726,0
Retail banking,Internal fraud,People,Hunan,2008-12,0,0.21912218507786022,0,0.710592299262226,1,0.5362098178783967,1
Retail banking,Internal fraud,People,Hunan,2009-03,0,0.057907154611949695,0,0.987998392737105,1,0.4518412394057923,0
Retail banking,Internal fraud,People,Hunan,2011-07,0,0.17047092368055392,0,0.7909903975305079,1,0.5574337927911946,1
Retail banking,Internal fraud,People,Hunan,2012-07,0,0.3198620610955664,0,0.8053145392929614,1,0.5810754918990628,1
Retail banking,Internal fraud,People,Hunan,2013-06,0,0.37925674217125843,1,0.8138022689698368,1,0.6382216893560403,1
Retail banking,Internal fraud,People,Hunan,2014-07,0,0.3058913706889278,0,0.6321897411413161,0,0.5661216415741944,1
Retail banking,Internal fraud,People,Hunan,2015-05,0,0.4568826988182187,1,0.8640585783907245,1,0.6484815326027289,1
Retail banking,Internal fraud,People,Hunan,2016-04,1,0.700460947427532,1,0.9704291194103544,1,0.8079322934236696,1
Retail banking,Internal fraud,People,Hunan,2016-06,0,0.23394268540253,0,0.10000253521039575,0,0.5081147832120777,0
Retail banking,Internal fraud,People,Hunan,2016-11,1,0.696632645336041,1,0.5517919397551713,0,0.7755635854809061,1
Retail banking,Internal fraud,People,Hunan,2017-01,0,0.27705525535065706,0,0.5604274581635593,0,0.6252713273875883,1
Retail banking,Internal fraud,People,Hunan,2018-03,0,0.3565915530517299,1,0.7361198747867274,1,0.4638144322445765,0
Retail banking,Internal fraud,People,Hunan,2018-12,0,0.2715589467021149,0,0.6050698596416159,0,0.5519222149892189,1
Retail banking,Internal fraud,People,Hunan,2019-07,0,0.22977290110304746,0,0.5190670254733029,0,0.515551272637969,1
Retail banking,Internal fraud,People,"Hunan,Guangdong",2006-05,0,0.06950509556770165,0,0.42457619191143464,0,0.2948377829039854,0
Retail banking,Internal fraud,People,Inner mongolia,1999-10,0,0.11838209175949053,0,0.42500904638604103,0,0.3350884289308823,0
Retail banking,Internal fraud,People,Inner mongolia,2001-03,0,0.05761130434873076,0,0.42549000793486447,0,0.27258755143019164,0
Retail banking,Internal fraud,People,"Inner mongolia,Henan,Inner mongolia",2012-06,0,0.07886719430186012,0,0.4245340455177354,0,0.28912139556816807,0
Retail banking,Internal fraud,People,"Inner mongolia,Inner mongolia",2010-04,0,0.06827008432509662,0,0.42465191782490685,0,0.27485370486452465,0
Retail banking,Internal fraud,People,"Inner mongolia,Inner mongolia",2013-04,0,0.04852774012650358,0,0.424508828686295,0,0.2922189370437984,0
Retail banking,Internal fraud,People,"Inner mongolia,Jiangsu,Hainan,Xinjiang,Inner mongolia",2013-06,0,0.09819263620059,0,0.4203704345815287,0,0.31227042514037395,0
Retail banking,Internal fraud,People,"Inner mongolia,Shanghai,Jiangxi,Inner mongolia",2017-06,0,0.06560025771619543,0,0.42438049340102746,0,0.28769208405287583,0
Retail banking,Internal fraud,People,Jiangsu,2001-05,0,0.06072605078610936,0,0.4248752604478233,0,0.29412209297454484,0
Retail banking,Internal fraud,People,Jiangsu,2004-02,0,0.05361391122008219,0,0.42538415780336564,0,0.303411298519611,0
Retail banking,Internal fraud,People,Jiangsu,2006-02,0,0.01905305514224342,0,0.4354373075855528,0,0.3832624729919686,0
Retail banking,Internal fraud,People,Jiangsu,2007-03,0,0.262889596690588,0,0.4274187276238693,0,0.5166712495727965,1
Retail banking,Internal fraud,People,Jiangsu,2009-02,0,0.25609466670771186,0,0.37561962895986306,0,0.49707786100421686,0
Retail banking,Internal fraud,People,Jiangsu,2009-06,0,0.19900327187373323,0,0.44254322170931243,0,0.4782332725173805,0
Retail banking,Internal fraud,People,Jiangsu,2009-09,0,0.028376865168503653,0,0.434412084689447,0,0.5231880123004302,1
Retail banking,Internal fraud,People,Jiangsu,2011-03,0,0.2301392883623305,0,0.4160007570313384,0,0.4652573088814074,0
Retail banking,Internal fraud,People,Jiangsu,2011-09,1,0.6190699607130475,1,0.4384578758298685,0,0.7156981117206399,1
Retail banking,Internal fraud,People,Jiangsu,2011-11,0,0.27771756941069115,0,0.4399283626851528,0,0.5449627339940855,1
Retail banking,Internal fraud,People,Jiangsu,2012-11,0,0.3067138562120107,0,0.5134639699945578,0,0.4744894571988424,0
Retail banking,Internal fraud,People,Jiangsu,2013-07,0,0.25336106596113966,0,0.20026920802777423,0,0.4839623528006528,0
Retail banking,Internal fraud,People,Jiangsu,2015-01,0,0.23366744823328853,0,0.46466120047081033,0,0.4250512416659902,0
Retail banking,Internal fraud,People,"Jiangsu,Zhejiang",2008-06,0,0.07617496068496728,0,0.4243765805304994,0,0.2942507377622604,0
Retail banking,Internal fraud,People,Jiangxi,2001-05,0,0.07478202614208135,0,0.42465438319748045,0,0.27879612340471016,0
Retail banking,Internal fraud,People,Jiangxi,2001-06,0,0.04044248967650674,0,0.42884888290324735,0,0.24420311978689432,0
Retail banking,Internal fraud,People,Jiangxi,2001-08,0,0.021706012939255614,0,0.42986021408364267,0,0.28786838810470855,0
Retail banking,Internal fraud,People,Jiangxi,2002-02,0,0.02227688013082625,0,0.403517099794485,0,0.3555071559734093,0
Retail banking,Internal fraud,People,Jiangxi,2002-08,0,0.06564693027055438,0,0.4248792317539884,0,0.37452294203916436,0
Retail banking,Internal fraud,People,Jiangxi,2006-10,0,0.033850836874379585,0,0.4288146012124951,0,0.3781327143363111,0
Retail banking,Internal fraud,People,Jiangxi,2009-04,0,0.13399463021430816,0,0.4378472016587686,0,0.4498712723160642,0
Retail banking,Internal fraud,People,Jiangxi,2014-03,0,0.17138794976987226,0,0.42832109926907197,0,0.46916853884250154,0
Retail banking,Internal fraud,People,Jilin,2000-10,0,0.11976044802906015,0,0.4249084723104305,0,0.41841936990185685,0
Retail banking,Internal fraud,People,Jilin,2001-08,0,0.08167114722327473,0,0.4216636789950957,0,0.3618437618217656,0
Retail banking,Internal fraud,People,Jilin,2007-11,0,0.2463575606457373,0,0.48203316617866687,0,0.44386158442083845,0
Retail banking,Internal fraud,People,Jilin,2017-06,0,0.334373599840152,1,0.47891662886808284,0,0.5398835545538198,1
Retail banking,Internal fraud,People,Jilin,2021-01,0,0.2327549920578115,0,0.17257499359517825,0,0.4372268151745024,0
Retail banking,Internal fraud,People,Liaoning,2000-10,0,0.1196568852847995,0,0.424993446911868,0,0.28898774541951106,0
Retail banking,Internal fraud,People,Liaoning,2002-11,0,0.030051666392119144,0,0.42513956087243454,0,0.2613916362330416,0
Retail banking,Internal fraud,People,Liaoning,2003-01,0,0.135542427345458,0,0.42658426574143105,0,0.2712664519457318,0
Retail banking,Internal fraud,People,Liaoning,2004-03,0,0.14547515040608905,0,0.4250198108684705,0,0.3509829077990622,0
Retail banking,Internal fraud,People,Liaoning,2005-01,0,0.18276220863163337,0,0.4139977432210855,0,0.38834257542254885,0
Retail banking,Internal fraud,People,Liaoning,2005-08,0,0.24484636700989326,0,0.4945855121636707,0,0.41132399743352777,0
Retail banking,Internal fraud,People,Liaoning,2006-11,0,0.0626317207375743,0,0.512681058702935,0,0.43315126184522756,0
Retail banking,Internal fraud,People,Liaoning,2008-03,0,0.021707755159184553,0,0.13948521014671078,0,0.33983652078284776,0
Retail banking,Internal fraud,People,Liaoning,2009-09,0,0.057387701458861407,0,0.3832129758487465,0,0.38992810008062706,0
Retail banking,Internal fraud,People,"Liaoning,Hainan,Sichuan,Yunnan",2008-11,0,0.141788524228687,0,0.42468500369887974,0,0.3082091051938752,0
Retail banking,Internal fraud,People,Macao,1997-10,0,0.10774106046112043,0,0.42481551813529467,0,0.32335199131857445,0
Retail banking,Internal fraud,People,Ningxia,2001-01,0,0.10127078715617874,0,0.4249689439617392,0,0.2747820009422664,0
Retail banking,Internal fraud,People,Shaanxi,1998-11,0,0.15863511176126532,0,0.4237011920275036,0,0.3221614414702208,0
Retail banking,Internal fraud,People,Shaanxi,1999-03,0,0.12313334402690726,0,0.44104867020011607,0,0.3406244618479272,0
Retail banking,Internal fraud,People,Shaanxi,2002-12,0,0.21525678968237527,0,0.4508170484336398,0,0.4799042313902547,0
Retail banking,Internal fraud,People,Shaanxi,2006-03,0,0.05321047896078656,0,0.3424978637906974,0,0.4081016593806248,0
Retail banking,Internal fraud,People,Shaanxi,2006-07,0,0.009693470516867109,0,0.3964133460033965,0,0.3658458460508257,0
Retail banking,Internal fraud,People,Shaanxi,2008-08,0,0.03131043417363935,0,0.4416959697419982,0,0.4270033508292778,0
Retail banking,Internal fraud,People,Shaanxi,2010-01,0,0.14152933705251367,0,0.48393609631928697,0,0.43703174760183183,0
Retail banking,Internal fraud,People,Shaanxi,2013-03,0,0.25431027164201886,0,0.4626940382002371,0,0.513292840684635,1
Retail banking,Internal fraud,People,Shandong,1999-11,0,0.10563744847553651,0,0.4242826247627355,0,0.32253623707395795,0
Retail banking,Internal fraud,People,Shandong,2000-08,0,0.01445565474226101,0,0.43423511278206384,0,0.32765208533475537,0
Retail banking,Internal fraud,People,Shandong,2001-03,0,0.2432646102223486,0,0.43512551855202514,0,0.5200830689785204,1
Retail banking,Internal fraud,People,Shandong,2001-12,0,0.2121165168708653,0,0.3739193044514978,0,0.4562679692853344,0
Retail banking,Internal fraud,People,Shandong,2002-12,0,0.03083761638770896,0,0.44124808579949126,0,0.44442900438545585,0
Retail banking,Internal fraud,People,Shandong,2004-08,0,0.32780415930517626,1,0.4364982561708119,0,0.5796895831607252,1
Retail banking,Internal fraud,People,Shandong,2005-05,0,0.262301797632749,0,0.41410104804671566,0,0.44160787866679063,0
Retail banking,Internal fraud,People,Shandong,2005-08,0,0.2513229225237155,0,0.4514231396332871,0,0.5166669060251885,1
Retail banking,Internal fraud,People,Shandong,2005-09,0,0.040291785232047725,0,0.4122174458084123,0,0.45172586271668197,0
Retail banking,Internal fraud,People,Shandong,2008-02,0,0.23523697825869444,0,0.4551497683914776,0,0.43650123083503783,0
Retail banking,Internal fraud,People,Shandong,2008-03,0,0.05502122750309876,0,0.4513473693620942,0,0.40636492942252783,0
Retail banking,Internal fraud,People,Shandong,2008-07,0,0.18610080183209327,0,0.4683251352392655,0,0.4799138177593079,0
Retail banking,Internal fraud,People,Shandong,2010-12,0,0.08284278727304749,0,0.4717133621454112,0,0.4675106806701705,0
Retail banking,Internal fraud,People,Shandong,2012-05,0,0.13199268107131698,0,0.45989676479881314,0,0.4945889300941331,0
Retail banking,Internal fraud,People,Shandong,2013-03,0,0.16844818792140637,0,0.386932258747357,0,0.4104419922043132,0
Retail banking,Internal fraud,People,Shandong,2013-06,0,0.2319215676335277,0,0.47018045926764845,0,0.4679460862164367,0
Retail banking,Internal fraud,People,Shandong,2014-01,0,0.29315274719468737,0,0.44943158081223944,0,0.4423573606126245,0
Retail banking,Internal fraud,People,Shandong,2016-03,0,0.20816644524086458,0,0.4746404296362078,0,0.4262571441309373,0
Retail banking,Internal fraud,People,"Shandong,Henan,Hunan,Macao",2018-01,0,0.05816180751379424,0,0.4243026613164005,0,0.24554126635224038,0
Retail banking,Internal fraud,People,"Shandong,Yunnan",2012-05,0,0.10425901463433437,0,0.42454685176085416,0,0.29726517474853714,0
Retail banking,Internal fraud,People,Shanghai,2006-06,0,0.057015592995995575,0,0.42471656903819704,0,0.28228642671421333,0
Retail banking,Internal fraud,People,Shanghai,2007-01,0,0.08604356657754156,0,0.4256993048069524,0,0.2830486527322461,0
Retail banking,Internal fraud,People,Shanghai,2008-03,0,0.023789255618684977,0,0.426238138146187,0,0.34685112719483047,0
Retail banking,Internal fraud,People,Shanghai,2008-05,0,0.055221979325098806,0,0.4198906228497097,0,0.384679606616109,0
Retail banking,Internal fraud,People,"Shanghai,Guangxi",2018-09,0,0.1382903064301627,0,0.414593121838677,0,0.3085959124791737,0
Retail banking,Internal fraud,People,Shanxi,2004-07,0,0.06602008215552502,0,0.4242807443681272,0,0.3372959989639209,0
Retail banking,Internal fraud,People,Shanxi,2004-12,0,0.09658605911588497,0,0.43175011808513153,0,0.37615115008253563,0
Retail banking,Internal fraud,People,Shanxi,2005-04,1,0.6222557146558103,1,0.43293470590467464,0,0.7249596601188956,1
Retail banking,Internal fraud,People,Shanxi,2005-05,0,0.29457841426432163,0,0.4036750631582666,0,0.5285492894810633,1
Retail banking,Internal fraud,People,Shanxi,2006-04,0,0.07291164210553683,0,0.47456649578726257,0,0.4963144292393669,0
Retail banking,Internal fraud,People,Shanxi,2007-06,0,0.05185717399899705,0,0.3610382368685859,0,0.4897865407249601,0
Retail banking,Internal fraud,People,Shanxi,2009-03,0,0.13599443285582064,0,0.28517839694490205,0,0.40289984382181787,0
Retail banking,Internal fraud,People,Shanxi,2009-06,0,0.2456924646258277,0,0.47922207155832103,0,0.569802395515507,1
Retail banking,Internal fraud,People,Shanxi,2010-11,0,0.3106249773507382,0,0.5562575967197435,0,0.5149985859142615,1
Retail banking,Internal fraud,People,Shanxi,2013-01,0,0.27772357914044027,0,0.6076149940352369,0,0.4856388139054105,0
Retail banking,Internal fraud,People,Shanxi,2015-08,0,0.31590985011892014,0,0.3299267232727634,0,0.5467396923603549,1
Retail banking,Internal fraud,People,Shanxi,2016-02,0,0.29437083339007003,0,0.4700725678850558,0,0.5106482878659323,1
Retail banking,Internal fraud,People,Shanxi,2016-12,0,0.3109886347602266,0,0.5208056610879469,0,0.5070674150954837,0
Retail banking,Internal fraud,People,"Shanxi,Ningxia",2019-03,0,0.07118463063607114,0,0.4238552237969219,0,0.29696401066979616,0
Retail banking,Internal fraud,People,"Shanxi,Shaanxi",2014-11,0,0.06849209627154318,0,0.3774465896453379,0,0.3106727426000787,0
Retail banking,Internal fraud,People,"Shanxi,Shaanxi",2019-11,0,0.16158059909526762,0,0.43103374842242487,0,0.4008912552885769,0
Retail banking,Internal fraud,People,Sichuan,2002-01,0,0.05609916310942894,0,0.42479232698521013,0,0.2922262132456648,0
Retail banking,Internal fraud,People,Sichuan,2002-06,0,0.018676455454458882,0,0.4267855845721772,0,0.2734201784126412,0
Retail banking,Internal fraud,People,Sichuan,2003-11,0,0.09527789504520623,0,0.42689341244561757,0,0.358452118822897,0
Retail banking,Internal fraud,People,Sichuan,2008-04,0,0.030888692120847622,0,0.41500384397260504,0,0.40900462982014435,0
Retail banking,Internal fraud,People,Sichuan,2009-04,0,0.11689249460069957,0,0.4262532256701979,0,0.4907024630644813,0
Retail banking,Internal fraud,People,Sichuan,2010-04,0,0.02801400652134011,0,0.4304763252595671,0,0.5176897826196915,1
Retail banking,Internal fraud,People,Sichuan,2011-11,0,0.283777482191206,0,0.4390859009309307,0,0.6048707739808046,1
Retail banking,Internal fraud,People,Sichuan,2012-03,0,0.3162661913282924,0,0.3870680390940562,0,0.5386732969281391,1
Retail banking,Internal fraud,People,Sichuan,2014-03,0,0.3348065090112562,1,0.44432261389073446,0,0.5887441818918051,1
Retail banking,Internal fraud,People,Tianjin,2001-01,0,0.07941464824485621,0,0.4249532576909059,0,0.2693415768559134,0
Retail banking,Internal fraud,People,Tianjin,2016-08,0,0.024157726159893603,0,0.42471787607951356,0,0.2692318600597782,0
Retail banking,Internal fraud,People,Tianjin,2018-09,0,0.12099308662043716,0,0.4244462595592471,0,0.3609830332341327,0
Retail banking,Internal fraud,People,"Tianjin,Shanxi",2015-05,0,0.11764770004320017,0,0.395767822273339,0,0.30730824787624555,0
Retail banking,Internal fraud,People,Xinjiang,2014-12,0,0.0695343167601037,0,0.4242719915252644,0,0.31582579696258883,0
Retail banking,Internal fraud,People,Yunnan,2000-01,0,0.07013059693462056,0,0.42498915303131446,0,0.2654824142802114,0
Retail banking,Internal fraud,People,Yunnan,2000-03,0,0.022997913681590026,0,0.42537489155933345,0,0.2677594754186988,0
Retail banking,Internal fraud,People,Yunnan,2002-06,0,0.02799917155705363,0,0.4256454236084096,0,0.3434383388599105,0
Retail banking,Internal fraud,People,Yunnan,2002-08,0,0.027456321280318968,0,0.42341833803082846,0,0.3643060193319061,0
Retail banking,Internal fraud,People,Yunnan,2007-12,0,0.02751551939219929,0,0.4236815427281774,0,0.3882182437745269,0
Retail banking,Internal fraud,People,Zhejiang,2002-01,0,0.08327363073095496,0,0.42237673792356084,0,0.28483161022843567,0
Retail banking,Internal fraud,People,Zhejiang,2002-03,0,0.025419005722173645,0,0.4557763356906872,0,0.38332564161819266,0
Retail banking,Internal fraud,People,Zhejiang,2002-11,1,0.6174167844001169,1,0.4587962192189736,0,0.7792735475511766,1
Retail banking,Internal fraud,People,Zhejiang,2002-12,0,0.3028456273950307,0,0.2660663758619823,0,0.5608395729407671,1
Retail banking,Internal fraud,People,Zhejiang,2004-04,0,0.2681356402982822,0,0.4238849801042802,0,0.5069527973953278,0
Retail banking,Internal fraud,People,Zhejiang,2004-10,0,0.3744792243615795,1,0.46733238287919826,0,0.5887365474881348,1
Retail banking,Internal fraud,People,Zhejiang,2004-12,0,0.07462373900375034,0,0.423112261684018,0,0.5001964293903108,0
Retail banking,Internal fraud,People,Zhejiang,2005-12,0,0.22732761231340262,0,0.4524037981960227,0,0.5384412270807758,1
Retail banking,Internal fraud,People,Zhejiang,2009-10,0,0.08536592181437502,0,0.48048353947556954,0,0.6518413089389521,1
Retail banking,Internal fraud,People,Zhejiang,2010-05,0,0.2349719082773815,0,0.5310371329685246,0,0.5739862839451837,1
Retail banking,Internal fraud,People,Zhejiang,2013-12,1,0.6123529214019399,1,0.47733211656251767,0,0.8154394822420076,1
Retail banking,Internal fraud,People,Zhejiang,2014-01,0,0.3039945040599999,0,0.5006864462472772,0,0.5799853116255737,1
Retail banking,Internal fraud,People,"Zhejiang,Fujian",1998-10,0,0.13369734945832776,0,0.42506620116480615,0,0.3328679766000039,0
Retail banking,Internal fraud,People,"Zhejiang,Guangxi",2011-11,0,0.08415853107967924,0,0.4242262814313771,0,0.3374433933133462,0
Retail banking,Internal fraud,People,"Zhejiang,Jiangxi,Henan,Hubei",2014-07,0,0.08802862783522168,0,0.42020233115848893,0,0.31574581487900083,0
Retail banking,Internal fraud,People,"Zhejiang,Shandong",2014-05,0,0.09898738844282878,0,0.4187154908914829,0,0.31518222011427977,0
Retail banking,Internal fraud,People,"Zhejiang,Sichuan",2012-09,0,0.07305413232212063,0,0.4237530108880871,0,0.31403751324524637,0
Retail banking,Internal fraud,Process,Zhejiang,1997-11,0,0.10729016446116778,0,0.423871729313805,0,0.1681633880891273,0
Retail banking,Internal fraud,Process,Zhejiang,2016-01,0,0.25118025232650787,0,0.43089750943559113,0,0.23670990181068846,0
Retail brokerage,"Clients, products & business practices",Process,Hebei,1989-07,0,0.053458732926725726,0,0.4254230328394722,0,0.033085910458359444,0
Retail brokerage,Internal fraud,People,Tianjin,2005-06,0,0.09025384061149613,0,0.4240621367680518,0,0.2938875798776654,0
Trading & sales,Business disruption and system failures,Process,"Shanghai,Hongkong",2017-04,0,0.0314055545157568,0,0.42431166090276956,0,0.07292117769617347,0
Trading & sales,"Clients, products & business practices",External event,"Inner mongolia,Fujian,Jiangxi,Inner mongolia",2013-08,0,0.029269000484005703,0,0.4214498806422343,0,0.059874582337731796,0
Trading & sales,"Clients, products & business practices",External event,Shanghai,2011-09,0,0.043176587062668255,0,0.42460040153327155,0,0.10484895947308959,0
Trading & sales,"Clients, products & business practices",External event,"Tianjin,Shanghai,Zhejiang,Hongkong",2016-04,0,0.030307430265962457,0,0.39437033966842666,0,0.057779769024789165,0
Trading & sales,"Clients, products & business practices",External event,Zhejiang,2012-11,0,0.03290620137315626,0,0.4221465963554854,0,0.05401898937737998,0
Trading & sales,"Clients, products & business practices",People,Anhui,2017-08,0,0.01472265428027906,0,0.4243729765956268,0,0.03458730739729928,0
Trading & sales,"Clients, products & business practices",People,Beijing,2012-10,0,0.028473174271218423,0,0.424514274273137,0,0.04445617875652539,0
Trading & sales,"Clients, products & business practices",People,Beijing,2013-09,0,0.04526835456749539,0,0.4240380165296158,0,0.06380006494703767,0
Trading & sales,"Clients, products & business practices",People,Beijing,2016-06,0,0.024808403095587798,0,0.4400113753512321,0,0.11333040009401908,0
Trading & sales,"Clients, products & business practices",People,Beijing,2017-08,0,0.023424538432409825,0,0.4364526235821533,0,0.13735337171070758,0
Trading & sales,"Clients, products & business practices",People,"Beijing,Anhui",2018-04,0,0.009063056032722096,0,0.42434851084161423,0,0.04295817179877698,0
Trading & sales,"Clients, products & business practices",People,"Beijing,Hubei",2017-11,0,0.0203092697536694,0,0.4243821184686331,0,0.035444287912814156,0
Trading & sales,"Clients, products & business practices",People,"Beijing,Jilin",2019-04,0,0.030726801843380086,0,0.42425717035987665,0,0.04487802408440687,0
Trading & sales,"Clients, products & business practices",People,"Beijing,Zhejiang",2019-02,0,0.01636166646433028,0,0.42431001605952456,0,0.04276538515031209,0
Trading & sales,"Clients, products & business practices",People,Guangxi,2016-06,0,0.01175311451225426,0,0.4244220066587395,0,0.03850834804055583,0
Trading & sales,"Clients, products & business practices",People,Heilongjiang,2010-04,0,0.0317193009198181,0,0.424652179231988,0,0.03484332143311832,0
Trading & sales,"Clients, products & business practices",People,Jiangxi,2017-09,0,0.020978483721581048,0,0.42124601974908626,0,0.03173678985741052,0
Trading & sales,"Clients, products & business practices",People,Jilin,2017-07,0,0.04692586860022542,0,0.424339272451361,0,0.07948821002591963,0
Trading & sales,"Clients, products & business practices",People,Jilin,2017-08,0,0.006737044854674102,0,0.4250120041912203,0,0.0666434609712239,0
Trading & sales,"Clients, products & business practices",People,Shanghai,2018-10,0,0.03843882255383126,0,0.42434193401053727,0,0.07145986778656542,0
Trading & sales,"Clients, products & business practices",People,Shanghai,2019-06,0,0.008947496832015612,0,0.4244522714485153,0,0.059873824311242954,0
Trading & sales,"Clients, products & business practices",People,"Shanghai,Chongqing",2015-06,0,0.06204260518500991,0,0.39387740490103557,0,0.05764575861319032,0
Trading & sales,"Clients, products & business practices",People,"Tianjin,Heilongjiang,Sichuan,Hongkong",2019-03,0,0.02539976653247596,0,0.42406381396652193,0,0.0481094181516376,0
Trading & sales,"Clients, products & business practices",Process,Beijing,2011-01,0,0.013565573908818343,0,0.4245068925129835,0,0.06725742388855128,0
Trading & sales,"Clients, products & business practices",Process,Beijing,2015-05,0,0.0029637729652731803,0,0.4257440266814648,0,0.07911990630678947,0
Trading & sales,"Clients, products & business practices",Process,Beijing,2015-06,0,0.06198812916869445,0,0.425926565320459,0,0.08965636830827832,0
Trading & sales,"Clients, products & business practices",Process,Beijing,2015-12,0,0.056925432926048174,0,0.4175112660808133,0,0.08820403132507999,0
Trading & sales,"Clients, products & business practices",Process,Beijing,2017-12,0,0.09967131006138227,0,9.222188959144658e-06,0,0.0852893894621023,0
Trading & sales,"Clients, products & business practices",Process,Beijing,2018-07,0,0.2800120991550148,0,0.662513701424486,0,0.16313944512596498,0
Trading & sales,"Clients, products & business practices",Process,Beijing,2019-03,0,0.06392401597211464,0,0.6904862547687156,0,0.1734493542866719,0
Trading & sales,"Clients, products & business practices",Process,"Beijing,Anhui",2018-04,0,0.021266880158319793,0,0.42435327865849837,0,0.03293776782519225,0
Trading & sales,"Clients, products & business practices",Process,"Beijing,Anhui",2018-06,0,0.011323301961490822,0,0.42439006462339085,0,0.045494528456933164,0
Trading & sales,"Clients, products & business practices",Process,"Beijing,Chongqing",2017-11,0,0.022747261128614627,0,0.4236376005149296,0,0.022031215655453948,0
Trading & sales,"Clients, products & business practices",Process,"Beijing,Chongqing",2019-04,0,0.011375117357420365,0,0.4332992163957584,0,0.10545782749654638,0
Trading & sales,"Clients, products & business practices",Process,"Beijing,Hebei",2017-12,0,0.014720790206766298,0,0.4243683689095245,0,0.018210474960465454,0
Trading & sales,"Clients, products & business practices",Process,"Beijing,Heilongjiang",2018-07,0,0.012243726824391404,0,0.41899934639111974,0,0.02631157612022159,0
Trading & sales,"Clients, products & business practices",Process,"Beijing,Shanghai",2018-03,0,0.055051345514018545,0,0.4243369384327836,0,0.16084632523833706,0
Trading & sales,"Clients, products & business practices",Process,"Beijing,Tianjin,Shanghai,Hunan",2016-03,0,0.01140848710701434,0,0.42436021755547576,0,0.0355614591173035,0
Trading & sales,"Clients, products & business practices",Process,Guangdong,2018-01,0,0.015996386044805286,0,0.42420171326785594,0,0.05797013550023095,0
Trading & sales,"Clients, products & business practices",Process,Henan,2018-06,0,0.010044896384943623,0,0.4243364392780342,0,0.03384521563749416,0
Trading & sales,"Clients, products & business practices",Process,Henan,2018-07,0,0.013242426604487394,0,0.4244888392649573,0,0.042175087983725115,0
Trading & sales,"Clients, products & business practices",Process,"Inner mongolia,Inner mongolia",2018-08,0,0.004519333797119088,0,0.4243469616415827,0,0.020656705402313645,0
Trading & sales,"Clients, products & business practices",Process,Jiangsu,2017-05,0,0.014443489780438802,0,0.42431531548247203,0,0.036080721345025324,0
Trading & sales,"Clients, products & business practices",Process,Qinghai,2019-08,0,0.004519333797119088,0,0.42430695824540215,0,0.022299733338503748,0
Trading & sales,"Clients, products & business practices",Process,Shandong,2015-07,0,0.014877528984911119,0,0.4241825561562167,0,0.036662442772556744,0
Trading & sales,"Clients, products & business practices",Process,Shandong,2019-06,0,0.0036703781880074358,0,0.4276783966700813,0,0.04968495842222025,0
Trading & sales,"Clients, products & business practices",Process,Shanghai,2017-12,0,0.021452283173158594,0,0.4243722629090678,0,0.050630570382834444,0
Trading & sales,"Clients, products & business practices",Process,Shanghai,2019-04,0,0.022445300933895473,0,0.4245473651624613,0,0.06639961913970127,0
Trading & sales,"Clients, products & business practices",Process,"Shanghai,Anhui",2017-08,0,0.008971738838503635,0,0.4243768648258989,0,0.022676937110541473,0
Trading & sales,"Clients, products & business practices",Process,Shanxi,2018-01,0,0.01359103632215725,0,0.42434903946506725,0,0.04306765200960942,0
Trading & sales,"Clients, products & business practices",Process,Shanxi,2018-06,0,0.0062344807521099955,0,0.4244365162811673,0,0.05316325177222258,0
Trading & sales,"Clients, products & business practices",Process,Sichuan,2012-10,0,0.02651545349291047,0,0.4241122404439414,0,0.034800200370964054,0
Trading & sales,"Clients, products & business practices",Process,Zhejiang,2017-12,0,0.020693682723213,0,0.42435089404666654,0,0.03547308707266058,0
Trading & sales,"Execution, delivery & process management",People,Beijing,2019-05,0,0.07578078574447984,0,0.42428027897459575,0,0.09207597325266116,0
Trading & sales,"Execution, delivery & process management",Process,"Beijing,Shanghai",2018-01,0,0.07147796320036708,0,0.4243373107992231,0,0.25838517674049705,0
Trading & sales,"Execution, delivery & process management",Process,"Beijing,Tianjin",2018-02,0,0.01518926413250726,0,0.4243371456257006,0,0.08459060077298046,0
Trading & sales,"Execution, delivery & process management",Process,Fujian,2019-09,0,0.014544458291740293,0,0.42431674511140144,0,0.054451541219969986,0
Trading & sales,"Execution, delivery & process management",Process,Henan,2005-01,0,0.020295263430875284,0,0.42472371798056624,0,0.09809976438142279,0
Trading & sales,"Execution, delivery & process management",Process,Shandong,2019-05,0,0.010891741246004867,0,0.4243114318221515,0,0.08905706147043971,0
Trading & sales,"Execution, delivery & process management",Process,"Shandong,Yunnan",2019-07,0,0.013107731315548432,0,0.42429931573840624,0,0.06138094729094751,0
Trading & sales,"Execution, delivery & process management",Process,Shanghai,2017-05,0,0.026312666591912278,0,0.42437351323891387,0,0.12212382824289357,0
Trading & sales,External fraud,External event,"Beijing,Hebei,Shanxi,Heilongjiang,Shanghai",2014-02,0,0.09133373184916621,0,0.322095551018669,0,0.18392442420100671,0
Trading & sales,External fraud,External event,"Inner mongolia,Sichuan,Inner mongolia",2011-09,0,0.07747231744489165,0,0.40922914449846765,0,0.17146122862254493,0
Trading & sales,External fraud,External event,Shanghai,2008-02,0,0.14360773403175994,0,0.4247039749871286,0,0.3483011916395637,0
Trading & sales,External fraud,People,Shanghai,2019-03,0,0.05079467302968222,0,0.42288923174104165,0,0.18736485619876841,0
Trading & sales,Internal fraud,People,Beijing,2017-11,0,0.17928552789720442,0,0.42332865101521594,0,0.1859297145373552,0
Trading & sales,Internal fraud,People,Beijing,2019-09,0,0.11084064552315558,0,0.43696704730838665,0,0.2260958372895023,0
Trading & sales,Internal fraud,People,"Beijing,Liaoning",2014-04,0,0.042991266829841036,0,0.4243681778217354,0,0.19147792889259135,0
Trading & sales,Internal fraud,People,"Beijing,Shaanxi",2009-09,0,0.04715368480135963,0,0.4246169109159752,0,0.18656397937196761,0
Trading & sales,Internal fraud,People,"Beijing,Shanghai,Henan",2018-06,0,0.03095406047465017,0,0.4243364742098363,0,0.18091300978335192,0
Trading & sales,Internal fraud,People,"Beijing,Shanxi",2013-02,0,0.08484239382351864,0,0.42338896656246333,0,0.22497089563311548,0
Trading & sales,Internal fraud,People,Gansu,2000-02,0,0.06218701245641899,0,0.42471281432042995,0,0.20416492540020148,0
Trading & sales,Internal fraud,People,Hainan,2015-06,0,0.07877545936172395,0,0.42365472666599485,0,0.3075545503123709,0
Trading & sales,Internal fraud,People,Hebei,2016-11,0,0.0628509546866475,0,0.4237248076781588,0,0.22161140985083083,0
Trading & sales,Internal fraud,People,Hubei,2000-06,0,0.059322748124509134,0,0.4243069088976961,0,0.18685802633724247,0
Trading & sales,Internal fraud,People,Hunan,2013-05,0,0.0739952040656224,0,0.4226082115035858,0,0.21451636999268195,0
Trading & sales,Internal fraud,People,Jiangsu,2013-09,0,0.04603218896735882,0,0.4240987411371074,0,0.21367109917288127,0
Trading & sales,Internal fraud,People,Liaoning,1999-08,0,0.0692749141132555,0,0.4244737183034844,0,0.18780210758136665,0
Trading & sales,Internal fraud,People,Liaoning,2011-01,0,0.144380262704984,0,0.4277345184083359,0,0.29034006337068735,0
Trading & sales,Internal fraud,People,Liaoning,2016-07,0,0.10870462806830328,0,0.47798820418691346,0,0.34350133383577663,0
Trading & sales,Internal fraud,People,"Shanghai,Jiangxi,Guangdong",2013-06,0,0.08181397313703967,0,0.4185545245234363,0,0.22974936425714693,0
Trading & sales,Internal fraud,People,"Shanghai,Shandong",2008-06,0,0.10471128179805532,0,1.5080254152022726e-20,0,0.21338388332632305,0
Trading & sales,Internal fraud,People,Shanxi,2005-09,0,0.049873157504405956,0,0.42460981150091165,0,0.19307892256367307,0
Trading & sales,Internal fraud,People,Sichuan,2019-01,0,0.04760716806755331,0,0.4243043759783379,0,0.20218253826196972,0
